{
  "numeric_cols": [
    "slew",
    "cap",
    "voltage",
    "temp",
    "wp_over_wn",
    "wp_sum",
    "wn_sum",
    "is_inv",
    "stack_pu",
    "stack_pd",
    "log_slew",
    "log_cap",
    "req_p",
    "req_n",
    "rc_p",
    "rc_n",
    "rc_eff",
    "req_eff",
    "inv_v",
    "inv_temp",
    "pn_balance",
    "pol_bit",
    "cell_type_INVX1",
    "cell_type_INVX2",
    "cell_type_NANDX1",
    "cell_type_NORX1",
    "cell_type_XORX1"
  ],
  "x_mean": [
    68.49910736083984,
    0.019215410575270653,
    1.0711379051208496,
    25.0,
    1.5097417831420898,
    1.2580741213241708e-06,
    8.312543400279537e-07,
    0.15972864627838135,
    1.0,
    1.0,
    3.40151047706604,
    0.017132850363850594,
    1342492.75,
    1836373.5,
    40845.34375,
    52246.8203125,
    46585.9921875,
    1572018.125,
    0.9465742111206055,
    0.03999999165534973,
    0.19709482789039612,
    0.5069380402565002,
    0.12735122442245483,
    0.03237742930650711,
    0.2929386496543884,
    0.4264569878578186,
    0.12087573111057281
  ],
  "x_std": [
    72.28194427490234,
    0.07556690275669098,
    0.10351399332284927,
    9.999999717180685e-10,
    0.1842993199825287,
    5.72446595015208e-07,
    3.7527243534896115e-07,
    0.3664107024669647,
    9.999999717180685e-10,
    9.999999717180685e-10,
    1.5335217714309692,
    0.05642032250761986,
    2168263.75,
    2311268.0,
    351337.0625,
    374824.75,
    363343.4375,
    2217123.75,
    0.13443374633789062,
    9.999999717180685e-10,
    0.08451970666646957,
    0.5000289678573608,
    0.3334173858165741,
    0.1770276576280594,
    0.45518070459365845,
    0.4946381151676178,
    0.3260330855846405
  ],
  "y_mean": 66.25761413574219,
  "y_std": 58.44779968261719
}