tech,cell_type,cell_name,from_pin,to_pin,pol,slew,cap,voltage,temp,delay,wp_over_wn,wp_sum,wn_sum,is_inv,stack_pu,stack_pd,log_slew,log_cap,req_p,req_n,rc_p,rc_n,rc_eff,req_eff,inv_v,inv_temp,pn_balance,is_labeled,delay_pred_hgat
Nangate45,NANDX1,NAND3_X1,A3,ZN,fall,17.1859,0.0018239,1.1,25.0,22.6522,1.5180722891566267,1.26e-06,8.299999999999999e-07,0,1,1,2.900646568553312,0.0018222387141011,793650.7936507936,1204819.277108434,1447.5396825396824,2197.4698795180725,2197.4698795180725,1204819.277108434,0.9090909090909092,0.04,0.2057416267942584,1,14.375713
Nangate45,NANDX1,NAND3_X1,A2,ZN,fall,198.535,0.0291825,1.1,25.0,161.842,1.5180722891566267,1.26e-06,8.299999999999999e-07,0,1,1,5.295989659538859,0.0287647977830285,793650.7936507936,1204819.277108434,23160.714285714286,35159.63855421687,35159.63855421687,1204819.277108434,0.9090909090909092,0.04,0.2057416267942584,1,157.62965
Nangate45,NORX1,XNOR2_X1,A,ZN,fall,17.1859,0.00162601,1.1,25.0,16.348000000000003,1.5180722891566267,1.26e-06,8.299999999999999e-07,0,1,1,2.900646568553312,0.0016246894770018,793650.7936507936,1204819.277108434,1290.484126984127,1959.0481927710848,1959.0481927710848,1204819.277108434,0.9090909090909092,0.04,0.2057416267942584,1,12.147023
Nangate45,NORX1,XNOR2_X1,B,ZN,fall,17.1859,0.00650405,1.1,25.0,29.434,1.5180722891566267,1.26e-06,8.299999999999999e-07,0,1,1,2.900646568553312,0.0064829899346209,793650.7936507936,1204819.277108434,5161.944444444445,7836.204819277111,7836.204819277111,1204819.277108434,0.9090909090909092,0.04,0.2057416267942584,1,20.411781
Nangate45,NANDX1,NAND4_X1,A2,ZN,fall,17.1859,0.00699997,1.1,25.0,50.4403,1.5180722891566267,1.26e-06,8.299999999999999e-07,0,1,1,2.900646568553312,0.006975583944965,793650.7936507936,1204819.277108434,5555.531746031746,8433.698795180724,8433.698795180724,1204819.277108434,0.9090909090909092,0.04,0.2057416267942584,1,25.166142
Nangate45,XORX1,XOR2_X1,B,Z,rise,198.535,0.0015831,1.1,25.0,92.891,1.5135135135135138,2.52e-06,1.6649999999999995e-06,0,1,1,5.295989659538859,0.0015818482181514,396825.3968253968,600600.6006006007,628.2142857142857,950.8108108108112,628.2142857142857,396825.3968253968,0.9090909090909092,0.04,0.2043010752688172,1,84.365845
Nangate45,NANDX1,NAND2_X1,A1,ZN,rise,1.1737799999999998,0.0018549,1.1,25.0,11.2099,1.5180722891566267,1.26e-06,8.299999999999999e-07,0,1,1,0.7764675876261998,0.0018531817973962,793650.7936507936,1204819.277108434,1472.142857142857,2234.819277108434,1472.142857142857,793650.7936507936,0.9090909090909092,0.04,0.2057416267942584,1,27.834938
Nangate45,NANDX1,NAND2_X1,A2,ZN,rise,198.535,0.0296783,1.1,25.0,178.209,1.5180722891566267,1.26e-06,8.299999999999999e-07,0,1,1,5.295989659538859,0.0292464233592539,793650.7936507936,1204819.277108434,23554.20634920635,35756.987951807234,23554.20634920635,793650.7936507936,0.9090909090909092,0.04,0.2057416267942584,1,218.26404
Nangate45,XORX1,XOR2_X1,B,Z,rise,17.1859,0.0015831,1.1,25.0,46.43,1.5135135135135138,2.52e-06,1.6649999999999995e-06,0,1,1,2.900646568553312,0.0015818482181514,396825.3968253968,600600.6006006007,628.2142857142857,950.8108108108112,628.2142857142857,396825.3968253968,0.9090909090909092,0.04,0.2043010752688172,1,42.567238
Nangate45,NORX1,XNOR2_X1,B,ZN,fall,1.1737799999999998,0.00650405,1.1,25.0,23.11,1.5180722891566267,1.26e-06,8.299999999999999e-07,0,1,1,0.7764675876261998,0.0064829899346209,793650.7936507936,1204819.277108434,5161.944444444445,7836.204819277111,7836.204819277111,1204819.277108434,0.9090909090909092,0.04,0.2057416267942584,1,22.834328
Nangate45,INVX2,INV_X2,A,ZN,rise,198.535,0.12146,1.1,25.0,256.197,1.5180722891566267,1.26e-06,8.299999999999999e-07,1,1,1,5.295989659538859,0.1146314078240044,793650.7936507936,1204819.277108434,96396.82539682538,146337.34939759038,96396.82539682538,793650.7936507936,0.9090909090909092,0.04,0.2057416267942584,1,158.582
Nangate45,INVX1,INV_X1,A,ZN,rise,198.535,0.00379562,1.1,25.0,66.4252,1.5180722891566267,6.3e-07,4.1500000000000005e-07,1,1,1,5.295989659538859,0.0037884348101687,1587301.5873015872,2409638.554216868,6024.79365079365,9146.072289156627,6024.79365079365,1587301.5873015872,0.9090909090909092,0.04,0.2057416267942584,1,77.18992
Nangate45,INVX1,INV_X1,A,ZN,fall,17.1859,0.000365616,1.1,25.0,5.65781,1.5180722891566267,6.3e-07,4.1500000000000005e-07,1,1,1,2.900646568553312,0.000365549178757,1587301.5873015872,2409638.554216868,580.3428571428572,881.0024096385544,881.0024096385544,2409638.554216868,0.9090909090909092,0.04,0.2057416267942584,1,10.550513
Nangate45,XORX1,XOR2_X1,A,Z,rise,1.1737799999999998,0.0015831,1.1,25.0,23.155,1.5135135135135138,2.52e-06,1.6649999999999995e-06,0,1,1,0.7764675876261998,0.0015818482181514,396825.3968253968,600600.6006006007,628.2142857142857,950.8108108108112,628.2142857142857,396825.3968253968,0.9090909090909092,0.04,0.2043010752688172,1,35.030952
Nangate45,NORX1,NOR4_X1,A4,ZN,fall,40.9838,0.0104713,1.1,25.0,36.2976,1.5180722891566267,1.26e-06,8.299999999999999e-07,0,1,1,3.737283829590765,0.010416855676904,793650.7936507936,1204819.277108434,8310.555555555555,12616.024096385545,12616.024096385545,1204819.277108434,0.9090909090909092,0.04,0.2057416267942584,1,37.97646
Nangate45,NORX1,NOR4_X1,A1,ZN,fall,40.9838,0.00598648,1.1,25.0,24.3867,1.5180722891566267,1.26e-06,8.299999999999999e-07,0,1,1,3.737283829590765,0.0059686322234213,793650.7936507936,1204819.277108434,4751.174603174603,7212.626506024098,7212.626506024098,1204819.277108434,0.9090909090909092,0.04,0.2057416267942584,1,23.319244
Nangate45,INVX1,INV_X16,A,ZN,rise,1.1737799999999998,0.24231,1.1,25.0,42.2944,1.5180722891566267,6.3e-07,4.1500000000000005e-07,1,1,1,0.7764675876261998,0.2169725497905428,1587301.5873015872,2409638.554216868,384619.0476190476,583879.5180722892,384619.0476190476,1587301.5873015872,0.9090909090909092,0.04,0.2057416267942584,1,30.851913
Nangate45,INVX2,INV_X2,A,ZN,fall,130.081,0.06073,1.1,25.0,84.5972,1.5180722891566267,1.26e-06,8.299999999999999e-07,1,1,1,4.875815452730412,0.0589573503385265,793650.7936507936,1204819.277108434,48198.41269841269,73168.67469879519,73168.67469879519,1204819.277108434,0.9090909090909092,0.04,0.2057416267942584,1,75.77441
Nangate45,XORX1,XOR2_X1,B,Z,fall,198.535,0.0015831,1.1,25.0,17.267,1.5135135135135138,2.52e-06,1.6649999999999995e-06,0,1,1,5.295989659538859,0.0015818482181514,396825.3968253968,600600.6006006007,628.2142857142857,950.8108108108112,950.8108108108112,600600.6006006007,0.9090909090909092,0.04,0.2043010752688172,1,50.142906
Nangate45,NANDX1,NAND3_X1,A3,ZN,fall,78.0596,0.00364781,1.1,25.0,35.8781,1.5180722891566267,1.26e-06,8.299999999999999e-07,0,1,1,4.370201998407221,0.0036411728768477,793650.7936507936,1204819.277108434,2895.0873015873017,4394.951807228917,4394.951807228917,1204819.277108434,0.9090909090909092,0.04,0.2057416267942584,1,30.250635
Nangate45,INVX1,INV_X16,A,ZN,rise,1.1737799999999998,0.000365616,1.1,25.0,5.0166200000000005,1.5180722891566267,6.3e-07,4.1500000000000005e-07,1,1,1,0.7764675876261998,0.000365549178757,1587301.5873015872,2409638.554216868,580.3428571428572,881.0024096385544,580.3428571428572,1587301.5873015872,0.9090909090909092,0.04,0.2057416267942584,1,9.290436
Nangate45,NANDX1,NAND4_X1,A1,ZN,fall,130.081,0.0279999,1.1,25.0,169.747,1.5180722891566267,1.26e-06,8.299999999999999e-07,0,1,1,4.875815452730412,0.027615069756704,793650.7936507936,1204819.277108434,22222.14285714286,33734.81927710844,33734.81927710844,1204819.277108434,0.9090909090909092,0.04,0.2057416267942584,1,122.57721
Nangate45,NORX1,NOR4_X1,A4,ZN,rise,4.72397,0.00598648,1.1,25.0,123.229,1.5180722891566267,1.26e-06,8.299999999999999e-07,0,1,1,1.7446626205903233,0.0059686322234213,793650.7936507936,1204819.277108434,4751.174603174603,7212.626506024098,4751.174603174603,793650.7936507936,0.9090909090909092,0.04,0.2057416267942584,1,55.439472
Nangate45,INVX2,INV_X2,A,ZN,fall,78.0596,0.00379562,1.1,25.0,10.1003,1.5180722891566267,1.26e-06,8.299999999999999e-07,1,1,1,4.370201998407221,0.0037884348101687,793650.7936507936,1204819.277108434,3012.396825396825,4573.036144578314,4573.036144578314,1204819.277108434,0.9090909090909092,0.04,0.2057416267942584,1,12.236539
Nangate45,NANDX1,NAND3_X1,A1,ZN,fall,78.0596,0.0583649,1.1,25.0,210.827,1.5180722891566267,1.26e-06,8.299999999999999e-07,0,1,1,4.370201998407221,0.0567251700033895,793650.7936507936,1204819.277108434,46321.3492063492,70319.15662650602,70319.15662650602,1204819.277108434,0.9090909090909092,0.04,0.2057416267942584,1,181.48753
Nangate45,NORX1,NOR4_X1,A3,ZN,rise,1.1737799999999998,0.000365616,1.1,25.0,58.0145,1.5180722891566267,1.26e-06,8.299999999999999e-07,0,1,1,0.7764675876261998,0.000365549178757,793650.7936507936,1204819.277108434,290.1714285714286,440.5012048192772,290.1714285714286,793650.7936507936,0.9090909090909092,0.04,0.2057416267942584,1,24.731148
Nangate45,NORX1,NOR4_X1,A2,ZN,rise,1.1737799999999998,0.00342249,1.1,25.0,81.4026,1.5180722891566267,1.26e-06,8.299999999999999e-07,0,1,1,0.7764675876261998,0.0034166466099336,793650.7936507936,1204819.277108434,2716.2619047619046,4123.481927710844,2716.2619047619046,793650.7936507936,0.9090909090909092,0.04,0.2057416267942584,1,45.331913
Nangate45,INVX1,INV_X1,A,ZN,fall,1.1737799999999998,0.00759125,1.1,25.0,12.2592,1.5180722891566267,6.3e-07,4.1500000000000005e-07,1,1,1,0.7764675876261998,0.0075625814570239,1587301.5873015872,2409638.554216868,12049.603174603171,18292.1686746988,18292.1686746988,2409638.554216868,0.9090909090909092,0.04,0.2057416267942584,1,23.737045
Nangate45,NORX1,NOR4_X1,A2,ZN,rise,130.081,0.00111862,1.1,25.0,98.4702,1.5180722891566267,1.26e-06,8.299999999999999e-07,0,1,1,4.875815452730412,0.001117994810837,793650.7936507936,1204819.277108434,887.7936507936508,1347.7349397590365,887.7936507936508,793650.7936507936,0.9090909090909092,0.04,0.2057416267942584,1,85.290665
Nangate45,XORX1,XOR2_X1,B,Z,fall,130.081,0.0015831,1.1,25.0,94.116,1.5135135135135138,2.52e-06,1.6649999999999995e-06,0,1,1,4.875815452730412,0.0015818482181514,396825.3968253968,600600.6006006007,628.2142857142857,950.8108108108112,950.8108108108112,600600.6006006007,0.9090909090909092,0.04,0.2043010752688172,1,50.13829
Nangate45,NORX1,XNOR2_X1,B,ZN,rise,4.72397,0.00325202,1.1,25.0,38.173,1.5180722891566267,1.26e-06,8.299999999999999e-07,0,1,1,1.7446626205903233,0.0032467436191291,793650.7936507936,1204819.277108434,2580.968253968254,3918.096385542169,2580.968253968254,793650.7936507936,0.9090909090909092,0.04,0.2057416267942584,1,42.891594
Nangate45,INVX1,INV_X16,A,ZN,rise,1.1737799999999998,0.0605773999999999,1.1,25.0,14.6449,1.5180722891566267,6.3e-07,4.1500000000000005e-07,1,1,1,0.7764675876261998,0.0588134768006666,1587301.5873015872,2409638.554216868,96154.60317460317,145969.6385542169,96154.60317460317,1587301.5873015872,0.9090909090909092,0.04,0.2057416267942584,1,131.29477
Nangate45,NANDX1,NAND2_X1,A1,ZN,rise,4.72397,0.00741959,1.1,25.0,26.3569,1.5180722891566267,1.26e-06,8.299999999999999e-07,0,1,1,1.7446626205903233,0.0073922002392085,793650.7936507936,1204819.277108434,5888.563492063492,8939.265060240965,5888.563492063492,793650.7936507936,0.9090909090909092,0.04,0.2057416267942584,1,43.586678
Nangate45,XORX1,XOR2_X1,A,Z,rise,40.9838,0.0126648,1.1,25.0,95.933,1.5135135135135138,2.52e-06,1.6649999999999995e-06,0,1,1,3.737283829590765,0.0125852721858001,396825.3968253968,600600.6006006007,5025.714285714285,7606.486486486488,5025.714285714285,396825.3968253968,0.9090909090909092,0.04,0.2043010752688172,1,92.83876
Nangate45,INVX1,TINV_X1,EN,ZN,fall,198.535,0.001164659229,1.1,25.0,55.6,1.5180722891566267,6.3e-07,4.1500000000000005e-07,1,1,1,5.295989659538859,0.0011639815395739,1587301.5873015872,2409638.554216868,1848.6654428571424,2806.407780722892,2806.407780722892,2409638.554216868,0.9090909090909092,0.04,0.2057416267942584,1,22.462885
Nangate45,NORX1,XNOR2_X1,A,ZN,fall,1.1737799999999998,0.000365616,1.1,25.0,30.682,1.5180722891566267,1.26e-06,8.299999999999999e-07,0,1,1,0.7764675876261998,0.000365549178757,793650.7936507936,1204819.277108434,290.1714285714286,440.5012048192772,440.5012048192772,1204819.277108434,0.9090909090909092,0.04,0.2057416267942584,1,10.347365
Nangate45,NANDX1,NAND4_X1,A4,ZN,fall,130.081,0.0279999,1.1,25.0,148.262,1.5180722891566267,1.26e-06,8.299999999999999e-07,0,1,1,4.875815452730412,0.027615069756704,793650.7936507936,1204819.277108434,22222.14285714286,33734.81927710844,33734.81927710844,1204819.277108434,0.9090909090909092,0.04,0.2057416267942584,1,122.57721
Nangate45,NORX1,XNOR2_X1,B,ZN,fall,4.72397,0.000813006,1.1,25.0,12.016,1.5180722891566267,1.26e-06,8.299999999999999e-07,0,1,1,1.7446626205903233,0.0008126756896393,793650.7936507936,1204819.277108434,645.2428571428571,979.5253012048196,979.5253012048196,1204819.277108434,0.9090909090909092,0.04,0.2057416267942584,1,9.586444
Nangate45,NANDX1,NAND4_X1,A4,ZN,rise,130.081,0.0559998,1.1,25.0,217.279,1.5180722891566267,1.26e-06,8.299999999999999e-07,0,1,1,4.875815452730412,0.0544879958901124,793650.7936507936,1204819.277108434,44444.28571428572,67469.63855421687,44444.28571428572,793650.7936507936,0.9090909090909092,0.04,0.2057416267942584,1,213.91931
Nangate45,XORX1,XOR2_X1,A,Z,fall,1.1737799999999998,0.0015831,1.1,25.0,10.401,1.5135135135135138,2.52e-06,1.6649999999999995e-06,0,1,1,0.7764675876261998,0.0015818482181514,396825.3968253968,600600.6006006007,628.2142857142857,950.8108108108112,950.8108108108112,600600.6006006007,0.9090909090909092,0.04,0.2043010752688172,1,23.433952
Nangate45,XORX1,XOR2_X1,B,Z,rise,1.1737799999999998,0.0031662,1.1,25.0,35.933,1.5135135135135138,2.52e-06,1.6649999999999995e-06,0,1,1,0.7764675876261998,0.0031611981439168,396825.3968253968,600600.6006006007,1256.428571428571,1901.621621621622,1256.428571428571,396825.3968253968,0.9090909090909092,0.04,0.2043010752688172,1,45.686306
Nangate45,INVX1,TINV_X1,I,ZN,rise,4.72397,0.001164659229,1.1,25.0,22.1595,1.5180722891566267,6.3e-07,4.1500000000000005e-07,1,1,1,1.7446626205903233,0.0011639815395739,1587301.5873015872,2409638.554216868,1848.6654428571424,2806.407780722892,1848.6654428571424,1587301.5873015872,0.9090909090909092,0.04,0.2057416267942584,1,9.879894
Nangate45,NORX1,NOR4_X1,A1,ZN,rise,1.1737799999999998,0.00598648,1.1,25.0,91.3738,1.5180722891566267,1.26e-06,8.299999999999999e-07,0,1,1,0.7764675876261998,0.0059686322234213,793650.7936507936,1204819.277108434,4751.174603174603,7212.626506024098,4751.174603174603,793650.7936507936,0.9090909090909092,0.04,0.2057416267942584,1,51.643665
Nangate45,NORX1,NOR4_X1,A1,ZN,rise,4.72397,0.00342249,1.1,25.0,63.54750000000001,1.5180722891566267,1.26e-06,8.299999999999999e-07,0,1,1,1.7446626205903233,0.0034166466099336,793650.7936507936,1204819.277108434,2716.2619047619046,4123.481927710844,2716.2619047619046,793650.7936507936,0.9090909090909092,0.04,0.2057416267942584,1,42.82907
Nangate45,NORX1,NOR2_X1,A1,ZN,fall,40.9838,0.00166893,1.1,25.0,11.2466,1.5180722891566267,1.26e-06,8.299999999999999e-07,0,1,1,3.737283829590765,0.001667538883896,793650.7936507936,1204819.277108434,1324.547619047619,2010.7590361445789,2010.7590361445789,1204819.277108434,0.9090909090909092,0.04,0.2057416267942584,1,16.484907
Nangate45,NANDX1,NAND4_X1,A3,ZN,fall,1.1737799999999998,0.0139999,1.1,25.0,74.36479999999999,1.5180722891566267,1.26e-06,8.299999999999999e-07,0,1,1,0.7764675876261998,0.0139028065496571,793650.7936507936,1204819.277108434,11111.031746031746,16867.349397590366,16867.349397590366,1204819.277108434,0.9090909090909092,0.04,0.2057416267942584,1,48.33852
Nangate45,NORX1,NOR4_X1,A1,ZN,rise,40.9838,0.00598648,1.1,25.0,104.879,1.5180722891566267,1.26e-06,8.299999999999999e-07,0,1,1,3.737283829590765,0.0059686322234213,793650.7936507936,1204819.277108434,4751.174603174603,7212.626506024098,4751.174603174603,793650.7936507936,0.9090909090909092,0.04,0.2057416267942584,1,77.48435
Nangate45,NORX1,NOR3_X1,A1,ZN,rise,4.72397,0.00242029,1.1,25.0,37.7185,1.5180722891566267,1.26e-06,8.299999999999999e-07,0,1,1,1.7446626205903233,0.0024173658154572,793650.7936507936,1204819.277108434,1920.8650793650795,2916.012048192772,1920.8650793650795,793650.7936507936,0.9090909090909092,0.04,0.2057416267942584,1,48.94162
Nangate45,NANDX1,NAND4_X1,A1,ZN,rise,17.1859,0.0559998,1.1,25.0,152.116,1.5180722891566267,1.26e-06,8.299999999999999e-07,0,1,1,2.900646568553312,0.0544879958901124,793650.7936507936,1204819.277108434,44444.28571428572,67469.63855421687,44444.28571428572,793650.7936507936,0.9090909090909092,0.04,0.2057416267942584,1,174.90123
Nangate45,NANDX1,NAND2_X1,A1,ZN,rise,40.9838,0.0296783,1.1,25.0,98.154,1.5180722891566267,1.26e-06,8.299999999999999e-07,0,1,1,3.737283829590765,0.0292464233592539,793650.7936507936,1204819.277108434,23554.20634920635,35756.987951807234,23554.20634920635,793650.7936507936,0.9090909090909092,0.04,0.2057416267942584,1,159.33401
Nangate45,NORX1,NOR4_X1,A3,ZN,rise,78.0596,0.00342249,1.1,25.0,113.956,1.5180722891566267,1.26e-06,8.299999999999999e-07,0,1,1,4.370201998407221,0.0034166466099336,793650.7936507936,1204819.277108434,2716.2619047619046,4123.481927710844,2716.2619047619046,793650.7936507936,0.9090909090909092,0.04,0.2057416267942584,1,72.87159
Nangate45,INVX1,INV_X1,A,ZN,rise,17.1859,0.000365616,1.1,25.0,11.7593,1.5180722891566267,6.3e-07,4.1500000000000005e-07,1,1,1,2.900646568553312,0.000365549178757,1587301.5873015872,2409638.554216868,580.3428571428572,881.0024096385544,580.3428571428572,1587301.5873015872,0.9090909090909092,0.04,0.2057416267942584,1,10.926717
Nangate45,NANDX1,NAND4_X1,A3,ZN,rise,130.081,0.0017499899999999,1.1,25.0,59.05,1.5180722891566267,1.26e-06,8.299999999999999e-07,0,1,1,4.875815452730412,0.0017484605515862,793650.7936507936,1204819.277108434,1388.8809523809523,2108.421686746988,1388.8809523809523,793650.7936507936,0.9090909090909092,0.04,0.2057416267942584,1,46.285103
Nangate45,XORX1,XOR2_X1,B,Z,rise,17.1859,0.0126648,1.1,25.0,102.758,1.5135135135135138,2.52e-06,1.6649999999999995e-06,0,1,1,2.900646568553312,0.0125852721858001,396825.3968253968,600600.6006006007,5025.714285714285,7606.486486486488,5025.714285714285,396825.3968253968,0.9090909090909092,0.04,0.2043010752688172,1,83.52492
Nangate45,XORX1,XOR2_X1,A,Z,fall,198.535,0.0253296,1.1,25.0,157.421,1.5135135135135138,2.52e-06,1.6649999999999995e-06,0,1,1,5.295989659538859,0.0250141218763313,396825.3968253968,600600.6006006007,10051.42857142857,15212.972972972975,15212.972972972975,600600.6006006007,0.9090909090909092,0.04,0.2043010752688172,1,103.66314
Nangate45,NANDX1,NAND2_X1,A1,ZN,fall,1.1737799999999998,0.0593567,1.1,25.0,129.575,1.5180722891566267,1.26e-06,8.299999999999999e-07,0,1,1,0.7764675876261998,0.0576618371011917,793650.7936507936,1204819.277108434,47108.492063492056,71514.09638554217,71514.09638554217,1204819.277108434,0.9090909090909092,0.04,0.2057416267942584,1,126.50229
Nangate45,NORX1,NOR3_X1,A3,ZN,rise,40.9838,0.000365616,1.1,25.0,48.7903,1.5180722891566267,1.26e-06,8.299999999999999e-07,0,1,1,3.737283829590765,0.000365549178757,793650.7936507936,1204819.277108434,290.1714285714286,440.5012048192772,290.1714285714286,793650.7936507936,0.9090909090909092,0.04,0.2057416267942584,1,14.35466
Nangate45,NORX1,NOR2_X1,A1,ZN,fall,1.1737799999999998,0.00166893,1.1,25.0,5.61917,1.5180722891566267,1.26e-06,8.299999999999999e-07,0,1,1,0.7764675876261998,0.001667538883896,793650.7936507936,1204819.277108434,1324.547619047619,2010.7590361445789,2010.7590361445789,1204819.277108434,0.9090909090909092,0.04,0.2057416267942584,1,13.801671
Nangate45,INVX2,INV_X2,A,ZN,fall,78.0596,0.00759125,1.1,25.0,17.2684,1.5180722891566267,1.26e-06,8.299999999999999e-07,1,1,1,4.370201998407221,0.0075625814570239,793650.7936507936,1204819.277108434,6024.801587301587,9146.0843373494,9146.0843373494,1204819.277108434,0.9090909090909092,0.04,0.2057416267942584,1,20.289246
Nangate45,INVX1,TINV_X1,I,ZN,rise,40.9838,0.02342024323,1.1,25.0,169.2,1.5180722891566267,6.3e-07,4.1500000000000005e-07,1,1,1,3.737283829590765,0.0231501975625825,1587301.5873015872,2409638.554216868,37174.989253968255,56434.32103614459,37174.989253968255,1587301.5873015872,0.9090909090909092,0.04,0.2057416267942584,1,92.62067
Nangate45,XORX1,XOR2_X1,B,Z,rise,78.0596,0.0015831,1.1,25.0,56.013,1.5135135135135138,2.52e-06,1.6649999999999995e-06,0,1,1,4.370201998407221,0.0015818482181514,396825.3968253968,600600.6006006007,628.2142857142857,950.8108108108112,628.2142857142857,396825.3968253968,0.9090909090909092,0.04,0.2043010752688172,1,67.54734
Nangate45,NANDX1,NAND3_X1,A2,ZN,fall,198.535,0.00729561,1.1,25.0,71.98060000000001,1.5180722891566267,1.26e-06,8.299999999999999e-07,0,1,1,5.295989659538859,0.0072691257717537,793650.7936507936,1204819.277108434,5790.166666666666,8789.891566265062,8789.891566265062,1204819.277108434,0.9090909090909092,0.04,0.2057416267942584,1,63.67029
Nangate45,NORX1,XNOR2_X1,A,ZN,rise,17.1859,0.000813006,1.1,25.0,38.052,1.5180722891566267,1.26e-06,8.299999999999999e-07,0,1,1,2.900646568553312,0.0008126756896393,793650.7936507936,1204819.277108434,645.2428571428571,979.5253012048196,645.2428571428571,793650.7936507936,0.9090909090909092,0.04,0.2057416267942584,1,51.35812
Nangate45,NORX1,NOR4_X1,A3,ZN,fall,130.081,0.00063952,1.1,25.0,11.1466,1.5180722891566267,1.26e-06,8.299999999999999e-07,0,1,1,4.875815452730412,0.0006393155942278,793650.7936507936,1204819.277108434,507.5555555555555,770.5060240963857,770.5060240963857,1204819.277108434,0.9090909090909092,0.04,0.2057416267942584,1,40.24561
Nangate45,XORX1,XOR2_X1,B,Z,fall,130.081,0.0126648,1.1,25.0,65.15700000000001,1.5135135135135138,2.52e-06,1.6649999999999995e-06,0,1,1,4.875815452730412,0.0125852721858001,396825.3968253968,600600.6006006007,5025.714285714285,7606.486486486488,7606.486486486488,600600.6006006007,0.9090909090909092,0.04,0.2043010752688172,1,81.989716
Nangate45,XORX1,XOR2_X1,A,Z,rise,78.0596,0.0031662,1.1,25.0,62.708,1.5135135135135138,2.52e-06,1.6649999999999995e-06,0,1,1,4.370201998407221,0.0031611981439168,396825.3968253968,600600.6006006007,1256.428571428571,1901.621621621622,1256.428571428571,396825.3968253968,0.9090909090909092,0.04,0.2043010752688172,1,77.05842
Nangate45,NANDX1,NAND3_X1,A3,ZN,fall,40.9838,0.0291825,1.1,25.0,108.897,1.5180722891566267,1.26e-06,8.299999999999999e-07,0,1,1,3.737283829590765,0.0287647977830285,793650.7936507936,1204819.277108434,23160.714285714286,35159.63855421687,35159.63855421687,1204819.277108434,0.9090909090909092,0.04,0.2057416267942584,1,99.582855
Nangate45,NANDX1,NAND4_X1,A4,ZN,rise,40.9838,0.0559998,1.1,25.0,170.78099999999998,1.5180722891566267,1.26e-06,8.299999999999999e-07,0,1,1,3.737283829590765,0.0544879958901124,793650.7936507936,1204819.277108434,44444.28571428572,67469.63855421687,44444.28571428572,793650.7936507936,0.9090909090909092,0.04,0.2057416267942584,1,185.83345
Nangate45,INVX1,INV_X1,A,ZN,fall,1.1737799999999998,0.00379562,1.1,25.0,7.634250000000001,1.5180722891566267,6.3e-07,4.1500000000000005e-07,1,1,1,0.7764675876261998,0.0037884348101687,1587301.5873015872,2409638.554216868,6024.79365079365,9146.072289156627,9146.072289156627,2409638.554216868,0.9090909090909092,0.04,0.2057416267942584,1,12.639951
Nangate45,NANDX1,NAND3_X1,A1,ZN,rise,40.9838,0.0018239,1.1,25.0,28.3086,1.5180722891566267,1.26e-06,8.299999999999999e-07,0,1,1,3.737283829590765,0.0018222387141011,793650.7936507936,1204819.277108434,1447.5396825396824,2197.4698795180725,1447.5396825396824,793650.7936507936,0.9090909090909092,0.04,0.2057416267942584,1,31.795395
Nangate45,XORX1,XOR2_X1,A,Z,fall,1.1737799999999998,0.0126648,1.1,25.0,65.44500000000001,1.5135135135135138,2.52e-06,1.6649999999999995e-06,0,1,1,0.7764675876261998,0.0125852721858001,396825.3968253968,600600.6006006007,5025.714285714285,7606.486486486488,7606.486486486488,600600.6006006007,0.9090909090909092,0.04,0.2043010752688172,1,48.780285
Nangate45,NORX1,NOR3_X1,A2,ZN,fall,1.1737799999999998,0.001289,1.1,25.0,6.50087,1.5180722891566267,1.26e-06,8.299999999999999e-07,0,1,1,0.7764675876261998,0.0012881699527107,793650.7936507936,1204819.277108434,1023.015873015873,1553.012048192771,1553.012048192771,1204819.277108434,0.9090909090909092,0.04,0.2057416267942584,1,12.450076
Nangate45,NORX1,NOR2_X1,A1,ZN,rise,1.1737799999999998,0.0066757299999999,1.1,25.0,46.2805,1.5180722891566267,1.26e-06,8.299999999999999e-07,0,1,1,0.7764675876261998,0.0066535459893972,793650.7936507936,1204819.277108434,5298.198412698412,8043.048192771084,5298.198412698412,793650.7936507936,0.9090909090909092,0.04,0.2057416267942584,1,55.357365
Nangate45,INVX1,TINV_X1,I,ZN,fall,1.1737799999999998,0.003674923229,1.1,25.0,16.280099999999997,1.5180722891566267,6.3e-07,4.1500000000000005e-07,1,1,1,0.7764675876261998,0.0036681871965212,1587301.5873015872,2409638.554216868,5833.211474603175,8855.236696385544,8855.236696385544,2409638.554216868,0.9090909090909092,0.04,0.2057416267942584,1,12.241357
Nangate45,INVX2,INV_X2,A,ZN,rise,1.1737799999999998,0.12146,1.1,25.0,151.234,1.5180722891566267,1.26e-06,8.299999999999999e-07,1,1,1,0.7764675876261998,0.1146314078240044,793650.7936507936,1204819.277108434,96396.82539682538,146337.34939759038,96396.82539682538,793650.7936507936,0.9090909090909092,0.04,0.2057416267942584,1,96.85215
Nangate45,NORX1,NOR3_X1,A3,ZN,fall,4.72397,0.0160217,1.1,25.0,27.330900000000003,1.5180722891566267,1.26e-06,8.299999999999999e-07,0,1,1,1.7446626205903233,0.0158947071959221,793650.7936507936,1204819.277108434,12715.63492063492,19303.253012048197,19303.253012048197,1204819.277108434,0.9090909090909092,0.04,0.2057416267942584,1,47.187813
Nangate45,NORX1,XNOR2_X1,B,ZN,fall,130.081,0.0260162,1.1,25.0,134.545,1.5180722891566267,1.26e-06,8.299999999999999e-07,0,1,1,4.875815452730412,0.0256835360976095,793650.7936507936,1204819.277108434,20647.77777777778,31344.819277108443,31344.819277108443,1204819.277108434,0.9090909090909092,0.04,0.2057416267942584,1,87.72694
Nangate45,NANDX1,NAND2_X1,A2,ZN,fall,1.1737799999999998,0.0018549,1.1,25.0,11.337,1.5180722891566267,1.26e-06,8.299999999999999e-07,0,1,1,0.7764675876261998,0.0018531817973962,793650.7936507936,1204819.277108434,1472.142857142857,2234.819277108434,2234.819277108434,1204819.277108434,0.9090909090909092,0.04,0.2057416267942584,1,17.559526
Nangate45,XORX1,XOR2_X1,A,Z,rise,130.081,0.00079155,1.1,25.0,50.63,1.5135135135135138,2.52e-06,1.6649999999999995e-06,0,1,1,4.875815452730412,0.0007912368895162,396825.3968253968,600600.6006006007,314.10714285714283,475.40540540540553,314.10714285714283,396825.3968253968,0.9090909090909092,0.04,0.2043010752688172,1,65.33398
Nangate45,NANDX1,NAND4_X1,A3,ZN,fall,40.9838,0.000365616,1.1,25.0,29.8352,1.5180722891566267,1.26e-06,8.299999999999999e-07,0,1,1,3.737283829590765,0.000365549178757,793650.7936507936,1204819.277108434,290.1714285714286,440.5012048192772,440.5012048192772,1204819.277108434,0.9090909090909092,0.04,0.2057416267942584,1,19.460278
Nangate45,NORX1,NOR4_X1,A1,ZN,fall,17.1859,0.000365616,1.1,25.0,9.30672,1.5180722891566267,1.26e-06,8.299999999999999e-07,0,1,1,2.900646568553312,0.000365549178757,793650.7936507936,1204819.277108434,290.1714285714286,440.5012048192772,440.5012048192772,1204819.277108434,0.9090909090909092,0.04,0.2057416267942584,1,0.38032252
Nangate45,XORX1,XOR2_X1,B,Z,fall,17.1859,0.0126648,1.1,25.0,76.41199999999999,1.5135135135135138,2.52e-06,1.6649999999999995e-06,0,1,1,2.900646568553312,0.0125852721858001,396825.3968253968,600600.6006006007,5025.714285714285,7606.486486486488,7606.486486486488,600600.6006006007,0.9090909090909092,0.04,0.2043010752688172,1,58.653835
Nangate45,INVX1,TINV_X1,EN,ZN,fall,4.72397,0.02342024323,1.1,25.0,71.801,1.5180722891566267,6.3e-07,4.1500000000000005e-07,1,1,1,1.7446626205903233,0.0231501975625825,1587301.5873015872,2409638.554216868,37174.989253968255,56434.32103614459,56434.32103614459,2409638.554216868,0.9090909090909092,0.04,0.2057416267942584,1,33.643364
Nangate45,NANDX1,NAND2_X1,A1,ZN,rise,78.0596,0.0593567,1.1,25.0,188.351,1.5180722891566267,1.26e-06,8.299999999999999e-07,0,1,1,4.370201998407221,0.0576618371011917,793650.7936507936,1204819.277108434,47108.492063492056,71514.09638554217,47108.492063492056,793650.7936507936,0.9090909090909092,0.04,0.2057416267942584,1,198.19334
Nangate45,XORX1,XOR2_X1,A,Z,fall,198.535,0.0031662,1.1,25.0,120.981,1.5135135135135138,2.52e-06,1.6649999999999995e-06,0,1,1,5.295989659538859,0.0031611981439168,396825.3968253968,600600.6006006007,1256.428571428571,1901.621621621622,1901.621621621622,600600.6006006007,0.9090909090909092,0.04,0.2043010752688172,1,62.61692
Nangate45,NORX1,NOR2_X1,A2,ZN,rise,4.72397,0.000834466,1.1,25.0,21.7153,1.5180722891566267,1.26e-06,8.299999999999999e-07,0,1,1,1.7446626205903233,0.0008341180268151,793650.7936507936,1204819.277108434,662.2746031746032,1005.3807228915664,662.2746031746032,793650.7936507936,0.9090909090909092,0.04,0.2057416267942584,1,35.420277
Nangate45,NORX1,XNOR2_X1,A,ZN,fall,1.1737799999999998,0.0260162,1.1,25.0,84.247,1.5180722891566267,1.26e-06,8.299999999999999e-07,0,1,1,0.7764675876261998,0.0256835360976095,793650.7936507936,1204819.277108434,20647.77777777778,31344.819277108443,31344.819277108443,1204819.277108434,0.9090909090909092,0.04,0.2057416267942584,1,50.769096
Nangate45,INVX1,TINV_X1,EN,ZN,rise,1.1737799999999998,0.001526164229,1.1,25.0,11.82,1.5180722891566267,6.3e-07,4.1500000000000005e-07,1,1,1,0.7764675876261998,0.0015250008239207,1587301.5873015872,2409638.554216868,2422.482903174603,3677.5041662650606,2422.482903174603,1587301.5873015872,0.9090909090909092,0.04,0.2057416267942584,1,11.088161
Nangate45,NANDX1,NAND4_X1,A4,ZN,fall,78.0596,0.00349999,1.1,25.0,44.6169,1.5180722891566267,1.26e-06,8.299999999999999e-07,0,1,1,4.370201998407221,0.0034938792891336,793650.7936507936,1204819.277108434,2777.769841269841,4216.855421686748,4216.855421686748,1204819.277108434,0.9090909090909092,0.04,0.2057416267942584,1,30.250381
Nangate45,NANDX1,NAND2_X1,A2,ZN,fall,130.081,0.00370979,1.1,25.0,31.2448,1.5180722891566267,1.26e-06,8.299999999999999e-07,0,1,1,4.875815452730412,0.0037029257005795,793650.7936507936,1204819.277108434,2944.277777777778,4469.626506024097,4469.626506024097,1204819.277108434,0.9090909090909092,0.04,0.2057416267942584,1,39.525036
Nangate45,XORX1,XOR2_X1,B,Z,fall,130.081,0.0063324,1.1,25.0,103.948,1.5135135135135138,2.52e-06,1.6649999999999995e-06,0,1,1,4.875815452730412,0.0063124345967383,396825.3968253968,600600.6006006007,2512.8571428571427,3803.243243243244,3803.243243243244,600600.6006006007,0.9090909090909092,0.04,0.2043010752688172,1,63.676228
Nangate45,NORX1,NOR3_X1,A1,ZN,rise,1.1737799999999998,0.00454444,1.1,25.0,54.561,1.5180722891566267,1.26e-06,8.299999999999999e-07,0,1,1,0.7764675876261998,0.0045341452101301,793650.7936507936,1204819.277108434,3606.698412698413,5475.228915662652,3606.698412698413,793650.7936507936,0.9090909090909092,0.04,0.2057416267942584,1,46.748444
Nangate45,INVX1,TINV_X1,EN,ZN,fall,1.1737799999999998,0.001164659229,1.1,25.0,13.937,1.5180722891566267,6.3e-07,4.1500000000000005e-07,1,1,1,0.7764675876261998,0.0011639815395739,1587301.5873015872,2409638.554216868,1848.6654428571424,2806.407780722892,2806.407780722892,2409638.554216868,0.9090909090909092,0.04,0.2057416267942584,1,10.388473
Nangate45,NORX1,XNOR2_X1,A,ZN,rise,17.1859,0.0130081,1.1,25.0,87.87100000000001,1.5180722891566267,1.26e-06,8.299999999999999e-07,0,1,1,2.900646568553312,0.0129242212859107,793650.7936507936,1204819.277108434,10323.88888888889,15672.409638554222,10323.88888888889,793650.7936507936,0.9090909090909092,0.04,0.2057416267942584,1,104.589874
Nangate45,NANDX1,NAND3_X1,A2,ZN,fall,198.535,0.0583649,1.1,25.0,253.481,1.5180722891566267,1.26e-06,8.299999999999999e-07,0,1,1,5.295989659538859,0.0567251700033895,793650.7936507936,1204819.277108434,46321.3492063492,70319.15662650602,70319.15662650602,1204819.277108434,0.9090909090909092,0.04,0.2057416267942584,1,220.98518
Nangate45,NANDX1,NAND4_X1,A2,ZN,fall,40.9838,0.0559998,1.1,25.0,246.987,1.5180722891566267,1.26e-06,8.299999999999999e-07,0,1,1,3.737283829590765,0.0544879958901124,793650.7936507936,1204819.277108434,44444.28571428572,67469.63855421687,67469.63855421687,1204819.277108434,0.9090909090909092,0.04,0.2057416267942584,1,170.37408
Nangate45,NANDX1,NAND4_X1,A3,ZN,rise,40.9838,0.00699997,1.1,25.0,51.3808,1.5180722891566267,1.26e-06,8.299999999999999e-07,0,1,1,3.737283829590765,0.006975583944965,793650.7936507936,1204819.277108434,5555.531746031746,8433.698795180724,5555.531746031746,793650.7936507936,0.9090909090909092,0.04,0.2057416267942584,1,49.957783
Nangate45,NANDX1,NAND4_X1,A4,ZN,fall,1.1737799999999998,0.0139999,1.1,25.0,75.4798,1.5180722891566267,1.26e-06,8.299999999999999e-07,0,1,1,0.7764675876261998,0.0139028065496571,793650.7936507936,1204819.277108434,11111.031746031746,16867.349397590366,16867.349397590366,1204819.277108434,0.9090909090909092,0.04,0.2057416267942584,1,48.33852
Nangate45,NORX1,NOR4_X1,A4,ZN,rise,1.1737799999999998,0.00195665,1.1,25.0,78.7626,1.5180722891566267,1.26e-06,8.299999999999999e-07,0,1,1,0.7764675876261998,0.0019547382537281,793650.7936507936,1204819.277108434,1552.8968253968253,2357.409638554217,1552.8968253968253,793650.7936507936,0.9090909090909092,0.04,0.2057416267942584,1,40.57498
Nangate45,INVX1,TINV_X1,EN,ZN,fall,4.72397,0.006518463229,1.1,25.0,30.313,1.5180722891566267,6.3e-07,4.1500000000000005e-07,1,1,1,1.7446626205903233,0.0064973099225053,1587301.5873015872,2409638.554216868,10346.76703015873,15707.140310843375,15707.140310843375,2409638.554216868,0.9090909090909092,0.04,0.2057416267942584,1,24.08611
Nangate45,NORX1,XNOR2_X1,B,ZN,rise,198.535,0.000365616,1.1,25.0,54.553,1.5180722891566267,1.26e-06,8.299999999999999e-07,0,1,1,5.295989659538859,0.000365549178757,793650.7936507936,1204819.277108434,290.1714285714286,440.5012048192772,290.1714285714286,793650.7936507936,0.9090909090909092,0.04,0.2057416267942584,1,74.53687
Nangate45,NORX1,XNOR2_X1,B,ZN,fall,1.1737799999999998,0.0260162,1.1,25.0,85.945,1.5180722891566267,1.26e-06,8.299999999999999e-07,0,1,1,0.7764675876261998,0.0256835360976095,793650.7936507936,1204819.277108434,20647.77777777778,31344.819277108443,31344.819277108443,1204819.277108434,0.9090909090909092,0.04,0.2057416267942584,1,50.769093
Nangate45,XORX1,XOR2_X1,A,Z,fall,40.9838,0.000365616,1.1,25.0,14.507,1.5135135135135138,2.52e-06,1.6649999999999995e-06,0,1,1,3.737283829590765,0.000365549178757,396825.3968253968,600600.6006006007,145.0857142857143,219.58918918918928,219.58918918918928,600600.6006006007,0.9090909090909092,0.04,0.2043010752688172,1,23.780418
Nangate45,XORX1,XOR2_X1,B,Z,rise,198.535,0.00079155,1.1,25.0,52.553,1.5135135135135138,2.52e-06,1.6649999999999995e-06,0,1,1,5.295989659538859,0.0007912368895162,396825.3968253968,600600.6006006007,314.10714285714283,475.40540540540553,314.10714285714283,396825.3968253968,0.9090909090909092,0.04,0.2043010752688172,1,77.40804
Nangate45,NORX1,NOR2_X1,A1,ZN,rise,130.081,0.00333786,1.1,25.0,76.8972,1.5180722891566267,1.26e-06,8.299999999999999e-07,0,1,1,4.875815452730412,0.0033323017104042,793650.7936507936,1204819.277108434,2649.095238095238,4021.518072289157,2649.095238095238,793650.7936507936,0.9090909090909092,0.04,0.2057416267942584,1,75.773155
Nangate45,XORX1,XOR2_X1,B,Z,fall,130.081,0.0063324,1.1,25.0,43.406,1.5135135135135138,2.52e-06,1.6649999999999995e-06,0,1,1,4.875815452730412,0.0063124345967383,396825.3968253968,600600.6006006007,2512.8571428571427,3803.243243243244,3803.243243243244,600600.6006006007,0.9090909090909092,0.04,0.2043010752688172,1,72.26033
Nangate45,NORX1,NOR4_X1,A4,ZN,rise,17.1859,0.00063952,1.1,25.0,69.8177,1.5180722891566267,1.26e-06,8.299999999999999e-07,0,1,1,2.900646568553312,0.0006393155942278,793650.7936507936,1204819.277108434,507.5555555555555,770.5060240963857,507.5555555555555,793650.7936507936,0.9090909090909092,0.04,0.2057416267942584,1,72.29692
Nangate45,INVX1,INV_X1,A,ZN,rise,198.535,0.00759125,1.1,25.0,87.8376,1.5180722891566267,6.3e-07,4.1500000000000005e-07,1,1,1,5.295989659538859,0.0075625814570239,1587301.5873015872,2409638.554216868,12049.603174603171,18292.1686746988,12049.603174603171,1587301.5873015872,0.9090909090909092,0.04,0.2057416267942584,1,117.70674
Nangate45,NORX1,XNOR2_X1,B,ZN,rise,1.1737799999999998,0.00650405,1.1,25.0,53.164,1.5180722891566267,1.26e-06,8.299999999999999e-07,0,1,1,0.7764675876261998,0.0064829899346209,793650.7936507936,1204819.277108434,5161.944444444445,7836.204819277111,5161.944444444445,793650.7936507936,0.9090909090909092,0.04,0.2057416267942584,1,51.643784
Nangate45,INVX1,TINV_X1,I,ZN,rise,4.72397,0.006518463229,1.1,25.0,54.5134,1.5180722891566267,6.3e-07,4.1500000000000005e-07,1,1,1,1.7446626205903233,0.0064973099225053,1587301.5873015872,2409638.554216868,10346.76703015873,15707.140310843375,10346.76703015873,1587301.5873015872,0.9090909090909092,0.04,0.2057416267942584,1,46.332554
Nangate45,NORX1,NOR2_X1,A1,ZN,fall,40.9838,0.000834466,1.1,25.0,8.30202,1.5180722891566267,1.26e-06,8.299999999999999e-07,0,1,1,3.737283829590765,0.0008341180268151,793650.7936507936,1204819.277108434,662.2746031746032,1005.3807228915664,1005.3807228915664,1204819.277108434,0.9090909090909092,0.04,0.2057416267942584,1,11.6420965
Nangate45,XORX1,XOR2_X1,A,Z,rise,4.72397,0.000365616,1.1,25.0,38.471,1.5135135135135138,2.52e-06,1.6649999999999995e-06,0,1,1,1.7446626205903233,0.000365549178757,396825.3968253968,600600.6006006007,145.0857142857143,219.58918918918928,145.0857142857143,396825.3968253968,0.9090909090909092,0.04,0.2043010752688172,1,27.585579
Nangate45,NORX1,XNOR2_X1,A,ZN,fall,4.72397,0.00650405,1.1,25.0,45.406,1.5180722891566267,1.26e-06,8.299999999999999e-07,0,1,1,1.7446626205903233,0.0064829899346209,793650.7936507936,1204819.277108434,5161.944444444445,7836.204819277111,7836.204819277111,1204819.277108434,0.9090909090909092,0.04,0.2057416267942584,1,16.584581
Nangate45,NORX1,NOR3_X1,A1,ZN,rise,130.081,0.000365616,1.1,25.0,65.26469999999999,1.5180722891566267,1.26e-06,8.299999999999999e-07,0,1,1,4.875815452730412,0.000365549178757,793650.7936507936,1204819.277108434,290.1714285714286,440.5012048192772,290.1714285714286,793650.7936507936,0.9090909090909092,0.04,0.2057416267942584,1,15.239041
Nangate45,INVX1,INV_X16,A,ZN,fall,40.9838,0.24231,1.1,25.0,38.3641,1.5180722891566267,6.3e-07,4.1500000000000005e-07,1,1,1,3.737283829590765,0.2169725497905428,1587301.5873015872,2409638.554216868,384619.0476190476,583879.5180722892,583879.5180722892,2409638.554216868,0.9090909090909092,0.04,0.2057416267942584,1,48.73286
Nangate45,INVX1,INV_X1,A,ZN,fall,198.535,0.0151825,1.1,25.0,54.2902,1.5180722891566267,6.3e-07,4.1500000000000005e-07,1,1,1,5.295989659538859,0.0150683992868016,1587301.5873015872,2409638.554216868,24099.206349206343,36584.3373493976,36584.3373493976,2409638.554216868,0.9090909090909092,0.04,0.2057416267942584,1,104.85859
Nangate45,XORX1,XOR2_X1,A,Z,rise,198.535,0.0031662,1.1,25.0,96.103,1.5135135135135138,2.52e-06,1.6649999999999995e-06,0,1,1,5.295989659538859,0.0031611981439168,396825.3968253968,600600.6006006007,1256.428571428571,1901.621621621622,1256.428571428571,396825.3968253968,0.9090909090909092,0.04,0.2043010752688172,1,95.623024
Nangate45,XORX1,XOR2_X1,B,Z,rise,4.72397,0.0015831,1.1,25.0,41.527,1.5135135135135138,2.52e-06,1.6649999999999995e-06,0,1,1,1.7446626205903233,0.0015818482181514,396825.3968253968,600600.6006006007,628.2142857142857,950.8108108108112,628.2142857142857,396825.3968253968,0.9090909090909092,0.04,0.2043010752688172,1,33.437588
Nangate45,XORX1,XOR2_X1,B,Z,rise,198.535,0.000365616,1.1,25.0,50.117,1.5135135135135138,2.52e-06,1.6649999999999995e-06,0,1,1,5.295989659538859,0.000365549178757,396825.3968253968,600600.6006006007,145.0857142857143,219.58918918918928,145.0857142857143,396825.3968253968,0.9090909090909092,0.04,0.2043010752688172,1,77.40795
Nangate45,NORX1,XNOR2_X1,A,ZN,rise,17.1859,0.00162601,1.1,25.0,29.896,1.5180722891566267,1.26e-06,8.299999999999999e-07,0,1,1,2.900646568553312,0.0016246894770018,793650.7936507936,1204819.277108434,1290.484126984127,1959.0481927710848,1290.484126984127,793650.7936507936,0.9090909090909092,0.04,0.2057416267942584,1,52.017815
Nangate45,NORX1,NOR3_X1,A2,ZN,fall,130.081,0.000686498,1.1,25.0,5.66011,1.5180722891566267,1.26e-06,8.299999999999999e-07,0,1,1,4.875815452730412,0.0006862624680366,793650.7936507936,1204819.277108434,544.8396825396825,827.1060240963857,827.1060240963857,1204819.277108434,0.9090909090909092,0.04,0.2057416267942584,1,40.48934
Nangate45,NORX1,NOR2_X1,A1,ZN,fall,1.1737799999999998,0.0267029,1.1,25.0,36.0422,1.5180722891566267,1.26e-06,8.299999999999999e-07,0,1,1,0.7764675876261998,0.0263525999024103,793650.7936507936,1204819.277108434,21192.777777777777,32172.1686746988,32172.1686746988,1204819.277108434,0.9090909090909092,0.04,0.2057416267942584,1,76.967
Nangate45,XORX1,XOR2_X1,A,Z,rise,4.72397,0.0031662,1.1,25.0,52.312,1.5135135135135138,2.52e-06,1.6649999999999995e-06,0,1,1,1.7446626205903233,0.0031611981439168,396825.3968253968,600600.6006006007,1256.428571428571,1901.621621621622,1256.428571428571,396825.3968253968,0.9090909090909092,0.04,0.2043010752688172,1,44.726475
Nangate45,NORX1,NOR3_X1,A1,ZN,rise,198.535,0.00242029,1.1,25.0,109.811,1.5180722891566267,1.26e-06,8.299999999999999e-07,0,1,1,5.295989659538859,0.0024173658154572,793650.7936507936,1204819.277108434,1920.8650793650795,2916.012048192772,1920.8650793650795,793650.7936507936,0.9090909090909092,0.04,0.2057416267942584,1,100.124664
Nangate45,INVX1,INV_X1,A,ZN,rise,1.1737799999999998,0.000365616,1.1,25.0,5.58495,1.5180722891566267,6.3e-07,4.1500000000000005e-07,1,1,1,0.7764675876261998,0.000365549178757,1587301.5873015872,2409638.554216868,580.3428571428572,881.0024096385544,580.3428571428572,1587301.5873015872,0.9090909090909092,0.04,0.2057416267942584,1,9.290436
Nangate45,NANDX1,NAND2_X1,A1,ZN,fall,17.1859,0.00741959,1.1,25.0,27.9195,1.5180722891566267,1.26e-06,8.299999999999999e-07,0,1,1,2.900646568553312,0.0073922002392085,793650.7936507936,1204819.277108434,5888.563492063492,8939.265060240965,8939.265060240965,1204819.277108434,0.9090909090909092,0.04,0.2057416267942584,1,42.67857
Nangate45,NORX1,NOR4_X1,A2,ZN,fall,198.535,0.00342249,1.1,25.0,13.8321,1.5180722891566267,1.26e-06,8.299999999999999e-07,0,1,1,5.295989659538859,0.0034166466099336,793650.7936507936,1204819.277108434,2716.2619047619046,4123.481927710844,4123.481927710844,1204819.277108434,0.9090909090909092,0.04,0.2057416267942584,1,50.655437
Nangate45,NANDX1,NAND4_X1,A1,ZN,fall,130.081,0.00349999,1.1,25.0,57.6459,1.5180722891566267,1.26e-06,8.299999999999999e-07,0,1,1,4.875815452730412,0.0034938792891336,793650.7936507936,1204819.277108434,2777.769841269841,4216.855421686748,4216.855421686748,1204819.277108434,0.9090909090909092,0.04,0.2057416267942584,1,39.52437
Nangate45,NORX1,NOR3_X1,A1,ZN,fall,198.535,0.00853286,1.1,25.0,29.7817,1.5180722891566267,1.26e-06,8.299999999999999e-07,0,1,1,5.295989659538859,0.0084966609254384,793650.7936507936,1204819.277108434,6772.11111111111,10280.554216867473,10280.554216867473,1204819.277108434,0.9090909090909092,0.04,0.2057416267942584,1,63.229427
Nangate45,XORX1,XOR2_X1,B,Z,rise,4.72397,0.0253296,1.1,25.0,161.43699999999998,1.5135135135135138,2.52e-06,1.6649999999999995e-06,0,1,1,1.7446626205903233,0.0250141218763313,396825.3968253968,600600.6006006007,10051.42857142857,15212.972972972975,10051.42857142857,396825.3968253968,0.9090909090909092,0.04,0.2043010752688172,1,84.40135
Nangate45,XORX1,XOR2_X1,B,Z,rise,17.1859,0.000365616,1.1,25.0,27.701,1.5135135135135138,2.52e-06,1.6649999999999995e-06,0,1,1,2.900646568553312,0.000365549178757,396825.3968253968,600600.6006006007,145.0857142857143,219.58918918918928,145.0857142857143,396825.3968253968,0.9090909090909092,0.04,0.2043010752688172,1,36.59245
Nangate45,NORX1,NOR4_X1,A2,ZN,rise,40.9838,0.00195665,1.1,25.0,77.6508,1.5180722891566267,1.26e-06,8.299999999999999e-07,0,1,1,3.737283829590765,0.0019547382537281,793650.7936507936,1204819.277108434,1552.8968253968253,2357.409638554217,1552.8968253968253,793650.7936507936,0.9090909090909092,0.04,0.2057416267942584,1,54.56937
Nangate45,NORX1,NOR4_X1,A2,ZN,fall,4.72397,0.0104713,1.1,25.0,20.3631,1.5180722891566267,1.26e-06,8.299999999999999e-07,0,1,1,1.7446626205903233,0.010416855676904,793650.7936507936,1204819.277108434,8310.555555555555,12616.024096385545,12616.024096385545,1204819.277108434,0.9090909090909092,0.04,0.2057416267942584,1,24.429722
Nangate45,XORX1,XOR2_X1,B,Z,rise,78.0596,0.0126648,1.1,25.0,111.758,1.5135135135135138,2.52e-06,1.6649999999999995e-06,0,1,1,4.370201998407221,0.0125852721858001,396825.3968253968,600600.6006006007,5025.714285714285,7606.486486486488,5025.714285714285,396825.3968253968,0.9090909090909092,0.04,0.2043010752688172,1,102.847565
Nangate45,NORX1,NOR4_X1,A2,ZN,fall,198.535,0.00111862,1.1,25.0,0.774222,1.5180722891566267,1.26e-06,8.299999999999999e-07,0,1,1,5.295989659538859,0.001117994810837,793650.7936507936,1204819.277108434,887.7936507936508,1347.7349397590365,1347.7349397590365,1204819.277108434,0.9090909090909092,0.04,0.2057416267942584,1,45.52046
Nangate45,NORX1,XNOR2_X1,A,ZN,fall,4.72397,0.00325202,1.1,25.0,38.564,1.5180722891566267,1.26e-06,8.299999999999999e-07,0,1,1,1.7446626205903233,0.0032467436191291,793650.7936507936,1204819.277108434,2580.968253968254,3918.096385542169,3918.096385542169,1204819.277108434,0.9090909090909092,0.04,0.2057416267942584,1,8.903283
Nangate45,NORX1,XNOR2_X1,B,ZN,fall,198.535,0.000813006,1.1,25.0,93.711,1.5180722891566267,1.26e-06,8.299999999999999e-07,0,1,1,5.295989659538859,0.0008126756896393,793650.7936507936,1204819.277108434,645.2428571428571,979.5253012048196,979.5253012048196,1204819.277108434,0.9090909090909092,0.04,0.2057416267942584,1,45.495735
Nangate45,NANDX1,NAND3_X1,A2,ZN,rise,17.1859,0.0291825,1.1,25.0,88.4177,1.5180722891566267,1.26e-06,8.299999999999999e-07,0,1,1,2.900646568553312,0.0287647977830285,793650.7936507936,1204819.277108434,23160.714285714286,35159.63855421687,23160.714285714286,793650.7936507936,0.9090909090909092,0.04,0.2057416267942584,1,100.1047
Nangate45,XORX1,XOR2_X1,A,Z,rise,1.1737799999999998,0.0031662,1.1,25.0,50.763000000000005,1.5135135135135138,2.52e-06,1.6649999999999995e-06,0,1,1,0.7764675876261998,0.0031611981439168,396825.3968253968,600600.6006006007,1256.428571428571,1901.621621621622,1256.428571428571,396825.3968253968,0.9090909090909092,0.04,0.2043010752688172,1,39.446865
Nangate45,NANDX1,NAND2_X1,A1,ZN,fall,78.0596,0.00741959,1.1,25.0,43.3808,1.5180722891566267,1.26e-06,8.299999999999999e-07,0,1,1,4.370201998407221,0.0073922002392085,793650.7936507936,1204819.277108434,5888.563492063492,8939.265060240965,8939.265060240965,1204819.277108434,0.9090909090909092,0.04,0.2057416267942584,1,67.02813
Nangate45,XORX1,XOR2_X1,A,Z,rise,198.535,0.0063324,1.1,25.0,76.351,1.5135135135135138,2.52e-06,1.6649999999999995e-06,0,1,1,5.295989659538859,0.0063124345967383,396825.3968253968,600600.6006006007,2512.8571428571427,3803.243243243244,2512.8571428571427,396825.3968253968,0.9090909090909092,0.04,0.2043010752688172,1,107.20772
Nangate45,NORX1,NOR2_X1,A1,ZN,rise,130.081,0.00166893,1.1,25.0,62.8653,1.5180722891566267,1.26e-06,8.299999999999999e-07,0,1,1,4.875815452730412,0.001667538883896,793650.7936507936,1204819.277108434,1324.547619047619,2010.7590361445789,1324.547619047619,793650.7936507936,0.9090909090909092,0.04,0.2057416267942584,1,73.4201
Nangate45,NANDX1,NAND2_X1,A1,ZN,rise,198.535,0.0018549,1.1,25.0,53.7162,1.5180722891566267,1.26e-06,8.299999999999999e-07,0,1,1,5.295989659538859,0.0018531817973962,793650.7936507936,1204819.277108434,1472.142857142857,2234.819277108434,1472.142857142857,793650.7936507936,0.9090909090909092,0.04,0.2057416267942584,1,61.127472
Nangate45,NANDX1,NAND4_X1,A4,ZN,fall,17.1859,0.000365616,1.1,25.0,26.4185,1.5180722891566267,1.26e-06,8.299999999999999e-07,0,1,1,2.900646568553312,0.000365549178757,793650.7936507936,1204819.277108434,290.1714285714286,440.5012048192772,440.5012048192772,1204819.277108434,0.9090909090909092,0.04,0.2057416267942584,1,13.167202
Nangate45,NORX1,NOR3_X1,A2,ZN,rise,1.1737799999999998,0.000686498,1.1,25.0,34.4555,1.5180722891566267,1.26e-06,8.299999999999999e-07,0,1,1,0.7764675876261998,0.0006862624680366,793650.7936507936,1204819.277108434,544.8396825396825,827.1060240963857,544.8396825396825,793650.7936507936,0.9090909090909092,0.04,0.2057416267942584,1,37.455807
Nangate45,XORX1,XOR2_X1,B,Z,fall,1.1737799999999998,0.00079155,1.1,25.0,49.92,1.5135135135135138,2.52e-06,1.6649999999999995e-06,0,1,1,0.7764675876261998,0.0007912368895162,396825.3968253968,600600.6006006007,314.10714285714283,475.40540540540553,475.40540540540553,600600.6006006007,0.9090909090909092,0.04,0.2043010752688172,1,15.975816
Nangate45,NORX1,NOR3_X1,A3,ZN,fall,1.1737799999999998,0.00454444,1.1,25.0,10.973,1.5180722891566267,1.26e-06,8.299999999999999e-07,0,1,1,0.7764675876261998,0.0045341452101301,793650.7936507936,1204819.277108434,3606.698412698413,5475.228915662652,5475.228915662652,1204819.277108434,0.9090909090909092,0.04,0.2057416267942584,1,18.60182
Nangate45,NORX1,NOR4_X1,A2,ZN,rise,130.081,0.00063952,1.1,25.0,92.0573,1.5180722891566267,1.26e-06,8.299999999999999e-07,0,1,1,4.875815452730412,0.0006393155942278,793650.7936507936,1204819.277108434,507.5555555555555,770.5060240963857,507.5555555555555,793650.7936507936,0.9090909090909092,0.04,0.2057416267942584,1,112.16429
Nangate45,NANDX1,NAND4_X1,A2,ZN,fall,1.1737799999999998,0.0017499899999999,1.1,25.0,24.9326,1.5180722891566267,1.26e-06,8.299999999999999e-07,0,1,1,0.7764675876261998,0.0017484605515862,793650.7936507936,1204819.277108434,1388.8809523809523,2108.421686746988,2108.421686746988,1204819.277108434,0.9090909090909092,0.04,0.2057416267942584,1,17.559546
Nangate45,INVX1,INV_X16,A,ZN,rise,4.72397,0.24231,1.1,25.0,43.8907,1.5180722891566267,6.3e-07,4.1500000000000005e-07,1,1,1,1.7446626205903233,0.2169725497905428,1587301.5873015872,2409638.554216868,384619.0476190476,583879.5180722892,384619.0476190476,1587301.5873015872,0.9090909090909092,0.04,0.2057416267942584,1,39.96389
Nangate45,NANDX1,NAND2_X1,A2,ZN,rise,130.081,0.00370979,1.1,25.0,60.8922,1.5180722891566267,1.26e-06,8.299999999999999e-07,0,1,1,4.875815452730412,0.0037029257005795,793650.7936507936,1204819.277108434,2944.277777777778,4469.626506024097,2944.277777777778,793650.7936507936,0.9090909090909092,0.04,0.2057416267942584,1,67.01913
Nangate45,NORX1,NOR2_X1,A2,ZN,rise,17.1859,0.000834466,1.1,25.0,27.096,1.5180722891566267,1.26e-06,8.299999999999999e-07,0,1,1,2.900646568553312,0.0008341180268151,793650.7936507936,1204819.277108434,662.2746031746032,1005.3807228915664,662.2746031746032,793650.7936507936,0.9090909090909092,0.04,0.2057416267942584,1,49.895107
Nangate45,NORX1,NOR3_X1,A2,ZN,rise,130.081,0.000365616,1.1,25.0,68.5612,1.5180722891566267,1.26e-06,8.299999999999999e-07,0,1,1,4.875815452730412,0.000365549178757,793650.7936507936,1204819.277108434,290.1714285714286,440.5012048192772,290.1714285714286,793650.7936507936,0.9090909090909092,0.04,0.2057416267942584,1,65.761345
Nangate45,NANDX1,NAND3_X1,A2,ZN,fall,1.1737799999999998,0.0583649,1.1,25.0,184.611,1.5180722891566267,1.26e-06,8.299999999999999e-07,0,1,1,0.7764675876261998,0.0567251700033895,793650.7936507936,1204819.277108434,46321.3492063492,70319.15662650602,70319.15662650602,1204819.277108434,0.9090909090909092,0.04,0.2057416267942584,1,172.30489
Nangate45,XORX1,XOR2_X1,A,Z,fall,40.9838,0.0015831,1.1,25.0,19.669,1.5135135135135138,2.52e-06,1.6649999999999995e-06,0,1,1,3.737283829590765,0.0015818482181514,396825.3968253968,600600.6006006007,628.2142857142857,950.8108108108112,950.8108108108112,600600.6006006007,0.9090909090909092,0.04,0.2043010752688172,1,29.788733
Nangate45,XORX1,XOR2_X1,A,Z,fall,198.535,0.0015831,1.1,25.0,116.945,1.5135135135135138,2.52e-06,1.6649999999999995e-06,0,1,1,5.295989659538859,0.0015818482181514,396825.3968253968,600600.6006006007,628.2142857142857,950.8108108108112,950.8108108108112,600600.6006006007,0.9090909090909092,0.04,0.2043010752688172,1,51.903282
Nangate45,NORX1,NOR2_X1,A2,ZN,rise,1.1737799999999998,0.0267029,1.1,25.0,151.48700000000002,1.5180722891566267,1.26e-06,8.299999999999999e-07,0,1,1,0.7764675876261998,0.0263525999024103,793650.7936507936,1204819.277108434,21192.777777777777,32172.1686746988,21192.777777777777,793650.7936507936,0.9090909090909092,0.04,0.2057416267942584,1,170.50179
Nangate45,INVX1,TINV_X1,I,ZN,rise,198.535,0.001526164229,1.1,25.0,73.0106,1.5180722891566267,6.3e-07,4.1500000000000005e-07,1,1,1,5.295989659538859,0.0015250008239207,1587301.5873015872,2409638.554216868,2422.482903174603,3677.5041662650606,2422.482903174603,1587301.5873015872,0.9090909090909092,0.04,0.2057416267942584,1,47.940315
Nangate45,XORX1,XOR2_X1,B,Z,fall,1.1737799999999998,0.0063324,1.1,25.0,21.643,1.5135135135135138,2.52e-06,1.6649999999999995e-06,0,1,1,0.7764675876261998,0.0063124345967383,396825.3968253968,600600.6006006007,2512.8571428571427,3803.243243243244,3803.243243243244,600600.6006006007,0.9090909090909092,0.04,0.2043010752688172,1,34.560112
Nangate45,NORX1,NOR4_X1,A1,ZN,rise,17.1859,0.000365616,1.1,25.0,34.8229,1.5180722891566267,1.26e-06,8.299999999999999e-07,0,1,1,2.900646568553312,0.000365549178757,793650.7936507936,1204819.277108434,290.1714285714286,440.5012048192772,290.1714285714286,793650.7936507936,0.9090909090909092,0.04,0.2057416267942584,1,50.129528
Nangate45,NANDX1,NAND3_X1,A1,ZN,fall,130.081,0.0145912,1.1,25.0,95.97,1.5180722891566267,1.26e-06,8.299999999999999e-07,0,1,1,4.875815452730412,0.0144857727440233,793650.7936507936,1204819.277108434,11580.31746031746,17579.75903614458,17579.75903614458,1204819.277108434,0.9090909090909092,0.04,0.2057416267942584,1,78.85795
Nangate45,INVX1,INV_X16,A,ZN,fall,4.72397,0.121155,1.1,25.0,14.0777,1.5180722891566267,6.3e-07,4.1500000000000005e-07,1,1,1,1.7446626205903233,0.1143594039340094,1587301.5873015872,2409638.554216868,192309.5238095238,291939.7590361446,291939.7590361446,2409638.554216868,0.9090909090909092,0.04,0.2057416267942584,1,46.71871
Nangate45,INVX2,INV_X2,A,ZN,fall,4.72397,0.000365616,1.1,25.0,4.44597,1.5180722891566267,1.26e-06,8.299999999999999e-07,1,1,1,1.7446626205903233,0.000365549178757,793650.7936507936,1204819.277108434,290.1714285714286,440.5012048192772,440.5012048192772,1204819.277108434,0.9090909090909092,0.04,0.2057416267942584,1,6.070216
Nangate45,NANDX1,NAND4_X1,A1,ZN,rise,17.1859,0.00349999,1.1,25.0,26.0078,1.5180722891566267,1.26e-06,8.299999999999999e-07,0,1,1,2.900646568553312,0.0034938792891336,793650.7936507936,1204819.277108434,2777.769841269841,4216.855421686748,2777.769841269841,793650.7936507936,0.9090909090909092,0.04,0.2057416267942584,1,30.860682
Nangate45,NANDX1,NAND4_X1,A2,ZN,fall,130.081,0.00349999,1.1,25.0,60.9674,1.5180722891566267,1.26e-06,8.299999999999999e-07,0,1,1,4.875815452730412,0.0034938792891336,793650.7936507936,1204819.277108434,2777.769841269841,4216.855421686748,4216.855421686748,1204819.277108434,0.9090909090909092,0.04,0.2057416267942584,1,39.52437
Nangate45,NORX1,NOR3_X1,A3,ZN,fall,78.0596,0.000686498,1.1,25.0,13.3047,1.5180722891566267,1.26e-06,8.299999999999999e-07,0,1,1,4.370201998407221,0.0006862624680366,793650.7936507936,1204819.277108434,544.8396825396825,827.1060240963857,827.1060240963857,1204819.277108434,0.9090909090909092,0.04,0.2057416267942584,1,20.662888
Nangate45,NORX1,NOR3_X1,A3,ZN,rise,78.0596,0.00454444,1.1,25.0,92.6076,1.5180722891566267,1.26e-06,8.299999999999999e-07,0,1,1,4.370201998407221,0.0045341452101301,793650.7936507936,1204819.277108434,3606.698412698413,5475.228915662652,3606.698412698413,793650.7936507936,0.9090909090909092,0.04,0.2057416267942584,1,84.82517
Nangate45,NANDX1,NAND4_X1,A1,ZN,fall,4.72397,0.0279999,1.1,25.0,122.906,1.5180722891566267,1.26e-06,8.299999999999999e-07,0,1,1,1.7446626205903233,0.027615069756704,793650.7936507936,1204819.277108434,22222.14285714286,33734.81927710844,33734.81927710844,1204819.277108434,0.9090909090909092,0.04,0.2057416267942584,1,79.31838
Nangate45,NORX1,NOR2_X1,A1,ZN,fall,78.0596,0.0267029,1.1,25.0,67.2757,1.5180722891566267,1.26e-06,8.299999999999999e-07,0,1,1,4.370201998407221,0.0263525999024103,793650.7936507936,1204819.277108434,21192.777777777777,32172.1686746988,32172.1686746988,1204819.277108434,0.9090909090909092,0.04,0.2057416267942584,1,80.637024
Nangate45,XORX1,XOR2_X1,B,Z,fall,198.535,0.0126648,1.1,25.0,133.404,1.5135135135135138,2.52e-06,1.6649999999999995e-06,0,1,1,5.295989659538859,0.0125852721858001,396825.3968253968,600600.6006006007,5025.714285714285,7606.486486486488,7606.486486486488,600600.6006006007,0.9090909090909092,0.04,0.2043010752688172,1,93.240135
Nangate45,XORX1,XOR2_X1,B,Z,fall,4.72397,0.0031662,1.1,25.0,16.490000000000002,1.5135135135135138,2.52e-06,1.6649999999999995e-06,0,1,1,1.7446626205903233,0.0031611981439168,396825.3968253968,600600.6006006007,1256.428571428571,1901.621621621622,1901.621621621622,600600.6006006007,0.9090909090909092,0.04,0.2043010752688172,1,28.717104
Nangate45,NANDX1,NAND2_X1,A2,ZN,fall,1.1737799999999998,0.0148392,1.1,25.0,38.3884,1.5180722891566267,1.26e-06,8.299999999999999e-07,0,1,1,0.7764675876261998,0.0147301762980792,793650.7936507936,1204819.277108434,11777.142857142857,17878.554216867473,17878.554216867473,1204819.277108434,0.9090909090909092,0.04,0.2057416267942584,1,63.834805
Nangate45,XORX1,XOR2_X1,B,Z,fall,1.1737799999999998,0.0253296,1.1,25.0,61.116,1.5135135135135138,2.52e-06,1.6649999999999995e-06,0,1,1,0.7764675876261998,0.0250141218763313,396825.3968253968,600600.6006006007,10051.42857142857,15212.972972972975,15212.972972972975,600600.6006006007,0.9090909090909092,0.04,0.2043010752688172,1,55.010693
Nangate45,NORX1,NOR3_X1,A2,ZN,fall,130.081,0.000365616,1.1,25.0,3.81539,1.5180722891566267,1.26e-06,8.299999999999999e-07,0,1,1,4.875815452730412,0.000365549178757,793650.7936507936,1204819.277108434,290.1714285714286,440.5012048192772,440.5012048192772,1204819.277108434,0.9090909090909092,0.04,0.2057416267942584,1,28.538008
Nangate45,NORX1,XNOR2_X1,B,ZN,rise,78.0596,0.000365616,1.1,25.0,47.666,1.5180722891566267,1.26e-06,8.299999999999999e-07,0,1,1,4.370201998407221,0.000365549178757,793650.7936507936,1204819.277108434,290.1714285714286,440.5012048192772,290.1714285714286,793650.7936507936,0.9090909090909092,0.04,0.2057416267942584,1,57.231453
Nangate45,NORX1,XNOR2_X1,B,ZN,fall,4.72397,0.0260162,1.1,25.0,65.35499999999999,1.5180722891566267,1.26e-06,8.299999999999999e-07,0,1,1,1.7446626205903233,0.0256835360976095,793650.7936507936,1204819.277108434,20647.77777777778,31344.819277108443,31344.819277108443,1204819.277108434,0.9090909090909092,0.04,0.2057416267942584,1,52.059982
Nangate45,NANDX1,NAND3_X1,A2,ZN,rise,130.081,0.0145912,1.1,25.0,105.435,1.5180722891566267,1.26e-06,8.299999999999999e-07,0,1,1,4.875815452730412,0.0144857727440233,793650.7936507936,1204819.277108434,11580.31746031746,17579.75903614458,11580.31746031746,793650.7936507936,0.9090909090909092,0.04,0.2057416267942584,1,99.247986
Nangate45,NORX1,NOR4_X1,A4,ZN,rise,198.535,0.00598648,1.1,25.0,168.30999999999997,1.5180722891566267,1.26e-06,8.299999999999999e-07,0,1,1,5.295989659538859,0.0059686322234213,793650.7936507936,1204819.277108434,4751.174603174603,7212.626506024098,4751.174603174603,793650.7936507936,0.9090909090909092,0.04,0.2057416267942584,1,106.12384
Nangate45,NORX1,XNOR2_X1,B,ZN,fall,1.1737799999999998,0.0260162,1.1,25.0,64.055,1.5180722891566267,1.26e-06,8.299999999999999e-07,0,1,1,0.7764675876261998,0.0256835360976095,793650.7936507936,1204819.277108434,20647.77777777778,31344.819277108443,31344.819277108443,1204819.277108434,0.9090909090909092,0.04,0.2057416267942584,1,50.769096
Nangate45,INVX1,INV_X1,A,ZN,fall,17.1859,0.0151825,1.1,25.0,28.4937,1.5180722891566267,6.3e-07,4.1500000000000005e-07,1,1,1,2.900646568553312,0.0150683992868016,1587301.5873015872,2409638.554216868,24099.206349206343,36584.3373493976,36584.3373493976,2409638.554216868,0.9090909090909092,0.04,0.2057416267942584,1,37.395603
Nangate45,NORX1,NOR3_X1,A3,ZN,rise,198.535,0.000686498,1.1,25.0,81.6607,1.5180722891566267,1.26e-06,8.299999999999999e-07,0,1,1,5.295989659538859,0.0006862624680366,793650.7936507936,1204819.277108434,544.8396825396825,827.1060240963857,544.8396825396825,793650.7936507936,0.9090909090909092,0.04,0.2057416267942584,1,90.75963
Nangate45,NANDX1,NAND2_X1,A1,ZN,rise,78.0596,0.0296783,1.1,25.0,117.889,1.5180722891566267,1.26e-06,8.299999999999999e-07,0,1,1,4.370201998407221,0.0292464233592539,793650.7936507936,1204819.277108434,23554.20634920635,35756.987951807234,23554.20634920635,793650.7936507936,0.9090909090909092,0.04,0.2057416267942584,1,174.66682
Nangate45,NANDX1,NAND3_X1,A3,ZN,rise,4.72397,0.0583649,1.1,25.0,154.45700000000002,1.5180722891566267,1.26e-06,8.299999999999999e-07,0,1,1,1.7446626205903233,0.0567251700033895,793650.7936507936,1204819.277108434,46321.3492063492,70319.15662650602,46321.3492063492,793650.7936507936,0.9090909090909092,0.04,0.2057416267942584,1,166.1722
Nangate45,INVX1,INV_X16,A,ZN,fall,4.72397,0.969238,1.1,25.0,78.5507,1.5180722891566267,6.3e-07,4.1500000000000005e-07,1,1,1,1.7446626205903233,0.6776466658922388,1587301.5873015872,2409638.554216868,1538473.015873016,2335513.2530120485,2335513.2530120485,2409638.554216868,0.9090909090909092,0.04,0.2057416267942584,1,127.83686
Nangate45,NANDX1,NAND3_X1,A1,ZN,fall,198.535,0.0583649,1.1,25.0,259.623,1.5180722891566267,1.26e-06,8.299999999999999e-07,0,1,1,5.295989659538859,0.0567251700033895,793650.7936507936,1204819.277108434,46321.3492063492,70319.15662650602,70319.15662650602,1204819.277108434,0.9090909090909092,0.04,0.2057416267942584,1,220.98518
Nangate45,XORX1,XOR2_X1,A,Z,fall,17.1859,0.0031662,1.1,25.0,20.138,1.5135135135135138,2.52e-06,1.6649999999999995e-06,0,1,1,2.900646568553312,0.0031611981439168,396825.3968253968,600600.6006006007,1256.428571428571,1901.621621621622,1901.621621621622,600600.6006006007,0.9090909090909092,0.04,0.2043010752688172,1,40.243824
Nangate45,INVX1,INV_X16,A,ZN,fall,1.1737799999999998,0.484619,1.1,25.0,40.2244,1.5180722891566267,6.3e-07,4.1500000000000005e-07,1,1,1,0.7764675876261998,0.3951581736794985,1587301.5873015872,2409638.554216868,769236.5079365079,1167756.6265060245,1167756.6265060245,2409638.554216868,0.9090909090909092,0.04,0.2057416267942584,1,82.77517
Nangate45,NANDX1,NAND3_X1,A3,ZN,fall,198.535,0.0018239,1.1,25.0,28.6386,1.5180722891566267,1.26e-06,8.299999999999999e-07,0,1,1,5.295989659538859,0.0018222387141011,793650.7936507936,1204819.277108434,1447.5396825396824,2197.4698795180725,2197.4698795180725,1204819.277108434,0.9090909090909092,0.04,0.2057416267942584,1,44.94794
Nangate45,INVX1,TINV_X1,EN,ZN,rise,130.081,0.01217354323,1.1,25.0,127.495,1.5180722891566267,6.3e-07,4.1500000000000005e-07,1,1,1,4.875815452730412,0.0121000415684708,1587301.5873015872,2409638.554216868,19323.08449206349,29333.839108433735,19323.08449206349,1587301.5873015872,0.9090909090909092,0.04,0.2057416267942584,1,85.64412
Nangate45,NANDX1,NAND4_X1,A3,ZN,rise,40.9838,0.0559998,1.1,25.0,168.70499999999998,1.5180722891566267,1.26e-06,8.299999999999999e-07,0,1,1,3.737283829590765,0.0544879958901124,793650.7936507936,1204819.277108434,44444.28571428572,67469.63855421687,44444.28571428572,793650.7936507936,0.9090909090909092,0.04,0.2057416267942584,1,185.83345
Nangate45,NORX1,NOR4_X1,A2,ZN,fall,17.1859,0.00598648,1.1,25.0,20.4162,1.5180722891566267,1.26e-06,8.299999999999999e-07,0,1,1,2.900646568553312,0.0059686322234213,793650.7936507936,1204819.277108434,4751.174603174603,7212.626506024098,7212.626506024098,1204819.277108434,0.9090909090909092,0.04,0.2057416267942584,1,19.71378
Nangate45,XORX1,XOR2_X1,B,Z,fall,198.535,0.00079155,1.1,25.0,109.73,1.5135135135135138,2.52e-06,1.6649999999999995e-06,0,1,1,5.295989659538859,0.0007912368895162,396825.3968253968,600600.6006006007,314.10714285714283,475.40540540540553,475.40540540540553,600600.6006006007,0.9090909090909092,0.04,0.2043010752688172,1,46.155106
Nangate45,NANDX1,NAND2_X1,A2,ZN,rise,17.1859,0.00370979,1.1,25.0,25.844,1.5180722891566267,1.26e-06,8.299999999999999e-07,0,1,1,2.900646568553312,0.0037029257005795,793650.7936507936,1204819.277108434,2944.277777777778,4469.626506024097,2944.277777777778,793650.7936507936,0.9090909090909092,0.04,0.2057416267942584,1,36.664246
Nangate45,NORX1,NOR4_X1,A4,ZN,rise,1.1737799999999998,0.0104713,1.1,25.0,169.966,1.5180722891566267,1.26e-06,8.299999999999999e-07,0,1,1,0.7764675876261998,0.010416855676904,793650.7936507936,1204819.277108434,8310.555555555555,12616.024096385545,8310.555555555555,793650.7936507936,0.9090909090909092,0.04,0.2057416267942584,1,65.30079
Nangate45,NANDX1,NAND2_X1,A2,ZN,fall,198.535,0.00370979,1.1,25.0,31.3815,1.5180722891566267,1.26e-06,8.299999999999999e-07,0,1,1,5.295989659538859,0.0037029257005795,793650.7936507936,1204819.277108434,2944.277777777778,4469.626506024097,4469.626506024097,1204819.277108434,0.9090909090909092,0.04,0.2057416267942584,1,53.823357
Nangate45,NANDX1,NAND2_X1,A2,ZN,fall,4.72397,0.0018549,1.1,25.0,12.6058,1.5180722891566267,1.26e-06,8.299999999999999e-07,0,1,1,1.7446626205903233,0.0018531817973962,793650.7936507936,1204819.277108434,1472.142857142857,2234.819277108434,2234.819277108434,1204819.277108434,0.9090909090909092,0.04,0.2057416267942584,1,12.872914
Nangate45,NANDX1,NAND4_X1,A1,ZN,rise,4.72397,0.0279999,1.1,25.0,78.749,1.5180722891566267,1.26e-06,8.299999999999999e-07,0,1,1,1.7446626205903233,0.027615069756704,793650.7936507936,1204819.277108434,22222.14285714286,33734.81927710844,22222.14285714286,793650.7936507936,0.9090909090909092,0.04,0.2057416267942584,1,102.990234
Nangate45,XORX1,XOR2_X1,B,Z,rise,198.535,0.0031662,1.1,25.0,65.043,1.5135135135135138,2.52e-06,1.6649999999999995e-06,0,1,1,5.295989659538859,0.0031611981439168,396825.3968253968,600600.6006006007,1256.428571428571,1901.621621621622,1256.428571428571,396825.3968253968,0.9090909090909092,0.04,0.2043010752688172,1,95.623024
Nangate45,INVX2,INV_X2,A,ZN,rise,78.0596,0.000365616,1.1,25.0,22.6242,1.5180722891566267,1.26e-06,8.299999999999999e-07,1,1,1,4.370201998407221,0.000365549178757,793650.7936507936,1204819.277108434,290.1714285714286,440.5012048192772,290.1714285714286,793650.7936507936,0.9090909090909092,0.04,0.2057416267942584,1,17.213642
Nangate45,INVX2,INV_X2,A,ZN,fall,78.0596,0.06073,1.1,25.0,72.301,1.5180722891566267,1.26e-06,8.299999999999999e-07,1,1,1,4.370201998407221,0.0589573503385265,793650.7936507936,1204819.277108434,48198.41269841269,73168.67469879519,73168.67469879519,1204819.277108434,0.9090909090909092,0.04,0.2057416267942584,1,77.56259
Nangate45,XORX1,XOR2_X1,B,Z,fall,4.72397,0.00079155,1.1,25.0,51.306,1.5135135135135138,2.52e-06,1.6649999999999995e-06,0,1,1,1.7446626205903233,0.0007912368895162,396825.3968253968,600600.6006006007,314.10714285714283,475.40540540540553,475.40540540540553,600600.6006006007,0.9090909090909092,0.04,0.2043010752688172,1,20.527477
Nangate45,INVX1,TINV_X1,I,ZN,fall,130.081,0.006518463229,1.1,25.0,45.7359,1.5180722891566267,6.3e-07,4.1500000000000005e-07,1,1,1,4.875815452730412,0.0064973099225053,1587301.5873015872,2409638.554216868,10346.76703015873,15707.140310843375,15707.140310843375,2409638.554216868,0.9090909090909092,0.04,0.2057416267942584,1,61.726406
Nangate45,NORX1,NOR2_X1,A2,ZN,rise,4.72397,0.00333786,1.1,25.0,34.714,1.5180722891566267,1.26e-06,8.299999999999999e-07,0,1,1,1.7446626205903233,0.0033323017104042,793650.7936507936,1204819.277108434,2649.095238095238,4021.518072289157,2649.095238095238,793650.7936507936,0.9090909090909092,0.04,0.2057416267942584,1,42.821198
Nangate45,INVX1,INV_X16,A,ZN,rise,17.1859,0.484619,1.1,25.0,86.7066,1.5180722891566267,6.3e-07,4.1500000000000005e-07,1,1,1,2.900646568553312,0.3951581736794985,1587301.5873015872,2409638.554216868,769236.5079365079,1167756.6265060245,769236.5079365079,1587301.5873015872,0.9090909090909092,0.04,0.2057416267942584,1,94.30704
Nangate45,XORX1,XOR2_X1,A,Z,fall,1.1737799999999998,0.0126648,1.1,25.0,33.51,1.5135135135135138,2.52e-06,1.6649999999999995e-06,0,1,1,0.7764675876261998,0.0125852721858001,396825.3968253968,600600.6006006007,5025.714285714285,7606.486486486488,7606.486486486488,600600.6006006007,0.9090909090909092,0.04,0.2043010752688172,1,48.78028
Nangate45,XORX1,XOR2_X1,A,Z,fall,17.1859,0.0253296,1.1,25.0,66.3,1.5135135135135138,2.52e-06,1.6649999999999995e-06,0,1,1,2.900646568553312,0.0250141218763313,396825.3968253968,600600.6006006007,10051.42857142857,15212.972972972975,15212.972972972975,600600.6006006007,0.9090909090909092,0.04,0.2043010752688172,1,67.17882
Nangate45,NANDX1,NAND2_X1,A2,ZN,rise,198.535,0.0148392,1.1,25.0,126.671,1.5180722891566267,1.26e-06,8.299999999999999e-07,0,1,1,5.295989659538859,0.0147301762980792,793650.7936507936,1204819.277108434,11777.142857142857,17878.554216867473,11777.142857142857,793650.7936507936,0.9090909090909092,0.04,0.2057416267942584,1,150.80179
Nangate45,NANDX1,NAND4_X1,A4,ZN,rise,40.9838,0.0017499899999999,1.1,25.0,38.9244,1.5180722891566267,1.26e-06,8.299999999999999e-07,0,1,1,3.737283829590765,0.0017484605515862,793650.7936507936,1204819.277108434,1388.8809523809523,2108.421686746988,1388.8809523809523,793650.7936507936,0.9090909090909092,0.04,0.2057416267942584,1,31.795391
Nangate45,NANDX1,NAND4_X1,A3,ZN,rise,1.1737799999999998,0.0139999,1.1,25.0,47.9459,1.5180722891566267,1.26e-06,8.299999999999999e-07,0,1,1,0.7764675876261998,0.0139028065496571,793650.7936507936,1204819.277108434,11111.031746031746,16867.349397590366,11111.031746031746,793650.7936507936,0.9090909090909092,0.04,0.2057416267942584,1,57.406437
Nangate45,NORX1,XNOR2_X1,B,ZN,fall,130.081,0.0130081,1.1,25.0,107.345,1.5180722891566267,1.26e-06,8.299999999999999e-07,0,1,1,4.875815452730412,0.0129242212859107,793650.7936507936,1204819.277108434,10323.88888888889,15672.409638554222,15672.409638554222,1204819.277108434,0.9090909090909092,0.04,0.2057416267942584,1,58.16386
Nangate45,NANDX1,NAND2_X1,A2,ZN,rise,78.0596,0.000365616,1.1,25.0,32.6637,1.5180722891566267,1.26e-06,8.299999999999999e-07,0,1,1,4.370201998407221,0.000365549178757,793650.7936507936,1204819.277108434,290.1714285714286,440.5012048192772,290.1714285714286,793650.7936507936,0.9090909090909092,0.04,0.2057416267942584,1,34.744133
Nangate45,NANDX1,NAND4_X1,A4,ZN,fall,1.1737799999999998,0.0559998,1.1,25.0,236.462,1.5180722891566267,1.26e-06,8.299999999999999e-07,0,1,1,0.7764675876261998,0.0544879958901124,793650.7936507936,1204819.277108434,44444.28571428572,67469.63855421687,67469.63855421687,1204819.277108434,0.9090909090909092,0.04,0.2057416267942584,1,126.50156
Nangate45,NORX1,NOR4_X1,A2,ZN,rise,4.72397,0.00063952,1.1,25.0,51.3211,1.5180722891566267,1.26e-06,8.299999999999999e-07,0,1,1,1.7446626205903233,0.0006393155942278,793650.7936507936,1204819.277108434,507.5555555555555,770.5060240963857,507.5555555555555,793650.7936507936,0.9090909090909092,0.04,0.2057416267942584,1,47.96275
Nangate45,NANDX1,NAND2_X1,A1,ZN,rise,4.72397,0.0148392,1.1,25.0,44.2815,1.5180722891566267,1.26e-06,8.299999999999999e-07,0,1,1,1.7446626205903233,0.0147301762980792,793650.7936507936,1204819.277108434,11777.142857142857,17878.554216867473,11777.142857142857,793650.7936507936,0.9090909090909092,0.04,0.2057416267942584,1,90.9134
Nangate45,NORX1,NOR4_X1,A2,ZN,rise,1.1737799999999998,0.00063952,1.1,25.0,51.2333,1.5180722891566267,1.26e-06,8.299999999999999e-07,0,1,1,0.7764675876261998,0.0006393155942278,793650.7936507936,1204819.277108434,507.5555555555555,770.5060240963857,507.5555555555555,793650.7936507936,0.9090909090909092,0.04,0.2057416267942584,1,37.296204
Nangate45,NORX1,XNOR2_X1,B,ZN,rise,1.1737799999999998,0.00325202,1.1,25.0,36.63,1.5180722891566267,1.26e-06,8.299999999999999e-07,0,1,1,0.7764675876261998,0.0032467436191291,793650.7936507936,1204819.277108434,2580.968253968254,3918.096385542169,2580.968253968254,793650.7936507936,0.9090909090909092,0.04,0.2057416267942584,1,44.264572
Nangate45,INVX1,TINV_X1,EN,ZN,fall,78.0596,0.02342024323,1.1,25.0,96.962,1.5180722891566267,6.3e-07,4.1500000000000005e-07,1,1,1,4.370201998407221,0.0231501975625825,1587301.5873015872,2409638.554216868,37174.989253968255,56434.32103614459,56434.32103614459,2409638.554216868,0.9090909090909092,0.04,0.2057416267942584,1,78.39616
Nangate45,INVX1,TINV_X1,EN,ZN,fall,17.1859,0.02342024323,1.1,25.0,78.11800000000001,1.5180722891566267,6.3e-07,4.1500000000000005e-07,1,1,1,2.900646568553312,0.0231501975625825,1587301.5873015872,2409638.554216868,37174.989253968255,56434.32103614459,56434.32103614459,2409638.554216868,0.9090909090909092,0.04,0.2057416267942584,1,50.563713
Nangate45,NORX1,NOR4_X1,A4,ZN,rise,78.0596,0.00195665,1.1,25.0,100.418,1.5180722891566267,1.26e-06,8.299999999999999e-07,0,1,1,4.370201998407221,0.0019547382537281,793650.7936507936,1204819.277108434,1552.8968253968253,2357.409638554217,1552.8968253968253,793650.7936507936,0.9090909090909092,0.04,0.2057416267942584,1,67.02358
Nangate45,NORX1,XNOR2_X1,A,ZN,fall,1.1737799999999998,0.00162601,1.1,25.0,10.354,1.5180722891566267,1.26e-06,8.299999999999999e-07,0,1,1,0.7764675876261998,0.0016246894770018,793650.7936507936,1204819.277108434,1290.484126984127,1959.0481927710848,1959.0481927710848,1204819.277108434,0.9090909090909092,0.04,0.2057416267942584,1,13.313868
Nangate45,NORX1,NOR4_X1,A1,ZN,rise,40.9838,0.00195665,1.1,25.0,63.0677,1.5180722891566267,1.26e-06,8.299999999999999e-07,0,1,1,3.737283829590765,0.0019547382537281,793650.7936507936,1204819.277108434,1552.8968253968253,2357.409638554217,1552.8968253968253,793650.7936507936,0.9090909090909092,0.04,0.2057416267942584,1,54.56937
Nangate45,NANDX1,NAND4_X1,A4,ZN,rise,17.1859,0.00349999,1.1,25.0,31.6934,1.5180722891566267,1.26e-06,8.299999999999999e-07,0,1,1,2.900646568553312,0.0034938792891336,793650.7936507936,1204819.277108434,2777.769841269841,4216.855421686748,2777.769841269841,793650.7936507936,0.9090909090909092,0.04,0.2057416267942584,1,30.860683
Nangate45,NORX1,NOR3_X1,A1,ZN,rise,17.1859,0.000686498,1.1,25.0,28.8021,1.5180722891566267,1.26e-06,8.299999999999999e-07,0,1,1,2.900646568553312,0.0006862624680366,793650.7936507936,1204819.277108434,544.8396825396825,827.1060240963857,544.8396825396825,793650.7936507936,0.9090909090909092,0.04,0.2057416267942584,1,51.35764
Nangate45,XORX1,XOR2_X1,B,Z,fall,130.081,0.00079155,1.1,25.0,92.143,1.5135135135135138,2.52e-06,1.6649999999999995e-06,0,1,1,4.875815452730412,0.0007912368895162,396825.3968253968,600600.6006006007,314.10714285714283,475.40540540540553,475.40540540540553,600600.6006006007,0.9090909090909092,0.04,0.2043010752688172,1,37.259262
Nangate45,INVX1,TINV_X1,EN,ZN,fall,198.535,0.001526164229,1.1,25.0,58.262,1.5180722891566267,6.3e-07,4.1500000000000005e-07,1,1,1,5.295989659538859,0.0015250008239207,1587301.5873015872,2409638.554216868,2422.482903174603,3677.5041662650606,3677.5041662650606,2409638.554216868,0.9090909090909092,0.04,0.2057416267942584,1,36.861034
Nangate45,NORX1,NOR4_X1,A1,ZN,fall,78.0596,0.000365616,1.1,25.0,6.30584,1.5180722891566267,1.26e-06,8.299999999999999e-07,0,1,1,4.370201998407221,0.000365549178757,793650.7936507936,1204819.277108434,290.1714285714286,440.5012048192772,440.5012048192772,1204819.277108434,0.9090909090909092,0.04,0.2057416267942584,1,13.795132
Nangate45,NANDX1,NAND4_X1,A4,ZN,rise,78.0596,0.000365616,1.1,25.0,45.0968,1.5180722891566267,1.26e-06,8.299999999999999e-07,0,1,1,4.370201998407221,0.000365549178757,793650.7936507936,1204819.277108434,290.1714285714286,440.5012048192772,290.1714285714286,793650.7936507936,0.9090909090909092,0.04,0.2057416267942584,1,34.744133
Nangate45,XORX1,XOR2_X1,B,Z,rise,78.0596,0.0031662,1.1,25.0,69.84400000000001,1.5135135135135138,2.52e-06,1.6649999999999995e-06,0,1,1,4.370201998407221,0.0031611981439168,396825.3968253968,600600.6006006007,1256.428571428571,1901.621621621622,1256.428571428571,396825.3968253968,0.9090909090909092,0.04,0.2043010752688172,1,71.15659
Nangate45,NORX1,NOR3_X1,A3,ZN,fall,4.72397,0.00454444,1.1,25.0,12.476299999999998,1.5180722891566267,1.26e-06,8.299999999999999e-07,0,1,1,1.7446626205903233,0.0045341452101301,793650.7936507936,1204819.277108434,3606.698412698413,5475.228915662652,5475.228915662652,1204819.277108434,0.9090909090909092,0.04,0.2057416267942584,1,21.910818
Nangate45,INVX1,INV_X1,A,ZN,fall,78.0596,0.00759125,1.1,25.0,28.4204,1.5180722891566267,6.3e-07,4.1500000000000005e-07,1,1,1,4.370201998407221,0.0075625814570239,1587301.5873015872,2409638.554216868,12049.603174603171,18292.1686746988,18292.1686746988,2409638.554216868,0.9090909090909092,0.04,0.2057416267942584,1,53.54942
Nangate45,INVX1,INV_X1,A,ZN,rise,78.0596,0.0151825,1.1,25.0,81.425,1.5180722891566267,6.3e-07,4.1500000000000005e-07,1,1,1,4.370201998407221,0.0150683992868016,1587301.5873015872,2409638.554216868,24099.206349206343,36584.3373493976,24099.206349206343,1587301.5873015872,0.9090909090909092,0.04,0.2057416267942584,1,75.722084
Nangate45,NANDX1,NAND4_X1,A1,ZN,fall,78.0596,0.00349999,1.1,25.0,50.2922,1.5180722891566267,1.26e-06,8.299999999999999e-07,0,1,1,4.370201998407221,0.0034938792891336,793650.7936507936,1204819.277108434,2777.769841269841,4216.855421686748,4216.855421686748,1204819.277108434,0.9090909090909092,0.04,0.2057416267942584,1,30.250381
Nangate45,NORX1,NOR2_X1,A2,ZN,rise,198.535,0.0066757299999999,1.1,25.0,115.886,1.5180722891566267,1.26e-06,8.299999999999999e-07,0,1,1,5.295989659538859,0.0066535459893972,793650.7936507936,1204819.277108434,5298.198412698412,8043.048192771084,5298.198412698412,793650.7936507936,0.9090909090909092,0.04,0.2057416267942584,1,106.12862
Nangate45,NORX1,XNOR2_X1,A,ZN,fall,40.9838,0.00325202,1.1,25.0,25.7,1.5180722891566267,1.26e-06,8.299999999999999e-07,0,1,1,3.737283829590765,0.0032467436191291,793650.7936507936,1204819.277108434,2580.968253968254,3918.096385542169,3918.096385542169,1204819.277108434,0.9090909090909092,0.04,0.2057416267942584,1,13.83493
Nangate45,NORX1,XNOR2_X1,B,ZN,fall,198.535,0.000365616,1.1,25.0,17.044,1.5180722891566267,1.26e-06,8.299999999999999e-07,0,1,1,5.295989659538859,0.000365549178757,793650.7936507936,1204819.277108434,290.1714285714286,440.5012048192772,440.5012048192772,1204819.277108434,0.9090909090909092,0.04,0.2057416267942584,1,44.820896
Nangate45,XORX1,XOR2_X1,B,Z,fall,1.1737799999999998,0.00079155,1.1,25.0,10.050999999999998,1.5135135135135138,2.52e-06,1.6649999999999995e-06,0,1,1,0.7764675876261998,0.0007912368895162,396825.3968253968,600600.6006006007,314.10714285714283,475.40540540540553,475.40540540540553,600600.6006006007,0.9090909090909092,0.04,0.2043010752688172,1,18.386026
Nangate45,INVX1,TINV_X1,EN,ZN,fall,17.1859,0.006518463229,1.1,25.0,36.64,1.5180722891566267,6.3e-07,4.1500000000000005e-07,1,1,1,2.900646568553312,0.0064973099225053,1587301.5873015872,2409638.554216868,10346.76703015873,15707.140310843375,15707.140310843375,2409638.554216868,0.9090909090909092,0.04,0.2057416267942584,1,33.737465
Nangate45,NORX1,NOR4_X1,A1,ZN,rise,17.1859,0.00598648,1.1,25.0,94.742,1.5180722891566267,1.26e-06,8.299999999999999e-07,0,1,1,2.900646568553312,0.0059686322234213,793650.7936507936,1204819.277108434,4751.174603174603,7212.626506024098,4751.174603174603,793650.7936507936,0.9090909090909092,0.04,0.2057416267942584,1,68.695656
Nangate45,NANDX1,NAND3_X1,A1,ZN,fall,4.72397,0.0145912,1.1,25.0,54.0285,1.5180722891566267,1.26e-06,8.299999999999999e-07,0,1,1,1.7446626205903233,0.0144857727440233,793650.7936507936,1204819.277108434,11580.31746031746,17579.75903614458,17579.75903614458,1204819.277108434,0.9090909090909092,0.04,0.2057416267942584,1,33.57137
Nangate45,NORX1,NOR3_X1,A1,ZN,rise,4.72397,0.0160217,1.1,25.0,145.376,1.5180722891566267,1.26e-06,8.299999999999999e-07,0,1,1,1.7446626205903233,0.0158947071959221,793650.7936507936,1204819.277108434,12715.63492063492,19303.253012048197,12715.63492063492,793650.7936507936,0.9090909090909092,0.04,0.2057416267942584,1,145.0881
Nangate45,INVX2,INV_X2,A,ZN,rise,198.535,0.00379562,1.1,25.0,54.0298,1.5180722891566267,1.26e-06,8.299999999999999e-07,1,1,1,5.295989659538859,0.0037884348101687,793650.7936507936,1204819.277108434,3012.396825396825,4573.036144578314,3012.396825396825,793650.7936507936,0.9090909090909092,0.04,0.2057416267942584,1,52.71923
Nangate45,XORX1,XOR2_X1,B,Z,fall,40.9838,0.0015831,1.1,25.0,67.233,1.5135135135135138,2.52e-06,1.6649999999999995e-06,0,1,1,3.737283829590765,0.0015818482181514,396825.3968253968,600600.6006006007,628.2142857142857,950.8108108108112,950.8108108108112,600600.6006006007,0.9090909090909092,0.04,0.2043010752688172,1,36.549168
Nangate45,NANDX1,NAND4_X1,A3,ZN,fall,4.72397,0.0139999,1.1,25.0,75.7166,1.5180722891566267,1.26e-06,8.299999999999999e-07,0,1,1,1.7446626205903233,0.0139028065496571,793650.7936507936,1204819.277108434,11111.031746031746,16867.349397590366,16867.349397590366,1204819.277108434,0.9090909090909092,0.04,0.2057416267942584,1,33.553177
Nangate45,INVX1,INV_X1,A,ZN,fall,130.081,0.030365,1.1,25.0,84.4139,1.5180722891566267,6.3e-07,4.1500000000000005e-07,1,1,1,4.875815452730412,0.0299131083997428,1587301.5873015872,2409638.554216868,48198.41269841269,73168.67469879519,73168.67469879519,2409638.554216868,0.9090909090909092,0.04,0.2057416267942584,1,48.846764
Nangate45,NORX1,NOR4_X1,A4,ZN,fall,17.1859,0.0104713,1.1,25.0,26.6879,1.5180722891566267,1.26e-06,8.299999999999999e-07,0,1,1,2.900646568553312,0.010416855676904,793650.7936507936,1204819.277108434,8310.555555555555,12616.024096385545,12616.024096385545,1204819.277108434,0.9090909090909092,0.04,0.2057416267942584,1,33.806328
Nangate45,NORX1,NOR4_X1,A3,ZN,rise,4.72397,0.00195665,1.1,25.0,75.7259,1.5180722891566267,1.26e-06,8.299999999999999e-07,0,1,1,1.7446626205903233,0.0019547382537281,793650.7936507936,1204819.277108434,1552.8968253968253,2357.409638554217,1552.8968253968253,793650.7936507936,0.9090909090909092,0.04,0.2057416267942584,1,36.161304
Nangate45,NANDX1,NAND3_X1,A3,ZN,fall,40.9838,0.0583649,1.1,25.0,195.168,1.5180722891566267,1.26e-06,8.299999999999999e-07,0,1,1,3.737283829590765,0.0567251700033895,793650.7936507936,1204819.277108434,46321.3492063492,70319.15662650602,70319.15662650602,1204819.277108434,0.9090909090909092,0.04,0.2057416267942584,1,170.38261
Nangate45,NORX1,XNOR2_X1,B,ZN,fall,17.1859,0.000813006,1.1,25.0,40.225,1.5180722891566267,1.26e-06,8.299999999999999e-07,0,1,1,2.900646568553312,0.0008126756896393,793650.7936507936,1204819.277108434,645.2428571428571,979.5253012048196,979.5253012048196,1204819.277108434,0.9090909090909092,0.04,0.2057416267942584,1,11.67938
Nangate45,INVX1,INV_X16,A,ZN,fall,17.1859,0.0302886999999999,1.1,25.0,10.0144,1.5180722891566267,6.3e-07,4.1500000000000005e-07,1,1,1,2.900646568553312,0.0298390542294231,1587301.5873015872,2409638.554216868,48077.30158730158,72984.81927710844,72984.81927710844,2409638.554216868,0.9090909090909092,0.04,0.2057416267942584,1,48.617733
Nangate45,NORX1,NOR4_X1,A4,ZN,rise,4.72397,0.000365616,1.1,25.0,62.0815,1.5180722891566267,1.26e-06,8.299999999999999e-07,0,1,1,1.7446626205903233,0.000365549178757,793650.7936507936,1204819.277108434,290.1714285714286,440.5012048192772,290.1714285714286,793650.7936507936,0.9090909090909092,0.04,0.2057416267942584,1,36.983944
Nangate45,NANDX1,NAND4_X1,A3,ZN,rise,1.1737799999999998,0.00349999,1.1,25.0,22.402600000000003,1.5180722891566267,1.26e-06,8.299999999999999e-07,0,1,1,0.7764675876261998,0.0034938792891336,793650.7936507936,1204819.277108434,2777.769841269841,4216.855421686748,2777.769841269841,793650.7936507936,0.9090909090909092,0.04,0.2057416267942584,1,30.805897
Nangate45,NORX1,NOR3_X1,A3,ZN,fall,17.1859,0.000686498,1.1,25.0,11.2999,1.5180722891566267,1.26e-06,8.299999999999999e-07,0,1,1,2.900646568553312,0.0006862624680366,793650.7936507936,1204819.277108434,544.8396825396825,827.1060240963857,827.1060240963857,1204819.277108434,0.9090909090909092,0.04,0.2057416267942584,1,13.857095
Nangate45,NANDX1,NAND2_X1,A2,ZN,rise,40.9838,0.0148392,1.1,25.0,65.1164,1.5180722891566267,1.26e-06,8.299999999999999e-07,0,1,1,3.737283829590765,0.0147301762980792,793650.7936507936,1204819.277108434,11777.142857142857,17878.554216867473,11777.142857142857,793650.7936507936,0.9090909090909092,0.04,0.2057416267942584,1,108.40925
Nangate45,NORX1,NOR4_X1,A3,ZN,rise,130.081,0.00111862,1.1,25.0,99.2039,1.5180722891566267,1.26e-06,8.299999999999999e-07,0,1,1,4.875815452730412,0.001117994810837,793650.7936507936,1204819.277108434,887.7936507936508,1347.7349397590365,887.7936507936508,793650.7936507936,0.9090909090909092,0.04,0.2057416267942584,1,85.290665
Nangate45,INVX1,INV_X16,A,ZN,fall,78.0596,0.0302886999999999,1.1,25.0,10.2994,1.5180722891566267,6.3e-07,4.1500000000000005e-07,1,1,1,4.370201998407221,0.0298390542294231,1587301.5873015872,2409638.554216868,48077.30158730158,72984.81927710844,72984.81927710844,2409638.554216868,0.9090909090909092,0.04,0.2057416267942584,1,64.940025
Nangate45,NORX1,NOR4_X1,A3,ZN,fall,1.1737799999999998,0.00111862,1.1,25.0,6.8705,1.5180722891566267,1.26e-06,8.299999999999999e-07,0,1,1,0.7764675876261998,0.001117994810837,793650.7936507936,1204819.277108434,887.7936507936508,1347.7349397590365,1347.7349397590365,1204819.277108434,0.9090909090909092,0.04,0.2057416267942584,1,12.450142
Nangate45,XORX1,XOR2_X1,A,Z,rise,198.535,0.0253296,1.1,25.0,172.307,1.5135135135135138,2.52e-06,1.6649999999999995e-06,0,1,1,5.295989659538859,0.0250141218763313,396825.3968253968,600600.6006006007,10051.42857142857,15212.972972972975,10051.42857142857,396825.3968253968,0.9090909090909092,0.04,0.2043010752688172,1,137.97514
Nangate45,INVX2,INV_X2,A,ZN,rise,198.535,0.0151825,1.1,25.0,88.1853,1.5180722891566267,1.26e-06,8.299999999999999e-07,1,1,1,5.295989659538859,0.0150683992868016,793650.7936507936,1204819.277108434,12049.603174603171,18292.1686746988,12049.603174603171,793650.7936507936,0.9090909090909092,0.04,0.2057416267942584,1,117.085785
Nangate45,NORX1,NOR4_X1,A3,ZN,rise,130.081,0.00342249,1.1,25.0,127.159,1.5180722891566267,1.26e-06,8.299999999999999e-07,0,1,1,4.875815452730412,0.0034166466099336,793650.7936507936,1204819.277108434,2716.2619047619046,4123.481927710844,2716.2619047619046,793650.7936507936,0.9090909090909092,0.04,0.2057416267942584,1,75.77321
Nangate45,NORX1,NOR4_X1,A2,ZN,rise,40.9838,0.00111862,1.1,25.0,68.6074,1.5180722891566267,1.26e-06,8.299999999999999e-07,0,1,1,3.737283829590765,0.001117994810837,793650.7936507936,1204819.277108434,887.7936507936508,1347.7349397590365,887.7936507936508,793650.7936507936,0.9090909090909092,0.04,0.2057416267942584,1,52.076847
Nangate45,NORX1,NOR2_X1,A1,ZN,rise,78.0596,0.00166893,1.1,25.0,49.002,1.5180722891566267,1.26e-06,8.299999999999999e-07,0,1,1,4.370201998407221,0.001667538883896,793650.7936507936,1204819.277108434,1324.547619047619,2010.7590361445789,1324.547619047619,793650.7936507936,0.9090909090909092,0.04,0.2057416267942584,1,67.023445
Nangate45,XORX1,XOR2_X1,A,Z,fall,4.72397,0.0031662,1.1,25.0,15.12,1.5135135135135138,2.52e-06,1.6649999999999995e-06,0,1,1,1.7446626205903233,0.0031611981439168,396825.3968253968,600600.6006006007,1256.428571428571,1901.621621621622,1901.621621621622,600600.6006006007,0.9090909090909092,0.04,0.2043010752688172,1,28.717104
Nangate45,NORX1,NOR3_X1,A2,ZN,rise,130.081,0.00454444,1.1,25.0,111.402,1.5180722891566267,1.26e-06,8.299999999999999e-07,0,1,1,4.875815452730412,0.0045341452101301,793650.7936507936,1204819.277108434,3606.698412698413,5475.228915662652,3606.698412698413,793650.7936507936,0.9090909090909092,0.04,0.2057416267942584,1,95.20385
Nangate45,NANDX1,NAND4_X1,A3,ZN,fall,78.0596,0.0139999,1.1,25.0,93.2815,1.5180722891566267,1.26e-06,8.299999999999999e-07,0,1,1,4.370201998407221,0.0139028065496571,793650.7936507936,1204819.277108434,11111.031746031746,16867.349397590366,16867.349397590366,1204819.277108434,0.9090909090909092,0.04,0.2057416267942584,1,67.63749
Nangate45,NANDX1,NAND3_X1,A1,ZN,fall,1.1737799999999998,0.00364781,1.1,25.0,20.4521,1.5180722891566267,1.26e-06,8.299999999999999e-07,0,1,1,0.7764675876261998,0.0036411728768477,793650.7936507936,1204819.277108434,2895.0873015873017,4394.951807228917,4394.951807228917,1204819.277108434,0.9090909090909092,0.04,0.2057416267942584,1,20.920174
Nangate45,NORX1,XNOR2_X1,A,ZN,rise,198.535,0.00650405,1.1,25.0,75.322,1.5180722891566267,1.26e-06,8.299999999999999e-07,0,1,1,5.295989659538859,0.0064829899346209,793650.7936507936,1204819.277108434,5161.944444444445,7836.204819277111,5161.944444444445,793650.7936507936,0.9090909090909092,0.04,0.2057416267942584,1,106.124405
Nangate45,NANDX1,NAND4_X1,A1,ZN,rise,78.0596,0.0559998,1.1,25.0,183.031,1.5180722891566267,1.26e-06,8.299999999999999e-07,0,1,1,4.370201998407221,0.0544879958901124,793650.7936507936,1204819.277108434,44444.28571428572,67469.63855421687,44444.28571428572,793650.7936507936,0.9090909090909092,0.04,0.2057416267942584,1,198.04105
Nangate45,XORX1,XOR2_X1,A,Z,fall,198.535,0.0126648,1.1,25.0,138.991,1.5135135135135138,2.52e-06,1.6649999999999995e-06,0,1,1,5.295989659538859,0.0125852721858001,396825.3968253968,600600.6006006007,5025.714285714285,7606.486486486488,7606.486486486488,600600.6006006007,0.9090909090909092,0.04,0.2043010752688172,1,93.240135
Nangate45,INVX2,INV_X2,A,ZN,fall,78.0596,0.030365,1.1,25.0,46.1432,1.5180722891566267,1.26e-06,8.299999999999999e-07,1,1,1,4.370201998407221,0.0299131083997428,793650.7936507936,1204819.277108434,24099.206349206343,36584.3373493976,36584.3373493976,1204819.277108434,0.9090909090909092,0.04,0.2057416267942584,1,44.81298
Nangate45,NORX1,NOR3_X1,A3,ZN,rise,78.0596,0.0160217,1.1,25.0,182.71,1.5180722891566267,1.26e-06,8.299999999999999e-07,0,1,1,4.370201998407221,0.0158947071959221,793650.7936507936,1204819.277108434,12715.63492063492,19303.253012048197,12715.63492063492,793650.7936507936,0.9090909090909092,0.04,0.2057416267942584,1,159.52892
Nangate45,NORX1,NOR4_X1,A2,ZN,fall,40.9838,0.00195665,1.1,25.0,17.6597,1.5180722891566267,1.26e-06,8.299999999999999e-07,0,1,1,3.737283829590765,0.0019547382537281,793650.7936507936,1204819.277108434,1552.8968253968253,2357.409638554217,2357.409638554217,1204819.277108434,0.9090909090909092,0.04,0.2057416267942584,1,16.484999
Nangate45,NORX1,NOR3_X1,A3,ZN,fall,198.535,0.00242029,1.1,25.0,12.8186,1.5180722891566267,1.26e-06,8.299999999999999e-07,0,1,1,5.295989659538859,0.0024173658154572,793650.7936507936,1204819.277108434,1920.8650793650795,2916.012048192772,2916.012048192772,1204819.277108434,0.9090909090909092,0.04,0.2057416267942584,1,47.198757
Nangate45,NANDX1,NAND2_X1,A1,ZN,rise,1.1737799999999998,0.00741959,1.1,25.0,24.7561,1.5180722891566267,1.26e-06,8.299999999999999e-07,0,1,1,0.7764675876261998,0.0073922002392085,793650.7936507936,1204819.277108434,5888.563492063492,8939.265060240965,5888.563492063492,793650.7936507936,0.9090909090909092,0.04,0.2057416267942584,1,50.05275
Nangate45,NORX1,NOR4_X1,A2,ZN,rise,78.0596,0.00111862,1.1,25.0,81.2659,1.5180722891566267,1.26e-06,8.299999999999999e-07,0,1,1,4.370201998407221,0.001117994810837,793650.7936507936,1204819.277108434,887.7936507936508,1347.7349397590365,887.7936507936508,793650.7936507936,0.9090909090909092,0.04,0.2057416267942584,1,74.97218
Nangate45,NANDX1,NAND2_X1,A2,ZN,fall,130.081,0.0018549,1.1,25.0,21.8297,1.5180722891566267,1.26e-06,8.299999999999999e-07,0,1,1,4.875815452730412,0.0018531817973962,793650.7936507936,1204819.277108434,1472.142857142857,2234.819277108434,2234.819277108434,1204819.277108434,0.9090909090909092,0.04,0.2057416267942584,1,38.223587
Nangate45,NORX1,NOR4_X1,A3,ZN,rise,198.535,0.00598648,1.1,25.0,175.594,1.5180722891566267,1.26e-06,8.299999999999999e-07,0,1,1,5.295989659538859,0.0059686322234213,793650.7936507936,1204819.277108434,4751.174603174603,7212.626506024098,4751.174603174603,793650.7936507936,0.9090909090909092,0.04,0.2057416267942584,1,106.12384
Nangate45,NANDX1,NAND2_X1,A2,ZN,fall,198.535,0.0018549,1.1,25.0,20.058300000000003,1.5180722891566267,1.26e-06,8.299999999999999e-07,0,1,1,5.295989659538859,0.0018531817973962,793650.7936507936,1204819.277108434,1472.142857142857,2234.819277108434,2234.819277108434,1204819.277108434,0.9090909090909092,0.04,0.2057416267942584,1,50.465626
Nangate45,NORX1,NOR4_X1,A4,ZN,rise,130.081,0.00342249,1.1,25.0,126.26,1.5180722891566267,1.26e-06,8.299999999999999e-07,0,1,1,4.875815452730412,0.0034166466099336,793650.7936507936,1204819.277108434,2716.2619047619046,4123.481927710844,2716.2619047619046,793650.7936507936,0.9090909090909092,0.04,0.2057416267942584,1,75.773224
Nangate45,NORX1,XNOR2_X1,A,ZN,fall,1.1737799999999998,0.000365616,1.1,25.0,7.684,1.5180722891566267,1.26e-06,8.299999999999999e-07,0,1,1,0.7764675876261998,0.000365549178757,793650.7936507936,1204819.277108434,290.1714285714286,440.5012048192772,440.5012048192772,1204819.277108434,0.9090909090909092,0.04,0.2057416267942584,1,10.347366
Nangate45,NANDX1,NAND3_X1,A1,ZN,fall,4.72397,0.00729561,1.1,25.0,32.4213,1.5180722891566267,1.26e-06,8.299999999999999e-07,0,1,1,1.7446626205903233,0.0072691257717537,793650.7936507936,1204819.277108434,5790.166666666666,8789.891566265062,8789.891566265062,1204819.277108434,0.9090909090909092,0.04,0.2057416267942584,1,18.00546
Nangate45,NORX1,NOR3_X1,A2,ZN,fall,1.1737799999999998,0.000686498,1.1,25.0,5.65846,1.5180722891566267,1.26e-06,8.299999999999999e-07,0,1,1,0.7764675876261998,0.0006862624680366,793650.7936507936,1204819.277108434,544.8396825396825,827.1060240963857,827.1060240963857,1204819.277108434,0.9090909090909092,0.04,0.2057416267942584,1,11.770009
Nangate45,NORX1,NOR3_X1,A3,ZN,rise,40.9838,0.0160217,1.1,25.0,172.41699999999997,1.5180722891566267,1.26e-06,8.299999999999999e-07,0,1,1,3.737283829590765,0.0158947071959221,793650.7936507936,1204819.277108434,12715.63492063492,19303.253012048197,12715.63492063492,793650.7936507936,0.9090909090909092,0.04,0.2057416267942584,1,158.91678
Nangate45,NANDX1,NAND3_X1,A2,ZN,rise,40.9838,0.00364781,1.1,25.0,38.153,1.5180722891566267,1.26e-06,8.299999999999999e-07,0,1,1,3.737283829590765,0.0036411728768477,793650.7936507936,1204819.277108434,2895.0873015873017,4394.951807228917,2895.0873015873017,793650.7936507936,0.9090909090909092,0.04,0.2057416267942584,1,37.409176
Nangate45,NANDX1,NAND4_X1,A4,ZN,fall,4.72397,0.0279999,1.1,25.0,130.50500000000002,1.5180722891566267,1.26e-06,8.299999999999999e-07,0,1,1,1.7446626205903233,0.027615069756704,793650.7936507936,1204819.277108434,22222.14285714286,33734.81927710844,33734.81927710844,1204819.277108434,0.9090909090909092,0.04,0.2057416267942584,1,82.441925
Nangate45,NANDX1,NAND3_X1,A3,ZN,rise,1.1737799999999998,0.0291825,1.1,25.0,82.7277,1.5180722891566267,1.26e-06,8.299999999999999e-07,0,1,1,0.7764675876261998,0.0287647977830285,793650.7936507936,1204819.277108434,23160.714285714286,35159.63855421687,23160.714285714286,793650.7936507936,0.9090909090909092,0.04,0.2057416267942584,1,89.01021
Nangate45,INVX2,INV_X2,A,ZN,fall,17.1859,0.0151825,1.1,25.0,19.3457,1.5180722891566267,1.26e-06,8.299999999999999e-07,1,1,1,2.900646568553312,0.0150683992868016,793650.7936507936,1204819.277108434,12049.603174603171,18292.1686746988,18292.1686746988,1204819.277108434,0.9090909090909092,0.04,0.2057416267942584,1,15.017025
Nangate45,NANDX1,NAND4_X1,A3,ZN,fall,130.081,0.0559998,1.1,25.0,267.492,1.5180722891566267,1.26e-06,8.299999999999999e-07,0,1,1,4.875815452730412,0.0544879958901124,793650.7936507936,1204819.277108434,44444.28571428572,67469.63855421687,67469.63855421687,1204819.277108434,0.9090909090909092,0.04,0.2057416267942584,1,197.9972
Nangate45,NORX1,NOR3_X1,A3,ZN,fall,4.72397,0.001289,1.1,25.0,7.948409999999999,1.5180722891566267,1.26e-06,8.299999999999999e-07,0,1,1,1.7446626205903233,0.0012881699527107,793650.7936507936,1204819.277108434,1023.015873015873,1553.012048192771,1553.012048192771,1204819.277108434,0.9090909090909092,0.04,0.2057416267942584,1,11.886918
Nangate45,INVX1,TINV_X1,I,ZN,fall,4.72397,0.006518463229,1.1,25.0,24.7157,1.5180722891566267,6.3e-07,4.1500000000000005e-07,1,1,1,1.7446626205903233,0.0064973099225053,1587301.5873015872,2409638.554216868,10346.76703015873,15707.140310843375,15707.140310843375,2409638.554216868,0.9090909090909092,0.04,0.2057416267942584,1,24.08611
Nangate45,NANDX1,NAND4_X1,A1,ZN,fall,78.0596,0.0139999,1.1,25.0,96.4746,1.5180722891566267,1.26e-06,8.299999999999999e-07,0,1,1,4.370201998407221,0.0139028065496571,793650.7936507936,1204819.277108434,11111.031746031746,16867.349397590366,16867.349397590366,1204819.277108434,0.9090909090909092,0.04,0.2057416267942584,1,67.63749
Nangate45,NANDX1,NAND2_X1,A2,ZN,fall,17.1859,0.0018549,1.1,25.0,16.025399999999998,1.5180722891566267,1.26e-06,8.299999999999999e-07,0,1,1,2.900646568553312,0.0018531817973962,793650.7936507936,1204819.277108434,1472.142857142857,2234.819277108434,2234.819277108434,1204819.277108434,0.9090909090909092,0.04,0.2057416267942584,1,14.578778
Nangate45,NANDX1,NAND4_X1,A2,ZN,fall,4.72397,0.000365616,1.1,25.0,20.6218,1.5180722891566267,1.26e-06,8.299999999999999e-07,0,1,1,1.7446626205903233,0.000365549178757,793650.7936507936,1204819.277108434,290.1714285714286,440.5012048192772,440.5012048192772,1204819.277108434,0.9090909090909092,0.04,0.2057416267942584,1,11.1823435
Nangate45,INVX1,INV_X1,A,ZN,rise,78.0596,0.00379562,1.1,25.0,42.2113,1.5180722891566267,6.3e-07,4.1500000000000005e-07,1,1,1,4.370201998407221,0.0037884348101687,1587301.5873015872,2409638.554216868,6024.79365079365,9146.072289156627,6024.79365079365,1587301.5873015872,0.9090909090909092,0.04,0.2057416267942584,1,42.717262
Nangate45,NANDX1,NAND3_X1,A1,ZN,fall,78.0596,0.0145912,1.1,25.0,82.2203,1.5180722891566267,1.26e-06,8.299999999999999e-07,0,1,1,4.370201998407221,0.0144857727440233,793650.7936507936,1204819.277108434,11580.31746031746,17579.75903614458,17579.75903614458,1204819.277108434,0.9090909090909092,0.04,0.2057416267942584,1,67.642075
Nangate45,NANDX1,NAND4_X1,A1,ZN,rise,78.0596,0.0017499899999999,1.1,25.0,38.7742,1.5180722891566267,1.26e-06,8.299999999999999e-07,0,1,1,4.370201998407221,0.0017484605515862,793650.7936507936,1204819.277108434,1388.8809523809523,2108.421686746988,1388.8809523809523,793650.7936507936,0.9090909090909092,0.04,0.2057416267942584,1,37.75935
Nangate45,INVX2,INV_X2,A,ZN,fall,78.0596,0.000365616,1.1,25.0,1.64268,1.5180722891566267,1.26e-06,8.299999999999999e-07,1,1,1,4.370201998407221,0.000365549178757,793650.7936507936,1204819.277108434,290.1714285714286,440.5012048192772,440.5012048192772,1204819.277108434,0.9090909090909092,0.04,0.2057416267942584,1,12.3274145
Nangate45,NORX1,XNOR2_X1,B,ZN,rise,78.0596,0.000813006,1.1,25.0,48.956,1.5180722891566267,1.26e-06,8.299999999999999e-07,0,1,1,4.370201998407221,0.0008126756896393,793650.7936507936,1204819.277108434,645.2428571428571,979.5253012048196,645.2428571428571,793650.7936507936,0.9090909090909092,0.04,0.2057416267942584,1,63.102383
Nangate45,NANDX1,NAND2_X1,A1,ZN,rise,4.72397,0.0018549,1.1,25.0,12.7084,1.5180722891566267,1.26e-06,8.299999999999999e-07,0,1,1,1.7446626205903233,0.0018531817973962,793650.7936507936,1204819.277108434,1472.142857142857,2234.819277108434,1472.142857142857,793650.7936507936,0.9090909090909092,0.04,0.2057416267942584,1,21.352428
Nangate45,NORX1,NOR3_X1,A2,ZN,fall,198.535,0.001289,1.1,25.0,0.728259,1.5180722891566267,1.26e-06,8.299999999999999e-07,0,1,1,5.295989659538859,0.0012881699527107,793650.7936507936,1204819.277108434,1023.015873015873,1553.012048192771,1553.012048192771,1204819.277108434,0.9090909090909092,0.04,0.2057416267942584,1,67.51088
Nangate45,NORX1,NOR2_X1,A1,ZN,fall,78.0596,0.0066757299999999,1.1,25.0,26.7481,1.5180722891566267,1.26e-06,8.299999999999999e-07,0,1,1,4.370201998407221,0.0066535459893972,793650.7936507936,1204819.277108434,5298.198412698412,8043.048192771084,8043.048192771084,1204819.277108434,0.9090909090909092,0.04,0.2057416267942584,1,28.725048
Nangate45,NORX1,XNOR2_X1,B,ZN,rise,130.081,0.000813006,1.1,25.0,58.834,1.5180722891566267,1.26e-06,8.299999999999999e-07,0,1,1,4.875815452730412,0.0008126756896393,793650.7936507936,1204819.277108434,645.2428571428571,979.5253012048196,645.2428571428571,793650.7936507936,0.9090909090909092,0.04,0.2057416267942584,1,70.36498
Nangate45,NANDX1,NAND2_X1,A2,ZN,fall,78.0596,0.000365616,1.1,25.0,14.1906,1.5180722891566267,1.26e-06,8.299999999999999e-07,0,1,1,4.370201998407221,0.000365549178757,793650.7936507936,1204819.277108434,290.1714285714286,440.5012048192772,440.5012048192772,1204819.277108434,0.9090909090909092,0.04,0.2057416267942584,1,25.611385
Nangate45,NORX1,XNOR2_X1,A,ZN,fall,130.081,0.00650405,1.1,25.0,44.991,1.5180722891566267,1.26e-06,8.299999999999999e-07,0,1,1,4.875815452730412,0.0064829899346209,793650.7936507936,1204819.277108434,5161.944444444445,7836.204819277111,7836.204819277111,1204819.277108434,0.9090909090909092,0.04,0.2057416267942584,1,44.415504
Nangate45,NANDX1,NAND3_X1,A1,ZN,rise,40.9838,0.0583649,1.1,25.0,168.139,1.5180722891566267,1.26e-06,8.299999999999999e-07,0,1,1,3.737283829590765,0.0567251700033895,793650.7936507936,1204819.277108434,46321.3492063492,70319.15662650602,46321.3492063492,793650.7936507936,0.9090909090909092,0.04,0.2057416267942584,1,185.89755
Nangate45,NORX1,XNOR2_X1,B,ZN,rise,78.0596,0.0260162,1.1,25.0,110.415,1.5180722891566267,1.26e-06,8.299999999999999e-07,0,1,1,4.370201998407221,0.0256835360976095,793650.7936507936,1204819.277108434,20647.77777777778,31344.819277108443,20647.77777777778,793650.7936507936,0.9090909090909092,0.04,0.2057416267942584,1,160.32321
Nangate45,NORX1,NOR4_X1,A4,ZN,rise,4.72397,0.00063952,1.1,25.0,65.1223,1.5180722891566267,1.26e-06,8.299999999999999e-07,0,1,1,1.7446626205903233,0.0006393155942278,793650.7936507936,1204819.277108434,507.5555555555555,770.5060240963857,507.5555555555555,793650.7936507936,0.9090909090909092,0.04,0.2057416267942584,1,47.52716
Nangate45,NANDX1,NAND4_X1,A4,ZN,rise,78.0596,0.0279999,1.1,25.0,123.076,1.5180722891566267,1.26e-06,8.299999999999999e-07,0,1,1,4.370201998407221,0.027615069756704,793650.7936507936,1204819.277108434,22222.14285714286,33734.81927710844,22222.14285714286,793650.7936507936,0.9090909090909092,0.04,0.2057416267942584,1,132.11688
Nangate45,NANDX1,NAND2_X1,A2,ZN,fall,17.1859,0.000365616,1.1,25.0,12.1093,1.5180722891566267,1.26e-06,8.299999999999999e-07,0,1,1,2.900646568553312,0.000365549178757,793650.7936507936,1204819.277108434,290.1714285714286,440.5012048192772,440.5012048192772,1204819.277108434,0.9090909090909092,0.04,0.2057416267942584,1,13.1672
Nangate45,NORX1,XNOR2_X1,B,ZN,rise,78.0596,0.00162601,1.1,25.0,51.217,1.5180722891566267,1.26e-06,8.299999999999999e-07,0,1,1,4.370201998407221,0.0016246894770018,793650.7936507936,1204819.277108434,1290.484126984127,1959.0481927710848,1290.484126984127,793650.7936507936,0.9090909090909092,0.04,0.2057416267942584,1,67.02342
Nangate45,INVX1,INV_X1,A,ZN,fall,40.9838,0.00759125,1.1,25.0,24.8924,1.5180722891566267,6.3e-07,4.1500000000000005e-07,1,1,1,3.737283829590765,0.0075625814570239,1587301.5873015872,2409638.554216868,12049.603174603171,18292.1686746988,18292.1686746988,2409638.554216868,0.9090909090909092,0.04,0.2057416267942584,1,46.159508
Nangate45,NORX1,NOR4_X1,A3,ZN,fall,78.0596,0.00342249,1.1,25.0,24.8858,1.5180722891566267,1.26e-06,8.299999999999999e-07,0,1,1,4.370201998407221,0.0034166466099336,793650.7936507936,1204819.277108434,2716.2619047619046,4123.481927710844,4123.481927710844,1204819.277108434,0.9090909090909092,0.04,0.2057416267942584,1,23.525156
Nangate45,NORX1,NOR4_X1,A1,ZN,fall,40.9838,0.00063952,1.1,25.0,10.5557,1.5180722891566267,1.26e-06,8.299999999999999e-07,0,1,1,3.737283829590765,0.0006393155942278,793650.7936507936,1204819.277108434,507.5555555555555,770.5060240963857,770.5060240963857,1204819.277108434,0.9090909090909092,0.04,0.2057416267942584,1,18.012184
Nangate45,NANDX1,NAND4_X1,A2,ZN,fall,130.081,0.0279999,1.1,25.0,170.91500000000002,1.5180722891566267,1.26e-06,8.299999999999999e-07,0,1,1,4.875815452730412,0.027615069756704,793650.7936507936,1204819.277108434,22222.14285714286,33734.81927710844,33734.81927710844,1204819.277108434,0.9090909090909092,0.04,0.2057416267942584,1,122.57721
Nangate45,NORX1,NOR2_X1,A1,ZN,rise,40.9838,0.0133515,1.1,25.0,96.5651,1.5180722891566267,1.26e-06,8.299999999999999e-07,0,1,1,3.737283829590765,0.0132631542209015,793650.7936507936,1204819.277108434,10596.42857142857,16086.144578313257,10596.42857142857,793650.7936507936,0.9090909090909092,0.04,0.2057416267942584,1,116.5185
Nangate45,NORX1,NOR3_X1,A3,ZN,rise,40.9838,0.00242029,1.1,25.0,65.4907,1.5180722891566267,1.26e-06,8.299999999999999e-07,0,1,1,3.737283829590765,0.0024173658154572,793650.7936507936,1204819.277108434,1920.8650793650795,2916.012048192772,1920.8650793650795,793650.7936507936,0.9090909090909092,0.04,0.2057416267942584,1,68.94745
Nangate45,INVX1,TINV_X1,EN,ZN,rise,4.72397,0.02342024323,1.1,25.0,143.65,1.5180722891566267,6.3e-07,4.1500000000000005e-07,1,1,1,1.7446626205903233,0.0231501975625825,1587301.5873015872,2409638.554216868,37174.989253968255,56434.32103614459,37174.989253968255,1587301.5873015872,0.9090909090909092,0.04,0.2057416267942584,1,77.99079
Nangate45,NANDX1,NAND2_X1,A1,ZN,rise,198.535,0.00370979,1.1,25.0,66.3517,1.5180722891566267,1.26e-06,8.299999999999999e-07,0,1,1,5.295989659538859,0.0037029257005795,793650.7936507936,1204819.277108434,2944.277777777778,4469.626506024097,2944.277777777778,793650.7936507936,0.9090909090909092,0.04,0.2057416267942584,1,73.70816
Nangate45,NANDX1,NAND3_X1,A3,ZN,fall,130.081,0.0018239,1.1,25.0,29.4616,1.5180722891566267,1.26e-06,8.299999999999999e-07,0,1,1,4.875815452730412,0.0018222387141011,793650.7936507936,1204819.277108434,1447.5396825396824,2197.4698795180725,2197.4698795180725,1204819.277108434,0.9090909090909092,0.04,0.2057416267942584,1,34.135326
Nangate45,NORX1,NOR4_X1,A1,ZN,fall,17.1859,0.00195665,1.1,25.0,12.6163,1.5180722891566267,1.26e-06,8.299999999999999e-07,0,1,1,2.900646568553312,0.0019547382537281,793650.7936507936,1204819.277108434,1552.8968253968253,2357.409638554217,2357.409638554217,1204819.277108434,0.9090909090909092,0.04,0.2057416267942584,1,13.357421
Nangate45,INVX1,TINV_X1,EN,ZN,rise,17.1859,0.02342024323,1.1,25.0,148.667,1.5180722891566267,6.3e-07,4.1500000000000005e-07,1,1,1,2.900646568553312,0.0231501975625825,1587301.5873015872,2409638.554216868,37174.989253968255,56434.32103614459,37174.989253968255,1587301.5873015872,0.9090909090909092,0.04,0.2057416267942584,1,93.2542
Nangate45,NORX1,XNOR2_X1,A,ZN,rise,17.1859,0.00325202,1.1,25.0,38.157,1.5180722891566267,1.26e-06,8.299999999999999e-07,0,1,1,2.900646568553312,0.0032467436191291,793650.7936507936,1204819.277108434,2580.968253968254,3918.096385542169,2580.968253968254,793650.7936507936,0.9090909090909092,0.04,0.2057416267942584,1,56.440804
Nangate45,NANDX1,NAND4_X1,A1,ZN,fall,1.1737799999999998,0.0139999,1.1,25.0,68.0519,1.5180722891566267,1.26e-06,8.299999999999999e-07,0,1,1,0.7764675876261998,0.0139028065496571,793650.7936507936,1204819.277108434,11111.031746031746,16867.349397590366,16867.349397590366,1204819.277108434,0.9090909090909092,0.04,0.2057416267942584,1,48.33852
Nangate45,NORX1,NOR3_X1,A1,ZN,rise,40.9838,0.00454444,1.1,25.0,69.87100000000001,1.5180722891566267,1.26e-06,8.299999999999999e-07,0,1,1,3.737283829590765,0.0045341452101301,793650.7936507936,1204819.277108434,3606.698412698413,5475.228915662652,3606.698412698413,793650.7936507936,0.9090909090909092,0.04,0.2057416267942584,1,75.06082
Nangate45,NANDX1,NAND3_X1,A1,ZN,fall,40.9838,0.000365616,1.1,25.0,19.378,1.5180722891566267,1.26e-06,8.299999999999999e-07,0,1,1,3.737283829590765,0.000365549178757,793650.7936507936,1204819.277108434,290.1714285714286,440.5012048192772,440.5012048192772,1204819.277108434,0.9090909090909092,0.04,0.2057416267942584,1,18.837654
Nangate45,INVX1,TINV_X1,I,ZN,fall,4.72397,0.02342024323,1.1,25.0,66.27629999999999,1.5180722891566267,6.3e-07,4.1500000000000005e-07,1,1,1,1.7446626205903233,0.0231501975625825,1587301.5873015872,2409638.554216868,37174.989253968255,56434.32103614459,56434.32103614459,2409638.554216868,0.9090909090909092,0.04,0.2057416267942584,1,33.536686
Nangate45,NANDX1,NAND2_X1,A1,ZN,rise,130.081,0.0018549,1.1,25.0,43.8815,1.5180722891566267,1.26e-06,8.299999999999999e-07,0,1,1,4.875815452730412,0.0018531817973962,793650.7936507936,1204819.277108434,1472.142857142857,2234.819277108434,1472.142857142857,793650.7936507936,0.9090909090909092,0.04,0.2057416267942584,1,49.58084
Nangate45,INVX1,TINV_X1,I,ZN,fall,1.1737799999999998,0.01217354323,1.1,25.0,37.5381,1.5180722891566267,6.3e-07,4.1500000000000005e-07,1,1,1,0.7764675876261998,0.0121000415684708,1587301.5873015872,2409638.554216868,19323.08449206349,29333.839108433735,29333.839108433735,2409638.554216868,0.9090909090909092,0.04,0.2057416267942584,1,24.350565
Nangate45,NORX1,NOR3_X1,A3,ZN,fall,130.081,0.00853286,1.1,25.0,40.027,1.5180722891566267,1.26e-06,8.299999999999999e-07,0,1,1,4.875815452730412,0.0084966609254384,793650.7936507936,1204819.277108434,6772.11111111111,10280.554216867473,10280.554216867473,1204819.277108434,0.9090909090909092,0.04,0.2057416267942584,1,50.997013
Nangate45,NANDX1,NAND2_X1,A2,ZN,rise,78.0596,0.00370979,1.1,25.0,48.5061,1.5180722891566267,1.26e-06,8.299999999999999e-07,0,1,1,4.370201998407221,0.0037029257005795,793650.7936507936,1204819.277108434,2944.277777777778,4469.626506024097,2944.277777777778,793650.7936507936,0.9090909090909092,0.04,0.2057416267942584,1,47.899845
Nangate45,XORX1,XOR2_X1,A,Z,rise,40.9838,0.00079155,1.1,25.0,48.032,1.5135135135135138,2.52e-06,1.6649999999999995e-06,0,1,1,3.737283829590765,0.0007912368895162,396825.3968253968,600600.6006006007,314.10714285714283,475.40540540540553,314.10714285714283,396825.3968253968,0.9090909090909092,0.04,0.2043010752688172,1,48.85387
Nangate45,INVX1,TINV_X1,EN,ZN,fall,40.9838,0.003674923229,1.1,25.0,37.651,1.5180722891566267,6.3e-07,4.1500000000000005e-07,1,1,1,3.737283829590765,0.0036681871965212,1587301.5873015872,2409638.554216868,5833.211474603175,8855.236696385544,8855.236696385544,2409638.554216868,0.9090909090909092,0.04,0.2057416267942584,1,20.710066
Nangate45,XORX1,XOR2_X1,B,Z,rise,17.1859,0.0253296,1.1,25.0,154.40300000000002,1.5135135135135138,2.52e-06,1.6649999999999995e-06,0,1,1,2.900646568553312,0.0250141218763313,396825.3968253968,600600.6006006007,10051.42857142857,15212.972972972975,10051.42857142857,396825.3968253968,0.9090909090909092,0.04,0.2043010752688172,1,94.31057
Nangate45,NANDX1,NAND3_X1,A2,ZN,fall,17.1859,0.0583649,1.1,25.0,190.39,1.5180722891566267,1.26e-06,8.299999999999999e-07,0,1,1,2.900646568553312,0.0567251700033895,793650.7936507936,1204819.277108434,46321.3492063492,70319.15662650602,70319.15662650602,1204819.277108434,0.9090909090909092,0.04,0.2057416267942584,1,158.43927
Nangate45,NORX1,NOR4_X1,A1,ZN,rise,1.1737799999999998,0.00342249,1.1,25.0,63.781000000000006,1.5180722891566267,1.26e-06,8.299999999999999e-07,0,1,1,0.7764675876261998,0.0034166466099336,793650.7936507936,1204819.277108434,2716.2619047619046,4123.481927710844,2716.2619047619046,793650.7936507936,0.9090909090909092,0.04,0.2057416267942584,1,45.331917
Nangate45,INVX1,INV_X16,A,ZN,rise,198.535,0.484619,1.1,25.0,177.03199999999998,1.5180722891566267,6.3e-07,4.1500000000000005e-07,1,1,1,5.295989659538859,0.3951581736794985,1587301.5873015872,2409638.554216868,769236.5079365079,1167756.6265060245,769236.5079365079,1587301.5873015872,0.9090909090909092,0.04,0.2057416267942584,1,98.589554
Nangate45,NORX1,NOR4_X1,A4,ZN,rise,198.535,0.00195665,1.1,25.0,120.624,1.5180722891566267,1.26e-06,8.299999999999999e-07,0,1,1,5.295989659538859,0.0019547382537281,793650.7936507936,1204819.277108434,1552.8968253968253,2357.409638554217,1552.8968253968253,793650.7936507936,0.9090909090909092,0.04,0.2057416267942584,1,92.98045
Nangate45,NANDX1,NAND2_X1,A2,ZN,rise,198.535,0.00370979,1.1,25.0,74.4893,1.5180722891566267,1.26e-06,8.299999999999999e-07,0,1,1,5.295989659538859,0.0037029257005795,793650.7936507936,1204819.277108434,2944.277777777778,4469.626506024097,2944.277777777778,793650.7936507936,0.9090909090909092,0.04,0.2057416267942584,1,77.59162
Nangate45,NORX1,NOR4_X1,A3,ZN,rise,4.72397,0.00342249,1.1,25.0,91.6725,1.5180722891566267,1.26e-06,8.299999999999999e-07,0,1,1,1.7446626205903233,0.0034166466099336,793650.7936507936,1204819.277108434,2716.2619047619046,4123.481927710844,2716.2619047619046,793650.7936507936,0.9090909090909092,0.04,0.2057416267942584,1,42.829063
Nangate45,NORX1,XNOR2_X1,B,ZN,fall,1.1737799999999998,0.00325202,1.1,25.0,38.047,1.5180722891566267,1.26e-06,8.299999999999999e-07,0,1,1,0.7764675876261998,0.0032467436191291,793650.7936507936,1204819.277108434,2580.968253968254,3918.096385542169,3918.096385542169,1204819.277108434,0.9090909090909092,0.04,0.2057416267942584,1,16.588356
Nangate45,NORX1,XNOR2_X1,A,ZN,rise,40.9838,0.0130081,1.1,25.0,74.53999999999999,1.5180722891566267,1.26e-06,8.299999999999999e-07,0,1,1,3.737283829590765,0.0129242212859107,793650.7936507936,1204819.277108434,10323.88888888889,15672.409638554222,10323.88888888889,793650.7936507936,0.9090909090909092,0.04,0.2057416267942584,1,114.44981
Nangate45,NORX1,XNOR2_X1,B,ZN,rise,40.9838,0.000813006,1.1,25.0,38.38,1.5180722891566267,1.26e-06,8.299999999999999e-07,0,1,1,3.737283829590765,0.0008126756896393,793650.7936507936,1204819.277108434,645.2428571428571,979.5253012048196,645.2428571428571,793650.7936507936,0.9090909090909092,0.04,0.2057416267942584,1,52.09282
Nangate45,NORX1,XNOR2_X1,B,ZN,rise,40.9838,0.0260162,1.1,25.0,167.889,1.5180722891566267,1.26e-06,8.299999999999999e-07,0,1,1,3.737283829590765,0.0256835360976095,793650.7936507936,1204819.277108434,20647.77777777778,31344.819277108443,20647.77777777778,793650.7936507936,0.9090909090909092,0.04,0.2057416267942584,1,159.8589
Nangate45,NANDX1,NAND4_X1,A1,ZN,rise,78.0596,0.0139999,1.1,25.0,82.3233,1.5180722891566267,1.26e-06,8.299999999999999e-07,0,1,1,4.370201998407221,0.0139028065496571,793650.7936507936,1204819.277108434,11111.031746031746,16867.349397590366,11111.031746031746,793650.7936507936,0.9090909090909092,0.04,0.2057416267942584,1,88.82438
Nangate45,NANDX1,NAND3_X1,A1,ZN,rise,4.72397,0.0145912,1.1,25.0,44.9597,1.5180722891566267,1.26e-06,8.299999999999999e-07,0,1,1,1.7446626205903233,0.0144857727440233,793650.7936507936,1204819.277108434,11580.31746031746,17579.75903614458,11580.31746031746,793650.7936507936,0.9090909090909092,0.04,0.2057416267942584,1,56.438477
Nangate45,NORX1,NOR4_X1,A4,ZN,fall,1.1737799999999998,0.00063952,1.1,25.0,5.83826,1.5180722891566267,1.26e-06,8.299999999999999e-07,0,1,1,0.7764675876261998,0.0006393155942278,793650.7936507936,1204819.277108434,507.5555555555555,770.5060240963857,770.5060240963857,1204819.277108434,0.9090909090909092,0.04,0.2057416267942584,1,11.674164
Nangate45,NORX1,NOR4_X1,A2,ZN,rise,4.72397,0.0104713,1.1,25.0,157.522,1.5180722891566267,1.26e-06,8.299999999999999e-07,0,1,1,1.7446626205903233,0.010416855676904,793650.7936507936,1204819.277108434,8310.555555555555,12616.024096385545,8310.555555555555,793650.7936507936,0.9090909090909092,0.04,0.2057416267942584,1,102.30846
Nangate45,NANDX1,NAND4_X1,A1,ZN,rise,130.081,0.0559998,1.1,25.0,210.402,1.5180722891566267,1.26e-06,8.299999999999999e-07,0,1,1,4.875815452730412,0.0544879958901124,793650.7936507936,1204819.277108434,44444.28571428572,67469.63855421687,44444.28571428572,793650.7936507936,0.9090909090909092,0.04,0.2057416267942584,1,213.9193
Nangate45,NANDX1,NAND3_X1,A3,ZN,fall,4.72397,0.000365616,1.1,25.0,15.4809,1.5180722891566267,1.26e-06,8.299999999999999e-07,0,1,1,1.7446626205903233,0.000365549178757,793650.7936507936,1204819.277108434,290.1714285714286,440.5012048192772,440.5012048192772,1204819.277108434,0.9090909090909092,0.04,0.2057416267942584,1,11.182342
Nangate45,NORX1,XNOR2_X1,A,ZN,fall,17.1859,0.00325202,1.1,25.0,44.877,1.5180722891566267,1.26e-06,8.299999999999999e-07,0,1,1,2.900646568553312,0.0032467436191291,793650.7936507936,1204819.277108434,2580.968253968254,3918.096385542169,3918.096385542169,1204819.277108434,0.9090909090909092,0.04,0.2057416267942584,1,16.212719
Nangate45,NANDX1,NAND3_X1,A1,ZN,fall,40.9838,0.00729561,1.1,25.0,46.2819,1.5180722891566267,1.26e-06,8.299999999999999e-07,0,1,1,3.737283829590765,0.0072691257717537,793650.7936507936,1204819.277108434,5790.166666666666,8789.891566265062,8789.891566265062,1204819.277108434,0.9090909090909092,0.04,0.2057416267942584,1,33.2354
Nangate45,NORX1,XNOR2_X1,A,ZN,fall,17.1859,0.00650405,1.1,25.0,27.118,1.5180722891566267,1.26e-06,8.299999999999999e-07,0,1,1,2.900646568553312,0.0064829899346209,793650.7936507936,1204819.277108434,5161.944444444445,7836.204819277111,7836.204819277111,1204819.277108434,0.9090909090909092,0.04,0.2057416267942584,1,20.411781
Nangate45,NORX1,NOR2_X1,A2,ZN,rise,130.081,0.0066757299999999,1.1,25.0,96.56,1.5180722891566267,1.26e-06,8.299999999999999e-07,0,1,1,4.875815452730412,0.0066535459893972,793650.7936507936,1204819.277108434,5298.198412698412,8043.048192771084,5298.198412698412,793650.7936507936,0.9090909090909092,0.04,0.2057416267942584,1,86.31548
Nangate45,XORX1,XOR2_X1,A,Z,fall,4.72397,0.00079155,1.1,25.0,10.055,1.5135135135135138,2.52e-06,1.6649999999999995e-06,0,1,1,1.7446626205903233,0.0007912368895162,396825.3968253968,600600.6006006007,314.10714285714283,475.40540540540553,475.40540540540553,600600.6006006007,0.9090909090909092,0.04,0.2043010752688172,1,17.591936
Nangate45,NORX1,NOR2_X1,A2,ZN,fall,17.1859,0.000365616,1.1,25.0,9.27083,1.5180722891566267,1.26e-06,8.299999999999999e-07,0,1,1,2.900646568553312,0.000365549178757,793650.7936507936,1204819.277108434,290.1714285714286,440.5012048192772,440.5012048192772,1204819.277108434,0.9090909090909092,0.04,0.2057416267942584,1,13.841585
Nangate45,NANDX1,NAND4_X1,A1,ZN,fall,198.535,0.0279999,1.1,25.0,194.398,1.5180722891566267,1.26e-06,8.299999999999999e-07,0,1,1,5.295989659538859,0.027615069756704,793650.7936507936,1204819.277108434,22222.14285714286,33734.81927710844,33734.81927710844,1204819.277108434,0.9090909090909092,0.04,0.2057416267942584,1,157.57242
Nangate45,XORX1,XOR2_X1,B,Z,fall,198.535,0.00079155,1.1,25.0,11.237,1.5135135135135138,2.52e-06,1.6649999999999995e-06,0,1,1,5.295989659538859,0.0007912368895162,396825.3968253968,600600.6006006007,314.10714285714283,475.40540540540553,475.40540540540553,600600.6006006007,0.9090909090909092,0.04,0.2043010752688172,1,46.155106
Nangate45,NANDX1,NAND3_X1,A3,ZN,rise,17.1859,0.0583649,1.1,25.0,160.578,1.5180722891566267,1.26e-06,8.299999999999999e-07,0,1,1,2.900646568553312,0.0567251700033895,793650.7936507936,1204819.277108434,46321.3492063492,70319.15662650602,46321.3492063492,793650.7936507936,0.9090909090909092,0.04,0.2057416267942584,1,174.91621
Nangate45,XORX1,XOR2_X1,B,Z,rise,130.081,0.0031662,1.1,25.0,87.228,1.5135135135135138,2.52e-06,1.6649999999999995e-06,0,1,1,4.875815452730412,0.0031611981439168,396825.3968253968,600600.6006006007,1256.428571428571,1901.621621621622,1256.428571428571,396825.3968253968,0.9090909090909092,0.04,0.2043010752688172,1,82.423485
Nangate45,NORX1,NOR3_X1,A2,ZN,fall,130.081,0.001289,1.1,25.0,8.95367,1.5180722891566267,1.26e-06,8.299999999999999e-07,0,1,1,4.875815452730412,0.0012881699527107,793650.7936507936,1204819.277108434,1023.015873015873,1553.012048192771,1553.012048192771,1204819.277108434,0.9090909090909092,0.04,0.2057416267942584,1,43.43635
Nangate45,NORX1,NOR3_X1,A1,ZN,fall,17.1859,0.000365616,1.1,25.0,7.97604,1.5180722891566267,1.26e-06,8.299999999999999e-07,0,1,1,2.900646568553312,0.000365549178757,793650.7936507936,1204819.277108434,290.1714285714286,440.5012048192772,440.5012048192772,1204819.277108434,0.9090909090909092,0.04,0.2057416267942584,1,13.841585
Nangate45,NORX1,XNOR2_X1,A,ZN,rise,4.72397,0.00650405,1.1,25.0,50.173,1.5180722891566267,1.26e-06,8.299999999999999e-07,0,1,1,1.7446626205903233,0.0064829899346209,793650.7936507936,1204819.277108434,5161.944444444445,7836.204819277111,5161.944444444445,793650.7936507936,0.9090909090909092,0.04,0.2057416267942584,1,55.4263
Nangate45,NORX1,XNOR2_X1,B,ZN,rise,130.081,0.000813006,1.1,25.0,53.331,1.5180722891566267,1.26e-06,8.299999999999999e-07,0,1,1,4.875815452730412,0.0008126756896393,793650.7936507936,1204819.277108434,645.2428571428571,979.5253012048196,645.2428571428571,793650.7936507936,0.9090909090909092,0.04,0.2057416267942584,1,70.368225
Nangate45,INVX2,INV_X2,A,ZN,rise,4.72397,0.06073,1.1,25.0,80.019,1.5180722891566267,1.26e-06,8.299999999999999e-07,1,1,1,1.7446626205903233,0.0589573503385265,793650.7936507936,1204819.277108434,48198.41269841269,73168.67469879519,48198.41269841269,793650.7936507936,0.9090909090909092,0.04,0.2057416267942584,1,75.203224
Nangate45,NORX1,NOR3_X1,A3,ZN,rise,17.1859,0.001289,1.1,25.0,48.8144,1.5180722891566267,1.26e-06,8.299999999999999e-07,0,1,1,2.900646568553312,0.0012881699527107,793650.7936507936,1204819.277108434,1023.015873015873,1553.012048192771,1023.015873015873,793650.7936507936,0.9090909090909092,0.04,0.2057416267942584,1,55.82603
Nangate45,NANDX1,NAND3_X1,A1,ZN,rise,1.1737799999999998,0.0018239,1.1,25.0,12.3627,1.5180722891566267,1.26e-06,8.299999999999999e-07,0,1,1,0.7764675876261998,0.0018222387141011,793650.7936507936,1204819.277108434,1447.5396825396824,2197.4698795180725,1447.5396825396824,793650.7936507936,0.9090909090909092,0.04,0.2057416267942584,1,26.381084
Nangate45,NORX1,NOR4_X1,A3,ZN,rise,78.0596,0.0104713,1.1,25.0,189.255,1.5180722891566267,1.26e-06,8.299999999999999e-07,0,1,1,4.370201998407221,0.010416855676904,793650.7936507936,1204819.277108434,8310.555555555555,12616.024096385545,8310.555555555555,793650.7936507936,0.9090909090909092,0.04,0.2057416267942584,1,135.54292
Nangate45,NANDX1,NAND2_X1,A1,ZN,rise,78.0596,0.00370979,1.1,25.0,43.833,1.5180722891566267,1.26e-06,8.299999999999999e-07,0,1,1,4.370201998407221,0.0037029257005795,793650.7936507936,1204819.277108434,2944.277777777778,4469.626506024097,2944.277777777778,793650.7936507936,0.9090909090909092,0.04,0.2057416267942584,1,52.97226
Nangate45,NORX1,NOR4_X1,A1,ZN,fall,40.9838,0.000365616,1.1,25.0,9.594449999999998,1.5180722891566267,1.26e-06,8.299999999999999e-07,0,1,1,3.737283829590765,0.000365549178757,793650.7936507936,1204819.277108434,290.1714285714286,440.5012048192772,440.5012048192772,1204819.277108434,0.9090909090909092,0.04,0.2057416267942584,1,23.995024
Nangate45,NORX1,NOR3_X1,A2,ZN,fall,4.72397,0.000686498,1.1,25.0,7.242990000000001,1.5180722891566267,1.26e-06,8.299999999999999e-07,0,1,1,1.7446626205903233,0.0006862624680366,793650.7936507936,1204819.277108434,544.8396825396825,827.1060240963857,827.1060240963857,1204819.277108434,0.9090909090909092,0.04,0.2057416267942584,1,11.1046715
Nangate45,XORX1,XOR2_X1,A,Z,fall,78.0596,0.00079155,1.1,25.0,16.421000000000003,1.5135135135135138,2.52e-06,1.6649999999999995e-06,0,1,1,4.370201998407221,0.0007912368895162,396825.3968253968,600600.6006006007,314.10714285714283,475.40540540540553,475.40540540540553,600600.6006006007,0.9090909090909092,0.04,0.2043010752688172,1,33.910896
Nangate45,NANDX1,NAND4_X1,A2,ZN,fall,130.081,0.0139999,1.1,25.0,114.164,1.5180722891566267,1.26e-06,8.299999999999999e-07,0,1,1,4.875815452730412,0.0139028065496571,793650.7936507936,1204819.277108434,11111.031746031746,16867.349397590366,16867.349397590366,1204819.277108434,0.9090909090909092,0.04,0.2057416267942584,1,78.85088
Nangate45,NORX1,NOR3_X1,A1,ZN,fall,4.72397,0.00242029,1.1,25.0,8.45632,1.5180722891566267,1.26e-06,8.299999999999999e-07,0,1,1,1.7446626205903233,0.0024173658154572,793650.7936507936,1204819.277108434,1920.8650793650795,2916.012048192772,2916.012048192772,1204819.277108434,0.9090909090909092,0.04,0.2057416267942584,1,17.290272
Nangate45,NORX1,XNOR2_X1,A,ZN,fall,1.1737799999999998,0.000813006,1.1,25.0,31.712,1.5180722891566267,1.26e-06,8.299999999999999e-07,0,1,1,0.7764675876261998,0.0008126756896393,793650.7936507936,1204819.277108434,645.2428571428571,979.5253012048196,979.5253012048196,1204819.277108434,0.9090909090909092,0.04,0.2057416267942584,1,11.941879
Nangate45,NORX1,NOR4_X1,A3,ZN,fall,4.72397,0.00598648,1.1,25.0,15.224,1.5180722891566267,1.26e-06,8.299999999999999e-07,0,1,1,1.7446626205903233,0.0059686322234213,793650.7936507936,1204819.277108434,4751.174603174603,7212.626506024098,7212.626506024098,1204819.277108434,0.9090909090909092,0.04,0.2057416267942584,1,16.58451
Nangate45,NANDX1,NAND3_X1,A1,ZN,rise,198.535,0.0018239,1.1,25.0,53.7537,1.5180722891566267,1.26e-06,8.299999999999999e-07,0,1,1,5.295989659538859,0.0018222387141011,793650.7936507936,1204819.277108434,1447.5396825396824,2197.4698795180725,1447.5396825396824,793650.7936507936,0.9090909090909092,0.04,0.2057416267942584,1,59.712917
Nangate45,NANDX1,NAND4_X1,A4,ZN,rise,78.0596,0.00699997,1.1,25.0,69.8261,1.5180722891566267,1.26e-06,8.299999999999999e-07,0,1,1,4.370201998407221,0.006975583944965,793650.7936507936,1204819.277108434,5555.531746031746,8433.698795180724,5555.531746031746,793650.7936507936,0.9090909090909092,0.04,0.2057416267942584,1,57.427628
Nangate45,NORX1,NOR3_X1,A1,ZN,rise,1.1737799999999998,0.001289,1.1,25.0,28.5228,1.5180722891566267,1.26e-06,8.299999999999999e-07,0,1,1,0.7764675876261998,0.0012881699527107,793650.7936507936,1204819.277108434,1023.015873015873,1553.012048192771,1023.015873015873,793650.7936507936,0.9090909090909092,0.04,0.2057416267942584,1,38.496056
Nangate45,NANDX1,NAND4_X1,A3,ZN,rise,78.0596,0.00699997,1.1,25.0,67.2135,1.5180722891566267,1.26e-06,8.299999999999999e-07,0,1,1,4.370201998407221,0.006975583944965,793650.7936507936,1204819.277108434,5555.531746031746,8433.698795180724,5555.531746031746,793650.7936507936,0.9090909090909092,0.04,0.2057416267942584,1,57.427628
Nangate45,NANDX1,NAND2_X1,A2,ZN,rise,40.9838,0.0018549,1.1,25.0,30.5875,1.5180722891566267,1.26e-06,8.299999999999999e-07,0,1,1,3.737283829590765,0.0018531817973962,793650.7936507936,1204819.277108434,1472.142857142857,2234.819277108434,1472.142857142857,793650.7936507936,0.9090909090909092,0.04,0.2057416267942584,1,37.154278
Nangate45,NORX1,XNOR2_X1,A,ZN,rise,1.1737799999999998,0.00162601,1.1,25.0,34.336,1.5180722891566267,1.26e-06,8.299999999999999e-07,0,1,1,0.7764675876261998,0.0016246894770018,793650.7936507936,1204819.277108434,1290.484126984127,1959.0481927710848,1290.484126984127,793650.7936507936,0.9090909090909092,0.04,0.2057416267942584,1,39.82523
Nangate45,NANDX1,NAND4_X1,A1,ZN,fall,198.535,0.00349999,1.1,25.0,63.9911,1.5180722891566267,1.26e-06,8.299999999999999e-07,0,1,1,5.295989659538859,0.0034938792891336,793650.7936507936,1204819.277108434,2777.769841269841,4216.855421686748,4216.855421686748,1204819.277108434,0.9090909090909092,0.04,0.2057416267942584,1,50.63449
Nangate45,NORX1,NOR3_X1,A3,ZN,rise,130.081,0.00454444,1.1,25.0,104.745,1.5180722891566267,1.26e-06,8.299999999999999e-07,0,1,1,4.875815452730412,0.0045341452101301,793650.7936507936,1204819.277108434,3606.698412698413,5475.228915662652,3606.698412698413,793650.7936507936,0.9090909090909092,0.04,0.2057416267942584,1,95.20385
Nangate45,XORX1,XOR2_X1,A,Z,rise,17.1859,0.0031662,1.1,25.0,37.037,1.5135135135135138,2.52e-06,1.6649999999999995e-06,0,1,1,2.900646568553312,0.0031611981439168,396825.3968253968,600600.6006006007,1256.428571428571,1901.621621621622,1256.428571428571,396825.3968253968,0.9090909090909092,0.04,0.2043010752688172,1,58.999737
Nangate45,NORX1,NOR3_X1,A1,ZN,fall,17.1859,0.00454444,1.1,25.0,16.0909,1.5180722891566267,1.26e-06,8.299999999999999e-07,0,1,1,2.900646568553312,0.0045341452101301,793650.7936507936,1204819.277108434,3606.698412698413,5475.228915662652,5475.228915662652,1204819.277108434,0.9090909090909092,0.04,0.2057416267942584,1,26.958326
Nangate45,XORX1,XOR2_X1,A,Z,fall,17.1859,0.0253296,1.1,25.0,88.397,1.5135135135135138,2.52e-06,1.6649999999999995e-06,0,1,1,2.900646568553312,0.0250141218763313,396825.3968253968,600600.6006006007,10051.42857142857,15212.972972972975,15212.972972972975,600600.6006006007,0.9090909090909092,0.04,0.2043010752688172,1,67.17882
Nangate45,NORX1,NOR4_X1,A2,ZN,fall,1.1737799999999998,0.00063952,1.1,25.0,6.298640000000001,1.5180722891566267,1.26e-06,8.299999999999999e-07,0,1,1,0.7764675876261998,0.0006393155942278,793650.7936507936,1204819.277108434,507.5555555555555,770.5060240963857,770.5060240963857,1204819.277108434,0.9090909090909092,0.04,0.2057416267942584,1,11.770029
Nangate45,INVX1,INV_X1,A,ZN,fall,40.9838,0.000365616,1.1,25.0,5.01217,1.5180722891566267,6.3e-07,4.1500000000000005e-07,1,1,1,3.737283829590765,0.000365549178757,1587301.5873015872,2409638.554216868,580.3428571428572,881.0024096385544,881.0024096385544,2409638.554216868,0.9090909090909092,0.04,0.2057416267942584,1,11.486528
Nangate45,XORX1,XOR2_X1,B,Z,rise,1.1737799999999998,0.0015831,1.1,25.0,40.07899999999999,1.5135135135135138,2.52e-06,1.6649999999999995e-06,0,1,1,0.7764675876261998,0.0015818482181514,396825.3968253968,600600.6006006007,628.2142857142857,950.8108108108112,628.2142857142857,396825.3968253968,0.9090909090909092,0.04,0.2043010752688172,1,28.790392
Nangate45,NANDX1,NAND3_X1,A1,ZN,rise,198.535,0.00364781,1.1,25.0,66.21100000000001,1.5180722891566267,1.26e-06,8.299999999999999e-07,0,1,1,5.295989659538859,0.0036411728768477,793650.7936507936,1204819.277108434,2895.0873015873017,4394.951807228917,2895.0873015873017,793650.7936507936,0.9090909090909092,0.04,0.2057416267942584,1,66.90836
Nangate45,NORX1,NOR2_X1,A1,ZN,rise,17.1859,0.00333786,1.1,25.0,35.0583,1.5180722891566267,1.26e-06,8.299999999999999e-07,0,1,1,2.900646568553312,0.0033323017104042,793650.7936507936,1204819.277108434,2649.095238095238,4021.518072289157,2649.095238095238,793650.7936507936,0.9090909090909092,0.04,0.2057416267942584,1,56.440228
Nangate45,INVX1,INV_X1,A,ZN,fall,4.72397,0.000365616,1.1,25.0,4.61096,1.5180722891566267,6.3e-07,4.1500000000000005e-07,1,1,1,1.7446626205903233,0.000365549178757,1587301.5873015872,2409638.554216868,580.3428571428572,881.0024096385544,881.0024096385544,2409638.554216868,0.9090909090909092,0.04,0.2057416267942584,1,10.248882
Nangate45,NORX1,NOR3_X1,A3,ZN,fall,17.1859,0.00242029,1.1,25.0,14.693,1.5180722891566267,1.26e-06,8.299999999999999e-07,0,1,1,2.900646568553312,0.0024173658154572,793650.7936507936,1204819.277108434,1920.8650793650795,2916.012048192772,2916.012048192772,1204819.277108434,0.9090909090909092,0.04,0.2057416267942584,1,21.963741
Nangate45,NANDX1,NAND4_X1,A3,ZN,fall,1.1737799999999998,0.0559998,1.1,25.0,235.351,1.5180722891566267,1.26e-06,8.299999999999999e-07,0,1,1,0.7764675876261998,0.0544879958901124,793650.7936507936,1204819.277108434,44444.28571428572,67469.63855421687,67469.63855421687,1204819.277108434,0.9090909090909092,0.04,0.2057416267942584,1,126.50153
Nangate45,NORX1,NOR3_X1,A2,ZN,rise,17.1859,0.0160217,1.1,25.0,160.772,1.5180722891566267,1.26e-06,8.299999999999999e-07,0,1,1,2.900646568553312,0.0158947071959221,793650.7936507936,1204819.277108434,12715.63492063492,19303.253012048197,12715.63492063492,793650.7936507936,0.9090909090909092,0.04,0.2057416267942584,1,143.81094
Nangate45,NANDX1,NAND4_X1,A2,ZN,rise,130.081,0.0017499899999999,1.1,25.0,53.5678,1.5180722891566267,1.26e-06,8.299999999999999e-07,0,1,1,4.875815452730412,0.0017484605515862,793650.7936507936,1204819.277108434,1388.8809523809523,2108.421686746988,1388.8809523809523,793650.7936507936,0.9090909090909092,0.04,0.2057416267942584,1,46.285103
Nangate45,XORX1,XOR2_X1,B,Z,fall,130.081,0.000365616,1.1,25.0,90.991,1.5135135135135138,2.52e-06,1.6649999999999995e-06,0,1,1,4.875815452730412,0.000365549178757,396825.3968253968,600600.6006006007,145.0857142857143,219.58918918918928,219.58918918918928,600600.6006006007,0.9090909090909092,0.04,0.2043010752688172,1,35.291416
Nangate45,NANDX1,NAND2_X1,A1,ZN,rise,40.9838,0.000365616,1.1,25.0,19.8673,1.5180722891566267,1.26e-06,8.299999999999999e-07,0,1,1,3.737283829590765,0.000365549178757,793650.7936507936,1204819.277108434,290.1714285714286,440.5012048192772,290.1714285714286,793650.7936507936,0.9090909090909092,0.04,0.2057416267942584,1,29.104277
Nangate45,NANDX1,NAND4_X1,A1,ZN,fall,4.72397,0.0139999,1.1,25.0,69.1915,1.5180722891566267,1.26e-06,8.299999999999999e-07,0,1,1,1.7446626205903233,0.0139028065496571,793650.7936507936,1204819.277108434,11111.031746031746,16867.349397590366,16867.349397590366,1204819.277108434,0.9090909090909092,0.04,0.2057416267942584,1,33.553177
Nangate45,INVX1,TINV_X1,I,ZN,rise,17.1859,0.003674923229,1.1,25.0,42.855,1.5180722891566267,6.3e-07,4.1500000000000005e-07,1,1,1,2.900646568553312,0.0036681871965212,1587301.5873015872,2409638.554216868,5833.211474603175,8855.236696385544,5833.211474603175,1587301.5873015872,0.9090909090909092,0.04,0.2057416267942584,1,25.207212
Nangate45,INVX1,TINV_X1,I,ZN,fall,78.0596,0.02342024323,1.1,25.0,89.3113,1.5180722891566267,6.3e-07,4.1500000000000005e-07,1,1,1,4.370201998407221,0.0231501975625825,1587301.5873015872,2409638.554216868,37174.989253968255,56434.32103614459,56434.32103614459,2409638.554216868,0.9090909090909092,0.04,0.2057416267942584,1,78.680626
Nangate45,INVX1,TINV_X1,EN,ZN,fall,17.1859,0.003674923229,1.1,25.0,29.286,1.5180722891566267,6.3e-07,4.1500000000000005e-07,1,1,1,2.900646568553312,0.0036681871965212,1587301.5873015872,2409638.554216868,5833.211474603175,8855.236696385544,8855.236696385544,2409638.554216868,0.9090909090909092,0.04,0.2057416267942584,1,16.362297
Nangate45,NORX1,NOR2_X1,A1,ZN,rise,17.1859,0.0066757299999999,1.1,25.0,51.9006,1.5180722891566267,1.26e-06,8.299999999999999e-07,0,1,1,2.900646568553312,0.0066535459893972,793650.7936507936,1204819.277108434,5298.198412698412,8043.048192771084,5298.198412698412,793650.7936507936,0.9090909090909092,0.04,0.2057416267942584,1,68.696526
Nangate45,NANDX1,NAND2_X1,A2,ZN,rise,4.72397,0.000365616,1.1,25.0,11.1329,1.5180722891566267,1.26e-06,8.299999999999999e-07,0,1,1,1.7446626205903233,0.000365549178757,793650.7936507936,1204819.277108434,290.1714285714286,440.5012048192772,290.1714285714286,793650.7936507936,0.9090909090909092,0.04,0.2057416267942584,1,19.209898
Nangate45,NORX1,NOR4_X1,A1,ZN,fall,198.535,0.0104713,1.1,25.0,38.478,1.5180722891566267,1.26e-06,8.299999999999999e-07,0,1,1,5.295989659538859,0.010416855676904,793650.7936507936,1204819.277108434,8310.555555555555,12616.024096385545,12616.024096385545,1204819.277108434,0.9090909090909092,0.04,0.2057416267942584,1,85.65062
Nangate45,NORX1,NOR3_X1,A3,ZN,rise,4.72397,0.00454444,1.1,25.0,69.8974,1.5180722891566267,1.26e-06,8.299999999999999e-07,0,1,1,1.7446626205903233,0.0045341452101301,793650.7936507936,1204819.277108434,3606.698412698413,5475.228915662652,3606.698412698413,793650.7936507936,0.9090909090909092,0.04,0.2057416267942584,1,54.560623
Nangate45,NORX1,XNOR2_X1,A,ZN,rise,78.0596,0.0130081,1.1,25.0,80.635,1.5180722891566267,1.26e-06,8.299999999999999e-07,0,1,1,4.370201998407221,0.0129242212859107,793650.7936507936,1204819.277108434,10323.88888888889,15672.409638554222,10323.88888888889,793650.7936507936,0.9090909090909092,0.04,0.2057416267942584,1,120.742805
Nangate45,NANDX1,NAND2_X1,A2,ZN,fall,40.9838,0.0018549,1.1,25.0,19.5511,1.5180722891566267,1.26e-06,8.299999999999999e-07,0,1,1,3.737283829590765,0.0018531817973962,793650.7936507936,1204819.277108434,1472.142857142857,2234.819277108434,2234.819277108434,1204819.277108434,0.9090909090909092,0.04,0.2057416267942584,1,23.935415
Nangate45,XORX1,XOR2_X1,A,Z,rise,17.1859,0.0253296,1.1,25.0,149.79799999999997,1.5135135135135138,2.52e-06,1.6649999999999995e-06,0,1,1,2.900646568553312,0.0250141218763313,396825.3968253968,600600.6006006007,10051.42857142857,15212.972972972975,10051.42857142857,396825.3968253968,0.9090909090909092,0.04,0.2043010752688172,1,94.31057
Nangate45,NANDX1,NAND3_X1,A2,ZN,fall,4.72397,0.0583649,1.1,25.0,186.044,1.5180722891566267,1.26e-06,8.299999999999999e-07,0,1,1,1.7446626205903233,0.0567251700033895,793650.7936507936,1204819.277108434,46321.3492063492,70319.15662650602,70319.15662650602,1204819.277108434,0.9090909090909092,0.04,0.2057416267942584,1,149.69063
Nangate45,XORX1,XOR2_X1,B,Z,fall,198.535,0.0031662,1.1,25.0,27.684,1.5135135135135138,2.52e-06,1.6649999999999995e-06,0,1,1,5.295989659538859,0.0031611981439168,396825.3968253968,600600.6006006007,1256.428571428571,1901.621621621622,1901.621621621622,600600.6006006007,0.9090909090909092,0.04,0.2043010752688172,1,62.616917
Nangate45,NORX1,NOR4_X1,A4,ZN,fall,40.9838,0.00342249,1.1,25.0,22.8855,1.5180722891566267,1.26e-06,8.299999999999999e-07,0,1,1,3.737283829590765,0.0034166466099336,793650.7936507936,1204819.277108434,2716.2619047619046,4123.481927710844,4123.481927710844,1204819.277108434,0.9090909090909092,0.04,0.2057416267942584,1,19.76916
Nangate45,NANDX1,NAND4_X1,A3,ZN,fall,17.1859,0.000365616,1.1,25.0,26.0111,1.5180722891566267,1.26e-06,8.299999999999999e-07,0,1,1,2.900646568553312,0.000365549178757,793650.7936507936,1204819.277108434,290.1714285714286,440.5012048192772,440.5012048192772,1204819.277108434,0.9090909090909092,0.04,0.2057416267942584,1,13.167202
Nangate45,NORX1,XNOR2_X1,B,ZN,rise,17.1859,0.000813006,1.1,25.0,38.449,1.5180722891566267,1.26e-06,8.299999999999999e-07,0,1,1,2.900646568553312,0.0008126756896393,793650.7936507936,1204819.277108434,645.2428571428571,979.5253012048196,645.2428571428571,793650.7936507936,0.9090909090909092,0.04,0.2057416267942584,1,51.358112
Nangate45,NANDX1,NAND3_X1,A2,ZN,rise,78.0596,0.000365616,1.1,25.0,34.325799999999994,1.5180722891566267,1.26e-06,8.299999999999999e-07,0,1,1,4.370201998407221,0.000365549178757,793650.7936507936,1204819.277108434,290.1714285714286,440.5012048192772,290.1714285714286,793650.7936507936,0.9090909090909092,0.04,0.2057416267942584,1,36.766876
Nangate45,INVX1,TINV_X1,I,ZN,rise,198.535,0.02342024323,1.1,25.0,232.918,1.5180722891566267,6.3e-07,4.1500000000000005e-07,1,1,1,5.295989659538859,0.0231501975625825,1587301.5873015872,2409638.554216868,37174.989253968255,56434.32103614459,37174.989253968255,1587301.5873015872,0.9090909090909092,0.04,0.2057416267942584,1,125.82294
Nangate45,NORX1,XNOR2_X1,A,ZN,rise,130.081,0.000365616,1.1,25.0,54.929,1.5180722891566267,1.26e-06,8.299999999999999e-07,0,1,1,4.875815452730412,0.000365549178757,793650.7936507936,1204819.277108434,290.1714285714286,440.5012048192772,290.1714285714286,793650.7936507936,0.9090909090909092,0.04,0.2057416267942584,1,61.844433
Nangate45,NORX1,NOR4_X1,A2,ZN,fall,1.1737799999999998,0.00598648,1.1,25.0,13.2348,1.5180722891566267,1.26e-06,8.299999999999999e-07,0,1,1,0.7764675876261998,0.0059686322234213,793650.7936507936,1204819.277108434,4751.174603174603,7212.626506024098,7212.626506024098,1204819.277108434,0.9090909090909092,0.04,0.2057416267942584,1,22.834301
Nangate45,XORX1,XOR2_X1,A,Z,rise,17.1859,0.0063324,1.1,25.0,72.182,1.5135135135135138,2.52e-06,1.6649999999999995e-06,0,1,1,2.900646568553312,0.0063124345967383,396825.3968253968,600600.6006006007,2512.8571428571427,3803.243243243244,2512.8571428571427,396825.3968253968,0.9090909090909092,0.04,0.2043010752688172,1,73.54447
Nangate45,NORX1,NOR3_X1,A3,ZN,rise,17.1859,0.00454444,1.1,25.0,74.6739,1.5180722891566267,1.26e-06,8.299999999999999e-07,0,1,1,2.900646568553312,0.0045341452101301,793650.7936507936,1204819.277108434,3606.698412698413,5475.228915662652,3606.698412698413,793650.7936507936,0.9090909090909092,0.04,0.2057416267942584,1,65.36472
Nangate45,XORX1,XOR2_X1,B,Z,rise,40.9838,0.0253296,1.1,25.0,172.313,1.5135135135135138,2.52e-06,1.6649999999999995e-06,0,1,1,3.737283829590765,0.0250141218763313,396825.3968253968,600600.6006006007,10051.42857142857,15212.972972972975,10051.42857142857,396825.3968253968,0.9090909090909092,0.04,0.2043010752688172,1,103.77369
Nangate45,INVX2,INV_X2,A,ZN,rise,40.9838,0.0151825,1.1,25.0,43.9557,1.5180722891566267,1.26e-06,8.299999999999999e-07,1,1,1,3.737283829590765,0.0150683992868016,793650.7936507936,1204819.277108434,12049.603174603171,18292.1686746988,12049.603174603171,793650.7936507936,0.9090909090909092,0.04,0.2057416267942584,1,43.90064
Nangate45,NANDX1,NAND4_X1,A4,ZN,fall,78.0596,0.000365616,1.1,25.0,30.2636,1.5180722891566267,1.26e-06,8.299999999999999e-07,0,1,1,4.370201998407221,0.000365549178757,793650.7936507936,1204819.277108434,290.1714285714286,440.5012048192772,440.5012048192772,1204819.277108434,0.9090909090909092,0.04,0.2057416267942584,1,23.984213
Nangate45,NORX1,NOR3_X1,A2,ZN,fall,17.1859,0.00242029,1.1,25.0,14.2486,1.5180722891566267,1.26e-06,8.299999999999999e-07,0,1,1,2.900646568553312,0.0024173658154572,793650.7936507936,1204819.277108434,1920.8650793650795,2916.012048192772,2916.012048192772,1204819.277108434,0.9090909090909092,0.04,0.2057416267942584,1,21.963741
Nangate45,XORX1,XOR2_X1,B,Z,rise,40.9838,0.0253296,1.1,25.0,164.633,1.5135135135135138,2.52e-06,1.6649999999999995e-06,0,1,1,3.737283829590765,0.0250141218763313,396825.3968253968,600600.6006006007,10051.42857142857,15212.972972972975,10051.42857142857,396825.3968253968,0.9090909090909092,0.04,0.2043010752688172,1,103.77369
Nangate45,NORX1,NOR3_X1,A2,ZN,fall,4.72397,0.00454444,1.1,25.0,12.312,1.5180722891566267,1.26e-06,8.299999999999999e-07,0,1,1,1.7446626205903233,0.0045341452101301,793650.7936507936,1204819.277108434,3606.698412698413,5475.228915662652,5475.228915662652,1204819.277108434,0.9090909090909092,0.04,0.2057416267942584,1,21.910818
Nangate45,NANDX1,NAND2_X1,A1,ZN,rise,40.9838,0.0148392,1.1,25.0,62.82319999999999,1.5180722891566267,1.26e-06,8.299999999999999e-07,0,1,1,3.737283829590765,0.0147301762980792,793650.7936507936,1204819.277108434,11777.142857142857,17878.554216867473,11777.142857142857,793650.7936507936,0.9090909090909092,0.04,0.2057416267942584,1,79.85175
Nangate45,NANDX1,NAND4_X1,A4,ZN,rise,78.0596,0.00349999,1.1,25.0,57.8796,1.5180722891566267,1.26e-06,8.299999999999999e-07,0,1,1,4.370201998407221,0.0034938792891336,793650.7936507936,1204819.277108434,2777.769841269841,4216.855421686748,2777.769841269841,793650.7936507936,0.9090909090909092,0.04,0.2057416267942584,1,43.803226
Nangate45,INVX1,INV_X16,A,ZN,rise,130.081,0.969238,1.1,25.0,219.321,1.5180722891566267,6.3e-07,4.1500000000000005e-07,1,1,1,4.875815452730412,0.6776466658922388,1587301.5873015872,2409638.554216868,1538473.015873016,2335513.2530120485,1538473.015873016,1587301.5873015872,0.9090909090909092,0.04,0.2057416267942584,1,130.21758
Nangate45,NANDX1,NAND3_X1,A1,ZN,fall,78.0596,0.00729561,1.1,25.0,56.0603,1.5180722891566267,1.26e-06,8.299999999999999e-07,0,1,1,4.370201998407221,0.0072691257717537,793650.7936507936,1204819.277108434,5790.166666666666,8789.891566265062,8789.891566265062,1204819.277108434,0.9090909090909092,0.04,0.2057416267942584,1,40.836052
Nangate45,NANDX1,NAND3_X1,A3,ZN,rise,17.1859,0.0018239,1.1,25.0,24.325,1.5180722891566267,1.26e-06,8.299999999999999e-07,0,1,1,2.900646568553312,0.0018222387141011,793650.7936507936,1204819.277108434,1447.5396825396824,2197.4698795180725,1447.5396825396824,793650.7936507936,0.9090909090909092,0.04,0.2057416267942584,1,25.895388
Nangate45,INVX1,TINV_X1,EN,ZN,fall,17.1859,0.001526164229,1.1,25.0,22.912,1.5180722891566267,6.3e-07,4.1500000000000005e-07,1,1,1,2.900646568553312,0.0015250008239207,1587301.5873015872,2409638.554216868,2422.482903174603,3677.5041662650606,3677.5041662650606,2409638.554216868,0.9090909090909092,0.04,0.2057416267942584,1,13.694678
Nangate45,NANDX1,NAND4_X1,A1,ZN,rise,4.72397,0.000365616,1.1,25.0,11.9704,1.5180722891566267,1.26e-06,8.299999999999999e-07,0,1,1,1.7446626205903233,0.000365549178757,793650.7936507936,1204819.277108434,290.1714285714286,440.5012048192772,290.1714285714286,793650.7936507936,0.9090909090909092,0.04,0.2057416267942584,1,19.209898
Nangate45,INVX2,INV_X2,A,ZN,rise,17.1859,0.00379562,1.1,25.0,17.4269,1.5180722891566267,1.26e-06,8.299999999999999e-07,1,1,1,2.900646568553312,0.0037884348101687,793650.7936507936,1204819.277108434,3012.396825396825,4573.036144578314,3012.396825396825,793650.7936507936,0.9090909090909092,0.04,0.2057416267942584,1,9.255879
Nangate45,INVX1,TINV_X1,EN,ZN,rise,1.1737799999999998,0.002245113229,1.1,25.0,16.62,1.5180722891566267,6.3e-07,4.1500000000000005e-07,1,1,1,0.7764675876261998,0.0022425967281435,1587301.5873015872,2409638.554216868,3563.6717920634924,5409.911395180725,3563.6717920634924,1587301.5873015872,0.9090909090909092,0.04,0.2057416267942584,1,12.702952
Nangate45,INVX1,TINV_X1,EN,ZN,rise,130.081,0.001164659229,1.1,25.0,3.551,1.5180722891566267,6.3e-07,4.1500000000000005e-07,1,1,1,4.875815452730412,0.0011639815395739,1587301.5873015872,2409638.554216868,1848.6654428571424,2806.407780722892,1848.6654428571424,1587301.5873015872,0.9090909090909092,0.04,0.2057416267942584,1,28.411112
Nangate45,NANDX1,NAND2_X1,A2,ZN,rise,40.9838,0.00741959,1.1,25.0,47.4816,1.5180722891566267,1.26e-06,8.299999999999999e-07,0,1,1,3.737283829590765,0.0073922002392085,793650.7936507936,1204819.277108434,5888.563492063492,8939.265060240965,5888.563492063492,793650.7936507936,0.9090909090909092,0.04,0.2057416267942584,1,79.40896
Nangate45,INVX1,INV_X16,A,ZN,rise,40.9838,0.484619,1.1,25.0,98.9442,1.5180722891566267,6.3e-07,4.1500000000000005e-07,1,1,1,3.737283829590765,0.3951581736794985,1587301.5873015872,2409638.554216868,769236.5079365079,1167756.6265060245,769236.5079365079,1587301.5873015872,0.9090909090909092,0.04,0.2057416267942584,1,95.437164
Nangate45,XORX1,XOR2_X1,A,Z,fall,4.72397,0.0063324,1.1,25.0,21.77,1.5135135135135138,2.52e-06,1.6649999999999995e-06,0,1,1,1.7446626205903233,0.0063124345967383,396825.3968253968,600600.6006006007,2512.8571428571427,3803.243243243244,3803.243243243244,600600.6006006007,0.9090909090909092,0.04,0.2043010752688172,1,48.447445
Nangate45,NANDX1,NAND3_X1,A1,ZN,rise,40.9838,0.00364781,1.1,25.0,34.9627,1.5180722891566267,1.26e-06,8.299999999999999e-07,0,1,1,3.737283829590765,0.0036411728768477,793650.7936507936,1204819.277108434,2895.0873015873017,4394.951807228917,2895.0873015873017,793650.7936507936,0.9090909090909092,0.04,0.2057416267942584,1,37.409176
Nangate45,NANDX1,NAND4_X1,A4,ZN,rise,17.1859,0.0139999,1.1,25.0,57.5287,1.5180722891566267,1.26e-06,8.299999999999999e-07,0,1,1,2.900646568553312,0.0139028065496571,793650.7936507936,1204819.277108434,11111.031746031746,16867.349397590366,11111.031746031746,793650.7936507936,0.9090909090909092,0.04,0.2057416267942584,1,64.360535
Nangate45,NORX1,XNOR2_X1,A,ZN,fall,1.1737799999999998,0.0260162,1.1,25.0,61.164,1.5180722891566267,1.26e-06,8.299999999999999e-07,0,1,1,0.7764675876261998,0.0256835360976095,793650.7936507936,1204819.277108434,20647.77777777778,31344.819277108443,31344.819277108443,1204819.277108434,0.9090909090909092,0.04,0.2057416267942584,1,50.769096
Nangate45,NANDX1,NAND4_X1,A2,ZN,rise,1.1737799999999998,0.00699997,1.1,25.0,28.8271,1.5180722891566267,1.26e-06,8.299999999999999e-07,0,1,1,0.7764675876261998,0.006975583944965,793650.7936507936,1204819.277108434,5555.531746031746,8433.698795180724,5555.531746031746,793650.7936507936,0.9090909090909092,0.04,0.2057416267942584,1,40.513645
Nangate45,NORX1,XNOR2_X1,B,ZN,fall,17.1859,0.00650405,1.1,25.0,53.096,1.5180722891566267,1.26e-06,8.299999999999999e-07,0,1,1,2.900646568553312,0.0064829899346209,793650.7936507936,1204819.277108434,5161.944444444445,7836.204819277111,7836.204819277111,1204819.277108434,0.9090909090909092,0.04,0.2057416267942584,1,20.37751
Nangate45,NORX1,NOR2_X1,A2,ZN,fall,40.9838,0.000834466,1.1,25.0,11.8496,1.5180722891566267,1.26e-06,8.299999999999999e-07,0,1,1,3.737283829590765,0.0008341180268151,793650.7936507936,1204819.277108434,662.2746031746032,1005.3807228915664,1005.3807228915664,1204819.277108434,0.9090909090909092,0.04,0.2057416267942584,1,11.6420965
Nangate45,NANDX1,NAND3_X1,A1,ZN,fall,40.9838,0.0018239,1.1,25.0,26.3217,1.5180722891566267,1.26e-06,8.299999999999999e-07,0,1,1,3.737283829590765,0.0018222387141011,793650.7936507936,1204819.277108434,1447.5396825396824,2197.4698795180725,2197.4698795180725,1204819.277108434,0.9090909090909092,0.04,0.2057416267942584,1,20.42021
Nangate45,NORX1,NOR4_X1,A3,ZN,fall,78.0596,0.00063952,1.1,25.0,15.073,1.5180722891566267,1.26e-06,8.299999999999999e-07,0,1,1,4.370201998407221,0.0006393155942278,793650.7936507936,1204819.277108434,507.5555555555555,770.5060240963857,770.5060240963857,1204819.277108434,0.9090909090909092,0.04,0.2057416267942584,1,28.309132
Nangate45,NORX1,NOR4_X1,A4,ZN,fall,198.535,0.000365616,1.1,25.0,4.6323,1.5180722891566267,1.26e-06,8.299999999999999e-07,0,1,1,5.295989659538859,0.000365549178757,793650.7936507936,1204819.277108434,290.1714285714286,440.5012048192772,440.5012048192772,1204819.277108434,0.9090909090909092,0.04,0.2057416267942584,1,44.955772
Nangate45,NANDX1,NAND2_X1,A2,ZN,rise,1.1737799999999998,0.0018549,1.1,25.0,13.3234,1.5180722891566267,1.26e-06,8.299999999999999e-07,0,1,1,0.7764675876261998,0.0018531817973962,793650.7936507936,1204819.277108434,1472.142857142857,2234.819277108434,1472.142857142857,793650.7936507936,0.9090909090909092,0.04,0.2057416267942584,1,29.425837
Nangate45,NORX1,XNOR2_X1,B,ZN,fall,78.0596,0.00325202,1.1,25.0,71.258,1.5180722891566267,1.26e-06,8.299999999999999e-07,0,1,1,4.370201998407221,0.0032467436191291,793650.7936507936,1204819.277108434,2580.968253968254,3918.096385542169,3918.096385542169,1204819.277108434,0.9090909090909092,0.04,0.2057416267942584,1,23.523676
Nangate45,NANDX1,NAND3_X1,A2,ZN,rise,17.1859,0.00729561,1.1,25.0,35.769299999999994,1.5180722891566267,1.26e-06,8.299999999999999e-07,0,1,1,2.900646568553312,0.0072691257717537,793650.7936507936,1204819.277108434,5790.166666666666,8789.891566265062,5790.166666666666,793650.7936507936,0.9090909090909092,0.04,0.2057416267942584,1,41.497036
Nangate45,NANDX1,NAND4_X1,A1,ZN,rise,4.72397,0.00349999,1.1,25.0,19.715300000000003,1.5180722891566267,1.26e-06,8.299999999999999e-07,0,1,1,1.7446626205903233,0.0034938792891336,793650.7936507936,1204819.277108434,2777.769841269841,4216.855421686748,2777.769841269841,793650.7936507936,0.9090909090909092,0.04,0.2057416267942584,1,24.58287
Nangate45,NANDX1,NAND3_X1,A2,ZN,rise,17.1859,0.0583649,1.1,25.0,158.45600000000002,1.5180722891566267,1.26e-06,8.299999999999999e-07,0,1,1,2.900646568553312,0.0567251700033895,793650.7936507936,1204819.277108434,46321.3492063492,70319.15662650602,46321.3492063492,793650.7936507936,0.9090909090909092,0.04,0.2057416267942584,1,174.91621
Nangate45,NORX1,NOR2_X1,A2,ZN,rise,17.1859,0.0267029,1.1,25.0,158.599,1.5180722891566267,1.26e-06,8.299999999999999e-07,0,1,1,2.900646568553312,0.0263525999024103,793650.7936507936,1204819.277108434,21192.777777777777,32172.1686746988,21192.777777777777,793650.7936507936,0.9090909090909092,0.04,0.2057416267942584,1,151.07704
Nangate45,NORX1,NOR3_X1,A2,ZN,rise,40.9838,0.001289,1.1,25.0,53.213,1.5180722891566267,1.26e-06,8.299999999999999e-07,0,1,1,3.737283829590765,0.0012881699527107,793650.7936507936,1204819.277108434,1023.015873015873,1553.012048192771,1023.015873015873,793650.7936507936,0.9090909090909092,0.04,0.2057416267942584,1,82.46568
Nangate45,NORX1,NOR2_X1,A1,ZN,rise,130.081,0.0267029,1.1,25.0,207.02,1.5180722891566267,1.26e-06,8.299999999999999e-07,0,1,1,4.875815452730412,0.0263525999024103,793650.7936507936,1204819.277108434,21192.777777777777,32172.1686746988,21192.777777777777,793650.7936507936,0.9090909090909092,0.04,0.2057416267942584,1,167.22876
Nangate45,NANDX1,NAND4_X1,A2,ZN,fall,17.1859,0.0559998,1.1,25.0,238.682,1.5180722891566267,1.26e-06,8.299999999999999e-07,0,1,1,2.900646568553312,0.0544879958901124,793650.7936507936,1204819.277108434,44444.28571428572,67469.63855421687,67469.63855421687,1204819.277108434,0.9090909090909092,0.04,0.2057416267942584,1,158.4555
Nangate45,INVX2,INV_X2,A,ZN,rise,130.081,0.030365,1.1,25.0,101.882,1.5180722891566267,1.26e-06,8.299999999999999e-07,1,1,1,4.875815452730412,0.0299131083997428,793650.7936507936,1204819.277108434,24099.206349206343,36584.3373493976,24099.206349206343,793650.7936507936,0.9090909090909092,0.04,0.2057416267942584,1,96.75686
Nangate45,NORX1,NOR2_X1,A1,ZN,fall,17.1859,0.000834466,1.1,25.0,8.33137,1.5180722891566267,1.26e-06,8.299999999999999e-07,0,1,1,2.900646568553312,0.0008341180268151,793650.7936507936,1204819.277108434,662.2746031746032,1005.3807228915664,1005.3807228915664,1204819.277108434,0.9090909090909092,0.04,0.2057416267942584,1,9.453611
Nangate45,NORX1,XNOR2_X1,A,ZN,rise,198.535,0.0260162,1.1,25.0,240.728,1.5180722891566267,1.26e-06,8.299999999999999e-07,0,1,1,5.295989659538859,0.0256835360976095,793650.7936507936,1204819.277108434,20647.77777777778,31344.819277108443,20647.77777777778,793650.7936507936,0.9090909090909092,0.04,0.2057416267942584,1,182.78474
Nangate45,NANDX1,NAND3_X1,A3,ZN,fall,78.0596,0.0145912,1.1,25.0,72.5492,1.5180722891566267,1.26e-06,8.299999999999999e-07,0,1,1,4.370201998407221,0.0144857727440233,793650.7936507936,1204819.277108434,11580.31746031746,17579.75903614458,17579.75903614458,1204819.277108434,0.9090909090909092,0.04,0.2057416267942584,1,67.642075
Nangate45,NORX1,XNOR2_X1,A,ZN,rise,130.081,0.00162601,1.1,25.0,66.556,1.5180722891566267,1.26e-06,8.299999999999999e-07,0,1,1,4.875815452730412,0.0016246894770018,793650.7936507936,1204819.277108434,1290.484126984127,1959.0481927710848,1290.484126984127,793650.7936507936,0.9090909090909092,0.04,0.2057416267942584,1,73.417366
Nangate45,NANDX1,NAND2_X1,A1,ZN,fall,78.0596,0.0018549,1.1,25.0,20.9729,1.5180722891566267,1.26e-06,8.299999999999999e-07,0,1,1,4.370201998407221,0.0018531817973962,793650.7936507936,1204819.277108434,1472.142857142857,2234.819277108434,2234.819277108434,1204819.277108434,0.9090909090909092,0.04,0.2057416267942584,1,27.292063
Nangate45,NORX1,NOR2_X1,A1,ZN,rise,40.9838,0.000834466,1.1,25.0,31.6593,1.5180722891566267,1.26e-06,8.299999999999999e-07,0,1,1,3.737283829590765,0.0008341180268151,793650.7936507936,1204819.277108434,662.2746031746032,1005.3807228915664,662.2746031746032,793650.7936507936,0.9090909090909092,0.04,0.2057416267942584,1,52.091835
Nangate45,NORX1,XNOR2_X1,A,ZN,fall,78.0596,0.000365616,1.1,25.0,60.998,1.5180722891566267,1.26e-06,8.299999999999999e-07,0,1,1,4.370201998407221,0.000365549178757,793650.7936507936,1204819.277108434,290.1714285714286,440.5012048192772,440.5012048192772,1204819.277108434,0.9090909090909092,0.04,0.2057416267942584,1,0.3948721
Nangate45,INVX1,INV_X1,A,ZN,rise,78.0596,0.00189781,1.1,25.0,32.7927,1.5180722891566267,6.3e-07,4.1500000000000005e-07,1,1,1,4.370201998407221,0.0018960114338003,1587301.5873015872,2409638.554216868,3012.396825396825,4573.036144578314,3012.396825396825,1587301.5873015872,0.9090909090909092,0.04,0.2057416267942584,1,34.135536
Nangate45,NORX1,XNOR2_X1,B,ZN,fall,130.081,0.00325202,1.1,25.0,36.319,1.5180722891566267,1.26e-06,8.299999999999999e-07,0,1,1,4.875815452730412,0.0032467436191291,793650.7936507936,1204819.277108434,2580.968253968254,3918.096385542169,3918.096385542169,1204819.277108434,0.9090909090909092,0.04,0.2057416267942584,1,36.962208
Nangate45,INVX1,INV_X1,A,ZN,rise,40.9838,0.00189781,1.1,25.0,24.5178,1.5180722891566267,6.3e-07,4.1500000000000005e-07,1,1,1,3.737283829590765,0.0018960114338003,1587301.5873015872,2409638.554216868,3012.396825396825,4573.036144578314,3012.396825396825,1587301.5873015872,0.9090909090909092,0.04,0.2057416267942584,1,26.718727
Nangate45,NANDX1,NAND4_X1,A3,ZN,fall,78.0596,0.0559998,1.1,25.0,254.839,1.5180722891566267,1.26e-06,8.299999999999999e-07,0,1,1,4.370201998407221,0.0544879958901124,793650.7936507936,1204819.277108434,44444.28571428572,67469.63855421687,67469.63855421687,1204819.277108434,0.9090909090909092,0.04,0.2057416267942584,1,181.4805
Nangate45,NORX1,NOR4_X1,A4,ZN,fall,17.1859,0.00195665,1.1,25.0,14.853,1.5180722891566267,1.26e-06,8.299999999999999e-07,0,1,1,2.900646568553312,0.0019547382537281,793650.7936507936,1204819.277108434,1552.8968253968253,2357.409638554217,2357.409638554217,1204819.277108434,0.9090909090909092,0.04,0.2057416267942584,1,13.357421
Nangate45,INVX1,TINV_X1,I,ZN,rise,40.9838,0.01217354323,1.1,25.0,102.649,1.5180722891566267,6.3e-07,4.1500000000000005e-07,1,1,1,3.737283829590765,0.0121000415684708,1587301.5873015872,2409638.554216868,19323.08449206349,29333.839108433735,19323.08449206349,1587301.5873015872,0.9090909090909092,0.04,0.2057416267942584,1,63.071457
Nangate45,XORX1,XOR2_X1,A,Z,fall,4.72397,0.000365616,1.1,25.0,45.292,1.5135135135135138,2.52e-06,1.6649999999999995e-06,0,1,1,1.7446626205903233,0.000365549178757,396825.3968253968,600600.6006006007,145.0857142857143,219.58918918918928,219.58918918918928,600600.6006006007,0.9090909090909092,0.04,0.2043010752688172,1,16.986305
Nangate45,INVX2,INV_X2,A,ZN,fall,130.081,0.030365,1.1,25.0,51.6619,1.5180722891566267,1.26e-06,8.299999999999999e-07,1,1,1,4.875815452730412,0.0299131083997428,793650.7936507936,1204819.277108434,24099.206349206343,36584.3373493976,36584.3373493976,1204819.277108434,0.9090909090909092,0.04,0.2057416267942584,1,72.18457
Nangate45,NORX1,XNOR2_X1,A,ZN,rise,40.9838,0.00650405,1.1,25.0,58.9,1.5180722891566267,1.26e-06,8.299999999999999e-07,0,1,1,3.737283829590765,0.0064829899346209,793650.7936507936,1204819.277108434,5161.944444444445,7836.204819277111,5161.944444444445,793650.7936507936,0.9090909090909092,0.04,0.2057416267942584,1,77.484566
Nangate45,INVX2,INV_X2,A,ZN,fall,198.535,0.0151825,1.1,25.0,28.3783,1.5180722891566267,1.26e-06,8.299999999999999e-07,1,1,1,5.295989659538859,0.0150683992868016,793650.7936507936,1204819.277108434,12049.603174603171,18292.1686746988,18292.1686746988,1204819.277108434,0.9090909090909092,0.04,0.2057416267942584,1,48.51614
Nangate45,NANDX1,NAND2_X1,A2,ZN,rise,78.0596,0.0593567,1.1,25.0,190.648,1.5180722891566267,1.26e-06,8.299999999999999e-07,0,1,1,4.370201998407221,0.0576618371011917,793650.7936507936,1204819.277108434,47108.492063492056,71514.09638554217,47108.492063492056,793650.7936507936,0.9090909090909092,0.04,0.2057416267942584,1,198.19334
Nangate45,INVX2,INV_X2,A,ZN,fall,40.9838,0.030365,1.1,25.0,38.1723,1.5180722891566267,1.26e-06,8.299999999999999e-07,1,1,1,3.737283829590765,0.0299131083997428,793650.7936507936,1204819.277108434,24099.206349206343,36584.3373493976,36584.3373493976,1204819.277108434,0.9090909090909092,0.04,0.2057416267942584,1,19.247938
Nangate45,NORX1,XNOR2_X1,B,ZN,rise,1.1737799999999998,0.00325202,1.1,25.0,39.686,1.5180722891566267,1.26e-06,8.299999999999999e-07,0,1,1,0.7764675876261998,0.0032467436191291,793650.7936507936,1204819.277108434,2580.968253968254,3918.096385542169,2580.968253968254,793650.7936507936,0.9090909090909092,0.04,0.2057416267942584,1,44.264572
Nangate45,NANDX1,NAND2_X1,A2,ZN,fall,40.9838,0.0148392,1.1,25.0,51.407300000000006,1.5180722891566267,1.26e-06,8.299999999999999e-07,0,1,1,3.737283829590765,0.0147301762980792,793650.7936507936,1204819.277108434,11777.142857142857,17878.554216867473,17878.554216867473,1204819.277108434,0.9090909090909092,0.04,0.2057416267942584,1,98.42322
Nangate45,INVX1,INV_X1,A,ZN,rise,198.535,0.00189781,1.1,25.0,53.5508,1.5180722891566267,6.3e-07,4.1500000000000005e-07,1,1,1,5.295989659538859,0.0018960114338003,1587301.5873015872,2409638.554216868,3012.396825396825,4573.036144578314,3012.396825396825,1587301.5873015872,0.9090909090909092,0.04,0.2057416267942584,1,47.940247
Nangate45,INVX1,INV_X1,A,ZN,fall,130.081,0.0151825,1.1,25.0,51.4378,1.5180722891566267,6.3e-07,4.1500000000000005e-07,1,1,1,4.875815452730412,0.0150683992868016,1587301.5873015872,2409638.554216868,24099.206349206343,36584.3373493976,36584.3373493976,2409638.554216868,0.9090909090909092,0.04,0.2057416267942584,1,54.009727
Nangate45,NANDX1,NAND3_X1,A3,ZN,fall,130.081,0.000365616,1.1,25.0,20.6765,1.5180722891566267,1.26e-06,8.299999999999999e-07,0,1,1,4.875815452730412,0.000365549178757,793650.7936507936,1204819.277108434,290.1714285714286,440.5012048192772,440.5012048192772,1204819.277108434,0.9090909090909092,0.04,0.2057416267942584,1,33.64502
Nangate45,NANDX1,NAND3_X1,A1,ZN,rise,1.1737799999999998,0.00364781,1.1,25.0,16.8272,1.5180722891566267,1.26e-06,8.299999999999999e-07,0,1,1,0.7764675876261998,0.0036411728768477,793650.7936507936,1204819.277108434,2895.0873015873017,4394.951807228917,2895.0873015873017,793650.7936507936,0.9090909090909092,0.04,0.2057416267942584,1,30.80591
Nangate45,NANDX1,NAND3_X1,A3,ZN,rise,130.081,0.00729561,1.1,25.0,82.4358,1.5180722891566267,1.26e-06,8.299999999999999e-07,0,1,1,4.875815452730412,0.0072691257717537,793650.7936507936,1204819.277108434,5790.166666666666,8789.891566265062,5790.166666666666,793650.7936507936,0.9090909090909092,0.04,0.2057416267942584,1,67.23893
Nangate45,NORX1,XNOR2_X1,B,ZN,rise,198.535,0.00325202,1.1,25.0,63.37800000000001,1.5180722891566267,1.26e-06,8.299999999999999e-07,0,1,1,5.295989659538859,0.0032467436191291,793650.7936507936,1204819.277108434,2580.968253968254,3918.096385542169,2580.968253968254,793650.7936507936,0.9090909090909092,0.04,0.2057416267942584,1,97.30434
Nangate45,INVX1,INV_X16,A,ZN,fall,198.535,0.0302886999999999,1.1,25.0,1.06957,1.5180722891566267,6.3e-07,4.1500000000000005e-07,1,1,1,5.295989659538859,0.0298390542294231,1587301.5873015872,2409638.554216868,48077.30158730158,72984.81927710844,72984.81927710844,2409638.554216868,0.9090909090909092,0.04,0.2057416267942584,1,55.98091
Nangate45,NANDX1,NAND3_X1,A1,ZN,fall,130.081,0.000365616,1.1,25.0,22.9784,1.5180722891566267,1.26e-06,8.299999999999999e-07,0,1,1,4.875815452730412,0.000365549178757,793650.7936507936,1204819.277108434,290.1714285714286,440.5012048192772,440.5012048192772,1204819.277108434,0.9090909090909092,0.04,0.2057416267942584,1,32.05108
Nangate45,XORX1,XOR2_X1,A,Z,fall,17.1859,0.0126648,1.1,25.0,71.3,1.5135135135135138,2.52e-06,1.6649999999999995e-06,0,1,1,2.900646568553312,0.0125852721858001,396825.3968253968,600600.6006006007,5025.714285714285,7606.486486486488,7606.486486486488,600600.6006006007,0.9090909090909092,0.04,0.2043010752688172,1,58.653835
Nangate45,NORX1,NOR2_X1,A2,ZN,fall,198.535,0.0267029,1.1,25.0,88.9743,1.5180722891566267,1.26e-06,8.299999999999999e-07,0,1,1,5.295989659538859,0.0263525999024103,793650.7936507936,1204819.277108434,21192.777777777777,32172.1686746988,32172.1686746988,1204819.277108434,0.9090909090909092,0.04,0.2057416267942584,1,102.363754
Nangate45,NANDX1,NAND3_X1,A2,ZN,rise,17.1859,0.00364781,1.1,25.0,26.9794,1.5180722891566267,1.26e-06,8.299999999999999e-07,0,1,1,2.900646568553312,0.0036411728768477,793650.7936507936,1204819.277108434,2895.0873015873017,4394.951807228917,2895.0873015873017,793650.7936507936,0.9090909090909092,0.04,0.2057416267942584,1,30.860712
Nangate45,INVX1,INV_X16,A,ZN,fall,17.1859,0.0605773999999999,1.1,25.0,13.7414,1.5180722891566267,6.3e-07,4.1500000000000005e-07,1,1,1,2.900646568553312,0.0588134768006666,1587301.5873015872,2409638.554216868,96154.60317460317,145969.6385542169,145969.6385542169,2409638.554216868,0.9090909090909092,0.04,0.2057416267942584,1,35.277256
Nangate45,NORX1,NOR2_X1,A2,ZN,rise,198.535,0.00166893,1.1,25.0,76.8215,1.5180722891566267,1.26e-06,8.299999999999999e-07,0,1,1,5.295989659538859,0.001667538883896,793650.7936507936,1204819.277108434,1324.547619047619,2010.7590361445789,1324.547619047619,793650.7936507936,0.9090909090909092,0.04,0.2057416267942584,1,92.9802
Nangate45,NORX1,XNOR2_X1,B,ZN,fall,78.0596,0.0130081,1.1,25.0,92.501,1.5180722891566267,1.26e-06,8.299999999999999e-07,0,1,1,4.370201998407221,0.0129242212859107,793650.7936507936,1204819.277108434,10323.88888888889,15672.409638554222,15672.409638554222,1204819.277108434,0.9090909090909092,0.04,0.2057416267942584,1,41.34674
Nangate45,NORX1,NOR3_X1,A1,ZN,rise,1.1737799999999998,0.0160217,1.1,25.0,144.65800000000002,1.5180722891566267,1.26e-06,8.299999999999999e-07,0,1,1,0.7764675876261998,0.0158947071959221,793650.7936507936,1204819.277108434,12715.63492063492,19303.253012048197,12715.63492063492,793650.7936507936,0.9090909090909092,0.04,0.2057416267942584,1,125.05224
Nangate45,NORX1,NOR4_X1,A2,ZN,rise,4.72397,0.000365616,1.1,25.0,48.2824,1.5180722891566267,1.26e-06,8.299999999999999e-07,0,1,1,1.7446626205903233,0.000365549178757,793650.7936507936,1204819.277108434,290.1714285714286,440.5012048192772,290.1714285714286,793650.7936507936,0.9090909090909092,0.04,0.2057416267942584,1,0.40381607
Nangate45,NORX1,NOR2_X1,A1,ZN,fall,4.72397,0.000365616,1.1,25.0,5.4712700000000005,1.5180722891566267,1.26e-06,8.299999999999999e-07,0,1,1,1.7446626205903233,0.000365549178757,793650.7936507936,1204819.277108434,290.1714285714286,440.5012048192772,440.5012048192772,1204819.277108434,0.9090909090909092,0.04,0.2057416267942584,1,0.37597412
Nangate45,INVX1,TINV_X1,EN,ZN,rise,17.1859,0.001526164229,1.1,25.0,17.943,1.5180722891566267,6.3e-07,4.1500000000000005e-07,1,1,1,2.900646568553312,0.0015250008239207,1587301.5873015872,2409638.554216868,2422.482903174603,3677.5041662650606,2422.482903174603,1587301.5873015872,0.9090909090909092,0.04,0.2057416267942584,1,20.036823
Nangate45,NORX1,XNOR2_X1,B,ZN,rise,130.081,0.00325202,1.1,25.0,77.476,1.5180722891566267,1.26e-06,8.299999999999999e-07,0,1,1,4.875815452730412,0.0032467436191291,793650.7936507936,1204819.277108434,2580.968253968254,3918.096385542169,2580.968253968254,793650.7936507936,0.9090909090909092,0.04,0.2057416267942584,1,75.770744
Nangate45,INVX2,INV_X2,A,ZN,fall,1.1737799999999998,0.030365,1.1,25.0,21.6055,1.5180722891566267,1.26e-06,8.299999999999999e-07,1,1,1,0.7764675876261998,0.0299131083997428,793650.7936507936,1204819.277108434,24099.206349206343,36584.3373493976,36584.3373493976,1204819.277108434,0.9090909090909092,0.04,0.2057416267942584,1,13.771326
Nangate45,NANDX1,NAND4_X1,A4,ZN,rise,4.72397,0.0017499899999999,1.1,25.0,20.9924,1.5180722891566267,1.26e-06,8.299999999999999e-07,0,1,1,1.7446626205903233,0.0017484605515862,793650.7936507936,1204819.277108434,1388.8809523809523,2108.421686746988,1388.8809523809523,793650.7936507936,0.9090909090909092,0.04,0.2057416267942584,1,20.301271
Nangate45,NORX1,XNOR2_X1,A,ZN,rise,130.081,0.0260162,1.1,25.0,117.139,1.5180722891566267,1.26e-06,8.299999999999999e-07,0,1,1,4.875815452730412,0.0256835360976095,793650.7936507936,1204819.277108434,20647.77777777778,31344.819277108443,20647.77777777778,793650.7936507936,0.9090909090909092,0.04,0.2057416267942584,1,167.22658
Nangate45,NORX1,XNOR2_X1,A,ZN,fall,40.9838,0.0130081,1.1,25.0,76.637,1.5180722891566267,1.26e-06,8.299999999999999e-07,0,1,1,3.737283829590765,0.0129242212859107,793650.7936507936,1204819.277108434,10323.88888888889,15672.409638554222,15672.409638554222,1204819.277108434,0.9090909090909092,0.04,0.2057416267942584,1,26.124168
Nangate45,NORX1,NOR3_X1,A2,ZN,rise,1.1737799999999998,0.00853286,1.1,25.0,96.4816,1.5180722891566267,1.26e-06,8.299999999999999e-07,0,1,1,0.7764675876261998,0.0084966609254384,793650.7936507936,1204819.277108434,6772.11111111111,10280.554216867473,6772.11111111111,793650.7936507936,0.9090909090909092,0.04,0.2057416267942584,1,62.17306
Nangate45,INVX1,TINV_X1,EN,ZN,fall,130.081,0.01217354323,1.1,25.0,81.33500000000001,1.5180722891566267,6.3e-07,4.1500000000000005e-07,1,1,1,4.875815452730412,0.0121000415684708,1587301.5873015872,2409638.554216868,19323.08449206349,29333.839108433735,29333.839108433735,2409638.554216868,0.9090909090909092,0.04,0.2057416267942584,1,57.145203
Nangate45,NANDX1,NAND4_X1,A4,ZN,rise,17.1859,0.0279999,1.1,25.0,91.4072,1.5180722891566267,1.26e-06,8.299999999999999e-07,0,1,1,2.900646568553312,0.027615069756704,793650.7936507936,1204819.277108434,22222.14285714286,33734.81927710844,22222.14285714286,793650.7936507936,0.9090909090909092,0.04,0.2057416267942584,1,100.10431
Nangate45,INVX2,INV_X2,A,ZN,rise,130.081,0.0151825,1.1,25.0,72.4326,1.5180722891566267,1.26e-06,8.299999999999999e-07,1,1,1,4.875815452730412,0.0150683992868016,793650.7936507936,1204819.277108434,12049.603174603171,18292.1686746988,12049.603174603171,793650.7936507936,0.9090909090909092,0.04,0.2057416267942584,1,56.518784
Nangate45,NORX1,NOR2_X1,A1,ZN,fall,17.1859,0.00333786,1.1,25.0,13.5525,1.5180722891566267,1.26e-06,8.299999999999999e-07,0,1,1,2.900646568553312,0.0033323017104042,793650.7936507936,1204819.277108434,2649.095238095238,4021.518072289157,4021.518072289157,1204819.277108434,0.9090909090909092,0.04,0.2057416267942584,1,16.21273
Nangate45,NORX1,NOR4_X1,A4,ZN,fall,40.9838,0.00598648,1.1,25.0,28.3261,1.5180722891566267,1.26e-06,8.299999999999999e-07,0,1,1,3.737283829590765,0.0059686322234213,793650.7936507936,1204819.277108434,4751.174603174603,7212.626506024098,7212.626506024098,1204819.277108434,0.9090909090909092,0.04,0.2057416267942584,1,23.319244
Nangate45,NORX1,XNOR2_X1,A,ZN,fall,40.9838,0.000813006,1.1,25.0,16.579,1.5180722891566267,1.26e-06,8.299999999999999e-07,0,1,1,3.737283829590765,0.0008126756896393,793650.7936507936,1204819.277108434,645.2428571428571,979.5253012048196,979.5253012048196,1204819.277108434,0.9090909090909092,0.04,0.2057416267942584,1,14.501361
Nangate45,XORX1,XOR2_X1,A,Z,fall,40.9838,0.0015831,1.1,25.0,64.9,1.5135135135135138,2.52e-06,1.6649999999999995e-06,0,1,1,3.737283829590765,0.0015818482181514,396825.3968253968,600600.6006006007,628.2142857142857,950.8108108108112,950.8108108108112,600600.6006006007,0.9090909090909092,0.04,0.2043010752688172,1,34.75315
Nangate45,NANDX1,NAND4_X1,A4,ZN,rise,40.9838,0.0139999,1.1,25.0,69.8742,1.5180722891566267,1.26e-06,8.299999999999999e-07,0,1,1,3.737283829590765,0.0139028065496571,793650.7936507936,1204819.277108434,11111.031746031746,16867.349397590366,11111.031746031746,793650.7936507936,0.9090909090909092,0.04,0.2057416267942584,1,79.851555
Nangate45,NORX1,NOR4_X1,A3,ZN,rise,1.1737799999999998,0.00111862,1.1,25.0,66.27959999999999,1.5180722891566267,1.26e-06,8.299999999999999e-07,0,1,1,0.7764675876261998,0.001117994810837,793650.7936507936,1204819.277108434,887.7936507936508,1347.7349397590365,887.7936507936508,793650.7936507936,0.9090909090909092,0.04,0.2057416267942584,1,38.49601
Nangate45,NORX1,XNOR2_X1,B,ZN,fall,4.72397,0.00325202,1.1,25.0,39.607000000000006,1.5180722891566267,1.26e-06,8.299999999999999e-07,0,1,1,1.7446626205903233,0.0032467436191291,793650.7936507936,1204819.277108434,2580.968253968254,3918.096385542169,3918.096385542169,1204819.277108434,0.9090909090909092,0.04,0.2057416267942584,1,8.903283
Nangate45,XORX1,XOR2_X1,A,Z,rise,130.081,0.0253296,1.1,25.0,174.516,1.5135135135135138,2.52e-06,1.6649999999999995e-06,0,1,1,4.875815452730412,0.0250141218763313,396825.3968253968,600600.6006006007,10051.42857142857,15212.972972972975,10051.42857142857,396825.3968253968,0.9090909090909092,0.04,0.2043010752688172,1,124.931526
Nangate45,NANDX1,NAND4_X1,A1,ZN,fall,17.1859,0.0017499899999999,1.1,25.0,26.142100000000003,1.5180722891566267,1.26e-06,8.299999999999999e-07,0,1,1,2.900646568553312,0.0017484605515862,793650.7936507936,1204819.277108434,1388.8809523809523,2108.421686746988,2108.421686746988,1204819.277108434,0.9090909090909092,0.04,0.2057416267942584,1,14.375664
Nangate45,XORX1,XOR2_X1,A,Z,rise,1.1737799999999998,0.0015831,1.1,25.0,43.049,1.5135135135135138,2.52e-06,1.6649999999999995e-06,0,1,1,0.7764675876261998,0.0015818482181514,396825.3968253968,600600.6006006007,628.2142857142857,950.8108108108112,628.2142857142857,396825.3968253968,0.9090909090909092,0.04,0.2043010752688172,1,30.295568
Nangate45,NORX1,XNOR2_X1,A,ZN,fall,78.0596,0.000813006,1.1,25.0,16.692,1.5180722891566267,1.26e-06,8.299999999999999e-07,0,1,1,4.370201998407221,0.0008126756896393,793650.7936507936,1204819.277108434,645.2428571428571,979.5253012048196,979.5253012048196,1204819.277108434,0.9090909090909092,0.04,0.2057416267942584,1,17.636406
Nangate45,NORX1,NOR4_X1,A4,ZN,rise,40.9838,0.000365616,1.1,25.0,74.241,1.5180722891566267,1.26e-06,8.299999999999999e-07,0,1,1,3.737283829590765,0.000365549178757,793650.7936507936,1204819.277108434,290.1714285714286,440.5012048192772,290.1714285714286,793650.7936507936,0.9090909090909092,0.04,0.2057416267942584,1,0.41616902
Nangate45,INVX1,INV_X16,A,ZN,rise,78.0596,0.0302886999999999,1.1,25.0,33.3739,1.5180722891566267,6.3e-07,4.1500000000000005e-07,1,1,1,4.370201998407221,0.0298390542294231,1587301.5873015872,2409638.554216868,48077.30158730158,72984.81927710844,48077.30158730158,1587301.5873015872,0.9090909090909092,0.04,0.2057416267942584,1,108.843155
Nangate45,NORX1,XNOR2_X1,B,ZN,fall,1.1737799999999998,0.0130081,1.1,25.0,58.872,1.5180722891566267,1.26e-06,8.299999999999999e-07,0,1,1,0.7764675876261998,0.0129242212859107,793650.7936507936,1204819.277108434,10323.88888888889,15672.409638554222,15672.409638554222,1204819.277108434,0.9090909090909092,0.04,0.2057416267942584,1,49.546635
Nangate45,INVX1,TINV_X1,I,ZN,rise,17.1859,0.02342024323,1.1,25.0,160.06799999999998,1.5180722891566267,6.3e-07,4.1500000000000005e-07,1,1,1,2.900646568553312,0.0231501975625825,1587301.5873015872,2409638.554216868,37174.989253968255,56434.32103614459,37174.989253968255,1587301.5873015872,0.9090909090909092,0.04,0.2057416267942584,1,93.2542
Nangate45,NANDX1,NAND3_X1,A3,ZN,rise,198.535,0.0291825,1.1,25.0,180.386,1.5180722891566267,1.26e-06,8.299999999999999e-07,0,1,1,5.295989659538859,0.0287647977830285,793650.7936507936,1204819.277108434,23160.714285714286,35159.63855421687,23160.714285714286,793650.7936507936,0.9090909090909092,0.04,0.2057416267942584,1,166.51672
Nangate45,NANDX1,NAND3_X1,A1,ZN,rise,198.535,0.0583649,1.1,25.0,251.719,1.5180722891566267,1.26e-06,8.299999999999999e-07,0,1,1,5.295989659538859,0.0567251700033895,793650.7936507936,1204819.277108434,46321.3492063492,70319.15662650602,46321.3492063492,793650.7936507936,0.9090909090909092,0.04,0.2057416267942584,1,240.17557
Nangate45,INVX1,TINV_X1,I,ZN,rise,78.0596,0.002245113229,1.1,25.0,52.9461,1.5180722891566267,6.3e-07,4.1500000000000005e-07,1,1,1,4.370201998407221,0.0022425967281435,1587301.5873015872,2409638.554216868,3563.6717920634924,5409.911395180725,3563.6717920634924,1587301.5873015872,0.9090909090909092,0.04,0.2057416267942584,1,35.043602
Nangate45,NORX1,NOR3_X1,A1,ZN,rise,130.081,0.00242029,1.1,25.0,88.6722,1.5180722891566267,1.26e-06,8.299999999999999e-07,0,1,1,4.875815452730412,0.0024173658154572,793650.7936507936,1204819.277108434,1920.8650793650795,2916.012048192772,1920.8650793650795,793650.7936507936,0.9090909090909092,0.04,0.2057416267942584,1,88.95241
Nangate45,NORX1,XNOR2_X1,B,ZN,rise,198.535,0.0130081,1.1,25.0,88.01,1.5180722891566267,1.26e-06,8.299999999999999e-07,0,1,1,5.295989659538859,0.0129242212859107,793650.7936507936,1204819.277108434,10323.88888888889,15672.409638554222,10323.88888888889,793650.7936507936,0.9090909090909092,0.04,0.2057416267942584,1,130.51823
Nangate45,XORX1,XOR2_X1,A,Z,rise,40.9838,0.0253296,1.1,25.0,172.03199999999998,1.5135135135135138,2.52e-06,1.6649999999999995e-06,0,1,1,3.737283829590765,0.0250141218763313,396825.3968253968,600600.6006006007,10051.42857142857,15212.972972972975,10051.42857142857,396825.3968253968,0.9090909090909092,0.04,0.2043010752688172,1,103.77369
Nangate45,XORX1,XOR2_X1,B,Z,fall,198.535,0.0253296,1.1,25.0,111.664,1.5135135135135138,2.52e-06,1.6649999999999995e-06,0,1,1,5.295989659538859,0.0250141218763313,396825.3968253968,600600.6006006007,10051.42857142857,15212.972972972975,15212.972972972975,600600.6006006007,0.9090909090909092,0.04,0.2043010752688172,1,103.66314
Nangate45,NORX1,NOR3_X1,A3,ZN,fall,40.9838,0.0160217,1.1,25.0,43.2674,1.5180722891566267,1.26e-06,8.299999999999999e-07,0,1,1,3.737283829590765,0.0158947071959221,793650.7936507936,1204819.277108434,12715.63492063492,19303.253012048197,19303.253012048197,1204819.277108434,0.9090909090909092,0.04,0.2057416267942584,1,49.751255
Nangate45,INVX1,INV_X16,A,ZN,fall,78.0596,0.121155,1.1,25.0,28.8565,1.5180722891566267,6.3e-07,4.1500000000000005e-07,1,1,1,4.370201998407221,0.1143594039340094,1587301.5873015872,2409638.554216868,192309.5238095238,291939.7590361446,291939.7590361446,2409638.554216868,0.9090909090909092,0.04,0.2057416267942584,1,52.65535
Nangate45,NANDX1,NAND3_X1,A1,ZN,rise,130.081,0.00364781,1.1,25.0,55.4868,1.5180722891566267,1.26e-06,8.299999999999999e-07,0,1,1,4.875815452730412,0.0036411728768477,793650.7936507936,1204819.277108434,2895.0873015873017,4394.951807228917,2895.0873015873017,793650.7936507936,0.9090909090909092,0.04,0.2057416267942584,1,52.883522
Nangate45,NANDX1,NAND4_X1,A3,ZN,fall,1.1737799999999998,0.000365616,1.1,25.0,21.9453,1.5180722891566267,1.26e-06,8.299999999999999e-07,0,1,1,0.7764675876261998,0.000365549178757,793650.7936507936,1204819.277108434,290.1714285714286,440.5012048192772,440.5012048192772,1204819.277108434,0.9090909090909092,0.04,0.2057416267942584,1,15.478544
Nangate45,INVX1,TINV_X1,I,ZN,rise,4.72397,0.002245113229,1.1,25.0,28.8513,1.5180722891566267,6.3e-07,4.1500000000000005e-07,1,1,1,1.7446626205903233,0.0022425967281435,1587301.5873015872,2409638.554216868,3563.6717920634924,5409.911395180725,3563.6717920634924,1587301.5873015872,0.9090909090909092,0.04,0.2057416267942584,1,14.472842
Nangate45,NANDX1,NAND3_X1,A1,ZN,fall,1.1737799999999998,0.000365616,1.1,25.0,10.627,1.5180722891566267,1.26e-06,8.299999999999999e-07,0,1,1,0.7764675876261998,0.000365549178757,793650.7936507936,1204819.277108434,290.1714285714286,440.5012048192772,440.5012048192772,1204819.277108434,0.9090909090909092,0.04,0.2057416267942584,1,15.478544
Nangate45,NANDX1,NAND4_X1,A1,ZN,fall,130.081,0.000365616,1.1,25.0,35.4265,1.5180722891566267,1.26e-06,8.299999999999999e-07,0,1,1,4.875815452730412,0.000365549178757,793650.7936507936,1204819.277108434,290.1714285714286,440.5012048192772,440.5012048192772,1204819.277108434,0.9090909090909092,0.04,0.2057416267942584,1,31.791903
Nangate45,NANDX1,NAND4_X1,A2,ZN,fall,198.535,0.00349999,1.1,25.0,67.9778,1.5180722891566267,1.26e-06,8.299999999999999e-07,0,1,1,5.295989659538859,0.0034938792891336,793650.7936507936,1204819.277108434,2777.769841269841,4216.855421686748,4216.855421686748,1204819.277108434,0.9090909090909092,0.04,0.2057416267942584,1,50.63449
Nangate45,XORX1,XOR2_X1,B,Z,fall,4.72397,0.000365616,1.1,25.0,50.349,1.5135135135135138,2.52e-06,1.6649999999999995e-06,0,1,1,1.7446626205903233,0.000365549178757,396825.3968253968,600600.6006006007,145.0857142857143,219.58918918918928,219.58918918918928,600600.6006006007,0.9090909090909092,0.04,0.2043010752688172,1,17.59208
Nangate45,INVX1,TINV_X1,I,ZN,fall,4.72397,0.003674923229,1.1,25.0,17.4615,1.5180722891566267,6.3e-07,4.1500000000000005e-07,1,1,1,1.7446626205903233,0.0036681871965212,1587301.5873015872,2409638.554216868,5833.211474603175,8855.236696385544,8855.236696385544,2409638.554216868,0.9090909090909092,0.04,0.2057416267942584,1,13.014606
Nangate45,NORX1,XNOR2_X1,A,ZN,fall,198.535,0.0130081,1.1,25.0,75.985,1.5180722891566267,1.26e-06,8.299999999999999e-07,0,1,1,5.295989659538859,0.0129242212859107,793650.7936507936,1204819.277108434,10323.88888888889,15672.409638554222,15672.409638554222,1204819.277108434,0.9090909090909092,0.04,0.2057416267942584,1,69.69692
Nangate45,NORX1,XNOR2_X1,A,ZN,fall,130.081,0.0130081,1.1,25.0,70.375,1.5180722891566267,1.26e-06,8.299999999999999e-07,0,1,1,4.875815452730412,0.0129242212859107,793650.7936507936,1204819.277108434,10323.88888888889,15672.409638554222,15672.409638554222,1204819.277108434,0.9090909090909092,0.04,0.2057416267942584,1,58.16386
Nangate45,NORX1,XNOR2_X1,B,ZN,fall,78.0596,0.00650405,1.1,25.0,78.613,1.5180722891566267,1.26e-06,8.299999999999999e-07,0,1,1,4.370201998407221,0.0064829899346209,793650.7936507936,1204819.277108434,5161.944444444445,7836.204819277111,7836.204819277111,1204819.277108434,0.9090909090909092,0.04,0.2057416267942584,1,28.735088
Nangate45,NANDX1,NAND3_X1,A2,ZN,fall,130.081,0.0145912,1.1,25.0,94.2932,1.5180722891566267,1.26e-06,8.299999999999999e-07,0,1,1,4.875815452730412,0.0144857727440233,793650.7936507936,1204819.277108434,11580.31746031746,17579.75903614458,17579.75903614458,1204819.277108434,0.9090909090909092,0.04,0.2057416267942584,1,78.85795
Nangate45,NANDX1,NAND4_X1,A4,ZN,rise,130.081,0.00699997,1.1,25.0,86.6227,1.5180722891566267,1.26e-06,8.299999999999999e-07,0,1,1,4.875815452730412,0.006975583944965,793650.7936507936,1204819.277108434,5555.531746031746,8433.698795180724,5555.531746031746,793650.7936507936,0.9090909090909092,0.04,0.2057416267942584,1,67.238815
Nangate45,NANDX1,NAND4_X1,A2,ZN,fall,1.1737799999999998,0.0279999,1.1,25.0,125.657,1.5180722891566267,1.26e-06,8.299999999999999e-07,0,1,1,0.7764675876261998,0.027615069756704,793650.7936507936,1204819.277108434,22222.14285714286,33734.81927710844,33734.81927710844,1204819.277108434,0.9090909090909092,0.04,0.2057416267942584,1,78.8565
Nangate45,NORX1,NOR2_X1,A1,ZN,fall,17.1859,0.0267029,1.1,25.0,43.1312,1.5180722891566267,1.26e-06,8.299999999999999e-07,0,1,1,2.900646568553312,0.0263525999024103,793650.7936507936,1204819.277108434,21192.777777777777,32172.1686746988,32172.1686746988,1204819.277108434,0.9090909090909092,0.04,0.2057416267942584,1,54.53483
Nangate45,INVX2,INV_X2,A,ZN,fall,40.9838,0.00759125,1.1,25.0,16.4598,1.5180722891566267,1.26e-06,8.299999999999999e-07,1,1,1,3.737283829590765,0.0075625814570239,793650.7936507936,1204819.277108434,6024.801587301587,9146.0843373494,9146.0843373494,1204819.277108434,0.9090909090909092,0.04,0.2057416267942584,1,12.966798
Nangate45,NANDX1,NAND3_X1,A3,ZN,rise,1.1737799999999998,0.000365616,1.1,25.0,12.6551,1.5180722891566267,1.26e-06,8.299999999999999e-07,0,1,1,0.7764675876261998,0.000365549178757,793650.7936507936,1204819.277108434,290.1714285714286,440.5012048192772,290.1714285714286,793650.7936507936,0.9090909090909092,0.04,0.2057416267942584,1,23.779034
Nangate45,XORX1,XOR2_X1,B,Z,fall,78.0596,0.00079155,1.1,25.0,77.457,1.5135135135135138,2.52e-06,1.6649999999999995e-06,0,1,1,4.370201998407221,0.0007912368895162,396825.3968253968,600600.6006006007,314.10714285714283,475.40540540540553,475.40540540540553,600600.6006006007,0.9090909090909092,0.04,0.2043010752688172,1,30.046755
Nangate45,NANDX1,NAND4_X1,A2,ZN,rise,40.9838,0.00699997,1.1,25.0,49.289100000000005,1.5180722891566267,1.26e-06,8.299999999999999e-07,0,1,1,3.737283829590765,0.006975583944965,793650.7936507936,1204819.277108434,5555.531746031746,8433.698795180724,5555.531746031746,793650.7936507936,0.9090909090909092,0.04,0.2057416267942584,1,49.957783
Nangate45,NORX1,NOR4_X1,A2,ZN,fall,198.535,0.00195665,1.1,25.0,5.84766,1.5180722891566267,1.26e-06,8.299999999999999e-07,0,1,1,5.295989659538859,0.0019547382537281,793650.7936507936,1204819.277108434,1552.8968253968253,2357.409638554217,2357.409638554217,1204819.277108434,0.9090909090909092,0.04,0.2057416267942584,1,47.262844
Nangate45,NORX1,XNOR2_X1,B,ZN,rise,130.081,0.0130081,1.1,25.0,136.459,1.5180722891566267,1.26e-06,8.299999999999999e-07,0,1,1,4.875815452730412,0.0129242212859107,793650.7936507936,1204819.277108434,10323.88888888889,15672.409638554222,10323.88888888889,793650.7936507936,0.9090909090909092,0.04,0.2057416267942584,1,126.55072
Nangate45,NORX1,XNOR2_X1,A,ZN,rise,17.1859,0.000813006,1.1,25.0,25.804,1.5180722891566267,1.26e-06,8.299999999999999e-07,0,1,1,2.900646568553312,0.0008126756896393,793650.7936507936,1204819.277108434,645.2428571428571,979.5253012048196,645.2428571428571,793650.7936507936,0.9090909090909092,0.04,0.2057416267942584,1,49.898067
Nangate45,XORX1,XOR2_X1,A,Z,rise,198.535,0.000365616,1.1,25.0,45.197,1.5135135135135138,2.52e-06,1.6649999999999995e-06,0,1,1,5.295989659538859,0.000365549178757,396825.3968253968,600600.6006006007,145.0857142857143,219.58918918918928,145.0857142857143,396825.3968253968,0.9090909090909092,0.04,0.2043010752688172,1,77.40795
Nangate45,NANDX1,NAND2_X1,A1,ZN,fall,78.0596,0.00370979,1.1,25.0,29.3903,1.5180722891566267,1.26e-06,8.299999999999999e-07,0,1,1,4.370201998407221,0.0037029257005795,793650.7936507936,1204819.277108434,2944.277777777778,4469.626506024097,4469.626506024097,1204819.277108434,0.9090909090909092,0.04,0.2057416267942584,1,32.709217
Nangate45,NANDX1,NAND3_X1,A3,ZN,fall,198.535,0.0291825,1.1,25.0,137.73,1.5180722891566267,1.26e-06,8.299999999999999e-07,0,1,1,5.295989659538859,0.0287647977830285,793650.7936507936,1204819.277108434,23160.714285714286,35159.63855421687,35159.63855421687,1204819.277108434,0.9090909090909092,0.04,0.2057416267942584,1,157.62965
Nangate45,NORX1,XNOR2_X1,A,ZN,fall,4.72397,0.000365616,1.1,25.0,9.044,1.5180722891566267,1.26e-06,8.299999999999999e-07,0,1,1,1.7446626205903233,0.000365549178757,793650.7936507936,1204819.277108434,290.1714285714286,440.5012048192772,440.5012048192772,1204819.277108434,0.9090909090909092,0.04,0.2057416267942584,1,11.944531
Nangate45,NORX1,NOR4_X1,A1,ZN,rise,78.0596,0.00195665,1.1,25.0,81.9207,1.5180722891566267,1.26e-06,8.299999999999999e-07,0,1,1,4.370201998407221,0.0019547382537281,793650.7936507936,1204819.277108434,1552.8968253968253,2357.409638554217,1552.8968253968253,793650.7936507936,0.9090909090909092,0.04,0.2057416267942584,1,67.02359
Nangate45,NORX1,NOR2_X1,A2,ZN,fall,1.1737799999999998,0.000834466,1.1,25.0,5.40779,1.5180722891566267,1.26e-06,8.299999999999999e-07,0,1,1,0.7764675876261998,0.0008341180268151,793650.7936507936,1204819.277108434,662.2746031746032,1005.3807228915664,1005.3807228915664,1204819.277108434,0.9090909090909092,0.04,0.2057416267942584,1,12.117752
Nangate45,NANDX1,NAND2_X1,A1,ZN,fall,17.1859,0.000365616,1.1,25.0,11.0663,1.5180722891566267,1.26e-06,8.299999999999999e-07,0,1,1,2.900646568553312,0.000365549178757,793650.7936507936,1204819.277108434,290.1714285714286,440.5012048192772,440.5012048192772,1204819.277108434,0.9090909090909092,0.04,0.2057416267942584,1,13.167202
Nangate45,NORX1,NOR3_X1,A2,ZN,rise,4.72397,0.00242029,1.1,25.0,48.9792,1.5180722891566267,1.26e-06,8.299999999999999e-07,0,1,1,1.7446626205903233,0.0024173658154572,793650.7936507936,1204819.277108434,1920.8650793650795,2916.012048192772,1920.8650793650795,793650.7936507936,0.9090909090909092,0.04,0.2057416267942584,1,48.94162
Nangate45,NORX1,NOR2_X1,A1,ZN,rise,4.72397,0.000365616,1.1,25.0,14.2633,1.5180722891566267,1.26e-06,8.299999999999999e-07,0,1,1,1.7446626205903233,0.000365549178757,793650.7936507936,1204819.277108434,290.1714285714286,440.5012048192772,290.1714285714286,793650.7936507936,0.9090909090909092,0.04,0.2057416267942584,1,44.169117
Nangate45,NANDX1,NAND4_X1,A3,ZN,fall,4.72397,0.00349999,1.1,25.0,35.2874,1.5180722891566267,1.26e-06,8.299999999999999e-07,0,1,1,1.7446626205903233,0.0034938792891336,793650.7936507936,1204819.277108434,2777.769841269841,4216.855421686748,4216.855421686748,1204819.277108434,0.9090909090909092,0.04,0.2057416267942584,1,13.278674
Nangate45,NORX1,NOR4_X1,A3,ZN,rise,40.9838,0.00598648,1.1,25.0,130.885,1.5180722891566267,1.26e-06,8.299999999999999e-07,0,1,1,3.737283829590765,0.0059686322234213,793650.7936507936,1204819.277108434,4751.174603174603,7212.626506024098,4751.174603174603,793650.7936507936,0.9090909090909092,0.04,0.2057416267942584,1,77.48435
Nangate45,XORX1,XOR2_X1,A,Z,fall,78.0596,0.0031662,1.1,25.0,83.725,1.5135135135135138,2.52e-06,1.6649999999999995e-06,0,1,1,4.370201998407221,0.0031611981439168,396825.3968253968,600600.6006006007,1256.428571428571,1901.621621621622,1901.621621621622,600600.6006006007,0.9090909090909092,0.04,0.2043010752688172,1,44.927166
Nangate45,NORX1,XNOR2_X1,A,ZN,fall,1.1737799999999998,0.00650405,1.1,25.0,43.872,1.5180722891566267,1.26e-06,8.299999999999999e-07,0,1,1,0.7764675876261998,0.0064829899346209,793650.7936507936,1204819.277108434,5161.944444444445,7836.204819277111,7836.204819277111,1204819.277108434,0.9090909090909092,0.04,0.2057416267942584,1,26.517712
Nangate45,NANDX1,NAND3_X1,A1,ZN,rise,17.1859,0.000365616,1.1,25.0,15.9148,1.5180722891566267,1.26e-06,8.299999999999999e-07,0,1,1,2.900646568553312,0.000365549178757,793650.7936507936,1204819.277108434,290.1714285714286,440.5012048192772,290.1714285714286,793650.7936507936,0.9090909090909092,0.04,0.2057416267942584,1,23.60773
Nangate45,NORX1,NOR3_X1,A3,ZN,fall,198.535,0.001289,1.1,25.0,6.529990000000001,1.5180722891566267,1.26e-06,8.299999999999999e-07,0,1,1,5.295989659538859,0.0012881699527107,793650.7936507936,1204819.277108434,1023.015873015873,1553.012048192771,1553.012048192771,1204819.277108434,0.9090909090909092,0.04,0.2057416267942584,1,67.51088
Nangate45,INVX1,INV_X16,A,ZN,rise,17.1859,0.24231,1.1,25.0,50.0138,1.5180722891566267,6.3e-07,4.1500000000000005e-07,1,1,1,2.900646568553312,0.2169725497905428,1587301.5873015872,2409638.554216868,384619.0476190476,583879.5180722892,384619.0476190476,1587301.5873015872,0.9090909090909092,0.04,0.2057416267942584,1,50.10403
Nangate45,NORX1,NOR3_X1,A3,ZN,rise,17.1859,0.000365616,1.1,25.0,41.4084,1.5180722891566267,1.26e-06,8.299999999999999e-07,0,1,1,2.900646568553312,0.000365549178757,793650.7936507936,1204819.277108434,290.1714285714286,440.5012048192772,290.1714285714286,793650.7936507936,0.9090909090909092,0.04,0.2057416267942584,1,18.469378
Nangate45,NANDX1,NAND4_X1,A2,ZN,fall,17.1859,0.0017499899999999,1.1,25.0,29.9443,1.5180722891566267,1.26e-06,8.299999999999999e-07,0,1,1,2.900646568553312,0.0017484605515862,793650.7936507936,1204819.277108434,1388.8809523809523,2108.421686746988,2108.421686746988,1204819.277108434,0.9090909090909092,0.04,0.2057416267942584,1,14.375664
Nangate45,INVX1,INV_X16,A,ZN,rise,130.081,0.000365616,1.1,25.0,29.2747,1.5180722891566267,6.3e-07,4.1500000000000005e-07,1,1,1,4.875815452730412,0.000365549178757,1587301.5873015872,2409638.554216868,580.3428571428572,881.0024096385544,580.3428571428572,1587301.5873015872,0.9090909090909092,0.04,0.2057416267942584,1,24.07061
Nangate45,NANDX1,NAND2_X1,A1,ZN,fall,78.0596,0.000365616,1.1,25.0,12.836,1.5180722891566267,1.26e-06,8.299999999999999e-07,0,1,1,4.370201998407221,0.000365549178757,793650.7936507936,1204819.277108434,290.1714285714286,440.5012048192772,440.5012048192772,1204819.277108434,0.9090909090909092,0.04,0.2057416267942584,1,23.984213
Nangate45,NANDX1,NAND3_X1,A2,ZN,rise,4.72397,0.0291825,1.1,25.0,82.2932,1.5180722891566267,1.26e-06,8.299999999999999e-07,0,1,1,1.7446626205903233,0.0287647977830285,793650.7936507936,1204819.277108434,23160.714285714286,35159.63855421687,23160.714285714286,793650.7936507936,0.9090909090909092,0.04,0.2057416267942584,1,105.18368
Nangate45,XORX1,XOR2_X1,B,Z,rise,40.9838,0.0126648,1.1,25.0,100.904,1.5135135135135138,2.52e-06,1.6649999999999995e-06,0,1,1,3.737283829590765,0.0125852721858001,396825.3968253968,600600.6006006007,5025.714285714285,7606.486486486488,5025.714285714285,396825.3968253968,0.9090909090909092,0.04,0.2043010752688172,1,92.83876
Nangate45,NORX1,NOR4_X1,A4,ZN,rise,17.1859,0.00111862,1.1,25.0,75.0436,1.5180722891566267,1.26e-06,8.299999999999999e-07,0,1,1,2.900646568553312,0.001117994810837,793650.7936507936,1204819.277108434,887.7936507936508,1347.7349397590365,887.7936507936508,793650.7936507936,0.9090909090909092,0.04,0.2057416267942584,1,55.82598
Nangate45,XORX1,XOR2_X1,A,Z,rise,78.0596,0.0015831,1.1,25.0,51.937,1.5135135135135138,2.52e-06,1.6649999999999995e-06,0,1,1,4.370201998407221,0.0015818482181514,396825.3968253968,600600.6006006007,628.2142857142857,950.8108108108112,628.2142857142857,396825.3968253968,0.9090909090909092,0.04,0.2043010752688172,1,58.30153
Nangate45,NANDX1,NAND4_X1,A2,ZN,rise,4.72397,0.0559998,1.1,25.0,148.338,1.5180722891566267,1.26e-06,8.299999999999999e-07,0,1,1,1.7446626205903233,0.0544879958901124,793650.7936507936,1204819.277108434,44444.28571428572,67469.63855421687,44444.28571428572,793650.7936507936,0.9090909090909092,0.04,0.2057416267942584,1,166.15813
Nangate45,NANDX1,NAND2_X1,A2,ZN,rise,40.9838,0.000365616,1.1,25.0,24.572,1.5180722891566267,1.26e-06,8.299999999999999e-07,0,1,1,3.737283829590765,0.000365549178757,793650.7936507936,1204819.277108434,290.1714285714286,440.5012048192772,290.1714285714286,793650.7936507936,0.9090909090909092,0.04,0.2057416267942584,1,29.720955
Nangate45,NORX1,XNOR2_X1,A,ZN,rise,130.081,0.0260162,1.1,25.0,206.024,1.5180722891566267,1.26e-06,8.299999999999999e-07,0,1,1,4.875815452730412,0.0256835360976095,793650.7936507936,1204819.277108434,20647.77777777778,31344.819277108443,20647.77777777778,793650.7936507936,0.9090909090909092,0.04,0.2057416267942584,1,167.22658
Nangate45,NANDX1,NAND4_X1,A2,ZN,fall,40.9838,0.00699997,1.1,25.0,58.4679,1.5180722891566267,1.26e-06,8.299999999999999e-07,0,1,1,3.737283829590765,0.006975583944965,793650.7936507936,1204819.277108434,5555.531746031746,8433.698795180724,8433.698795180724,1204819.277108434,0.9090909090909092,0.04,0.2057416267942584,1,33.23393
Nangate45,NANDX1,NAND3_X1,A3,ZN,rise,4.72397,0.0145912,1.1,25.0,49.1764,1.5180722891566267,1.26e-06,8.299999999999999e-07,0,1,1,1.7446626205903233,0.0144857727440233,793650.7936507936,1204819.277108434,11580.31746031746,17579.75903614458,11580.31746031746,793650.7936507936,0.9090909090909092,0.04,0.2057416267942584,1,56.438477
Nangate45,NORX1,NOR4_X1,A4,ZN,rise,40.9838,0.00111862,1.1,25.0,82.4328,1.5180722891566267,1.26e-06,8.299999999999999e-07,0,1,1,3.737283829590765,0.001117994810837,793650.7936507936,1204819.277108434,887.7936507936508,1347.7349397590365,887.7936507936508,793650.7936507936,0.9090909090909092,0.04,0.2057416267942584,1,82.465546
Nangate45,NORX1,XNOR2_X1,A,ZN,fall,130.081,0.0260162,1.1,25.0,130.081,1.5180722891566267,1.26e-06,8.299999999999999e-07,0,1,1,4.875815452730412,0.0256835360976095,793650.7936507936,1204819.277108434,20647.77777777778,31344.819277108443,31344.819277108443,1204819.277108434,0.9090909090909092,0.04,0.2057416267942584,1,87.72694
Nangate45,NORX1,NOR3_X1,A2,ZN,rise,4.72397,0.001289,1.1,25.0,39.8732,1.5180722891566267,1.26e-06,8.299999999999999e-07,0,1,1,1.7446626205903233,0.0012881699527107,793650.7936507936,1204819.277108434,1023.015873015873,1553.012048192771,1023.015873015873,793650.7936507936,0.9090909090909092,0.04,0.2057416267942584,1,51.817146
Nangate45,INVX1,INV_X1,A,ZN,rise,4.72397,0.000365616,1.1,25.0,7.26612,1.5180722891566267,6.3e-07,4.1500000000000005e-07,1,1,1,1.7446626205903233,0.000365549178757,1587301.5873015872,2409638.554216868,580.3428571428572,881.0024096385544,580.3428571428572,1587301.5873015872,0.9090909090909092,0.04,0.2057416267942584,1,9.6003685
Nangate45,NANDX1,NAND4_X1,A1,ZN,rise,130.081,0.0139999,1.1,25.0,101.326,1.5180722891566267,1.26e-06,8.299999999999999e-07,0,1,1,4.875815452730412,0.0139028065496571,793650.7936507936,1204819.277108434,11111.031746031746,16867.349397590366,11111.031746031746,793650.7936507936,0.9090909090909092,0.04,0.2057416267942584,1,99.24761
Nangate45,NORX1,XNOR2_X1,A,ZN,fall,130.081,0.0130081,1.1,25.0,102.941,1.5180722891566267,1.26e-06,8.299999999999999e-07,0,1,1,4.875815452730412,0.0129242212859107,793650.7936507936,1204819.277108434,10323.88888888889,15672.409638554222,15672.409638554222,1204819.277108434,0.9090909090909092,0.04,0.2057416267942584,1,58.107685
Nangate45,NORX1,XNOR2_X1,A,ZN,fall,40.9838,0.00162601,1.1,25.0,19.892,1.5180722891566267,1.26e-06,8.299999999999999e-07,0,1,1,3.737283829590765,0.0016246894770018,793650.7936507936,1204819.277108434,1290.484126984127,1959.0481927710848,1959.0481927710848,1204819.277108434,0.9090909090909092,0.04,0.2057416267942584,1,15.220973
Nangate45,NANDX1,NAND2_X1,A2,ZN,rise,78.0596,0.0018549,1.1,25.0,40.3045,1.5180722891566267,1.26e-06,8.299999999999999e-07,0,1,1,4.370201998407221,0.0018531817973962,793650.7936507936,1204819.277108434,1472.142857142857,2234.819277108434,1472.142857142857,793650.7936507936,0.9090909090909092,0.04,0.2057416267942584,1,38.971638
Nangate45,NORX1,NOR2_X1,A2,ZN,fall,198.535,0.0066757299999999,1.1,25.0,29.081200000000003,1.5180722891566267,1.26e-06,8.299999999999999e-07,0,1,1,5.295989659538859,0.0066535459893972,793650.7936507936,1204819.277108434,5298.198412698412,8043.048192771084,8043.048192771084,1204819.277108434,0.9090909090909092,0.04,0.2057416267942584,1,57.1556
Nangate45,XORX1,XOR2_X1,B,Z,rise,1.1737799999999998,0.0253296,1.1,25.0,159.89700000000002,1.5135135135135138,2.52e-06,1.6649999999999995e-06,0,1,1,0.7764675876261998,0.0250141218763313,396825.3968253968,600600.6006006007,10051.42857142857,15212.972972972975,10051.42857142857,396825.3968253968,0.9090909090909092,0.04,0.2043010752688172,1,77.22344
Nangate45,NORX1,NOR4_X1,A3,ZN,rise,130.081,0.00063952,1.1,25.0,93.082,1.5180722891566267,1.26e-06,8.299999999999999e-07,0,1,1,4.875815452730412,0.0006393155942278,793650.7936507936,1204819.277108434,507.5555555555555,770.5060240963857,507.5555555555555,793650.7936507936,0.9090909090909092,0.04,0.2057416267942584,1,111.41179
Nangate45,NANDX1,NAND3_X1,A3,ZN,rise,40.9838,0.0145912,1.1,25.0,67.7931,1.5180722891566267,1.26e-06,8.299999999999999e-07,0,1,1,3.737283829590765,0.0144857727440233,793650.7936507936,1204819.277108434,11580.31746031746,17579.75903614458,11580.31746031746,793650.7936507936,0.9090909090909092,0.04,0.2057416267942584,1,79.8517
Nangate45,INVX1,INV_X16,A,ZN,rise,4.72397,0.000365616,1.1,25.0,6.766699999999999,1.5180722891566267,6.3e-07,4.1500000000000005e-07,1,1,1,1.7446626205903233,0.000365549178757,1587301.5873015872,2409638.554216868,580.3428571428572,881.0024096385544,580.3428571428572,1587301.5873015872,0.9090909090909092,0.04,0.2057416267942584,1,9.6003685
Nangate45,INVX1,INV_X16,A,ZN,fall,198.535,0.0605773999999999,1.1,25.0,11.6346,1.5180722891566267,6.3e-07,4.1500000000000005e-07,1,1,1,5.295989659538859,0.0588134768006666,1587301.5873015872,2409638.554216868,96154.60317460317,145969.6385542169,145969.6385542169,2409638.554216868,0.9090909090909092,0.04,0.2057416267942584,1,51.19884
Nangate45,INVX1,INV_X16,A,ZN,rise,130.081,0.24231,1.1,25.0,102.305,1.5180722891566267,6.3e-07,4.1500000000000005e-07,1,1,1,4.875815452730412,0.2169725497905428,1587301.5873015872,2409638.554216868,384619.0476190476,583879.5180722892,384619.0476190476,1587301.5873015872,0.9090909090909092,0.04,0.2057416267942584,1,58.54896
Nangate45,XORX1,XOR2_X1,B,Z,fall,17.1859,0.0063324,1.1,25.0,27.161,1.5135135135135138,2.52e-06,1.6649999999999995e-06,0,1,1,2.900646568553312,0.0063124345967383,396825.3968253968,600600.6006006007,2512.8571428571427,3803.243243243244,3803.243243243244,600600.6006006007,0.9090909090909092,0.04,0.2043010752688172,1,53.17768
Nangate45,NORX1,NOR2_X1,A1,ZN,rise,1.1737799999999998,0.00333786,1.1,25.0,29.234,1.5180722891566267,1.26e-06,8.299999999999999e-07,0,1,1,0.7764675876261998,0.0033323017104042,793650.7936507936,1204819.277108434,2649.095238095238,4021.518072289157,2649.095238095238,793650.7936507936,0.9090909090909092,0.04,0.2057416267942584,1,45.331886
Nangate45,INVX2,INV_X2,A,ZN,rise,1.1737799999999998,0.000365616,1.1,25.0,5.2963000000000005,1.5180722891566267,1.26e-06,8.299999999999999e-07,1,1,1,0.7764675876261998,0.000365549178757,793650.7936507936,1204819.277108434,290.1714285714286,440.5012048192772,290.1714285714286,793650.7936507936,0.9090909090909092,0.04,0.2057416267942584,1,8.225411
Nangate45,NORX1,XNOR2_X1,A,ZN,fall,17.1859,0.000365616,1.1,25.0,12.719,1.5180722891566267,1.26e-06,8.299999999999999e-07,0,1,1,2.900646568553312,0.000365549178757,793650.7936507936,1204819.277108434,290.1714285714286,440.5012048192772,440.5012048192772,1204819.277108434,0.9090909090909092,0.04,0.2057416267942584,1,13.744775
Nangate45,NORX1,XNOR2_X1,B,ZN,fall,4.72397,0.000813006,1.1,25.0,33.864,1.5180722891566267,1.26e-06,8.299999999999999e-07,0,1,1,1.7446626205903233,0.0008126756896393,793650.7936507936,1204819.277108434,645.2428571428571,979.5253012048196,979.5253012048196,1204819.277108434,0.9090909090909092,0.04,0.2057416267942584,1,9.586444
Nangate45,NORX1,NOR3_X1,A1,ZN,rise,78.0596,0.00853286,1.1,25.0,118.352,1.5180722891566267,1.26e-06,8.299999999999999e-07,0,1,1,4.370201998407221,0.0084966609254384,793650.7936507936,1204819.277108434,6772.11111111111,10280.554216867473,6772.11111111111,793650.7936507936,0.9090909090909092,0.04,0.2057416267942584,1,130.09494
Nangate45,NORX1,NOR3_X1,A2,ZN,fall,1.1737799999999998,0.00454444,1.1,25.0,10.7776,1.5180722891566267,1.26e-06,8.299999999999999e-07,0,1,1,0.7764675876261998,0.0045341452101301,793650.7936507936,1204819.277108434,3606.698412698413,5475.228915662652,5475.228915662652,1204819.277108434,0.9090909090909092,0.04,0.2057416267942584,1,18.60182
Nangate45,NANDX1,NAND4_X1,A4,ZN,rise,4.72397,0.0279999,1.1,25.0,85.29440000000001,1.5180722891566267,1.26e-06,8.299999999999999e-07,0,1,1,1.7446626205903233,0.027615069756704,793650.7936507936,1204819.277108434,22222.14285714286,33734.81927710844,22222.14285714286,793650.7936507936,0.9090909090909092,0.04,0.2057416267942584,1,102.990234
Nangate45,NORX1,NOR3_X1,A1,ZN,fall,17.1859,0.001289,1.1,25.0,10.1754,1.5180722891566267,1.26e-06,8.299999999999999e-07,0,1,1,2.900646568553312,0.0012881699527107,793650.7936507936,1204819.277108434,1023.015873015873,1553.012048192771,1553.012048192771,1204819.277108434,0.9090909090909092,0.04,0.2057416267942584,1,14.690401
Nangate45,XORX1,XOR2_X1,B,Z,fall,4.72397,0.0015831,1.1,25.0,52.989,1.5135135135135138,2.52e-06,1.6649999999999995e-06,0,1,1,1.7446626205903233,0.0015818482181514,396825.3968253968,600600.6006006007,628.2142857142857,950.8108108108112,950.8108108108112,600600.6006006007,0.9090909090909092,0.04,0.2043010752688172,1,21.667805
Nangate45,NORX1,XNOR2_X1,B,ZN,fall,40.9838,0.0130081,1.1,25.0,78.75,1.5180722891566267,1.26e-06,8.299999999999999e-07,0,1,1,3.737283829590765,0.0129242212859107,793650.7936507936,1204819.277108434,10323.88888888889,15672.409638554222,15672.409638554222,1204819.277108434,0.9090909090909092,0.04,0.2057416267942584,1,38.00377
Nangate45,NORX1,NOR3_X1,A1,ZN,fall,1.1737799999999998,0.000686498,1.1,25.0,4.71956,1.5180722891566267,1.26e-06,8.299999999999999e-07,0,1,1,0.7764675876261998,0.0006862624680366,793650.7936507936,1204819.277108434,544.8396825396825,827.1060240963857,827.1060240963857,1204819.277108434,0.9090909090909092,0.04,0.2057416267942584,1,11.770009
Nangate45,NORX1,NOR3_X1,A1,ZN,rise,40.9838,0.000365616,1.1,25.0,37.2797,1.5180722891566267,1.26e-06,8.299999999999999e-07,0,1,1,3.737283829590765,0.000365549178757,793650.7936507936,1204819.277108434,290.1714285714286,440.5012048192772,290.1714285714286,793650.7936507936,0.9090909090909092,0.04,0.2057416267942584,1,14.35466
Nangate45,INVX2,INV_X2,A,ZN,rise,4.72397,0.00379562,1.1,25.0,11.2245,1.5180722891566267,1.26e-06,8.299999999999999e-07,1,1,1,1.7446626205903233,0.0037884348101687,793650.7936507936,1204819.277108434,3012.396825396825,4573.036144578314,3012.396825396825,793650.7936507936,0.9090909090909092,0.04,0.2057416267942584,1,8.542973
Nangate45,NORX1,NOR2_X1,A2,ZN,fall,198.535,0.00333786,1.1,25.0,14.1618,1.5180722891566267,1.26e-06,8.299999999999999e-07,0,1,1,5.295989659538859,0.0033323017104042,793650.7936507936,1204819.277108434,2649.095238095238,4021.518072289157,4021.518072289157,1204819.277108434,0.9090909090909092,0.04,0.2057416267942584,1,50.655018
Nangate45,NANDX1,NAND3_X1,A2,ZN,rise,78.0596,0.00364781,1.1,25.0,49.6073,1.5180722891566267,1.26e-06,8.299999999999999e-07,0,1,1,4.370201998407221,0.0036411728768477,793650.7936507936,1204819.277108434,2895.0873015873017,4394.951807228917,2895.0873015873017,793650.7936507936,0.9090909090909092,0.04,0.2057416267942584,1,43.803238
Nangate45,NORX1,NOR2_X1,A2,ZN,fall,1.1737799999999998,0.0066757299999999,1.1,25.0,13.058,1.5180722891566267,1.26e-06,8.299999999999999e-07,0,1,1,0.7764675876261998,0.0066535459893972,793650.7936507936,1204819.277108434,5298.198412698412,8043.048192771084,8043.048192771084,1204819.277108434,0.9090909090909092,0.04,0.2057416267942584,1,26.517727
Nangate45,XORX1,XOR2_X1,B,Z,fall,1.1737799999999998,0.0063324,1.1,25.0,60.089,1.5135135135135138,2.52e-06,1.6649999999999995e-06,0,1,1,0.7764675876261998,0.0063124345967383,396825.3968253968,600600.6006006007,2512.8571428571427,3803.243243243244,3803.243243243244,600600.6006006007,0.9090909090909092,0.04,0.2043010752688172,1,45.356575
Nangate45,NORX1,NOR4_X1,A2,ZN,rise,17.1859,0.00195665,1.1,25.0,69.5529,1.5180722891566267,1.26e-06,8.299999999999999e-07,0,1,1,2.900646568553312,0.0019547382537281,793650.7936507936,1204819.277108434,1552.8968253968253,2357.409638554217,1552.8968253968253,793650.7936507936,0.9090909090909092,0.04,0.2057416267942584,1,52.017143
Nangate45,NORX1,NOR2_X1,A2,ZN,rise,1.1737799999999998,0.000365616,1.1,25.0,17.8889,1.5180722891566267,1.26e-06,8.299999999999999e-07,0,1,1,0.7764675876261998,0.000365549178757,793650.7936507936,1204819.277108434,290.1714285714286,440.5012048192772,290.1714285714286,793650.7936507936,0.9090909090909092,0.04,0.2057416267942584,1,24.731148
Nangate45,INVX1,INV_X16,A,ZN,rise,78.0596,0.969238,1.1,25.0,191.335,1.5180722891566267,6.3e-07,4.1500000000000005e-07,1,1,1,4.370201998407221,0.6776466658922388,1587301.5873015872,2409638.554216868,1538473.015873016,2335513.2530120485,1538473.015873016,1587301.5873015872,0.9090909090909092,0.04,0.2057416267942584,1,130.14642
Nangate45,NANDX1,NAND3_X1,A3,ZN,fall,4.72397,0.0291825,1.1,25.0,100.992,1.5180722891566267,1.26e-06,8.299999999999999e-07,0,1,1,1.7446626205903233,0.0287647977830285,793650.7936507936,1204819.277108434,23160.714285714286,35159.63855421687,35159.63855421687,1204819.277108434,0.9090909090909092,0.04,0.2057416267942584,1,79.33236
Nangate45,NORX1,XNOR2_X1,B,ZN,fall,130.081,0.000365616,1.1,25.0,77.35499999999999,1.5180722891566267,1.26e-06,8.299999999999999e-07,0,1,1,4.875815452730412,0.000365549178757,793650.7936507936,1204819.277108434,290.1714285714286,440.5012048192772,440.5012048192772,1204819.277108434,0.9090909090909092,0.04,0.2057416267942584,1,37.49029
Nangate45,XORX1,XOR2_X1,B,Z,rise,78.0596,0.0063324,1.1,25.0,87.831,1.5135135135135138,2.52e-06,1.6649999999999995e-06,0,1,1,4.370201998407221,0.0063124345967383,396825.3968253968,600600.6006006007,2512.8571428571427,3803.243243243244,2512.8571428571427,396825.3968253968,0.9090909090909092,0.04,0.2043010752688172,1,91.793144
Nangate45,NANDX1,NAND3_X1,A2,ZN,fall,4.72397,0.0145912,1.1,25.0,56.7866,1.5180722891566267,1.26e-06,8.299999999999999e-07,0,1,1,1.7446626205903233,0.0144857727440233,793650.7936507936,1204819.277108434,11580.31746031746,17579.75903614458,17579.75903614458,1204819.277108434,0.9090909090909092,0.04,0.2057416267942584,1,33.57137
Nangate45,NANDX1,NAND4_X1,A2,ZN,fall,1.1737799999999998,0.00349999,1.1,25.0,31.680300000000003,1.5180722891566267,1.26e-06,8.299999999999999e-07,0,1,1,0.7764675876261998,0.0034938792891336,793650.7936507936,1204819.277108434,2777.769841269841,4216.855421686748,4216.855421686748,1204819.277108434,0.9090909090909092,0.04,0.2057416267942584,1,20.92022
Nangate45,NANDX1,NAND4_X1,A4,ZN,rise,17.1859,0.00699997,1.1,25.0,40.4065,1.5180722891566267,1.26e-06,8.299999999999999e-07,0,1,1,2.900646568553312,0.006975583944965,793650.7936507936,1204819.277108434,5555.531746031746,8433.698795180724,5555.531746031746,793650.7936507936,0.9090909090909092,0.04,0.2057416267942584,1,41.496937
Nangate45,NORX1,NOR2_X1,A2,ZN,rise,40.9838,0.00166893,1.1,25.0,39.5533,1.5180722891566267,1.26e-06,8.299999999999999e-07,0,1,1,3.737283829590765,0.001667538883896,793650.7936507936,1204819.277108434,1324.547619047619,2010.7590361445789,1324.547619047619,793650.7936507936,0.9090909090909092,0.04,0.2057416267942584,1,54.56925
Nangate45,NORX1,NOR3_X1,A3,ZN,fall,1.1737799999999998,0.00853286,1.1,25.0,16.3081,1.5180722891566267,1.26e-06,8.299999999999999e-07,0,1,1,0.7764675876261998,0.0084966609254384,793650.7936507936,1204819.277108434,6772.11111111111,10280.554216867473,10280.554216867473,1204819.277108434,0.9090909090909092,0.04,0.2057416267942584,1,33.04023
Nangate45,NANDX1,NAND2_X1,A2,ZN,fall,78.0596,0.0018549,1.1,25.0,21.6015,1.5180722891566267,1.26e-06,8.299999999999999e-07,0,1,1,4.370201998407221,0.0018531817973962,793650.7936507936,1204819.277108434,1472.142857142857,2234.819277108434,2234.819277108434,1204819.277108434,0.9090909090909092,0.04,0.2057416267942584,1,29.940649
Nangate45,NORX1,XNOR2_X1,B,ZN,fall,17.1859,0.00325202,1.1,25.0,22.523,1.5180722891566267,1.26e-06,8.299999999999999e-07,0,1,1,2.900646568553312,0.0032467436191291,793650.7936507936,1204819.277108434,2580.968253968254,3918.096385542169,3918.096385542169,1204819.277108434,0.9090909090909092,0.04,0.2057416267942584,1,10.863282
Nangate45,XORX1,XOR2_X1,B,Z,rise,17.1859,0.0031662,1.1,25.0,54.545,1.5135135135135138,2.52e-06,1.6649999999999995e-06,0,1,1,2.900646568553312,0.0031611981439168,396825.3968253968,600600.6006006007,1256.428571428571,1901.621621621622,1256.428571428571,396825.3968253968,0.9090909090909092,0.04,0.2043010752688172,1,58.999733
Nangate45,NORX1,NOR3_X1,A1,ZN,fall,4.72397,0.0160217,1.1,25.0,25.0039,1.5180722891566267,1.26e-06,8.299999999999999e-07,0,1,1,1.7446626205903233,0.0158947071959221,793650.7936507936,1204819.277108434,12715.63492063492,19303.253012048197,19303.253012048197,1204819.277108434,0.9090909090909092,0.04,0.2057416267942584,1,47.187805
Nangate45,NORX1,NOR4_X1,A2,ZN,fall,17.1859,0.0104713,1.1,25.0,25.9471,1.5180722891566267,1.26e-06,8.299999999999999e-07,0,1,1,2.900646568553312,0.010416855676904,793650.7936507936,1204819.277108434,8310.555555555555,12616.024096385545,12616.024096385545,1204819.277108434,0.9090909090909092,0.04,0.2057416267942584,1,32.331062
Nangate45,NORX1,NOR3_X1,A3,ZN,rise,198.535,0.00242029,1.1,25.0,100.156,1.5180722891566267,1.26e-06,8.299999999999999e-07,0,1,1,5.295989659538859,0.0024173658154572,793650.7936507936,1204819.277108434,1920.8650793650795,2916.012048192772,1920.8650793650795,793650.7936507936,0.9090909090909092,0.04,0.2057416267942584,1,100.124664
Nangate45,NANDX1,NAND4_X1,A2,ZN,rise,78.0596,0.00699997,1.1,25.0,64.1278,1.5180722891566267,1.26e-06,8.299999999999999e-07,0,1,1,4.370201998407221,0.006975583944965,793650.7936507936,1204819.277108434,5555.531746031746,8433.698795180724,5555.531746031746,793650.7936507936,0.9090909090909092,0.04,0.2057416267942584,1,57.427628
Nangate45,INVX1,INV_X16,A,ZN,rise,17.1859,0.969238,1.1,25.0,160.056,1.5180722891566267,6.3e-07,4.1500000000000005e-07,1,1,1,2.900646568553312,0.6776466658922388,1587301.5873015872,2409638.554216868,1538473.015873016,2335513.2530120485,1538473.015873016,1587301.5873015872,0.9090909090909092,0.04,0.2057416267942584,1,129.31569
Nangate45,INVX1,INV_X1,A,ZN,rise,4.72397,0.030365,1.1,25.0,79.7973,1.5180722891566267,6.3e-07,4.1500000000000005e-07,1,1,1,1.7446626205903233,0.0299131083997428,1587301.5873015872,2409638.554216868,48198.41269841269,73168.67469879519,48198.41269841269,1587301.5873015872,0.9090909090909092,0.04,0.2057416267942584,1,80.83573
Nangate45,XORX1,XOR2_X1,B,Z,rise,1.1737799999999998,0.00079155,1.1,25.0,23.691,1.5135135135135138,2.52e-06,1.6649999999999995e-06,0,1,1,0.7764675876261998,0.0007912368895162,396825.3968253968,600600.6006006007,314.10714285714283,475.40540540540553,314.10714285714283,396825.3968253968,0.9090909090909092,0.04,0.2043010752688172,1,24.846983
Nangate45,NANDX1,NAND2_X1,A2,ZN,rise,130.081,0.0018549,1.1,25.0,51.0441,1.5180722891566267,1.26e-06,8.299999999999999e-07,0,1,1,4.875815452730412,0.0018531817973962,793650.7936507936,1204819.277108434,1472.142857142857,2234.819277108434,1472.142857142857,793650.7936507936,0.9090909090909092,0.04,0.2057416267942584,1,50.709538
Nangate45,XORX1,XOR2_X1,A,Z,rise,4.72397,0.00079155,1.1,25.0,19.629,1.5135135135135138,2.52e-06,1.6649999999999995e-06,0,1,1,1.7446626205903233,0.0007912368895162,396825.3968253968,600600.6006006007,314.10714285714283,475.40540540540553,314.10714285714283,396825.3968253968,0.9090909090909092,0.04,0.2043010752688172,1,33.43763
Nangate45,NORX1,NOR4_X1,A1,ZN,rise,40.9838,0.00342249,1.1,25.0,78.1167,1.5180722891566267,1.26e-06,8.299999999999999e-07,0,1,1,3.737283829590765,0.0034166466099336,793650.7936507936,1204819.277108434,2716.2619047619046,4123.481927710844,2716.2619047619046,793650.7936507936,0.9090909090909092,0.04,0.2057416267942584,1,60.975204
Nangate45,XORX1,XOR2_X1,A,Z,rise,78.0596,0.0015831,1.1,25.0,54.659,1.5135135135135138,2.52e-06,1.6649999999999995e-06,0,1,1,4.370201998407221,0.0015818482181514,396825.3968253968,600600.6006006007,628.2142857142857,950.8108108108112,628.2142857142857,396825.3968253968,0.9090909090909092,0.04,0.2043010752688172,1,58.30153
Nangate45,NANDX1,NAND3_X1,A3,ZN,fall,1.1737799999999998,0.000365616,1.1,25.0,14.3923,1.5180722891566267,1.26e-06,8.299999999999999e-07,0,1,1,0.7764675876261998,0.000365549178757,793650.7936507936,1204819.277108434,290.1714285714286,440.5012048192772,440.5012048192772,1204819.277108434,0.9090909090909092,0.04,0.2057416267942584,1,15.478545
Nangate45,NANDX1,NAND3_X1,A2,ZN,fall,17.1859,0.0291825,1.1,25.0,104.187,1.5180722891566267,1.26e-06,8.299999999999999e-07,0,1,1,2.900646568553312,0.0287647977830285,793650.7936507936,1204819.277108434,23160.714285714286,35159.63855421687,35159.63855421687,1204819.277108434,0.9090909090909092,0.04,0.2057416267942584,1,75.21695
Nangate45,NORX1,NOR2_X1,A2,ZN,rise,40.9838,0.0066757299999999,1.1,25.0,66.14829999999999,1.5180722891566267,1.26e-06,8.299999999999999e-07,0,1,1,3.737283829590765,0.0066535459893972,793650.7936507936,1204819.277108434,5298.198412698412,8043.048192771084,5298.198412698412,793650.7936507936,0.9090909090909092,0.04,0.2057416267942584,1,77.48616
Nangate45,NORX1,NOR3_X1,A3,ZN,fall,4.72397,0.00242029,1.1,25.0,9.54738,1.5180722891566267,1.26e-06,8.299999999999999e-07,0,1,1,1.7446626205903233,0.0024173658154572,793650.7936507936,1204819.277108434,1920.8650793650795,2916.012048192772,2916.012048192772,1204819.277108434,0.9090909090909092,0.04,0.2057416267942584,1,17.290272
Nangate45,NANDX1,NAND3_X1,A1,ZN,rise,40.9838,0.0145912,1.1,25.0,63.4366,1.5180722891566267,1.26e-06,8.299999999999999e-07,0,1,1,3.737283829590765,0.0144857727440233,793650.7936507936,1204819.277108434,11580.31746031746,17579.75903614458,11580.31746031746,793650.7936507936,0.9090909090909092,0.04,0.2057416267942584,1,79.8517
Nangate45,NANDX1,NAND3_X1,A2,ZN,rise,17.1859,0.0018239,1.1,25.0,22.5913,1.5180722891566267,1.26e-06,8.299999999999999e-07,0,1,1,2.900646568553312,0.0018222387141011,793650.7936507936,1204819.277108434,1447.5396825396824,2197.4698795180725,1447.5396825396824,793650.7936507936,0.9090909090909092,0.04,0.2057416267942584,1,25.895388
Nangate45,NORX1,NOR3_X1,A3,ZN,fall,17.1859,0.00853286,1.1,25.0,23.3862,1.5180722891566267,1.26e-06,8.299999999999999e-07,0,1,1,2.900646568553312,0.0084966609254384,793650.7936507936,1204819.277108434,6772.11111111111,10280.554216867473,10280.554216867473,1204819.277108434,0.9090909090909092,0.04,0.2057416267942584,1,26.917103
Nangate45,NORX1,XNOR2_X1,B,ZN,rise,130.081,0.00650405,1.1,25.0,98.908,1.5180722891566267,1.26e-06,8.299999999999999e-07,0,1,1,4.875815452730412,0.0064829899346209,793650.7936507936,1204819.277108434,5161.944444444445,7836.204819277111,5161.944444444445,793650.7936507936,0.9090909090909092,0.04,0.2057416267942584,1,86.31168
Nangate45,NANDX1,NAND4_X1,A1,ZN,fall,198.535,0.000365616,1.1,25.0,38.4389,1.5180722891566267,1.26e-06,8.299999999999999e-07,0,1,1,5.295989659538859,0.000365549178757,793650.7936507936,1204819.277108434,290.1714285714286,440.5012048192772,440.5012048192772,1204819.277108434,0.9090909090909092,0.04,0.2057416267942584,1,42.788876
Nangate45,XORX1,XOR2_X1,A,Z,rise,78.0596,0.0253296,1.1,25.0,174.548,1.5135135135135138,2.52e-06,1.6649999999999995e-06,0,1,1,4.370201998407221,0.0250141218763313,396825.3968253968,600600.6006006007,10051.42857142857,15212.972972972975,10051.42857142857,396825.3968253968,0.9090909090909092,0.04,0.2043010752688172,1,113.67679
Nangate45,NANDX1,NAND3_X1,A1,ZN,rise,78.0596,0.0583649,1.1,25.0,187.179,1.5180722891566267,1.26e-06,8.299999999999999e-07,0,1,1,4.370201998407221,0.0567251700033895,793650.7936507936,1204819.277108434,46321.3492063492,70319.15662650602,46321.3492063492,793650.7936507936,0.9090909090909092,0.04,0.2057416267942584,1,198.15123
Nangate45,NORX1,XNOR2_X1,A,ZN,fall,40.9838,0.00325202,1.1,25.0,55.943,1.5180722891566267,1.26e-06,8.299999999999999e-07,0,1,1,3.737283829590765,0.0032467436191291,793650.7936507936,1204819.277108434,2580.968253968254,3918.096385542169,3918.096385542169,1204819.277108434,0.9090909090909092,0.04,0.2057416267942584,1,13.834929
Nangate45,NANDX1,NAND3_X1,A1,ZN,fall,130.081,0.0291825,1.1,25.0,146.382,1.5180722891566267,1.26e-06,8.299999999999999e-07,0,1,1,4.875815452730412,0.0287647977830285,793650.7936507936,1204819.277108434,23160.714285714286,35159.63855421687,35159.63855421687,1204819.277108434,0.9090909090909092,0.04,0.2057416267942584,1,122.63735
Nangate45,XORX1,XOR2_X1,A,Z,rise,17.1859,0.0063324,1.1,25.0,53.235,1.5135135135135138,2.52e-06,1.6649999999999995e-06,0,1,1,2.900646568553312,0.0063124345967383,396825.3968253968,600600.6006006007,2512.8571428571427,3803.243243243244,2512.8571428571427,396825.3968253968,0.9090909090909092,0.04,0.2043010752688172,1,64.33004
Nangate45,NANDX1,NAND4_X1,A4,ZN,fall,40.9838,0.0139999,1.1,25.0,82.7737,1.5180722891566267,1.26e-06,8.299999999999999e-07,0,1,1,3.737283829590765,0.0139028065496571,793650.7936507936,1204819.277108434,11111.031746031746,16867.349397590366,16867.349397590366,1204819.277108434,0.9090909090909092,0.04,0.2057416267942584,1,56.338604
Nangate45,NORX1,NOR4_X1,A4,ZN,rise,78.0596,0.00063952,1.1,25.0,85.4795,1.5180722891566267,1.26e-06,8.299999999999999e-07,0,1,1,4.370201998407221,0.0006393155942278,793650.7936507936,1204819.277108434,507.5555555555555,770.5060240963857,507.5555555555555,793650.7936507936,0.9090909090909092,0.04,0.2057416267942584,1,95.907906
Nangate45,NORX1,NOR3_X1,A2,ZN,rise,40.9838,0.000686498,1.1,25.0,47.9711,1.5180722891566267,1.26e-06,8.299999999999999e-07,0,1,1,3.737283829590765,0.0006862624680366,793650.7936507936,1204819.277108434,544.8396825396825,827.1060240963857,544.8396825396825,793650.7936507936,0.9090909090909092,0.04,0.2057416267942584,1,84.2595
Nangate45,NORX1,NOR3_X1,A1,ZN,fall,40.9838,0.001289,1.1,25.0,10.9277,1.5180722891566267,1.26e-06,8.299999999999999e-07,0,1,1,3.737283829590765,0.0012881699527107,793650.7936507936,1204819.277108434,1023.015873015873,1553.012048192771,1553.012048192771,1204819.277108434,0.9090909090909092,0.04,0.2057416267942584,1,17.449871
Nangate45,XORX1,XOR2_X1,A,Z,rise,198.535,0.0253296,1.1,25.0,236.729,1.5135135135135138,2.52e-06,1.6649999999999995e-06,0,1,1,5.295989659538859,0.0250141218763313,396825.3968253968,600600.6006006007,10051.42857142857,15212.972972972975,10051.42857142857,396825.3968253968,0.9090909090909092,0.04,0.2043010752688172,1,137.97514
Nangate45,NORX1,NOR4_X1,A2,ZN,rise,1.1737799999999998,0.0104713,1.1,25.0,156.785,1.5180722891566267,1.26e-06,8.299999999999999e-07,0,1,1,0.7764675876261998,0.010416855676904,793650.7936507936,1204819.277108434,8310.555555555555,12616.024096385545,8310.555555555555,793650.7936507936,0.9090909090909092,0.04,0.2057416267942584,1,71.91028
Nangate45,INVX1,INV_X16,A,ZN,rise,78.0596,0.000365616,1.1,25.0,21.6488,1.5180722891566267,6.3e-07,4.1500000000000005e-07,1,1,1,4.370201998407221,0.000365549178757,1587301.5873015872,2409638.554216868,580.3428571428572,881.0024096385544,580.3428571428572,1587301.5873015872,0.9090909090909092,0.04,0.2057416267942584,1,18.076164
Nangate45,XORX1,XOR2_X1,B,Z,rise,1.1737799999999998,0.0126648,1.1,25.0,84.215,1.5135135135135138,2.52e-06,1.6649999999999995e-06,0,1,1,0.7764675876261998,0.0125852721858001,396825.3968253968,600600.6006006007,5025.714285714285,7606.486486486488,5025.714285714285,396825.3968253968,0.9090909090909092,0.04,0.2043010752688172,1,67.387985
Nangate45,NANDX1,NAND2_X1,A1,ZN,fall,40.9838,0.000365616,1.1,25.0,12.7253,1.5180722891566267,1.26e-06,8.299999999999999e-07,0,1,1,3.737283829590765,0.000365549178757,793650.7936507936,1204819.277108434,290.1714285714286,440.5012048192772,440.5012048192772,1204819.277108434,0.9090909090909092,0.04,0.2057416267942584,1,18.83766
Nangate45,NORX1,NOR2_X1,A1,ZN,rise,130.081,0.0133515,1.1,25.0,141.009,1.5180722891566267,1.26e-06,8.299999999999999e-07,0,1,1,4.875815452730412,0.0132631542209015,793650.7936507936,1204819.277108434,10596.42857142857,16086.144578313257,10596.42857142857,793650.7936507936,0.9090909090909092,0.04,0.2057416267942584,1,127.434135
Nangate45,NORX1,NOR4_X1,A2,ZN,fall,4.72397,0.00195665,1.1,25.0,9.64873,1.5180722891566267,1.26e-06,8.299999999999999e-07,0,1,1,1.7446626205903233,0.0019547382537281,793650.7936507936,1204819.277108434,1552.8968253968253,2357.409638554217,2357.409638554217,1204819.277108434,0.9090909090909092,0.04,0.2057416267942584,1,10.909922
Nangate45,NORX1,NOR3_X1,A3,ZN,fall,40.9838,0.00242029,1.1,25.0,18.6756,1.5180722891566267,1.26e-06,8.299999999999999e-07,0,1,1,3.737283829590765,0.0024173658154572,793650.7936507936,1204819.277108434,1920.8650793650795,2916.012048192772,2916.012048192772,1204819.277108434,0.9090909090909092,0.04,0.2057416267942584,1,26.819284
Nangate45,INVX1,INV_X16,A,ZN,fall,17.1859,0.24231,1.1,25.0,28.8125,1.5180722891566267,6.3e-07,4.1500000000000005e-07,1,1,1,2.900646568553312,0.2169725497905428,1587301.5873015872,2409638.554216868,384619.0476190476,583879.5180722892,583879.5180722892,2409638.554216868,0.9090909090909092,0.04,0.2057416267942584,1,37.694435
Nangate45,XORX1,XOR2_X1,A,Z,fall,17.1859,0.00079155,1.1,25.0,14.029,1.5135135135135138,2.52e-06,1.6649999999999995e-06,0,1,1,2.900646568553312,0.0007912368895162,396825.3968253968,600600.6006006007,314.10714285714283,475.40540540540553,475.40540540540553,600600.6006006007,0.9090909090909092,0.04,0.2043010752688172,1,24.099415
Nangate45,NORX1,NOR3_X1,A2,ZN,fall,4.72397,0.00242029,1.1,25.0,9.56816,1.5180722891566267,1.26e-06,8.299999999999999e-07,0,1,1,1.7446626205903233,0.0024173658154572,793650.7936507936,1204819.277108434,1920.8650793650795,2916.012048192772,2916.012048192772,1204819.277108434,0.9090909090909092,0.04,0.2057416267942584,1,17.290272
Nangate45,NORX1,XNOR2_X1,A,ZN,fall,40.9838,0.0260162,1.1,25.0,103.576,1.5180722891566267,1.26e-06,8.299999999999999e-07,0,1,1,3.737283829590765,0.0256835360976095,793650.7936507936,1204819.277108434,20647.77777777778,31344.819277108443,31344.819277108443,1204819.277108434,0.9090909090909092,0.04,0.2057416267942584,1,66.336296
Nangate45,NORX1,XNOR2_X1,A,ZN,fall,198.535,0.0260162,1.1,25.0,123.119,1.5180722891566267,1.26e-06,8.299999999999999e-07,0,1,1,5.295989659538859,0.0256835360976095,793650.7936507936,1204819.277108434,20647.77777777778,31344.819277108443,31344.819277108443,1204819.277108434,0.9090909090909092,0.04,0.2057416267942584,1,103.085724
Nangate45,NANDX1,NAND4_X1,A3,ZN,rise,17.1859,0.00349999,1.1,25.0,30.1982,1.5180722891566267,1.26e-06,8.299999999999999e-07,0,1,1,2.900646568553312,0.0034938792891336,793650.7936507936,1204819.277108434,2777.769841269841,4216.855421686748,2777.769841269841,793650.7936507936,0.9090909090909092,0.04,0.2057416267942584,1,30.860683
Nangate45,NORX1,XNOR2_X1,A,ZN,fall,198.535,0.000365616,1.1,25.0,86.476,1.5180722891566267,1.26e-06,8.299999999999999e-07,0,1,1,5.295989659538859,0.000365549178757,793650.7936507936,1204819.277108434,290.1714285714286,440.5012048192772,440.5012048192772,1204819.277108434,0.9090909090909092,0.04,0.2057416267942584,1,44.820896
Nangate45,NANDX1,NAND4_X1,A4,ZN,rise,1.1737799999999998,0.0017499899999999,1.1,25.0,19.4264,1.5180722891566267,1.26e-06,8.299999999999999e-07,0,1,1,0.7764675876261998,0.0017484605515862,793650.7936507936,1204819.277108434,1388.8809523809523,2108.421686746988,1388.8809523809523,793650.7936507936,0.9090909090909092,0.04,0.2057416267942584,1,25.43344
Nangate45,NORX1,NOR3_X1,A2,ZN,rise,198.535,0.000365616,1.1,25.0,86.2637,1.5180722891566267,1.26e-06,8.299999999999999e-07,0,1,1,5.295989659538859,0.000365549178757,793650.7936507936,1204819.277108434,290.1714285714286,440.5012048192772,290.1714285714286,793650.7936507936,0.9090909090909092,0.04,0.2057416267942584,1,74.53687
Nangate45,NANDX1,NAND4_X1,A1,ZN,rise,1.1737799999999998,0.0279999,1.1,25.0,76.92110000000001,1.5180722891566267,1.26e-06,8.299999999999999e-07,0,1,1,0.7764675876261998,0.027615069756704,793650.7936507936,1204819.277108434,22222.14285714286,33734.81927710844,22222.14285714286,793650.7936507936,0.9090909090909092,0.04,0.2057416267942584,1,89.00994
Nangate45,XORX1,XOR2_X1,A,Z,rise,4.72397,0.0015831,1.1,25.0,23.876,1.5135135135135138,2.52e-06,1.6649999999999995e-06,0,1,1,1.7446626205903233,0.0015818482181514,396825.3968253968,600600.6006006007,628.2142857142857,950.8108108108112,628.2142857142857,396825.3968253968,0.9090909090909092,0.04,0.2043010752688172,1,42.008045
Nangate45,XORX1,XOR2_X1,A,Z,fall,40.9838,0.0063324,1.1,25.0,73.562,1.5135135135135138,2.52e-06,1.6649999999999995e-06,0,1,1,3.737283829590765,0.0063124345967383,396825.3968253968,600600.6006006007,2512.8571428571427,3803.243243243244,3803.243243243244,600600.6006006007,0.9090909090909092,0.04,0.2043010752688172,1,58.12021
Nangate45,NANDX1,NAND2_X1,A2,ZN,fall,40.9838,0.000365616,1.1,25.0,14.0115,1.5180722891566267,1.26e-06,8.299999999999999e-07,0,1,1,3.737283829590765,0.000365549178757,793650.7936507936,1204819.277108434,290.1714285714286,440.5012048192772,440.5012048192772,1204819.277108434,0.9090909090909092,0.04,0.2057416267942584,1,18.83766
Nangate45,NANDX1,NAND2_X1,A2,ZN,fall,40.9838,0.0593567,1.1,25.0,144.225,1.5180722891566267,1.26e-06,8.299999999999999e-07,0,1,1,3.737283829590765,0.0576618371011917,793650.7936507936,1204819.277108434,47108.492063492056,71514.09638554217,71514.09638554217,1204819.277108434,0.9090909090909092,0.04,0.2057416267942584,1,170.38536
Nangate45,NORX1,XNOR2_X1,A,ZN,rise,1.1737799999999998,0.0130081,1.1,25.0,82.165,1.5180722891566267,1.26e-06,8.299999999999999e-07,0,1,1,0.7764675876261998,0.0129242212859107,793650.7936507936,1204819.277108434,10323.88888888889,15672.409638554222,10323.88888888889,793650.7936507936,0.9090909090909092,0.04,0.2057416267942584,1,73.5675
Nangate45,NORX1,NOR3_X1,A3,ZN,rise,198.535,0.0160217,1.1,25.0,218.621,1.5180722891566267,1.26e-06,8.299999999999999e-07,0,1,1,5.295989659538859,0.0158947071959221,793650.7936507936,1204819.277108434,12715.63492063492,19303.253012048197,12715.63492063492,793650.7936507936,0.9090909090909092,0.04,0.2057416267942584,1,172.94727
Nangate45,NANDX1,NAND2_X1,A1,ZN,fall,198.535,0.00370979,1.1,25.0,31.278,1.5180722891566267,1.26e-06,8.299999999999999e-07,0,1,1,5.295989659538859,0.0037029257005795,793650.7936507936,1204819.277108434,2944.277777777778,4469.626506024097,4469.626506024097,1204819.277108434,0.9090909090909092,0.04,0.2057416267942584,1,60.262676
Nangate45,NANDX1,NAND4_X1,A1,ZN,fall,17.1859,0.0139999,1.1,25.0,73.3602,1.5180722891566267,1.26e-06,8.299999999999999e-07,0,1,1,2.900646568553312,0.0139028065496571,793650.7936507936,1204819.277108434,11111.031746031746,16867.349397590366,16867.349397590366,1204819.277108434,0.9090909090909092,0.04,0.2057416267942584,1,43.52794
Nangate45,NORX1,NOR4_X1,A3,ZN,rise,4.72397,0.00111862,1.1,25.0,66.5395,1.5180722891566267,1.26e-06,8.299999999999999e-07,0,1,1,1.7446626205903233,0.001117994810837,793650.7936507936,1204819.277108434,887.7936507936508,1347.7349397590365,887.7936507936508,793650.7936507936,0.9090909090909092,0.04,0.2057416267942584,1,51.817165
Nangate45,NORX1,NOR4_X1,A2,ZN,rise,17.1859,0.00063952,1.1,25.0,55.2381,1.5180722891566267,1.26e-06,8.299999999999999e-07,0,1,1,2.900646568553312,0.0006393155942278,793650.7936507936,1204819.277108434,507.5555555555555,770.5060240963857,507.5555555555555,793650.7936507936,0.9090909090909092,0.04,0.2057416267942584,1,72.29692
Nangate45,NANDX1,NAND4_X1,A1,ZN,rise,4.72397,0.0139999,1.1,25.0,45.1094,1.5180722891566267,1.26e-06,8.299999999999999e-07,0,1,1,1.7446626205903233,0.0139028065496571,793650.7936507936,1204819.277108434,11111.031746031746,16867.349397590366,11111.031746031746,793650.7936507936,0.9090909090909092,0.04,0.2057416267942584,1,56.438393
Nangate45,INVX1,TINV_X1,EN,ZN,rise,40.9838,0.01217354323,1.1,25.0,92.128,1.5180722891566267,6.3e-07,4.1500000000000005e-07,1,1,1,3.737283829590765,0.0121000415684708,1587301.5873015872,2409638.554216868,19323.08449206349,29333.839108433735,19323.08449206349,1587301.5873015872,0.9090909090909092,0.04,0.2057416267942584,1,63.071445
Nangate45,NORX1,NOR3_X1,A1,ZN,rise,130.081,0.00454444,1.1,25.0,109.68,1.5180722891566267,1.26e-06,8.299999999999999e-07,0,1,1,4.875815452730412,0.0045341452101301,793650.7936507936,1204819.277108434,3606.698412698413,5475.228915662652,3606.698412698413,793650.7936507936,0.9090909090909092,0.04,0.2057416267942584,1,95.20385
Nangate45,NORX1,XNOR2_X1,B,ZN,fall,198.535,0.000365616,1.1,25.0,92.103,1.5180722891566267,1.26e-06,8.299999999999999e-07,0,1,1,5.295989659538859,0.000365549178757,793650.7936507936,1204819.277108434,290.1714285714286,440.5012048192772,440.5012048192772,1204819.277108434,0.9090909090909092,0.04,0.2057416267942584,1,44.820896
Nangate45,NORX1,NOR4_X1,A3,ZN,rise,4.72397,0.000365616,1.1,25.0,58.2118,1.5180722891566267,1.26e-06,8.299999999999999e-07,0,1,1,1.7446626205903233,0.000365549178757,793650.7936507936,1204819.277108434,290.1714285714286,440.5012048192772,290.1714285714286,793650.7936507936,0.9090909090909092,0.04,0.2057416267942584,1,44.169117
Nangate45,NORX1,XNOR2_X1,A,ZN,fall,198.535,0.0260162,1.1,25.0,145.18200000000002,1.5180722891566267,1.26e-06,8.299999999999999e-07,0,1,1,5.295989659538859,0.0256835360976095,793650.7936507936,1204819.277108434,20647.77777777778,31344.819277108443,31344.819277108443,1204819.277108434,0.9090909090909092,0.04,0.2057416267942584,1,103.085724
Nangate45,NORX1,NOR3_X1,A2,ZN,fall,40.9838,0.00242029,1.1,25.0,17.4146,1.5180722891566267,1.26e-06,8.299999999999999e-07,0,1,1,3.737283829590765,0.0024173658154572,793650.7936507936,1204819.277108434,1920.8650793650795,2916.012048192772,2916.012048192772,1204819.277108434,0.9090909090909092,0.04,0.2057416267942584,1,26.819284
Nangate45,NORX1,NOR2_X1,A2,ZN,rise,1.1737799999999998,0.0133515,1.1,25.0,84.0404,1.5180722891566267,1.26e-06,8.299999999999999e-07,0,1,1,0.7764675876261998,0.0132631542209015,793650.7936507936,1204819.277108434,10596.42857142857,16086.144578313257,10596.42857142857,793650.7936507936,0.9090909090909092,0.04,0.2057416267942584,1,75.679436
Nangate45,NORX1,NOR3_X1,A1,ZN,fall,4.72397,0.00853286,1.1,25.0,15.919,1.5180722891566267,1.26e-06,8.299999999999999e-07,0,1,1,1.7446626205903233,0.0084966609254384,793650.7936507936,1204819.277108434,6772.11111111111,10280.554216867473,10280.554216867473,1204819.277108434,0.9090909090909092,0.04,0.2057416267942584,1,22.615171
Nangate45,NORX1,XNOR2_X1,A,ZN,rise,198.535,0.000813006,1.1,25.0,59.168,1.5180722891566267,1.26e-06,8.299999999999999e-07,0,1,1,5.295989659538859,0.0008126756896393,793650.7936507936,1204819.277108434,645.2428571428571,979.5253012048196,645.2428571428571,793650.7936507936,0.9090909090909092,0.04,0.2057416267942584,1,90.75971
Nangate45,NORX1,XNOR2_X1,A,ZN,fall,17.1859,0.0130081,1.1,25.0,40.69,1.5180722891566267,1.26e-06,8.299999999999999e-07,0,1,1,2.900646568553312,0.0129242212859107,793650.7936507936,1204819.277108434,10323.88888888889,15672.409638554222,15672.409638554222,1204819.277108434,0.9090909090909092,0.04,0.2057416267942584,1,33.266376
Nangate45,INVX1,TINV_X1,EN,ZN,rise,17.1859,0.001164659229,1.1,25.0,15.074,1.5180722891566267,6.3e-07,4.1500000000000005e-07,1,1,1,2.900646568553312,0.0011639815395739,1587301.5873015872,2409638.554216868,1848.6654428571424,2806.407780722892,1848.6654428571424,1587301.5873015872,0.9090909090909092,0.04,0.2057416267942584,1,11.898028
Nangate45,XORX1,XOR2_X1,A,Z,rise,40.9838,0.0253296,1.1,25.0,159.756,1.5135135135135138,2.52e-06,1.6649999999999995e-06,0,1,1,3.737283829590765,0.0250141218763313,396825.3968253968,600600.6006006007,10051.42857142857,15212.972972972975,10051.42857142857,396825.3968253968,0.9090909090909092,0.04,0.2043010752688172,1,103.77369
Nangate45,NANDX1,NAND3_X1,A1,ZN,fall,4.72397,0.00364781,1.1,25.0,21.5549,1.5180722891566267,1.26e-06,8.299999999999999e-07,0,1,1,1.7446626205903233,0.0036411728768477,793650.7936507936,1204819.277108434,2895.0873015873017,4394.951807228917,4394.951807228917,1204819.277108434,0.9090909090909092,0.04,0.2057416267942584,1,13.278579
Nangate45,NORX1,XNOR2_X1,B,ZN,fall,130.081,0.0130081,1.1,25.0,75.197,1.5180722891566267,1.26e-06,8.299999999999999e-07,0,1,1,4.875815452730412,0.0129242212859107,793650.7936507936,1204819.277108434,10323.88888888889,15672.409638554222,15672.409638554222,1204819.277108434,0.9090909090909092,0.04,0.2057416267942584,1,58.16386
Nangate45,NORX1,NOR4_X1,A4,ZN,rise,17.1859,0.00342249,1.1,25.0,100.008,1.5180722891566267,1.26e-06,8.299999999999999e-07,0,1,1,2.900646568553312,0.0034166466099336,793650.7936507936,1204819.277108434,2716.2619047619046,4123.481927710844,2716.2619047619046,793650.7936507936,0.9090909090909092,0.04,0.2057416267942584,1,56.44038
Nangate45,NORX1,NOR2_X1,A1,ZN,rise,4.72397,0.00166893,1.1,25.0,21.1519,1.5180722891566267,1.26e-06,8.299999999999999e-07,0,1,1,1.7446626205903233,0.001667538883896,793650.7936507936,1204819.277108434,1324.547619047619,2010.7590361445789,1324.547619047619,793650.7936507936,0.9090909090909092,0.04,0.2057416267942584,1,36.12218
Nangate45,NORX1,NOR4_X1,A2,ZN,rise,130.081,0.00342249,1.1,25.0,127.016,1.5180722891566267,1.26e-06,8.299999999999999e-07,0,1,1,4.875815452730412,0.0034166466099336,793650.7936507936,1204819.277108434,2716.2619047619046,4123.481927710844,2716.2619047619046,793650.7936507936,0.9090909090909092,0.04,0.2057416267942584,1,75.773224
Nangate45,NANDX1,NAND3_X1,A3,ZN,fall,17.1859,0.00729561,1.1,25.0,39.1369,1.5180722891566267,1.26e-06,8.299999999999999e-07,0,1,1,2.900646568553312,0.0072691257717537,793650.7936507936,1204819.277108434,5790.166666666666,8789.891566265062,8789.891566265062,1204819.277108434,0.9090909090909092,0.04,0.2057416267942584,1,25.1762
Nangate45,NORX1,XNOR2_X1,B,ZN,rise,4.72397,0.0130081,1.1,25.0,64.535,1.5180722891566267,1.26e-06,8.299999999999999e-07,0,1,1,1.7446626205903233,0.0129242212859107,793650.7936507936,1204819.277108434,10323.88888888889,15672.409638554222,10323.88888888889,793650.7936507936,0.9090909090909092,0.04,0.2057416267942584,1,94.94041
Nangate45,NANDX1,NAND4_X1,A3,ZN,fall,17.1859,0.0139999,1.1,25.0,79.0346,1.5180722891566267,1.26e-06,8.299999999999999e-07,0,1,1,2.900646568553312,0.0139028065496571,793650.7936507936,1204819.277108434,11111.031746031746,16867.349397590366,16867.349397590366,1204819.277108434,0.9090909090909092,0.04,0.2057416267942584,1,43.52794
Nangate45,XORX1,XOR2_X1,B,Z,rise,40.9838,0.0126648,1.1,25.0,108.227,1.5135135135135138,2.52e-06,1.6649999999999995e-06,0,1,1,3.737283829590765,0.0125852721858001,396825.3968253968,600600.6006006007,5025.714285714285,7606.486486486488,5025.714285714285,396825.3968253968,0.9090909090909092,0.04,0.2043010752688172,1,92.83876
Nangate45,XORX1,XOR2_X1,B,Z,fall,17.1859,0.0063324,1.1,25.0,66.783,1.5135135135135138,2.52e-06,1.6649999999999995e-06,0,1,1,2.900646568553312,0.0063124345967383,396825.3968253968,600600.6006006007,2512.8571428571427,3803.243243243244,3803.243243243244,600600.6006006007,0.9090909090909092,0.04,0.2043010752688172,1,53.17768
Nangate45,XORX1,XOR2_X1,B,Z,fall,130.081,0.0126648,1.1,25.0,114.433,1.5135135135135138,2.52e-06,1.6649999999999995e-06,0,1,1,4.875815452730412,0.0125852721858001,396825.3968253968,600600.6006006007,5025.714285714285,7606.486486486488,7606.486486486488,600600.6006006007,0.9090909090909092,0.04,0.2043010752688172,1,81.989716
Nangate45,XORX1,XOR2_X1,A,Z,rise,78.0596,0.000365616,1.1,25.0,48.381,1.5135135135135138,2.52e-06,1.6649999999999995e-06,0,1,1,4.370201998407221,0.000365549178757,396825.3968253968,600600.6006006007,145.0857142857143,219.58918918918928,145.0857142857143,396825.3968253968,0.9090909090909092,0.04,0.2043010752688172,1,54.24793
Nangate45,XORX1,XOR2_X1,B,Z,fall,40.9838,0.0253296,1.1,25.0,102.692,1.5135135135135138,2.52e-06,1.6649999999999995e-06,0,1,1,3.737283829590765,0.0250141218763313,396825.3968253968,600600.6006006007,10051.42857142857,15212.972972972975,15212.972972972975,600600.6006006007,0.9090909090909092,0.04,0.2043010752688172,1,74.5978
Nangate45,NORX1,XNOR2_X1,B,ZN,rise,1.1737799999999998,0.0130081,1.1,25.0,86.07,1.5180722891566267,1.26e-06,8.299999999999999e-07,0,1,1,0.7764675876261998,0.0129242212859107,793650.7936507936,1204819.277108434,10323.88888888889,15672.409638554222,10323.88888888889,793650.7936507936,0.9090909090909092,0.04,0.2057416267942584,1,73.5675
Nangate45,NORX1,NOR4_X1,A1,ZN,rise,198.535,0.00111862,1.1,25.0,115.737,1.5180722891566267,1.26e-06,8.299999999999999e-07,0,1,1,5.295989659538859,0.001117994810837,793650.7936507936,1204819.277108434,887.7936507936508,1347.7349397590365,887.7936507936508,793650.7936507936,0.9090909090909092,0.04,0.2057416267942584,1,96.47046
Nangate45,NANDX1,NAND4_X1,A2,ZN,rise,40.9838,0.0559998,1.1,25.0,166.42100000000002,1.5180722891566267,1.26e-06,8.299999999999999e-07,0,1,1,3.737283829590765,0.0544879958901124,793650.7936507936,1204819.277108434,44444.28571428572,67469.63855421687,44444.28571428572,793650.7936507936,0.9090909090909092,0.04,0.2057416267942584,1,185.83345
Nangate45,NANDX1,NAND2_X1,A2,ZN,fall,1.1737799999999998,0.000365616,1.1,25.0,8.17145,1.5180722891566267,1.26e-06,8.299999999999999e-07,0,1,1,0.7764675876261998,0.000365549178757,793650.7936507936,1204819.277108434,290.1714285714286,440.5012048192772,440.5012048192772,1204819.277108434,0.9090909090909092,0.04,0.2057416267942584,1,15.478545
Nangate45,XORX1,XOR2_X1,A,Z,rise,4.72397,0.0015831,1.1,25.0,44.531,1.5135135135135138,2.52e-06,1.6649999999999995e-06,0,1,1,1.7446626205903233,0.0015818482181514,396825.3968253968,600600.6006006007,628.2142857142857,950.8108108108112,628.2142857142857,396825.3968253968,0.9090909090909092,0.04,0.2043010752688172,1,42.008045
Nangate45,INVX1,INV_X16,A,ZN,rise,198.535,0.121155,1.1,25.0,88.5518,1.5180722891566267,6.3e-07,4.1500000000000005e-07,1,1,1,5.295989659538859,0.1143594039340094,1587301.5873015872,2409638.554216868,192309.5238095238,291939.7590361446,192309.5238095238,1587301.5873015872,0.9090909090909092,0.04,0.2057416267942584,1,58.941475
Nangate45,NANDX1,NAND4_X1,A3,ZN,rise,130.081,0.00349999,1.1,25.0,67.6904,1.5180722891566267,1.26e-06,8.299999999999999e-07,0,1,1,4.875815452730412,0.0034938792891336,793650.7936507936,1204819.277108434,2777.769841269841,4216.855421686748,2777.769841269841,793650.7936507936,0.9090909090909092,0.04,0.2057416267942584,1,52.883472
Nangate45,INVX2,INV_X2,A,ZN,rise,4.72397,0.12146,1.1,25.0,152.93699999999998,1.5180722891566267,1.26e-06,8.299999999999999e-07,1,1,1,1.7446626205903233,0.1146314078240044,793650.7936507936,1204819.277108434,96396.82539682538,146337.34939759038,96396.82539682538,793650.7936507936,0.9090909090909092,0.04,0.2057416267942584,1,97.33582
Nangate45,INVX1,TINV_X1,I,ZN,rise,1.1737799999999998,0.002245113229,1.1,25.0,27.2899,1.5180722891566267,6.3e-07,4.1500000000000005e-07,1,1,1,0.7764675876261998,0.0022425967281435,1587301.5873015872,2409638.554216868,3563.6717920634924,5409.911395180725,3563.6717920634924,1587301.5873015872,0.9090909090909092,0.04,0.2057416267942584,1,11.384163
Nangate45,INVX2,INV_X2,A,ZN,fall,17.1859,0.030365,1.1,25.0,28.625,1.5180722891566267,1.26e-06,8.299999999999999e-07,1,1,1,2.900646568553312,0.0299131083997428,793650.7936507936,1204819.277108434,24099.206349206343,36584.3373493976,36584.3373493976,1204819.277108434,0.9090909090909092,0.04,0.2057416267942584,1,15.393101
Nangate45,NANDX1,NAND2_X1,A1,ZN,rise,1.1737799999999998,0.000365616,1.1,25.0,7.4307,1.5180722891566267,1.26e-06,8.299999999999999e-07,0,1,1,0.7764675876261998,0.000365549178757,793650.7936507936,1204819.277108434,290.1714285714286,440.5012048192772,290.1714285714286,793650.7936507936,0.9090909090909092,0.04,0.2057416267942584,1,23.779034
Nangate45,INVX1,INV_X16,A,ZN,fall,4.72397,0.24231,1.1,25.0,23.3094,1.5180722891566267,6.3e-07,4.1500000000000005e-07,1,1,1,1.7446626205903233,0.2169725497905428,1587301.5873015872,2409638.554216868,384619.0476190476,583879.5180722892,583879.5180722892,2409638.554216868,0.9090909090909092,0.04,0.2057416267942584,1,30.705263
Nangate45,INVX1,TINV_X1,I,ZN,fall,4.72397,0.001526164229,1.1,25.0,11.5975,1.5180722891566267,6.3e-07,4.1500000000000005e-07,1,1,1,1.7446626205903233,0.0015250008239207,1587301.5873015872,2409638.554216868,2422.482903174603,3677.5041662650606,3677.5041662650606,2409638.554216868,0.9090909090909092,0.04,0.2057416267942584,1,11.550463
Nangate45,NORX1,NOR3_X1,A3,ZN,rise,17.1859,0.00242029,1.1,25.0,57.826,1.5180722891566267,1.26e-06,8.299999999999999e-07,0,1,1,2.900646568553312,0.0024173658154572,793650.7936507936,1204819.277108434,1920.8650793650795,2916.012048192772,1920.8650793650795,793650.7936507936,0.9090909090909092,0.04,0.2057416267942584,1,59.35296
Nangate45,NORX1,NOR2_X1,A2,ZN,rise,130.081,0.000834466,1.1,25.0,54.5883,1.5180722891566267,1.26e-06,8.299999999999999e-07,0,1,1,4.875815452730412,0.0008341180268151,793650.7936507936,1204819.277108434,662.2746031746032,1005.3807228915664,662.2746031746032,793650.7936507936,0.9090909090909092,0.04,0.2057416267942584,1,70.36425
Nangate45,NORX1,XNOR2_X1,A,ZN,rise,130.081,0.00325202,1.1,25.0,79.834,1.5180722891566267,1.26e-06,8.299999999999999e-07,0,1,1,4.875815452730412,0.0032467436191291,793650.7936507936,1204819.277108434,2580.968253968254,3918.096385542169,2580.968253968254,793650.7936507936,0.9090909090909092,0.04,0.2057416267942584,1,75.770744
Nangate45,NANDX1,NAND4_X1,A1,ZN,fall,1.1737799999999998,0.00349999,1.1,25.0,27.7283,1.5180722891566267,1.26e-06,8.299999999999999e-07,0,1,1,0.7764675876261998,0.0034938792891336,793650.7936507936,1204819.277108434,2777.769841269841,4216.855421686748,4216.855421686748,1204819.277108434,0.9090909090909092,0.04,0.2057416267942584,1,20.92022
Nangate45,NANDX1,NAND3_X1,A3,ZN,fall,130.081,0.00729561,1.1,25.0,54.135200000000005,1.5180722891566267,1.26e-06,8.299999999999999e-07,0,1,1,4.875815452730412,0.0072691257717537,793650.7936507936,1204819.277108434,5790.166666666666,8789.891566265062,8789.891566265062,1204819.277108434,0.9090909090909092,0.04,0.2057416267942584,1,51.82869
Nangate45,NORX1,NOR3_X1,A1,ZN,rise,198.535,0.000365616,1.1,25.0,83.7937,1.5180722891566267,1.26e-06,8.299999999999999e-07,0,1,1,5.295989659538859,0.000365549178757,793650.7936507936,1204819.277108434,290.1714285714286,440.5012048192772,290.1714285714286,793650.7936507936,0.9090909090909092,0.04,0.2057416267942584,1,89.76305
Nangate45,NORX1,XNOR2_X1,A,ZN,rise,17.1859,0.00162601,1.1,25.0,40.173,1.5180722891566267,1.26e-06,8.299999999999999e-07,0,1,1,2.900646568553312,0.0016246894770018,793650.7936507936,1204819.277108434,1290.484126984127,1959.0481927710848,1290.484126984127,793650.7936507936,0.9090909090909092,0.04,0.2057416267942584,1,52.016106
Nangate45,XORX1,XOR2_X1,A,Z,fall,4.72397,0.0031662,1.1,25.0,50.977,1.5135135135135138,2.52e-06,1.6649999999999995e-06,0,1,1,1.7446626205903233,0.0031611981439168,396825.3968253968,600600.6006006007,1256.428571428571,1901.621621621622,1901.621621621622,600600.6006006007,0.9090909090909092,0.04,0.2043010752688172,1,35.58681
Nangate45,XORX1,XOR2_X1,A,Z,fall,130.081,0.0015831,1.1,25.0,19.074,1.5135135135135138,2.52e-06,1.6649999999999995e-06,0,1,1,4.875815452730412,0.0015818482181514,396825.3968253968,600600.6006006007,628.2142857142857,950.8108108108112,950.8108108108112,600600.6006006007,0.9090909090909092,0.04,0.2043010752688172,1,42.840214
Nangate45,NANDX1,NAND4_X1,A4,ZN,fall,130.081,0.00699997,1.1,25.0,63.25699999999999,1.5180722891566267,1.26e-06,8.299999999999999e-07,0,1,1,4.875815452730412,0.006975583944965,793650.7936507936,1204819.277108434,5555.531746031746,8433.698795180724,8433.698795180724,1204819.277108434,0.9090909090909092,0.04,0.2057416267942584,1,51.827053
Nangate45,NORX1,NOR2_X1,A1,ZN,fall,4.72397,0.0133515,1.1,25.0,21.4435,1.5180722891566267,1.26e-06,8.299999999999999e-07,0,1,1,1.7446626205903233,0.0132631542209015,793650.7936507936,1204819.277108434,10596.42857142857,16086.144578313257,16086.144578313257,1204819.277108434,0.9090909090909092,0.04,0.2057416267942584,1,39.266994
Nangate45,XORX1,XOR2_X1,A,Z,fall,40.9838,0.0063324,1.1,25.0,34.881,1.5135135135135138,2.52e-06,1.6649999999999995e-06,0,1,1,3.737283829590765,0.0063124345967383,396825.3968253968,600600.6006006007,2512.8571428571427,3803.243243243244,3803.243243243244,600600.6006006007,0.9090909090909092,0.04,0.2043010752688172,1,58.12021
Nangate45,NORX1,XNOR2_X1,A,ZN,fall,78.0596,0.0260162,1.1,25.0,116.282,1.5180722891566267,1.26e-06,8.299999999999999e-07,0,1,1,4.370201998407221,0.0256835360976095,793650.7936507936,1204819.277108434,20647.77777777778,31344.819277108443,31344.819277108443,1204819.277108434,0.9090909090909092,0.04,0.2057416267942584,1,80.61094
Nangate45,NANDX1,NAND2_X1,A2,ZN,fall,40.9838,0.0296783,1.1,25.0,82.4439,1.5180722891566267,1.26e-06,8.299999999999999e-07,0,1,1,3.737283829590765,0.0292464233592539,793650.7936507936,1204819.277108434,23554.20634920635,35756.987951807234,35756.987951807234,1204819.277108434,0.9090909090909092,0.04,0.2057416267942584,1,99.59167
Nangate45,NANDX1,NAND4_X1,A1,ZN,rise,40.9838,0.0559998,1.1,25.0,164.023,1.5180722891566267,1.26e-06,8.299999999999999e-07,0,1,1,3.737283829590765,0.0544879958901124,793650.7936507936,1204819.277108434,44444.28571428572,67469.63855421687,44444.28571428572,793650.7936507936,0.9090909090909092,0.04,0.2057416267942584,1,185.83345
Nangate45,NORX1,NOR4_X1,A3,ZN,fall,130.081,0.00195665,1.1,25.0,17.5108,1.5180722891566267,1.26e-06,8.299999999999999e-07,0,1,1,4.875815452730412,0.0019547382537281,793650.7936507936,1204819.277108434,1552.8968253968253,2357.409638554217,2357.409638554217,1204819.277108434,0.9090909090909092,0.04,0.2057416267942584,1,32.707245
Nangate45,INVX2,INV_X2,A,ZN,fall,4.72397,0.06073,1.1,25.0,41.5332,1.5180722891566267,1.26e-06,8.299999999999999e-07,1,1,1,1.7446626205903233,0.0589573503385265,793650.7936507936,1204819.277108434,48198.41269841269,73168.67469879519,73168.67469879519,1204819.277108434,0.9090909090909092,0.04,0.2057416267942584,1,46.64114
Nangate45,NORX1,XNOR2_X1,A,ZN,fall,130.081,0.000365616,1.1,25.0,10.812,1.5180722891566267,1.26e-06,8.299999999999999e-07,0,1,1,4.875815452730412,0.000365549178757,793650.7936507936,1204819.277108434,290.1714285714286,440.5012048192772,440.5012048192772,1204819.277108434,0.9090909090909092,0.04,0.2057416267942584,1,28.538008
Nangate45,INVX1,TINV_X1,I,ZN,fall,1.1737799999999998,0.002245113229,1.1,25.0,12.465,1.5180722891566267,6.3e-07,4.1500000000000005e-07,1,1,1,0.7764675876261998,0.0022425967281435,1587301.5873015872,2409638.554216868,3563.6717920634924,5409.911395180725,5409.911395180725,2409638.554216868,0.9090909090909092,0.04,0.2057416267942584,1,11.760572
Nangate45,NANDX1,NAND3_X1,A2,ZN,fall,198.535,0.0145912,1.1,25.0,106.742,1.5180722891566267,1.26e-06,8.299999999999999e-07,0,1,1,5.295989659538859,0.0144857727440233,793650.7936507936,1204819.277108434,11580.31746031746,17579.75903614458,17579.75903614458,1204819.277108434,0.9090909090909092,0.04,0.2057416267942584,1,92.729706
Nangate45,NORX1,NOR4_X1,A1,ZN,rise,198.535,0.00195665,1.1,25.0,127.685,1.5180722891566267,1.26e-06,8.299999999999999e-07,0,1,1,5.295989659538859,0.0019547382537281,793650.7936507936,1204819.277108434,1552.8968253968253,2357.409638554217,1552.8968253968253,793650.7936507936,0.9090909090909092,0.04,0.2057416267942584,1,92.98045
Nangate45,NANDX1,NAND4_X1,A1,ZN,fall,17.1859,0.0559998,1.1,25.0,234.48,1.5180722891566267,1.26e-06,8.299999999999999e-07,0,1,1,2.900646568553312,0.0544879958901124,793650.7936507936,1204819.277108434,44444.28571428572,67469.63855421687,67469.63855421687,1204819.277108434,0.9090909090909092,0.04,0.2057416267942584,1,158.4555
Nangate45,INVX1,INV_X16,A,ZN,rise,198.535,0.24231,1.1,25.0,123.179,1.5180722891566267,6.3e-07,4.1500000000000005e-07,1,1,1,5.295989659538859,0.2169725497905428,1587301.5873015872,2409638.554216868,384619.0476190476,583879.5180722892,384619.0476190476,1587301.5873015872,0.9090909090909092,0.04,0.2057416267942584,1,58.760647
Nangate45,NORX1,XNOR2_X1,A,ZN,fall,130.081,0.00325202,1.1,25.0,81.293,1.5180722891566267,1.26e-06,8.299999999999999e-07,0,1,1,4.875815452730412,0.0032467436191291,793650.7936507936,1204819.277108434,2580.968253968254,3918.096385542169,3918.096385542169,1204819.277108434,0.9090909090909092,0.04,0.2057416267942584,1,36.962208
Nangate45,INVX1,TINV_X1,EN,ZN,rise,40.9838,0.002245113229,1.1,25.0,28.821,1.5180722891566267,6.3e-07,4.1500000000000005e-07,1,1,1,3.737283829590765,0.0022425967281435,1587301.5873015872,2409638.554216868,3563.6717920634924,5409.911395180725,3563.6717920634924,1587301.5873015872,0.9090909090909092,0.04,0.2057416267942584,1,30.995789
Nangate45,NORX1,NOR4_X1,A4,ZN,fall,4.72397,0.00063952,1.1,25.0,7.57696,1.5180722891566267,1.26e-06,8.299999999999999e-07,0,1,1,1.7446626205903233,0.0006393155942278,793650.7936507936,1204819.277108434,507.5555555555555,770.5060240963857,770.5060240963857,1204819.277108434,0.9090909090909092,0.04,0.2057416267942584,1,9.666446
Nangate45,INVX2,INV_X2,A,ZN,rise,1.1737799999999998,0.030365,1.1,25.0,41.8874,1.5180722891566267,1.26e-06,8.299999999999999e-07,1,1,1,0.7764675876261998,0.0299131083997428,793650.7936507936,1204819.277108434,24099.206349206343,36584.3373493976,24099.206349206343,793650.7936507936,0.9090909090909092,0.04,0.2057416267942584,1,49.475014
Nangate45,NANDX1,NAND2_X1,A1,ZN,rise,40.9838,0.0593567,1.1,25.0,169.22,1.5180722891566267,1.26e-06,8.299999999999999e-07,0,1,1,3.737283829590765,0.0576618371011917,793650.7936507936,1204819.277108434,47108.492063492056,71514.09638554217,47108.492063492056,793650.7936507936,0.9090909090909092,0.04,0.2057416267942584,1,186.0069
Nangate45,XORX1,XOR2_X1,A,Z,fall,130.081,0.000365616,1.1,25.0,10.563,1.5135135135135138,2.52e-06,1.6649999999999995e-06,0,1,1,4.875815452730412,0.000365549178757,396825.3968253968,600600.6006006007,145.0857142857143,219.58918918918928,219.58918918918928,600600.6006006007,0.9090909090909092,0.04,0.2043010752688172,1,37.259438
Nangate45,NORX1,XNOR2_X1,B,ZN,fall,78.0596,0.0130081,1.1,25.0,65.43400000000001,1.5180722891566267,1.26e-06,8.299999999999999e-07,0,1,1,4.370201998407221,0.0129242212859107,793650.7936507936,1204819.277108434,10323.88888888889,15672.409638554222,15672.409638554222,1204819.277108434,0.9090909090909092,0.04,0.2057416267942584,1,37.809803
Nangate45,NANDX1,NAND4_X1,A1,ZN,rise,1.1737799999999998,0.00699997,1.1,25.0,26.4838,1.5180722891566267,1.26e-06,8.299999999999999e-07,0,1,1,0.7764675876261998,0.006975583944965,793650.7936507936,1204819.277108434,5555.531746031746,8433.698795180724,5555.531746031746,793650.7936507936,0.9090909090909092,0.04,0.2057416267942584,1,40.513645
Nangate45,NORX1,NOR3_X1,A3,ZN,rise,198.535,0.000365616,1.1,25.0,77.905,1.5180722891566267,1.26e-06,8.299999999999999e-07,0,1,1,5.295989659538859,0.000365549178757,793650.7936507936,1204819.277108434,290.1714285714286,440.5012048192772,290.1714285714286,793650.7936507936,0.9090909090909092,0.04,0.2057416267942584,1,89.76305
Nangate45,INVX1,INV_X16,A,ZN,fall,17.1859,0.969238,1.1,25.0,83.97290000000001,1.5180722891566267,6.3e-07,4.1500000000000005e-07,1,1,1,2.900646568553312,0.6776466658922388,1587301.5873015872,2409638.554216868,1538473.015873016,2335513.2530120485,2335513.2530120485,2409638.554216868,0.9090909090909092,0.04,0.2057416267942584,1,127.82895
Nangate45,NANDX1,NAND4_X1,A1,ZN,rise,78.0596,0.00699997,1.1,25.0,60.5236,1.5180722891566267,1.26e-06,8.299999999999999e-07,0,1,1,4.370201998407221,0.006975583944965,793650.7936507936,1204819.277108434,5555.531746031746,8433.698795180724,5555.531746031746,793650.7936507936,0.9090909090909092,0.04,0.2057416267942584,1,57.427628
Nangate45,NORX1,NOR4_X1,A1,ZN,rise,4.72397,0.00195665,1.1,25.0,47.4616,1.5180722891566267,1.26e-06,8.299999999999999e-07,0,1,1,1.7446626205903233,0.0019547382537281,793650.7936507936,1204819.277108434,1552.8968253968253,2357.409638554217,1552.8968253968253,793650.7936507936,0.9090909090909092,0.04,0.2057416267942584,1,36.16131
Nangate45,INVX1,INV_X16,A,ZN,rise,1.1737799999999998,0.121155,1.1,25.0,23.9077,1.5180722891566267,6.3e-07,4.1500000000000005e-07,1,1,1,0.7764675876261998,0.1143594039340094,1587301.5873015872,2409638.554216868,192309.5238095238,291939.7590361446,192309.5238095238,1587301.5873015872,0.9090909090909092,0.04,0.2057416267942584,1,120.10658
Nangate45,NORX1,NOR4_X1,A2,ZN,fall,1.1737799999999998,0.000365616,1.1,25.0,5.91621,1.5180722891566267,1.26e-06,8.299999999999999e-07,0,1,1,0.7764675876261998,0.000365549178757,793650.7936507936,1204819.277108434,290.1714285714286,440.5012048192772,440.5012048192772,1204819.277108434,0.9090909090909092,0.04,0.2057416267942584,1,10.347365
Nangate45,NORX1,NOR2_X1,A1,ZN,rise,198.535,0.0066757299999999,1.1,25.0,122.53,1.5180722891566267,1.26e-06,8.299999999999999e-07,0,1,1,5.295989659538859,0.0066535459893972,793650.7936507936,1204819.277108434,5298.198412698412,8043.048192771084,5298.198412698412,793650.7936507936,0.9090909090909092,0.04,0.2057416267942584,1,106.12862
Nangate45,NORX1,NOR4_X1,A2,ZN,rise,4.72397,0.00111862,1.1,25.0,56.605,1.5180722891566267,1.26e-06,8.299999999999999e-07,0,1,1,1.7446626205903233,0.001117994810837,793650.7936507936,1204819.277108434,887.7936507936508,1347.7349397590365,887.7936507936508,793650.7936507936,0.9090909090909092,0.04,0.2057416267942584,1,35.489895
Nangate45,INVX2,INV_X2,A,ZN,fall,78.0596,0.12146,1.1,25.0,111.149,1.5180722891566267,1.26e-06,8.299999999999999e-07,1,1,1,4.370201998407221,0.1146314078240044,793650.7936507936,1204819.277108434,96396.82539682538,146337.34939759038,146337.34939759038,1204819.277108434,0.9090909090909092,0.04,0.2057416267942584,1,100.34232
Nangate45,NORX1,XNOR2_X1,A,ZN,rise,1.1737799999999998,0.000365616,1.1,25.0,31.035,1.5180722891566267,1.26e-06,8.299999999999999e-07,0,1,1,0.7764675876261998,0.000365549178757,793650.7936507936,1204819.277108434,290.1714285714286,440.5012048192772,290.1714285714286,793650.7936507936,0.9090909090909092,0.04,0.2057416267942584,1,24.731148
Nangate45,NORX1,NOR3_X1,A1,ZN,fall,17.1859,0.00242029,1.1,25.0,12.471,1.5180722891566267,1.26e-06,8.299999999999999e-07,0,1,1,2.900646568553312,0.0024173658154572,793650.7936507936,1204819.277108434,1920.8650793650795,2916.012048192772,2916.012048192772,1204819.277108434,0.9090909090909092,0.04,0.2057416267942584,1,21.963741
Nangate45,NANDX1,NAND2_X1,A1,ZN,fall,1.1737799999999998,0.00741959,1.1,25.0,21.6539,1.5180722891566267,1.26e-06,8.299999999999999e-07,0,1,1,0.7764675876261998,0.0073922002392085,793650.7936507936,1204819.277108434,5888.563492063492,8939.265060240965,8939.265060240965,1204819.277108434,0.9090909090909092,0.04,0.2057416267942584,1,29.90102
Nangate45,NANDX1,NAND4_X1,A3,ZN,fall,198.535,0.00699997,1.1,25.0,80.52239999999999,1.5180722891566267,1.26e-06,8.299999999999999e-07,0,1,1,5.295989659538859,0.006975583944965,793650.7936507936,1204819.277108434,5555.531746031746,8433.698795180724,8433.698795180724,1204819.277108434,0.9090909090909092,0.04,0.2057416267942584,1,63.667725
Nangate45,NORX1,XNOR2_X1,A,ZN,rise,198.535,0.000365616,1.1,25.0,57.577000000000005,1.5180722891566267,1.26e-06,8.299999999999999e-07,0,1,1,5.295989659538859,0.000365549178757,793650.7936507936,1204819.277108434,290.1714285714286,440.5012048192772,290.1714285714286,793650.7936507936,0.9090909090909092,0.04,0.2057416267942584,1,89.76305
Nangate45,NANDX1,NAND3_X1,A3,ZN,fall,17.1859,0.0291825,1.1,25.0,104.02,1.5180722891566267,1.26e-06,8.299999999999999e-07,0,1,1,2.900646568553312,0.0287647977830285,793650.7936507936,1204819.277108434,23160.714285714286,35159.63855421687,35159.63855421687,1204819.277108434,0.9090909090909092,0.04,0.2057416267942584,1,75.21694
Nangate45,NORX1,NOR4_X1,A4,ZN,rise,78.0596,0.00598648,1.1,25.0,143.756,1.5180722891566267,1.26e-06,8.299999999999999e-07,0,1,1,4.370201998407221,0.0059686322234213,793650.7936507936,1204819.277108434,4751.174603174603,7212.626506024098,4751.174603174603,793650.7936507936,0.9090909090909092,0.04,0.2057416267942584,1,85.89062
Nangate45,NANDX1,NAND3_X1,A2,ZN,fall,78.0596,0.00729561,1.1,25.0,56.2927,1.5180722891566267,1.26e-06,8.299999999999999e-07,0,1,1,4.370201998407221,0.0072691257717537,793650.7936507936,1204819.277108434,5790.166666666666,8789.891566265062,8789.891566265062,1204819.277108434,0.9090909090909092,0.04,0.2057416267942584,1,40.836052
Nangate45,NANDX1,NAND2_X1,A2,ZN,fall,198.535,0.00741959,1.1,25.0,49.7697,1.5180722891566267,1.26e-06,8.299999999999999e-07,0,1,1,5.295989659538859,0.0073922002392085,793650.7936507936,1204819.277108434,5888.563492063492,8939.265060240965,8939.265060240965,1204819.277108434,0.9090909090909092,0.04,0.2057416267942584,1,69.67267
Nangate45,NORX1,XNOR2_X1,B,ZN,fall,78.0596,0.000365616,1.1,25.0,20.897,1.5180722891566267,1.26e-06,8.299999999999999e-07,0,1,1,4.370201998407221,0.000365549178757,793650.7936507936,1204819.277108434,290.1714285714286,440.5012048192772,440.5012048192772,1204819.277108434,0.9090909090909092,0.04,0.2057416267942584,1,0.3948721
Nangate45,NANDX1,NAND4_X1,A3,ZN,fall,4.72397,0.0559998,1.1,25.0,236.758,1.5180722891566267,1.26e-06,8.299999999999999e-07,0,1,1,1.7446626205903233,0.0544879958901124,793650.7936507936,1204819.277108434,44444.28571428572,67469.63855421687,67469.63855421687,1204819.277108434,0.9090909090909092,0.04,0.2057416267942584,1,149.7662
Nangate45,NORX1,NOR2_X1,A2,ZN,fall,130.081,0.00333786,1.1,25.0,18.7413,1.5180722891566267,1.26e-06,8.299999999999999e-07,0,1,1,4.875815452730412,0.0033323017104042,793650.7936507936,1204819.277108434,2649.095238095238,4021.518072289157,4021.518072289157,1204819.277108434,0.9090909090909092,0.04,0.2057416267942584,1,36.94985
Nangate45,NORX1,XNOR2_X1,B,ZN,rise,17.1859,0.0260162,1.1,25.0,159.042,1.5180722891566267,1.26e-06,8.299999999999999e-07,0,1,1,2.900646568553312,0.0256835360976095,793650.7936507936,1204819.277108434,20647.77777777778,31344.819277108443,20647.77777777778,793650.7936507936,0.9090909090909092,0.04,0.2057416267942584,1,150.16074
Nangate45,NANDX1,NAND3_X1,A1,ZN,fall,17.1859,0.00364781,1.1,25.0,26.103,1.5180722891566267,1.26e-06,8.299999999999999e-07,0,1,1,2.900646568553312,0.0036411728768477,793650.7936507936,1204819.277108434,2895.0873015873017,4394.951807228917,4394.951807228917,1204819.277108434,0.9090909090909092,0.04,0.2057416267942584,1,16.966194
Nangate45,XORX1,XOR2_X1,A,Z,fall,1.1737799999999998,0.00079155,1.1,25.0,45.728,1.5135135135135138,2.52e-06,1.6649999999999995e-06,0,1,1,0.7764675876261998,0.0007912368895162,396825.3968253968,600600.6006006007,314.10714285714283,475.40540540540553,475.40540540540553,600600.6006006007,0.9090909090909092,0.04,0.2043010752688172,1,18.386026
Nangate45,XORX1,XOR2_X1,A,Z,rise,1.1737799999999998,0.00079155,1.1,25.0,18.96,1.5135135135135138,2.52e-06,1.6649999999999995e-06,0,1,1,0.7764675876261998,0.0007912368895162,396825.3968253968,600600.6006006007,314.10714285714283,475.40540540540553,314.10714285714283,396825.3968253968,0.9090909090909092,0.04,0.2043010752688172,1,24.84698
Nangate45,NANDX1,NAND3_X1,A3,ZN,fall,4.72397,0.0583649,1.1,25.0,187.142,1.5180722891566267,1.26e-06,8.299999999999999e-07,0,1,1,1.7446626205903233,0.0567251700033895,793650.7936507936,1204819.277108434,46321.3492063492,70319.15662650602,70319.15662650602,1204819.277108434,0.9090909090909092,0.04,0.2057416267942584,1,149.74355
Nangate45,NORX1,XNOR2_X1,B,ZN,rise,1.1737799999999998,0.000365616,1.1,25.0,21.737,1.5180722891566267,1.26e-06,8.299999999999999e-07,0,1,1,0.7764675876261998,0.000365549178757,793650.7936507936,1204819.277108434,290.1714285714286,440.5012048192772,290.1714285714286,793650.7936507936,0.9090909090909092,0.04,0.2057416267942584,1,24.731148
Nangate45,NORX1,NOR4_X1,A1,ZN,fall,40.9838,0.00111862,1.1,25.0,12.1434,1.5180722891566267,1.26e-06,8.299999999999999e-07,0,1,1,3.737283829590765,0.001117994810837,793650.7936507936,1204819.277108434,887.7936507936508,1347.7349397590365,1347.7349397590365,1204819.277108434,0.9090909090909092,0.04,0.2057416267942584,1,14.89527
Nangate45,NORX1,NOR3_X1,A2,ZN,rise,40.9838,0.00454444,1.1,25.0,79.0086,1.5180722891566267,1.26e-06,8.299999999999999e-07,0,1,1,3.737283829590765,0.0045341452101301,793650.7936507936,1204819.277108434,3606.698412698413,5475.228915662652,3606.698412698413,793650.7936507936,0.9090909090909092,0.04,0.2057416267942584,1,75.06082
Nangate45,NANDX1,NAND4_X1,A1,ZN,fall,4.72397,0.0559998,1.1,25.0,230.241,1.5180722891566267,1.26e-06,8.299999999999999e-07,0,1,1,1.7446626205903233,0.0544879958901124,793650.7936507936,1204819.277108434,44444.28571428572,67469.63855421687,67469.63855421687,1204819.277108434,0.9090909090909092,0.04,0.2057416267942584,1,149.7662
Nangate45,NORX1,NOR4_X1,A3,ZN,fall,130.081,0.00598648,1.1,25.0,33.079,1.5180722891566267,1.26e-06,8.299999999999999e-07,0,1,1,4.875815452730412,0.0059686322234213,793650.7936507936,1204819.277108434,4751.174603174603,7212.626506024098,7212.626506024098,1204819.277108434,0.9090909090909092,0.04,0.2057416267942584,1,57.94027
Nangate45,NORX1,XNOR2_X1,B,ZN,rise,17.1859,0.00325202,1.1,25.0,44.716,1.5180722891566267,1.26e-06,8.299999999999999e-07,0,1,1,2.900646568553312,0.0032467436191291,793650.7936507936,1204819.277108434,2580.968253968254,3918.096385542169,2580.968253968254,793650.7936507936,0.9090909090909092,0.04,0.2057416267942584,1,56.44006
Nangate45,INVX1,TINV_X1,EN,ZN,fall,198.535,0.02342024323,1.1,25.0,123.838,1.5180722891566267,6.3e-07,4.1500000000000005e-07,1,1,1,5.295989659538859,0.0231501975625825,1587301.5873015872,2409638.554216868,37174.989253968255,56434.32103614459,56434.32103614459,2409638.554216868,0.9090909090909092,0.04,0.2057416267942584,1,86.01911
Nangate45,NANDX1,NAND4_X1,A3,ZN,rise,198.535,0.00349999,1.1,25.0,81.0129,1.5180722891566267,1.26e-06,8.299999999999999e-07,0,1,1,5.295989659538859,0.0034938792891336,793650.7936507936,1204819.277108434,2777.769841269841,4216.855421686748,2777.769841269841,793650.7936507936,0.9090909090909092,0.04,0.2057416267942584,1,66.90829
Nangate45,INVX1,INV_X16,A,ZN,fall,1.1737799999999998,0.969238,1.1,25.0,77.0401,1.5180722891566267,6.3e-07,4.1500000000000005e-07,1,1,1,0.7764675876261998,0.6776466658922388,1587301.5873015872,2409638.554216868,1538473.015873016,2335513.2530120485,2335513.2530120485,2409638.554216868,0.9090909090909092,0.04,0.2057416267942584,1,127.155785
Nangate45,NANDX1,NAND4_X1,A1,ZN,fall,17.1859,0.00699997,1.1,25.0,46.4169,1.5180722891566267,1.26e-06,8.299999999999999e-07,0,1,1,2.900646568553312,0.006975583944965,793650.7936507936,1204819.277108434,5555.531746031746,8433.698795180724,8433.698795180724,1204819.277108434,0.9090909090909092,0.04,0.2057416267942584,1,25.166143
Nangate45,NANDX1,NAND4_X1,A4,ZN,fall,4.72397,0.0559998,1.1,25.0,237.84,1.5180722891566267,1.26e-06,8.299999999999999e-07,0,1,1,1.7446626205903233,0.0544879958901124,793650.7936507936,1204819.277108434,44444.28571428572,67469.63855421687,67469.63855421687,1204819.277108434,0.9090909090909092,0.04,0.2057416267942584,1,150.22035
Nangate45,XORX1,XOR2_X1,A,Z,rise,4.72397,0.0253296,1.1,25.0,145.05499999999998,1.5135135135135138,2.52e-06,1.6649999999999995e-06,0,1,1,1.7446626205903233,0.0250141218763313,396825.3968253968,600600.6006006007,10051.42857142857,15212.972972972975,10051.42857142857,396825.3968253968,0.9090909090909092,0.04,0.2043010752688172,1,84.40135
Nangate45,NANDX1,NAND3_X1,A2,ZN,rise,198.535,0.00364781,1.1,25.0,73.9267,1.5180722891566267,1.26e-06,8.299999999999999e-07,0,1,1,5.295989659538859,0.0036411728768477,793650.7936507936,1204819.277108434,2895.0873015873017,4394.951807228917,2895.0873015873017,793650.7936507936,0.9090909090909092,0.04,0.2057416267942584,1,66.90836
Nangate45,NANDX1,NAND2_X1,A1,ZN,fall,4.72397,0.00741959,1.1,25.0,22.9509,1.5180722891566267,1.26e-06,8.299999999999999e-07,0,1,1,1.7446626205903233,0.0073922002392085,793650.7936507936,1204819.277108434,5888.563492063492,8939.265060240965,8939.265060240965,1204819.277108434,0.9090909090909092,0.04,0.2057416267942584,1,32.760742
Nangate45,INVX1,INV_X16,A,ZN,fall,130.081,0.121155,1.1,25.0,30.0458,1.5180722891566267,6.3e-07,4.1500000000000005e-07,1,1,1,4.875815452730412,0.1143594039340094,1587301.5873015872,2409638.554216868,192309.5238095238,291939.7590361446,291939.7590361446,2409638.554216868,0.9090909090909092,0.04,0.2057416267942584,1,53.966637
Nangate45,NORX1,NOR4_X1,A2,ZN,fall,4.72397,0.00111862,1.1,25.0,8.53773,1.5180722891566267,1.26e-06,8.299999999999999e-07,0,1,1,1.7446626205903233,0.001117994810837,793650.7936507936,1204819.277108434,887.7936507936508,1347.7349397590365,1347.7349397590365,1204819.277108434,0.9090909090909092,0.04,0.2057416267942584,1,9.798234
Nangate45,NORX1,XNOR2_X1,A,ZN,fall,4.72397,0.0130081,1.1,25.0,35.645999999999994,1.5180722891566267,1.26e-06,8.299999999999999e-07,0,1,1,1.7446626205903233,0.0129242212859107,793650.7936507936,1204819.277108434,10323.88888888889,15672.409638554222,15672.409638554222,1204819.277108434,0.9090909090909092,0.04,0.2057416267942584,1,28.204834
Nangate45,NANDX1,NAND3_X1,A2,ZN,fall,40.9838,0.00729561,1.1,25.0,47.0653,1.5180722891566267,1.26e-06,8.299999999999999e-07,0,1,1,3.737283829590765,0.0072691257717537,793650.7936507936,1204819.277108434,5790.166666666666,8789.891566265062,8789.891566265062,1204819.277108434,0.9090909090909092,0.04,0.2057416267942584,1,33.2354
Nangate45,XORX1,XOR2_X1,B,Z,fall,1.1737799999999998,0.0126648,1.1,25.0,34.811,1.5135135135135138,2.52e-06,1.6649999999999995e-06,0,1,1,0.7764675876261998,0.0125852721858001,396825.3968253968,600600.6006006007,5025.714285714285,7606.486486486488,7606.486486486488,600600.6006006007,0.9090909090909092,0.04,0.2043010752688172,1,48.780277
Nangate45,NORX1,NOR4_X1,A2,ZN,fall,40.9838,0.00598648,1.1,25.0,26.7447,1.5180722891566267,1.26e-06,8.299999999999999e-07,0,1,1,3.737283829590765,0.0059686322234213,793650.7936507936,1204819.277108434,4751.174603174603,7212.626506024098,7212.626506024098,1204819.277108434,0.9090909090909092,0.04,0.2057416267942584,1,23.319244
Nangate45,XORX1,XOR2_X1,A,Z,rise,17.1859,0.00079155,1.1,25.0,44.271,1.5135135135135138,2.52e-06,1.6649999999999995e-06,0,1,1,2.900646568553312,0.0007912368895162,396825.3968253968,600600.6006006007,314.10714285714283,475.40540540540553,314.10714285714283,396825.3968253968,0.9090909090909092,0.04,0.2043010752688172,1,36.59241
Nangate45,NORX1,XNOR2_X1,B,ZN,fall,40.9838,0.0260162,1.1,25.0,105.869,1.5180722891566267,1.26e-06,8.299999999999999e-07,0,1,1,3.737283829590765,0.0256835360976095,793650.7936507936,1204819.277108434,20647.77777777778,31344.819277108443,31344.819277108443,1204819.277108434,0.9090909090909092,0.04,0.2057416267942584,1,66.336296
Nangate45,XORX1,XOR2_X1,A,Z,rise,40.9838,0.0031662,1.1,25.0,48.66,1.5135135135135138,2.52e-06,1.6649999999999995e-06,0,1,1,3.737283829590765,0.0031611981439168,396825.3968253968,600600.6006006007,1256.428571428571,1901.621621621622,1256.428571428571,396825.3968253968,0.9090909090909092,0.04,0.2043010752688172,1,67.46562
Nangate45,XORX1,XOR2_X1,B,Z,rise,130.081,0.0031662,1.1,25.0,65.80900000000001,1.5135135135135138,2.52e-06,1.6649999999999995e-06,0,1,1,4.875815452730412,0.0031611981439168,396825.3968253968,600600.6006006007,1256.428571428571,1901.621621621622,1256.428571428571,396825.3968253968,0.9090909090909092,0.04,0.2043010752688172,1,88.15528
Nangate45,NANDX1,NAND4_X1,A2,ZN,fall,1.1737799999999998,0.0139999,1.1,25.0,71.9907,1.5180722891566267,1.26e-06,8.299999999999999e-07,0,1,1,0.7764675876261998,0.0139028065496571,793650.7936507936,1204819.277108434,11111.031746031746,16867.349397590366,16867.349397590366,1204819.277108434,0.9090909090909092,0.04,0.2057416267942584,1,48.33852
Nangate45,NORX1,NOR3_X1,A3,ZN,fall,198.535,0.00853286,1.1,25.0,39.343,1.5180722891566267,1.26e-06,8.299999999999999e-07,0,1,1,5.295989659538859,0.0084966609254384,793650.7936507936,1204819.277108434,6772.11111111111,10280.554216867473,10280.554216867473,1204819.277108434,0.9090909090909092,0.04,0.2057416267942584,1,63.229427
Nangate45,NANDX1,NAND2_X1,A2,ZN,fall,4.72397,0.00741959,1.1,25.0,24.3197,1.5180722891566267,1.26e-06,8.299999999999999e-07,0,1,1,1.7446626205903233,0.0073922002392085,793650.7936507936,1204819.277108434,5888.563492063492,8939.265060240965,8939.265060240965,1204819.277108434,0.9090909090909092,0.04,0.2057416267942584,1,18.005358
Nangate45,NANDX1,NAND3_X1,A2,ZN,rise,130.081,0.000365616,1.1,25.0,42.8712,1.5180722891566267,1.26e-06,8.299999999999999e-07,0,1,1,4.875815452730412,0.000365549178757,793650.7936507936,1204819.277108434,290.1714285714286,440.5012048192772,290.1714285714286,793650.7936507936,0.9090909090909092,0.04,0.2057416267942584,1,45.144543
Nangate45,NORX1,NOR2_X1,A1,ZN,fall,4.72397,0.00166893,1.1,25.0,7.173019999999999,1.5180722891566267,1.26e-06,8.299999999999999e-07,0,1,1,1.7446626205903233,0.001667538883896,793650.7936507936,1204819.277108434,1324.547619047619,2010.7590361445789,2010.7590361445789,1204819.277108434,0.9090909090909092,0.04,0.2057416267942584,1,10.909965
Nangate45,NORX1,XNOR2_X1,A,ZN,rise,17.1859,0.00650405,1.1,25.0,54.747,1.5180722891566267,1.26e-06,8.299999999999999e-07,0,1,1,2.900646568553312,0.0064829899346209,793650.7936507936,1204819.277108434,5161.944444444445,7836.204819277111,5161.944444444445,793650.7936507936,0.9090909090909092,0.04,0.2057416267942584,1,68.69622
Nangate45,NORX1,NOR4_X1,A2,ZN,fall,78.0596,0.00111862,1.1,25.0,14.5562,1.5180722891566267,1.26e-06,8.299999999999999e-07,0,1,1,4.370201998407221,0.001117994810837,793650.7936507936,1204819.277108434,887.7936507936508,1347.7349397590365,1347.7349397590365,1204819.277108434,0.9090909090909092,0.04,0.2057416267942584,1,17.943235
Nangate45,NORX1,NOR3_X1,A1,ZN,fall,1.1737799999999998,0.00242029,1.1,25.0,6.86944,1.5180722891566267,1.26e-06,8.299999999999999e-07,0,1,1,0.7764675876261998,0.0024173658154572,793650.7936507936,1204819.277108434,1920.8650793650795,2916.012048192772,2916.012048192772,1204819.277108434,0.9090909090909092,0.04,0.2057416267942584,1,14.553787
Nangate45,XORX1,XOR2_X1,B,Z,rise,17.1859,0.0126648,1.1,25.0,90.252,1.5135135135135138,2.52e-06,1.6649999999999995e-06,0,1,1,2.900646568553312,0.0125852721858001,396825.3968253968,600600.6006006007,5025.714285714285,7606.486486486488,5025.714285714285,396825.3968253968,0.9090909090909092,0.04,0.2043010752688172,1,83.52492
Nangate45,XORX1,XOR2_X1,A,Z,rise,17.1859,0.0015831,1.1,25.0,48.296,1.5135135135135138,2.52e-06,1.6649999999999995e-06,0,1,1,2.900646568553312,0.0015818482181514,396825.3968253968,600600.6006006007,628.2142857142857,950.8108108108112,628.2142857142857,396825.3968253968,0.9090909090909092,0.04,0.2043010752688172,1,47.437523
Nangate45,NANDX1,NAND3_X1,A1,ZN,fall,17.1859,0.000365616,1.1,25.0,15.7475,1.5180722891566267,1.26e-06,8.299999999999999e-07,0,1,1,2.900646568553312,0.000365549178757,793650.7936507936,1204819.277108434,290.1714285714286,440.5012048192772,440.5012048192772,1204819.277108434,0.9090909090909092,0.04,0.2057416267942584,1,12.859067
Nangate45,XORX1,XOR2_X1,A,Z,rise,130.081,0.0015831,1.1,25.0,65.655,1.5135135135135138,2.52e-06,1.6649999999999995e-06,0,1,1,4.875815452730412,0.0015818482181514,396825.3968253968,600600.6006006007,628.2142857142857,950.8108108108112,628.2142857142857,396825.3968253968,0.9090909090909092,0.04,0.2043010752688172,1,69.431526
Nangate45,XORX1,XOR2_X1,A,Z,rise,1.1737799999999998,0.0126648,1.1,25.0,79.697,1.5135135135135138,2.52e-06,1.6649999999999995e-06,0,1,1,0.7764675876261998,0.0125852721858001,396825.3968253968,600600.6006006007,5025.714285714285,7606.486486486488,5025.714285714285,396825.3968253968,0.9090909090909092,0.04,0.2043010752688172,1,67.387985
Nangate45,NANDX1,NAND4_X1,A2,ZN,rise,40.9838,0.000365616,1.1,25.0,28.8575,1.5180722891566267,1.26e-06,8.299999999999999e-07,0,1,1,3.737283829590765,0.000365549178757,793650.7936507936,1204819.277108434,290.1714285714286,440.5012048192772,290.1714285714286,793650.7936507936,0.9090909090909092,0.04,0.2057416267942584,1,29.104277
Nangate45,INVX1,INV_X16,A,ZN,fall,40.9838,0.0302886999999999,1.1,25.0,11.2077,1.5180722891566267,6.3e-07,4.1500000000000005e-07,1,1,1,3.737283829590765,0.0298390542294231,1587301.5873015872,2409638.554216868,48077.30158730158,72984.81927710844,72984.81927710844,2409638.554216868,0.9090909090909092,0.04,0.2057416267942584,1,57.98582
Nangate45,NORX1,XNOR2_X1,B,ZN,rise,130.081,0.000365616,1.1,25.0,51.951,1.5180722891566267,1.26e-06,8.299999999999999e-07,0,1,1,4.875815452730412,0.000365549178757,793650.7936507936,1204819.277108434,290.1714285714286,440.5012048192772,290.1714285714286,793650.7936507936,0.9090909090909092,0.04,0.2057416267942584,1,61.844433
Nangate45,NORX1,XNOR2_X1,A,ZN,rise,130.081,0.000813006,1.1,25.0,55.707,1.5180722891566267,1.26e-06,8.299999999999999e-07,0,1,1,4.875815452730412,0.0008126756896393,793650.7936507936,1204819.277108434,645.2428571428571,979.5253012048196,645.2428571428571,793650.7936507936,0.9090909090909092,0.04,0.2057416267942584,1,70.36098
Nangate45,XORX1,XOR2_X1,A,Z,fall,1.1737799999999998,0.0253296,1.1,25.0,59.821,1.5135135135135138,2.52e-06,1.6649999999999995e-06,0,1,1,0.7764675876261998,0.0250141218763313,396825.3968253968,600600.6006006007,10051.42857142857,15212.972972972975,15212.972972972975,600600.6006006007,0.9090909090909092,0.04,0.2043010752688172,1,55.010693
Nangate45,NANDX1,NAND2_X1,A1,ZN,fall,17.1859,0.00370979,1.1,25.0,20.1499,1.5180722891566267,1.26e-06,8.299999999999999e-07,0,1,1,2.900646568553312,0.0037029257005795,793650.7936507936,1204819.277108434,2944.277777777778,4469.626506024097,4469.626506024097,1204819.277108434,0.9090909090909092,0.04,0.2057416267942584,1,18.059341
Nangate45,NANDX1,NAND4_X1,A2,ZN,rise,1.1737799999999998,0.0279999,1.1,25.0,79.34479999999999,1.5180722891566267,1.26e-06,8.299999999999999e-07,0,1,1,0.7764675876261998,0.027615069756704,793650.7936507936,1204819.277108434,22222.14285714286,33734.81927710844,22222.14285714286,793650.7936507936,0.9090909090909092,0.04,0.2057416267942584,1,89.00994
Nangate45,INVX1,INV_X16,A,ZN,rise,17.1859,0.0605773999999999,1.1,25.0,22.6835,1.5180722891566267,6.3e-07,4.1500000000000005e-07,1,1,1,2.900646568553312,0.0588134768006666,1587301.5873015872,2409638.554216868,96154.60317460317,145969.6385542169,96154.60317460317,1587301.5873015872,0.9090909090909092,0.04,0.2057416267942584,1,133.5068
Nangate45,NANDX1,NAND3_X1,A2,ZN,rise,78.0596,0.00729561,1.1,25.0,63.1972,1.5180722891566267,1.26e-06,8.299999999999999e-07,0,1,1,4.370201998407221,0.0072691257717537,793650.7936507936,1204819.277108434,5790.166666666666,8789.891566265062,5790.166666666666,793650.7936507936,0.9090909090909092,0.04,0.2057416267942584,1,57.427696
Nangate45,NORX1,NOR3_X1,A2,ZN,rise,4.72397,0.0160217,1.1,25.0,156.224,1.5180722891566267,1.26e-06,8.299999999999999e-07,0,1,1,1.7446626205903233,0.0158947071959221,793650.7936507936,1204819.277108434,12715.63492063492,19303.253012048197,12715.63492063492,793650.7936507936,0.9090909090909092,0.04,0.2057416267942584,1,145.0881
Nangate45,INVX1,TINV_X1,I,ZN,rise,1.1737799999999998,0.001164659229,1.1,25.0,20.6682,1.5180722891566267,6.3e-07,4.1500000000000005e-07,1,1,1,0.7764675876261998,0.0011639815395739,1587301.5873015872,2409638.554216868,1848.6654428571424,2806.407780722892,1848.6654428571424,1587301.5873015872,0.9090909090909092,0.04,0.2057416267942584,1,9.375388
Nangate45,NORX1,NOR3_X1,A2,ZN,fall,4.72397,0.001289,1.1,25.0,8.06217,1.5180722891566267,1.26e-06,8.299999999999999e-07,0,1,1,1.7446626205903233,0.0012881699527107,793650.7936507936,1204819.277108434,1023.015873015873,1553.012048192771,1553.012048192771,1204819.277108434,0.9090909090909092,0.04,0.2057416267942584,1,11.886918
Nangate45,NORX1,XNOR2_X1,A,ZN,fall,4.72397,0.000365616,1.1,25.0,32.184999999999995,1.5180722891566267,1.26e-06,8.299999999999999e-07,0,1,1,1.7446626205903233,0.000365549178757,793650.7936507936,1204819.277108434,290.1714285714286,440.5012048192772,440.5012048192772,1204819.277108434,0.9090909090909092,0.04,0.2057416267942584,1,5.660743
Nangate45,NORX1,NOR4_X1,A2,ZN,rise,40.9838,0.00342249,1.1,25.0,93.4017,1.5180722891566267,1.26e-06,8.299999999999999e-07,0,1,1,3.737283829590765,0.0034166466099336,793650.7936507936,1204819.277108434,2716.2619047619046,4123.481927710844,2716.2619047619046,793650.7936507936,0.9090909090909092,0.04,0.2057416267942584,1,60.975204
Nangate45,NORX1,NOR4_X1,A2,ZN,rise,40.9838,0.0104713,1.1,25.0,168.889,1.5180722891566267,1.26e-06,8.299999999999999e-07,0,1,1,3.737283829590765,0.010416855676904,793650.7936507936,1204819.277108434,8310.555555555555,12616.024096385545,8310.555555555555,793650.7936507936,0.9090909090909092,0.04,0.2057416267942584,1,120.75519
Nangate45,INVX1,INV_X1,A,ZN,fall,4.72397,0.00189781,1.1,25.0,6.78237,1.5180722891566267,6.3e-07,4.1500000000000005e-07,1,1,1,1.7446626205903233,0.0018960114338003,1587301.5873015872,2409638.554216868,3012.396825396825,4573.036144578314,4573.036144578314,2409638.554216868,0.9090909090909092,0.04,0.2057416267942584,1,11.49802
Nangate45,NORX1,NOR2_X1,A1,ZN,fall,1.1737799999999998,0.00333786,1.1,25.0,7.67508,1.5180722891566267,1.26e-06,8.299999999999999e-07,0,1,1,0.7764675876261998,0.0033323017104042,793650.7936507936,1204819.277108434,2649.095238095238,4021.518072289157,4021.518072289157,1204819.277108434,0.9090909090909092,0.04,0.2057416267942584,1,17.210442
Nangate45,NANDX1,NAND4_X1,A1,ZN,rise,78.0596,0.0279999,1.1,25.0,116.475,1.5180722891566267,1.26e-06,8.299999999999999e-07,0,1,1,4.370201998407221,0.027615069756704,793650.7936507936,1204819.277108434,22222.14285714286,33734.81927710844,22222.14285714286,793650.7936507936,0.9090909090909092,0.04,0.2057416267942584,1,132.11688
Nangate45,XORX1,XOR2_X1,A,Z,rise,130.081,0.0253296,1.1,25.0,202.091,1.5135135135135138,2.52e-06,1.6649999999999995e-06,0,1,1,4.875815452730412,0.0250141218763313,396825.3968253968,600600.6006006007,10051.42857142857,15212.972972972975,10051.42857142857,396825.3968253968,0.9090909090909092,0.04,0.2043010752688172,1,124.931526
Nangate45,NANDX1,NAND3_X1,A1,ZN,fall,78.0596,0.000365616,1.1,25.0,21.8025,1.5180722891566267,1.26e-06,8.299999999999999e-07,0,1,1,4.370201998407221,0.000365549178757,793650.7936507936,1204819.277108434,290.1714285714286,440.5012048192772,440.5012048192772,1204819.277108434,0.9090909090909092,0.04,0.2057416267942584,1,23.984213
Nangate45,INVX1,TINV_X1,EN,ZN,rise,40.9838,0.001526164229,1.1,25.0,20.962,1.5180722891566267,6.3e-07,4.1500000000000005e-07,1,1,1,3.737283829590765,0.0015250008239207,1587301.5873015872,2409638.554216868,2422.482903174603,3677.5041662650606,2422.482903174603,1587301.5873015872,0.9090909090909092,0.04,0.2057416267942584,1,26.71862
Nangate45,INVX1,INV_X16,A,ZN,rise,130.081,0.0605773999999999,1.1,25.0,54.2339,1.5180722891566267,6.3e-07,4.1500000000000005e-07,1,1,1,4.875815452730412,0.0588134768006666,1587301.5873015872,2409638.554216868,96154.60317460317,145969.6385542169,96154.60317460317,1587301.5873015872,0.9090909090909092,0.04,0.2057416267942584,1,112.46362
Nangate45,NORX1,XNOR2_X1,B,ZN,fall,198.535,0.00650405,1.1,25.0,53.572,1.5180722891566267,1.26e-06,8.299999999999999e-07,0,1,1,5.295989659538859,0.0064829899346209,793650.7936507936,1204819.277108434,5161.944444444445,7836.204819277111,7836.204819277111,1204819.277108434,0.9090909090909092,0.04,0.2057416267942584,1,57.16709
Nangate45,XORX1,XOR2_X1,B,Z,rise,4.72397,0.0253296,1.1,25.0,149.49,1.5135135135135138,2.52e-06,1.6649999999999995e-06,0,1,1,1.7446626205903233,0.0250141218763313,396825.3968253968,600600.6006006007,10051.42857142857,15212.972972972975,10051.42857142857,396825.3968253968,0.9090909090909092,0.04,0.2043010752688172,1,84.40135
Nangate45,NORX1,NOR3_X1,A1,ZN,fall,130.081,0.0160217,1.1,25.0,54.4133,1.5180722891566267,1.26e-06,8.299999999999999e-07,0,1,1,4.875815452730412,0.0158947071959221,793650.7936507936,1204819.277108434,12715.63492063492,19303.253012048197,19303.253012048197,1204819.277108434,0.9090909090909092,0.04,0.2057416267942584,1,86.95563
Nangate45,NORX1,NOR3_X1,A3,ZN,fall,78.0596,0.00242029,1.1,25.0,19.9647,1.5180722891566267,1.26e-06,8.299999999999999e-07,0,1,1,4.370201998407221,0.0024173658154572,793650.7936507936,1204819.277108434,1920.8650793650795,2916.012048192772,2916.012048192772,1204819.277108434,0.9090909090909092,0.04,0.2057416267942584,1,32.42429
Nangate45,NORX1,NOR2_X1,A1,ZN,fall,40.9838,0.0066757299999999,1.1,25.0,24.0229,1.5180722891566267,1.26e-06,8.299999999999999e-07,0,1,1,3.737283829590765,0.0066535459893972,793650.7936507936,1204819.277108434,5298.198412698412,8043.048192771084,8043.048192771084,1204819.277108434,0.9090909090909092,0.04,0.2057416267942584,1,24.574205
Nangate45,NORX1,XNOR2_X1,B,ZN,rise,1.1737799999999998,0.00162601,1.1,25.0,28.296000000000003,1.5180722891566267,1.26e-06,8.299999999999999e-07,0,1,1,0.7764675876261998,0.0016246894770018,793650.7936507936,1204819.277108434,1290.484126984127,1959.0481927710848,1290.484126984127,793650.7936507936,0.9090909090909092,0.04,0.2057416267942584,1,40.313877
Nangate45,XORX1,XOR2_X1,A,Z,fall,130.081,0.0126648,1.1,25.0,69.09,1.5135135135135138,2.52e-06,1.6649999999999995e-06,0,1,1,4.875815452730412,0.0125852721858001,396825.3968253968,600600.6006006007,5025.714285714285,7606.486486486488,7606.486486486488,600600.6006006007,0.9090909090909092,0.04,0.2043010752688172,1,81.989716
Nangate45,NANDX1,NAND4_X1,A3,ZN,fall,40.9838,0.00699997,1.1,25.0,57.4712,1.5180722891566267,1.26e-06,8.299999999999999e-07,0,1,1,3.737283829590765,0.006975583944965,793650.7936507936,1204819.277108434,5555.531746031746,8433.698795180724,8433.698795180724,1204819.277108434,0.9090909090909092,0.04,0.2057416267942584,1,33.23393
Nangate45,NORX1,NOR3_X1,A3,ZN,rise,17.1859,0.00853286,1.1,25.0,106.177,1.5180722891566267,1.26e-06,8.299999999999999e-07,0,1,1,2.900646568553312,0.0084966609254384,793650.7936507936,1204819.277108434,6772.11111111111,10280.554216867473,6772.11111111111,793650.7936507936,0.9090909090909092,0.04,0.2057416267942584,1,108.423195
Nangate45,NORX1,NOR3_X1,A1,ZN,fall,198.535,0.0160217,1.1,25.0,56.1516,1.5180722891566267,1.26e-06,8.299999999999999e-07,0,1,1,5.295989659538859,0.0158947071959221,793650.7936507936,1204819.277108434,12715.63492063492,19303.253012048197,19303.253012048197,1204819.277108434,0.9090909090909092,0.04,0.2057416267942584,1,96.7426
Nangate45,NANDX1,NAND3_X1,A3,ZN,rise,40.9838,0.0583649,1.1,25.0,172.557,1.5180722891566267,1.26e-06,8.299999999999999e-07,0,1,1,3.737283829590765,0.0567251700033895,793650.7936507936,1204819.277108434,46321.3492063492,70319.15662650602,46321.3492063492,793650.7936507936,0.9090909090909092,0.04,0.2057416267942584,1,185.89755
Nangate45,NANDX1,NAND2_X1,A2,ZN,rise,130.081,0.00741959,1.1,25.0,77.79310000000001,1.5180722891566267,1.26e-06,8.299999999999999e-07,0,1,1,4.875815452730412,0.0073922002392085,793650.7936507936,1204819.277108434,5888.563492063492,8939.265060240965,5888.563492063492,793650.7936507936,0.9090909090909092,0.04,0.2057416267942584,1,67.23898
Nangate45,INVX1,INV_X1,A,ZN,fall,17.1859,0.06073,1.1,25.0,83.6153,1.5180722891566267,6.3e-07,4.1500000000000005e-07,1,1,1,2.900646568553312,0.0589573503385265,1587301.5873015872,2409638.554216868,96396.82539682538,146337.34939759038,146337.34939759038,2409638.554216868,0.9090909090909092,0.04,0.2057416267942584,1,35.27735
Nangate45,NANDX1,NAND4_X1,A2,ZN,rise,130.081,0.000365616,1.1,25.0,45.3423,1.5180722891566267,1.26e-06,8.299999999999999e-07,0,1,1,4.875815452730412,0.000365549178757,793650.7936507936,1204819.277108434,290.1714285714286,440.5012048192772,290.1714285714286,793650.7936507936,0.9090909090909092,0.04,0.2057416267942584,1,42.83818
Nangate45,NORX1,XNOR2_X1,A,ZN,fall,78.0596,0.0130081,1.1,25.0,89.287,1.5180722891566267,1.26e-06,8.299999999999999e-07,0,1,1,4.370201998407221,0.0129242212859107,793650.7936507936,1204819.277108434,10323.88888888889,15672.409638554222,15672.409638554222,1204819.277108434,0.9090909090909092,0.04,0.2057416267942584,1,41.34674
Nangate45,NORX1,NOR4_X1,A2,ZN,rise,78.0596,0.00342249,1.1,25.0,107.406,1.5180722891566267,1.26e-06,8.299999999999999e-07,0,1,1,4.370201998407221,0.0034166466099336,793650.7936507936,1204819.277108434,2716.2619047619046,4123.481927710844,2716.2619047619046,793650.7936507936,0.9090909090909092,0.04,0.2057416267942584,1,72.871605
Nangate45,INVX1,TINV_X1,EN,ZN,fall,78.0596,0.006518463229,1.1,25.0,55.031,1.5180722891566267,6.3e-07,4.1500000000000005e-07,1,1,1,4.370201998407221,0.0064973099225053,1587301.5873015872,2409638.554216868,10346.76703015873,15707.140310843375,15707.140310843375,2409638.554216868,0.9090909090909092,0.04,0.2057416267942584,1,53.56246
Nangate45,NORX1,NOR3_X1,A1,ZN,fall,40.9838,0.00853286,1.1,25.0,28.3141,1.5180722891566267,1.26e-06,8.299999999999999e-07,0,1,1,3.737283829590765,0.0084966609254384,793650.7936507936,1204819.277108434,6772.11111111111,10280.554216867473,10280.554216867473,1204819.277108434,0.9090909090909092,0.04,0.2057416267942584,1,31.729912
Nangate45,NORX1,XNOR2_X1,B,ZN,fall,17.1859,0.0260162,1.1,25.0,93.924,1.5180722891566267,1.26e-06,8.299999999999999e-07,0,1,1,2.900646568553312,0.0256835360976095,793650.7936507936,1204819.277108434,20647.77777777778,31344.819277108443,31344.819277108443,1204819.277108434,0.9090909090909092,0.04,0.2057416267942584,1,53.964012
Nangate45,NANDX1,NAND4_X1,A4,ZN,rise,1.1737799999999998,0.00699997,1.1,25.0,32.6563,1.5180722891566267,1.26e-06,8.299999999999999e-07,0,1,1,0.7764675876261998,0.006975583944965,793650.7936507936,1204819.277108434,5555.531746031746,8433.698795180724,5555.531746031746,793650.7936507936,0.9090909090909092,0.04,0.2057416267942584,1,40.513645
Nangate45,NORX1,NOR3_X1,A3,ZN,fall,40.9838,0.000365616,1.1,25.0,12.6284,1.5180722891566267,1.26e-06,8.299999999999999e-07,0,1,1,3.737283829590765,0.000365549178757,793650.7936507936,1204819.277108434,290.1714285714286,440.5012048192772,440.5012048192772,1204819.277108434,0.9090909090909092,0.04,0.2057416267942584,1,20.269255
Nangate45,NANDX1,NAND3_X1,A2,ZN,rise,130.081,0.00729561,1.1,25.0,78.1049,1.5180722891566267,1.26e-06,8.299999999999999e-07,0,1,1,4.875815452730412,0.0072691257717537,793650.7936507936,1204819.277108434,5790.166666666666,8789.891566265062,5790.166666666666,793650.7936507936,0.9090909090909092,0.04,0.2057416267942584,1,67.23893
Nangate45,NORX1,NOR2_X1,A1,ZN,fall,1.1737799999999998,0.000834466,1.1,25.0,4.574660000000001,1.5180722891566267,1.26e-06,8.299999999999999e-07,0,1,1,0.7764675876261998,0.0008341180268151,793650.7936507936,1204819.277108434,662.2746031746032,1005.3807228915664,1005.3807228915664,1204819.277108434,0.9090909090909092,0.04,0.2057416267942584,1,12.117751
Nangate45,NORX1,NOR2_X1,A1,ZN,rise,130.081,0.000834466,1.1,25.0,55.0648,1.5180722891566267,1.26e-06,8.299999999999999e-07,0,1,1,4.875815452730412,0.0008341180268151,793650.7936507936,1204819.277108434,662.2746031746032,1005.3807228915664,662.2746031746032,793650.7936507936,0.9090909090909092,0.04,0.2057416267942584,1,70.364235
Nangate45,INVX1,TINV_X1,I,ZN,fall,4.72397,0.002245113229,1.1,25.0,13.6355,1.5180722891566267,6.3e-07,4.1500000000000005e-07,1,1,1,1.7446626205903233,0.0022425967281435,1587301.5873015872,2409638.554216868,3563.6717920634924,5409.911395180725,5409.911395180725,2409638.554216868,0.9090909090909092,0.04,0.2057416267942584,1,11.800114
Nangate45,NORX1,NOR4_X1,A3,ZN,fall,130.081,0.00111862,1.1,25.0,13.5725,1.5180722891566267,1.26e-06,8.299999999999999e-07,0,1,1,4.875815452730412,0.001117994810837,793650.7936507936,1204819.277108434,887.7936507936508,1347.7349397590365,1347.7349397590365,1204819.277108434,0.9090909090909092,0.04,0.2057416267942584,1,31.638199
Nangate45,NORX1,NOR3_X1,A2,ZN,fall,17.1859,0.001289,1.1,25.0,12.1311,1.5180722891566267,1.26e-06,8.299999999999999e-07,0,1,1,2.900646568553312,0.0012881699527107,793650.7936507936,1204819.277108434,1023.015873015873,1553.012048192771,1553.012048192771,1204819.277108434,0.9090909090909092,0.04,0.2057416267942584,1,14.690401
Nangate45,INVX1,TINV_X1,I,ZN,rise,198.535,0.003674923229,1.1,25.0,94.8366,1.5180722891566267,6.3e-07,4.1500000000000005e-07,1,1,1,5.295989659538859,0.0036681871965212,1587301.5873015872,2409638.554216868,5833.211474603175,8855.236696385544,5833.211474603175,1587301.5873015872,0.9090909090909092,0.04,0.2057416267942584,1,77.190575
Nangate45,NANDX1,NAND4_X1,A3,ZN,fall,40.9838,0.0139999,1.1,25.0,84.5639,1.5180722891566267,1.26e-06,8.299999999999999e-07,0,1,1,3.737283829590765,0.0139028065496571,793650.7936507936,1204819.277108434,11111.031746031746,16867.349397590366,16867.349397590366,1204819.277108434,0.9090909090909092,0.04,0.2057416267942584,1,56.3386
Nangate45,XORX1,XOR2_X1,A,Z,fall,1.1737799999999998,0.0253296,1.1,25.0,82.518,1.5135135135135138,2.52e-06,1.6649999999999995e-06,0,1,1,0.7764675876261998,0.0250141218763313,396825.3968253968,600600.6006006007,10051.42857142857,15212.972972972975,15212.972972972975,600600.6006006007,0.9090909090909092,0.04,0.2043010752688172,1,55.010693
Nangate45,NORX1,NOR3_X1,A1,ZN,rise,198.535,0.00454444,1.1,25.0,133.382,1.5180722891566267,1.26e-06,8.299999999999999e-07,0,1,1,5.295989659538859,0.0045341452101301,793650.7936507936,1204819.277108434,3606.698412698413,5475.228915662652,3606.698412698413,793650.7936507936,0.9090909090909092,0.04,0.2057416267942584,1,106.38259
Nangate45,INVX1,INV_X16,A,ZN,fall,130.081,0.24231,1.1,25.0,51.8766,1.5180722891566267,6.3e-07,4.1500000000000005e-07,1,1,1,4.875815452730412,0.2169725497905428,1587301.5873015872,2409638.554216868,384619.0476190476,583879.5180722892,583879.5180722892,2409638.554216868,0.9090909090909092,0.04,0.2057416267942584,1,55.80408
Nangate45,NANDX1,NAND4_X1,A4,ZN,fall,4.72397,0.000365616,1.1,25.0,24.1135,1.5180722891566267,1.26e-06,8.299999999999999e-07,0,1,1,1.7446626205903233,0.000365549178757,793650.7936507936,1204819.277108434,290.1714285714286,440.5012048192772,440.5012048192772,1204819.277108434,0.9090909090909092,0.04,0.2057416267942584,1,12.059071
Nangate45,XORX1,XOR2_X1,B,Z,fall,78.0596,0.0063324,1.1,25.0,39.422,1.5135135135135138,2.52e-06,1.6649999999999995e-06,0,1,1,4.370201998407221,0.0063124345967383,396825.3968253968,600600.6006006007,2512.8571428571427,3803.243243243244,3803.243243243244,600600.6006006007,0.9090909090909092,0.04,0.2043010752688172,1,64.42414
Nangate45,NORX1,NOR2_X1,A1,ZN,rise,78.0596,0.0267029,1.1,25.0,181.02,1.5180722891566267,1.26e-06,8.299999999999999e-07,0,1,1,4.370201998407221,0.0263525999024103,793650.7936507936,1204819.277108434,21192.777777777777,32172.1686746988,21192.777777777777,793650.7936507936,0.9090909090909092,0.04,0.2057416267942584,1,160.32455
Nangate45,NORX1,XNOR2_X1,A,ZN,rise,198.535,0.0130081,1.1,25.0,91.107,1.5180722891566267,1.26e-06,8.299999999999999e-07,0,1,1,5.295989659538859,0.0129242212859107,793650.7936507936,1204819.277108434,10323.88888888889,15672.409638554222,10323.88888888889,793650.7936507936,0.9090909090909092,0.04,0.2057416267942584,1,130.51434
Nangate45,XORX1,XOR2_X1,A,Z,fall,78.0596,0.0253296,1.1,25.0,91.698,1.5135135135135138,2.52e-06,1.6649999999999995e-06,0,1,1,4.370201998407221,0.0250141218763313,396825.3968253968,600600.6006006007,10051.42857142857,15212.972972972975,15212.972972972975,600600.6006006007,0.9090909090909092,0.04,0.2043010752688172,1,82.62931
Nangate45,NANDX1,NAND3_X1,A1,ZN,fall,17.1859,0.0583649,1.1,25.0,187.82,1.5180722891566267,1.26e-06,8.299999999999999e-07,0,1,1,2.900646568553312,0.0567251700033895,793650.7936507936,1204819.277108434,46321.3492063492,70319.15662650602,70319.15662650602,1204819.277108434,0.9090909090909092,0.04,0.2057416267942584,1,158.43927
Nangate45,NANDX1,NAND4_X1,A1,ZN,fall,4.72397,0.000365616,1.1,25.0,16.4825,1.5180722891566267,1.26e-06,8.299999999999999e-07,0,1,1,1.7446626205903233,0.000365549178757,793650.7936507936,1204819.277108434,290.1714285714286,440.5012048192772,440.5012048192772,1204819.277108434,0.9090909090909092,0.04,0.2057416267942584,1,10.829918
Nangate45,NANDX1,NAND4_X1,A3,ZN,rise,1.1737799999999998,0.0279999,1.1,25.0,81.70389999999999,1.5180722891566267,1.26e-06,8.299999999999999e-07,0,1,1,0.7764675876261998,0.027615069756704,793650.7936507936,1204819.277108434,22222.14285714286,33734.81927710844,22222.14285714286,793650.7936507936,0.9090909090909092,0.04,0.2057416267942584,1,89.00994
Nangate45,NANDX1,NAND3_X1,A2,ZN,rise,17.1859,0.000365616,1.1,25.0,18.7687,1.5180722891566267,1.26e-06,8.299999999999999e-07,0,1,1,2.900646568553312,0.000365549178757,793650.7936507936,1204819.277108434,290.1714285714286,440.5012048192772,290.1714285714286,793650.7936507936,0.9090909090909092,0.04,0.2057416267942584,1,24.02046
Nangate45,XORX1,XOR2_X1,B,Z,rise,130.081,0.0253296,1.1,25.0,177.18800000000002,1.5135135135135138,2.52e-06,1.6649999999999995e-06,0,1,1,4.875815452730412,0.0250141218763313,396825.3968253968,600600.6006006007,10051.42857142857,15212.972972972975,10051.42857142857,396825.3968253968,0.9090909090909092,0.04,0.2043010752688172,1,124.931526
Nangate45,NANDX1,NAND4_X1,A1,ZN,rise,40.9838,0.00699997,1.1,25.0,46.7668,1.5180722891566267,1.26e-06,8.299999999999999e-07,0,1,1,3.737283829590765,0.006975583944965,793650.7936507936,1204819.277108434,5555.531746031746,8433.698795180724,5555.531746031746,793650.7936507936,0.9090909090909092,0.04,0.2057416267942584,1,49.957783
Nangate45,NORX1,XNOR2_X1,A,ZN,rise,198.535,0.000813006,1.1,25.0,74.01,1.5180722891566267,1.26e-06,8.299999999999999e-07,0,1,1,5.295989659538859,0.0008126756896393,793650.7936507936,1204819.277108434,645.2428571428571,979.5253012048196,645.2428571428571,793650.7936507936,0.9090909090909092,0.04,0.2057416267942584,1,90.75723
Nangate45,XORX1,XOR2_X1,B,Z,fall,78.0596,0.0253296,1.1,25.0,86.146,1.5135135135135138,2.52e-06,1.6649999999999995e-06,0,1,1,4.370201998407221,0.0250141218763313,396825.3968253968,600600.6006006007,10051.42857142857,15212.972972972975,15212.972972972975,600600.6006006007,0.9090909090909092,0.04,0.2043010752688172,1,82.62931
Nangate45,XORX1,XOR2_X1,A,Z,rise,4.72397,0.0126648,1.1,25.0,80.899,1.5135135135135138,2.52e-06,1.6649999999999995e-06,0,1,1,1.7446626205903233,0.0125852721858001,396825.3968253968,600600.6006006007,5025.714285714285,7606.486486486488,5025.714285714285,396825.3968253968,0.9090909090909092,0.04,0.2043010752688172,1,74.02922
Nangate45,NANDX1,NAND2_X1,A2,ZN,fall,1.1737799999999998,0.0296783,1.1,25.0,69.2203,1.5180722891566267,1.26e-06,8.299999999999999e-07,0,1,1,0.7764675876261998,0.0292464233592539,793650.7936507936,1204819.277108434,23554.20634920635,35756.987951807234,35756.987951807234,1204819.277108434,0.9090909090909092,0.04,0.2057416267942584,1,96.51609
Nangate45,NANDX1,NAND3_X1,A1,ZN,rise,40.9838,0.00729561,1.1,25.0,45.8331,1.5180722891566267,1.26e-06,8.299999999999999e-07,0,1,1,3.737283829590765,0.0072691257717537,793650.7936507936,1204819.277108434,5790.166666666666,8789.891566265062,5790.166666666666,793650.7936507936,0.9090909090909092,0.04,0.2057416267942584,1,49.95781
Nangate45,INVX1,INV_X1,A,ZN,fall,40.9838,0.06073,1.1,25.0,94.1587,1.5180722891566267,6.3e-07,4.1500000000000005e-07,1,1,1,3.737283829590765,0.0589573503385265,1587301.5873015872,2409638.554216868,96396.82539682538,146337.34939759038,146337.34939759038,2409638.554216868,0.9090909090909092,0.04,0.2057416267942584,1,37.824154
Nangate45,NORX1,NOR4_X1,A3,ZN,fall,78.0596,0.0104713,1.1,25.0,42.9797,1.5180722891566267,1.26e-06,8.299999999999999e-07,0,1,1,4.370201998407221,0.010416855676904,793650.7936507936,1204819.277108434,8310.555555555555,12616.024096385545,12616.024096385545,1204819.277108434,0.9090909090909092,0.04,0.2057416267942584,1,40.989998
Nangate45,NANDX1,NAND3_X1,A2,ZN,fall,17.1859,0.0145912,1.1,25.0,60.9973,1.5180722891566267,1.26e-06,8.299999999999999e-07,0,1,1,2.900646568553312,0.0144857727440233,793650.7936507936,1204819.277108434,11580.31746031746,17579.75903614458,17579.75903614458,1204819.277108434,0.9090909090909092,0.04,0.2057416267942584,1,43.53391
Nangate45,NANDX1,NAND3_X1,A1,ZN,rise,130.081,0.00729561,1.1,25.0,73.2041,1.5180722891566267,1.26e-06,8.299999999999999e-07,0,1,1,4.875815452730412,0.0072691257717537,793650.7936507936,1204819.277108434,5790.166666666666,8789.891566265062,5790.166666666666,793650.7936507936,0.9090909090909092,0.04,0.2057416267942584,1,67.23893
Nangate45,NORX1,NOR4_X1,A4,ZN,fall,130.081,0.0104713,1.1,25.0,48.3974,1.5180722891566267,1.26e-06,8.299999999999999e-07,0,1,1,4.875815452730412,0.010416855676904,793650.7936507936,1204819.277108434,8310.555555555555,12616.024096385545,12616.024096385545,1204819.277108434,0.9090909090909092,0.04,0.2057416267942584,1,67.30509
Nangate45,XORX1,XOR2_X1,B,Z,fall,198.535,0.0063324,1.1,25.0,122.344,1.5135135135135138,2.52e-06,1.6649999999999995e-06,0,1,1,5.295989659538859,0.0063124345967383,396825.3968253968,600600.6006006007,2512.8571428571427,3803.243243243244,3803.243243243244,600600.6006006007,0.9090909090909092,0.04,0.2043010752688172,1,82.35853
Nangate45,NORX1,NOR3_X1,A2,ZN,fall,1.1737799999999998,0.00853286,1.1,25.0,15.782999999999998,1.5180722891566267,1.26e-06,8.299999999999999e-07,0,1,1,0.7764675876261998,0.0084966609254384,793650.7936507936,1204819.277108434,6772.11111111111,10280.554216867473,10280.554216867473,1204819.277108434,0.9090909090909092,0.04,0.2057416267942584,1,33.04023
Nangate45,NANDX1,NAND3_X1,A2,ZN,fall,40.9838,0.00364781,1.1,25.0,34.9584,1.5180722891566267,1.26e-06,8.299999999999999e-07,0,1,1,3.737283829590765,0.0036411728768477,793650.7936507936,1204819.277108434,2895.0873015873017,4394.951807228917,4394.951807228917,1204819.277108434,0.9090909090909092,0.04,0.2057416267942584,1,24.19714
Nangate45,NORX1,NOR2_X1,A2,ZN,fall,4.72397,0.0066757299999999,1.1,25.0,14.5163,1.5180722891566267,1.26e-06,8.299999999999999e-07,0,1,1,1.7446626205903233,0.0066535459893972,793650.7936507936,1204819.277108434,5298.198412698412,8043.048192771084,8043.048192771084,1204819.277108434,0.9090909090909092,0.04,0.2057416267942584,1,16.51267
Nangate45,NORX1,NOR3_X1,A3,ZN,rise,1.1737799999999998,0.00242029,1.1,25.0,51.8406,1.5180722891566267,1.26e-06,8.299999999999999e-07,0,1,1,0.7764675876261998,0.0024173658154572,793650.7936507936,1204819.277108434,1920.8650793650795,2916.012048192772,1920.8650793650795,793650.7936507936,0.9090909090909092,0.04,0.2057416267942584,1,41.520817
Nangate45,INVX1,TINV_X1,EN,ZN,fall,130.081,0.006518463229,1.1,25.0,66.448,1.5180722891566267,6.3e-07,4.1500000000000005e-07,1,1,1,4.875815452730412,0.0064973099225053,1587301.5873015872,2409638.554216868,10346.76703015873,15707.140310843375,15707.140310843375,2409638.554216868,0.9090909090909092,0.04,0.2057416267942584,1,61.726406
Nangate45,NORX1,XNOR2_X1,A,ZN,fall,78.0596,0.00162601,1.1,25.0,21.077,1.5180722891566267,1.26e-06,8.299999999999999e-07,0,1,1,4.370201998407221,0.0016246894770018,793650.7936507936,1204819.277108434,1290.484126984127,1959.0481927710848,1959.0481927710848,1204819.277108434,0.9090909090909092,0.04,0.2057416267942584,1,19.837862
Nangate45,NANDX1,NAND3_X1,A2,ZN,rise,198.535,0.0583649,1.1,25.0,254.174,1.5180722891566267,1.26e-06,8.299999999999999e-07,0,1,1,5.295989659538859,0.0567251700033895,793650.7936507936,1204819.277108434,46321.3492063492,70319.15662650602,46321.3492063492,793650.7936507936,0.9090909090909092,0.04,0.2057416267942584,1,240.17557
Nangate45,NORX1,NOR2_X1,A2,ZN,rise,1.1737799999999998,0.000834466,1.1,25.0,20.3641,1.5180722891566267,1.26e-06,8.299999999999999e-07,0,1,1,0.7764675876261998,0.0008341180268151,793650.7936507936,1204819.277108434,662.2746031746032,1005.3807228915664,662.2746031746032,793650.7936507936,0.9090909090909092,0.04,0.2057416267942584,1,38.026894
Nangate45,NORX1,XNOR2_X1,B,ZN,rise,198.535,0.000813006,1.1,25.0,72.35900000000001,1.5180722891566267,1.26e-06,8.299999999999999e-07,0,1,1,5.295989659538859,0.0008126756896393,793650.7936507936,1204819.277108434,645.2428571428571,979.5253012048196,645.2428571428571,793650.7936507936,0.9090909090909092,0.04,0.2057416267942584,1,90.75971
Nangate45,NANDX1,NAND4_X1,A4,ZN,rise,198.535,0.00349999,1.1,25.0,86.8732,1.5180722891566267,1.26e-06,8.299999999999999e-07,0,1,1,5.295989659538859,0.0034938792891336,793650.7936507936,1204819.277108434,2777.769841269841,4216.855421686748,2777.769841269841,793650.7936507936,0.9090909090909092,0.04,0.2057416267942584,1,66.90829
Nangate45,NANDX1,NAND2_X1,A2,ZN,fall,198.535,0.0296783,1.1,25.0,122.737,1.5180722891566267,1.26e-06,8.299999999999999e-07,0,1,1,5.295989659538859,0.0292464233592539,793650.7936507936,1204819.277108434,23554.20634920635,35756.987951807234,35756.987951807234,1204819.277108434,0.9090909090909092,0.04,0.2057416267942584,1,195.52188
Nangate45,INVX1,TINV_X1,I,ZN,rise,1.1737799999999998,0.006518463229,1.1,25.0,52.8228,1.5180722891566267,6.3e-07,4.1500000000000005e-07,1,1,1,0.7764675876261998,0.0064973099225053,1587301.5873015872,2409638.554216868,10346.76703015873,15707.140310843375,10346.76703015873,1587301.5873015872,0.9090909090909092,0.04,0.2057416267942584,1,31.714617
Nangate45,NANDX1,NAND4_X1,A4,ZN,fall,1.1737799999999998,0.00349999,1.1,25.0,35.171800000000005,1.5180722891566267,1.26e-06,8.299999999999999e-07,0,1,1,0.7764675876261998,0.0034938792891336,793650.7936507936,1204819.277108434,2777.769841269841,4216.855421686748,4216.855421686748,1204819.277108434,0.9090909090909092,0.04,0.2057416267942584,1,20.92022
Nangate45,NORX1,XNOR2_X1,B,ZN,fall,1.1737799999999998,0.00162601,1.1,25.0,34.300999999999995,1.5180722891566267,1.26e-06,8.299999999999999e-07,0,1,1,0.7764675876261998,0.0016246894770018,793650.7936507936,1204819.277108434,1290.484126984127,1959.0481927710848,1959.0481927710848,1204819.277108434,0.9090909090909092,0.04,0.2057416267942584,1,13.534194
Nangate45,NORX1,NOR2_X1,A2,ZN,fall,78.0596,0.000365616,1.1,25.0,8.68257,1.5180722891566267,1.26e-06,8.299999999999999e-07,0,1,1,4.370201998407221,0.000365549178757,793650.7936507936,1204819.277108434,290.1714285714286,440.5012048192772,440.5012048192772,1204819.277108434,0.9090909090909092,0.04,0.2057416267942584,1,0.3948721
Nangate45,NANDX1,NAND2_X1,A2,ZN,fall,1.1737799999999998,0.00741959,1.1,25.0,22.9578,1.5180722891566267,1.26e-06,8.299999999999999e-07,0,1,1,0.7764675876261998,0.0073922002392085,793650.7936507936,1204819.277108434,5888.563492063492,8939.265060240965,8939.265060240965,1204819.277108434,0.9090909090909092,0.04,0.2057416267942584,1,43.247803
Nangate45,NORX1,NOR4_X1,A1,ZN,fall,130.081,0.00063952,1.1,25.0,0.510818,1.5180722891566267,1.26e-06,8.299999999999999e-07,0,1,1,4.875815452730412,0.0006393155942278,793650.7936507936,1204819.277108434,507.5555555555555,770.5060240963857,770.5060240963857,1204819.277108434,0.9090909090909092,0.04,0.2057416267942584,1,30.366018
Nangate45,NORX1,NOR3_X1,A3,ZN,rise,1.1737799999999998,0.00853286,1.1,25.0,99.9687,1.5180722891566267,1.26e-06,8.299999999999999e-07,0,1,1,0.7764675876261998,0.0084966609254384,793650.7936507936,1204819.277108434,6772.11111111111,10280.554216867473,6772.11111111111,793650.7936507936,0.9090909090909092,0.04,0.2057416267942584,1,62.17307
Nangate45,NANDX1,NAND4_X1,A1,ZN,fall,78.0596,0.0017499899999999,1.1,25.0,40.3717,1.5180722891566267,1.26e-06,8.299999999999999e-07,0,1,1,4.370201998407221,0.0017484605515862,793650.7936507936,1204819.277108434,1388.8809523809523,2108.421686746988,2108.421686746988,1204819.277108434,0.9090909090909092,0.04,0.2057416267942584,1,25.89627
Nangate45,XORX1,XOR2_X1,B,Z,rise,1.1737799999999998,0.0063324,1.1,25.0,64.212,1.5135135135135138,2.52e-06,1.6649999999999995e-06,0,1,1,0.7764675876261998,0.0063124345967383,396825.3968253968,600600.6006006007,2512.8571428571427,3803.243243243244,2512.8571428571427,396825.3968253968,0.9090909090909092,0.04,0.2043010752688172,1,50.12352
Nangate45,INVX2,INV_X2,A,ZN,fall,40.9838,0.000365616,1.1,25.0,4.5305800000000005,1.5180722891566267,1.26e-06,8.299999999999999e-07,1,1,1,3.737283829590765,0.000365549178757,793650.7936507936,1204819.277108434,290.1714285714286,440.5012048192772,440.5012048192772,1204819.277108434,0.9090909090909092,0.04,0.2057416267942584,1,6.8097467
Nangate45,INVX1,INV_X1,A,ZN,fall,4.72397,0.00759125,1.1,25.0,13.7631,1.5180722891566267,6.3e-07,4.1500000000000005e-07,1,1,1,1.7446626205903233,0.0075625814570239,1587301.5873015872,2409638.554216868,12049.603174603171,18292.1686746988,18292.1686746988,2409638.554216868,0.9090909090909092,0.04,0.2057416267942584,1,24.083784
Nangate45,NANDX1,NAND3_X1,A2,ZN,rise,78.0596,0.0018239,1.1,25.0,41.6384,1.5180722891566267,1.26e-06,8.299999999999999e-07,0,1,1,4.370201998407221,0.0018222387141011,793650.7936507936,1204819.277108434,1447.5396825396824,2197.4698795180725,1447.5396825396824,793650.7936507936,0.9090909090909092,0.04,0.2057416267942584,1,37.761616
Nangate45,NANDX1,NAND3_X1,A1,ZN,rise,198.535,0.0145912,1.1,25.0,120.91,1.5180722891566267,1.26e-06,8.299999999999999e-07,0,1,1,5.295989659538859,0.0144857727440233,793650.7936507936,1204819.277108434,11580.31746031746,17579.75903614458,11580.31746031746,793650.7936507936,0.9090909090909092,0.04,0.2057416267942584,1,113.23099
Nangate45,NORX1,NOR4_X1,A1,ZN,fall,40.9838,0.00342249,1.1,25.0,18.5823,1.5180722891566267,1.26e-06,8.299999999999999e-07,0,1,1,3.737283829590765,0.0034166466099336,793650.7936507936,1204819.277108434,2716.2619047619046,4123.481927710844,4123.481927710844,1204819.277108434,0.9090909090909092,0.04,0.2057416267942584,1,19.769157
Nangate45,INVX1,INV_X1,A,ZN,fall,1.1737799999999998,0.000365616,1.1,25.0,3.34769,1.5180722891566267,6.3e-07,4.1500000000000005e-07,1,1,1,0.7764675876261998,0.000365549178757,1587301.5873015872,2409638.554216868,580.3428571428572,881.0024096385544,881.0024096385544,2409638.554216868,0.9090909090909092,0.04,0.2057416267942584,1,10.356114
Nangate45,NORX1,XNOR2_X1,A,ZN,fall,198.535,0.000365616,1.1,25.0,4.632,1.5180722891566267,1.26e-06,8.299999999999999e-07,0,1,1,5.295989659538859,0.000365549178757,793650.7936507936,1204819.277108434,290.1714285714286,440.5012048192772,440.5012048192772,1204819.277108434,0.9090909090909092,0.04,0.2057416267942584,1,44.955772
Nangate45,NORX1,XNOR2_X1,B,ZN,rise,17.1859,0.000813006,1.1,25.0,30.467,1.5180722891566267,1.26e-06,8.299999999999999e-07,0,1,1,2.900646568553312,0.0008126756896393,793650.7936507936,1204819.277108434,645.2428571428571,979.5253012048196,645.2428571428571,793650.7936507936,0.9090909090909092,0.04,0.2057416267942584,1,51.355
Nangate45,NANDX1,NAND4_X1,A1,ZN,fall,78.0596,0.00699997,1.1,25.0,67.6334,1.5180722891566267,1.26e-06,8.299999999999999e-07,0,1,1,4.370201998407221,0.006975583944965,793650.7936507936,1204819.277108434,5555.531746031746,8433.698795180724,8433.698795180724,1204819.277108434,0.9090909090909092,0.04,0.2057416267942584,1,40.835163
Nangate45,NORX1,NOR4_X1,A1,ZN,fall,4.72397,0.00063952,1.1,25.0,6.88511,1.5180722891566267,1.26e-06,8.299999999999999e-07,0,1,1,1.7446626205903233,0.0006393155942278,793650.7936507936,1204819.277108434,507.5555555555555,770.5060240963857,770.5060240963857,1204819.277108434,0.9090909090909092,0.04,0.2057416267942584,1,9.925103
Nangate45,INVX1,INV_X1,A,ZN,rise,198.535,0.06073,1.1,25.0,255.965,1.5180722891566267,6.3e-07,4.1500000000000005e-07,1,1,1,5.295989659538859,0.0589573503385265,1587301.5873015872,2409638.554216868,96396.82539682538,146337.34939759038,96396.82539682538,1587301.5873015872,0.9090909090909092,0.04,0.2057416267942584,1,87.88882
Nangate45,NANDX1,NAND3_X1,A3,ZN,rise,130.081,0.0145912,1.1,25.0,108.821,1.5180722891566267,1.26e-06,8.299999999999999e-07,0,1,1,4.875815452730412,0.0144857727440233,793650.7936507936,1204819.277108434,11580.31746031746,17579.75903614458,11580.31746031746,793650.7936507936,0.9090909090909092,0.04,0.2057416267942584,1,99.247986
Nangate45,NORX1,NOR4_X1,A2,ZN,fall,40.9838,0.000365616,1.1,25.0,13.069,1.5180722891566267,1.26e-06,8.299999999999999e-07,0,1,1,3.737283829590765,0.000365549178757,793650.7936507936,1204819.277108434,290.1714285714286,440.5012048192772,440.5012048192772,1204819.277108434,0.9090909090909092,0.04,0.2057416267942584,1,20.269253
Nangate45,NORX1,XNOR2_X1,A,ZN,fall,130.081,0.00325202,1.1,25.0,29.098,1.5180722891566267,1.26e-06,8.299999999999999e-07,0,1,1,4.875815452730412,0.0032467436191291,793650.7936507936,1204819.277108434,2580.968253968254,3918.096385542169,3918.096385542169,1204819.277108434,0.9090909090909092,0.04,0.2057416267942584,1,36.946342
Nangate45,NORX1,XNOR2_X1,A,ZN,rise,40.9838,0.0260162,1.1,25.0,163.773,1.5180722891566267,1.26e-06,8.299999999999999e-07,0,1,1,3.737283829590765,0.0256835360976095,793650.7936507936,1204819.277108434,20647.77777777778,31344.819277108443,20647.77777777778,793650.7936507936,0.9090909090909092,0.04,0.2057416267942584,1,159.73904
Nangate45,NORX1,NOR4_X1,A2,ZN,rise,130.081,0.00598648,1.1,25.0,156.192,1.5180722891566267,1.26e-06,8.299999999999999e-07,0,1,1,4.875815452730412,0.0059686322234213,793650.7936507936,1204819.277108434,4751.174603174603,7212.626506024098,4751.174603174603,793650.7936507936,0.9090909090909092,0.04,0.2057416267942584,1,86.31122
Nangate45,NANDX1,NAND3_X1,A2,ZN,fall,1.1737799999999998,0.0018239,1.1,25.0,17.622,1.5180722891566267,1.26e-06,8.299999999999999e-07,0,1,1,0.7764675876261998,0.0018222387141011,793650.7936507936,1204819.277108434,1447.5396825396824,2197.4698795180725,2197.4698795180725,1204819.277108434,0.9090909090909092,0.04,0.2057416267942584,1,17.559536
Nangate45,INVX1,TINV_X1,I,ZN,fall,4.72397,0.01217354323,1.1,25.0,38.7368,1.5180722891566267,6.3e-07,4.1500000000000005e-07,1,1,1,1.7446626205903233,0.0121000415684708,1587301.5873015872,2409638.554216868,19323.08449206349,29333.839108433735,29333.839108433735,2409638.554216868,0.9090909090909092,0.04,0.2057416267942584,1,24.544048
Nangate45,INVX1,TINV_X1,I,ZN,fall,78.0596,0.001164659229,1.1,25.0,16.4167,1.5180722891566267,6.3e-07,4.1500000000000005e-07,1,1,1,4.370201998407221,0.0011639815395739,1587301.5873015872,2409638.554216868,1848.6654428571424,2806.407780722892,2806.407780722892,2409638.554216868,0.9090909090909092,0.04,0.2057416267942584,1,13.861695
Nangate45,NORX1,NOR4_X1,A4,ZN,rise,78.0596,0.000365616,1.1,25.0,82.268,1.5180722891566267,1.26e-06,8.299999999999999e-07,0,1,1,4.370201998407221,0.000365549178757,793650.7936507936,1204819.277108434,290.1714285714286,440.5012048192772,290.1714285714286,793650.7936507936,0.9090909090909092,0.04,0.2057416267942584,1,0.42516842
Nangate45,NORX1,NOR2_X1,A2,ZN,rise,78.0596,0.0066757299999999,1.1,25.0,80.0611,1.5180722891566267,1.26e-06,8.299999999999999e-07,0,1,1,4.370201998407221,0.0066535459893972,793650.7936507936,1204819.277108434,5298.198412698412,8043.048192771084,5298.198412698412,793650.7936507936,0.9090909090909092,0.04,0.2057416267942584,1,85.89345
Nangate45,INVX1,INV_X1,A,ZN,rise,40.9838,0.0151825,1.1,25.0,62.126,1.5180722891566267,6.3e-07,4.1500000000000005e-07,1,1,1,3.737283829590765,0.0150683992868016,1587301.5873015872,2409638.554216868,24099.206349206343,36584.3373493976,24099.206349206343,1587301.5873015872,0.9090909090909092,0.04,0.2057416267942584,1,63.808258
Nangate45,NORX1,NOR4_X1,A2,ZN,fall,78.0596,0.00342249,1.1,25.0,22.7207,1.5180722891566267,1.26e-06,8.299999999999999e-07,0,1,1,4.370201998407221,0.0034166466099336,793650.7936507936,1204819.277108434,2716.2619047619046,4123.481927710844,4123.481927710844,1204819.277108434,0.9090909090909092,0.04,0.2057416267942584,1,23.525156
Nangate45,INVX1,INV_X16,A,ZN,rise,40.9838,0.969238,1.1,25.0,172.029,1.5180722891566267,6.3e-07,4.1500000000000005e-07,1,1,1,3.737283829590765,0.6776466658922388,1587301.5873015872,2409638.554216868,1538473.015873016,2335513.2530120485,1538473.015873016,1587301.5873015872,0.9090909090909092,0.04,0.2057416267942584,1,129.28004
Nangate45,NORX1,NOR2_X1,A2,ZN,rise,78.0596,0.000834466,1.1,25.0,43.0442,1.5180722891566267,1.26e-06,8.299999999999999e-07,0,1,1,4.370201998407221,0.0008341180268151,793650.7936507936,1204819.277108434,662.2746031746032,1005.3807228915664,662.2746031746032,793650.7936507936,0.9090909090909092,0.04,0.2057416267942584,1,63.099888
Nangate45,INVX1,INV_X16,A,ZN,fall,130.081,0.0302886999999999,1.1,25.0,6.98966,1.5180722891566267,6.3e-07,4.1500000000000005e-07,1,1,1,4.875815452730412,0.0298390542294231,1587301.5873015872,2409638.554216868,48077.30158730158,72984.81927710844,72984.81927710844,2409638.554216868,0.9090909090909092,0.04,0.2057416267942584,1,48.83959
Nangate45,INVX1,TINV_X1,I,ZN,rise,130.081,0.001526164229,1.1,25.0,58.7072,1.5180722891566267,6.3e-07,4.1500000000000005e-07,1,1,1,4.875815452730412,0.0015250008239207,1587301.5873015872,2409638.554216868,2422.482903174603,3677.5041662650606,2422.482903174603,1587301.5873015872,0.9090909090909092,0.04,0.2057416267942584,1,28.410994
Nangate45,NORX1,NOR2_X1,A1,ZN,fall,130.081,0.00333786,1.1,25.0,12.8928,1.5180722891566267,1.26e-06,8.299999999999999e-07,0,1,1,4.875815452730412,0.0033323017104042,793650.7936507936,1204819.277108434,2649.095238095238,4021.518072289157,4021.518072289157,1204819.277108434,0.9090909090909092,0.04,0.2057416267942584,1,36.94985
Nangate45,NORX1,NOR3_X1,A1,ZN,rise,78.0596,0.00242029,1.1,25.0,70.3279,1.5180722891566267,1.26e-06,8.299999999999999e-07,0,1,1,4.370201998407221,0.0024173658154572,793650.7936507936,1204819.277108434,1920.8650793650795,2916.012048192772,1920.8650793650795,793650.7936507936,0.9090909090909092,0.04,0.2057416267942584,1,78.6156
Nangate45,NANDX1,NAND4_X1,A3,ZN,rise,40.9838,0.0139999,1.1,25.0,68.0464,1.5180722891566267,1.26e-06,8.299999999999999e-07,0,1,1,3.737283829590765,0.0139028065496571,793650.7936507936,1204819.277108434,11111.031746031746,16867.349397590366,11111.031746031746,793650.7936507936,0.9090909090909092,0.04,0.2057416267942584,1,79.851555
Nangate45,NANDX1,NAND4_X1,A3,ZN,rise,198.535,0.0017499899999999,1.1,25.0,70.84400000000001,1.5180722891566267,1.26e-06,8.299999999999999e-07,0,1,1,5.295989659538859,0.0017484605515862,793650.7936507936,1204819.277108434,1388.8809523809523,2108.421686746988,1388.8809523809523,793650.7936507936,0.9090909090909092,0.04,0.2057416267942584,1,59.712868
Nangate45,XORX1,XOR2_X1,A,Z,fall,4.72397,0.0063324,1.1,25.0,56.431,1.5135135135135138,2.52e-06,1.6649999999999995e-06,0,1,1,1.7446626205903233,0.0063124345967383,396825.3968253968,600600.6006006007,2512.8571428571427,3803.243243243244,3803.243243243244,600600.6006006007,0.9090909090909092,0.04,0.2043010752688172,1,48.447445
Nangate45,NANDX1,NAND2_X1,A1,ZN,fall,40.9838,0.00741959,1.1,25.0,36.4481,1.5180722891566267,1.26e-06,8.299999999999999e-07,0,1,1,3.737283829590765,0.0073922002392085,793650.7936507936,1204819.277108434,5888.563492063492,8939.265060240965,8939.265060240965,1204819.277108434,0.9090909090909092,0.04,0.2057416267942584,1,55.777832
Nangate45,NORX1,XNOR2_X1,B,ZN,rise,198.535,0.00162601,1.1,25.0,79.94500000000001,1.5180722891566267,1.26e-06,8.299999999999999e-07,0,1,1,5.295989659538859,0.0016246894770018,793650.7936507936,1204819.277108434,1290.484126984127,1959.0481927710848,1290.484126984127,793650.7936507936,0.9090909090909092,0.04,0.2057416267942584,1,92.980095
Nangate45,NORX1,NOR4_X1,A3,ZN,rise,78.0596,0.00598648,1.1,25.0,141.387,1.5180722891566267,1.26e-06,8.299999999999999e-07,0,1,1,4.370201998407221,0.0059686322234213,793650.7936507936,1204819.277108434,4751.174603174603,7212.626506024098,4751.174603174603,793650.7936507936,0.9090909090909092,0.04,0.2057416267942584,1,85.89062
Nangate45,NORX1,NOR4_X1,A1,ZN,rise,130.081,0.00195665,1.1,25.0,103.327,1.5180722891566267,1.26e-06,8.299999999999999e-07,0,1,1,4.875815452730412,0.0019547382537281,793650.7936507936,1204819.277108434,1552.8968253968253,2357.409638554217,1552.8968253968253,793650.7936507936,0.9090909090909092,0.04,0.2057416267942584,1,73.420364
Nangate45,NORX1,XNOR2_X1,A,ZN,rise,17.1859,0.00325202,1.1,25.0,44.274,1.5180722891566267,1.26e-06,8.299999999999999e-07,0,1,1,2.900646568553312,0.0032467436191291,793650.7936507936,1204819.277108434,2580.968253968254,3918.096385542169,2580.968253968254,793650.7936507936,0.9090909090909092,0.04,0.2057416267942584,1,56.44081
Nangate45,NANDX1,NAND4_X1,A3,ZN,fall,78.0596,0.00349999,1.1,25.0,49.391,1.5180722891566267,1.26e-06,8.299999999999999e-07,0,1,1,4.370201998407221,0.0034938792891336,793650.7936507936,1204819.277108434,2777.769841269841,4216.855421686748,4216.855421686748,1204819.277108434,0.9090909090909092,0.04,0.2057416267942584,1,30.25038
Nangate45,NORX1,NOR4_X1,A3,ZN,rise,17.1859,0.000365616,1.1,25.0,62.602500000000006,1.5180722891566267,1.26e-06,8.299999999999999e-07,0,1,1,2.900646568553312,0.000365549178757,793650.7936507936,1204819.277108434,290.1714285714286,440.5012048192772,290.1714285714286,793650.7936507936,0.9090909090909092,0.04,0.2057416267942584,1,50.342876
Nangate45,NANDX1,NAND4_X1,A4,ZN,fall,1.1737799999999998,0.00699997,1.1,25.0,48.6235,1.5180722891566267,1.26e-06,8.299999999999999e-07,0,1,1,0.7764675876261998,0.006975583944965,793650.7936507936,1204819.277108434,5555.531746031746,8433.698795180724,8433.698795180724,1204819.277108434,0.9090909090909092,0.04,0.2057416267942584,1,29.901043
Nangate45,NORX1,NOR4_X1,A3,ZN,rise,40.9838,0.00342249,1.1,25.0,103.372,1.5180722891566267,1.26e-06,8.299999999999999e-07,0,1,1,3.737283829590765,0.0034166466099336,793650.7936507936,1204819.277108434,2716.2619047619046,4123.481927710844,2716.2619047619046,793650.7936507936,0.9090909090909092,0.04,0.2057416267942584,1,60.975204
Nangate45,NORX1,NOR4_X1,A3,ZN,fall,198.535,0.00063952,1.1,25.0,3.22313,1.5180722891566267,1.26e-06,8.299999999999999e-07,0,1,1,5.295989659538859,0.0006393155942278,793650.7936507936,1204819.277108434,507.5555555555555,770.5060240963857,770.5060240963857,1204819.277108434,0.9090909090909092,0.04,0.2057416267942584,1,45.342762
Nangate45,XORX1,XOR2_X1,A,Z,rise,17.1859,0.0253296,1.1,25.0,167.339,1.5135135135135138,2.52e-06,1.6649999999999995e-06,0,1,1,2.900646568553312,0.0250141218763313,396825.3968253968,600600.6006006007,10051.42857142857,15212.972972972975,10051.42857142857,396825.3968253968,0.9090909090909092,0.04,0.2043010752688172,1,94.31057
Nangate45,NORX1,NOR4_X1,A1,ZN,fall,17.1859,0.00111862,1.1,25.0,10.9649,1.5180722891566267,1.26e-06,8.299999999999999e-07,0,1,1,2.900646568553312,0.001117994810837,793650.7936507936,1204819.277108434,887.7936507936508,1347.7349397590365,1347.7349397590365,1204819.277108434,0.9090909090909092,0.04,0.2057416267942584,1,12.017859
Nangate45,NANDX1,NAND2_X1,A1,ZN,rise,4.72397,0.00370979,1.1,25.0,17.3,1.5180722891566267,1.26e-06,8.299999999999999e-07,0,1,1,1.7446626205903233,0.0037029257005795,793650.7936507936,1204819.277108434,2944.277777777778,4469.626506024097,2944.277777777778,793650.7936507936,0.9090909090909092,0.04,0.2057416267942584,1,24.582872
Nangate45,NORX1,NOR2_X1,A1,ZN,rise,40.9838,0.0066757299999999,1.1,25.0,63.465,1.5180722891566267,1.26e-06,8.299999999999999e-07,0,1,1,3.737283829590765,0.0066535459893972,793650.7936507936,1204819.277108434,5298.198412698412,8043.048192771084,5298.198412698412,793650.7936507936,0.9090909090909092,0.04,0.2057416267942584,1,77.48616
Nangate45,NANDX1,NAND4_X1,A2,ZN,fall,4.72397,0.0279999,1.1,25.0,127.009,1.5180722891566267,1.26e-06,8.299999999999999e-07,0,1,1,1.7446626205903233,0.027615069756704,793650.7936507936,1204819.277108434,22222.14285714286,33734.81927710844,33734.81927710844,1204819.277108434,0.9090909090909092,0.04,0.2057416267942584,1,79.31838
Nangate45,INVX1,INV_X16,A,ZN,rise,198.535,0.969238,1.1,25.0,257.141,1.5180722891566267,6.3e-07,4.1500000000000005e-07,1,1,1,5.295989659538859,0.6776466658922388,1587301.5873015872,2409638.554216868,1538473.015873016,2335513.2530120485,1538473.015873016,1587301.5873015872,0.9090909090909092,0.04,0.2057416267942584,1,130.29906
Nangate45,XORX1,XOR2_X1,B,Z,rise,1.1737799999999998,0.0253296,1.1,25.0,148.284,1.5135135135135138,2.52e-06,1.6649999999999995e-06,0,1,1,0.7764675876261998,0.0250141218763313,396825.3968253968,600600.6006006007,10051.42857142857,15212.972972972975,10051.42857142857,396825.3968253968,0.9090909090909092,0.04,0.2043010752688172,1,77.22344
Nangate45,NANDX1,NAND4_X1,A2,ZN,fall,78.0596,0.0279999,1.1,25.0,152.479,1.5180722891566267,1.26e-06,8.299999999999999e-07,0,1,1,4.370201998407221,0.027615069756704,793650.7936507936,1204819.277108434,22222.14285714286,33734.81927710844,33734.81927710844,1204819.277108434,0.9090909090909092,0.04,0.2057416267942584,1,113.859474
Nangate45,NANDX1,NAND3_X1,A2,ZN,rise,1.1737799999999998,0.000365616,1.1,25.0,11.0324,1.5180722891566267,1.26e-06,8.299999999999999e-07,0,1,1,0.7764675876261998,0.000365549178757,793650.7936507936,1204819.277108434,290.1714285714286,440.5012048192772,290.1714285714286,793650.7936507936,0.9090909090909092,0.04,0.2057416267942584,1,23.779034
Nangate45,NORX1,NOR2_X1,A1,ZN,rise,17.1859,0.0267029,1.1,25.0,153.365,1.5180722891566267,1.26e-06,8.299999999999999e-07,0,1,1,2.900646568553312,0.0263525999024103,793650.7936507936,1204819.277108434,21192.777777777777,32172.1686746988,21192.777777777777,793650.7936507936,0.9090909090909092,0.04,0.2057416267942584,1,150.16093
Nangate45,NORX1,NOR2_X1,A1,ZN,rise,198.535,0.000834466,1.1,25.0,70.4989,1.5180722891566267,1.26e-06,8.299999999999999e-07,0,1,1,5.295989659538859,0.0008341180268151,793650.7936507936,1204819.277108434,662.2746031746032,1005.3807228915664,662.2746031746032,793650.7936507936,0.9090909090909092,0.04,0.2057416267942584,1,90.759796
Nangate45,NORX1,NOR2_X1,A2,ZN,fall,78.0596,0.0133515,1.1,25.0,45.6175,1.5180722891566267,1.26e-06,8.299999999999999e-07,0,1,1,4.370201998407221,0.0132631542209015,793650.7936507936,1204819.277108434,10596.42857142857,16086.144578313257,16086.144578313257,1204819.277108434,0.9090909090909092,0.04,0.2057416267942584,1,37.871967
Nangate45,NORX1,NOR3_X1,A1,ZN,rise,130.081,0.001289,1.1,25.0,76.29310000000001,1.5180722891566267,1.26e-06,8.299999999999999e-07,0,1,1,4.875815452730412,0.0012881699527107,793650.7936507936,1204819.277108434,1023.015873015873,1553.012048192771,1023.015873015873,793650.7936507936,0.9090909090909092,0.04,0.2057416267942584,1,85.2907
Nangate45,XORX1,XOR2_X1,B,Z,fall,130.081,0.000365616,1.1,25.0,13.26,1.5135135135135138,2.52e-06,1.6649999999999995e-06,0,1,1,4.875815452730412,0.000365549178757,396825.3968253968,600600.6006006007,145.0857142857143,219.58918918918928,219.58918918918928,600600.6006006007,0.9090909090909092,0.04,0.2043010752688172,1,35.291416
Nangate45,NANDX1,NAND2_X1,A1,ZN,fall,4.72397,0.0593567,1.1,25.0,130.935,1.5180722891566267,1.26e-06,8.299999999999999e-07,0,1,1,1.7446626205903233,0.0576618371011917,793650.7936507936,1204819.277108434,47108.492063492056,71514.09638554217,71514.09638554217,1204819.277108434,0.9090909090909092,0.04,0.2057416267942584,1,149.73701
Nangate45,XORX1,XOR2_X1,A,Z,rise,130.081,0.0031662,1.1,25.0,78.61999999999999,1.5135135135135138,2.52e-06,1.6649999999999995e-06,0,1,1,4.875815452730412,0.0031611981439168,396825.3968253968,600600.6006006007,1256.428571428571,1901.621621621622,1256.428571428571,396825.3968253968,0.9090909090909092,0.04,0.2043010752688172,1,88.15528
Nangate45,NORX1,NOR2_X1,A1,ZN,fall,4.72397,0.0066757299999999,1.1,25.0,13.3237,1.5180722891566267,1.26e-06,8.299999999999999e-07,0,1,1,1.7446626205903233,0.0066535459893972,793650.7936507936,1204819.277108434,5298.198412698412,8043.048192771084,8043.048192771084,1204819.277108434,0.9090909090909092,0.04,0.2057416267942584,1,16.51267
Nangate45,NANDX1,NAND2_X1,A1,ZN,fall,4.72397,0.0296783,1.1,25.0,69.2724,1.5180722891566267,1.26e-06,8.299999999999999e-07,0,1,1,1.7446626205903233,0.0292464233592539,793650.7936507936,1204819.277108434,23554.20634920635,35756.987951807234,35756.987951807234,1204819.277108434,0.9090909090909092,0.04,0.2057416267942584,1,79.337555
Nangate45,INVX1,TINV_X1,EN,ZN,rise,78.0596,0.001164659229,1.1,25.0,13.395,1.5180722891566267,6.3e-07,4.1500000000000005e-07,1,1,1,4.370201998407221,0.0011639815395739,1587301.5873015872,2409638.554216868,1848.6654428571424,2806.407780722892,1848.6654428571424,1587301.5873015872,0.9090909090909092,0.04,0.2057416267942584,1,21.778854
Nangate45,XORX1,XOR2_X1,B,Z,rise,78.0596,0.000365616,1.1,25.0,49.778000000000006,1.5135135135135138,2.52e-06,1.6649999999999995e-06,0,1,1,4.370201998407221,0.000365549178757,396825.3968253968,600600.6006006007,145.0857142857143,219.58918918918928,145.0857142857143,396825.3968253968,0.9090909090909092,0.04,0.2043010752688172,1,54.24793
Nangate45,NANDX1,NAND3_X1,A2,ZN,fall,4.72397,0.0291825,1.1,25.0,99.8942,1.5180722891566267,1.26e-06,8.299999999999999e-07,0,1,1,1.7446626205903233,0.0287647977830285,793650.7936507936,1204819.277108434,23160.714285714286,35159.63855421687,35159.63855421687,1204819.277108434,0.9090909090909092,0.04,0.2057416267942584,1,79.33236
Nangate45,NANDX1,NAND4_X1,A3,ZN,fall,130.081,0.00699997,1.1,25.0,72.9149,1.5180722891566267,1.26e-06,8.299999999999999e-07,0,1,1,4.875815452730412,0.006975583944965,793650.7936507936,1204819.277108434,5555.531746031746,8433.698795180724,8433.698795180724,1204819.277108434,0.9090909090909092,0.04,0.2057416267942584,1,51.827053
Nangate45,NANDX1,NAND4_X1,A2,ZN,fall,17.1859,0.0279999,1.1,25.0,131.275,1.5180722891566267,1.26e-06,8.299999999999999e-07,0,1,1,2.900646568553312,0.027615069756704,793650.7936507936,1204819.277108434,22222.14285714286,33734.81927710844,33734.81927710844,1204819.277108434,0.9090909090909092,0.04,0.2057416267942584,1,75.21013
Nangate45,NANDX1,NAND4_X1,A4,ZN,fall,130.081,0.0017499899999999,1.1,25.0,38.3769,1.5180722891566267,1.26e-06,8.299999999999999e-07,0,1,1,4.875815452730412,0.0017484605515862,793650.7936507936,1204819.277108434,1388.8809523809523,2108.421686746988,2108.421686746988,1204819.277108434,0.9090909090909092,0.04,0.2057416267942584,1,34.13514
Nangate45,NANDX1,NAND3_X1,A2,ZN,fall,40.9838,0.0291825,1.1,25.0,112.351,1.5180722891566267,1.26e-06,8.299999999999999e-07,0,1,1,3.737283829590765,0.0287647977830285,793650.7936507936,1204819.277108434,23160.714285714286,35159.63855421687,35159.63855421687,1204819.277108434,0.9090909090909092,0.04,0.2057416267942584,1,99.582855
Nangate45,NORX1,NOR4_X1,A3,ZN,fall,198.535,0.00195665,1.1,25.0,10.9015,1.5180722891566267,1.26e-06,8.299999999999999e-07,0,1,1,5.295989659538859,0.0019547382537281,793650.7936507936,1204819.277108434,1552.8968253968253,2357.409638554217,2357.409638554217,1204819.277108434,0.9090909090909092,0.04,0.2057416267942584,1,47.262844
Nangate45,NORX1,NOR2_X1,A1,ZN,rise,4.72397,0.000834466,1.1,25.0,16.754,1.5180722891566267,1.26e-06,8.299999999999999e-07,0,1,1,1.7446626205903233,0.0008341180268151,793650.7936507936,1204819.277108434,662.2746031746032,1005.3807228915664,662.2746031746032,793650.7936507936,0.9090909090909092,0.04,0.2057416267942584,1,35.42028
Nangate45,XORX1,XOR2_X1,B,Z,rise,17.1859,0.0253296,1.1,25.0,166.706,1.5135135135135138,2.52e-06,1.6649999999999995e-06,0,1,1,2.900646568553312,0.0250141218763313,396825.3968253968,600600.6006006007,10051.42857142857,15212.972972972975,10051.42857142857,396825.3968253968,0.9090909090909092,0.04,0.2043010752688172,1,94.31057
Nangate45,NORX1,XNOR2_X1,B,ZN,fall,1.1737799999999998,0.00325202,1.1,25.0,16.143,1.5180722891566267,1.26e-06,8.299999999999999e-07,0,1,1,0.7764675876261998,0.0032467436191291,793650.7936507936,1204819.277108434,2580.968253968254,3918.096385542169,3918.096385542169,1204819.277108434,0.9090909090909092,0.04,0.2057416267942584,1,17.210453
Nangate45,NANDX1,NAND3_X1,A2,ZN,fall,17.1859,0.00364781,1.1,25.0,28.3453,1.5180722891566267,1.26e-06,8.299999999999999e-07,0,1,1,2.900646568553312,0.0036411728768477,793650.7936507936,1204819.277108434,2895.0873015873017,4394.951807228917,4394.951807228917,1204819.277108434,0.9090909090909092,0.04,0.2057416267942584,1,16.966194
Nangate45,NANDX1,NAND4_X1,A4,ZN,rise,198.535,0.000365616,1.1,25.0,68.92139999999999,1.5180722891566267,1.26e-06,8.299999999999999e-07,0,1,1,5.295989659538859,0.000365549178757,793650.7936507936,1204819.277108434,290.1714285714286,440.5012048192772,290.1714285714286,793650.7936507936,0.9090909090909092,0.04,0.2057416267942584,1,56.03514
Nangate45,INVX1,TINV_X1,EN,ZN,rise,198.535,0.002245113229,1.1,25.0,14.979,1.5180722891566267,6.3e-07,4.1500000000000005e-07,1,1,1,5.295989659538859,0.0022425967281435,1587301.5873015872,2409638.554216868,3563.6717920634924,5409.911395180725,3563.6717920634924,1587301.5873015872,0.9090909090909092,0.04,0.2057416267942584,1,74.11376
Nangate45,NORX1,NOR4_X1,A1,ZN,fall,17.1859,0.00342249,1.1,25.0,15.1663,1.5180722891566267,1.26e-06,8.299999999999999e-07,0,1,1,2.900646568553312,0.0034166466099336,793650.7936507936,1204819.277108434,2716.2619047619046,4123.481927710844,4123.481927710844,1204819.277108434,0.9090909090909092,0.04,0.2057416267942584,1,16.212742
Nangate45,NANDX1,NAND4_X1,A4,ZN,rise,78.0596,0.0559998,1.1,25.0,189.836,1.5180722891566267,1.26e-06,8.299999999999999e-07,0,1,1,4.370201998407221,0.0544879958901124,793650.7936507936,1204819.277108434,44444.28571428572,67469.63855421687,44444.28571428572,793650.7936507936,0.9090909090909092,0.04,0.2057416267942584,1,198.04105
Nangate45,NANDX1,NAND3_X1,A1,ZN,fall,1.1737799999999998,0.0291825,1.1,25.0,95.9019,1.5180722891566267,1.26e-06,8.299999999999999e-07,0,1,1,0.7764675876261998,0.0287647977830285,793650.7936507936,1204819.277108434,23160.714285714286,35159.63855421687,35159.63855421687,1204819.277108434,0.9090909090909092,0.04,0.2057416267942584,1,78.85669
Nangate45,INVX1,TINV_X1,EN,ZN,fall,130.081,0.002245113229,1.1,25.0,51.666,1.5180722891566267,6.3e-07,4.1500000000000005e-07,1,1,1,4.875815452730412,0.0022425967281435,1587301.5873015872,2409638.554216868,3563.6717920634924,5409.911395180725,5409.911395180725,2409638.554216868,0.9090909090909092,0.04,0.2057416267942584,1,34.612965
Nangate45,XORX1,XOR2_X1,B,Z,fall,4.72397,0.000365616,1.1,25.0,10.488,1.5135135135135138,2.52e-06,1.6649999999999995e-06,0,1,1,1.7446626205903233,0.000365549178757,396825.3968253968,600600.6006006007,145.0857142857143,219.58918918918928,219.58918918918928,600600.6006006007,0.9090909090909092,0.04,0.2043010752688172,1,17.59208
Nangate45,NORX1,XNOR2_X1,A,ZN,fall,4.72397,0.00162601,1.1,25.0,35.043,1.5180722891566267,1.26e-06,8.299999999999999e-07,0,1,1,1.7446626205903233,0.0016246894770018,793650.7936507936,1204819.277108434,1290.484126984127,1959.0481927710848,1959.0481927710848,1204819.277108434,0.9090909090909092,0.04,0.2057416267942584,1,8.26917
Nangate45,NORX1,NOR3_X1,A2,ZN,fall,198.535,0.00242029,1.1,25.0,7.47409,1.5180722891566267,1.26e-06,8.299999999999999e-07,0,1,1,5.295989659538859,0.0024173658154572,793650.7936507936,1204819.277108434,1920.8650793650795,2916.012048192772,2916.012048192772,1204819.277108434,0.9090909090909092,0.04,0.2057416267942584,1,47.198757
Nangate45,XORX1,XOR2_X1,A,Z,rise,4.72397,0.0031662,1.1,25.0,32.222,1.5135135135135138,2.52e-06,1.6649999999999995e-06,0,1,1,1.7446626205903233,0.0031611981439168,396825.3968253968,600600.6006006007,1256.428571428571,1901.621621621622,1256.428571428571,396825.3968253968,0.9090909090909092,0.04,0.2043010752688172,1,44.726475
Nangate45,NANDX1,NAND4_X1,A4,ZN,rise,198.535,0.00699997,1.1,25.0,103.954,1.5180722891566267,1.26e-06,8.299999999999999e-07,0,1,1,5.295989659538859,0.006975583944965,793650.7936507936,1204819.277108434,5555.531746031746,8433.698795180724,5555.531746031746,793650.7936507936,0.9090909090909092,0.04,0.2057416267942584,1,81.79725
Nangate45,NANDX1,NAND4_X1,A1,ZN,rise,40.9838,0.00349999,1.1,25.0,36.5728,1.5180722891566267,1.26e-06,8.299999999999999e-07,0,1,1,3.737283829590765,0.0034938792891336,793650.7936507936,1204819.277108434,2777.769841269841,4216.855421686748,2777.769841269841,793650.7936507936,0.9090909090909092,0.04,0.2057416267942584,1,37.40917
Nangate45,NANDX1,NAND4_X1,A1,ZN,rise,4.72397,0.0017499899999999,1.1,25.0,15.4148,1.5180722891566267,1.26e-06,8.299999999999999e-07,0,1,1,1.7446626205903233,0.0017484605515862,793650.7936507936,1204819.277108434,1388.8809523809523,2108.421686746988,1388.8809523809523,793650.7936507936,0.9090909090909092,0.04,0.2057416267942584,1,20.636337
Nangate45,XORX1,XOR2_X1,A,Z,fall,130.081,0.00079155,1.1,25.0,95.474,1.5135135135135138,2.52e-06,1.6649999999999995e-06,0,1,1,4.875815452730412,0.0007912368895162,396825.3968253968,600600.6006006007,314.10714285714283,475.40540540540553,475.40540540540553,600600.6006006007,0.9090909090909092,0.04,0.2043010752688172,1,41.20486
Nangate45,INVX2,INV_X2,A,ZN,rise,198.535,0.00759125,1.1,25.0,66.8395,1.5180722891566267,1.26e-06,8.299999999999999e-07,1,1,1,5.295989659538859,0.0075625814570239,793650.7936507936,1204819.277108434,6024.801587301587,9146.0843373494,6024.801587301587,793650.7936507936,0.9090909090909092,0.04,0.2057416267942584,1,116.87284
Nangate45,NANDX1,NAND4_X1,A1,ZN,rise,4.72397,0.00699997,1.1,25.0,28.2223,1.5180722891566267,1.26e-06,8.299999999999999e-07,0,1,1,1.7446626205903233,0.006975583944965,793650.7936507936,1204819.277108434,5555.531746031746,8433.698795180724,5555.531746031746,793650.7936507936,0.9090909090909092,0.04,0.2057416267942584,1,34.40281
Nangate45,NORX1,NOR3_X1,A3,ZN,rise,1.1737799999999998,0.0160217,1.1,25.0,158.59500000000003,1.5180722891566267,1.26e-06,8.299999999999999e-07,0,1,1,0.7764675876261998,0.0158947071959221,793650.7936507936,1204819.277108434,12715.63492063492,19303.253012048197,12715.63492063492,793650.7936507936,0.9090909090909092,0.04,0.2057416267942584,1,125.052246
Nangate45,NANDX1,NAND4_X1,A3,ZN,fall,1.1737799999999998,0.00349999,1.1,25.0,34.0566,1.5180722891566267,1.26e-06,8.299999999999999e-07,0,1,1,0.7764675876261998,0.0034938792891336,793650.7936507936,1204819.277108434,2777.769841269841,4216.855421686748,4216.855421686748,1204819.277108434,0.9090909090909092,0.04,0.2057416267942584,1,20.92022
Nangate45,NORX1,NOR4_X1,A4,ZN,fall,198.535,0.00342249,1.1,25.0,21.2441,1.5180722891566267,1.26e-06,8.299999999999999e-07,0,1,1,5.295989659538859,0.0034166466099336,793650.7936507936,1204819.277108434,2716.2619047619046,4123.481927710844,4123.481927710844,1204819.277108434,0.9090909090909092,0.04,0.2057416267942584,1,50.655437
Nangate45,NANDX1,NAND3_X1,A3,ZN,rise,78.0596,0.0583649,1.1,25.0,191.683,1.5180722891566267,1.26e-06,8.299999999999999e-07,0,1,1,4.370201998407221,0.0567251700033895,793650.7936507936,1204819.277108434,46321.3492063492,70319.15662650602,46321.3492063492,793650.7936507936,0.9090909090909092,0.04,0.2057416267942584,1,198.15123
Nangate45,NANDX1,NAND4_X1,A1,ZN,rise,40.9838,0.0139999,1.1,25.0,63.5951,1.5180722891566267,1.26e-06,8.299999999999999e-07,0,1,1,3.737283829590765,0.0139028065496571,793650.7936507936,1204819.277108434,11111.031746031746,16867.349397590366,11111.031746031746,793650.7936507936,0.9090909090909092,0.04,0.2057416267942584,1,79.851555
Nangate45,NORX1,NOR2_X1,A2,ZN,fall,4.72397,0.00166893,1.1,25.0,8.06589,1.5180722891566267,1.26e-06,8.299999999999999e-07,0,1,1,1.7446626205903233,0.001667538883896,793650.7936507936,1204819.277108434,1324.547619047619,2010.7590361445789,2010.7590361445789,1204819.277108434,0.9090909090909092,0.04,0.2057416267942584,1,10.909964
Nangate45,NORX1,NOR3_X1,A2,ZN,fall,198.535,0.0160217,1.1,25.0,60.5139,1.5180722891566267,1.26e-06,8.299999999999999e-07,0,1,1,5.295989659538859,0.0158947071959221,793650.7936507936,1204819.277108434,12715.63492063492,19303.253012048197,19303.253012048197,1204819.277108434,0.9090909090909092,0.04,0.2057416267942584,1,96.74259
Nangate45,INVX2,INV_X2,A,ZN,rise,40.9838,0.12146,1.1,25.0,171.006,1.5180722891566267,1.26e-06,8.299999999999999e-07,1,1,1,3.737283829590765,0.1146314078240044,793650.7936507936,1204819.277108434,96396.82539682538,146337.34939759038,96396.82539682538,793650.7936507936,0.9090909090909092,0.04,0.2057416267942584,1,133.81409
Nangate45,NORX1,NOR2_X1,A2,ZN,rise,40.9838,0.0133515,1.1,25.0,99.9614,1.5180722891566267,1.26e-06,8.299999999999999e-07,0,1,1,3.737283829590765,0.0132631542209015,793650.7936507936,1204819.277108434,10596.42857142857,16086.144578313257,10596.42857142857,793650.7936507936,0.9090909090909092,0.04,0.2057416267942584,1,152.3315
Nangate45,NORX1,XNOR2_X1,A,ZN,rise,40.9838,0.000365616,1.1,25.0,32.614999999999995,1.5180722891566267,1.26e-06,8.299999999999999e-07,0,1,1,3.737283829590765,0.000365549178757,793650.7936507936,1204819.277108434,290.1714285714286,440.5012048192772,290.1714285714286,793650.7936507936,0.9090909090909092,0.04,0.2057416267942584,1,50.872097
Nangate45,NORX1,XNOR2_X1,B,ZN,rise,40.9838,0.0130081,1.1,25.0,101.87,1.5180722891566267,1.26e-06,8.299999999999999e-07,0,1,1,3.737283829590765,0.0129242212859107,793650.7936507936,1204819.277108434,10323.88888888889,15672.409638554222,10323.88888888889,793650.7936507936,0.9090909090909092,0.04,0.2057416267942584,1,114.44981
Nangate45,NANDX1,NAND3_X1,A2,ZN,rise,130.081,0.0018239,1.1,25.0,51.7651,1.5180722891566267,1.26e-06,8.299999999999999e-07,0,1,1,4.875815452730412,0.0018222387141011,793650.7936507936,1204819.277108434,1447.5396825396824,2197.4698795180725,1447.5396825396824,793650.7936507936,0.9090909090909092,0.04,0.2057416267942584,1,46.285122
Nangate45,NANDX1,NAND2_X1,A2,ZN,rise,17.1859,0.0593567,1.1,25.0,159.43099999999998,1.5180722891566267,1.26e-06,8.299999999999999e-07,0,1,1,2.900646568553312,0.0576618371011917,793650.7936507936,1204819.277108434,47108.492063492056,71514.09638554217,47108.492063492056,793650.7936507936,0.9090909090909092,0.04,0.2057416267942584,1,185.46007
Nangate45,XORX1,XOR2_X1,B,Z,rise,198.535,0.0253296,1.1,25.0,176.44299999999998,1.5135135135135138,2.52e-06,1.6649999999999995e-06,0,1,1,5.295989659538859,0.0250141218763313,396825.3968253968,600600.6006006007,10051.42857142857,15212.972972972975,10051.42857142857,396825.3968253968,0.9090909090909092,0.04,0.2043010752688172,1,137.97514
Nangate45,NORX1,NOR2_X1,A2,ZN,fall,40.9838,0.0133515,1.1,25.0,37.801300000000005,1.5180722891566267,1.26e-06,8.299999999999999e-07,0,1,1,3.737283829590765,0.0132631542209015,793650.7936507936,1204819.277108434,10596.42857142857,16086.144578313257,16086.144578313257,1204819.277108434,0.9090909090909092,0.04,0.2057416267942584,1,35.068733
Nangate45,NANDX1,NAND4_X1,A4,ZN,rise,1.1737799999999998,0.0559998,1.1,25.0,151.177,1.5180722891566267,1.26e-06,8.299999999999999e-07,0,1,1,0.7764675876261998,0.0544879958901124,793650.7936507936,1204819.277108434,44444.28571428572,67469.63855421687,44444.28571428572,793650.7936507936,0.9090909090909092,0.04,0.2057416267942584,1,135.10466
Nangate45,NORX1,NOR3_X1,A3,ZN,fall,1.1737799999999998,0.00242029,1.1,25.0,7.983989999999999,1.5180722891566267,1.26e-06,8.299999999999999e-07,0,1,1,0.7764675876261998,0.0024173658154572,793650.7936507936,1204819.277108434,1920.8650793650795,2916.012048192772,2916.012048192772,1204819.277108434,0.9090909090909092,0.04,0.2057416267942584,1,14.553787
Nangate45,NORX1,XNOR2_X1,A,ZN,fall,4.72397,0.00162601,1.1,25.0,11.758,1.5180722891566267,1.26e-06,8.299999999999999e-07,0,1,1,1.7446626205903233,0.0016246894770018,793650.7936507936,1204819.277108434,1290.484126984127,1959.0481927710848,1959.0481927710848,1204819.277108434,0.9090909090909092,0.04,0.2057416267942584,1,9.819177
Nangate45,NANDX1,NAND3_X1,A1,ZN,rise,4.72397,0.0583649,1.1,25.0,150.098,1.5180722891566267,1.26e-06,8.299999999999999e-07,0,1,1,1.7446626205903233,0.0567251700033895,793650.7936507936,1204819.277108434,46321.3492063492,70319.15662650602,46321.3492063492,793650.7936507936,0.9090909090909092,0.04,0.2057416267942584,1,166.1722
Nangate45,NANDX1,NAND4_X1,A3,ZN,fall,198.535,0.0559998,1.1,25.0,284.449,1.5180722891566267,1.26e-06,8.299999999999999e-07,0,1,1,5.295989659538859,0.0544879958901124,793650.7936507936,1204819.277108434,44444.28571428572,67469.63855421687,67469.63855421687,1204819.277108434,0.9090909090909092,0.04,0.2057416267942584,1,220.98268
Nangate45,NANDX1,NAND2_X1,A1,ZN,rise,130.081,0.00370979,1.1,25.0,54.6771,1.5180722891566267,1.26e-06,8.299999999999999e-07,0,1,1,4.875815452730412,0.0037029257005795,793650.7936507936,1204819.277108434,2944.277777777778,4469.626506024097,2944.277777777778,793650.7936507936,0.9090909090909092,0.04,0.2057416267942584,1,52.88355
Nangate45,NANDX1,NAND2_X1,A1,ZN,fall,1.1737799999999998,0.0296783,1.1,25.0,67.9222,1.5180722891566267,1.26e-06,8.299999999999999e-07,0,1,1,0.7764675876261998,0.0292464233592539,793650.7936507936,1204819.277108434,23554.20634920635,35756.987951807234,35756.987951807234,1204819.277108434,0.9090909090909092,0.04,0.2057416267942584,1,78.85675
Nangate45,NORX1,XNOR2_X1,A,ZN,fall,78.0596,0.00162601,1.1,25.0,64.353,1.5180722891566267,1.26e-06,8.299999999999999e-07,0,1,1,4.370201998407221,0.0016246894770018,793650.7936507936,1204819.277108434,1290.484126984127,1959.0481927710848,1959.0481927710848,1204819.277108434,0.9090909090909092,0.04,0.2057416267942584,1,18.531412
Nangate45,NORX1,XNOR2_X1,A,ZN,rise,198.535,0.0130081,1.1,25.0,168.571,1.5180722891566267,1.26e-06,8.299999999999999e-07,0,1,1,5.295989659538859,0.0129242212859107,793650.7936507936,1204819.277108434,10323.88888888889,15672.409638554222,10323.88888888889,793650.7936507936,0.9090909090909092,0.04,0.2057416267942584,1,130.51823
Nangate45,NANDX1,NAND4_X1,A1,ZN,rise,1.1737799999999998,0.0139999,1.1,25.0,43.3172,1.5180722891566267,1.26e-06,8.299999999999999e-07,0,1,1,0.7764675876261998,0.0139028065496571,793650.7936507936,1204819.277108434,11111.031746031746,16867.349397590366,11111.031746031746,793650.7936507936,0.9090909090909092,0.04,0.2057416267942584,1,57.406437
Nangate45,XORX1,XOR2_X1,A,Z,fall,130.081,0.0031662,1.1,25.0,28.454,1.5135135135135138,2.52e-06,1.6649999999999995e-06,0,1,1,4.875815452730412,0.0031611981439168,396825.3968253968,600600.6006006007,1256.428571428571,1901.621621621622,1901.621621621622,600600.6006006007,0.9090909090909092,0.04,0.2043010752688172,1,52.90692
Nangate45,NANDX1,NAND2_X1,A1,ZN,rise,17.1859,0.0018549,1.1,25.0,18.9535,1.5180722891566267,1.26e-06,8.299999999999999e-07,0,1,1,2.900646568553312,0.0018531817973962,793650.7936507936,1204819.277108434,1472.142857142857,2234.819277108434,1472.142857142857,793650.7936507936,0.9090909090909092,0.04,0.2057416267942584,1,30.657629
Nangate45,INVX1,TINV_X1,EN,ZN,fall,1.1737799999999998,0.02342024323,1.1,25.0,70.26,1.5180722891566267,6.3e-07,4.1500000000000005e-07,1,1,1,0.7764675876261998,0.0231501975625825,1587301.5873015872,2409638.554216868,37174.989253968255,56434.32103614459,56434.32103614459,2409638.554216868,0.9090909090909092,0.04,0.2057416267942584,1,25.120373
Nangate45,NANDX1,NAND3_X1,A2,ZN,fall,78.0596,0.0291825,1.1,25.0,125.139,1.5180722891566267,1.26e-06,8.299999999999999e-07,0,1,1,4.370201998407221,0.0287647977830285,793650.7936507936,1204819.277108434,23160.714285714286,35159.63855421687,35159.63855421687,1204819.277108434,0.9090909090909092,0.04,0.2057416267942584,1,113.896416
Nangate45,INVX1,TINV_X1,EN,ZN,fall,1.1737799999999998,0.002245113229,1.1,25.0,17.416,1.5180722891566267,6.3e-07,4.1500000000000005e-07,1,1,1,0.7764675876261998,0.0022425967281435,1587301.5873015872,2409638.554216868,3563.6717920634924,5409.911395180725,5409.911395180725,2409638.554216868,0.9090909090909092,0.04,0.2057416267942584,1,11.169186
Nangate45,NORX1,NOR3_X1,A2,ZN,rise,17.1859,0.000686498,1.1,25.0,39.6838,1.5180722891566267,1.26e-06,8.299999999999999e-07,0,1,1,2.900646568553312,0.0006862624680366,793650.7936507936,1204819.277108434,544.8396825396825,827.1060240963857,544.8396825396825,793650.7936507936,0.9090909090909092,0.04,0.2057416267942584,1,51.35764
Nangate45,NORX1,XNOR2_X1,B,ZN,rise,4.72397,0.000365616,1.1,25.0,33.669,1.5180722891566267,1.26e-06,8.299999999999999e-07,0,1,1,1.7446626205903233,0.000365549178757,793650.7936507936,1204819.277108434,290.1714285714286,440.5012048192772,290.1714285714286,793650.7936507936,0.9090909090909092,0.04,0.2057416267942584,1,36.983944
Nangate45,XORX1,XOR2_X1,A,Z,rise,4.72397,0.0126648,1.1,25.0,99.071,1.5135135135135138,2.52e-06,1.6649999999999995e-06,0,1,1,1.7446626205903233,0.0125852721858001,396825.3968253968,600600.6006006007,5025.714285714285,7606.486486486488,5025.714285714285,396825.3968253968,0.9090909090909092,0.04,0.2043010752688172,1,74.02922
Nangate45,INVX1,INV_X1,A,ZN,fall,130.081,0.00189781,1.1,25.0,6.4151,1.5180722891566267,6.3e-07,4.1500000000000005e-07,1,1,1,4.875815452730412,0.0018960114338003,1587301.5873015872,2409638.554216868,3012.396825396825,4573.036144578314,4573.036144578314,2409638.554216868,0.9090909090909092,0.04,0.2057416267942584,1,29.686071
Nangate45,INVX1,TINV_X1,I,ZN,fall,198.535,0.001526164229,1.1,25.0,13.9171,1.5180722891566267,6.3e-07,4.1500000000000005e-07,1,1,1,5.295989659538859,0.0015250008239207,1587301.5873015872,2409638.554216868,2422.482903174603,3677.5041662650606,3677.5041662650606,2409638.554216868,0.9090909090909092,0.04,0.2057416267942584,1,23.615643
Nangate45,NANDX1,NAND4_X1,A2,ZN,fall,17.1859,0.00349999,1.1,25.0,36.8196,1.5180722891566267,1.26e-06,8.299999999999999e-07,0,1,1,2.900646568553312,0.0034938792891336,793650.7936507936,1204819.277108434,2777.769841269841,4216.855421686748,4216.855421686748,1204819.277108434,0.9090909090909092,0.04,0.2057416267942584,1,16.963339
Nangate45,NANDX1,NAND4_X1,A2,ZN,fall,130.081,0.0017499899999999,1.1,25.0,49.4645,1.5180722891566267,1.26e-06,8.299999999999999e-07,0,1,1,4.875815452730412,0.0017484605515862,793650.7936507936,1204819.277108434,1388.8809523809523,2108.421686746988,2108.421686746988,1204819.277108434,0.9090909090909092,0.04,0.2057416267942584,1,33.89341
Nangate45,NANDX1,NAND4_X1,A1,ZN,fall,17.1859,0.000365616,1.1,25.0,20.9193,1.5180722891566267,1.26e-06,8.299999999999999e-07,0,1,1,2.900646568553312,0.000365549178757,793650.7936507936,1204819.277108434,290.1714285714286,440.5012048192772,440.5012048192772,1204819.277108434,0.9090909090909092,0.04,0.2057416267942584,1,13.167204
Nangate45,NORX1,NOR2_X1,A2,ZN,fall,40.9838,0.0066757299999999,1.1,25.0,26.2861,1.5180722891566267,1.26e-06,8.299999999999999e-07,0,1,1,3.737283829590765,0.0066535459893972,793650.7936507936,1204819.277108434,5298.198412698412,8043.048192771084,8043.048192771084,1204819.277108434,0.9090909090909092,0.04,0.2057416267942584,1,24.574205
Nangate45,NORX1,XNOR2_X1,A,ZN,fall,4.72397,0.0130081,1.1,25.0,58.88,1.5180722891566267,1.26e-06,8.299999999999999e-07,0,1,1,1.7446626205903233,0.0129242212859107,793650.7936507936,1204819.277108434,10323.88888888889,15672.409638554222,15672.409638554222,1204819.277108434,0.9090909090909092,0.04,0.2057416267942584,1,28.204832
Nangate45,NORX1,NOR3_X1,A3,ZN,rise,4.72397,0.000686498,1.1,25.0,38.9643,1.5180722891566267,1.26e-06,8.299999999999999e-07,0,1,1,1.7446626205903233,0.0006862624680366,793650.7936507936,1204819.277108434,544.8396825396825,827.1060240963857,544.8396825396825,793650.7936507936,0.9090909090909092,0.04,0.2057416267942584,1,35.255287
Nangate45,XORX1,XOR2_X1,B,Z,rise,17.1859,0.0015831,1.1,25.0,33.889,1.5135135135135138,2.52e-06,1.6649999999999995e-06,0,1,1,2.900646568553312,0.0015818482181514,396825.3968253968,600600.6006006007,628.2142857142857,950.8108108108112,628.2142857142857,396825.3968253968,0.9090909090909092,0.04,0.2043010752688172,1,40.75458
Nangate45,NANDX1,NAND2_X1,A1,ZN,rise,1.1737799999999998,0.00370979,1.1,25.0,15.7672,1.5180722891566267,1.26e-06,8.299999999999999e-07,0,1,1,0.7764675876261998,0.0037029257005795,793650.7936507936,1204819.277108434,2944.277777777778,4469.626506024097,2944.277777777778,793650.7936507936,0.9090909090909092,0.04,0.2057416267942584,1,30.80592
Nangate45,NORX1,NOR4_X1,A2,ZN,fall,17.1859,0.00111862,1.1,25.0,12.9037,1.5180722891566267,1.26e-06,8.299999999999999e-07,0,1,1,2.900646568553312,0.001117994810837,793650.7936507936,1204819.277108434,887.7936507936508,1347.7349397590365,1347.7349397590365,1204819.277108434,0.9090909090909092,0.04,0.2057416267942584,1,12.017859
Nangate45,NORX1,NOR3_X1,A3,ZN,fall,17.1859,0.001289,1.1,25.0,12.5665,1.5180722891566267,1.26e-06,8.299999999999999e-07,0,1,1,2.900646568553312,0.0012881699527107,793650.7936507936,1204819.277108434,1023.015873015873,1553.012048192771,1553.012048192771,1204819.277108434,0.9090909090909092,0.04,0.2057416267942584,1,14.690401
Nangate45,NANDX1,NAND3_X1,A2,ZN,rise,40.9838,0.0018239,1.1,25.0,32.049800000000005,1.5180722891566267,1.26e-06,8.299999999999999e-07,0,1,1,3.737283829590765,0.0018222387141011,793650.7936507936,1204819.277108434,1447.5396825396824,2197.4698795180725,1447.5396825396824,793650.7936507936,0.9090909090909092,0.04,0.2057416267942584,1,31.795395
Nangate45,XORX1,XOR2_X1,B,Z,fall,17.1859,0.0031662,1.1,25.0,20.37,1.5135135135135138,2.52e-06,1.6649999999999995e-06,0,1,1,2.900646568553312,0.0031611981439168,396825.3968253968,600600.6006006007,1256.428571428571,1901.621621621622,1901.621621621622,600600.6006006007,0.9090909090909092,0.04,0.2043010752688172,1,33.290028
Nangate45,NANDX1,NAND4_X1,A2,ZN,rise,130.081,0.0279999,1.1,25.0,146.215,1.5180722891566267,1.26e-06,8.299999999999999e-07,0,1,1,4.875815452730412,0.027615069756704,793650.7936507936,1204819.277108434,22222.14285714286,33734.81927710844,22222.14285714286,793650.7936507936,0.9090909090909092,0.04,0.2057416267942584,1,137.19026
Nangate45,INVX1,TINV_X1,EN,ZN,fall,4.72397,0.01217354323,1.1,25.0,44.312,1.5180722891566267,6.3e-07,4.1500000000000005e-07,1,1,1,1.7446626205903233,0.0121000415684708,1587301.5873015872,2409638.554216868,19323.08449206349,29333.839108433735,29333.839108433735,2409638.554216868,0.9090909090909092,0.04,0.2057416267942584,1,24.544048
Nangate45,XORX1,XOR2_X1,A,Z,rise,130.081,0.00079155,1.1,25.0,58.554,1.5135135135135138,2.52e-06,1.6649999999999995e-06,0,1,1,4.875815452730412,0.0007912368895162,396825.3968253968,600600.6006006007,314.10714285714283,475.40540540540553,314.10714285714283,396825.3968253968,0.9090909090909092,0.04,0.2043010752688172,1,69.43138
Nangate45,INVX1,TINV_X1,EN,ZN,fall,40.9838,0.01217354323,1.1,25.0,59.382,1.5180722891566267,6.3e-07,4.1500000000000005e-07,1,1,1,3.737283829590765,0.0121000415684708,1587301.5873015872,2409638.554216868,19323.08449206349,29333.839108433735,29333.839108433735,2409638.554216868,0.9090909090909092,0.04,0.2057416267942584,1,48.686867
Nangate45,NORX1,NOR2_X1,A2,ZN,rise,130.081,0.000365616,1.1,25.0,50.261,1.5180722891566267,1.26e-06,8.299999999999999e-07,0,1,1,4.875815452730412,0.000365549178757,793650.7936507936,1204819.277108434,290.1714285714286,440.5012048192772,290.1714285714286,793650.7936507936,0.9090909090909092,0.04,0.2057416267942584,1,0.4355791
Nangate45,NANDX1,NAND4_X1,A1,ZN,rise,198.535,0.0017499899999999,1.1,25.0,55.29,1.5180722891566267,1.26e-06,8.299999999999999e-07,0,1,1,5.295989659538859,0.0017484605515862,793650.7936507936,1204819.277108434,1388.8809523809523,2108.421686746988,1388.8809523809523,793650.7936507936,0.9090909090909092,0.04,0.2057416267942584,1,59.511047
Nangate45,NORX1,XNOR2_X1,B,ZN,fall,1.1737799999999998,0.0130081,1.1,25.0,36.836,1.5180722891566267,1.26e-06,8.299999999999999e-07,0,1,1,0.7764675876261998,0.0129242212859107,793650.7936507936,1204819.277108434,10323.88888888889,15672.409638554222,15672.409638554222,1204819.277108434,0.9090909090909092,0.04,0.2057416267942584,1,47.332355
Nangate45,NANDX1,NAND4_X1,A3,ZN,rise,40.9838,0.0279999,1.1,25.0,101.555,1.5180722891566267,1.26e-06,8.299999999999999e-07,0,1,1,3.737283829590765,0.027615069756704,793650.7936507936,1204819.277108434,22222.14285714286,33734.81927710844,22222.14285714286,793650.7936507936,0.9090909090909092,0.04,0.2057416267942584,1,109.36834
Nangate45,NORX1,NOR3_X1,A3,ZN,rise,4.72397,0.001289,1.1,25.0,43.8568,1.5180722891566267,1.26e-06,8.299999999999999e-07,0,1,1,1.7446626205903233,0.0012881699527107,793650.7936507936,1204819.277108434,1023.015873015873,1553.012048192771,1023.015873015873,793650.7936507936,0.9090909090909092,0.04,0.2057416267942584,1,51.817146
Nangate45,INVX1,INV_X1,A,ZN,rise,17.1859,0.0151825,1.1,25.0,49.4226,1.5180722891566267,6.3e-07,4.1500000000000005e-07,1,1,1,2.900646568553312,0.0150683992868016,1587301.5873015872,2409638.554216868,24099.206349206343,36584.3373493976,24099.206349206343,1587301.5873015872,0.9090909090909092,0.04,0.2057416267942584,1,52.502033
Nangate45,NORX1,XNOR2_X1,B,ZN,rise,4.72397,0.000813006,1.1,25.0,25.432,1.5180722891566267,1.26e-06,8.299999999999999e-07,0,1,1,1.7446626205903233,0.0008126756896393,793650.7936507936,1204819.277108434,645.2428571428571,979.5253012048196,645.2428571428571,793650.7936507936,0.9090909090909092,0.04,0.2057416267942584,1,35.676395
Nangate45,NORX1,NOR3_X1,A2,ZN,rise,78.0596,0.0160217,1.1,25.0,183.121,1.5180722891566267,1.26e-06,8.299999999999999e-07,0,1,1,4.370201998407221,0.0158947071959221,793650.7936507936,1204819.277108434,12715.63492063492,19303.253012048197,12715.63492063492,793650.7936507936,0.9090909090909092,0.04,0.2057416267942584,1,159.52892
Nangate45,NORX1,NOR4_X1,A2,ZN,rise,40.9838,0.00598648,1.1,25.0,120.896,1.5180722891566267,1.26e-06,8.299999999999999e-07,0,1,1,3.737283829590765,0.0059686322234213,793650.7936507936,1204819.277108434,4751.174603174603,7212.626506024098,4751.174603174603,793650.7936507936,0.9090909090909092,0.04,0.2057416267942584,1,77.48435
Nangate45,XORX1,XOR2_X1,B,Z,rise,4.72397,0.000365616,1.1,25.0,35.183,1.5135135135135138,2.52e-06,1.6649999999999995e-06,0,1,1,1.7446626205903233,0.000365549178757,396825.3968253968,600600.6006006007,145.0857142857143,219.58918918918928,145.0857142857143,396825.3968253968,0.9090909090909092,0.04,0.2043010752688172,1,29.646963
Nangate45,NORX1,XNOR2_X1,B,ZN,fall,40.9838,0.00650405,1.1,25.0,38.456,1.5180722891566267,1.26e-06,8.299999999999999e-07,0,1,1,3.737283829590765,0.0064829899346209,793650.7936507936,1204819.277108434,5161.944444444445,7836.204819277111,7836.204819277111,1204819.277108434,0.9090909090909092,0.04,0.2057416267942584,1,24.573751
Nangate45,XORX1,XOR2_X1,B,Z,rise,40.9838,0.0031662,1.1,25.0,53.713,1.5135135135135138,2.52e-06,1.6649999999999995e-06,0,1,1,3.737283829590765,0.0031611981439168,396825.3968253968,600600.6006006007,1256.428571428571,1901.621621621622,1256.428571428571,396825.3968253968,0.9090909090909092,0.04,0.2043010752688172,1,67.46562
Nangate45,NORX1,XNOR2_X1,B,ZN,fall,4.72397,0.00650405,1.1,25.0,24.397,1.5180722891566267,1.26e-06,8.299999999999999e-07,0,1,1,1.7446626205903233,0.0064829899346209,793650.7936507936,1204819.277108434,5161.944444444445,7836.204819277111,7836.204819277111,1204819.277108434,0.9090909090909092,0.04,0.2057416267942584,1,16.512632
Nangate45,NORX1,NOR4_X1,A4,ZN,fall,4.72397,0.00111862,1.1,25.0,8.25362,1.5180722891566267,1.26e-06,8.299999999999999e-07,0,1,1,1.7446626205903233,0.001117994810837,793650.7936507936,1204819.277108434,887.7936507936508,1347.7349397590365,1347.7349397590365,1204819.277108434,0.9090909090909092,0.04,0.2057416267942584,1,9.798234
Nangate45,NORX1,NOR3_X1,A1,ZN,fall,40.9838,0.0160217,1.1,25.0,40.5207,1.5180722891566267,1.26e-06,8.299999999999999e-07,0,1,1,3.737283829590765,0.0158947071959221,793650.7936507936,1204819.277108434,12715.63492063492,19303.253012048197,19303.253012048197,1204819.277108434,0.9090909090909092,0.04,0.2057416267942584,1,49.751255
Nangate45,NORX1,NOR4_X1,A3,ZN,fall,78.0596,0.00195665,1.1,25.0,20.0429,1.5180722891566267,1.26e-06,8.299999999999999e-07,0,1,1,4.370201998407221,0.0019547382537281,793650.7936507936,1204819.277108434,1552.8968253968253,2357.409638554217,2357.409638554217,1204819.277108434,0.9090909090909092,0.04,0.2057416267942584,1,19.83886
Nangate45,NANDX1,NAND2_X1,A1,ZN,fall,40.9838,0.00370979,1.1,25.0,25.6634,1.5180722891566267,1.26e-06,8.299999999999999e-07,0,1,1,3.737283829590765,0.0037029257005795,793650.7936507936,1204819.277108434,2944.277777777778,4469.626506024097,4469.626506024097,1204819.277108434,0.9090909090909092,0.04,0.2057416267942584,1,26.599062
Nangate45,NORX1,NOR2_X1,A2,ZN,rise,4.72397,0.00166893,1.1,25.0,26.0761,1.5180722891566267,1.26e-06,8.299999999999999e-07,0,1,1,1.7446626205903233,0.001667538883896,793650.7936507936,1204819.277108434,1324.547619047619,2010.7590361445789,1324.547619047619,793650.7936507936,0.9090909090909092,0.04,0.2057416267942584,1,36.12218
Nangate45,NORX1,NOR4_X1,A2,ZN,fall,1.1737799999999998,0.00195665,1.1,25.0,8.07723,1.5180722891566267,1.26e-06,8.299999999999999e-07,0,1,1,0.7764675876261998,0.0019547382537281,793650.7936507936,1204819.277108434,1552.8968253968253,2357.409638554217,2357.409638554217,1204819.277108434,0.9090909090909092,0.04,0.2057416267942584,1,13.801564
Nangate45,NORX1,NOR3_X1,A3,ZN,rise,78.0596,0.000686498,1.1,25.0,58.877,1.5180722891566267,1.26e-06,8.299999999999999e-07,0,1,1,4.370201998407221,0.0006862624680366,793650.7936507936,1204819.277108434,544.8396825396825,827.1060240963857,544.8396825396825,793650.7936507936,0.9090909090909092,0.04,0.2057416267942584,1,63.102318
Nangate45,NANDX1,NAND2_X1,A1,ZN,fall,4.72397,0.000365616,1.1,25.0,8.017800000000001,1.5180722891566267,1.26e-06,8.299999999999999e-07,0,1,1,1.7446626205903233,0.000365549178757,793650.7936507936,1204819.277108434,290.1714285714286,440.5012048192772,440.5012048192772,1204819.277108434,0.9090909090909092,0.04,0.2057416267942584,1,11.1823435
Nangate45,NANDX1,NAND4_X1,A3,ZN,rise,4.72397,0.0279999,1.1,25.0,83.353,1.5180722891566267,1.26e-06,8.299999999999999e-07,0,1,1,1.7446626205903233,0.027615069756704,793650.7936507936,1204819.277108434,22222.14285714286,33734.81927710844,22222.14285714286,793650.7936507936,0.9090909090909092,0.04,0.2057416267942584,1,102.990234
Nangate45,NORX1,NOR2_X1,A2,ZN,rise,4.72397,0.000365616,1.1,25.0,19.2451,1.5180722891566267,1.26e-06,8.299999999999999e-07,0,1,1,1.7446626205903233,0.000365549178757,793650.7936507936,1204819.277108434,290.1714285714286,440.5012048192772,290.1714285714286,793650.7936507936,0.9090909090909092,0.04,0.2057416267942584,1,36.983944
Nangate45,NORX1,NOR4_X1,A1,ZN,fall,78.0596,0.00195665,1.1,25.0,13.4167,1.5180722891566267,1.26e-06,8.299999999999999e-07,0,1,1,4.370201998407221,0.0019547382537281,793650.7936507936,1204819.277108434,1552.8968253968253,2357.409638554217,2357.409638554217,1204819.277108434,0.9090909090909092,0.04,0.2057416267942584,1,19.83886
Nangate45,NORX1,NOR2_X1,A2,ZN,fall,17.1859,0.0066757299999999,1.1,25.0,20.0517,1.5180722891566267,1.26e-06,8.299999999999999e-07,0,1,1,2.900646568553312,0.0066535459893972,793650.7936507936,1204819.277108434,5298.198412698412,8043.048192771084,8043.048192771084,1204819.277108434,0.9090909090909092,0.04,0.2057416267942584,1,20.377615
Nangate45,NORX1,NOR4_X1,A3,ZN,fall,40.9838,0.00598648,1.1,25.0,27.9374,1.5180722891566267,1.26e-06,8.299999999999999e-07,0,1,1,3.737283829590765,0.0059686322234213,793650.7936507936,1204819.277108434,4751.174603174603,7212.626506024098,7212.626506024098,1204819.277108434,0.9090909090909092,0.04,0.2057416267942584,1,24.594406
Nangate45,NANDX1,NAND4_X1,A4,ZN,rise,40.9838,0.000365616,1.1,25.0,34.3156,1.5180722891566267,1.26e-06,8.299999999999999e-07,0,1,1,3.737283829590765,0.000365549178757,793650.7936507936,1204819.277108434,290.1714285714286,440.5012048192772,290.1714285714286,793650.7936507936,0.9090909090909092,0.04,0.2057416267942584,1,29.104277
Nangate45,NORX1,NOR3_X1,A3,ZN,rise,130.081,0.00853286,1.1,25.0,138.637,1.5180722891566267,1.26e-06,8.299999999999999e-07,0,1,1,4.875815452730412,0.0084966609254384,793650.7936507936,1204819.277108434,6772.11111111111,10280.554216867473,6772.11111111111,793650.7936507936,0.9090909090909092,0.04,0.2057416267942584,1,144.63956
Nangate45,INVX1,INV_X1,A,ZN,fall,130.081,0.00379562,1.1,25.0,15.3503,1.5180722891566267,6.3e-07,4.1500000000000005e-07,1,1,1,4.875815452730412,0.0037884348101687,1587301.5873015872,2409638.554216868,6024.79365079365,9146.072289156627,9146.072289156627,2409638.554216868,0.9090909090909092,0.04,0.2057416267942584,1,36.222424
Nangate45,INVX1,TINV_X1,EN,ZN,rise,130.081,0.003674923229,1.1,25.0,48.228,1.5180722891566267,6.3e-07,4.1500000000000005e-07,1,1,1,4.875815452730412,0.0036681871965212,1587301.5873015872,2409638.554216868,5833.211474603175,8855.236696385544,5833.211474603175,1587301.5873015872,0.9090909090909092,0.04,0.2057416267942584,1,50.650135
Nangate45,NANDX1,NAND3_X1,A2,ZN,fall,130.081,0.00364781,1.1,25.0,46.6473,1.5180722891566267,1.26e-06,8.299999999999999e-07,0,1,1,4.875815452730412,0.0036411728768477,793650.7936507936,1204819.277108434,2895.0873015873017,4394.951807228917,4394.951807228917,1204819.277108434,0.9090909090909092,0.04,0.2057416267942584,1,39.52483
Nangate45,NANDX1,NAND4_X1,A3,ZN,rise,130.081,0.0279999,1.1,25.0,148.739,1.5180722891566267,1.26e-06,8.299999999999999e-07,0,1,1,4.875815452730412,0.027615069756704,793650.7936507936,1204819.277108434,22222.14285714286,33734.81927710844,22222.14285714286,793650.7936507936,0.9090909090909092,0.04,0.2057416267942584,1,137.19026
Nangate45,INVX2,INV_X2,A,ZN,rise,78.0596,0.030365,1.1,25.0,81.64309999999999,1.5180722891566267,1.26e-06,8.299999999999999e-07,1,1,1,4.370201998407221,0.0299131083997428,793650.7936507936,1204819.277108434,24099.206349206343,36584.3373493976,24099.206349206343,793650.7936507936,0.9090909090909092,0.04,0.2057416267942584,1,64.83761
Nangate45,NORX1,XNOR2_X1,A,ZN,rise,130.081,0.000813006,1.1,25.0,59.276,1.5180722891566267,1.26e-06,8.299999999999999e-07,0,1,1,4.875815452730412,0.0008126756896393,793650.7936507936,1204819.277108434,645.2428571428571,979.5253012048196,645.2428571428571,793650.7936507936,0.9090909090909092,0.04,0.2057416267942584,1,70.36498
Nangate45,INVX1,TINV_X1,EN,ZN,rise,4.72397,0.002245113229,1.1,25.0,17.925,1.5180722891566267,6.3e-07,4.1500000000000005e-07,1,1,1,1.7446626205903233,0.0022425967281435,1587301.5873015872,2409638.554216868,3563.6717920634924,5409.911395180725,3563.6717920634924,1587301.5873015872,0.9090909090909092,0.04,0.2057416267942584,1,16.729145
Nangate45,NANDX1,NAND4_X1,A2,ZN,rise,17.1859,0.0017499899999999,1.1,25.0,24.0684,1.5180722891566267,1.26e-06,8.299999999999999e-07,0,1,1,2.900646568553312,0.0017484605515862,793650.7936507936,1204819.277108434,1388.8809523809523,2108.421686746988,1388.8809523809523,793650.7936507936,0.9090909090909092,0.04,0.2057416267942584,1,25.759306
Nangate45,NORX1,NOR4_X1,A2,ZN,fall,198.535,0.00598648,1.1,25.0,25.877,1.5180722891566267,1.26e-06,8.299999999999999e-07,0,1,1,5.295989659538859,0.0059686322234213,793650.7936507936,1204819.277108434,4751.174603174603,7212.626506024098,7212.626506024098,1204819.277108434,0.9090909090909092,0.04,0.2057416267942584,1,57.16387
Nangate45,NANDX1,NAND2_X1,A1,ZN,rise,17.1859,0.0296783,1.1,25.0,86.0462,1.5180722891566267,1.26e-06,8.299999999999999e-07,0,1,1,2.900646568553312,0.0292464233592539,793650.7936507936,1204819.277108434,23554.20634920635,35756.987951807234,23554.20634920635,793650.7936507936,0.9090909090909092,0.04,0.2057416267942584,1,147.23561
Nangate45,NANDX1,NAND2_X1,A1,ZN,fall,198.535,0.0148392,1.1,25.0,83.4863,1.5180722891566267,1.26e-06,8.299999999999999e-07,0,1,1,5.295989659538859,0.0147301762980792,793650.7936507936,1204819.277108434,11777.142857142857,17878.554216867473,17878.554216867473,1204819.277108434,0.9090909090909092,0.04,0.2057416267942584,1,140.11078
Nangate45,NORX1,NOR4_X1,A3,ZN,rise,4.72397,0.00598648,1.1,25.0,119.348,1.5180722891566267,1.26e-06,8.299999999999999e-07,0,1,1,1.7446626205903233,0.0059686322234213,793650.7936507936,1204819.277108434,4751.174603174603,7212.626506024098,4751.174603174603,793650.7936507936,0.9090909090909092,0.04,0.2057416267942584,1,55.43948
Nangate45,XORX1,XOR2_X1,B,Z,fall,78.0596,0.0063324,1.1,25.0,88.49,1.5135135135135138,2.52e-06,1.6649999999999995e-06,0,1,1,4.370201998407221,0.0063124345967383,396825.3968253968,600600.6006006007,2512.8571428571427,3803.243243243244,3803.243243243244,600600.6006006007,0.9090909090909092,0.04,0.2043010752688172,1,55.588406
Nangate45,NANDX1,NAND2_X1,A2,ZN,rise,130.081,0.0296783,1.1,25.0,148.318,1.5180722891566267,1.26e-06,8.299999999999999e-07,0,1,1,4.875815452730412,0.0292464233592539,793650.7936507936,1204819.277108434,23554.20634920635,35756.987951807234,23554.20634920635,793650.7936507936,0.9090909090909092,0.04,0.2057416267942584,1,196.81679
Nangate45,NANDX1,NAND3_X1,A1,ZN,rise,4.72397,0.00729561,1.1,25.0,27.3428,1.5180722891566267,1.26e-06,8.299999999999999e-07,0,1,1,1.7446626205903233,0.0072691257717537,793650.7936507936,1204819.277108434,5790.166666666666,8789.891566265062,5790.166666666666,793650.7936507936,0.9090909090909092,0.04,0.2057416267942584,1,34.40281
Nangate45,NORX1,NOR3_X1,A3,ZN,rise,78.0596,0.001289,1.1,25.0,64.51650000000001,1.5180722891566267,1.26e-06,8.299999999999999e-07,0,1,1,4.370201998407221,0.0012881699527107,793650.7936507936,1204819.277108434,1023.015873015873,1553.012048192771,1023.015873015873,793650.7936507936,0.9090909090909092,0.04,0.2057416267942584,1,74.97224
Nangate45,NORX1,XNOR2_X1,B,ZN,rise,17.1859,0.00325202,1.1,25.0,43.099,1.5180722891566267,1.26e-06,8.299999999999999e-07,0,1,1,2.900646568553312,0.0032467436191291,793650.7936507936,1204819.277108434,2580.968253968254,3918.096385542169,2580.968253968254,793650.7936507936,0.9090909090909092,0.04,0.2057416267942584,1,56.44081
Nangate45,INVX1,TINV_X1,I,ZN,fall,40.9838,0.02342024323,1.1,25.0,77.6683,1.5180722891566267,6.3e-07,4.1500000000000005e-07,1,1,1,3.737283829590765,0.0231501975625825,1587301.5873015872,2409638.554216868,37174.989253968255,56434.32103614459,56434.32103614459,2409638.554216868,0.9090909090909092,0.04,0.2057416267942584,1,61.55021
Nangate45,NORX1,NOR2_X1,A1,ZN,fall,198.535,0.0133515,1.1,25.0,47.8418,1.5180722891566267,1.26e-06,8.299999999999999e-07,0,1,1,5.295989659538859,0.0132631542209015,793650.7936507936,1204819.277108434,10596.42857142857,16086.144578313257,16086.144578313257,1204819.277108434,0.9090909090909092,0.04,0.2057416267942584,1,69.64203
Nangate45,XORX1,XOR2_X1,B,Z,rise,17.1859,0.0063324,1.1,25.0,70.673,1.5135135135135138,2.52e-06,1.6649999999999995e-06,0,1,1,2.900646568553312,0.0063124345967383,396825.3968253968,600600.6006006007,2512.8571428571427,3803.243243243244,2512.8571428571427,396825.3968253968,0.9090909090909092,0.04,0.2043010752688172,1,73.54447
Nangate45,INVX1,INV_X16,A,ZN,fall,78.0596,0.969238,1.1,25.0,111.366,1.5180722891566267,6.3e-07,4.1500000000000005e-07,1,1,1,4.370201998407221,0.6776466658922388,1587301.5873015872,2409638.554216868,1538473.015873016,2335513.2530120485,2335513.2530120485,2409638.554216868,0.9090909090909092,0.04,0.2057416267942584,1,129.96509
Nangate45,NANDX1,NAND3_X1,A1,ZN,rise,1.1737799999999998,0.0291825,1.1,25.0,78.24430000000001,1.5180722891566267,1.26e-06,8.299999999999999e-07,0,1,1,0.7764675876261998,0.0287647977830285,793650.7936507936,1204819.277108434,23160.714285714286,35159.63855421687,23160.714285714286,793650.7936507936,0.9090909090909092,0.04,0.2057416267942584,1,89.01021
Nangate45,INVX1,TINV_X1,I,ZN,fall,130.081,0.002245113229,1.1,25.0,22.7227,1.5180722891566267,6.3e-07,4.1500000000000005e-07,1,1,1,4.875815452730412,0.0022425967281435,1587301.5873015872,2409638.554216868,3563.6717920634924,5409.911395180725,5409.911395180725,2409638.554216868,0.9090909090909092,0.04,0.2057416267942584,1,30.648642
Nangate45,NANDX1,NAND3_X1,A3,ZN,rise,4.72397,0.00729561,1.1,25.0,31.4782,1.5180722891566267,1.26e-06,8.299999999999999e-07,0,1,1,1.7446626205903233,0.0072691257717537,793650.7936507936,1204819.277108434,5790.166666666666,8789.891566265062,5790.166666666666,793650.7936507936,0.9090909090909092,0.04,0.2057416267942584,1,34.40281
Nangate45,NORX1,NOR2_X1,A2,ZN,fall,4.72397,0.00333786,1.1,25.0,10.266,1.5180722891566267,1.26e-06,8.299999999999999e-07,0,1,1,1.7446626205903233,0.0033323017104042,793650.7936507936,1204819.277108434,2649.095238095238,4021.518072289157,4021.518072289157,1204819.277108434,0.9090909090909092,0.04,0.2057416267942584,1,13.416917
Nangate45,XORX1,XOR2_X1,A,Z,rise,40.9838,0.0015831,1.1,25.0,39.835,1.5135135135135138,2.52e-06,1.6649999999999995e-06,0,1,1,3.737283829590765,0.0015818482181514,396825.3968253968,600600.6006006007,628.2142857142857,950.8108108108112,628.2142857142857,396825.3968253968,0.9090909090909092,0.04,0.2043010752688172,1,50.750645
Nangate45,XORX1,XOR2_X1,B,Z,fall,40.9838,0.0253296,1.1,25.0,74.547,1.5135135135135138,2.52e-06,1.6649999999999995e-06,0,1,1,3.737283829590765,0.0250141218763313,396825.3968253968,600600.6006006007,10051.42857142857,15212.972972972975,15212.972972972975,600600.6006006007,0.9090909090909092,0.04,0.2043010752688172,1,74.5978
Nangate45,INVX1,TINV_X1,I,ZN,fall,130.081,0.001164659229,1.1,25.0,14.6295,1.5180722891566267,6.3e-07,4.1500000000000005e-07,1,1,1,4.875815452730412,0.0011639815395739,1587301.5873015872,2409638.554216868,1848.6654428571424,2806.407780722892,2806.407780722892,2409638.554216868,0.9090909090909092,0.04,0.2057416267942584,1,16.48791
Nangate45,XORX1,XOR2_X1,A,Z,fall,78.0596,0.0126648,1.1,25.0,99.627,1.5135135135135138,2.52e-06,1.6649999999999995e-06,0,1,1,4.370201998407221,0.0125852721858001,396825.3968253968,600600.6006006007,5025.714285714285,7606.486486486488,7606.486486486488,600600.6006006007,0.9090909090909092,0.04,0.2043010752688172,1,72.935326
Nangate45,NANDX1,NAND4_X1,A3,ZN,fall,130.081,0.000365616,1.1,25.0,35.5448,1.5180722891566267,1.26e-06,8.299999999999999e-07,0,1,1,4.875815452730412,0.000365549178757,793650.7936507936,1204819.277108434,290.1714285714286,440.5012048192772,440.5012048192772,1204819.277108434,0.9090909090909092,0.04,0.2057416267942584,1,31.791903
Nangate45,INVX2,INV_X2,A,ZN,rise,40.9838,0.00379562,1.1,25.0,24.8175,1.5180722891566267,1.26e-06,8.299999999999999e-07,1,1,1,3.737283829590765,0.0037884348101687,793650.7936507936,1204819.277108434,3012.396825396825,4573.036144578314,3012.396825396825,793650.7936507936,0.9090909090909092,0.04,0.2057416267942584,1,10.854602
Nangate45,NORX1,NOR4_X1,A4,ZN,fall,78.0596,0.000365616,1.1,25.0,14.8955,1.5180722891566267,1.26e-06,8.299999999999999e-07,0,1,1,4.370201998407221,0.000365549178757,793650.7936507936,1204819.277108434,290.1714285714286,440.5012048192772,440.5012048192772,1204819.277108434,0.9090909090909092,0.04,0.2057416267942584,1,13.795132
Nangate45,NORX1,NOR4_X1,A1,ZN,fall,130.081,0.00111862,1.1,25.0,3.42444,1.5180722891566267,1.26e-06,8.299999999999999e-07,0,1,1,4.875815452730412,0.001117994810837,793650.7936507936,1204819.277108434,887.7936507936508,1347.7349397590365,1347.7349397590365,1204819.277108434,0.9090909090909092,0.04,0.2057416267942584,1,31.638199
Nangate45,INVX1,INV_X16,A,ZN,fall,130.081,0.969238,1.1,25.0,133.43099999999998,1.5180722891566267,6.3e-07,4.1500000000000005e-07,1,1,1,4.875815452730412,0.6776466658922388,1587301.5873015872,2409638.554216868,1538473.015873016,2335513.2530120485,2335513.2530120485,2409638.554216868,0.9090909090909092,0.04,0.2057416267942584,1,129.9676
Nangate45,NORX1,NOR3_X1,A2,ZN,fall,1.1737799999999998,0.0160217,1.1,25.0,24.9984,1.5180722891566267,1.26e-06,8.299999999999999e-07,0,1,1,0.7764675876261998,0.0158947071959221,793650.7936507936,1204819.277108434,12715.63492063492,19303.253012048197,19303.253012048197,1204819.277108434,0.9090909090909092,0.04,0.2057416267942584,1,53.670963
Nangate45,NORX1,XNOR2_X1,A,ZN,rise,17.1859,0.00650405,1.1,25.0,52.189,1.5180722891566267,1.26e-06,8.299999999999999e-07,0,1,1,2.900646568553312,0.0064829899346209,793650.7936507936,1204819.277108434,5161.944444444445,7836.204819277111,5161.944444444445,793650.7936507936,0.9090909090909092,0.04,0.2057416267942584,1,68.69622
Nangate45,NORX1,NOR4_X1,A4,ZN,fall,17.1859,0.00598648,1.1,25.0,20.9454,1.5180722891566267,1.26e-06,8.299999999999999e-07,0,1,1,2.900646568553312,0.0059686322234213,793650.7936507936,1204819.277108434,4751.174603174603,7212.626506024098,7212.626506024098,1204819.277108434,0.9090909090909092,0.04,0.2057416267942584,1,19.71378
Nangate45,XORX1,XOR2_X1,A,Z,fall,198.535,0.000365616,1.1,25.0,113.382,1.5135135135135138,2.52e-06,1.6649999999999995e-06,0,1,1,5.295989659538859,0.000365549178757,396825.3968253968,600600.6006006007,145.0857142857143,219.58918918918928,219.58918918918928,600600.6006006007,0.9090909090909092,0.04,0.2043010752688172,1,43.823967
Nangate45,XORX1,XOR2_X1,A,Z,rise,130.081,0.000365616,1.1,25.0,48.337,1.5135135135135138,2.52e-06,1.6649999999999995e-06,0,1,1,4.875815452730412,0.000365549178757,396825.3968253968,600600.6006006007,145.0857142857143,219.58918918918928,145.0857142857143,396825.3968253968,0.9090909090909092,0.04,0.2043010752688172,1,62.648693
Nangate45,NORX1,NOR4_X1,A4,ZN,rise,40.9838,0.00195665,1.1,25.0,91.4888,1.5180722891566267,1.26e-06,8.299999999999999e-07,0,1,1,3.737283829590765,0.0019547382537281,793650.7936507936,1204819.277108434,1552.8968253968253,2357.409638554217,1552.8968253968253,793650.7936507936,0.9090909090909092,0.04,0.2057416267942584,1,54.56937
Nangate45,NORX1,XNOR2_X1,A,ZN,fall,198.535,0.00325202,1.1,25.0,95.284,1.5180722891566267,1.26e-06,8.299999999999999e-07,0,1,1,5.295989659538859,0.0032467436191291,793650.7936507936,1204819.277108434,2580.968253968254,3918.096385542169,3918.096385542169,1204819.277108434,0.9090909090909092,0.04,0.2057416267942584,1,50.644993
Nangate45,NANDX1,NAND2_X1,A1,ZN,rise,17.1859,0.00370979,1.1,25.0,23.6392,1.5180722891566267,1.26e-06,8.299999999999999e-07,0,1,1,2.900646568553312,0.0037029257005795,793650.7936507936,1204819.277108434,2944.277777777778,4469.626506024097,2944.277777777778,793650.7936507936,0.9090909090909092,0.04,0.2057416267942584,1,37.385178
Nangate45,NORX1,NOR4_X1,A3,ZN,rise,198.535,0.0104713,1.1,25.0,226.073,1.5180722891566267,1.26e-06,8.299999999999999e-07,0,1,1,5.295989659538859,0.010416855676904,793650.7936507936,1204819.277108434,8310.555555555555,12616.024096385545,8310.555555555555,793650.7936507936,0.9090909090909092,0.04,0.2057416267942584,1,166.25748
Nangate45,NORX1,NOR3_X1,A2,ZN,fall,78.0596,0.00454444,1.1,25.0,24.6778,1.5180722891566267,1.26e-06,8.299999999999999e-07,0,1,1,4.370201998407221,0.0045341452101301,793650.7936507936,1204819.277108434,3606.698412698413,5475.228915662652,5475.228915662652,1204819.277108434,0.9090909090909092,0.04,0.2057416267942584,1,37.96326
Nangate45,NORX1,NOR3_X1,A1,ZN,rise,17.1859,0.001289,1.1,25.0,33.4213,1.5180722891566267,1.26e-06,8.299999999999999e-07,0,1,1,2.900646568553312,0.0012881699527107,793650.7936507936,1204819.277108434,1023.015873015873,1553.012048192771,1023.015873015873,793650.7936507936,0.9090909090909092,0.04,0.2057416267942584,1,55.82603
Nangate45,NANDX1,NAND3_X1,A1,ZN,fall,198.535,0.000365616,1.1,25.0,22.7986,1.5180722891566267,1.26e-06,8.299999999999999e-07,0,1,1,5.295989659538859,0.000365549178757,793650.7936507936,1204819.277108434,290.1714285714286,440.5012048192772,440.5012048192772,1204819.277108434,0.9090909090909092,0.04,0.2057416267942584,1,42.788876
Nangate45,NORX1,NOR4_X1,A3,ZN,fall,1.1737799999999998,0.00063952,1.1,25.0,6.14777,1.5180722891566267,1.26e-06,8.299999999999999e-07,0,1,1,0.7764675876261998,0.0006393155942278,793650.7936507936,1204819.277108434,507.5555555555555,770.5060240963857,770.5060240963857,1204819.277108434,0.9090909090909092,0.04,0.2057416267942584,1,11.674164
Nangate45,NORX1,XNOR2_X1,B,ZN,fall,4.72397,0.00650405,1.1,25.0,46.716,1.5180722891566267,1.26e-06,8.299999999999999e-07,0,1,1,1.7446626205903233,0.0064829899346209,793650.7936507936,1204819.277108434,5161.944444444445,7836.204819277111,7836.204819277111,1204819.277108434,0.9090909090909092,0.04,0.2057416267942584,1,16.584581
Nangate45,XORX1,XOR2_X1,A,Z,rise,17.1859,0.000365616,1.1,25.0,42.092,1.5135135135135138,2.52e-06,1.6649999999999995e-06,0,1,1,2.900646568553312,0.000365549178757,396825.3968253968,600600.6006006007,145.0857142857143,219.58918918918928,145.0857142857143,396825.3968253968,0.9090909090909092,0.04,0.2043010752688172,1,34.39139
Nangate45,NORX1,NOR3_X1,A1,ZN,fall,17.1859,0.0160217,1.1,25.0,30.5747,1.5180722891566267,1.26e-06,8.299999999999999e-07,0,1,1,2.900646568553312,0.0158947071959221,793650.7936507936,1204819.277108434,12715.63492063492,19303.253012048197,19303.253012048197,1204819.277108434,0.9090909090909092,0.04,0.2057416267942584,1,39.57968
Nangate45,NORX1,NOR3_X1,A1,ZN,fall,130.081,0.001289,1.1,25.0,2.17112,1.5180722891566267,1.26e-06,8.299999999999999e-07,0,1,1,4.875815452730412,0.0012881699527107,793650.7936507936,1204819.277108434,1023.015873015873,1553.012048192771,1553.012048192771,1204819.277108434,0.9090909090909092,0.04,0.2057416267942584,1,43.436348
Nangate45,NANDX1,NAND4_X1,A1,ZN,fall,17.1859,0.00349999,1.1,25.0,32.9022,1.5180722891566267,1.26e-06,8.299999999999999e-07,0,1,1,2.900646568553312,0.0034938792891336,793650.7936507936,1204819.277108434,2777.769841269841,4216.855421686748,4216.855421686748,1204819.277108434,0.9090909090909092,0.04,0.2057416267942584,1,16.963339
Nangate45,NORX1,NOR4_X1,A1,ZN,fall,17.1859,0.00063952,1.1,25.0,9.93253,1.5180722891566267,1.26e-06,8.299999999999999e-07,0,1,1,2.900646568553312,0.0006393155942278,793650.7936507936,1204819.277108434,507.5555555555555,770.5060240963857,770.5060240963857,1204819.277108434,0.9090909090909092,0.04,0.2057416267942584,1,12.49645
Nangate45,INVX1,INV_X16,A,ZN,fall,78.0596,0.000365616,1.1,25.0,0.8574700000000001,1.5180722891566267,6.3e-07,4.1500000000000005e-07,1,1,1,4.370201998407221,0.000365549178757,1587301.5873015872,2409638.554216868,580.3428571428572,881.0024096385544,881.0024096385544,2409638.554216868,0.9090909090909092,0.04,0.2057416267942584,1,13.049427
Nangate45,NANDX1,NAND3_X1,A2,ZN,rise,198.535,0.0291825,1.1,25.0,177.051,1.5180722891566267,1.26e-06,8.299999999999999e-07,0,1,1,5.295989659538859,0.0287647977830285,793650.7936507936,1204819.277108434,23160.714285714286,35159.63855421687,23160.714285714286,793650.7936507936,0.9090909090909092,0.04,0.2057416267942584,1,166.51672
Nangate45,NANDX1,NAND4_X1,A3,ZN,fall,4.72397,0.00699997,1.1,25.0,48.8061,1.5180722891566267,1.26e-06,8.299999999999999e-07,0,1,1,1.7446626205903233,0.006975583944965,793650.7936507936,1204819.277108434,5555.531746031746,8433.698795180724,8433.698795180724,1204819.277108434,0.9090909090909092,0.04,0.2057416267942584,1,18.00569
Nangate45,INVX1,INV_X16,A,ZN,fall,198.535,0.484619,1.1,25.0,94.3857,1.5180722891566267,6.3e-07,4.1500000000000005e-07,1,1,1,5.295989659538859,0.3951581736794985,1587301.5873015872,2409638.554216868,769236.5079365079,1167756.6265060245,1167756.6265060245,2409638.554216868,0.9090909090909092,0.04,0.2057416267942584,1,98.86414
Nangate45,NORX1,XNOR2_X1,B,ZN,rise,78.0596,0.00325202,1.1,25.0,63.745,1.5180722891566267,1.26e-06,8.299999999999999e-07,0,1,1,4.370201998407221,0.0032467436191291,793650.7936507936,1204819.277108434,2580.968253968254,3918.096385542169,2580.968253968254,793650.7936507936,0.9090909090909092,0.04,0.2057416267942584,1,72.86976
Nangate45,NANDX1,NAND2_X1,A1,ZN,rise,4.72397,0.0296783,1.1,25.0,79.9642,1.5180722891566267,1.26e-06,8.299999999999999e-07,0,1,1,1.7446626205903233,0.0292464233592539,793650.7936507936,1204819.277108434,23554.20634920635,35756.987951807234,23554.20634920635,793650.7936507936,0.9090909090909092,0.04,0.2057416267942584,1,127.02199
Nangate45,NORX1,NOR3_X1,A1,ZN,rise,1.1737799999999998,0.000365616,1.1,25.0,20.8929,1.5180722891566267,1.26e-06,8.299999999999999e-07,0,1,1,0.7764675876261998,0.000365549178757,793650.7936507936,1204819.277108434,290.1714285714286,440.5012048192772,290.1714285714286,793650.7936507936,0.9090909090909092,0.04,0.2057416267942584,1,24.731148
Nangate45,NORX1,NOR4_X1,A2,ZN,fall,130.081,0.00111862,1.1,25.0,9.84013,1.5180722891566267,1.26e-06,8.299999999999999e-07,0,1,1,4.875815452730412,0.001117994810837,793650.7936507936,1204819.277108434,887.7936507936508,1347.7349397590365,1347.7349397590365,1204819.277108434,0.9090909090909092,0.04,0.2057416267942584,1,31.638199
Nangate45,INVX1,INV_X1,A,ZN,fall,17.1859,0.00379562,1.1,25.0,13.391,1.5180722891566267,6.3e-07,4.1500000000000005e-07,1,1,1,2.900646568553312,0.0037884348101687,1587301.5873015872,2409638.554216868,6024.79365079365,9146.072289156627,9146.072289156627,2409638.554216868,0.9090909090909092,0.04,0.2057416267942584,1,16.999548
Nangate45,NORX1,XNOR2_X1,A,ZN,rise,1.1737799999999998,0.000813006,1.1,25.0,19.943,1.5180722891566267,1.26e-06,8.299999999999999e-07,0,1,1,0.7764675876261998,0.0008126756896393,793650.7936507936,1204819.277108434,645.2428571428571,979.5253012048196,645.2428571428571,793650.7936507936,0.9090909090909092,0.04,0.2057416267942584,1,37.455837
Nangate45,NANDX1,NAND4_X1,A2,ZN,rise,17.1859,0.000365616,1.1,25.0,20.6542,1.5180722891566267,1.26e-06,8.299999999999999e-07,0,1,1,2.900646568553312,0.000365549178757,793650.7936507936,1204819.277108434,290.1714285714286,440.5012048192772,290.1714285714286,793650.7936507936,0.9090909090909092,0.04,0.2057416267942584,1,25.094707
Nangate45,NORX1,NOR4_X1,A2,ZN,rise,130.081,0.0104713,1.1,25.0,203.673,1.5180722891566267,1.26e-06,8.299999999999999e-07,0,1,1,4.875815452730412,0.010416855676904,793650.7936507936,1204819.277108434,8310.555555555555,12616.024096385545,8310.555555555555,793650.7936507936,0.9090909090909092,0.04,0.2057416267942584,1,126.55613
Nangate45,NORX1,NOR4_X1,A2,ZN,rise,1.1737799999999998,0.00598648,1.1,25.0,108.909,1.5180722891566267,1.26e-06,8.299999999999999e-07,0,1,1,0.7764675876261998,0.0059686322234213,793650.7936507936,1204819.277108434,4751.174603174603,7212.626506024098,4751.174603174603,793650.7936507936,0.9090909090909092,0.04,0.2057416267942584,1,51.643665
Nangate45,NORX1,NOR2_X1,A1,ZN,fall,4.72397,0.00333786,1.1,25.0,9.23719,1.5180722891566267,1.26e-06,8.299999999999999e-07,0,1,1,1.7446626205903233,0.0033323017104042,793650.7936507936,1204819.277108434,2649.095238095238,4021.518072289157,4021.518072289157,1204819.277108434,0.9090909090909092,0.04,0.2057416267942584,1,13.416917
Nangate45,INVX1,INV_X16,A,ZN,rise,130.081,0.121155,1.1,25.0,72.7577,1.5180722891566267,6.3e-07,4.1500000000000005e-07,1,1,1,4.875815452730412,0.1143594039340094,1587301.5873015872,2409638.554216868,192309.5238095238,291939.7590361446,192309.5238095238,1587301.5873015872,0.9090909090909092,0.04,0.2057416267942584,1,97.533424
Nangate45,NANDX1,NAND3_X1,A1,ZN,rise,17.1859,0.0291825,1.1,25.0,86.1634,1.5180722891566267,1.26e-06,8.299999999999999e-07,0,1,1,2.900646568553312,0.0287647977830285,793650.7936507936,1204819.277108434,23160.714285714286,35159.63855421687,23160.714285714286,793650.7936507936,0.9090909090909092,0.04,0.2057416267942584,1,100.10471
Nangate45,NORX1,NOR4_X1,A2,ZN,fall,40.9838,0.00342249,1.1,25.0,21.2783,1.5180722891566267,1.26e-06,8.299999999999999e-07,0,1,1,3.737283829590765,0.0034166466099336,793650.7936507936,1204819.277108434,2716.2619047619046,4123.481927710844,4123.481927710844,1204819.277108434,0.9090909090909092,0.04,0.2057416267942584,1,19.769157
Nangate45,NORX1,NOR3_X1,A1,ZN,rise,1.1737799999999998,0.000686498,1.1,25.0,23.5663,1.5180722891566267,1.26e-06,8.299999999999999e-07,0,1,1,0.7764675876261998,0.0006862624680366,793650.7936507936,1204819.277108434,544.8396825396825,827.1060240963857,544.8396825396825,793650.7936507936,0.9090909090909092,0.04,0.2057416267942584,1,37.455807
Nangate45,NORX1,NOR3_X1,A2,ZN,rise,1.1737799999999998,0.00454444,1.1,25.0,65.1527,1.5180722891566267,1.26e-06,8.299999999999999e-07,0,1,1,0.7764675876261998,0.0045341452101301,793650.7936507936,1204819.277108434,3606.698412698413,5475.228915662652,3606.698412698413,793650.7936507936,0.9090909090909092,0.04,0.2057416267942584,1,46.748444
Nangate45,NORX1,NOR2_X1,A1,ZN,fall,17.1859,0.0066757299999999,1.1,25.0,18.7348,1.5180722891566267,1.26e-06,8.299999999999999e-07,0,1,1,2.900646568553312,0.0066535459893972,793650.7936507936,1204819.277108434,5298.198412698412,8043.048192771084,8043.048192771084,1204819.277108434,0.9090909090909092,0.04,0.2057416267942584,1,20.377615
Nangate45,NANDX1,NAND4_X1,A3,ZN,rise,78.0596,0.00349999,1.1,25.0,54.8502,1.5180722891566267,1.26e-06,8.299999999999999e-07,0,1,1,4.370201998407221,0.0034938792891336,793650.7936507936,1204819.277108434,2777.769841269841,4216.855421686748,2777.769841269841,793650.7936507936,0.9090909090909092,0.04,0.2057416267942584,1,43.803226
Nangate45,NANDX1,NAND4_X1,A1,ZN,fall,4.72397,0.00349999,1.1,25.0,28.7472,1.5180722891566267,1.26e-06,8.299999999999999e-07,0,1,1,1.7446626205903233,0.0034938792891336,793650.7936507936,1204819.277108434,2777.769841269841,4216.855421686748,4216.855421686748,1204819.277108434,0.9090909090909092,0.04,0.2057416267942584,1,13.278674
Nangate45,NORX1,NOR4_X1,A4,ZN,rise,198.535,0.00342249,1.1,25.0,138.397,1.5180722891566267,1.26e-06,8.299999999999999e-07,0,1,1,5.295989659538859,0.0034166466099336,793650.7936507936,1204819.277108434,2716.2619047619046,4123.481927710844,2716.2619047619046,793650.7936507936,0.9090909090909092,0.04,0.2057416267942584,1,97.307205
Nangate45,NANDX1,NAND2_X1,A1,ZN,fall,130.081,0.00370979,1.1,25.0,31.3125,1.5180722891566267,1.26e-06,8.299999999999999e-07,0,1,1,4.875815452730412,0.0037029257005795,793650.7936507936,1204819.277108434,2944.277777777778,4469.626506024097,4469.626506024097,1204819.277108434,0.9090909090909092,0.04,0.2057416267942584,1,51.46722
Nangate45,NORX1,NOR2_X1,A1,ZN,fall,198.535,0.0066757299999999,1.1,25.0,22.5956,1.5180722891566267,1.26e-06,8.299999999999999e-07,0,1,1,5.295989659538859,0.0066535459893972,793650.7936507936,1204819.277108434,5298.198412698412,8043.048192771084,8043.048192771084,1204819.277108434,0.9090909090909092,0.04,0.2057416267942584,1,57.1556
Nangate45,INVX1,TINV_X1,EN,ZN,fall,130.081,0.003674923229,1.1,25.0,57.431,1.5180722891566267,6.3e-07,4.1500000000000005e-07,1,1,1,4.875815452730412,0.0036681871965212,1587301.5873015872,2409638.554216868,5833.211474603175,8855.236696385544,8855.236696385544,2409638.554216868,0.9090909090909092,0.04,0.2057416267942584,1,34.134205
Nangate45,NORX1,NOR4_X1,A2,ZN,fall,4.72397,0.00598648,1.1,25.0,14.7966,1.5180722891566267,1.26e-06,8.299999999999999e-07,0,1,1,1.7446626205903233,0.0059686322234213,793650.7936507936,1204819.277108434,4751.174603174603,7212.626506024098,7212.626506024098,1204819.277108434,0.9090909090909092,0.04,0.2057416267942584,1,17.751228
Nangate45,NORX1,NOR4_X1,A2,ZN,fall,78.0596,0.00063952,1.1,25.0,12.5874,1.5180722891566267,1.26e-06,8.299999999999999e-07,0,1,1,4.370201998407221,0.0006393155942278,793650.7936507936,1204819.277108434,507.5555555555555,770.5060240963857,770.5060240963857,1204819.277108434,0.9090909090909092,0.04,0.2057416267942584,1,28.309132
Nangate45,INVX1,TINV_X1,EN,ZN,rise,198.535,0.02342024323,1.1,25.0,225.094,1.5180722891566267,6.3e-07,4.1500000000000005e-07,1,1,1,5.295989659538859,0.0231501975625825,1587301.5873015872,2409638.554216868,37174.989253968255,56434.32103614459,37174.989253968255,1587301.5873015872,0.9090909090909092,0.04,0.2057416267942584,1,125.82294
Nangate45,NANDX1,NAND3_X1,A3,ZN,fall,40.9838,0.0018239,1.1,25.0,25.7701,1.5180722891566267,1.26e-06,8.299999999999999e-07,0,1,1,3.737283829590765,0.0018222387141011,793650.7936507936,1204819.277108434,1447.5396825396824,2197.4698795180725,2197.4698795180725,1204819.277108434,0.9090909090909092,0.04,0.2057416267942584,1,20.42021
Nangate45,INVX2,INV_X2,A,ZN,rise,1.1737799999999998,0.0151825,1.1,25.0,23.6098,1.5180722891566267,1.26e-06,8.299999999999999e-07,1,1,1,0.7764675876261998,0.0150683992868016,793650.7936507936,1204819.277108434,12049.603174603171,18292.1686746988,12049.603174603171,793650.7936507936,0.9090909090909092,0.04,0.2057416267942584,1,12.867974
Nangate45,NORX1,NOR4_X1,A1,ZN,fall,198.535,0.00342249,1.1,25.0,6.90785,1.5180722891566267,1.26e-06,8.299999999999999e-07,0,1,1,5.295989659538859,0.0034166466099336,793650.7936507936,1204819.277108434,2716.2619047619046,4123.481927710844,4123.481927710844,1204819.277108434,0.9090909090909092,0.04,0.2057416267942584,1,50.655437
Nangate45,NANDX1,NAND4_X1,A1,ZN,fall,130.081,0.0139999,1.1,25.0,113.29,1.5180722891566267,1.26e-06,8.299999999999999e-07,0,1,1,4.875815452730412,0.0139028065496571,793650.7936507936,1204819.277108434,11111.031746031746,16867.349397590366,16867.349397590366,1204819.277108434,0.9090909090909092,0.04,0.2057416267942584,1,78.85088
Nangate45,NANDX1,NAND4_X1,A2,ZN,rise,78.0596,0.0559998,1.1,25.0,185.449,1.5180722891566267,1.26e-06,8.299999999999999e-07,0,1,1,4.370201998407221,0.0544879958901124,793650.7936507936,1204819.277108434,44444.28571428572,67469.63855421687,44444.28571428572,793650.7936507936,0.9090909090909092,0.04,0.2057416267942584,1,198.04105
Nangate45,NORX1,XNOR2_X1,A,ZN,fall,17.1859,0.00325202,1.1,25.0,20.292,1.5180722891566267,1.26e-06,8.299999999999999e-07,0,1,1,2.900646568553312,0.0032467436191291,793650.7936507936,1204819.277108434,2580.968253968254,3918.096385542169,3918.096385542169,1204819.277108434,0.9090909090909092,0.04,0.2057416267942584,1,10.863282
Nangate45,NANDX1,NAND3_X1,A1,ZN,rise,198.535,0.00729561,1.1,25.0,87.1212,1.5180722891566267,1.26e-06,8.299999999999999e-07,0,1,1,5.295989659538859,0.0072691257717537,793650.7936507936,1204819.277108434,5790.166666666666,8789.891566265062,5790.166666666666,793650.7936507936,0.9090909090909092,0.04,0.2057416267942584,1,81.797455
Nangate45,NANDX1,NAND3_X1,A2,ZN,fall,1.1737799999999998,0.0291825,1.1,25.0,98.4776,1.5180722891566267,1.26e-06,8.299999999999999e-07,0,1,1,0.7764675876261998,0.0287647977830285,793650.7936507936,1204819.277108434,23160.714285714286,35159.63855421687,35159.63855421687,1204819.277108434,0.9090909090909092,0.04,0.2057416267942584,1,78.85669
Nangate45,INVX2,INV_X2,A,ZN,fall,130.081,0.12146,1.1,25.0,133.209,1.5180722891566267,1.26e-06,8.299999999999999e-07,1,1,1,4.875815452730412,0.1146314078240044,793650.7936507936,1204819.277108434,96396.82539682538,146337.34939759038,146337.34939759038,1204819.277108434,0.9090909090909092,0.04,0.2057416267942584,1,155.842
Nangate45,XORX1,XOR2_X1,B,Z,fall,130.081,0.0253296,1.1,25.0,132.374,1.5135135135135138,2.52e-06,1.6649999999999995e-06,0,1,1,4.875815452730412,0.0250141218763313,396825.3968253968,600600.6006006007,10051.42857142857,15212.972972972975,15212.972972972975,600600.6006006007,0.9090909090909092,0.04,0.2043010752688172,1,92.04647
Nangate45,INVX1,TINV_X1,I,ZN,fall,17.1859,0.02342024323,1.1,25.0,70.0704,1.5180722891566267,6.3e-07,4.1500000000000005e-07,1,1,1,2.900646568553312,0.0231501975625825,1587301.5873015872,2409638.554216868,37174.989253968255,56434.32103614459,56434.32103614459,2409638.554216868,0.9090909090909092,0.04,0.2057416267942584,1,50.595203
Nangate45,NANDX1,NAND4_X1,A2,ZN,fall,1.1737799999999998,0.0559998,1.1,25.0,232.972,1.5180722891566267,1.26e-06,8.299999999999999e-07,0,1,1,0.7764675876261998,0.0544879958901124,793650.7936507936,1204819.277108434,44444.28571428572,67469.63855421687,67469.63855421687,1204819.277108434,0.9090909090909092,0.04,0.2057416267942584,1,126.50156
Nangate45,NORX1,NOR3_X1,A1,ZN,rise,78.0596,0.00454444,1.1,25.0,88.3217,1.5180722891566267,1.26e-06,8.299999999999999e-07,0,1,1,4.370201998407221,0.0045341452101301,793650.7936507936,1204819.277108434,3606.698412698413,5475.228915662652,3606.698412698413,793650.7936507936,0.9090909090909092,0.04,0.2057416267942584,1,84.82517
Nangate45,XORX1,XOR2_X1,A,Z,rise,78.0596,0.00079155,1.1,25.0,45.829,1.5135135135135138,2.52e-06,1.6649999999999995e-06,0,1,1,4.370201998407221,0.0007912368895162,396825.3968253968,600600.6006006007,314.10714285714283,475.40540540540553,314.10714285714283,396825.3968253968,0.9090909090909092,0.04,0.2043010752688172,1,58.30135
Nangate45,NORX1,NOR3_X1,A1,ZN,rise,198.535,0.00853286,1.1,25.0,172.46,1.5180722891566267,1.26e-06,8.299999999999999e-07,0,1,1,5.295989659538859,0.0084966609254384,793650.7936507936,1204819.277108434,6772.11111111111,10280.554216867473,6772.11111111111,793650.7936507936,0.9090909090909092,0.04,0.2057416267942584,1,162.57732
Nangate45,NORX1,XNOR2_X1,A,ZN,fall,130.081,0.000365616,1.1,25.0,73.337,1.5180722891566267,1.26e-06,8.299999999999999e-07,0,1,1,4.875815452730412,0.000365549178757,793650.7936507936,1204819.277108434,290.1714285714286,440.5012048192772,440.5012048192772,1204819.277108434,0.9090909090909092,0.04,0.2057416267942584,1,37.49029
Nangate45,NORX1,NOR4_X1,A4,ZN,fall,78.0596,0.00342249,1.1,25.0,25.8151,1.5180722891566267,1.26e-06,8.299999999999999e-07,0,1,1,4.370201998407221,0.0034166466099336,793650.7936507936,1204819.277108434,2716.2619047619046,4123.481927710844,4123.481927710844,1204819.277108434,0.9090909090909092,0.04,0.2057416267942584,1,23.525158
Nangate45,NANDX1,NAND3_X1,A2,ZN,rise,40.9838,0.0145912,1.1,25.0,65.739,1.5180722891566267,1.26e-06,8.299999999999999e-07,0,1,1,3.737283829590765,0.0144857727440233,793650.7936507936,1204819.277108434,11580.31746031746,17579.75903614458,11580.31746031746,793650.7936507936,0.9090909090909092,0.04,0.2057416267942584,1,79.8517
Nangate45,XORX1,XOR2_X1,A,Z,rise,130.081,0.0063324,1.1,25.0,101.333,1.5135135135135138,2.52e-06,1.6649999999999995e-06,0,1,1,4.875815452730412,0.0063124345967383,396825.3968253968,600600.6006006007,2512.8571428571427,3803.243243243244,2512.8571428571427,396825.3968253968,0.9090909090909092,0.04,0.2043010752688172,1,102.81028
Nangate45,INVX2,INV_X2,A,ZN,fall,1.1737799999999998,0.12146,1.1,25.0,76.8103,1.5180722891566267,1.26e-06,8.299999999999999e-07,1,1,1,0.7764675876261998,0.1146314078240044,793650.7936507936,1204819.277108434,96396.82539682538,146337.34939759038,146337.34939759038,1204819.277108434,0.9090909090909092,0.04,0.2057416267942584,1,66.41502
Nangate45,NORX1,NOR4_X1,A4,ZN,fall,78.0596,0.0104713,1.1,25.0,43.9113,1.5180722891566267,1.26e-06,8.299999999999999e-07,0,1,1,4.370201998407221,0.010416855676904,793650.7936507936,1204819.277108434,8310.555555555555,12616.024096385545,12616.024096385545,1204819.277108434,0.9090909090909092,0.04,0.2057416267942584,1,37.48691
Nangate45,INVX1,TINV_X1,I,ZN,rise,40.9838,0.001164659229,1.1,25.0,35.0043,1.5180722891566267,6.3e-07,4.1500000000000005e-07,1,1,1,3.737283829590765,0.0011639815395739,1587301.5873015872,2409638.554216868,1848.6654428571424,2806.407780722892,1848.6654428571424,1587301.5873015872,0.9090909090909092,0.04,0.2057416267942584,1,15.804946
Nangate45,NANDX1,NAND3_X1,A3,ZN,fall,1.1737799999999998,0.00364781,1.1,25.0,24.1915,1.5180722891566267,1.26e-06,8.299999999999999e-07,0,1,1,0.7764675876261998,0.0036411728768477,793650.7936507936,1204819.277108434,2895.0873015873017,4394.951807228917,4394.951807228917,1204819.277108434,0.9090909090909092,0.04,0.2057416267942584,1,20.920174
Nangate45,NORX1,XNOR2_X1,B,ZN,rise,40.9838,0.00162601,1.1,25.0,45.765,1.5180722891566267,1.26e-06,8.299999999999999e-07,0,1,1,3.737283829590765,0.0016246894770018,793650.7936507936,1204819.277108434,1290.484126984127,1959.0481927710848,1290.484126984127,793650.7936507936,0.9090909090909092,0.04,0.2057416267942584,1,54.569202
Nangate45,NORX1,NOR3_X1,A3,ZN,fall,17.1859,0.000365616,1.1,25.0,10.5781,1.5180722891566267,1.26e-06,8.299999999999999e-07,0,1,1,2.900646568553312,0.000365549178757,793650.7936507936,1204819.277108434,290.1714285714286,440.5012048192772,440.5012048192772,1204819.277108434,0.9090909090909092,0.04,0.2057416267942584,1,13.841585
Nangate45,XORX1,XOR2_X1,A,Z,rise,40.9838,0.00079155,1.1,25.0,34.887,1.5135135135135138,2.52e-06,1.6649999999999995e-06,0,1,1,3.737283829590765,0.0007912368895162,396825.3968253968,600600.6006006007,314.10714285714283,475.40540540540553,314.10714285714283,396825.3968253968,0.9090909090909092,0.04,0.2043010752688172,1,48.85387
Nangate45,INVX1,INV_X1,A,ZN,rise,40.9838,0.00379562,1.1,25.0,31.9657,1.5180722891566267,6.3e-07,4.1500000000000005e-07,1,1,1,3.737283829590765,0.0037884348101687,1587301.5873015872,2409638.554216868,6024.79365079365,9146.072289156627,6024.79365079365,1587301.5873015872,0.9090909090909092,0.04,0.2057416267942584,1,34.529697
Nangate45,NORX1,NOR4_X1,A1,ZN,rise,78.0596,0.000365616,1.1,25.0,63.703300000000006,1.5180722891566267,1.26e-06,8.299999999999999e-07,0,1,1,4.370201998407221,0.000365549178757,793650.7936507936,1204819.277108434,290.1714285714286,440.5012048192772,290.1714285714286,793650.7936507936,0.9090909090909092,0.04,0.2057416267942584,1,57.231453
Nangate45,INVX2,INV_X2,A,ZN,fall,4.72397,0.12146,1.1,25.0,78.3348,1.5180722891566267,1.26e-06,8.299999999999999e-07,1,1,1,1.7446626205903233,0.1146314078240044,793650.7936507936,1204819.277108434,96396.82539682538,146337.34939759038,146337.34939759038,1204819.277108434,0.9090909090909092,0.04,0.2057416267942584,1,54.73455
Nangate45,NANDX1,NAND4_X1,A1,ZN,fall,78.0596,0.0559998,1.1,25.0,256.0,1.5180722891566267,1.26e-06,8.299999999999999e-07,0,1,1,4.370201998407221,0.0544879958901124,793650.7936507936,1204819.277108434,44444.28571428572,67469.63855421687,67469.63855421687,1204819.277108434,0.9090909090909092,0.04,0.2057416267942584,1,181.48048
Nangate45,NANDX1,NAND4_X1,A2,ZN,rise,40.9838,0.0279999,1.1,25.0,99.3599,1.5180722891566267,1.26e-06,8.299999999999999e-07,0,1,1,3.737283829590765,0.027615069756704,793650.7936507936,1204819.277108434,22222.14285714286,33734.81927710844,22222.14285714286,793650.7936507936,0.9090909090909092,0.04,0.2057416267942584,1,109.36834
Nangate45,NORX1,NOR3_X1,A1,ZN,fall,78.0596,0.00853286,1.1,25.0,32.3576,1.5180722891566267,1.26e-06,8.299999999999999e-07,0,1,1,4.370201998407221,0.0084966609254384,793650.7936507936,1204819.277108434,6772.11111111111,10280.554216867473,10280.554216867473,1204819.277108434,0.9090909090909092,0.04,0.2057416267942584,1,35.211533
Nangate45,NORX1,XNOR2_X1,A,ZN,rise,78.0596,0.0260162,1.1,25.0,180.687,1.5180722891566267,1.26e-06,8.299999999999999e-07,0,1,1,4.370201998407221,0.0256835360976095,793650.7936507936,1204819.277108434,20647.77777777778,31344.819277108443,20647.77777777778,793650.7936507936,0.9090909090909092,0.04,0.2057416267942584,1,160.32321
Nangate45,NANDX1,NAND2_X1,A2,ZN,fall,4.72397,0.00370979,1.1,25.0,16.5415,1.5180722891566267,1.26e-06,8.299999999999999e-07,0,1,1,1.7446626205903233,0.0037029257005795,793650.7936507936,1204819.277108434,2944.277777777778,4469.626506024097,4469.626506024097,1204819.277108434,0.9090909090909092,0.04,0.2057416267942584,1,13.270368
Nangate45,XORX1,XOR2_X1,B,Z,rise,130.081,0.000365616,1.1,25.0,64.89699999999999,1.5135135135135138,2.52e-06,1.6649999999999995e-06,0,1,1,4.875815452730412,0.000365549178757,396825.3968253968,600600.6006006007,145.0857142857143,219.58918918918928,145.0857142857143,396825.3968253968,0.9090909090909092,0.04,0.2043010752688172,1,62.648693
Nangate45,NANDX1,NAND3_X1,A3,ZN,fall,40.9838,0.0145912,1.1,25.0,65.64150000000001,1.5180722891566267,1.26e-06,8.299999999999999e-07,0,1,1,3.737283829590765,0.0144857727440233,793650.7936507936,1204819.277108434,11580.31746031746,17579.75903614458,17579.75903614458,1204819.277108434,0.9090909090909092,0.04,0.2057416267942584,1,56.34115
Nangate45,NANDX1,NAND4_X1,A2,ZN,rise,198.535,0.0279999,1.1,25.0,174.595,1.5180722891566267,1.26e-06,8.299999999999999e-07,0,1,1,5.295989659538859,0.027615069756704,793650.7936507936,1204819.277108434,22222.14285714286,33734.81927710844,22222.14285714286,793650.7936507936,0.9090909090909092,0.04,0.2057416267942584,1,166.50623
Nangate45,XORX1,XOR2_X1,B,Z,fall,17.1859,0.0126648,1.1,25.0,40.45,1.5135135135135138,2.52e-06,1.6649999999999995e-06,0,1,1,2.900646568553312,0.0125852721858001,396825.3968253968,600600.6006006007,5025.714285714285,7606.486486486488,7606.486486486488,600600.6006006007,0.9090909090909092,0.04,0.2043010752688172,1,58.653835
Nangate45,INVX1,TINV_X1,EN,ZN,fall,78.0596,0.002245113229,1.1,25.0,41.893,1.5180722891566267,6.3e-07,4.1500000000000005e-07,1,1,1,4.370201998407221,0.0022425967281435,1587301.5873015872,2409638.554216868,3563.6717920634924,5409.911395180725,5409.911395180725,2409638.554216868,0.9090909090909092,0.04,0.2057416267942584,1,23.878159
Nangate45,NANDX1,NAND2_X1,A1,ZN,rise,40.9838,0.00370979,1.1,25.0,33.6357,1.5180722891566267,1.26e-06,8.299999999999999e-07,0,1,1,3.737283829590765,0.0037029257005795,793650.7936507936,1204819.277108434,2944.277777777778,4469.626506024097,2944.277777777778,793650.7936507936,0.9090909090909092,0.04,0.2057416267942584,1,49.724857
Nangate45,NANDX1,NAND3_X1,A1,ZN,fall,17.1859,0.0018239,1.1,25.0,20.7077,1.5180722891566267,1.26e-06,8.299999999999999e-07,0,1,1,2.900646568553312,0.0018222387141011,793650.7936507936,1204819.277108434,1447.5396825396824,2197.4698795180725,2197.4698795180725,1204819.277108434,0.9090909090909092,0.04,0.2057416267942584,1,14.375713
Nangate45,NORX1,NOR4_X1,A4,ZN,rise,40.9838,0.0104713,1.1,25.0,182.829,1.5180722891566267,1.26e-06,8.299999999999999e-07,0,1,1,3.737283829590765,0.010416855676904,793650.7936507936,1204819.277108434,8310.555555555555,12616.024096385545,8310.555555555555,793650.7936507936,0.9090909090909092,0.04,0.2057416267942584,1,120.75519
Nangate45,NORX1,NOR3_X1,A2,ZN,rise,17.1859,0.001289,1.1,25.0,44.5017,1.5180722891566267,1.26e-06,8.299999999999999e-07,0,1,1,2.900646568553312,0.0012881699527107,793650.7936507936,1204819.277108434,1023.015873015873,1553.012048192771,1023.015873015873,793650.7936507936,0.9090909090909092,0.04,0.2057416267942584,1,55.82603
Nangate45,NANDX1,NAND2_X1,A1,ZN,rise,17.1859,0.0148392,1.1,25.0,50.3637,1.5180722891566267,1.26e-06,8.299999999999999e-07,0,1,1,2.900646568553312,0.0147301762980792,793650.7936507936,1204819.277108434,11777.142857142857,17878.554216867473,11777.142857142857,793650.7936507936,0.9090909090909092,0.04,0.2057416267942584,1,64.36083
Nangate45,INVX1,INV_X16,A,ZN,fall,198.535,0.969238,1.1,25.0,153.387,1.5180722891566267,6.3e-07,4.1500000000000005e-07,1,1,1,5.295989659538859,0.6776466658922388,1587301.5873015872,2409638.554216868,1538473.015873016,2335513.2530120485,2335513.2530120485,2409638.554216868,0.9090909090909092,0.04,0.2057416267942584,1,130.1354
Nangate45,NANDX1,NAND3_X1,A3,ZN,rise,17.1859,0.000365616,1.1,25.0,20.6956,1.5180722891566267,1.26e-06,8.299999999999999e-07,0,1,1,2.900646568553312,0.000365549178757,793650.7936507936,1204819.277108434,290.1714285714286,440.5012048192772,290.1714285714286,793650.7936507936,0.9090909090909092,0.04,0.2057416267942584,1,23.607725
Nangate45,NANDX1,NAND2_X1,A1,ZN,rise,17.1859,0.0593567,1.1,25.0,157.306,1.5180722891566267,1.26e-06,8.299999999999999e-07,0,1,1,2.900646568553312,0.0576618371011917,793650.7936507936,1204819.277108434,47108.492063492056,71514.09638554217,47108.492063492056,793650.7936507936,0.9090909090909092,0.04,0.2057416267942584,1,174.92346
Nangate45,NORX1,XNOR2_X1,B,ZN,fall,40.9838,0.00325202,1.1,25.0,29.409,1.5180722891566267,1.26e-06,8.299999999999999e-07,0,1,1,3.737283829590765,0.0032467436191291,793650.7936507936,1204819.277108434,2580.968253968254,3918.096385542169,3918.096385542169,1204819.277108434,0.9090909090909092,0.04,0.2057416267942584,1,19.769047
Nangate45,NANDX1,NAND3_X1,A3,ZN,fall,17.1859,0.0583649,1.1,25.0,190.218,1.5180722891566267,1.26e-06,8.299999999999999e-07,0,1,1,2.900646568553312,0.0567251700033895,793650.7936507936,1204819.277108434,46321.3492063492,70319.15662650602,70319.15662650602,1204819.277108434,0.9090909090909092,0.04,0.2057416267942584,1,158.43927
Nangate45,NORX1,NOR3_X1,A1,ZN,fall,130.081,0.00454444,1.1,25.0,18.2906,1.5180722891566267,1.26e-06,8.299999999999999e-07,0,1,1,4.875815452730412,0.0045341452101301,793650.7936507936,1204819.277108434,3606.698412698413,5475.228915662652,5475.228915662652,1204819.277108434,0.9090909090909092,0.04,0.2057416267942584,1,45.462517
Nangate45,NORX1,NOR3_X1,A2,ZN,rise,40.9838,0.00242029,1.1,25.0,62.2877,1.5180722891566267,1.26e-06,8.299999999999999e-07,0,1,1,3.737283829590765,0.0024173658154572,793650.7936507936,1204819.277108434,1920.8650793650795,2916.012048192772,1920.8650793650795,793650.7936507936,0.9090909090909092,0.04,0.2057416267942584,1,68.94745
Nangate45,NANDX1,NAND4_X1,A2,ZN,rise,78.0596,0.0139999,1.1,25.0,85.10589999999999,1.5180722891566267,1.26e-06,8.299999999999999e-07,0,1,1,4.370201998407221,0.0139028065496571,793650.7936507936,1204819.277108434,11111.031746031746,16867.349397590366,11111.031746031746,793650.7936507936,0.9090909090909092,0.04,0.2057416267942584,1,88.82438
Nangate45,NORX1,XNOR2_X1,A,ZN,rise,1.1737799999999998,0.0260162,1.1,25.0,92.486,1.5180722891566267,1.26e-06,8.299999999999999e-07,0,1,1,0.7764675876261998,0.0256835360976095,793650.7936507936,1204819.277108434,20647.77777777778,31344.819277108443,20647.77777777778,793650.7936507936,0.9090909090909092,0.04,0.2057416267942584,1,137.00465
Nangate45,NORX1,XNOR2_X1,B,ZN,rise,40.9838,0.00650405,1.1,25.0,68.777,1.5180722891566267,1.26e-06,8.299999999999999e-07,0,1,1,3.737283829590765,0.0064829899346209,793650.7936507936,1204819.277108434,5161.944444444445,7836.204819277111,5161.944444444445,793650.7936507936,0.9090909090909092,0.04,0.2057416267942584,1,77.484566
Nangate45,INVX1,TINV_X1,I,ZN,fall,130.081,0.001526164229,1.1,25.0,17.5323,1.5180722891566267,6.3e-07,4.1500000000000005e-07,1,1,1,4.875815452730412,0.0015250008239207,1587301.5873015872,2409638.554216868,2422.482903174603,3677.5041662650606,3677.5041662650606,2409638.554216868,0.9090909090909092,0.04,0.2057416267942584,1,16.294003
Nangate45,NORX1,XNOR2_X1,B,ZN,fall,78.0596,0.00162601,1.1,25.0,27.073,1.5180722891566267,1.26e-06,8.299999999999999e-07,0,1,1,4.370201998407221,0.0016246894770018,793650.7936507936,1204819.277108434,1290.484126984127,1959.0481927710848,1959.0481927710848,1204819.277108434,0.9090909090909092,0.04,0.2057416267942584,1,18.531412
Nangate45,NANDX1,NAND4_X1,A2,ZN,fall,198.535,0.00699997,1.1,25.0,91.2546,1.5180722891566267,1.26e-06,8.299999999999999e-07,0,1,1,5.295989659538859,0.006975583944965,793650.7936507936,1204819.277108434,5555.531746031746,8433.698795180724,8433.698795180724,1204819.277108434,0.9090909090909092,0.04,0.2057416267942584,1,63.667725
Nangate45,INVX1,INV_X1,A,ZN,rise,4.72397,0.06073,1.1,25.0,152.68300000000002,1.5180722891566267,6.3e-07,4.1500000000000005e-07,1,1,1,1.7446626205903233,0.0589573503385265,1587301.5873015872,2409638.554216868,96396.82539682538,146337.34939759038,96396.82539682538,1587301.5873015872,0.9090909090909092,0.04,0.2057416267942584,1,131.7654
Nangate45,NANDX1,NAND4_X1,A1,ZN,fall,198.535,0.0139999,1.1,25.0,128.295,1.5180722891566267,1.26e-06,8.299999999999999e-07,0,1,1,5.295989659538859,0.0139028065496571,793650.7936507936,1204819.277108434,11111.031746031746,16867.349397590366,16867.349397590366,1204819.277108434,0.9090909090909092,0.04,0.2057416267942584,1,92.71787
Nangate45,NANDX1,NAND4_X1,A1,ZN,rise,78.0596,0.00349999,1.1,25.0,46.8522,1.5180722891566267,1.26e-06,8.299999999999999e-07,0,1,1,4.370201998407221,0.0034938792891336,793650.7936507936,1204819.277108434,2777.769841269841,4216.855421686748,2777.769841269841,793650.7936507936,0.9090909090909092,0.04,0.2057416267942584,1,43.803226
Nangate45,NORX1,XNOR2_X1,B,ZN,fall,17.1859,0.00325202,1.1,25.0,45.97,1.5180722891566267,1.26e-06,8.299999999999999e-07,0,1,1,2.900646568553312,0.0032467436191291,793650.7936507936,1204819.277108434,2580.968253968254,3918.096385542169,3918.096385542169,1204819.277108434,0.9090909090909092,0.04,0.2057416267942584,1,10.863282
Nangate45,NANDX1,NAND3_X1,A1,ZN,rise,78.0596,0.00364781,1.1,25.0,45.10080000000001,1.5180722891566267,1.26e-06,8.299999999999999e-07,0,1,1,4.370201998407221,0.0036411728768477,793650.7936507936,1204819.277108434,2895.0873015873017,4394.951807228917,2895.0873015873017,793650.7936507936,0.9090909090909092,0.04,0.2057416267942584,1,43.803238
Nangate45,NORX1,XNOR2_X1,A,ZN,fall,198.535,0.0130081,1.1,25.0,117.787,1.5180722891566267,1.26e-06,8.299999999999999e-07,0,1,1,5.295989659538859,0.0129242212859107,793650.7936507936,1204819.277108434,10323.88888888889,15672.409638554222,15672.409638554222,1204819.277108434,0.9090909090909092,0.04,0.2057416267942584,1,69.69692
Nangate45,NANDX1,NAND2_X1,A2,ZN,rise,40.9838,0.00370979,1.1,25.0,36.9411,1.5180722891566267,1.26e-06,8.299999999999999e-07,0,1,1,3.737283829590765,0.0037029257005795,793650.7936507936,1204819.277108434,2944.277777777778,4469.626506024097,2944.277777777778,793650.7936507936,0.9090909090909092,0.04,0.2057416267942584,1,39.647163
Nangate45,NORX1,NOR3_X1,A1,ZN,rise,17.1859,0.000365616,1.1,25.0,26.3957,1.5180722891566267,1.26e-06,8.299999999999999e-07,0,1,1,2.900646568553312,0.000365549178757,793650.7936507936,1204819.277108434,290.1714285714286,440.5012048192772,290.1714285714286,793650.7936507936,0.9090909090909092,0.04,0.2057416267942584,1,50.342876
Nangate45,XORX1,XOR2_X1,A,Z,rise,4.72397,0.0063324,1.1,25.0,48.59,1.5135135135135138,2.52e-06,1.6649999999999995e-06,0,1,1,1.7446626205903233,0.0063124345967383,396825.3968253968,600600.6006006007,2512.8571428571427,3803.243243243244,2512.8571428571427,396825.3968253968,0.9090909090909092,0.04,0.2043010752688172,1,55.87115
Nangate45,NORX1,NOR2_X1,A2,ZN,fall,1.1737799999999998,0.0133515,1.1,25.0,21.3323,1.5180722891566267,1.26e-06,8.299999999999999e-07,0,1,1,0.7764675876261998,0.0132631542209015,793650.7936507936,1204819.277108434,10596.42857142857,16086.144578313257,16086.144578313257,1204819.277108434,0.9090909090909092,0.04,0.2057416267942584,1,49.546356
Nangate45,NORX1,NOR2_X1,A1,ZN,fall,17.1859,0.00166893,1.1,25.0,10.2828,1.5180722891566267,1.26e-06,8.299999999999999e-07,0,1,1,2.900646568553312,0.001667538883896,793650.7936507936,1204819.277108434,1324.547619047619,2010.7590361445789,2010.7590361445789,1204819.277108434,0.9090909090909092,0.04,0.2057416267942584,1,13.357393
Nangate45,NORX1,NOR2_X1,A2,ZN,fall,130.081,0.0133515,1.1,25.0,50.708000000000006,1.5180722891566267,1.26e-06,8.299999999999999e-07,0,1,1,4.875815452730412,0.0132631542209015,793650.7936507936,1204819.277108434,10596.42857142857,16086.144578313257,16086.144578313257,1204819.277108434,0.9090909090909092,0.04,0.2057416267942584,1,59.93242
Nangate45,INVX1,TINV_X1,I,ZN,rise,78.0596,0.02342024323,1.1,25.0,183.622,1.5180722891566267,6.3e-07,4.1500000000000005e-07,1,1,1,4.370201998407221,0.0231501975625825,1587301.5873015872,2409638.554216868,37174.989253968255,56434.32103614459,37174.989253968255,1587301.5873015872,0.9090909090909092,0.04,0.2057416267942584,1,99.85634
Nangate45,NANDX1,NAND2_X1,A1,ZN,fall,198.535,0.00741959,1.1,25.0,51.2843,1.5180722891566267,1.26e-06,8.299999999999999e-07,0,1,1,5.295989659538859,0.0073922002392085,793650.7936507936,1204819.277108434,5888.563492063492,8939.265060240965,8939.265060240965,1204819.277108434,0.9090909090909092,0.04,0.2057416267942584,1,86.237434
Nangate45,NORX1,NOR3_X1,A3,ZN,rise,130.081,0.000365616,1.1,25.0,64.7234,1.5180722891566267,1.26e-06,8.299999999999999e-07,0,1,1,4.875815452730412,0.000365549178757,793650.7936507936,1204819.277108434,290.1714285714286,440.5012048192772,290.1714285714286,793650.7936507936,0.9090909090909092,0.04,0.2057416267942584,1,65.761345
Nangate45,NORX1,XNOR2_X1,A,ZN,rise,78.0596,0.00162601,1.1,25.0,52.896,1.5180722891566267,1.26e-06,8.299999999999999e-07,0,1,1,4.370201998407221,0.0016246894770018,793650.7936507936,1204819.277108434,1290.484126984127,1959.0481927710848,1290.484126984127,793650.7936507936,0.9090909090909092,0.04,0.2057416267942584,1,67.023384
Nangate45,NORX1,NOR2_X1,A2,ZN,fall,40.9838,0.00333786,1.1,25.0,18.9354,1.5180722891566267,1.26e-06,8.299999999999999e-07,0,1,1,3.737283829590765,0.0033323017104042,793650.7936507936,1204819.277108434,2649.095238095238,4021.518072289157,4021.518072289157,1204819.277108434,0.9090909090909092,0.04,0.2057416267942584,1,19.769106
Nangate45,NORX1,XNOR2_X1,B,ZN,rise,40.9838,0.000365616,1.1,25.0,35.575,1.5180722891566267,1.26e-06,8.299999999999999e-07,0,1,1,3.737283829590765,0.000365549178757,793650.7936507936,1204819.277108434,290.1714285714286,440.5012048192772,290.1714285714286,793650.7936507936,0.9090909090909092,0.04,0.2057416267942584,1,50.872097
Nangate45,NANDX1,NAND3_X1,A1,ZN,fall,17.1859,0.0291825,1.1,25.0,101.654,1.5180722891566267,1.26e-06,8.299999999999999e-07,0,1,1,2.900646568553312,0.0287647977830285,793650.7936507936,1204819.277108434,23160.714285714286,35159.63855421687,35159.63855421687,1204819.277108434,0.9090909090909092,0.04,0.2057416267942584,1,75.21694
Nangate45,INVX1,INV_X16,A,ZN,rise,78.0596,0.0605773999999999,1.1,25.0,42.7683,1.5180722891566267,6.3e-07,4.1500000000000005e-07,1,1,1,4.370201998407221,0.0588134768006666,1587301.5873015872,2409638.554216868,96154.60317460317,145969.6385542169,96154.60317460317,1587301.5873015872,0.9090909090909092,0.04,0.2057416267942584,1,132.35487
Nangate45,NANDX1,NAND4_X1,A4,ZN,rise,40.9838,0.00699997,1.1,25.0,53.0678,1.5180722891566267,1.26e-06,8.299999999999999e-07,0,1,1,3.737283829590765,0.006975583944965,793650.7936507936,1204819.277108434,5555.531746031746,8433.698795180724,5555.531746031746,793650.7936507936,0.9090909090909092,0.04,0.2057416267942584,1,49.957783
Nangate45,NORX1,XNOR2_X1,B,ZN,fall,130.081,0.00162601,1.1,25.0,81.258,1.5180722891566267,1.26e-06,8.299999999999999e-07,0,1,1,4.875815452730412,0.0016246894770018,793650.7936507936,1204819.277108434,1290.484126984127,1959.0481927710848,1959.0481927710848,1204819.277108434,0.9090909090909092,0.04,0.2057416267942584,1,32.652664
Nangate45,INVX1,INV_X1,A,ZN,rise,4.72397,0.00189781,1.1,25.0,11.031300000000002,1.5180722891566267,6.3e-07,4.1500000000000005e-07,1,1,1,1.7446626205903233,0.0018960114338003,1587301.5873015872,2409638.554216868,3012.396825396825,4573.036144578314,3012.396825396825,1587301.5873015872,0.9090909090909092,0.04,0.2057416267942584,1,14.045583
Nangate45,NORX1,NOR3_X1,A2,ZN,rise,130.081,0.000686498,1.1,25.0,72.37939999999999,1.5180722891566267,1.26e-06,8.299999999999999e-07,0,1,1,4.875815452730412,0.0006862624680366,793650.7936507936,1204819.277108434,544.8396825396825,827.1060240963857,544.8396825396825,793650.7936507936,0.9090909090909092,0.04,0.2057416267942584,1,70.36488
Nangate45,NANDX1,NAND2_X1,A1,ZN,rise,78.0596,0.000365616,1.1,25.0,26.2799,1.5180722891566267,1.26e-06,8.299999999999999e-07,0,1,1,4.370201998407221,0.000365549178757,793650.7936507936,1204819.277108434,290.1714285714286,440.5012048192772,290.1714285714286,793650.7936507936,0.9090909090909092,0.04,0.2057416267942584,1,34.744133
Nangate45,NANDX1,NAND2_X1,A2,ZN,rise,130.081,0.0593567,1.1,25.0,218.405,1.5180722891566267,1.26e-06,8.299999999999999e-07,0,1,1,4.875815452730412,0.0576618371011917,793650.7936507936,1204819.277108434,47108.492063492056,71514.09638554217,47108.492063492056,793650.7936507936,0.9090909090909092,0.04,0.2057416267942584,1,213.89473
Nangate45,NORX1,NOR2_X1,A2,ZN,fall,78.0596,0.00333786,1.1,25.0,20.244000000000003,1.5180722891566267,1.26e-06,8.299999999999999e-07,0,1,1,4.370201998407221,0.0033323017104042,793650.7936507936,1204819.277108434,2649.095238095238,4021.518072289157,4021.518072289157,1204819.277108434,0.9090909090909092,0.04,0.2057416267942584,1,23.524416
Nangate45,INVX2,INV_X2,A,ZN,rise,4.72397,0.00759125,1.1,25.0,15.8942,1.5180722891566267,1.26e-06,8.299999999999999e-07,1,1,1,1.7446626205903233,0.0075625814570239,793650.7936507936,1204819.277108434,6024.801587301587,9146.0843373494,6024.801587301587,793650.7936507936,0.9090909090909092,0.04,0.2057416267942584,1,12.520786
Nangate45,NORX1,NOR4_X1,A1,ZN,fall,198.535,0.00598648,1.1,25.0,19.9436,1.5180722891566267,1.26e-06,8.299999999999999e-07,0,1,1,5.295989659538859,0.0059686322234213,793650.7936507936,1204819.277108434,4751.174603174603,7212.626506024098,7212.626506024098,1204819.277108434,0.9090909090909092,0.04,0.2057416267942584,1,80.48887
Nangate45,INVX2,INV_X2,A,ZN,rise,198.535,0.030365,1.1,25.0,122.715,1.5180722891566267,1.26e-06,8.299999999999999e-07,1,1,1,5.295989659538859,0.0299131083997428,793650.7936507936,1204819.277108434,24099.206349206343,36584.3373493976,24099.206349206343,793650.7936507936,0.9090909090909092,0.04,0.2057416267942584,1,154.30388
Nangate45,INVX2,INV_X2,A,ZN,rise,40.9838,0.030365,1.1,25.0,62.3247,1.5180722891566267,1.26e-06,8.299999999999999e-07,1,1,1,3.737283829590765,0.0299131083997428,793650.7936507936,1204819.277108434,24099.206349206343,36584.3373493976,24099.206349206343,793650.7936507936,0.9090909090909092,0.04,0.2057416267942584,1,44.289696
Nangate45,NORX1,XNOR2_X1,A,ZN,fall,1.1737799999999998,0.0130081,1.1,25.0,57.343,1.5180722891566267,1.26e-06,8.299999999999999e-07,0,1,1,0.7764675876261998,0.0129242212859107,793650.7936507936,1204819.277108434,10323.88888888889,15672.409638554222,15672.409638554222,1204819.277108434,0.9090909090909092,0.04,0.2057416267942584,1,47.332355
Nangate45,XORX1,XOR2_X1,B,Z,fall,4.72397,0.0063324,1.1,25.0,61.53,1.5135135135135138,2.52e-06,1.6649999999999995e-06,0,1,1,1.7446626205903233,0.0063124345967383,396825.3968253968,600600.6006006007,2512.8571428571427,3803.243243243244,3803.243243243244,600600.6006006007,0.9090909090909092,0.04,0.2043010752688172,1,37.91793
Nangate45,NORX1,NOR2_X1,A1,ZN,rise,17.1859,0.0133515,1.1,25.0,85.7406,1.5180722891566267,1.26e-06,8.299999999999999e-07,0,1,1,2.900646568553312,0.0132631542209015,793650.7936507936,1204819.277108434,10596.42857142857,16086.144578313257,10596.42857142857,793650.7936507936,0.9090909090909092,0.04,0.2057416267942584,1,106.54626
Nangate45,NORX1,NOR4_X1,A4,ZN,fall,40.9838,0.00063952,1.1,25.0,15.578399999999998,1.5180722891566267,1.26e-06,8.299999999999999e-07,0,1,1,3.737283829590765,0.0006393155942278,793650.7936507936,1204819.277108434,507.5555555555555,770.5060240963857,770.5060240963857,1204819.277108434,0.9090909090909092,0.04,0.2057416267942584,1,14.685586
Nangate45,NORX1,XNOR2_X1,B,ZN,fall,130.081,0.00650405,1.1,25.0,93.214,1.5180722891566267,1.26e-06,8.299999999999999e-07,0,1,1,4.875815452730412,0.0064829899346209,793650.7936507936,1204819.277108434,5161.944444444445,7836.204819277111,7836.204819277111,1204819.277108434,0.9090909090909092,0.04,0.2057416267942584,1,44.4155
Nangate45,NORX1,NOR3_X1,A1,ZN,rise,17.1859,0.00454444,1.1,25.0,58.8689,1.5180722891566267,1.26e-06,8.299999999999999e-07,0,1,1,2.900646568553312,0.0045341452101301,793650.7936507936,1204819.277108434,3606.698412698413,5475.228915662652,3606.698412698413,793650.7936507936,0.9090909090909092,0.04,0.2057416267942584,1,65.36472
Nangate45,INVX2,INV_X2,A,ZN,rise,17.1859,0.06073,1.1,25.0,86.10170000000001,1.5180722891566267,1.26e-06,8.299999999999999e-07,1,1,1,2.900646568553312,0.0589573503385265,793650.7936507936,1204819.277108434,48198.41269841269,73168.67469879519,48198.41269841269,793650.7936507936,0.9090909090909092,0.04,0.2057416267942584,1,82.77314
Nangate45,NORX1,XNOR2_X1,B,ZN,rise,78.0596,0.00162601,1.1,25.0,53.211,1.5180722891566267,1.26e-06,8.299999999999999e-07,0,1,1,4.370201998407221,0.0016246894770018,793650.7936507936,1204819.277108434,1290.484126984127,1959.0481927710848,1290.484126984127,793650.7936507936,0.9090909090909092,0.04,0.2057416267942584,1,67.023384
Nangate45,NORX1,XNOR2_X1,A,ZN,rise,4.72397,0.00162601,1.1,25.0,24.876,1.5180722891566267,1.26e-06,8.299999999999999e-07,0,1,1,1.7446626205903233,0.0016246894770018,793650.7936507936,1204819.277108434,1290.484126984127,1959.0481927710848,1290.484126984127,793650.7936507936,0.9090909090909092,0.04,0.2057416267942584,1,36.23812
Nangate45,INVX1,TINV_X1,I,ZN,rise,40.9838,0.001526164229,1.1,25.0,37.7241,1.5180722891566267,6.3e-07,4.1500000000000005e-07,1,1,1,3.737283829590765,0.0015250008239207,1587301.5873015872,2409638.554216868,2422.482903174603,3677.5041662650606,2422.482903174603,1587301.5873015872,0.9090909090909092,0.04,0.2057416267942584,1,15.80474
Nangate45,XORX1,XOR2_X1,A,Z,fall,130.081,0.0253296,1.1,25.0,107.749,1.5135135135135138,2.52e-06,1.6649999999999995e-06,0,1,1,4.875815452730412,0.0250141218763313,396825.3968253968,600600.6006006007,10051.42857142857,15212.972972972975,15212.972972972975,600600.6006006007,0.9090909090909092,0.04,0.2043010752688172,1,92.04647
Nangate45,XORX1,XOR2_X1,B,Z,rise,198.535,0.0063324,1.1,25.0,131.13,1.5135135135135138,2.52e-06,1.6649999999999995e-06,0,1,1,5.295989659538859,0.0063124345967383,396825.3968253968,600600.6006006007,2512.8571428571427,3803.243243243244,2512.8571428571427,396825.3968253968,0.9090909090909092,0.04,0.2043010752688172,1,115.85251
Nangate45,NORX1,NOR3_X1,A3,ZN,fall,4.72397,0.00853286,1.1,25.0,17.769199999999998,1.5180722891566267,1.26e-06,8.299999999999999e-07,0,1,1,1.7446626205903233,0.0084966609254384,793650.7936507936,1204819.277108434,6772.11111111111,10280.554216867473,10280.554216867473,1204819.277108434,0.9090909090909092,0.04,0.2057416267942584,1,22.615171
Nangate45,INVX1,TINV_X1,I,ZN,rise,40.9838,0.003674923229,1.1,25.0,52.106300000000005,1.5180722891566267,6.3e-07,4.1500000000000005e-07,1,1,1,3.737283829590765,0.0036681871965212,1587301.5873015872,2409638.554216868,5833.211474603175,8855.236696385544,5833.211474603175,1587301.5873015872,0.9090909090909092,0.04,0.2057416267942584,1,33.19237
Nangate45,NANDX1,NAND3_X1,A2,ZN,fall,130.081,0.0583649,1.1,25.0,229.637,1.5180722891566267,1.26e-06,8.299999999999999e-07,0,1,1,4.875815452730412,0.0567251700033895,793650.7936507936,1204819.277108434,46321.3492063492,70319.15662650602,70319.15662650602,1204819.277108434,0.9090909090909092,0.04,0.2057416267942584,1,198.0014
Nangate45,XORX1,XOR2_X1,A,Z,rise,17.1859,0.00079155,1.1,25.0,24.994,1.5135135135135138,2.52e-06,1.6649999999999995e-06,0,1,1,2.900646568553312,0.0007912368895162,396825.3968253968,600600.6006006007,314.10714285714283,475.40540540540553,314.10714285714283,396825.3968253968,0.9090909090909092,0.04,0.2043010752688172,1,40.754562
Nangate45,XORX1,XOR2_X1,B,Z,fall,4.72397,0.0031662,1.1,25.0,56.065,1.5135135135135138,2.52e-06,1.6649999999999995e-06,0,1,1,1.7446626205903233,0.0031611981439168,396825.3968253968,600600.6006006007,1256.428571428571,1901.621621621622,1901.621621621622,600600.6006006007,0.9090909090909092,0.04,0.2043010752688172,1,35.586807
Nangate45,NANDX1,NAND3_X1,A2,ZN,rise,4.72397,0.00364781,1.1,25.0,20.7104,1.5180722891566267,1.26e-06,8.299999999999999e-07,0,1,1,1.7446626205903233,0.0036411728768477,793650.7936507936,1204819.277108434,2895.0873015873017,4394.951807228917,2895.0873015873017,793650.7936507936,0.9090909090909092,0.04,0.2057416267942584,1,24.582872
Nangate45,NORX1,NOR3_X1,A1,ZN,fall,1.1737799999999998,0.00454444,1.1,25.0,9.46368,1.5180722891566267,1.26e-06,8.299999999999999e-07,0,1,1,0.7764675876261998,0.0045341452101301,793650.7936507936,1204819.277108434,3606.698412698413,5475.228915662652,5475.228915662652,1204819.277108434,0.9090909090909092,0.04,0.2057416267942584,1,18.60182
Nangate45,NANDX1,NAND4_X1,A2,ZN,rise,4.72397,0.0279999,1.1,25.0,81.1327,1.5180722891566267,1.26e-06,8.299999999999999e-07,0,1,1,1.7446626205903233,0.027615069756704,793650.7936507936,1204819.277108434,22222.14285714286,33734.81927710844,22222.14285714286,793650.7936507936,0.9090909090909092,0.04,0.2057416267942584,1,102.990234
Nangate45,NORX1,NOR4_X1,A2,ZN,rise,78.0596,0.000365616,1.1,25.0,71.9678,1.5180722891566267,1.26e-06,8.299999999999999e-07,0,1,1,4.370201998407221,0.000365549178757,793650.7936507936,1204819.277108434,290.1714285714286,440.5012048192772,290.1714285714286,793650.7936507936,0.9090909090909092,0.04,0.2057416267942584,1,57.231453
Nangate45,NORX1,NOR3_X1,A1,ZN,rise,17.1859,0.00242029,1.1,25.0,42.2276,1.5180722891566267,1.26e-06,8.299999999999999e-07,0,1,1,2.900646568553312,0.0024173658154572,793650.7936507936,1204819.277108434,1920.8650793650795,2916.012048192772,1920.8650793650795,793650.7936507936,0.9090909090909092,0.04,0.2057416267942584,1,59.35296
Nangate45,NORX1,NOR4_X1,A3,ZN,rise,78.0596,0.00195665,1.1,25.0,97.8817,1.5180722891566267,1.26e-06,8.299999999999999e-07,0,1,1,4.370201998407221,0.0019547382537281,793650.7936507936,1204819.277108434,1552.8968253968253,2357.409638554217,1552.8968253968253,793650.7936507936,0.9090909090909092,0.04,0.2057416267942584,1,67.02358
Nangate45,INVX1,INV_X16,A,ZN,rise,40.9838,0.000365616,1.1,25.0,15.5061,1.5180722891566267,6.3e-07,4.1500000000000005e-07,1,1,1,3.737283829590765,0.000365549178757,1587301.5873015872,2409638.554216868,580.3428571428572,881.0024096385544,580.3428571428572,1587301.5873015872,0.9090909090909092,0.04,0.2057416267942584,1,13.559972
Nangate45,NORX1,NOR4_X1,A4,ZN,fall,130.081,0.00598648,1.1,25.0,34.7257,1.5180722891566267,1.26e-06,8.299999999999999e-07,0,1,1,4.875815452730412,0.0059686322234213,793650.7936507936,1204819.277108434,4751.174603174603,7212.626506024098,7212.626506024098,1204819.277108434,0.9090909090909092,0.04,0.2057416267942584,1,57.94027
Nangate45,NORX1,NOR4_X1,A1,ZN,rise,130.081,0.000365616,1.1,25.0,82.41229999999999,1.5180722891566267,1.26e-06,8.299999999999999e-07,0,1,1,4.875815452730412,0.000365549178757,793650.7936507936,1204819.277108434,290.1714285714286,440.5012048192772,290.1714285714286,793650.7936507936,0.9090909090909092,0.04,0.2057416267942584,1,65.761345
Nangate45,NANDX1,NAND4_X1,A1,ZN,rise,40.9838,0.0017499899999999,1.1,25.0,30.4362,1.5180722891566267,1.26e-06,8.299999999999999e-07,0,1,1,3.737283829590765,0.0017484605515862,793650.7936507936,1204819.277108434,1388.8809523809523,2108.421686746988,1388.8809523809523,793650.7936507936,0.9090909090909092,0.04,0.2057416267942584,1,31.795391
Nangate45,NORX1,XNOR2_X1,B,ZN,fall,17.1859,0.00162601,1.1,25.0,18.882,1.5180722891566267,1.26e-06,8.299999999999999e-07,0,1,1,2.900646568553312,0.0016246894770018,793650.7936507936,1204819.277108434,1290.484126984127,1959.0481927710848,1959.0481927710848,1204819.277108434,0.9090909090909092,0.04,0.2057416267942584,1,9.827619
Nangate45,NORX1,NOR3_X1,A2,ZN,fall,78.0596,0.00242029,1.1,25.0,17.6768,1.5180722891566267,1.26e-06,8.299999999999999e-07,0,1,1,4.370201998407221,0.0024173658154572,793650.7936507936,1204819.277108434,1920.8650793650795,2916.012048192772,2916.012048192772,1204819.277108434,0.9090909090909092,0.04,0.2057416267942584,1,32.42429
Nangate45,NORX1,XNOR2_X1,A,ZN,fall,17.1859,0.000813006,1.1,25.0,14.085,1.5180722891566267,1.26e-06,8.299999999999999e-07,0,1,1,2.900646568553312,0.0008126756896393,793650.7936507936,1204819.277108434,645.2428571428571,979.5253012048196,979.5253012048196,1204819.277108434,0.9090909090909092,0.04,0.2057416267942584,1,11.718644
Nangate45,XORX1,XOR2_X1,A,Z,fall,1.1737799999999998,0.0063324,1.1,25.0,55.86,1.5135135135135138,2.52e-06,1.6649999999999995e-06,0,1,1,0.7764675876261998,0.0063124345967383,396825.3968253968,600600.6006006007,2512.8571428571427,3803.243243243244,3803.243243243244,600600.6006006007,0.9090909090909092,0.04,0.2043010752688172,1,34.56011
Nangate45,XORX1,XOR2_X1,A,Z,rise,1.1737799999999998,0.0063324,1.1,25.0,47.576,1.5135135135135138,2.52e-06,1.6649999999999995e-06,0,1,1,0.7764675876261998,0.0063124345967383,396825.3968253968,600600.6006006007,2512.8571428571427,3803.243243243244,2512.8571428571427,396825.3968253968,0.9090909090909092,0.04,0.2043010752688172,1,59.308224
Nangate45,INVX1,INV_X16,A,ZN,fall,78.0596,0.24231,1.1,25.0,46.3512,1.5180722891566267,6.3e-07,4.1500000000000005e-07,1,1,1,4.370201998407221,0.2169725497905428,1587301.5873015872,2409638.554216868,384619.0476190476,583879.5180722892,583879.5180722892,2409638.554216868,0.9090909090909092,0.04,0.2057416267942584,1,52.837627
Nangate45,INVX1,INV_X1,A,ZN,fall,40.9838,0.00189781,1.1,25.0,10.7451,1.5180722891566267,6.3e-07,4.1500000000000005e-07,1,1,1,3.737283829590765,0.0018960114338003,1587301.5873015872,2409638.554216868,3012.396825396825,4573.036144578314,4573.036144578314,2409638.554216868,0.9090909090909092,0.04,0.2057416267942584,1,17.687893
Nangate45,NORX1,NOR4_X1,A2,ZN,fall,17.1859,0.00063952,1.1,25.0,11.9637,1.5180722891566267,1.26e-06,8.299999999999999e-07,0,1,1,2.900646568553312,0.0006393155942278,793650.7936507936,1204819.277108434,507.5555555555555,770.5060240963857,770.5060240963857,1204819.277108434,0.9090909090909092,0.04,0.2057416267942584,1,14.322501
Nangate45,NANDX1,NAND4_X1,A4,ZN,rise,17.1859,0.0017499899999999,1.1,25.0,27.2549,1.5180722891566267,1.26e-06,8.299999999999999e-07,0,1,1,2.900646568553312,0.0017484605515862,793650.7936507936,1204819.277108434,1388.8809523809523,2108.421686746988,1388.8809523809523,793650.7936507936,0.9090909090909092,0.04,0.2057416267942584,1,25.590391
Nangate45,NANDX1,NAND2_X1,A2,ZN,rise,4.72397,0.0018549,1.1,25.0,14.8711,1.5180722891566267,1.26e-06,8.299999999999999e-07,0,1,1,1.7446626205903233,0.0018531817973962,793650.7936507936,1204819.277108434,1472.142857142857,2234.819277108434,1472.142857142857,793650.7936507936,0.9090909090909092,0.04,0.2057416267942584,1,23.638603
Nangate45,NANDX1,NAND3_X1,A2,ZN,rise,1.1737799999999998,0.0018239,1.1,25.0,14.6474,1.5180722891566267,1.26e-06,8.299999999999999e-07,0,1,1,0.7764675876261998,0.0018222387141011,793650.7936507936,1204819.277108434,1447.5396825396824,2197.4698795180725,1447.5396825396824,793650.7936507936,0.9090909090909092,0.04,0.2057416267942584,1,26.381084
Nangate45,NORX1,NOR4_X1,A4,ZN,fall,1.1737799999999998,0.00195665,1.1,25.0,7.792730000000001,1.5180722891566267,1.26e-06,8.299999999999999e-07,0,1,1,0.7764675876261998,0.0019547382537281,793650.7936507936,1204819.277108434,1552.8968253968253,2357.409638554217,2357.409638554217,1204819.277108434,0.9090909090909092,0.04,0.2057416267942584,1,13.801563
Nangate45,NORX1,NOR4_X1,A4,ZN,fall,4.72397,0.0104713,1.1,25.0,21.0468,1.5180722891566267,1.26e-06,8.299999999999999e-07,0,1,1,1.7446626205903233,0.010416855676904,793650.7936507936,1204819.277108434,8310.555555555555,12616.024096385545,12616.024096385545,1204819.277108434,0.9090909090909092,0.04,0.2057416267942584,1,24.429722
Nangate45,NANDX1,NAND3_X1,A1,ZN,rise,17.1859,0.00364781,1.1,25.0,24.7405,1.5180722891566267,1.26e-06,8.299999999999999e-07,0,1,1,2.900646568553312,0.0036411728768477,793650.7936507936,1204819.277108434,2895.0873015873017,4394.951807228917,2895.0873015873017,793650.7936507936,0.9090909090909092,0.04,0.2057416267942584,1,30.860712
Nangate45,NORX1,NOR4_X1,A4,ZN,fall,198.535,0.00598648,1.1,25.0,32.5678,1.5180722891566267,1.26e-06,8.299999999999999e-07,0,1,1,5.295989659538859,0.0059686322234213,793650.7936507936,1204819.277108434,4751.174603174603,7212.626506024098,7212.626506024098,1204819.277108434,0.9090909090909092,0.04,0.2057416267942584,1,80.48887
Nangate45,NORX1,XNOR2_X1,A,ZN,rise,1.1737799999999998,0.00650405,1.1,25.0,49.214,1.5180722891566267,1.26e-06,8.299999999999999e-07,0,1,1,0.7764675876261998,0.0064829899346209,793650.7936507936,1204819.277108434,5161.944444444445,7836.204819277111,5161.944444444445,793650.7936507936,0.9090909090909092,0.04,0.2057416267942584,1,55.357327
Nangate45,XORX1,XOR2_X1,B,Z,fall,78.0596,0.000365616,1.1,25.0,15.923,1.5135135135135138,2.52e-06,1.6649999999999995e-06,0,1,1,4.370201998407221,0.000365549178757,396825.3968253968,600600.6006006007,145.0857142857143,219.58918918918928,219.58918918918928,600600.6006006007,0.9090909090909092,0.04,0.2043010752688172,1,30.046942
Nangate45,XORX1,XOR2_X1,A,Z,rise,78.0596,0.0126648,1.1,25.0,113.941,1.5135135135135138,2.52e-06,1.6649999999999995e-06,0,1,1,4.370201998407221,0.0125852721858001,396825.3968253968,600600.6006006007,5025.714285714285,7606.486486486488,5025.714285714285,396825.3968253968,0.9090909090909092,0.04,0.2043010752688172,1,102.84757
Nangate45,NORX1,NOR4_X1,A3,ZN,fall,4.72397,0.0104713,1.1,25.0,21.0665,1.5180722891566267,1.26e-06,8.299999999999999e-07,0,1,1,1.7446626205903233,0.010416855676904,793650.7936507936,1204819.277108434,8310.555555555555,12616.024096385545,12616.024096385545,1204819.277108434,0.9090909090909092,0.04,0.2057416267942584,1,23.777845
Nangate45,NORX1,NOR2_X1,A1,ZN,fall,198.535,0.00333786,1.1,25.0,6.1098300000000005,1.5180722891566267,1.26e-06,8.299999999999999e-07,0,1,1,5.295989659538859,0.0033323017104042,793650.7936507936,1204819.277108434,2649.095238095238,4021.518072289157,4021.518072289157,1204819.277108434,0.9090909090909092,0.04,0.2057416267942584,1,50.655018
Nangate45,NORX1,NOR3_X1,A3,ZN,fall,40.9838,0.001289,1.1,25.0,15.5368,1.5180722891566267,1.26e-06,8.299999999999999e-07,0,1,1,3.737283829590765,0.0012881699527107,793650.7936507936,1204819.277108434,1023.015873015873,1553.012048192771,1553.012048192771,1204819.277108434,0.9090909090909092,0.04,0.2057416267942584,1,17.44987
Nangate45,INVX1,TINV_X1,I,ZN,rise,130.081,0.02342024323,1.1,25.0,204.641,1.5180722891566267,6.3e-07,4.1500000000000005e-07,1,1,1,4.875815452730412,0.0231501975625825,1587301.5873015872,2409638.554216868,37174.989253968255,56434.32103614459,37174.989253968255,1587301.5873015872,0.9090909090909092,0.04,0.2057416267942584,1,110.23716
Nangate45,INVX1,INV_X16,A,ZN,rise,4.72397,0.969238,1.1,25.0,153.96599999999998,1.5180722891566267,6.3e-07,4.1500000000000005e-07,1,1,1,1.7446626205903233,0.6776466658922388,1587301.5873015872,2409638.554216868,1538473.015873016,2335513.2530120485,1538473.015873016,1587301.5873015872,0.9090909090909092,0.04,0.2057416267942584,1,129.31018
Nangate45,NANDX1,NAND3_X1,A3,ZN,fall,1.1737799999999998,0.0145912,1.1,25.0,56.5461,1.5180722891566267,1.26e-06,8.299999999999999e-07,0,1,1,0.7764675876261998,0.0144857727440233,793650.7936507936,1204819.277108434,11580.31746031746,17579.75903614458,17579.75903614458,1204819.277108434,0.9090909090909092,0.04,0.2057416267942584,1,48.33863
Nangate45,NORX1,NOR4_X1,A2,ZN,fall,40.9838,0.0104713,1.1,25.0,34.7453,1.5180722891566267,1.26e-06,8.299999999999999e-07,0,1,1,3.737283829590765,0.010416855676904,793650.7936507936,1204819.277108434,8310.555555555555,12616.024096385545,12616.024096385545,1204819.277108434,0.9090909090909092,0.04,0.2057416267942584,1,31.481379
Nangate45,NANDX1,NAND3_X1,A1,ZN,rise,198.535,0.000365616,1.1,25.0,41.9931,1.5180722891566267,1.26e-06,8.299999999999999e-07,0,1,1,5.295989659538859,0.000365549178757,793650.7936507936,1204819.277108434,290.1714285714286,440.5012048192772,290.1714285714286,793650.7936507936,0.9090909090909092,0.04,0.2057416267942584,1,58.60284
Nangate45,NORX1,NOR4_X1,A2,ZN,rise,1.1737799999999998,0.00195665,1.1,25.0,65.5873,1.5180722891566267,1.26e-06,8.299999999999999e-07,0,1,1,0.7764675876261998,0.0019547382537281,793650.7936507936,1204819.277108434,1552.8968253968253,2357.409638554217,1552.8968253968253,793650.7936507936,0.9090909090909092,0.04,0.2057416267942584,1,40.574978
Nangate45,NANDX1,NAND4_X1,A2,ZN,rise,40.9838,0.0017499899999999,1.1,25.0,33.991,1.5180722891566267,1.26e-06,8.299999999999999e-07,0,1,1,3.737283829590765,0.0017484605515862,793650.7936507936,1204819.277108434,1388.8809523809523,2108.421686746988,1388.8809523809523,793650.7936507936,0.9090909090909092,0.04,0.2057416267942584,1,31.66329
Nangate45,NANDX1,NAND2_X1,A1,ZN,fall,130.081,0.0296783,1.1,25.0,118.141,1.5180722891566267,1.26e-06,8.299999999999999e-07,0,1,1,4.875815452730412,0.0292464233592539,793650.7936507936,1204819.277108434,23554.20634920635,35756.987951807234,35756.987951807234,1204819.277108434,0.9090909090909092,0.04,0.2057416267942584,1,175.04803
Nangate45,NORX1,NOR4_X1,A2,ZN,rise,1.1737799999999998,0.000365616,1.1,25.0,48.2099,1.5180722891566267,1.26e-06,8.299999999999999e-07,0,1,1,0.7764675876261998,0.000365549178757,793650.7936507936,1204819.277108434,290.1714285714286,440.5012048192772,290.1714285714286,793650.7936507936,0.9090909090909092,0.04,0.2057416267942584,1,24.731148
Nangate45,XORX1,XOR2_X1,B,Z,fall,17.1859,0.0015831,1.1,25.0,58.208000000000006,1.5135135135135138,2.52e-06,1.6649999999999995e-06,0,1,1,2.900646568553312,0.0015818482181514,396825.3968253968,600600.6006006007,628.2142857142857,950.8108108108112,950.8108108108112,600600.6006006007,0.9090909090909092,0.04,0.2043010752688172,1,25.327812
Nangate45,NORX1,NOR3_X1,A2,ZN,rise,1.1737799999999998,0.00242029,1.1,25.0,48.3562,1.5180722891566267,1.26e-06,8.299999999999999e-07,0,1,1,0.7764675876261998,0.0024173658154572,793650.7936507936,1204819.277108434,1920.8650793650795,2916.012048192772,1920.8650793650795,793650.7936507936,0.9090909090909092,0.04,0.2057416267942584,1,41.520817
Nangate45,NANDX1,NAND2_X1,A2,ZN,rise,1.1737799999999998,0.000365616,1.1,25.0,9.60902,1.5180722891566267,1.26e-06,8.299999999999999e-07,0,1,1,0.7764675876261998,0.000365549178757,793650.7936507936,1204819.277108434,290.1714285714286,440.5012048192772,290.1714285714286,793650.7936507936,0.9090909090909092,0.04,0.2057416267942584,1,23.779034
Nangate45,INVX1,INV_X16,A,ZN,rise,1.1737799999999998,0.969238,1.1,25.0,152.281,1.5180722891566267,6.3e-07,4.1500000000000005e-07,1,1,1,0.7764675876261998,0.6776466658922388,1587301.5873015872,2409638.554216868,1538473.015873016,2335513.2530120485,1538473.015873016,1587301.5873015872,0.9090909090909092,0.04,0.2057416267942584,1,127.42071
Nangate45,NANDX1,NAND4_X1,A3,ZN,fall,40.9838,0.0559998,1.1,25.0,245.969,1.5180722891566267,1.26e-06,8.299999999999999e-07,0,1,1,3.737283829590765,0.0544879958901124,793650.7936507936,1204819.277108434,44444.28571428572,67469.63855421687,67469.63855421687,1204819.277108434,0.9090909090909092,0.04,0.2057416267942584,1,170.37408
Nangate45,NANDX1,NAND3_X1,A2,ZN,rise,4.72397,0.0018239,1.1,25.0,16.220499999999998,1.5180722891566267,1.26e-06,8.299999999999999e-07,0,1,1,1.7446626205903233,0.0018222387141011,793650.7936507936,1204819.277108434,1447.5396825396824,2197.4698795180725,1447.5396825396824,793650.7936507936,0.9090909090909092,0.04,0.2057416267942584,1,20.636332
Nangate45,NANDX1,NAND3_X1,A1,ZN,rise,130.081,0.000365616,1.1,25.0,34.9808,1.5180722891566267,1.26e-06,8.299999999999999e-07,0,1,1,4.875815452730412,0.000365549178757,793650.7936507936,1204819.277108434,290.1714285714286,440.5012048192772,290.1714285714286,793650.7936507936,0.9090909090909092,0.04,0.2057416267942584,1,42.83819
Nangate45,XORX1,XOR2_X1,A,Z,rise,78.0596,0.0031662,1.1,25.0,62.998,1.5135135135135138,2.52e-06,1.6649999999999995e-06,0,1,1,4.370201998407221,0.0031611981439168,396825.3968253968,600600.6006006007,1256.428571428571,1901.621621621622,1256.428571428571,396825.3968253968,0.9090909090909092,0.04,0.2043010752688172,1,77.058426
Nangate45,NANDX1,NAND2_X1,A2,ZN,rise,198.535,0.0018549,1.1,25.0,63.0613,1.5180722891566267,1.26e-06,8.299999999999999e-07,0,1,1,5.295989659538859,0.0018531817973962,793650.7936507936,1204819.277108434,1472.142857142857,2234.819277108434,1472.142857142857,793650.7936507936,0.9090909090909092,0.04,0.2057416267942584,1,66.77558
Nangate45,NANDX1,NAND4_X1,A4,ZN,rise,4.72397,0.0139999,1.1,25.0,51.3942,1.5180722891566267,1.26e-06,8.299999999999999e-07,0,1,1,1.7446626205903233,0.0139028065496571,793650.7936507936,1204819.277108434,11111.031746031746,16867.349397590366,11111.031746031746,793650.7936507936,0.9090909090909092,0.04,0.2057416267942584,1,56.438393
Nangate45,INVX1,INV_X16,A,ZN,rise,17.1859,0.0302886999999999,1.1,25.0,17.613400000000002,1.5180722891566267,6.3e-07,4.1500000000000005e-07,1,1,1,2.900646568553312,0.0298390542294231,1587301.5873015872,2409638.554216868,48077.30158730158,72984.81927710844,48077.30158730158,1587301.5873015872,0.9090909090909092,0.04,0.2057416267942584,1,94.60299
Nangate45,NANDX1,NAND3_X1,A1,ZN,rise,4.72397,0.000365616,1.1,25.0,10.2956,1.5180722891566267,1.26e-06,8.299999999999999e-07,0,1,1,1.7446626205903233,0.000365549178757,793650.7936507936,1204819.277108434,290.1714285714286,440.5012048192772,290.1714285714286,793650.7936507936,0.9090909090909092,0.04,0.2057416267942584,1,19.209898
Nangate45,NORX1,NOR2_X1,A2,ZN,fall,78.0596,0.0066757299999999,1.1,25.0,30.1054,1.5180722891566267,1.26e-06,8.299999999999999e-07,0,1,1,4.370201998407221,0.0066535459893972,793650.7936507936,1204819.277108434,5298.198412698412,8043.048192771084,8043.048192771084,1204819.277108434,0.9090909090909092,0.04,0.2057416267942584,1,28.72505
Nangate45,XORX1,XOR2_X1,B,Z,rise,4.72397,0.0015831,1.1,25.0,28.68,1.5135135135135138,2.52e-06,1.6649999999999995e-06,0,1,1,1.7446626205903233,0.0015818482181514,396825.3968253968,600600.6006006007,628.2142857142857,950.8108108108112,628.2142857142857,396825.3968253968,0.9090909090909092,0.04,0.2043010752688172,1,33.437584
Nangate45,NANDX1,NAND4_X1,A1,ZN,rise,17.1859,0.000365616,1.1,25.0,18.0377,1.5180722891566267,1.26e-06,8.299999999999999e-07,0,1,1,2.900646568553312,0.000365549178757,793650.7936507936,1204819.277108434,290.1714285714286,440.5012048192772,290.1714285714286,793650.7936507936,0.9090909090909092,0.04,0.2057416267942584,1,23.607725
Nangate45,INVX1,TINV_X1,EN,ZN,rise,1.1737799999999998,0.003674923229,1.1,25.0,25.362,1.5180722891566267,6.3e-07,4.1500000000000005e-07,1,1,1,0.7764675876261998,0.0036681871965212,1587301.5873015872,2409638.554216868,5833.211474603175,8855.236696385544,5833.211474603175,1587301.5873015872,0.9090909090909092,0.04,0.2057416267942584,1,12.7021675
Nangate45,NORX1,NOR2_X1,A1,ZN,rise,17.1859,0.00166893,1.1,25.0,26.7281,1.5180722891566267,1.26e-06,8.299999999999999e-07,0,1,1,2.900646568553312,0.001667538883896,793650.7936507936,1204819.277108434,1324.547619047619,2010.7590361445789,1324.547619047619,793650.7936507936,0.9090909090909092,0.04,0.2057416267942584,1,52.01636
Nangate45,NORX1,NOR2_X1,A1,ZN,rise,17.1859,0.000834466,1.1,25.0,22.6399,1.5180722891566267,1.26e-06,8.299999999999999e-07,0,1,1,2.900646568553312,0.0008341180268151,793650.7936507936,1204819.277108434,662.2746031746032,1005.3807228915664,662.2746031746032,793650.7936507936,0.9090909090909092,0.04,0.2057416267942584,1,49.895107
Nangate45,INVX1,TINV_X1,I,ZN,fall,130.081,0.01217354323,1.1,25.0,67.95360000000001,1.5180722891566267,6.3e-07,4.1500000000000005e-07,1,1,1,4.875815452730412,0.0121000415684708,1587301.5873015872,2409638.554216868,19323.08449206349,29333.839108433735,29333.839108433735,2409638.554216868,0.9090909090909092,0.04,0.2057416267942584,1,60.706684
Nangate45,NORX1,NOR2_X1,A2,ZN,fall,130.081,0.0066757299999999,1.1,25.0,31.125300000000003,1.5180722891566267,1.26e-06,8.299999999999999e-07,0,1,1,4.875815452730412,0.0066535459893972,793650.7936507936,1204819.277108434,5298.198412698412,8043.048192771084,8043.048192771084,1204819.277108434,0.9090909090909092,0.04,0.2057416267942584,1,44.555405
Nangate45,NORX1,XNOR2_X1,A,ZN,rise,4.72397,0.0260162,1.1,25.0,149.167,1.5180722891566267,1.26e-06,8.299999999999999e-07,0,1,1,1.7446626205903233,0.0256835360976095,793650.7936507936,1204819.277108434,20647.77777777778,31344.819277108443,20647.77777777778,793650.7936507936,0.9090909090909092,0.04,0.2057416267942584,1,145.97606
Nangate45,INVX1,INV_X1,A,ZN,fall,78.0596,0.06073,1.1,25.0,111.006,1.5180722891566267,6.3e-07,4.1500000000000005e-07,1,1,1,4.370201998407221,0.0589573503385265,1587301.5873015872,2409638.554216868,96396.82539682538,146337.34939759038,146337.34939759038,2409638.554216868,0.9090909090909092,0.04,0.2057416267942584,1,46.42486
Nangate45,NORX1,XNOR2_X1,A,ZN,fall,1.1737799999999998,0.00325202,1.1,25.0,37.039,1.5180722891566267,1.26e-06,8.299999999999999e-07,0,1,1,0.7764675876261998,0.0032467436191291,793650.7936507936,1204819.277108434,2580.968253968254,3918.096385542169,3918.096385542169,1204819.277108434,0.9090909090909092,0.04,0.2057416267942584,1,16.588356
Nangate45,NORX1,XNOR2_X1,A,ZN,rise,4.72397,0.000365616,1.1,25.0,18.136,1.5180722891566267,1.26e-06,8.299999999999999e-07,0,1,1,1.7446626205903233,0.000365549178757,793650.7936507936,1204819.277108434,290.1714285714286,440.5012048192772,290.1714285714286,793650.7936507936,0.9090909090909092,0.04,0.2057416267942584,1,36.983944
Nangate45,INVX1,INV_X1,A,ZN,rise,17.1859,0.06073,1.1,25.0,158.767,1.5180722891566267,6.3e-07,4.1500000000000005e-07,1,1,1,2.900646568553312,0.0589573503385265,1587301.5873015872,2409638.554216868,96396.82539682538,146337.34939759038,96396.82539682538,1587301.5873015872,0.9090909090909092,0.04,0.2057416267942584,1,133.50676
Nangate45,XORX1,XOR2_X1,B,Z,fall,40.9838,0.000365616,1.1,25.0,15.854,1.5135135135135138,2.52e-06,1.6649999999999995e-06,0,1,1,3.737283829590765,0.000365549178757,396825.3968253968,600600.6006006007,145.0857142857143,219.58918918918928,219.58918918918928,600600.6006006007,0.9090909090909092,0.04,0.2043010752688172,1,24.927265
Nangate45,NORX1,NOR4_X1,A1,ZN,fall,17.1859,0.00598648,1.1,25.0,18.9692,1.5180722891566267,1.26e-06,8.299999999999999e-07,0,1,1,2.900646568553312,0.0059686322234213,793650.7936507936,1204819.277108434,4751.174603174603,7212.626506024098,7212.626506024098,1204819.277108434,0.9090909090909092,0.04,0.2057416267942584,1,20.887941
Nangate45,NORX1,NOR4_X1,A4,ZN,rise,17.1859,0.0104713,1.1,25.0,175.822,1.5180722891566267,1.26e-06,8.299999999999999e-07,0,1,1,2.900646568553312,0.010416855676904,793650.7936507936,1204819.277108434,8310.555555555555,12616.024096385545,8310.555555555555,793650.7936507936,0.9090909090909092,0.04,0.2057416267942584,1,100.38212
Nangate45,XORX1,XOR2_X1,A,Z,fall,130.081,0.000365616,1.1,25.0,94.293,1.5135135135135138,2.52e-06,1.6649999999999995e-06,0,1,1,4.875815452730412,0.000365549178757,396825.3968253968,600600.6006006007,145.0857142857143,219.58918918918928,219.58918918918928,600600.6006006007,0.9090909090909092,0.04,0.2043010752688172,1,37.25944
Nangate45,NORX1,NOR4_X1,A4,ZN,rise,17.1859,0.00598648,1.1,25.0,127.645,1.5180722891566267,1.26e-06,8.299999999999999e-07,0,1,1,2.900646568553312,0.0059686322234213,793650.7936507936,1204819.277108434,4751.174603174603,7212.626506024098,4751.174603174603,793650.7936507936,0.9090909090909092,0.04,0.2057416267942584,1,68.695656
Nangate45,NANDX1,NAND4_X1,A2,ZN,fall,198.535,0.0559998,1.1,25.0,302.98,1.5180722891566267,1.26e-06,8.299999999999999e-07,0,1,1,5.295989659538859,0.0544879958901124,793650.7936507936,1204819.277108434,44444.28571428572,67469.63855421687,67469.63855421687,1204819.277108434,0.9090909090909092,0.04,0.2057416267942584,1,220.98268
Nangate45,XORX1,XOR2_X1,A,Z,fall,78.0596,0.0126648,1.1,25.0,60.863,1.5135135135135138,2.52e-06,1.6649999999999995e-06,0,1,1,4.370201998407221,0.0125852721858001,396825.3968253968,600600.6006006007,5025.714285714285,7606.486486486488,7606.486486486488,600600.6006006007,0.9090909090909092,0.04,0.2043010752688172,1,72.93532
Nangate45,NANDX1,NAND4_X1,A2,ZN,rise,4.72397,0.000365616,1.1,25.0,14.3163,1.5180722891566267,1.26e-06,8.299999999999999e-07,0,1,1,1.7446626205903233,0.000365549178757,793650.7936507936,1204819.277108434,290.1714285714286,440.5012048192772,290.1714285714286,793650.7936507936,0.9090909090909092,0.04,0.2057416267942584,1,20.249395
Nangate45,NANDX1,NAND4_X1,A4,ZN,rise,40.9838,0.0279999,1.1,25.0,103.513,1.5180722891566267,1.26e-06,8.299999999999999e-07,0,1,1,3.737283829590765,0.027615069756704,793650.7936507936,1204819.277108434,22222.14285714286,33734.81927710844,22222.14285714286,793650.7936507936,0.9090909090909092,0.04,0.2057416267942584,1,109.36834
Nangate45,INVX2,INV_X2,A,ZN,fall,4.72397,0.030365,1.1,25.0,23.1189,1.5180722891566267,1.26e-06,8.299999999999999e-07,1,1,1,1.7446626205903233,0.0299131083997428,793650.7936507936,1204819.277108434,24099.206349206343,36584.3373493976,36584.3373493976,1204819.277108434,0.9090909090909092,0.04,0.2057416267942584,1,30.947468
Nangate45,NORX1,XNOR2_X1,A,ZN,fall,4.72397,0.000813006,1.1,25.0,10.013,1.5180722891566267,1.26e-06,8.299999999999999e-07,0,1,1,1.7446626205903233,0.0008126756896393,793650.7936507936,1204819.277108434,645.2428571428571,979.5253012048196,979.5253012048196,1204819.277108434,0.9090909090909092,0.04,0.2057416267942584,1,9.586444
Nangate45,NANDX1,NAND4_X1,A2,ZN,rise,4.72397,0.00699997,1.1,25.0,30.5575,1.5180722891566267,1.26e-06,8.299999999999999e-07,0,1,1,1.7446626205903233,0.006975583944965,793650.7936507936,1204819.277108434,5555.531746031746,8433.698795180724,5555.531746031746,793650.7936507936,0.9090909090909092,0.04,0.2057416267942584,1,34.40281
Nangate45,XORX1,XOR2_X1,B,Z,fall,198.535,0.0126648,1.1,25.0,71.27699999999999,1.5135135135135138,2.52e-06,1.6649999999999995e-06,0,1,1,5.295989659538859,0.0125852721858001,396825.3968253968,600600.6006006007,5025.714285714285,7606.486486486488,7606.486486486488,600600.6006006007,0.9090909090909092,0.04,0.2043010752688172,1,93.24013
Nangate45,INVX1,TINV_X1,EN,ZN,fall,130.081,0.02342024323,1.1,25.0,109.104,1.5180722891566267,6.3e-07,4.1500000000000005e-07,1,1,1,4.875815452730412,0.0231501975625825,1587301.5873015872,2409638.554216868,37174.989253968255,56434.32103614459,56434.32103614459,2409638.554216868,0.9090909090909092,0.04,0.2057416267942584,1,48.481037
Nangate45,NORX1,XNOR2_X1,B,ZN,fall,17.1859,0.000365616,1.1,25.0,15.61,1.5180722891566267,1.26e-06,8.299999999999999e-07,0,1,1,2.900646568553312,0.000365549178757,793650.7936507936,1204819.277108434,290.1714285714286,440.5012048192772,440.5012048192772,1204819.277108434,0.9090909090909092,0.04,0.2057416267942584,1,13.744775
Nangate45,NORX1,NOR4_X1,A1,ZN,rise,17.1859,0.00111862,1.1,25.0,42.6672,1.5180722891566267,1.26e-06,8.299999999999999e-07,0,1,1,2.900646568553312,0.001117994810837,793650.7936507936,1204819.277108434,887.7936507936508,1347.7349397590365,887.7936507936508,793650.7936507936,0.9090909090909092,0.04,0.2057416267942584,1,55.82598
Nangate45,NORX1,XNOR2_X1,B,ZN,rise,40.9838,0.000813006,1.1,25.0,43.574,1.5180722891566267,1.26e-06,8.299999999999999e-07,0,1,1,3.737283829590765,0.0008126756896393,793650.7936507936,1204819.277108434,645.2428571428571,979.5253012048196,645.2428571428571,793650.7936507936,0.9090909090909092,0.04,0.2057416267942584,1,52.092136
Nangate45,NORX1,NOR4_X1,A3,ZN,rise,1.1737799999999998,0.00598648,1.1,25.0,118.698,1.5180722891566267,1.26e-06,8.299999999999999e-07,0,1,1,0.7764675876261998,0.0059686322234213,793650.7936507936,1204819.277108434,4751.174603174603,7212.626506024098,4751.174603174603,793650.7936507936,0.9090909090909092,0.04,0.2057416267942584,1,51.643665
Nangate45,NORX1,XNOR2_X1,A,ZN,rise,40.9838,0.000365616,1.1,25.0,43.258,1.5180722891566267,1.26e-06,8.299999999999999e-07,0,1,1,3.737283829590765,0.000365549178757,793650.7936507936,1204819.277108434,290.1714285714286,440.5012048192772,290.1714285714286,793650.7936507936,0.9090909090909092,0.04,0.2057416267942584,1,50.872097
Nangate45,XORX1,XOR2_X1,A,Z,rise,130.081,0.0063324,1.1,25.0,78.93,1.5135135135135138,2.52e-06,1.6649999999999995e-06,0,1,1,4.875815452730412,0.0063124345967383,396825.3968253968,600600.6006006007,2512.8571428571427,3803.243243243244,2512.8571428571427,396825.3968253968,0.9090909090909092,0.04,0.2043010752688172,1,93.982185
Nangate45,NANDX1,NAND2_X1,A2,ZN,fall,40.9838,0.00370979,1.1,25.0,25.2257,1.5180722891566267,1.26e-06,8.299999999999999e-07,0,1,1,3.737283829590765,0.0037029257005795,793650.7936507936,1204819.277108434,2944.277777777778,4469.626506024097,4469.626506024097,1204819.277108434,0.9090909090909092,0.04,0.2057416267942584,1,32.720608
Nangate45,NORX1,NOR4_X1,A3,ZN,fall,40.9838,0.00111862,1.1,25.0,16.6977,1.5180722891566267,1.26e-06,8.299999999999999e-07,0,1,1,3.737283829590765,0.001117994810837,793650.7936507936,1204819.277108434,887.7936507936508,1347.7349397590365,1347.7349397590365,1204819.277108434,0.9090909090909092,0.04,0.2057416267942584,1,14.89527
Nangate45,INVX1,INV_X1,A,ZN,fall,78.0596,0.00189781,1.1,25.0,9.77055,1.5180722891566267,6.3e-07,4.1500000000000005e-07,1,1,1,4.370201998407221,0.0018960114338003,1587301.5873015872,2409638.554216868,3012.396825396825,4573.036144578314,4573.036144578314,2409638.554216868,0.9090909090909092,0.04,0.2057416267942584,1,23.097363
Nangate45,XORX1,XOR2_X1,B,Z,rise,4.72397,0.0063324,1.1,25.0,53.13,1.5135135135135138,2.52e-06,1.6649999999999995e-06,0,1,1,1.7446626205903233,0.0063124345967383,396825.3968253968,600600.6006006007,2512.8571428571427,3803.243243243244,2512.8571428571427,396825.3968253968,0.9090909090909092,0.04,0.2043010752688172,1,55.87115
Nangate45,NANDX1,NAND4_X1,A3,ZN,fall,78.0596,0.0279999,1.1,25.0,147.307,1.5180722891566267,1.26e-06,8.299999999999999e-07,0,1,1,4.370201998407221,0.027615069756704,793650.7936507936,1204819.277108434,22222.14285714286,33734.81927710844,33734.81927710844,1204819.277108434,0.9090909090909092,0.04,0.2057416267942584,1,113.859474
Nangate45,NANDX1,NAND4_X1,A2,ZN,rise,78.0596,0.00349999,1.1,25.0,51.209900000000005,1.5180722891566267,1.26e-06,8.299999999999999e-07,0,1,1,4.370201998407221,0.0034938792891336,793650.7936507936,1204819.277108434,2777.769841269841,4216.855421686748,2777.769841269841,793650.7936507936,0.9090909090909092,0.04,0.2057416267942584,1,43.803226
Nangate45,NORX1,NOR3_X1,A3,ZN,rise,78.0596,0.000365616,1.1,25.0,55.7597,1.5180722891566267,1.26e-06,8.299999999999999e-07,0,1,1,4.370201998407221,0.000365549178757,793650.7936507936,1204819.277108434,290.1714285714286,440.5012048192772,290.1714285714286,793650.7936507936,0.9090909090909092,0.04,0.2057416267942584,1,57.231453
Nangate45,NORX1,XNOR2_X1,A,ZN,fall,78.0596,0.00325202,1.1,25.0,68.26899999999999,1.5180722891566267,1.26e-06,8.299999999999999e-07,0,1,1,4.370201998407221,0.0032467436191291,793650.7936507936,1204819.277108434,2580.968253968254,3918.096385542169,3918.096385542169,1204819.277108434,0.9090909090909092,0.04,0.2057416267942584,1,17.054888
Nangate45,XORX1,XOR2_X1,A,Z,fall,130.081,0.0031662,1.1,25.0,101.219,1.5135135135135138,2.52e-06,1.6649999999999995e-06,0,1,1,4.875815452730412,0.0031611981439168,396825.3968253968,600600.6006006007,1256.428571428571,1901.621621621622,1901.621621621622,600600.6006006007,0.9090909090909092,0.04,0.2043010752688172,1,58.71211
Nangate45,NANDX1,NAND2_X1,A1,ZN,fall,198.535,0.0018549,1.1,25.0,19.2683,1.5180722891566267,1.26e-06,8.299999999999999e-07,0,1,1,5.295989659538859,0.0018531817973962,793650.7936507936,1204819.277108434,1472.142857142857,2234.819277108434,2234.819277108434,1204819.277108434,0.9090909090909092,0.04,0.2057416267942584,1,44.948086
Nangate45,NANDX1,NAND4_X1,A2,ZN,fall,40.9838,0.0017499899999999,1.1,25.0,36.6982,1.5180722891566267,1.26e-06,8.299999999999999e-07,0,1,1,3.737283829590765,0.0017484605515862,793650.7936507936,1204819.277108434,1388.8809523809523,2108.421686746988,2108.421686746988,1204819.277108434,0.9090909090909092,0.04,0.2057416267942584,1,20.419641
Nangate45,NORX1,NOR4_X1,A1,ZN,fall,78.0596,0.00111862,1.1,25.0,9.87296,1.5180722891566267,1.26e-06,8.299999999999999e-07,0,1,1,4.370201998407221,0.001117994810837,793650.7936507936,1204819.277108434,887.7936507936508,1347.7349397590365,1347.7349397590365,1204819.277108434,0.9090909090909092,0.04,0.2057416267942584,1,17.943235
Nangate45,NORX1,XNOR2_X1,B,ZN,fall,40.9838,0.000813006,1.1,25.0,51.905,1.5180722891566267,1.26e-06,8.299999999999999e-07,0,1,1,3.737283829590765,0.0008126756896393,793650.7936507936,1204819.277108434,645.2428571428571,979.5253012048196,979.5253012048196,1204819.277108434,0.9090909090909092,0.04,0.2057416267942584,1,14.501361
Nangate45,NANDX1,NAND3_X1,A3,ZN,rise,130.081,0.000365616,1.1,25.0,49.3642,1.5180722891566267,1.26e-06,8.299999999999999e-07,0,1,1,4.875815452730412,0.000365549178757,793650.7936507936,1204819.277108434,290.1714285714286,440.5012048192772,290.1714285714286,793650.7936507936,0.9090909090909092,0.04,0.2057416267942584,1,42.83819
Nangate45,NORX1,NOR4_X1,A4,ZN,fall,198.535,0.0104713,1.1,25.0,49.2822,1.5180722891566267,1.26e-06,8.299999999999999e-07,0,1,1,5.295989659538859,0.010416855676904,793650.7936507936,1204819.277108434,8310.555555555555,12616.024096385545,12616.024096385545,1204819.277108434,0.9090909090909092,0.04,0.2057416267942584,1,88.1501
Nangate45,NANDX1,NAND3_X1,A3,ZN,rise,1.1737799999999998,0.0583649,1.1,25.0,152.84900000000002,1.5180722891566267,1.26e-06,8.299999999999999e-07,0,1,1,0.7764675876261998,0.0567251700033895,793650.7936507936,1204819.277108434,46321.3492063492,70319.15662650602,46321.3492063492,793650.7936507936,0.9090909090909092,0.04,0.2057416267942584,1,135.10524
Nangate45,XORX1,XOR2_X1,B,Z,fall,78.0596,0.0031662,1.1,25.0,28.554,1.5135135135135138,2.52e-06,1.6649999999999995e-06,0,1,1,4.370201998407221,0.0031611981439168,396825.3968253968,600600.6006006007,1256.428571428571,1901.621621621622,1901.621621621622,600600.6006006007,0.9090909090909092,0.04,0.2043010752688172,1,44.927174
Nangate45,NORX1,NOR2_X1,A2,ZN,rise,78.0596,0.00166893,1.1,25.0,49.2194,1.5180722891566267,1.26e-06,8.299999999999999e-07,0,1,1,4.370201998407221,0.001667538883896,793650.7936507936,1204819.277108434,1324.547619047619,2010.7590361445789,1324.547619047619,793650.7936507936,0.9090909090909092,0.04,0.2057416267942584,1,67.023445
Nangate45,NANDX1,NAND2_X1,A1,ZN,rise,17.1859,0.00741959,1.1,25.0,32.5101,1.5180722891566267,1.26e-06,8.299999999999999e-07,0,1,1,2.900646568553312,0.0073922002392085,793650.7936507936,1204819.277108434,5888.563492063492,8939.265060240965,5888.563492063492,793650.7936507936,0.9090909090909092,0.04,0.2057416267942584,1,62.079456
Nangate45,INVX1,INV_X16,A,ZN,rise,17.1859,0.121155,1.1,25.0,31.7165,1.5180722891566267,6.3e-07,4.1500000000000005e-07,1,1,1,2.900646568553312,0.1143594039340094,1587301.5873015872,2409638.554216868,192309.5238095238,291939.7590361446,192309.5238095238,1587301.5873015872,0.9090909090909092,0.04,0.2057416267942584,1,173.33049
Nangate45,NORX1,NOR3_X1,A2,ZN,rise,198.535,0.00242029,1.1,25.0,111.221,1.5180722891566267,1.26e-06,8.299999999999999e-07,0,1,1,5.295989659538859,0.0024173658154572,793650.7936507936,1204819.277108434,1920.8650793650795,2916.012048192772,1920.8650793650795,793650.7936507936,0.9090909090909092,0.04,0.2057416267942584,1,100.124664
Nangate45,NORX1,XNOR2_X1,A,ZN,rise,1.1737799999999998,0.00162601,1.1,25.0,24.217,1.5180722891566267,1.26e-06,8.299999999999999e-07,0,1,1,0.7764675876261998,0.0016246894770018,793650.7936507936,1204819.277108434,1290.484126984127,1959.0481927710848,1290.484126984127,793650.7936507936,0.9090909090909092,0.04,0.2057416267942584,1,40.099342
Nangate45,XORX1,XOR2_X1,B,Z,fall,40.9838,0.0031662,1.1,25.0,25.13,1.5135135135135138,2.52e-06,1.6649999999999995e-06,0,1,1,3.737283829590765,0.0031611981439168,396825.3968253968,600600.6006006007,1256.428571428571,1901.621621621622,1901.621621621622,600600.6006006007,0.9090909090909092,0.04,0.2043010752688172,1,45.241272
Nangate45,XORX1,XOR2_X1,A,Z,rise,40.9838,0.000365616,1.1,25.0,32.008,1.5135135135135138,2.52e-06,1.6649999999999995e-06,0,1,1,3.737283829590765,0.000365549178757,396825.3968253968,600600.6006006007,145.0857142857143,219.58918918918928,145.0857142857143,396825.3968253968,0.9090909090909092,0.04,0.2043010752688172,1,42.179817
Nangate45,NANDX1,NAND4_X1,A2,ZN,rise,4.72397,0.00349999,1.1,25.0,22.0524,1.5180722891566267,1.26e-06,8.299999999999999e-07,0,1,1,1.7446626205903233,0.0034938792891336,793650.7936507936,1204819.277108434,2777.769841269841,4216.855421686748,2777.769841269841,793650.7936507936,0.9090909090909092,0.04,0.2057416267942584,1,24.58287
Nangate45,NORX1,NOR4_X1,A4,ZN,fall,78.0596,0.00598648,1.1,25.0,33.1384,1.5180722891566267,1.26e-06,8.299999999999999e-07,0,1,1,4.370201998407221,0.0059686322234213,793650.7936507936,1204819.277108434,4751.174603174603,7212.626506024098,7212.626506024098,1204819.277108434,0.9090909090909092,0.04,0.2057416267942584,1,27.181776
Nangate45,NANDX1,NAND4_X1,A2,ZN,rise,130.081,0.0559998,1.1,25.0,212.845,1.5180722891566267,1.26e-06,8.299999999999999e-07,0,1,1,4.875815452730412,0.0544879958901124,793650.7936507936,1204819.277108434,44444.28571428572,67469.63855421687,44444.28571428572,793650.7936507936,0.9090909090909092,0.04,0.2057416267942584,1,213.91928
Nangate45,NORX1,XNOR2_X1,B,ZN,rise,198.535,0.0260162,1.1,25.0,119.306,1.5180722891566267,1.26e-06,8.299999999999999e-07,0,1,1,5.295989659538859,0.0256835360976095,793650.7936507936,1204819.277108434,20647.77777777778,31344.819277108443,20647.77777777778,793650.7936507936,0.9090909090909092,0.04,0.2057416267942584,1,182.78474
Nangate45,INVX1,TINV_X1,I,ZN,rise,1.1737799999999998,0.003674923229,1.1,25.0,35.8914,1.5180722891566267,6.3e-07,4.1500000000000005e-07,1,1,1,0.7764675876261998,0.0036681871965212,1587301.5873015872,2409638.554216868,5833.211474603175,8855.236696385544,5833.211474603175,1587301.5873015872,0.9090909090909092,0.04,0.2057416267942584,1,14.45159
Nangate45,INVX2,INV_X2,A,ZN,fall,198.535,0.12146,1.1,25.0,153.148,1.5180722891566267,1.26e-06,8.299999999999999e-07,1,1,1,5.295989659538859,0.1146314078240044,793650.7936507936,1204819.277108434,96396.82539682538,146337.34939759038,146337.34939759038,1204819.277108434,0.9090909090909092,0.04,0.2057416267942584,1,155.52531
Nangate45,NORX1,NOR4_X1,A2,ZN,rise,40.9838,0.000365616,1.1,25.0,60.4146,1.5180722891566267,1.26e-06,8.299999999999999e-07,0,1,1,3.737283829590765,0.000365549178757,793650.7936507936,1204819.277108434,290.1714285714286,440.5012048192772,290.1714285714286,793650.7936507936,0.9090909090909092,0.04,0.2057416267942584,1,50.872097
Nangate45,XORX1,XOR2_X1,B,Z,rise,198.535,0.0031662,1.1,25.0,106.584,1.5135135135135138,2.52e-06,1.6649999999999995e-06,0,1,1,5.295989659538859,0.0031611981439168,396825.3968253968,600600.6006006007,1256.428571428571,1901.621621621622,1256.428571428571,396825.3968253968,0.9090909090909092,0.04,0.2043010752688172,1,101.1908
Nangate45,NORX1,NOR2_X1,A2,ZN,rise,1.1737799999999998,0.00166893,1.1,25.0,24.7052,1.5180722891566267,1.26e-06,8.299999999999999e-07,0,1,1,0.7764675876261998,0.001667538883896,793650.7936507936,1204819.277108434,1324.547619047619,2010.7590361445789,1324.547619047619,793650.7936507936,0.9090909090909092,0.04,0.2057416267942584,1,40.574913
Nangate45,NANDX1,NAND2_X1,A2,ZN,fall,198.535,0.0593567,1.1,25.0,193.697,1.5180722891566267,1.26e-06,8.299999999999999e-07,0,1,1,5.295989659538859,0.0576618371011917,793650.7936507936,1204819.277108434,47108.492063492056,71514.09638554217,71514.09638554217,1204819.277108434,0.9090909090909092,0.04,0.2057416267942584,1,220.98608
Nangate45,NANDX1,NAND4_X1,A2,ZN,rise,130.081,0.0139999,1.1,25.0,105.075,1.5180722891566267,1.26e-06,8.299999999999999e-07,0,1,1,4.875815452730412,0.0139028065496571,793650.7936507936,1204819.277108434,11111.031746031746,16867.349397590366,11111.031746031746,793650.7936507936,0.9090909090909092,0.04,0.2057416267942584,1,99.24761
Nangate45,NORX1,XNOR2_X1,B,ZN,fall,130.081,0.00325202,1.1,25.0,85.588,1.5180722891566267,1.26e-06,8.299999999999999e-07,0,1,1,4.875815452730412,0.0032467436191291,793650.7936507936,1204819.277108434,2580.968253968254,3918.096385542169,3918.096385542169,1204819.277108434,0.9090909090909092,0.04,0.2057416267942584,1,36.962204
Nangate45,INVX1,INV_X16,A,ZN,fall,130.081,0.0605773999999999,1.1,25.0,15.8804,1.5180722891566267,6.3e-07,4.1500000000000005e-07,1,1,1,4.875815452730412,0.0588134768006666,1587301.5873015872,2409638.554216868,96154.60317460317,145969.6385542169,145969.6385542169,2409638.554216868,0.9090909090909092,0.04,0.2057416267942584,1,53.335285
Nangate45,NANDX1,NAND4_X1,A3,ZN,rise,17.1859,0.000365616,1.1,25.0,22.4548,1.5180722891566267,1.26e-06,8.299999999999999e-07,0,1,1,2.900646568553312,0.000365549178757,793650.7936507936,1204819.277108434,290.1714285714286,440.5012048192772,290.1714285714286,793650.7936507936,0.9090909090909092,0.04,0.2057416267942584,1,23.607729
Nangate45,NORX1,NOR3_X1,A3,ZN,fall,40.9838,0.00853286,1.1,25.0,31.5693,1.5180722891566267,1.26e-06,8.299999999999999e-07,0,1,1,3.737283829590765,0.0084966609254384,793650.7936507936,1204819.277108434,6772.11111111111,10280.554216867473,10280.554216867473,1204819.277108434,0.9090909090909092,0.04,0.2057416267942584,1,31.729912
Nangate45,NORX1,NOR4_X1,A3,ZN,fall,40.9838,0.00342249,1.1,25.0,22.5384,1.5180722891566267,1.26e-06,8.299999999999999e-07,0,1,1,3.737283829590765,0.0034166466099336,793650.7936507936,1204819.277108434,2716.2619047619046,4123.481927710844,4123.481927710844,1204819.277108434,0.9090909090909092,0.04,0.2057416267942584,1,19.76916
Nangate45,NORX1,NOR3_X1,A3,ZN,fall,198.535,0.000686498,1.1,25.0,2.84517,1.5180722891566267,1.26e-06,8.299999999999999e-07,0,1,1,5.295989659538859,0.0006862624680366,793650.7936507936,1204819.277108434,544.8396825396825,827.1060240963857,827.1060240963857,1204819.277108434,0.9090909090909092,0.04,0.2057416267942584,1,45.342873
Nangate45,NANDX1,NAND3_X1,A1,ZN,fall,130.081,0.00729561,1.1,25.0,64.0615,1.5180722891566267,1.26e-06,8.299999999999999e-07,0,1,1,4.875815452730412,0.0072691257717537,793650.7936507936,1204819.277108434,5790.166666666666,8789.891566265062,8789.891566265062,1204819.277108434,0.9090909090909092,0.04,0.2057416267942584,1,51.82869
Nangate45,NANDX1,NAND4_X1,A3,ZN,rise,17.1859,0.0279999,1.1,25.0,89.4659,1.5180722891566267,1.26e-06,8.299999999999999e-07,0,1,1,2.900646568553312,0.027615069756704,793650.7936507936,1204819.277108434,22222.14285714286,33734.81927710844,22222.14285714286,793650.7936507936,0.9090909090909092,0.04,0.2057416267942584,1,100.10432
Nangate45,NORX1,NOR4_X1,A3,ZN,fall,1.1737799999999998,0.00598648,1.1,25.0,13.6768,1.5180722891566267,1.26e-06,8.299999999999999e-07,0,1,1,0.7764675876261998,0.0059686322234213,793650.7936507936,1204819.277108434,4751.174603174603,7212.626506024098,7212.626506024098,1204819.277108434,0.9090909090909092,0.04,0.2057416267942584,1,22.834301
Nangate45,NORX1,NOR3_X1,A1,ZN,fall,1.1737799999999998,0.001289,1.1,25.0,5.47233,1.5180722891566267,1.26e-06,8.299999999999999e-07,0,1,1,0.7764675876261998,0.0012881699527107,793650.7936507936,1204819.277108434,1023.015873015873,1553.012048192771,1553.012048192771,1204819.277108434,0.9090909090909092,0.04,0.2057416267942584,1,12.450076
Nangate45,NANDX1,NAND3_X1,A2,ZN,rise,1.1737799999999998,0.00729561,1.1,25.0,27.9369,1.5180722891566267,1.26e-06,8.299999999999999e-07,0,1,1,0.7764675876261998,0.0072691257717537,793650.7936507936,1204819.277108434,5790.166666666666,8789.891566265062,5790.166666666666,793650.7936507936,0.9090909090909092,0.04,0.2057416267942584,1,40.5137
Nangate45,NORX1,NOR3_X1,A3,ZN,rise,130.081,0.000686498,1.1,25.0,68.1819,1.5180722891566267,1.26e-06,8.299999999999999e-07,0,1,1,4.875815452730412,0.0006862624680366,793650.7936507936,1204819.277108434,544.8396825396825,827.1060240963857,544.8396825396825,793650.7936507936,0.9090909090909092,0.04,0.2057416267942584,1,70.36488
Nangate45,XORX1,XOR2_X1,B,Z,fall,198.535,0.000365616,1.1,25.0,7.637,1.5135135135135138,2.52e-06,1.6649999999999995e-06,0,1,1,5.295989659538859,0.000365549178757,396825.3968253968,600600.6006006007,145.0857142857143,219.58918918918928,219.58918918918928,600600.6006006007,0.9090909090909092,0.04,0.2043010752688172,1,43.823967
Nangate45,NORX1,NOR2_X1,A2,ZN,fall,130.081,0.00166893,1.1,25.0,11.258,1.5180722891566267,1.26e-06,8.299999999999999e-07,0,1,1,4.875815452730412,0.001667538883896,793650.7936507936,1204819.277108434,1324.547619047619,2010.7590361445789,2010.7590361445789,1204819.277108434,0.9090909090909092,0.04,0.2057416267942584,1,32.690434
Nangate45,INVX1,TINV_X1,EN,ZN,rise,4.72397,0.006518463229,1.1,25.0,43.614,1.5180722891566267,6.3e-07,4.1500000000000005e-07,1,1,1,1.7446626205903233,0.0064973099225053,1587301.5873015872,2409638.554216868,10346.76703015873,15707.140310843375,10346.76703015873,1587301.5873015872,0.9090909090909092,0.04,0.2057416267942584,1,46.332554
Nangate45,NANDX1,NAND3_X1,A2,ZN,fall,198.535,0.0018239,1.1,25.0,37.7379,1.5180722891566267,1.26e-06,8.299999999999999e-07,0,1,1,5.295989659538859,0.0018222387141011,793650.7936507936,1204819.277108434,1447.5396825396824,2197.4698795180725,2197.4698795180725,1204819.277108434,0.9090909090909092,0.04,0.2057416267942584,1,44.947937
Nangate45,NORX1,NOR4_X1,A1,ZN,fall,4.72397,0.00342249,1.1,25.0,10.3203,1.5180722891566267,1.26e-06,8.299999999999999e-07,0,1,1,1.7446626205903233,0.0034166466099336,793650.7936507936,1204819.277108434,2716.2619047619046,4123.481927710844,4123.481927710844,1204819.277108434,0.9090909090909092,0.04,0.2057416267942584,1,13.416917
Nangate45,NANDX1,NAND4_X1,A1,ZN,fall,78.0596,0.000365616,1.1,25.0,31.534600000000005,1.5180722891566267,1.26e-06,8.299999999999999e-07,0,1,1,4.370201998407221,0.000365549178757,793650.7936507936,1204819.277108434,290.1714285714286,440.5012048192772,440.5012048192772,1204819.277108434,0.9090909090909092,0.04,0.2057416267942584,1,23.984213
Nangate45,NANDX1,NAND2_X1,A2,ZN,fall,4.72397,0.0296783,1.1,25.0,70.6388,1.5180722891566267,1.26e-06,8.299999999999999e-07,0,1,1,1.7446626205903233,0.0292464233592539,793650.7936507936,1204819.277108434,23554.20634920635,35756.987951807234,35756.987951807234,1204819.277108434,0.9090909090909092,0.04,0.2057416267942584,1,146.8271
Nangate45,NORX1,NOR3_X1,A1,ZN,fall,40.9838,0.000686498,1.1,25.0,8.7891,1.5180722891566267,1.26e-06,8.299999999999999e-07,0,1,1,3.737283829590765,0.0006862624680366,793650.7936507936,1204819.277108434,544.8396825396825,827.1060240963857,827.1060240963857,1204819.277108434,0.9090909090909092,0.04,0.2057416267942584,1,16.089188
Nangate45,NORX1,XNOR2_X1,B,ZN,rise,17.1859,0.0130081,1.1,25.0,93.039,1.5180722891566267,1.26e-06,8.299999999999999e-07,0,1,1,2.900646568553312,0.0129242212859107,793650.7936507936,1204819.277108434,10323.88888888889,15672.409638554222,10323.88888888889,793650.7936507936,0.9090909090909092,0.04,0.2057416267942584,1,104.58966
Nangate45,INVX1,TINV_X1,I,ZN,rise,130.081,0.001164659229,1.1,25.0,54.953500000000005,1.5180722891566267,6.3e-07,4.1500000000000005e-07,1,1,1,4.875815452730412,0.0011639815395739,1587301.5873015872,2409638.554216868,1848.6654428571424,2806.407780722892,1848.6654428571424,1587301.5873015872,0.9090909090909092,0.04,0.2057416267942584,1,28.41111
Nangate45,NORX1,XNOR2_X1,B,ZN,fall,40.9838,0.00162601,1.1,25.0,24.081000000000003,1.5180722891566267,1.26e-06,8.299999999999999e-07,0,1,1,3.737283829590765,0.0016246894770018,793650.7936507936,1204819.277108434,1290.484126984127,1959.0481927710848,1959.0481927710848,1204819.277108434,0.9090909090909092,0.04,0.2057416267942584,1,15.220976
Nangate45,XORX1,XOR2_X1,A,Z,fall,17.1859,0.0031662,1.1,25.0,56.201,1.5135135135135138,2.52e-06,1.6649999999999995e-06,0,1,1,2.900646568553312,0.0031611981439168,396825.3968253968,600600.6006006007,1256.428571428571,1901.621621621622,1901.621621621622,600600.6006006007,0.9090909090909092,0.04,0.2043010752688172,1,33.29003
Nangate45,XORX1,XOR2_X1,B,Z,fall,78.0596,0.0126648,1.1,25.0,56.9,1.5135135135135138,2.52e-06,1.6649999999999995e-06,0,1,1,4.370201998407221,0.0125852721858001,396825.3968253968,600600.6006006007,5025.714285714285,7606.486486486488,7606.486486486488,600600.6006006007,0.9090909090909092,0.04,0.2043010752688172,1,72.935326
Nangate45,NORX1,NOR4_X1,A1,ZN,fall,78.0596,0.0104713,1.1,25.0,38.3495,1.5180722891566267,1.26e-06,8.299999999999999e-07,0,1,1,4.370201998407221,0.010416855676904,793650.7936507936,1204819.277108434,8310.555555555555,12616.024096385545,12616.024096385545,1204819.277108434,0.9090909090909092,0.04,0.2057416267942584,1,36.83731
Nangate45,XORX1,XOR2_X1,A,Z,fall,4.72397,0.0253296,1.1,25.0,83.12899999999999,1.5135135135135138,2.52e-06,1.6649999999999995e-06,0,1,1,1.7446626205903233,0.0250141218763313,396825.3968253968,600600.6006006007,10051.42857142857,15212.972972972975,15212.972972972975,600600.6006006007,0.9090909090909092,0.04,0.2043010752688172,1,59.837032
Nangate45,NORX1,NOR2_X1,A1,ZN,fall,78.0596,0.000365616,1.1,25.0,2.93644,1.5180722891566267,1.26e-06,8.299999999999999e-07,0,1,1,4.370201998407221,0.000365549178757,793650.7936507936,1204819.277108434,290.1714285714286,440.5012048192772,440.5012048192772,1204819.277108434,0.9090909090909092,0.04,0.2057416267942584,1,13.795132
Nangate45,NANDX1,NAND2_X1,A1,ZN,rise,1.1737799999999998,0.0593567,1.1,25.0,149.445,1.5180722891566267,1.26e-06,8.299999999999999e-07,0,1,1,0.7764675876261998,0.0576618371011917,793650.7936507936,1204819.277108434,47108.492063492056,71514.09638554217,47108.492063492056,793650.7936507936,0.9090909090909092,0.04,0.2057416267942584,1,135.10548
Nangate45,NANDX1,NAND3_X1,A2,ZN,rise,1.1737799999999998,0.0583649,1.1,25.0,150.607,1.5180722891566267,1.26e-06,8.299999999999999e-07,0,1,1,0.7764675876261998,0.0567251700033895,793650.7936507936,1204819.277108434,46321.3492063492,70319.15662650602,46321.3492063492,793650.7936507936,0.9090909090909092,0.04,0.2057416267942584,1,135.10526
Nangate45,NORX1,NOR2_X1,A2,ZN,rise,17.1859,0.0066757299999999,1.1,25.0,56.9605,1.5180722891566267,1.26e-06,8.299999999999999e-07,0,1,1,2.900646568553312,0.0066535459893972,793650.7936507936,1204819.277108434,5298.198412698412,8043.048192771084,5298.198412698412,793650.7936507936,0.9090909090909092,0.04,0.2057416267942584,1,68.69653
Nangate45,XORX1,XOR2_X1,B,Z,rise,4.72397,0.0031662,1.1,25.0,49.643,1.5135135135135138,2.52e-06,1.6649999999999995e-06,0,1,1,1.7446626205903233,0.0031611981439168,396825.3968253968,600600.6006006007,1256.428571428571,1901.621621621622,1256.428571428571,396825.3968253968,0.9090909090909092,0.04,0.2043010752688172,1,50.99036
Nangate45,NORX1,XNOR2_X1,A,ZN,rise,130.081,0.00650405,1.1,25.0,70.75,1.5180722891566267,1.26e-06,8.299999999999999e-07,0,1,1,4.875815452730412,0.0064829899346209,793650.7936507936,1204819.277108434,5161.944444444445,7836.204819277111,5161.944444444445,793650.7936507936,0.9090909090909092,0.04,0.2057416267942584,1,86.31528
Nangate45,XORX1,XOR2_X1,A,Z,rise,130.081,0.0126648,1.1,25.0,139.16899999999998,1.5135135135135138,2.52e-06,1.6649999999999995e-06,0,1,1,4.875815452730412,0.0125852721858001,396825.3968253968,600600.6006006007,5025.714285714285,7606.486486486488,5025.714285714285,396825.3968253968,0.9090909090909092,0.04,0.2043010752688172,1,114.26433
Nangate45,NORX1,XNOR2_X1,A,ZN,rise,78.0596,0.0130081,1.1,25.0,116.217,1.5180722891566267,1.26e-06,8.299999999999999e-07,0,1,1,4.370201998407221,0.0129242212859107,793650.7936507936,1204819.277108434,10323.88888888889,15672.409638554222,10323.88888888889,793650.7936507936,0.9090909090909092,0.04,0.2057416267942584,1,120.7372
Nangate45,NORX1,NOR3_X1,A1,ZN,fall,4.72397,0.000686498,1.1,25.0,6.3028900000000005,1.5180722891566267,1.26e-06,8.299999999999999e-07,0,1,1,1.7446626205903233,0.0006862624680366,793650.7936507936,1204819.277108434,544.8396825396825,827.1060240963857,827.1060240963857,1204819.277108434,0.9090909090909092,0.04,0.2057416267942584,1,11.1046715
Nangate45,NANDX1,NAND2_X1,A2,ZN,rise,130.081,0.0148392,1.1,25.0,105.452,1.5180722891566267,1.26e-06,8.299999999999999e-07,0,1,1,4.875815452730412,0.0147301762980792,793650.7936507936,1204819.277108434,11777.142857142857,17878.554216867473,11777.142857142857,793650.7936507936,0.9090909090909092,0.04,0.2057416267942584,1,111.522446
Nangate45,NANDX1,NAND3_X1,A1,ZN,fall,1.1737799999999998,0.0018239,1.1,25.0,15.0189,1.5180722891566267,1.26e-06,8.299999999999999e-07,0,1,1,0.7764675876261998,0.0018222387141011,793650.7936507936,1204819.277108434,1447.5396825396824,2197.4698795180725,2197.4698795180725,1204819.277108434,0.9090909090909092,0.04,0.2057416267942584,1,17.559532
Nangate45,NANDX1,NAND4_X1,A3,ZN,fall,78.0596,0.00699997,1.1,25.0,64.8092,1.5180722891566267,1.26e-06,8.299999999999999e-07,0,1,1,4.370201998407221,0.006975583944965,793650.7936507936,1204819.277108434,5555.531746031746,8433.698795180724,8433.698795180724,1204819.277108434,0.9090909090909092,0.04,0.2057416267942584,1,40.835163
Nangate45,NORX1,NOR4_X1,A3,ZN,rise,198.535,0.00063952,1.1,25.0,108.929,1.5180722891566267,1.26e-06,8.299999999999999e-07,0,1,1,5.295989659538859,0.0006393155942278,793650.7936507936,1204819.277108434,507.5555555555555,770.5060240963857,507.5555555555555,793650.7936507936,0.9090909090909092,0.04,0.2057416267942584,1,131.55614
Nangate45,XORX1,XOR2_X1,A,Z,fall,4.72397,0.0126648,1.1,25.0,34.975,1.5135135135135138,2.52e-06,1.6649999999999995e-06,0,1,1,1.7446626205903233,0.0125852721858001,396825.3968253968,600600.6006006007,5025.714285714285,7606.486486486488,7606.486486486488,600600.6006006007,0.9090909090909092,0.04,0.2043010752688172,1,52.727585
Nangate45,NORX1,NOR3_X1,A1,ZN,fall,78.0596,0.000365616,1.1,25.0,3.76553,1.5180722891566267,1.26e-06,8.299999999999999e-07,0,1,1,4.370201998407221,0.000365549178757,793650.7936507936,1204819.277108434,290.1714285714286,440.5012048192772,440.5012048192772,1204819.277108434,0.9090909090909092,0.04,0.2057416267942584,1,13.795132
Nangate45,INVX2,INV_X2,A,ZN,rise,130.081,0.00379562,1.1,25.0,42.8311,1.5180722891566267,1.26e-06,8.299999999999999e-07,1,1,1,4.875815452730412,0.0037884348101687,793650.7936507936,1204819.277108434,3012.396825396825,4573.036144578314,3012.396825396825,793650.7936507936,0.9090909090909092,0.04,0.2057416267942584,1,50.72336
Nangate45,INVX1,TINV_X1,EN,ZN,fall,78.0596,0.001164659229,1.1,25.0,36.865,1.5180722891566267,6.3e-07,4.1500000000000005e-07,1,1,1,4.370201998407221,0.0011639815395739,1587301.5873015872,2409638.554216868,1848.6654428571424,2806.407780722892,2806.407780722892,2409638.554216868,0.9090909090909092,0.04,0.2057416267942584,1,13.861695
Nangate45,NORX1,NOR4_X1,A3,ZN,rise,1.1737799999999998,0.00342249,1.1,25.0,91.2013,1.5180722891566267,1.26e-06,8.299999999999999e-07,0,1,1,0.7764675876261998,0.0034166466099336,793650.7936507936,1204819.277108434,2716.2619047619046,4123.481927710844,2716.2619047619046,793650.7936507936,0.9090909090909092,0.04,0.2057416267942584,1,45.331913
Nangate45,NANDX1,NAND2_X1,A2,ZN,rise,130.081,0.000365616,1.1,25.0,41.8888,1.5180722891566267,1.26e-06,8.299999999999999e-07,0,1,1,4.875815452730412,0.000365549178757,793650.7936507936,1204819.277108434,290.1714285714286,440.5012048192772,290.1714285714286,793650.7936507936,0.9090909090909092,0.04,0.2057416267942584,1,42.83819
Nangate45,XORX1,XOR2_X1,A,Z,fall,1.1737799999999998,0.000365616,1.1,25.0,44.789,1.5135135135135138,2.52e-06,1.6649999999999995e-06,0,1,1,0.7764675876261998,0.000365549178757,396825.3968253968,600600.6006006007,145.0857142857143,219.58918918918928,219.58918918918928,600600.6006006007,0.9090909090909092,0.04,0.2043010752688172,1,15.97596
Nangate45,INVX1,TINV_X1,EN,ZN,rise,4.72397,0.01217354323,1.1,25.0,77.159,1.5180722891566267,6.3e-07,4.1500000000000005e-07,1,1,1,1.7446626205903233,0.0121000415684708,1587301.5873015872,2409638.554216868,19323.08449206349,29333.839108433735,19323.08449206349,1587301.5873015872,0.9090909090909092,0.04,0.2057416267942584,1,46.95749
Nangate45,NORX1,NOR3_X1,A3,ZN,rise,130.081,0.00242029,1.1,25.0,85.3537,1.5180722891566267,1.26e-06,8.299999999999999e-07,0,1,1,4.875815452730412,0.0024173658154572,793650.7936507936,1204819.277108434,1920.8650793650795,2916.012048192772,1920.8650793650795,793650.7936507936,0.9090909090909092,0.04,0.2057416267942584,1,88.95241
Nangate45,NORX1,NOR3_X1,A1,ZN,rise,4.72397,0.000686498,1.1,25.0,23.5769,1.5180722891566267,1.26e-06,8.299999999999999e-07,0,1,1,1.7446626205903233,0.0006862624680366,793650.7936507936,1204819.277108434,544.8396825396825,827.1060240963857,544.8396825396825,793650.7936507936,0.9090909090909092,0.04,0.2057416267942584,1,35.255287
Nangate45,NANDX1,NAND3_X1,A1,ZN,fall,40.9838,0.00364781,1.1,25.0,33.7702,1.5180722891566267,1.26e-06,8.299999999999999e-07,0,1,1,3.737283829590765,0.0036411728768477,793650.7936507936,1204819.277108434,2895.0873015873017,4394.951807228917,4394.951807228917,1204819.277108434,0.9090909090909092,0.04,0.2057416267942584,1,24.197138
Nangate45,INVX1,TINV_X1,EN,ZN,rise,17.1859,0.01217354323,1.1,25.0,82.194,1.5180722891566267,6.3e-07,4.1500000000000005e-07,1,1,1,2.900646568553312,0.0121000415684708,1587301.5873015872,2409638.554216868,19323.08449206349,29333.839108433735,19323.08449206349,1587301.5873015872,0.9090909090909092,0.04,0.2057416267942584,1,51.92116
Nangate45,NORX1,NOR3_X1,A2,ZN,rise,198.535,0.00454444,1.1,25.0,133.632,1.5180722891566267,1.26e-06,8.299999999999999e-07,0,1,1,5.295989659538859,0.0045341452101301,793650.7936507936,1204819.277108434,3606.698412698413,5475.228915662652,3606.698412698413,793650.7936507936,0.9090909090909092,0.04,0.2057416267942584,1,106.38259
Nangate45,XORX1,XOR2_X1,A,Z,fall,40.9838,0.000365616,1.1,25.0,62.228,1.5135135135135138,2.52e-06,1.6649999999999995e-06,0,1,1,3.737283829590765,0.000365549178757,396825.3968253968,600600.6006006007,145.0857142857143,219.58918918918928,219.58918918918928,600600.6006006007,0.9090909090909092,0.04,0.2043010752688172,1,24.927269
Nangate45,NANDX1,NAND3_X1,A1,ZN,fall,130.081,0.00364781,1.1,25.0,44.7189,1.5180722891566267,1.26e-06,8.299999999999999e-07,0,1,1,4.875815452730412,0.0036411728768477,793650.7936507936,1204819.277108434,2895.0873015873017,4394.951807228917,4394.951807228917,1204819.277108434,0.9090909090909092,0.04,0.2057416267942584,1,39.52483
Nangate45,NANDX1,NAND2_X1,A1,ZN,fall,17.1859,0.0018549,1.1,25.0,15.5786,1.5180722891566267,1.26e-06,8.299999999999999e-07,0,1,1,2.900646568553312,0.0018531817973962,793650.7936507936,1204819.277108434,1472.142857142857,2234.819277108434,2234.819277108434,1204819.277108434,0.9090909090909092,0.04,0.2057416267942584,1,16.490026
Nangate45,INVX1,INV_X1,A,ZN,fall,198.535,0.00379562,1.1,25.0,11.068,1.5180722891566267,6.3e-07,4.1500000000000005e-07,1,1,1,5.295989659538859,0.0037884348101687,1587301.5873015872,2409638.554216868,6024.79365079365,9146.072289156627,9146.072289156627,2409638.554216868,0.9090909090909092,0.04,0.2057416267942584,1,77.41352
Nangate45,NORX1,XNOR2_X1,A,ZN,fall,4.72397,0.00325202,1.1,25.0,15.21,1.5180722891566267,1.26e-06,8.299999999999999e-07,0,1,1,1.7446626205903233,0.0032467436191291,793650.7936507936,1204819.277108434,2580.968253968254,3918.096385542169,3918.096385542169,1204819.277108434,0.9090909090909092,0.04,0.2057416267942584,1,13.416916
Nangate45,NORX1,XNOR2_X1,B,ZN,rise,40.9838,0.000365616,1.1,25.0,42.323,1.5180722891566267,1.26e-06,8.299999999999999e-07,0,1,1,3.737283829590765,0.000365549178757,793650.7936507936,1204819.277108434,290.1714285714286,440.5012048192772,290.1714285714286,793650.7936507936,0.9090909090909092,0.04,0.2057416267942584,1,48.0541
Nangate45,NORX1,NOR2_X1,A1,ZN,rise,1.1737799999999998,0.000365616,1.1,25.0,13.6008,1.5180722891566267,1.26e-06,8.299999999999999e-07,0,1,1,0.7764675876261998,0.000365549178757,793650.7936507936,1204819.277108434,290.1714285714286,440.5012048192772,290.1714285714286,793650.7936507936,0.9090909090909092,0.04,0.2057416267942584,1,0.40091968
Nangate45,NORX1,XNOR2_X1,A,ZN,fall,40.9838,0.000813006,1.1,25.0,50.266,1.5180722891566267,1.26e-06,8.299999999999999e-07,0,1,1,3.737283829590765,0.0008126756896393,793650.7936507936,1204819.277108434,645.2428571428571,979.5253012048196,979.5253012048196,1204819.277108434,0.9090909090909092,0.04,0.2057416267942584,1,14.501359
Nangate45,NORX1,NOR2_X1,A2,ZN,rise,40.9838,0.000834466,1.1,25.0,34.3558,1.5180722891566267,1.26e-06,8.299999999999999e-07,0,1,1,3.737283829590765,0.0008341180268151,793650.7936507936,1204819.277108434,662.2746031746032,1005.3807228915664,662.2746031746032,793650.7936507936,0.9090909090909092,0.04,0.2057416267942584,1,52.091835
Nangate45,NORX1,XNOR2_X1,A,ZN,rise,4.72397,0.000813006,1.1,25.0,20.547,1.5180722891566267,1.26e-06,8.299999999999999e-07,0,1,1,1.7446626205903233,0.0008126756896393,793650.7936507936,1204819.277108434,645.2428571428571,979.5253012048196,645.2428571428571,793650.7936507936,0.9090909090909092,0.04,0.2057416267942584,1,35.27354
Nangate45,NORX1,NOR3_X1,A2,ZN,rise,78.0596,0.000365616,1.1,25.0,54.7106,1.5180722891566267,1.26e-06,8.299999999999999e-07,0,1,1,4.370201998407221,0.000365549178757,793650.7936507936,1204819.277108434,290.1714285714286,440.5012048192772,290.1714285714286,793650.7936507936,0.9090909090909092,0.04,0.2057416267942584,1,57.231453
Nangate45,XORX1,XOR2_X1,B,Z,fall,78.0596,0.0126648,1.1,25.0,98.5,1.5135135135135138,2.52e-06,1.6649999999999995e-06,0,1,1,4.370201998407221,0.0125852721858001,396825.3968253968,600600.6006006007,5025.714285714285,7606.486486486488,7606.486486486488,600600.6006006007,0.9090909090909092,0.04,0.2043010752688172,1,72.93532
Nangate45,NORX1,XNOR2_X1,A,ZN,rise,78.0596,0.000813006,1.1,25.0,46.56,1.5180722891566267,1.26e-06,8.299999999999999e-07,0,1,1,4.370201998407221,0.0008126756896393,793650.7936507936,1204819.277108434,645.2428571428571,979.5253012048196,645.2428571428571,793650.7936507936,0.9090909090909092,0.04,0.2057416267942584,1,63.1043
Nangate45,NANDX1,NAND3_X1,A3,ZN,rise,17.1859,0.00729561,1.1,25.0,37.6988,1.5180722891566267,1.26e-06,8.299999999999999e-07,0,1,1,2.900646568553312,0.0072691257717537,793650.7936507936,1204819.277108434,5790.166666666666,8789.891566265062,5790.166666666666,793650.7936507936,0.9090909090909092,0.04,0.2057416267942584,1,41.497036
Nangate45,NORX1,XNOR2_X1,B,ZN,fall,198.535,0.000813006,1.1,25.0,20.342,1.5180722891566267,1.26e-06,8.299999999999999e-07,0,1,1,5.295989659538859,0.0008126756896393,793650.7936507936,1204819.277108434,645.2428571428571,979.5253012048196,979.5253012048196,1204819.277108434,0.9090909090909092,0.04,0.2057416267942584,1,45.495735
Nangate45,NANDX1,NAND2_X1,A1,ZN,fall,4.72397,0.0148392,1.1,25.0,38.4185,1.5180722891566267,1.26e-06,8.299999999999999e-07,0,1,1,1.7446626205903233,0.0147301762980792,793650.7936507936,1204819.277108434,11777.142857142857,17878.554216867473,17878.554216867473,1204819.277108434,0.9090909090909092,0.04,0.2057416267942584,1,45.164715
Nangate45,NORX1,XNOR2_X1,B,ZN,rise,198.535,0.000813006,1.1,25.0,56.06,1.5180722891566267,1.26e-06,8.299999999999999e-07,0,1,1,5.295989659538859,0.0008126756896393,793650.7936507936,1204819.277108434,645.2428571428571,979.5253012048196,645.2428571428571,793650.7936507936,0.9090909090909092,0.04,0.2057416267942584,1,90.76225
Nangate45,NORX1,XNOR2_X1,B,ZN,fall,198.535,0.0260162,1.1,25.0,150.892,1.5180722891566267,1.26e-06,8.299999999999999e-07,0,1,1,5.295989659538859,0.0256835360976095,793650.7936507936,1204819.277108434,20647.77777777778,31344.819277108443,31344.819277108443,1204819.277108434,0.9090909090909092,0.04,0.2057416267942584,1,98.00022
Nangate45,NORX1,XNOR2_X1,B,ZN,rise,17.1859,0.00162601,1.1,25.0,34.687000000000005,1.5180722891566267,1.26e-06,8.299999999999999e-07,0,1,1,2.900646568553312,0.0016246894770018,793650.7936507936,1204819.277108434,1290.484126984127,1959.0481927710848,1290.484126984127,793650.7936507936,0.9090909090909092,0.04,0.2057416267942584,1,52.01454
Nangate45,INVX1,TINV_X1,I,ZN,rise,198.535,0.01217354323,1.1,25.0,160.83700000000002,1.5180722891566267,6.3e-07,4.1500000000000005e-07,1,1,1,5.295989659538859,0.0121000415684708,1587301.5873015872,2409638.554216868,19323.08449206349,29333.839108433735,19323.08449206349,1587301.5873015872,0.9090909090909092,0.04,0.2057416267942584,1,125.65863
Nangate45,NANDX1,NAND4_X1,A4,ZN,fall,17.1859,0.00349999,1.1,25.0,38.7967,1.5180722891566267,1.26e-06,8.299999999999999e-07,0,1,1,2.900646568553312,0.0034938792891336,793650.7936507936,1204819.277108434,2777.769841269841,4216.855421686748,4216.855421686748,1204819.277108434,0.9090909090909092,0.04,0.2057416267942584,1,16.96334
Nangate45,NORX1,NOR4_X1,A2,ZN,fall,40.9838,0.00111862,1.1,25.0,15.353,1.5180722891566267,1.26e-06,8.299999999999999e-07,0,1,1,3.737283829590765,0.001117994810837,793650.7936507936,1204819.277108434,887.7936507936508,1347.7349397590365,1347.7349397590365,1204819.277108434,0.9090909090909092,0.04,0.2057416267942584,1,14.89527
Nangate45,INVX1,TINV_X1,I,ZN,rise,78.0596,0.006518463229,1.1,25.0,83.1378,1.5180722891566267,6.3e-07,4.1500000000000005e-07,1,1,1,4.370201998407221,0.0064973099225053,1587301.5873015872,2409638.554216868,10346.76703015873,15707.140310843375,10346.76703015873,1587301.5873015872,0.9090909090909092,0.04,0.2057416267942584,1,73.88347
Nangate45,XORX1,XOR2_X1,B,Z,rise,78.0596,0.0031662,1.1,25.0,64.004,1.5135135135135138,2.52e-06,1.6649999999999995e-06,0,1,1,4.370201998407221,0.0031611981439168,396825.3968253968,600600.6006006007,1256.428571428571,1901.621621621622,1256.428571428571,396825.3968253968,0.9090909090909092,0.04,0.2043010752688172,1,71.1566
Nangate45,XORX1,XOR2_X1,B,Z,rise,17.1859,0.00079155,1.1,25.0,42.341,1.5135135135135138,2.52e-06,1.6649999999999995e-06,0,1,1,2.900646568553312,0.0007912368895162,396825.3968253968,600600.6006006007,314.10714285714283,475.40540540540553,314.10714285714283,396825.3968253968,0.9090909090909092,0.04,0.2043010752688172,1,40.754566
Nangate45,NORX1,NOR2_X1,A2,ZN,fall,40.9838,0.0267029,1.1,25.0,55.3077,1.5180722891566267,1.26e-06,8.299999999999999e-07,0,1,1,3.737283829590765,0.0263525999024103,793650.7936507936,1204819.277108434,21192.777777777777,32172.1686746988,32172.1686746988,1204819.277108434,0.9090909090909092,0.04,0.2057416267942584,1,66.465744
Nangate45,NORX1,XNOR2_X1,B,ZN,fall,40.9838,0.0130081,1.1,25.0,53.133,1.5180722891566267,1.26e-06,8.299999999999999e-07,0,1,1,3.737283829590765,0.0129242212859107,793650.7936507936,1204819.277108434,10323.88888888889,15672.409638554222,15672.409638554222,1204819.277108434,0.9090909090909092,0.04,0.2057416267942584,1,38.00377
Nangate45,NANDX1,NAND2_X1,A2,ZN,fall,17.1859,0.0148392,1.1,25.0,43.8183,1.5180722891566267,1.26e-06,8.299999999999999e-07,0,1,1,2.900646568553312,0.0147301762980792,793650.7936507936,1204819.277108434,11777.142857142857,17878.554216867473,17878.554216867473,1204819.277108434,0.9090909090909092,0.04,0.2057416267942584,1,71.22912
Nangate45,NANDX1,NAND4_X1,A2,ZN,rise,130.081,0.00349999,1.1,25.0,62.7475,1.5180722891566267,1.26e-06,8.299999999999999e-07,0,1,1,4.875815452730412,0.0034938792891336,793650.7936507936,1204819.277108434,2777.769841269841,4216.855421686748,2777.769841269841,793650.7936507936,0.9090909090909092,0.04,0.2057416267942584,1,52.883472
Nangate45,NORX1,NOR2_X1,A1,ZN,rise,78.0596,0.000834466,1.1,25.0,42.2278,1.5180722891566267,1.26e-06,8.299999999999999e-07,0,1,1,4.370201998407221,0.0008341180268151,793650.7936507936,1204819.277108434,662.2746031746032,1005.3807228915664,662.2746031746032,793650.7936507936,0.9090909090909092,0.04,0.2057416267942584,1,63.09989
Nangate45,NORX1,NOR2_X1,A2,ZN,rise,4.72397,0.0066757299999999,1.1,25.0,51.8128,1.5180722891566267,1.26e-06,8.299999999999999e-07,0,1,1,1.7446626205903233,0.0066535459893972,793650.7936507936,1204819.277108434,5298.198412698412,8043.048192771084,5298.198412698412,793650.7936507936,0.9090909090909092,0.04,0.2057416267942584,1,55.43389
Nangate45,NORX1,NOR4_X1,A3,ZN,rise,198.535,0.00195665,1.1,25.0,126.579,1.5180722891566267,1.26e-06,8.299999999999999e-07,0,1,1,5.295989659538859,0.0019547382537281,793650.7936507936,1204819.277108434,1552.8968253968253,2357.409638554217,1552.8968253968253,793650.7936507936,0.9090909090909092,0.04,0.2057416267942584,1,92.98045
Nangate45,INVX1,INV_X1,A,ZN,rise,130.081,0.00379562,1.1,25.0,53.5919,1.5180722891566267,6.3e-07,4.1500000000000005e-07,1,1,1,4.875815452730412,0.0037884348101687,1587301.5873015872,2409638.554216868,6024.79365079365,9146.072289156627,6024.79365079365,1587301.5873015872,0.9090909090909092,0.04,0.2057416267942584,1,51.69218
Nangate45,NANDX1,NAND4_X1,A3,ZN,rise,1.1737799999999998,0.000365616,1.1,25.0,14.553999999999998,1.5180722891566267,1.26e-06,8.299999999999999e-07,0,1,1,0.7764675876261998,0.000365549178757,793650.7936507936,1204819.277108434,290.1714285714286,440.5012048192772,290.1714285714286,793650.7936507936,0.9090909090909092,0.04,0.2057416267942584,1,25.433346
Nangate45,XORX1,XOR2_X1,A,Z,fall,17.1859,0.000365616,1.1,25.0,12.719,1.5135135135135138,2.52e-06,1.6649999999999995e-06,0,1,1,2.900646568553312,0.000365549178757,396825.3968253968,600600.6006006007,145.0857142857143,219.58918918918928,219.58918918918928,600600.6006006007,0.9090909090909092,0.04,0.2043010752688172,1,20.041288
Nangate45,NANDX1,NAND4_X1,A3,ZN,rise,4.72397,0.00349999,1.1,25.0,23.9996,1.5180722891566267,1.26e-06,8.299999999999999e-07,0,1,1,1.7446626205903233,0.0034938792891336,793650.7936507936,1204819.277108434,2777.769841269841,4216.855421686748,2777.769841269841,793650.7936507936,0.9090909090909092,0.04,0.2057416267942584,1,24.58287
Nangate45,NORX1,XNOR2_X1,B,ZN,fall,4.72397,0.000365616,1.1,25.0,10.988,1.5180722891566267,1.26e-06,8.299999999999999e-07,0,1,1,1.7446626205903233,0.000365549178757,793650.7936507936,1204819.277108434,290.1714285714286,440.5012048192772,440.5012048192772,1204819.277108434,0.9090909090909092,0.04,0.2057416267942584,1,10.460936
Nangate45,NORX1,XNOR2_X1,B,ZN,rise,17.1859,0.00162601,1.1,25.0,40.588,1.5180722891566267,1.26e-06,8.299999999999999e-07,0,1,1,2.900646568553312,0.0016246894770018,793650.7936507936,1204819.277108434,1290.484126984127,1959.0481927710848,1290.484126984127,793650.7936507936,0.9090909090909092,0.04,0.2057416267942584,1,52.016113
Nangate45,NORX1,NOR3_X1,A1,ZN,fall,4.72397,0.001289,1.1,25.0,7.0553,1.5180722891566267,1.26e-06,8.299999999999999e-07,0,1,1,1.7446626205903233,0.0012881699527107,793650.7936507936,1204819.277108434,1023.015873015873,1553.012048192771,1553.012048192771,1204819.277108434,0.9090909090909092,0.04,0.2057416267942584,1,11.886918
Nangate45,NORX1,NOR2_X1,A2,ZN,rise,40.9838,0.000365616,1.1,25.0,31.2175,1.5180722891566267,1.26e-06,8.299999999999999e-07,0,1,1,3.737283829590765,0.000365549178757,793650.7936507936,1204819.277108434,290.1714285714286,440.5012048192772,290.1714285714286,793650.7936507936,0.9090909090909092,0.04,0.2057416267942584,1,48.0541
Nangate45,INVX1,INV_X1,A,ZN,rise,130.081,0.0151825,1.1,25.0,101.629,1.5180722891566267,6.3e-07,4.1500000000000005e-07,1,1,1,4.875815452730412,0.0150683992868016,1587301.5873015872,2409638.554216868,24099.206349206343,36584.3373493976,24099.206349206343,1587301.5873015872,0.9090909090909092,0.04,0.2057416267942584,1,86.51257
Nangate45,XORX1,XOR2_X1,B,Z,fall,198.535,0.0031662,1.1,25.0,115.712,1.5135135135135138,2.52e-06,1.6649999999999995e-06,0,1,1,5.295989659538859,0.0031611981439168,396825.3968253968,600600.6006006007,1256.428571428571,1901.621621621622,1901.621621621622,600600.6006006007,0.9090909090909092,0.04,0.2043010752688172,1,68.23246
Nangate45,INVX2,INV_X2,A,ZN,fall,40.9838,0.0151825,1.1,25.0,25.0759,1.5180722891566267,1.26e-06,8.299999999999999e-07,1,1,1,3.737283829590765,0.0150683992868016,793650.7936507936,1204819.277108434,12049.603174603171,18292.1686746988,18292.1686746988,1204819.277108434,0.9090909090909092,0.04,0.2057416267942584,1,18.830515
Nangate45,NORX1,NOR2_X1,A2,ZN,fall,198.535,0.00166893,1.1,25.0,5.201169999999999,1.5180722891566267,1.26e-06,8.299999999999999e-07,0,1,1,5.295989659538859,0.001667538883896,793650.7936507936,1204819.277108434,1324.547619047619,2010.7590361445789,2010.7590361445789,1204819.277108434,0.9090909090909092,0.04,0.2057416267942584,1,47.266823
Nangate45,NANDX1,NAND3_X1,A3,ZN,fall,4.72397,0.0018239,1.1,25.0,19.9391,1.5180722891566267,1.26e-06,8.299999999999999e-07,0,1,1,1.7446626205903233,0.0018222387141011,793650.7936507936,1204819.277108434,1447.5396825396824,2197.4698795180725,2197.4698795180725,1204819.277108434,0.9090909090909092,0.04,0.2057416267942584,1,11.912234
Nangate45,NORX1,NOR3_X1,A3,ZN,rise,17.1859,0.000686498,1.1,25.0,43.992,1.5180722891566267,1.26e-06,8.299999999999999e-07,0,1,1,2.900646568553312,0.0006862624680366,793650.7936507936,1204819.277108434,544.8396825396825,827.1060240963857,544.8396825396825,793650.7936507936,0.9090909090909092,0.04,0.2057416267942584,1,51.35764
Nangate45,XORX1,XOR2_X1,A,Z,fall,130.081,0.0253296,1.1,25.0,135.878,1.5135135135135138,2.52e-06,1.6649999999999995e-06,0,1,1,4.875815452730412,0.0250141218763313,396825.3968253968,600600.6006006007,10051.42857142857,15212.972972972975,15212.972972972975,600600.6006006007,0.9090909090909092,0.04,0.2043010752688172,1,92.04647
Nangate45,NORX1,NOR4_X1,A3,ZN,fall,78.0596,0.000365616,1.1,25.0,13.9482,1.5180722891566267,1.26e-06,8.299999999999999e-07,0,1,1,4.370201998407221,0.000365549178757,793650.7936507936,1204819.277108434,290.1714285714286,440.5012048192772,440.5012048192772,1204819.277108434,0.9090909090909092,0.04,0.2057416267942584,1,13.795132
Nangate45,NANDX1,NAND3_X1,A2,ZN,fall,1.1737799999999998,0.00729561,1.1,25.0,33.8468,1.5180722891566267,1.26e-06,8.299999999999999e-07,0,1,1,0.7764675876261998,0.0072691257717537,793650.7936507936,1204819.277108434,5790.166666666666,8789.891566265062,8789.891566265062,1204819.277108434,0.9090909090909092,0.04,0.2057416267942584,1,29.901026
Nangate45,XORX1,XOR2_X1,A,Z,rise,130.081,0.0031662,1.1,25.0,62.887,1.5135135135135138,2.52e-06,1.6649999999999995e-06,0,1,1,4.875815452730412,0.0031611981439168,396825.3968253968,600600.6006006007,1256.428571428571,1901.621621621622,1256.428571428571,396825.3968253968,0.9090909090909092,0.04,0.2043010752688172,1,82.423485
Nangate45,NORX1,NOR4_X1,A4,ZN,rise,1.1737799999999998,0.000365616,1.1,25.0,61.383,1.5180722891566267,1.26e-06,8.299999999999999e-07,0,1,1,0.7764675876261998,0.000365549178757,793650.7936507936,1204819.277108434,290.1714285714286,440.5012048192772,290.1714285714286,793650.7936507936,0.9090909090909092,0.04,0.2057416267942584,1,0.40091968
Nangate45,NORX1,NOR2_X1,A2,ZN,rise,40.9838,0.0267029,1.1,25.0,167.564,1.5180722891566267,1.26e-06,8.299999999999999e-07,0,1,1,3.737283829590765,0.0263525999024103,793650.7936507936,1204819.277108434,21192.777777777777,32172.1686746988,21192.777777777777,793650.7936507936,0.9090909090909092,0.04,0.2057416267942584,1,160.87569
Nangate45,NORX1,NOR3_X1,A1,ZN,rise,17.1859,0.0160217,1.1,25.0,149.071,1.5180722891566267,1.26e-06,8.299999999999999e-07,0,1,1,2.900646568553312,0.0158947071959221,793650.7936507936,1204819.277108434,12715.63492063492,19303.253012048197,12715.63492063492,793650.7936507936,0.9090909090909092,0.04,0.2057416267942584,1,143.81094
Nangate45,NANDX1,NAND3_X1,A1,ZN,fall,198.535,0.0145912,1.1,25.0,107.693,1.5180722891566267,1.26e-06,8.299999999999999e-07,0,1,1,5.295989659538859,0.0144857727440233,793650.7936507936,1204819.277108434,11580.31746031746,17579.75903614458,17579.75903614458,1204819.277108434,0.9090909090909092,0.04,0.2057416267942584,1,92.729706
Nangate45,NANDX1,NAND2_X1,A1,ZN,rise,130.081,0.0296783,1.1,25.0,145.56199999999998,1.5180722891566267,1.26e-06,8.299999999999999e-07,0,1,1,4.875815452730412,0.0292464233592539,793650.7936507936,1204819.277108434,23554.20634920635,35756.987951807234,23554.20634920635,793650.7936507936,0.9090909090909092,0.04,0.2057416267942584,1,196.95761
Nangate45,NORX1,NOR4_X1,A1,ZN,rise,4.72397,0.00111862,1.1,25.0,38.1927,1.5180722891566267,1.26e-06,8.299999999999999e-07,0,1,1,1.7446626205903233,0.001117994810837,793650.7936507936,1204819.277108434,887.7936507936508,1347.7349397590365,887.7936507936508,793650.7936507936,0.9090909090909092,0.04,0.2057416267942584,1,51.817165
Nangate45,NANDX1,NAND4_X1,A2,ZN,rise,17.1859,0.00349999,1.1,25.0,28.2968,1.5180722891566267,1.26e-06,8.299999999999999e-07,0,1,1,2.900646568553312,0.0034938792891336,793650.7936507936,1204819.277108434,2777.769841269841,4216.855421686748,2777.769841269841,793650.7936507936,0.9090909090909092,0.04,0.2057416267942584,1,30.86068
Nangate45,INVX1,TINV_X1,EN,ZN,rise,1.1737799999999998,0.02342024323,1.1,25.0,142.33499999999998,1.5180722891566267,6.3e-07,4.1500000000000005e-07,1,1,1,0.7764675876261998,0.0231501975625825,1587301.5873015872,2409638.554216868,37174.989253968255,56434.32103614459,37174.989253968255,1587301.5873015872,0.9090909090909092,0.04,0.2057416267942584,1,75.297714
Nangate45,NANDX1,NAND4_X1,A1,ZN,rise,1.1737799999999998,0.00349999,1.1,25.0,18.0254,1.5180722891566267,1.26e-06,8.299999999999999e-07,0,1,1,0.7764675876261998,0.0034938792891336,793650.7936507936,1204819.277108434,2777.769841269841,4216.855421686748,2777.769841269841,793650.7936507936,0.9090909090909092,0.04,0.2057416267942584,1,30.805897
Nangate45,INVX2,INV_X2,A,ZN,fall,17.1859,0.000365616,1.1,25.0,5.33566,1.5180722891566267,1.26e-06,8.299999999999999e-07,1,1,1,2.900646568553312,0.000365549178757,793650.7936507936,1204819.277108434,290.1714285714286,440.5012048192772,440.5012048192772,1204819.277108434,0.9090909090909092,0.04,0.2057416267942584,1,6.2008405
Nangate45,NORX1,NOR3_X1,A3,ZN,rise,4.72397,0.00242029,1.1,25.0,52.964200000000005,1.5180722891566267,1.26e-06,8.299999999999999e-07,0,1,1,1.7446626205903233,0.0024173658154572,793650.7936507936,1204819.277108434,1920.8650793650795,2916.012048192772,1920.8650793650795,793650.7936507936,0.9090909090909092,0.04,0.2057416267942584,1,48.94162
Nangate45,INVX1,TINV_X1,EN,ZN,rise,78.0596,0.006518463229,1.1,25.0,72.102,1.5180722891566267,6.3e-07,4.1500000000000005e-07,1,1,1,4.370201998407221,0.0064973099225053,1587301.5873015872,2409638.554216868,10346.76703015873,15707.140310843375,10346.76703015873,1587301.5873015872,0.9090909090909092,0.04,0.2057416267942584,1,73.88347
Nangate45,NORX1,XNOR2_X1,A,ZN,rise,4.72397,0.000365616,1.1,25.0,32.257,1.5180722891566267,1.26e-06,8.299999999999999e-07,0,1,1,1.7446626205903233,0.000365549178757,793650.7936507936,1204819.277108434,290.1714285714286,440.5012048192772,290.1714285714286,793650.7936507936,0.9090909090909092,0.04,0.2057416267942584,1,13.032422
Nangate45,INVX1,INV_X1,A,ZN,fall,4.72397,0.030365,1.1,25.0,41.3991,1.5180722891566267,6.3e-07,4.1500000000000005e-07,1,1,1,1.7446626205903233,0.0299131083997428,1587301.5873015872,2409638.554216868,48198.41269841269,73168.67469879519,73168.67469879519,2409638.554216868,0.9090909090909092,0.04,0.2057416267942584,1,41.55805
Nangate45,NANDX1,NAND4_X1,A1,ZN,fall,40.9838,0.0017499899999999,1.1,25.0,33.8372,1.5180722891566267,1.26e-06,8.299999999999999e-07,0,1,1,3.737283829590765,0.0017484605515862,793650.7936507936,1204819.277108434,1388.8809523809523,2108.421686746988,2108.421686746988,1204819.277108434,0.9090909090909092,0.04,0.2057416267942584,1,20.419641
Nangate45,XORX1,XOR2_X1,B,Z,fall,130.081,0.0031662,1.1,25.0,29.544,1.5135135135135138,2.52e-06,1.6649999999999995e-06,0,1,1,4.875815452730412,0.0031611981439168,396825.3968253968,600600.6006006007,1256.428571428571,1901.621621621622,1901.621621621622,600600.6006006007,0.9090909090909092,0.04,0.2043010752688172,1,52.90692
Nangate45,XORX1,XOR2_X1,B,Z,fall,130.081,0.0031662,1.1,25.0,97.713,1.5135135135135138,2.52e-06,1.6649999999999995e-06,0,1,1,4.875815452730412,0.0031611981439168,396825.3968253968,600600.6006006007,1256.428571428571,1901.621621621622,1901.621621621622,600600.6006006007,0.9090909090909092,0.04,0.2043010752688172,1,58.712116
Nangate45,NANDX1,NAND4_X1,A3,ZN,fall,17.1859,0.0559998,1.1,25.0,240.247,1.5180722891566267,1.26e-06,8.299999999999999e-07,0,1,1,2.900646568553312,0.0544879958901124,793650.7936507936,1204819.277108434,44444.28571428572,67469.63855421687,67469.63855421687,1204819.277108434,0.9090909090909092,0.04,0.2057416267942584,1,158.4555
Nangate45,NORX1,XNOR2_X1,B,ZN,fall,78.0596,0.00650405,1.1,25.0,45.972,1.5180722891566267,1.26e-06,8.299999999999999e-07,0,1,1,4.370201998407221,0.0064829899346209,793650.7936507936,1204819.277108434,5161.944444444445,7836.204819277111,7836.204819277111,1204819.277108434,0.9090909090909092,0.04,0.2057416267942584,1,28.721115
Nangate45,NORX1,NOR4_X1,A4,ZN,rise,17.1859,0.00195665,1.1,25.0,84.1435,1.5180722891566267,1.26e-06,8.299999999999999e-07,0,1,1,2.900646568553312,0.0019547382537281,793650.7936507936,1204819.277108434,1552.8968253968253,2357.409638554217,1552.8968253968253,793650.7936507936,0.9090909090909092,0.04,0.2057416267942584,1,52.01714
Nangate45,NORX1,NOR4_X1,A3,ZN,rise,130.081,0.00195665,1.1,25.0,109.62,1.5180722891566267,1.26e-06,8.299999999999999e-07,0,1,1,4.875815452730412,0.0019547382537281,793650.7936507936,1204819.277108434,1552.8968253968253,2357.409638554217,1552.8968253968253,793650.7936507936,0.9090909090909092,0.04,0.2057416267942584,1,73.420364
Nangate45,NANDX1,NAND4_X1,A3,ZN,fall,198.535,0.0279999,1.1,25.0,175.034,1.5180722891566267,1.26e-06,8.299999999999999e-07,0,1,1,5.295989659538859,0.027615069756704,793650.7936507936,1204819.277108434,22222.14285714286,33734.81927710844,33734.81927710844,1204819.277108434,0.9090909090909092,0.04,0.2057416267942584,1,157.57242
Nangate45,INVX1,INV_X1,A,ZN,fall,1.1737799999999998,0.0151825,1.1,25.0,21.471,1.5180722891566267,6.3e-07,4.1500000000000005e-07,1,1,1,0.7764675876261998,0.0150683992868016,1587301.5873015872,2409638.554216868,24099.206349206343,36584.3373493976,36584.3373493976,2409638.554216868,0.9090909090909092,0.04,0.2057416267942584,1,24.736956
Nangate45,INVX1,INV_X16,A,ZN,fall,17.1859,0.121155,1.1,25.0,19.5292,1.5180722891566267,6.3e-07,4.1500000000000005e-07,1,1,1,2.900646568553312,0.1143594039340094,1587301.5873015872,2409638.554216868,192309.5238095238,291939.7590361446,291939.7590361446,2409638.554216868,0.9090909090909092,0.04,0.2057416267942584,1,38.718475
Nangate45,NANDX1,NAND3_X1,A1,ZN,rise,40.9838,0.000365616,1.1,25.0,21.9506,1.5180722891566267,1.26e-06,8.299999999999999e-07,0,1,1,3.737283829590765,0.000365549178757,793650.7936507936,1204819.277108434,290.1714285714286,440.5012048192772,290.1714285714286,793650.7936507936,0.9090909090909092,0.04,0.2057416267942584,1,30.81998
Nangate45,NANDX1,NAND3_X1,A3,ZN,fall,40.9838,0.00364781,1.1,25.0,31.995700000000003,1.5180722891566267,1.26e-06,8.299999999999999e-07,0,1,1,3.737283829590765,0.0036411728768477,793650.7936507936,1204819.277108434,2895.0873015873017,4394.951807228917,4394.951807228917,1204819.277108434,0.9090909090909092,0.04,0.2057416267942584,1,24.19714
Nangate45,NORX1,NOR4_X1,A4,ZN,fall,4.72397,0.00342249,1.1,25.0,11.4972,1.5180722891566267,1.26e-06,8.299999999999999e-07,0,1,1,1.7446626205903233,0.0034166466099336,793650.7936507936,1204819.277108434,2716.2619047619046,4123.481927710844,4123.481927710844,1204819.277108434,0.9090909090909092,0.04,0.2057416267942584,1,13.416917
Nangate45,INVX1,INV_X16,A,ZN,rise,40.9838,0.24231,1.1,25.0,62.6972,1.5180722891566267,6.3e-07,4.1500000000000005e-07,1,1,1,3.737283829590765,0.2169725497905428,1587301.5873015872,2409638.554216868,384619.0476190476,583879.5180722892,384619.0476190476,1587301.5873015872,0.9090909090909092,0.04,0.2057416267942584,1,52.642784
Nangate45,NORX1,NOR4_X1,A4,ZN,fall,78.0596,0.00063952,1.1,25.0,16.0179,1.5180722891566267,1.26e-06,8.299999999999999e-07,0,1,1,4.370201998407221,0.0006393155942278,793650.7936507936,1204819.277108434,507.5555555555555,770.5060240963857,770.5060240963857,1204819.277108434,0.9090909090909092,0.04,0.2057416267942584,1,28.309132
Nangate45,XORX1,XOR2_X1,A,Z,fall,78.0596,0.0031662,1.1,25.0,28.252,1.5135135135135138,2.52e-06,1.6649999999999995e-06,0,1,1,4.370201998407221,0.0031611981439168,396825.3968253968,600600.6006006007,1256.428571428571,1901.621621621622,1901.621621621622,600600.6006006007,0.9090909090909092,0.04,0.2043010752688172,1,51.211132
Nangate45,XORX1,XOR2_X1,B,Z,fall,198.535,0.0063324,1.1,25.0,44.719,1.5135135135135138,2.52e-06,1.6649999999999995e-06,0,1,1,5.295989659538859,0.0063124345967383,396825.3968253968,600600.6006006007,2512.8571428571427,3803.243243243244,3803.243243243244,600600.6006006007,0.9090909090909092,0.04,0.2043010752688172,1,73.66227
Nangate45,NORX1,XNOR2_X1,A,ZN,fall,1.1737799999999998,0.0130081,1.1,25.0,34.11,1.5180722891566267,1.26e-06,8.299999999999999e-07,0,1,1,0.7764675876261998,0.0129242212859107,793650.7936507936,1204819.277108434,10323.88888888889,15672.409638554222,15672.409638554222,1204819.277108434,0.9090909090909092,0.04,0.2057416267942584,1,47.332355
Nangate45,NORX1,NOR3_X1,A1,ZN,rise,78.0596,0.000686498,1.1,25.0,53.415200000000006,1.5180722891566267,1.26e-06,8.299999999999999e-07,0,1,1,4.370201998407221,0.0006862624680366,793650.7936507936,1204819.277108434,544.8396825396825,827.1060240963857,544.8396825396825,793650.7936507936,0.9090909090909092,0.04,0.2057416267942584,1,63.102314
Nangate45,NORX1,XNOR2_X1,B,ZN,fall,130.081,0.00650405,1.1,25.0,51.034000000000006,1.5180722891566267,1.26e-06,8.299999999999999e-07,0,1,1,4.875815452730412,0.0064829899346209,793650.7936507936,1204819.277108434,5161.944444444445,7836.204819277111,7836.204819277111,1204819.277108434,0.9090909090909092,0.04,0.2057416267942584,1,44.415504
Nangate45,NORX1,NOR2_X1,A2,ZN,rise,1.1737799999999998,0.00333786,1.1,25.0,33.277,1.5180722891566267,1.26e-06,8.299999999999999e-07,0,1,1,0.7764675876261998,0.0033323017104042,793650.7936507936,1204819.277108434,2649.095238095238,4021.518072289157,2649.095238095238,793650.7936507936,0.9090909090909092,0.04,0.2057416267942584,1,45.331886
Nangate45,NORX1,XNOR2_X1,B,ZN,fall,1.1737799999999998,0.00162601,1.1,25.0,12.583,1.5180722891566267,1.26e-06,8.299999999999999e-07,0,1,1,0.7764675876261998,0.0016246894770018,793650.7936507936,1204819.277108434,1290.484126984127,1959.0481927710848,1959.0481927710848,1204819.277108434,0.9090909090909092,0.04,0.2057416267942584,1,13.586799
Nangate45,XORX1,XOR2_X1,A,Z,rise,1.1737799999999998,0.00079155,1.1,25.0,39.15,1.5135135135135138,2.52e-06,1.6649999999999995e-06,0,1,1,0.7764675876261998,0.0007912368895162,396825.3968253968,600600.6006006007,314.10714285714283,475.40540540540553,314.10714285714283,396825.3968253968,0.9090909090909092,0.04,0.2043010752688172,1,28.79054
Nangate45,NANDX1,NAND3_X1,A3,ZN,fall,198.535,0.000365616,1.1,25.0,18.0776,1.5180722891566267,1.26e-06,8.299999999999999e-07,0,1,1,5.295989659538859,0.000365549178757,793650.7936507936,1204819.277108434,290.1714285714286,440.5012048192772,440.5012048192772,1204819.277108434,0.9090909090909092,0.04,0.2057416267942584,1,42.958717
Nangate45,XORX1,XOR2_X1,A,Z,fall,198.535,0.0063324,1.1,25.0,44.449000000000005,1.5135135135135138,2.52e-06,1.6649999999999995e-06,0,1,1,5.295989659538859,0.0063124345967383,396825.3968253968,600600.6006006007,2512.8571428571427,3803.243243243244,3803.243243243244,600600.6006006007,0.9090909090909092,0.04,0.2043010752688172,1,73.66228
Nangate45,NORX1,NOR4_X1,A2,ZN,rise,78.0596,0.00195665,1.1,25.0,91.1484,1.5180722891566267,1.26e-06,8.299999999999999e-07,0,1,1,4.370201998407221,0.0019547382537281,793650.7936507936,1204819.277108434,1552.8968253968253,2357.409638554217,1552.8968253968253,793650.7936507936,0.9090909090909092,0.04,0.2057416267942584,1,67.02358
Nangate45,XORX1,XOR2_X1,B,Z,rise,78.0596,0.0063324,1.1,25.0,79.876,1.5135135135135138,2.52e-06,1.6649999999999995e-06,0,1,1,4.370201998407221,0.0063124345967383,396825.3968253968,600600.6006006007,2512.8571428571427,3803.243243243244,2512.8571428571427,396825.3968253968,0.9090909090909092,0.04,0.2043010752688172,1,91.793144
Nangate45,NANDX1,NAND4_X1,A4,ZN,rise,4.72397,0.0559998,1.1,25.0,152.75,1.5180722891566267,1.26e-06,8.299999999999999e-07,0,1,1,1.7446626205903233,0.0544879958901124,793650.7936507936,1204819.277108434,44444.28571428572,67469.63855421687,44444.28571428572,793650.7936507936,0.9090909090909092,0.04,0.2057416267942584,1,166.15813
Nangate45,NORX1,NOR4_X1,A1,ZN,fall,130.081,0.00195665,1.1,25.0,8.04991,1.5180722891566267,1.26e-06,8.299999999999999e-07,0,1,1,4.875815452730412,0.0019547382537281,793650.7936507936,1204819.277108434,1552.8968253968253,2357.409638554217,2357.409638554217,1204819.277108434,0.9090909090909092,0.04,0.2057416267942584,1,32.70725
Nangate45,NORX1,NOR3_X1,A2,ZN,fall,198.535,0.00454444,1.1,25.0,18.4143,1.5180722891566267,1.26e-06,8.299999999999999e-07,0,1,1,5.295989659538859,0.0045341452101301,793650.7936507936,1204819.277108434,3606.698412698413,5475.228915662652,5475.228915662652,1204819.277108434,0.9090909090909092,0.04,0.2057416267942584,1,54.958607
Nangate45,NORX1,NOR2_X1,A2,ZN,fall,4.72397,0.0267029,1.1,25.0,39.108,1.5180722891566267,1.26e-06,8.299999999999999e-07,0,1,1,1.7446626205903233,0.0263525999024103,793650.7936507936,1204819.277108434,21192.777777777777,32172.1686746988,32172.1686746988,1204819.277108434,0.9090909090909092,0.04,0.2057416267942584,1,52.003517
Nangate45,NORX1,XNOR2_X1,A,ZN,rise,1.1737799999999998,0.000365616,1.1,25.0,17.545,1.5180722891566267,1.26e-06,8.299999999999999e-07,0,1,1,0.7764675876261998,0.000365549178757,793650.7936507936,1204819.277108434,290.1714285714286,440.5012048192772,290.1714285714286,793650.7936507936,0.9090909090909092,0.04,0.2057416267942584,1,0.40091968
Nangate45,NORX1,XNOR2_X1,B,ZN,rise,4.72397,0.00650405,1.1,25.0,49.026,1.5180722891566267,1.26e-06,8.299999999999999e-07,0,1,1,1.7446626205903233,0.0064829899346209,793650.7936507936,1204819.277108434,5161.944444444445,7836.204819277111,5161.944444444445,793650.7936507936,0.9090909090909092,0.04,0.2057416267942584,1,55.459743
Nangate45,NORX1,NOR4_X1,A1,ZN,fall,78.0596,0.00342249,1.1,25.0,18.8383,1.5180722891566267,1.26e-06,8.299999999999999e-07,0,1,1,4.370201998407221,0.0034166466099336,793650.7936507936,1204819.277108434,2716.2619047619046,4123.481927710844,4123.481927710844,1204819.277108434,0.9090909090909092,0.04,0.2057416267942584,1,23.525156
Nangate45,NORX1,NOR4_X1,A1,ZN,rise,4.72397,0.0104713,1.1,25.0,139.656,1.5180722891566267,1.26e-06,8.299999999999999e-07,0,1,1,1.7446626205903233,0.010416855676904,793650.7936507936,1204819.277108434,8310.555555555555,12616.024096385545,8310.555555555555,793650.7936507936,0.9090909090909092,0.04,0.2057416267942584,1,96.01398
Nangate45,XORX1,XOR2_X1,A,Z,rise,130.081,0.0015831,1.1,25.0,54.774,1.5135135135135138,2.52e-06,1.6649999999999995e-06,0,1,1,4.875815452730412,0.0015818482181514,396825.3968253968,600600.6006006007,628.2142857142857,950.8108108108112,628.2142857142857,396825.3968253968,0.9090909090909092,0.04,0.2043010752688172,1,78.69282
Nangate45,NORX1,XNOR2_X1,B,ZN,fall,78.0596,0.000813006,1.1,25.0,65.009,1.5180722891566267,1.26e-06,8.299999999999999e-07,0,1,1,4.370201998407221,0.0008126756896393,793650.7936507936,1204819.277108434,645.2428571428571,979.5253012048196,979.5253012048196,1204819.277108434,0.9090909090909092,0.04,0.2057416267942584,1,17.629889
Nangate45,NORX1,NOR4_X1,A1,ZN,rise,198.535,0.0104713,1.1,25.0,228.276,1.5180722891566267,1.26e-06,8.299999999999999e-07,0,1,1,5.295989659538859,0.010416855676904,793650.7936507936,1204819.277108434,8310.555555555555,12616.024096385545,8310.555555555555,793650.7936507936,0.9090909090909092,0.04,0.2057416267942584,1,130.394
Nangate45,NORX1,NOR4_X1,A2,ZN,rise,1.1737799999999998,0.00111862,1.1,25.0,56.4777,1.5180722891566267,1.26e-06,8.299999999999999e-07,0,1,1,0.7764675876261998,0.001117994810837,793650.7936507936,1204819.277108434,887.7936507936508,1347.7349397590365,887.7936507936508,793650.7936507936,0.9090909090909092,0.04,0.2057416267942584,1,38.49601
Nangate45,NANDX1,NAND4_X1,A4,ZN,fall,198.535,0.000365616,1.1,25.0,28.6933,1.5180722891566267,1.26e-06,8.299999999999999e-07,0,1,1,5.295989659538859,0.000365549178757,793650.7936507936,1204819.277108434,290.1714285714286,440.5012048192772,440.5012048192772,1204819.277108434,0.9090909090909092,0.04,0.2057416267942584,1,42.788876
Nangate45,NANDX1,NAND4_X1,A2,ZN,fall,130.081,0.00699997,1.1,25.0,80.8984,1.5180722891566267,1.26e-06,8.299999999999999e-07,0,1,1,4.875815452730412,0.006975583944965,793650.7936507936,1204819.277108434,5555.531746031746,8433.698795180724,8433.698795180724,1204819.277108434,0.9090909090909092,0.04,0.2057416267942584,1,51.827053
Nangate45,XORX1,XOR2_X1,B,Z,fall,198.535,0.0253296,1.1,25.0,151.97,1.5135135135135138,2.52e-06,1.6649999999999995e-06,0,1,1,5.295989659538859,0.0250141218763313,396825.3968253968,600600.6006006007,10051.42857142857,15212.972972972975,15212.972972972975,600600.6006006007,0.9090909090909092,0.04,0.2043010752688172,1,103.66314
Nangate45,NORX1,NOR4_X1,A1,ZN,rise,78.0596,0.00063952,1.1,25.0,67.0553,1.5180722891566267,1.26e-06,8.299999999999999e-07,0,1,1,4.370201998407221,0.0006393155942278,793650.7936507936,1204819.277108434,507.5555555555555,770.5060240963857,507.5555555555555,793650.7936507936,0.9090909090909092,0.04,0.2057416267942584,1,95.907906
Nangate45,NANDX1,NAND2_X1,A2,ZN,rise,4.72397,0.0296783,1.1,25.0,82.063,1.5180722891566267,1.26e-06,8.299999999999999e-07,0,1,1,1.7446626205903233,0.0292464233592539,793650.7936507936,1204819.277108434,23554.20634920635,35756.987951807234,23554.20634920635,793650.7936507936,0.9090909090909092,0.04,0.2057416267942584,1,138.4712
Nangate45,NANDX1,NAND3_X1,A2,ZN,rise,1.1737799999999998,0.00364781,1.1,25.0,19.103,1.5180722891566267,1.26e-06,8.299999999999999e-07,0,1,1,0.7764675876261998,0.0036411728768477,793650.7936507936,1204819.277108434,2895.0873015873017,4394.951807228917,2895.0873015873017,793650.7936507936,0.9090909090909092,0.04,0.2057416267942584,1,30.80591
Nangate45,NANDX1,NAND4_X1,A2,ZN,fall,40.9838,0.00349999,1.1,25.0,44.3813,1.5180722891566267,1.26e-06,8.299999999999999e-07,0,1,1,3.737283829590765,0.0034938792891336,793650.7936507936,1204819.277108434,2777.769841269841,4216.855421686748,4216.855421686748,1204819.277108434,0.9090909090909092,0.04,0.2057416267942584,1,24.195799
Nangate45,NANDX1,NAND3_X1,A3,ZN,rise,40.9838,0.00729561,1.1,25.0,50.4761,1.5180722891566267,1.26e-06,8.299999999999999e-07,0,1,1,3.737283829590765,0.0072691257717537,793650.7936507936,1204819.277108434,5790.166666666666,8789.891566265062,5790.166666666666,793650.7936507936,0.9090909090909092,0.04,0.2057416267942584,1,49.95781
Nangate45,NANDX1,NAND2_X1,A2,ZN,rise,198.535,0.00741959,1.1,25.0,94.1347,1.5180722891566267,1.26e-06,8.299999999999999e-07,0,1,1,5.295989659538859,0.0073922002392085,793650.7936507936,1204819.277108434,5888.563492063492,8939.265060240965,5888.563492063492,793650.7936507936,0.9090909090909092,0.04,0.2057416267942584,1,103.961044
Nangate45,NANDX1,NAND2_X1,A1,ZN,rise,1.1737799999999998,0.0148392,1.1,25.0,42.6101,1.5180722891566267,1.26e-06,8.299999999999999e-07,0,1,1,0.7764675876261998,0.0147301762980792,793650.7936507936,1204819.277108434,11777.142857142857,17878.554216867473,11777.142857142857,793650.7936507936,0.9090909090909092,0.04,0.2057416267942584,1,67.65744
Nangate45,INVX2,INV_X2,A,ZN,fall,1.1737799999999998,0.000365616,1.1,25.0,3.23762,1.5180722891566267,1.26e-06,8.299999999999999e-07,1,1,1,0.7764675876261998,0.000365549178757,793650.7936507936,1204819.277108434,290.1714285714286,440.5012048192772,440.5012048192772,1204819.277108434,0.9090909090909092,0.04,0.2057416267942584,1,6.438078
Nangate45,NANDX1,NAND2_X1,A1,ZN,rise,130.081,0.000365616,1.1,25.0,33.4985,1.5180722891566267,1.26e-06,8.299999999999999e-07,0,1,1,4.875815452730412,0.000365549178757,793650.7936507936,1204819.277108434,290.1714285714286,440.5012048192772,290.1714285714286,793650.7936507936,0.9090909090909092,0.04,0.2057416267942584,1,43.725727
Nangate45,INVX1,TINV_X1,EN,ZN,fall,130.081,0.001526164229,1.1,25.0,47.964,1.5180722891566267,6.3e-07,4.1500000000000005e-07,1,1,1,4.875815452730412,0.0015250008239207,1587301.5873015872,2409638.554216868,2422.482903174603,3677.5041662650606,3677.5041662650606,2409638.554216868,0.9090909090909092,0.04,0.2057416267942584,1,29.863695
Nangate45,NANDX1,NAND4_X1,A4,ZN,fall,198.535,0.00349999,1.1,25.0,48.7819,1.5180722891566267,1.26e-06,8.299999999999999e-07,0,1,1,5.295989659538859,0.0034938792891336,793650.7936507936,1204819.277108434,2777.769841269841,4216.855421686748,4216.855421686748,1204819.277108434,0.9090909090909092,0.04,0.2057416267942584,1,50.63449
Nangate45,NORX1,NOR3_X1,A2,ZN,rise,1.1737799999999998,0.000365616,1.1,25.0,31.8365,1.5180722891566267,1.26e-06,8.299999999999999e-07,0,1,1,0.7764675876261998,0.000365549178757,793650.7936507936,1204819.277108434,290.1714285714286,440.5012048192772,290.1714285714286,793650.7936507936,0.9090909090909092,0.04,0.2057416267942584,1,24.731148
Nangate45,INVX1,INV_X1,A,ZN,rise,1.1737799999999998,0.00379562,1.1,25.0,14.2069,1.5180722891566267,6.3e-07,4.1500000000000005e-07,1,1,1,0.7764675876261998,0.0037884348101687,1587301.5873015872,2409638.554216868,6024.79365079365,9146.072289156627,6024.79365079365,1587301.5873015872,0.9090909090909092,0.04,0.2057416267942584,1,14.451524
Nangate45,NANDX1,NAND3_X1,A1,ZN,fall,198.535,0.0018239,1.1,25.0,34.976800000000004,1.5180722891566267,1.26e-06,8.299999999999999e-07,0,1,1,5.295989659538859,0.0018222387141011,793650.7936507936,1204819.277108434,1447.5396825396824,2197.4698795180725,2197.4698795180725,1204819.277108434,0.9090909090909092,0.04,0.2057416267942584,1,44.947937
Nangate45,NORX1,XNOR2_X1,A,ZN,fall,78.0596,0.00650405,1.1,25.0,41.495,1.5180722891566267,1.26e-06,8.299999999999999e-07,0,1,1,4.370201998407221,0.0064829899346209,793650.7936507936,1204819.277108434,5161.944444444445,7836.204819277111,7836.204819277111,1204819.277108434,0.9090909090909092,0.04,0.2057416267942584,1,28.735088
Nangate45,NANDX1,NAND2_X1,A1,ZN,fall,1.1737799999999998,0.00370979,1.1,25.0,13.9116,1.5180722891566267,1.26e-06,8.299999999999999e-07,0,1,1,0.7764675876261998,0.0037029257005795,793650.7936507936,1204819.277108434,2944.277777777778,4469.626506024097,4469.626506024097,1204819.277108434,0.9090909090909092,0.04,0.2057416267942584,1,20.920155
Nangate45,NORX1,NOR4_X1,A2,ZN,fall,4.72397,0.000365616,1.1,25.0,7.52,1.5180722891566267,1.26e-06,8.299999999999999e-07,0,1,1,1.7446626205903233,0.000365549178757,793650.7936507936,1204819.277108434,290.1714285714286,440.5012048192772,440.5012048192772,1204819.277108434,0.9090909090909092,0.04,0.2057416267942584,1,11.944531
Nangate45,NORX1,NOR3_X1,A3,ZN,fall,1.1737799999999998,0.000686498,1.1,25.0,5.39583,1.5180722891566267,1.26e-06,8.299999999999999e-07,0,1,1,0.7764675876261998,0.0006862624680366,793650.7936507936,1204819.277108434,544.8396825396825,827.1060240963857,827.1060240963857,1204819.277108434,0.9090909090909092,0.04,0.2057416267942584,1,11.770009
Nangate45,NANDX1,NAND4_X1,A2,ZN,fall,1.1737799999999998,0.000365616,1.1,25.0,19.5664,1.5180722891566267,1.26e-06,8.299999999999999e-07,0,1,1,0.7764675876261998,0.000365549178757,793650.7936507936,1204819.277108434,290.1714285714286,440.5012048192772,440.5012048192772,1204819.277108434,0.9090909090909092,0.04,0.2057416267942584,1,16.752565
Nangate45,INVX1,INV_X16,A,ZN,fall,40.9838,0.121155,1.1,25.0,25.2729,1.5180722891566267,6.3e-07,4.1500000000000005e-07,1,1,1,3.737283829590765,0.1143594039340094,1587301.5873015872,2409638.554216868,192309.5238095238,291939.7590361446,291939.7590361446,2409638.554216868,0.9090909090909092,0.04,0.2057416267942584,1,44.142227
Nangate45,NANDX1,NAND2_X1,A1,ZN,fall,130.081,0.0148392,1.1,25.0,75.6855,1.5180722891566267,1.26e-06,8.299999999999999e-07,0,1,1,4.875815452730412,0.0147301762980792,793650.7936507936,1204819.277108434,11777.142857142857,17878.554216867473,17878.554216867473,1204819.277108434,0.9090909090909092,0.04,0.2057416267942584,1,91.664986
Nangate45,NORX1,NOR4_X1,A3,ZN,rise,198.535,0.000365616,1.1,25.0,105.063,1.5180722891566267,1.26e-06,8.299999999999999e-07,0,1,1,5.295989659538859,0.000365549178757,793650.7936507936,1204819.277108434,290.1714285714286,440.5012048192772,290.1714285714286,793650.7936507936,0.9090909090909092,0.04,0.2057416267942584,1,89.763054
Nangate45,NORX1,NOR3_X1,A2,ZN,rise,4.72397,0.00454444,1.1,25.0,65.9132,1.5180722891566267,1.26e-06,8.299999999999999e-07,0,1,1,1.7446626205903233,0.0045341452101301,793650.7936507936,1204819.277108434,3606.698412698413,5475.228915662652,3606.698412698413,793650.7936507936,0.9090909090909092,0.04,0.2057416267942584,1,54.560623
Nangate45,INVX1,INV_X16,A,ZN,fall,78.0596,0.0605773999999999,1.1,25.0,17.4726,1.5180722891566267,6.3e-07,4.1500000000000005e-07,1,1,1,4.370201998407221,0.0588134768006666,1587301.5873015872,2409638.554216868,96154.60317460317,145969.6385542169,145969.6385542169,2409638.554216868,0.9090909090909092,0.04,0.2057416267942584,1,45.047348
Nangate45,NANDX1,NAND3_X1,A3,ZN,rise,17.1859,0.00364781,1.1,25.0,28.807,1.5180722891566267,1.26e-06,8.299999999999999e-07,0,1,1,2.900646568553312,0.0036411728768477,793650.7936507936,1204819.277108434,2895.0873015873017,4394.951807228917,2895.0873015873017,793650.7936507936,0.9090909090909092,0.04,0.2057416267942584,1,30.860712
Nangate45,XORX1,XOR2_X1,B,Z,fall,40.9838,0.00079155,1.1,25.0,17.48,1.5135135135135138,2.52e-06,1.6649999999999995e-06,0,1,1,3.737283829590765,0.0007912368895162,396825.3968253968,600600.6006006007,314.10714285714283,475.40540540540553,475.40540540540553,600600.6006006007,0.9090909090909092,0.04,0.2043010752688172,1,28.462015
Nangate45,INVX1,INV_X16,A,ZN,fall,1.1737799999999998,0.121155,1.1,25.0,12.59,1.5180722891566267,6.3e-07,4.1500000000000005e-07,1,1,1,0.7764675876261998,0.1143594039340094,1587301.5873015872,2409638.554216868,192309.5238095238,291939.7590361446,291939.7590361446,2409638.554216868,0.9090909090909092,0.04,0.2057416267942584,1,45.609493
Nangate45,XORX1,XOR2_X1,B,Z,rise,4.72397,0.00079155,1.1,25.0,37.419,1.5135135135135138,2.52e-06,1.6649999999999995e-06,0,1,1,1.7446626205903233,0.0007912368895162,396825.3968253968,600600.6006006007,314.10714285714283,475.40540540540553,314.10714285714283,396825.3968253968,0.9090909090909092,0.04,0.2043010752688172,1,29.646868
Nangate45,NANDX1,NAND2_X1,A2,ZN,fall,130.081,0.0593567,1.1,25.0,173.18,1.5180722891566267,1.26e-06,8.299999999999999e-07,0,1,1,4.875815452730412,0.0576618371011917,793650.7936507936,1204819.277108434,47108.492063492056,71514.09638554217,71514.09638554217,1204819.277108434,0.9090909090909092,0.04,0.2057416267942584,1,198.00293
Nangate45,NORX1,XNOR2_X1,A,ZN,rise,40.9838,0.000813006,1.1,25.0,35.642,1.5180722891566267,1.26e-06,8.299999999999999e-07,0,1,1,3.737283829590765,0.0008126756896393,793650.7936507936,1204819.277108434,645.2428571428571,979.5253012048196,645.2428571428571,793650.7936507936,0.9090909090909092,0.04,0.2057416267942584,1,52.092026
Nangate45,NORX1,NOR4_X1,A1,ZN,fall,130.081,0.0104713,1.1,25.0,40.4777,1.5180722891566267,1.26e-06,8.299999999999999e-07,0,1,1,4.875815452730412,0.010416855676904,793650.7936507936,1204819.277108434,8310.555555555555,12616.024096385545,12616.024096385545,1204819.277108434,0.9090909090909092,0.04,0.2057416267942584,1,67.30509
Nangate45,NORX1,NOR4_X1,A3,ZN,rise,40.9838,0.0104713,1.1,25.0,178.905,1.5180722891566267,1.26e-06,8.299999999999999e-07,0,1,1,3.737283829590765,0.010416855676904,793650.7936507936,1204819.277108434,8310.555555555555,12616.024096385545,8310.555555555555,793650.7936507936,0.9090909090909092,0.04,0.2057416267942584,1,120.75519
Nangate45,INVX1,TINV_X1,EN,ZN,fall,198.535,0.003674923229,1.1,25.0,69.36,1.5180722891566267,6.3e-07,4.1500000000000005e-07,1,1,1,5.295989659538859,0.0036681871965212,1587301.5873015872,2409638.554216868,5833.211474603175,8855.236696385544,8855.236696385544,2409638.554216868,0.9090909090909092,0.04,0.2057416267942584,1,77.4138
Nangate45,XORX1,XOR2_X1,A,Z,fall,40.9838,0.0253296,1.1,25.0,76.042,1.5135135135135138,2.52e-06,1.6649999999999995e-06,0,1,1,3.737283829590765,0.0250141218763313,396825.3968253968,600600.6006006007,10051.42857142857,15212.972972972975,15212.972972972975,600600.6006006007,0.9090909090909092,0.04,0.2043010752688172,1,74.5978
Nangate45,XORX1,XOR2_X1,B,Z,fall,1.1737799999999998,0.0015831,1.1,25.0,11.722,1.5135135135135138,2.52e-06,1.6649999999999995e-06,0,1,1,0.7764675876261998,0.0015818482181514,396825.3968253968,600600.6006006007,628.2142857142857,950.8108108108112,950.8108108108112,600600.6006006007,0.9090909090909092,0.04,0.2043010752688172,1,19.462673
Nangate45,NORX1,NOR4_X1,A4,ZN,rise,1.1737799999999998,0.00598648,1.1,25.0,122.079,1.5180722891566267,1.26e-06,8.299999999999999e-07,0,1,1,0.7764675876261998,0.0059686322234213,793650.7936507936,1204819.277108434,4751.174603174603,7212.626506024098,4751.174603174603,793650.7936507936,0.9090909090909092,0.04,0.2057416267942584,1,51.643665
Nangate45,XORX1,XOR2_X1,A,Z,rise,4.72397,0.000365616,1.1,25.0,17.314,1.5135135135135138,2.52e-06,1.6649999999999995e-06,0,1,1,1.7446626205903233,0.000365549178757,396825.3968253968,600600.6006006007,145.0857142857143,219.58918918918928,145.0857142857143,396825.3968253968,0.9090909090909092,0.04,0.2043010752688172,1,27.58558
Nangate45,INVX1,INV_X16,A,ZN,fall,4.72397,0.0605773999999999,1.1,25.0,9.43444,1.5180722891566267,6.3e-07,4.1500000000000005e-07,1,1,1,1.7446626205903233,0.0588134768006666,1587301.5873015872,2409638.554216868,96154.60317460317,145969.6385542169,145969.6385542169,2409638.554216868,0.9090909090909092,0.04,0.2057416267942584,1,35.102962
Nangate45,NANDX1,NAND2_X1,A2,ZN,rise,40.9838,0.0593567,1.1,25.0,171.41899999999998,1.5180722891566267,1.26e-06,8.299999999999999e-07,0,1,1,3.737283829590765,0.0576618371011917,793650.7936507936,1204819.277108434,47108.492063492056,71514.09638554217,47108.492063492056,793650.7936507936,0.9090909090909092,0.04,0.2057416267942584,1,185.62486
Nangate45,NANDX1,NAND3_X1,A1,ZN,fall,4.72397,0.0291825,1.1,25.0,97.1429,1.5180722891566267,1.26e-06,8.299999999999999e-07,0,1,1,1.7446626205903233,0.0287647977830285,793650.7936507936,1204819.277108434,23160.714285714286,35159.63855421687,35159.63855421687,1204819.277108434,0.9090909090909092,0.04,0.2057416267942584,1,79.33236
Nangate45,NORX1,NOR2_X1,A1,ZN,rise,40.9838,0.00166893,1.1,25.0,37.226,1.5180722891566267,1.26e-06,8.299999999999999e-07,0,1,1,3.737283829590765,0.001667538883896,793650.7936507936,1204819.277108434,1324.547619047619,2010.7590361445789,1324.547619047619,793650.7936507936,0.9090909090909092,0.04,0.2057416267942584,1,54.56925
Nangate45,NANDX1,NAND3_X1,A3,ZN,fall,4.72397,0.00364781,1.1,25.0,25.4229,1.5180722891566267,1.26e-06,8.299999999999999e-07,0,1,1,1.7446626205903233,0.0036411728768477,793650.7936507936,1204819.277108434,2895.0873015873017,4394.951807228917,4394.951807228917,1204819.277108434,0.9090909090909092,0.04,0.2057416267942584,1,13.278579
Nangate45,NANDX1,NAND2_X1,A1,ZN,rise,40.9838,0.0018549,1.1,25.0,26.6711,1.5180722891566267,1.26e-06,8.299999999999999e-07,0,1,1,3.737283829590765,0.0018531817973962,793650.7936507936,1204819.277108434,1472.142857142857,2234.819277108434,1472.142857142857,793650.7936507936,0.9090909090909092,0.04,0.2057416267942584,1,32.997574
Nangate45,NORX1,NOR4_X1,A1,ZN,fall,4.72397,0.000365616,1.1,25.0,6.54185,1.5180722891566267,1.26e-06,8.299999999999999e-07,0,1,1,1.7446626205903233,0.000365549178757,793650.7936507936,1204819.277108434,290.1714285714286,440.5012048192772,440.5012048192772,1204819.277108434,0.9090909090909092,0.04,0.2057416267942584,1,10.460935
Nangate45,NANDX1,NAND4_X1,A2,ZN,rise,17.1859,0.00699997,1.1,25.0,36.7489,1.5180722891566267,1.26e-06,8.299999999999999e-07,0,1,1,2.900646568553312,0.006975583944965,793650.7936507936,1204819.277108434,5555.531746031746,8433.698795180724,5555.531746031746,793650.7936507936,0.9090909090909092,0.04,0.2057416267942584,1,41.49694
Nangate45,NANDX1,NAND4_X1,A4,ZN,fall,4.72397,0.00699997,1.1,25.0,49.8849,1.5180722891566267,1.26e-06,8.299999999999999e-07,0,1,1,1.7446626205903233,0.006975583944965,793650.7936507936,1204819.277108434,5555.531746031746,8433.698795180724,8433.698795180724,1204819.277108434,0.9090909090909092,0.04,0.2057416267942584,1,18.00569
Nangate45,NORX1,NOR3_X1,A1,ZN,fall,198.535,0.00454444,1.1,25.0,11.5615,1.5180722891566267,1.26e-06,8.299999999999999e-07,0,1,1,5.295989659538859,0.0045341452101301,793650.7936507936,1204819.277108434,3606.698412698413,5475.228915662652,5475.228915662652,1204819.277108434,0.9090909090909092,0.04,0.2057416267942584,1,54.958607
Nangate45,XORX1,XOR2_X1,B,Z,rise,1.1737799999999998,0.0063324,1.1,25.0,52.08,1.5135135135135138,2.52e-06,1.6649999999999995e-06,0,1,1,0.7764675876261998,0.0063124345967383,396825.3968253968,600600.6006006007,2512.8571428571427,3803.243243243244,2512.8571428571427,396825.3968253968,0.9090909090909092,0.04,0.2043010752688172,1,59.308216
Nangate45,INVX1,INV_X1,A,ZN,rise,17.1859,0.00189781,1.1,25.0,17.2024,1.5180722891566267,6.3e-07,4.1500000000000005e-07,1,1,1,2.900646568553312,0.0018960114338003,1587301.5873015872,2409638.554216868,3012.396825396825,4573.036144578314,3012.396825396825,1587301.5873015872,0.9090909090909092,0.04,0.2057416267942584,1,20.036734
Nangate45,NORX1,NOR4_X1,A4,ZN,rise,78.0596,0.00342249,1.1,25.0,116.312,1.5180722891566267,1.26e-06,8.299999999999999e-07,0,1,1,4.370201998407221,0.0034166466099336,793650.7936507936,1204819.277108434,2716.2619047619046,4123.481927710844,2716.2619047619046,793650.7936507936,0.9090909090909092,0.04,0.2057416267942584,1,72.87159
Nangate45,NANDX1,NAND3_X1,A3,ZN,rise,130.081,0.0583649,1.1,25.0,219.254,1.5180722891566267,1.26e-06,8.299999999999999e-07,0,1,1,4.875815452730412,0.0567251700033895,793650.7936507936,1204819.277108434,46321.3492063492,70319.15662650602,46321.3492063492,793650.7936507936,0.9090909090909092,0.04,0.2057416267942584,1,213.89801
Nangate45,NORX1,NOR3_X1,A1,ZN,fall,4.72397,0.00454444,1.1,25.0,11.0613,1.5180722891566267,1.26e-06,8.299999999999999e-07,0,1,1,1.7446626205903233,0.0045341452101301,793650.7936507936,1204819.277108434,3606.698412698413,5475.228915662652,5475.228915662652,1204819.277108434,0.9090909090909092,0.04,0.2057416267942584,1,21.910818
Nangate45,XORX1,XOR2_X1,A,Z,rise,40.9838,0.0031662,1.1,25.0,60.124,1.5135135135135138,2.52e-06,1.6649999999999995e-06,0,1,1,3.737283829590765,0.0031611981439168,396825.3968253968,600600.6006006007,1256.428571428571,1901.621621621622,1256.428571428571,396825.3968253968,0.9090909090909092,0.04,0.2043010752688172,1,61.35872
Nangate45,NANDX1,NAND4_X1,A3,ZN,rise,4.72397,0.000365616,1.1,25.0,16.1108,1.5180722891566267,1.26e-06,8.299999999999999e-07,0,1,1,1.7446626205903233,0.000365549178757,793650.7936507936,1204819.277108434,290.1714285714286,440.5012048192772,290.1714285714286,793650.7936507936,0.9090909090909092,0.04,0.2057416267942584,1,19.940609
Nangate45,NORX1,XNOR2_X1,A,ZN,rise,17.1859,0.0260162,1.1,25.0,153.84300000000002,1.5180722891566267,1.26e-06,8.299999999999999e-07,0,1,1,2.900646568553312,0.0256835360976095,793650.7936507936,1204819.277108434,20647.77777777778,31344.819277108443,20647.77777777778,793650.7936507936,0.9090909090909092,0.04,0.2057416267942584,1,150.16075
Nangate45,NORX1,NOR3_X1,A2,ZN,fall,130.081,0.00242029,1.1,25.0,14.5024,1.5180722891566267,1.26e-06,8.299999999999999e-07,0,1,1,4.875815452730412,0.0024173658154572,793650.7936507936,1204819.277108434,1920.8650793650795,2916.012048192772,2916.012048192772,1204819.277108434,0.9090909090909092,0.04,0.2057416267942584,1,39.51116
Nangate45,XORX1,XOR2_X1,A,Z,rise,78.0596,0.0126648,1.1,25.0,110.503,1.5135135135135138,2.52e-06,1.6649999999999995e-06,0,1,1,4.370201998407221,0.0125852721858001,396825.3968253968,600600.6006006007,5025.714285714285,7606.486486486488,5025.714285714285,396825.3968253968,0.9090909090909092,0.04,0.2043010752688172,1,102.847565
Nangate45,NORX1,NOR3_X1,A3,ZN,rise,1.1737799999999998,0.001289,1.1,25.0,42.8061,1.5180722891566267,1.26e-06,8.299999999999999e-07,0,1,1,0.7764675876261998,0.0012881699527107,793650.7936507936,1204819.277108434,1023.015873015873,1553.012048192771,1023.015873015873,793650.7936507936,0.9090909090909092,0.04,0.2057416267942584,1,38.496056
Nangate45,NORX1,XNOR2_X1,B,ZN,rise,4.72397,0.000365616,1.1,25.0,23.046,1.5180722891566267,1.26e-06,8.299999999999999e-07,0,1,1,1.7446626205903233,0.000365549178757,793650.7936507936,1204819.277108434,290.1714285714286,440.5012048192772,290.1714285714286,793650.7936507936,0.9090909090909092,0.04,0.2057416267942584,1,13.032422
Nangate45,NANDX1,NAND2_X1,A1,ZN,fall,40.9838,0.0296783,1.1,25.0,83.9029,1.5180722891566267,1.26e-06,8.299999999999999e-07,0,1,1,3.737283829590765,0.0292464233592539,793650.7936507936,1204819.277108434,23554.20634920635,35756.987951807234,35756.987951807234,1204819.277108434,0.9090909090909092,0.04,0.2057416267942584,1,167.4854
Nangate45,NORX1,NOR4_X1,A4,ZN,fall,78.0596,0.00111862,1.1,25.0,17.899600000000003,1.5180722891566267,1.26e-06,8.299999999999999e-07,0,1,1,4.370201998407221,0.001117994810837,793650.7936507936,1204819.277108434,887.7936507936508,1347.7349397590365,1347.7349397590365,1204819.277108434,0.9090909090909092,0.04,0.2057416267942584,1,17.943235
Nangate45,INVX2,INV_X2,A,ZN,fall,130.081,0.0151825,1.1,25.0,29.8371,1.5180722891566267,1.26e-06,8.299999999999999e-07,1,1,1,4.875815452730412,0.0150683992868016,793650.7936507936,1204819.277108434,12049.603174603171,18292.1686746988,18292.1686746988,1204819.277108434,0.9090909090909092,0.04,0.2057416267942584,1,39.738285
Nangate45,NANDX1,NAND4_X1,A3,ZN,rise,4.72397,0.0139999,1.1,25.0,49.5801,1.5180722891566267,1.26e-06,8.299999999999999e-07,0,1,1,1.7446626205903233,0.0139028065496571,793650.7936507936,1204819.277108434,11111.031746031746,16867.349397590366,11111.031746031746,793650.7936507936,0.9090909090909092,0.04,0.2057416267942584,1,56.438393
Nangate45,NORX1,NOR4_X1,A4,ZN,fall,40.9838,0.00111862,1.1,25.0,16.9889,1.5180722891566267,1.26e-06,8.299999999999999e-07,0,1,1,3.737283829590765,0.001117994810837,793650.7936507936,1204819.277108434,887.7936507936508,1347.7349397590365,1347.7349397590365,1204819.277108434,0.9090909090909092,0.04,0.2057416267942584,1,14.89527
Nangate45,NORX1,NOR2_X1,A1,ZN,rise,40.9838,0.00333786,1.1,25.0,46.9299,1.5180722891566267,1.26e-06,8.299999999999999e-07,0,1,1,3.737283829590765,0.0033323017104042,793650.7936507936,1204819.277108434,2649.095238095238,4021.518072289157,2649.095238095238,793650.7936507936,0.9090909090909092,0.04,0.2057416267942584,1,60.97517
Nangate45,NORX1,XNOR2_X1,B,ZN,rise,17.1859,0.0260162,1.1,25.0,99.382,1.5180722891566267,1.26e-06,8.299999999999999e-07,0,1,1,2.900646568553312,0.0256835360976095,793650.7936507936,1204819.277108434,20647.77777777778,31344.819277108443,20647.77777777778,793650.7936507936,0.9090909090909092,0.04,0.2057416267942584,1,150.16074
Nangate45,NORX1,NOR4_X1,A1,ZN,rise,198.535,0.000365616,1.1,25.0,104.37,1.5180722891566267,1.26e-06,8.299999999999999e-07,0,1,1,5.295989659538859,0.000365549178757,793650.7936507936,1204819.277108434,290.1714285714286,440.5012048192772,290.1714285714286,793650.7936507936,0.9090909090909092,0.04,0.2057416267942584,1,89.763054
Nangate45,NANDX1,NAND4_X1,A4,ZN,fall,1.1737799999999998,0.000365616,1.1,25.0,23.0571,1.5180722891566267,1.26e-06,8.299999999999999e-07,0,1,1,0.7764675876261998,0.000365549178757,793650.7936507936,1204819.277108434,290.1714285714286,440.5012048192772,440.5012048192772,1204819.277108434,0.9090909090909092,0.04,0.2057416267942584,1,15.478544
Nangate45,INVX2,INV_X2,A,ZN,fall,198.535,0.00759125,1.1,25.0,11.4492,1.5180722891566267,1.26e-06,8.299999999999999e-07,1,1,1,5.295989659538859,0.0075625814570239,793650.7936507936,1204819.277108434,6024.801587301587,9146.0843373494,9146.0843373494,1204819.277108434,0.9090909090909092,0.04,0.2057416267942584,1,48.58005
Nangate45,NANDX1,NAND3_X1,A2,ZN,rise,130.081,0.00364781,1.1,25.0,61.4439,1.5180722891566267,1.26e-06,8.299999999999999e-07,0,1,1,4.875815452730412,0.0036411728768477,793650.7936507936,1204819.277108434,2895.0873015873017,4394.951807228917,2895.0873015873017,793650.7936507936,0.9090909090909092,0.04,0.2057416267942584,1,52.883526
Nangate45,NORX1,NOR4_X1,A4,ZN,fall,1.1737799999999998,0.0104713,1.1,25.0,19.5559,1.5180722891566267,1.26e-06,8.299999999999999e-07,0,1,1,0.7764675876261998,0.010416855676904,793650.7936507936,1204819.277108434,8310.555555555555,12616.024096385545,12616.024096385545,1204819.277108434,0.9090909090909092,0.04,0.2057416267942584,1,36.404034
Nangate45,NORX1,NOR2_X1,A1,ZN,rise,1.1737799999999998,0.0133515,1.1,25.0,80.1242,1.5180722891566267,1.26e-06,8.299999999999999e-07,0,1,1,0.7764675876261998,0.0132631542209015,793650.7936507936,1204819.277108434,10596.42857142857,16086.144578313257,10596.42857142857,793650.7936507936,0.9090909090909092,0.04,0.2057416267942584,1,121.73722
Nangate45,NORX1,NOR2_X1,A1,ZN,rise,4.72397,0.0133515,1.1,25.0,81.07830000000001,1.5180722891566267,1.26e-06,8.299999999999999e-07,0,1,1,1.7446626205903233,0.0132631542209015,793650.7936507936,1204819.277108434,10596.42857142857,16086.144578313257,10596.42857142857,793650.7936507936,0.9090909090909092,0.04,0.2057416267942584,1,138.68504
Nangate45,NORX1,XNOR2_X1,A,ZN,fall,17.1859,0.00650405,1.1,25.0,51.783,1.5180722891566267,1.26e-06,8.299999999999999e-07,0,1,1,2.900646568553312,0.0064829899346209,793650.7936507936,1204819.277108434,5161.944444444445,7836.204819277111,7836.204819277111,1204819.277108434,0.9090909090909092,0.04,0.2057416267942584,1,20.411781
Nangate45,INVX1,TINV_X1,I,ZN,fall,78.0596,0.002245113229,1.1,25.0,22.8112,1.5180722891566267,6.3e-07,4.1500000000000005e-07,1,1,1,4.370201998407221,0.0022425967281435,1587301.5873015872,2409638.554216868,3563.6717920634924,5409.911395180725,5409.911395180725,2409638.554216868,0.9090909090909092,0.04,0.2057416267942584,1,27.300774
Nangate45,NANDX1,NAND3_X1,A2,ZN,rise,78.0596,0.0145912,1.1,25.0,85.0729,1.5180722891566267,1.26e-06,8.299999999999999e-07,0,1,1,4.370201998407221,0.0144857727440233,793650.7936507936,1204819.277108434,11580.31746031746,17579.75903614458,11580.31746031746,793650.7936507936,0.9090909090909092,0.04,0.2057416267942584,1,88.82455
Nangate45,NORX1,NOR3_X1,A2,ZN,fall,4.72397,0.00853286,1.1,25.0,17.3154,1.5180722891566267,1.26e-06,8.299999999999999e-07,0,1,1,1.7446626205903233,0.0084966609254384,793650.7936507936,1204819.277108434,6772.11111111111,10280.554216867473,10280.554216867473,1204819.277108434,0.9090909090909092,0.04,0.2057416267942584,1,22.615171
Nangate45,NORX1,NOR3_X1,A2,ZN,rise,17.1859,0.000365616,1.1,25.0,37.1033,1.5180722891566267,1.26e-06,8.299999999999999e-07,0,1,1,2.900646568553312,0.000365549178757,793650.7936507936,1204819.277108434,290.1714285714286,440.5012048192772,290.1714285714286,793650.7936507936,0.9090909090909092,0.04,0.2057416267942584,1,50.129528
Nangate45,NANDX1,NAND2_X1,A2,ZN,rise,17.1859,0.0018549,1.1,25.0,21.4183,1.5180722891566267,1.26e-06,8.299999999999999e-07,0,1,1,2.900646568553312,0.0018531817973962,793650.7936507936,1204819.277108434,1472.142857142857,2234.819277108434,1472.142857142857,793650.7936507936,0.9090909090909092,0.04,0.2057416267942584,1,26.28571
Nangate45,NANDX1,NAND4_X1,A3,ZN,rise,17.1859,0.0559998,1.1,25.0,156.78400000000002,1.5180722891566267,1.26e-06,8.299999999999999e-07,0,1,1,2.900646568553312,0.0544879958901124,793650.7936507936,1204819.277108434,44444.28571428572,67469.63855421687,44444.28571428572,793650.7936507936,0.9090909090909092,0.04,0.2057416267942584,1,174.90123
Nangate45,NANDX1,NAND4_X1,A2,ZN,fall,4.72397,0.00349999,1.1,25.0,32.8735,1.5180722891566267,1.26e-06,8.299999999999999e-07,0,1,1,1.7446626205903233,0.0034938792891336,793650.7936507936,1204819.277108434,2777.769841269841,4216.855421686748,4216.855421686748,1204819.277108434,0.9090909090909092,0.04,0.2057416267942584,1,13.278674
Nangate45,NANDX1,NAND2_X1,A1,ZN,fall,78.0596,0.0593567,1.1,25.0,160.709,1.5180722891566267,1.26e-06,8.299999999999999e-07,0,1,1,4.370201998407221,0.0576618371011917,793650.7936507936,1204819.277108434,47108.492063492056,71514.09638554217,71514.09638554217,1204819.277108434,0.9090909090909092,0.04,0.2057416267942584,1,181.48987
Nangate45,NORX1,NOR4_X1,A4,ZN,rise,1.1737799999999998,0.00342249,1.1,25.0,94.5783,1.5180722891566267,1.26e-06,8.299999999999999e-07,0,1,1,0.7764675876261998,0.0034166466099336,793650.7936507936,1204819.277108434,2716.2619047619046,4123.481927710844,2716.2619047619046,793650.7936507936,0.9090909090909092,0.04,0.2057416267942584,1,45.331917
Nangate45,INVX1,TINV_X1,I,ZN,rise,198.535,0.002245113229,1.1,25.0,80.88810000000001,1.5180722891566267,6.3e-07,4.1500000000000005e-07,1,1,1,5.295989659538859,0.0022425967281435,1587301.5873015872,2409638.554216868,3563.6717920634924,5409.911395180725,3563.6717920634924,1587301.5873015872,0.9090909090909092,0.04,0.2057416267942584,1,51.54872
Nangate45,NANDX1,NAND3_X1,A2,ZN,rise,4.72397,0.0145912,1.1,25.0,47.197700000000005,1.5180722891566267,1.26e-06,8.299999999999999e-07,0,1,1,1.7446626205903233,0.0144857727440233,793650.7936507936,1204819.277108434,11580.31746031746,17579.75903614458,11580.31746031746,793650.7936507936,0.9090909090909092,0.04,0.2057416267942584,1,56.438477
Nangate45,NORX1,NOR4_X1,A3,ZN,fall,130.081,0.0104713,1.1,25.0,46.8564,1.5180722891566267,1.26e-06,8.299999999999999e-07,0,1,1,4.875815452730412,0.010416855676904,793650.7936507936,1204819.277108434,8310.555555555555,12616.024096385545,12616.024096385545,1204819.277108434,0.9090909090909092,0.04,0.2057416267942584,1,57.291107
Nangate45,NANDX1,NAND3_X1,A3,ZN,rise,198.535,0.0145912,1.1,25.0,130.405,1.5180722891566267,1.26e-06,8.299999999999999e-07,0,1,1,5.295989659538859,0.0144857727440233,793650.7936507936,1204819.277108434,11580.31746031746,17579.75903614458,11580.31746031746,793650.7936507936,0.9090909090909092,0.04,0.2057416267942584,1,113.23099
Nangate45,NANDX1,NAND4_X1,A1,ZN,rise,198.535,0.0559998,1.1,25.0,247.281,1.5180722891566267,1.26e-06,8.299999999999999e-07,0,1,1,5.295989659538859,0.0544879958901124,793650.7936507936,1204819.277108434,44444.28571428572,67469.63855421687,44444.28571428572,793650.7936507936,0.9090909090909092,0.04,0.2057416267942584,1,240.13687
Nangate45,NORX1,XNOR2_X1,B,ZN,fall,40.9838,0.0260162,1.1,25.0,80.08500000000001,1.5180722891566267,1.26e-06,8.299999999999999e-07,0,1,1,3.737283829590765,0.0256835360976095,793650.7936507936,1204819.277108434,20647.77777777778,31344.819277108443,31344.819277108443,1204819.277108434,0.9090909090909092,0.04,0.2057416267942584,1,66.22448
Nangate45,NANDX1,NAND3_X1,A3,ZN,rise,4.72397,0.000365616,1.1,25.0,14.1913,1.5180722891566267,1.26e-06,8.299999999999999e-07,0,1,1,1.7446626205903233,0.000365549178757,793650.7936507936,1204819.277108434,290.1714285714286,440.5012048192772,290.1714285714286,793650.7936507936,0.9090909090909092,0.04,0.2057416267942584,1,19.209898
Nangate45,INVX1,TINV_X1,I,ZN,fall,198.535,0.003674923229,1.1,25.0,30.8586,1.5180722891566267,6.3e-07,4.1500000000000005e-07,1,1,1,5.295989659538859,0.0036681871965212,1587301.5873015872,2409638.554216868,5833.211474603175,8855.236696385544,8855.236696385544,2409638.554216868,0.9090909090909092,0.04,0.2057416267942584,1,72.76471
Nangate45,INVX2,INV_X2,A,ZN,rise,130.081,0.06073,1.1,25.0,146.551,1.5180722891566267,1.26e-06,8.299999999999999e-07,1,1,1,4.875815452730412,0.0589573503385265,793650.7936507936,1204819.277108434,48198.41269841269,73168.67469879519,48198.41269841269,793650.7936507936,0.9090909090909092,0.04,0.2057416267942584,1,155.83719
Nangate45,NORX1,XNOR2_X1,B,ZN,rise,130.081,0.000365616,1.1,25.0,54.903,1.5180722891566267,1.26e-06,8.299999999999999e-07,0,1,1,4.875815452730412,0.000365549178757,793650.7936507936,1204819.277108434,290.1714285714286,440.5012048192772,290.1714285714286,793650.7936507936,0.9090909090909092,0.04,0.2057416267942584,1,65.761345
Nangate45,NANDX1,NAND3_X1,A2,ZN,rise,198.535,0.0145912,1.1,25.0,125.845,1.5180722891566267,1.26e-06,8.299999999999999e-07,0,1,1,5.295989659538859,0.0144857727440233,793650.7936507936,1204819.277108434,11580.31746031746,17579.75903614458,11580.31746031746,793650.7936507936,0.9090909090909092,0.04,0.2057416267942584,1,113.23099
Nangate45,NANDX1,NAND2_X1,A1,ZN,rise,198.535,0.0148392,1.1,25.0,121.509,1.5180722891566267,1.26e-06,8.299999999999999e-07,0,1,1,5.295989659538859,0.0147301762980792,793650.7936507936,1204819.277108434,11777.142857142857,17878.554216867473,11777.142857142857,793650.7936507936,0.9090909090909092,0.04,0.2057416267942584,1,139.98433
Nangate45,NANDX1,NAND2_X1,A2,ZN,rise,1.1737799999999998,0.0148392,1.1,25.0,44.7259,1.5180722891566267,1.26e-06,8.299999999999999e-07,0,1,1,0.7764675876261998,0.0147301762980792,793650.7936507936,1204819.277108434,11777.142857142857,17878.554216867473,11777.142857142857,793650.7936507936,0.9090909090909092,0.04,0.2057416267942584,1,72.84107
Nangate45,NORX1,XNOR2_X1,A,ZN,fall,130.081,0.0260162,1.1,25.0,109.623,1.5180722891566267,1.26e-06,8.299999999999999e-07,0,1,1,4.875815452730412,0.0256835360976095,793650.7936507936,1204819.277108434,20647.77777777778,31344.819277108443,31344.819277108443,1204819.277108434,0.9090909090909092,0.04,0.2057416267942584,1,87.72694
Nangate45,NANDX1,NAND4_X1,A4,ZN,rise,130.081,0.00349999,1.1,25.0,71.97380000000001,1.5180722891566267,1.26e-06,8.299999999999999e-07,0,1,1,4.875815452730412,0.0034938792891336,793650.7936507936,1204819.277108434,2777.769841269841,4216.855421686748,2777.769841269841,793650.7936507936,0.9090909090909092,0.04,0.2057416267942584,1,52.883472
Nangate45,NORX1,NOR4_X1,A2,ZN,rise,198.535,0.00111862,1.1,25.0,120.54,1.5180722891566267,1.26e-06,8.299999999999999e-07,0,1,1,5.295989659538859,0.001117994810837,793650.7936507936,1204819.277108434,887.7936507936508,1347.7349397590365,887.7936507936508,793650.7936507936,0.9090909090909092,0.04,0.2057416267942584,1,96.47046
Nangate45,XORX1,XOR2_X1,A,Z,fall,130.081,0.0126648,1.1,25.0,118.039,1.5135135135135138,2.52e-06,1.6649999999999995e-06,0,1,1,4.875815452730412,0.0125852721858001,396825.3968253968,600600.6006006007,5025.714285714285,7606.486486486488,7606.486486486488,600600.6006006007,0.9090909090909092,0.04,0.2043010752688172,1,81.989716
Nangate45,NANDX1,NAND3_X1,A3,ZN,rise,78.0596,0.00364781,1.1,25.0,53.3607,1.5180722891566267,1.26e-06,8.299999999999999e-07,0,1,1,4.370201998407221,0.0036411728768477,793650.7936507936,1204819.277108434,2895.0873015873017,4394.951807228917,2895.0873015873017,793650.7936507936,0.9090909090909092,0.04,0.2057416267942584,1,43.803238
Nangate45,NANDX1,NAND4_X1,A3,ZN,fall,17.1859,0.00349999,1.1,25.0,38.3844,1.5180722891566267,1.26e-06,8.299999999999999e-07,0,1,1,2.900646568553312,0.0034938792891336,793650.7936507936,1204819.277108434,2777.769841269841,4216.855421686748,4216.855421686748,1204819.277108434,0.9090909090909092,0.04,0.2057416267942584,1,16.963339
Nangate45,NORX1,NOR4_X1,A3,ZN,fall,17.1859,0.000365616,1.1,25.0,11.9036,1.5180722891566267,1.26e-06,8.299999999999999e-07,0,1,1,2.900646568553312,0.000365549178757,793650.7936507936,1204819.277108434,290.1714285714286,440.5012048192772,440.5012048192772,1204819.277108434,0.9090909090909092,0.04,0.2057416267942584,1,13.841585
Nangate45,NORX1,NOR4_X1,A3,ZN,rise,78.0596,0.00063952,1.1,25.0,82.4221,1.5180722891566267,1.26e-06,8.299999999999999e-07,0,1,1,4.370201998407221,0.0006393155942278,793650.7936507936,1204819.277108434,507.5555555555555,770.5060240963857,507.5555555555555,793650.7936507936,0.9090909090909092,0.04,0.2057416267942584,1,63.104374
Nangate45,NORX1,XNOR2_X1,B,ZN,fall,78.0596,0.0260162,1.1,25.0,119.667,1.5180722891566267,1.26e-06,8.299999999999999e-07,0,1,1,4.370201998407221,0.0256835360976095,793650.7936507936,1204819.277108434,20647.77777777778,31344.819277108443,31344.819277108443,1204819.277108434,0.9090909090909092,0.04,0.2057416267942584,1,80.61094
Nangate45,NORX1,NOR3_X1,A3,ZN,rise,4.72397,0.0160217,1.1,25.0,160.207,1.5180722891566267,1.26e-06,8.299999999999999e-07,0,1,1,1.7446626205903233,0.0158947071959221,793650.7936507936,1204819.277108434,12715.63492063492,19303.253012048197,12715.63492063492,793650.7936507936,0.9090909090909092,0.04,0.2057416267942584,1,145.0881
Nangate45,XORX1,XOR2_X1,A,Z,fall,1.1737799999999998,0.00079155,1.1,25.0,8.722000000000001,1.5135135135135138,2.52e-06,1.6649999999999995e-06,0,1,1,0.7764675876261998,0.0007912368895162,396825.3968253968,600600.6006006007,314.10714285714283,475.40540540540553,475.40540540540553,600600.6006006007,0.9090909090909092,0.04,0.2043010752688172,1,15.975817
Nangate45,NORX1,NOR3_X1,A3,ZN,rise,198.535,0.00454444,1.1,25.0,120.729,1.5180722891566267,1.26e-06,8.299999999999999e-07,0,1,1,5.295989659538859,0.0045341452101301,793650.7936507936,1204819.277108434,3606.698412698413,5475.228915662652,3606.698412698413,793650.7936507936,0.9090909090909092,0.04,0.2057416267942584,1,106.38259
Nangate45,NORX1,XNOR2_X1,B,ZN,rise,4.72397,0.000813006,1.1,25.0,34.881,1.5180722891566267,1.26e-06,8.299999999999999e-07,0,1,1,1.7446626205903233,0.0008126756896393,793650.7936507936,1204819.277108434,645.2428571428571,979.5253012048196,645.2428571428571,793650.7936507936,0.9090909090909092,0.04,0.2057416267942584,1,35.273537
Nangate45,NANDX1,NAND4_X1,A4,ZN,rise,130.081,0.0279999,1.1,25.0,151.007,1.5180722891566267,1.26e-06,8.299999999999999e-07,0,1,1,4.875815452730412,0.027615069756704,793650.7936507936,1204819.277108434,22222.14285714286,33734.81927710844,22222.14285714286,793650.7936507936,0.9090909090909092,0.04,0.2057416267942584,1,137.19026
Nangate45,NANDX1,NAND2_X1,A2,ZN,fall,78.0596,0.00370979,1.1,25.0,29.1177,1.5180722891566267,1.26e-06,8.299999999999999e-07,0,1,1,4.370201998407221,0.0037029257005795,793650.7936507936,1204819.277108434,2944.277777777778,4469.626506024097,4469.626506024097,1204819.277108434,0.9090909090909092,0.04,0.2057416267942584,1,40.373127
Nangate45,NORX1,NOR3_X1,A3,ZN,rise,4.72397,0.00853286,1.1,25.0,101.404,1.5180722891566267,1.26e-06,8.299999999999999e-07,0,1,1,1.7446626205903233,0.0084966609254384,793650.7936507936,1204819.277108434,6772.11111111111,10280.554216867473,6772.11111111111,793650.7936507936,0.9090909090909092,0.04,0.2057416267942584,1,92.055756
Nangate45,NORX1,NOR2_X1,A1,ZN,fall,1.1737799999999998,0.0066757299999999,1.1,25.0,11.7463,1.5180722891566267,1.26e-06,8.299999999999999e-07,0,1,1,0.7764675876261998,0.0066535459893972,793650.7936507936,1204819.277108434,5298.198412698412,8043.048192771084,8043.048192771084,1204819.277108434,0.9090909090909092,0.04,0.2057416267942584,1,26.517727
Nangate45,NORX1,XNOR2_X1,A,ZN,rise,40.9838,0.00325202,1.1,25.0,49.754,1.5180722891566267,1.26e-06,8.299999999999999e-07,0,1,1,3.737283829590765,0.0032467436191291,793650.7936507936,1204819.277108434,2580.968253968254,3918.096385542169,2580.968253968254,793650.7936507936,0.9090909090909092,0.04,0.2057416267942584,1,60.973957
Nangate45,XORX1,XOR2_X1,B,Z,fall,17.1859,0.00079155,1.1,25.0,14.677,1.5135135135135138,2.52e-06,1.6649999999999995e-06,0,1,1,2.900646568553312,0.0007912368895162,396825.3968253968,600600.6006006007,314.10714285714283,475.40540540540553,475.40540540540553,600600.6006006007,0.9090909090909092,0.04,0.2043010752688172,1,20.79778
Nangate45,NORX1,XNOR2_X1,A,ZN,rise,78.0596,0.00325202,1.1,25.0,57.122,1.5180722891566267,1.26e-06,8.299999999999999e-07,0,1,1,4.370201998407221,0.0032467436191291,793650.7936507936,1204819.277108434,2580.968253968254,3918.096385542169,2580.968253968254,793650.7936507936,0.9090909090909092,0.04,0.2057416267942584,1,72.86976
Nangate45,NORX1,NOR3_X1,A2,ZN,fall,4.72397,0.000365616,1.1,25.0,6.80176,1.5180722891566267,1.26e-06,8.299999999999999e-07,0,1,1,1.7446626205903233,0.000365549178757,793650.7936507936,1204819.277108434,290.1714285714286,440.5012048192772,440.5012048192772,1204819.277108434,0.9090909090909092,0.04,0.2057416267942584,1,10.460935
Nangate45,NANDX1,NAND4_X1,A4,ZN,rise,78.0596,0.0139999,1.1,25.0,89.6742,1.5180722891566267,1.26e-06,8.299999999999999e-07,0,1,1,4.370201998407221,0.0139028065496571,793650.7936507936,1204819.277108434,11111.031746031746,16867.349397590366,11111.031746031746,793650.7936507936,0.9090909090909092,0.04,0.2057416267942584,1,88.82438
Nangate45,NORX1,NOR4_X1,A4,ZN,fall,40.9838,0.000365616,1.1,25.0,14.7376,1.5180722891566267,1.26e-06,8.299999999999999e-07,0,1,1,3.737283829590765,0.000365549178757,793650.7936507936,1204819.277108434,290.1714285714286,440.5012048192772,440.5012048192772,1204819.277108434,0.9090909090909092,0.04,0.2057416267942584,1,23.995024
Nangate45,NANDX1,NAND2_X1,A1,ZN,fall,1.1737799999999998,0.0018549,1.1,25.0,10.0142,1.5180722891566267,1.26e-06,8.299999999999999e-07,0,1,1,0.7764675876261998,0.0018531817973962,793650.7936507936,1204819.277108434,1472.142857142857,2234.819277108434,2234.819277108434,1204819.277108434,0.9090909090909092,0.04,0.2057416267942584,1,19.837044
Nangate45,INVX1,INV_X16,A,ZN,rise,40.9838,0.0605773999999999,1.1,25.0,32.4456,1.5180722891566267,6.3e-07,4.1500000000000005e-07,1,1,1,3.737283829590765,0.0588134768006666,1587301.5873015872,2409638.554216868,96154.60317460317,145969.6385542169,96154.60317460317,1587301.5873015872,0.9090909090909092,0.04,0.2057416267942584,1,147.51723
Nangate45,NORX1,NOR3_X1,A3,ZN,fall,17.1859,0.00454444,1.1,25.0,18.102300000000003,1.5180722891566267,1.26e-06,8.299999999999999e-07,0,1,1,2.900646568553312,0.0045341452101301,793650.7936507936,1204819.277108434,3606.698412698413,5475.228915662652,5475.228915662652,1204819.277108434,0.9090909090909092,0.04,0.2057416267942584,1,26.958326
Nangate45,XORX1,XOR2_X1,B,Z,rise,198.535,0.0063324,1.1,25.0,80.983,1.5135135135135138,2.52e-06,1.6649999999999995e-06,0,1,1,5.295989659538859,0.0063124345967383,396825.3968253968,600600.6006006007,2512.8571428571427,3803.243243243244,2512.8571428571427,396825.3968253968,0.9090909090909092,0.04,0.2043010752688172,1,107.20772
Nangate45,XORX1,XOR2_X1,B,Z,rise,130.081,0.0015831,1.1,25.0,75.15299999999999,1.5135135135135138,2.52e-06,1.6649999999999995e-06,0,1,1,4.875815452730412,0.0015818482181514,396825.3968253968,600600.6006006007,628.2142857142857,950.8108108108112,628.2142857142857,396825.3968253968,0.9090909090909092,0.04,0.2043010752688172,1,69.66513
Nangate45,XORX1,XOR2_X1,A,Z,fall,198.535,0.0253296,1.1,25.0,120.838,1.5135135135135138,2.52e-06,1.6649999999999995e-06,0,1,1,5.295989659538859,0.0250141218763313,396825.3968253968,600600.6006006007,10051.42857142857,15212.972972972975,15212.972972972975,600600.6006006007,0.9090909090909092,0.04,0.2043010752688172,1,103.66314
Nangate45,NORX1,NOR3_X1,A3,ZN,rise,198.535,0.001289,1.1,25.0,88.3524,1.5180722891566267,1.26e-06,8.299999999999999e-07,0,1,1,5.295989659538859,0.0012881699527107,793650.7936507936,1204819.277108434,1023.015873015873,1553.012048192771,1023.015873015873,793650.7936507936,0.9090909090909092,0.04,0.2057416267942584,1,96.470505
Nangate45,NORX1,NOR4_X1,A3,ZN,rise,17.1859,0.00063952,1.1,25.0,65.6114,1.5180722891566267,1.26e-06,8.299999999999999e-07,0,1,1,2.900646568553312,0.0006393155942278,793650.7936507936,1204819.277108434,507.5555555555555,770.5060240963857,507.5555555555555,793650.7936507936,0.9090909090909092,0.04,0.2057416267942584,1,51.08499
Nangate45,NORX1,NOR4_X1,A1,ZN,fall,1.1737799999999998,0.00111862,1.1,25.0,5.89416,1.5180722891566267,1.26e-06,8.299999999999999e-07,0,1,1,0.7764675876261998,0.001117994810837,793650.7936507936,1204819.277108434,887.7936507936508,1347.7349397590365,1347.7349397590365,1204819.277108434,0.9090909090909092,0.04,0.2057416267942584,1,12.450142
Nangate45,NORX1,XNOR2_X1,B,ZN,rise,4.72397,0.00325202,1.1,25.0,41.117,1.5180722891566267,1.26e-06,8.299999999999999e-07,0,1,1,1.7446626205903233,0.0032467436191291,793650.7936507936,1204819.277108434,2580.968253968254,3918.096385542169,2580.968253968254,793650.7936507936,0.9090909090909092,0.04,0.2057416267942584,1,42.81308
Nangate45,NANDX1,NAND4_X1,A1,ZN,rise,130.081,0.00699997,1.1,25.0,73.9153,1.5180722891566267,1.26e-06,8.299999999999999e-07,0,1,1,4.875815452730412,0.006975583944965,793650.7936507936,1204819.277108434,5555.531746031746,8433.698795180724,5555.531746031746,793650.7936507936,0.9090909090909092,0.04,0.2057416267942584,1,67.238815
Nangate45,NANDX1,NAND4_X1,A3,ZN,fall,198.535,0.00349999,1.1,25.0,59.7027,1.5180722891566267,1.26e-06,8.299999999999999e-07,0,1,1,5.295989659538859,0.0034938792891336,793650.7936507936,1204819.277108434,2777.769841269841,4216.855421686748,4216.855421686748,1204819.277108434,0.9090909090909092,0.04,0.2057416267942584,1,50.63449
Nangate45,NORX1,NOR4_X1,A4,ZN,fall,130.081,0.00063952,1.1,25.0,13.0101,1.5180722891566267,1.26e-06,8.299999999999999e-07,0,1,1,4.875815452730412,0.0006393155942278,793650.7936507936,1204819.277108434,507.5555555555555,770.5060240963857,770.5060240963857,1204819.277108434,0.9090909090909092,0.04,0.2057416267942584,1,41.024036
Nangate45,INVX1,INV_X16,A,ZN,fall,78.0596,0.484619,1.1,25.0,72.5061,1.5180722891566267,6.3e-07,4.1500000000000005e-07,1,1,1,4.370201998407221,0.3951581736794985,1587301.5873015872,2409638.554216868,769236.5079365079,1167756.6265060245,1167756.6265060245,2409638.554216868,0.9090909090909092,0.04,0.2057416267942584,1,96.882454
Nangate45,NORX1,XNOR2_X1,A,ZN,rise,40.9838,0.00650405,1.1,25.0,65.76799999999999,1.5180722891566267,1.26e-06,8.299999999999999e-07,0,1,1,3.737283829590765,0.0064829899346209,793650.7936507936,1204819.277108434,5161.944444444445,7836.204819277111,5161.944444444445,793650.7936507936,0.9090909090909092,0.04,0.2057416267942584,1,77.48608
Nangate45,NANDX1,NAND4_X1,A1,ZN,fall,130.081,0.00699997,1.1,25.0,78.3605,1.5180722891566267,1.26e-06,8.299999999999999e-07,0,1,1,4.875815452730412,0.006975583944965,793650.7936507936,1204819.277108434,5555.531746031746,8433.698795180724,8433.698795180724,1204819.277108434,0.9090909090909092,0.04,0.2057416267942584,1,51.827053
Nangate45,INVX2,INV_X2,A,ZN,rise,1.1737799999999998,0.06073,1.1,25.0,78.3533,1.5180722891566267,1.26e-06,8.299999999999999e-07,1,1,1,0.7764675876261998,0.0589573503385265,793650.7936507936,1204819.277108434,48198.41269841269,73168.67469879519,48198.41269841269,793650.7936507936,0.9090909090909092,0.04,0.2057416267942584,1,74.04625
Nangate45,NORX1,NOR3_X1,A2,ZN,fall,1.1737799999999998,0.000365616,1.1,25.0,5.1967,1.5180722891566267,1.26e-06,8.299999999999999e-07,0,1,1,0.7764675876261998,0.000365549178757,793650.7936507936,1204819.277108434,290.1714285714286,440.5012048192772,440.5012048192772,1204819.277108434,0.9090909090909092,0.04,0.2057416267942584,1,0.37432435
Nangate45,INVX1,TINV_X1,I,ZN,rise,78.0596,0.001164659229,1.1,25.0,43.6849,1.5180722891566267,6.3e-07,4.1500000000000005e-07,1,1,1,4.370201998407221,0.0011639815395739,1587301.5873015872,2409638.554216868,1848.6654428571424,2806.407780722892,1848.6654428571424,1587301.5873015872,0.9090909090909092,0.04,0.2057416267942584,1,21.778856
Nangate45,INVX2,INV_X2,A,ZN,fall,40.9838,0.06073,1.1,25.0,57.7346,1.5180722891566267,1.26e-06,8.299999999999999e-07,1,1,1,3.737283829590765,0.0589573503385265,793650.7936507936,1204819.277108434,48198.41269841269,73168.67469879519,73168.67469879519,1204819.277108434,0.9090909090909092,0.04,0.2057416267942584,1,75.263245
Nangate45,INVX2,INV_X2,A,ZN,rise,4.72397,0.030365,1.1,25.0,43.496,1.5180722891566267,1.26e-06,8.299999999999999e-07,1,1,1,1.7446626205903233,0.0299131083997428,793650.7936507936,1204819.277108434,24099.206349206343,36584.3373493976,24099.206349206343,793650.7936507936,0.9090909090909092,0.04,0.2057416267942584,1,49.75169
Nangate45,NORX1,NOR4_X1,A3,ZN,rise,130.081,0.0104713,1.1,25.0,204.386,1.5180722891566267,1.26e-06,8.299999999999999e-07,0,1,1,4.875815452730412,0.010416855676904,793650.7936507936,1204819.277108434,8310.555555555555,12616.024096385545,8310.555555555555,793650.7936507936,0.9090909090909092,0.04,0.2057416267942584,1,147.07927
Nangate45,NORX1,NOR3_X1,A2,ZN,fall,17.1859,0.0160217,1.1,25.0,32.0269,1.5180722891566267,1.26e-06,8.299999999999999e-07,0,1,1,2.900646568553312,0.0158947071959221,793650.7936507936,1204819.277108434,12715.63492063492,19303.253012048197,19303.253012048197,1204819.277108434,0.9090909090909092,0.04,0.2057416267942584,1,39.579685
Nangate45,XORX1,XOR2_X1,B,Z,fall,130.081,0.00079155,1.1,25.0,16.183,1.5135135135135138,2.52e-06,1.6649999999999995e-06,0,1,1,4.875815452730412,0.0007912368895162,396825.3968253968,600600.6006006007,314.10714285714283,475.40540540540553,475.40540540540553,600600.6006006007,0.9090909090909092,0.04,0.2043010752688172,1,41.20486
Nangate45,INVX1,TINV_X1,I,ZN,fall,78.0596,0.006518463229,1.1,25.0,41.0403,1.5180722891566267,6.3e-07,4.1500000000000005e-07,1,1,1,4.370201998407221,0.0064973099225053,1587301.5873015872,2409638.554216868,10346.76703015873,15707.140310843375,15707.140310843375,2409638.554216868,0.9090909090909092,0.04,0.2057416267942584,1,53.56246
Nangate45,INVX1,TINV_X1,EN,ZN,fall,4.72397,0.001526164229,1.1,25.0,16.7,1.5180722891566267,6.3e-07,4.1500000000000005e-07,1,1,1,1.7446626205903233,0.0015250008239207,1587301.5873015872,2409638.554216868,2422.482903174603,3677.5041662650606,3677.5041662650606,2409638.554216868,0.9090909090909092,0.04,0.2057416267942584,1,10.26753
Nangate45,NORX1,NOR4_X1,A2,ZN,rise,130.081,0.00195665,1.1,25.0,109.207,1.5180722891566267,1.26e-06,8.299999999999999e-07,0,1,1,4.875815452730412,0.0019547382537281,793650.7936507936,1204819.277108434,1552.8968253968253,2357.409638554217,1552.8968253968253,793650.7936507936,0.9090909090909092,0.04,0.2057416267942584,1,73.420364
Nangate45,NORX1,XNOR2_X1,A,ZN,fall,40.9838,0.000365616,1.1,25.0,14.59,1.5180722891566267,1.26e-06,8.299999999999999e-07,0,1,1,3.737283829590765,0.000365549178757,793650.7936507936,1204819.277108434,290.1714285714286,440.5012048192772,440.5012048192772,1204819.277108434,0.9090909090909092,0.04,0.2057416267942584,1,23.995024
Nangate45,NORX1,NOR4_X1,A4,ZN,rise,198.535,0.00111862,1.1,25.0,110.112,1.5180722891566267,1.26e-06,8.299999999999999e-07,0,1,1,5.295989659538859,0.001117994810837,793650.7936507936,1204819.277108434,887.7936507936508,1347.7349397590365,887.7936507936508,793650.7936507936,0.9090909090909092,0.04,0.2057416267942584,1,96.47046
Nangate45,NORX1,XNOR2_X1,A,ZN,rise,78.0596,0.00325202,1.1,25.0,64.14200000000001,1.5180722891566267,1.26e-06,8.299999999999999e-07,0,1,1,4.370201998407221,0.0032467436191291,793650.7936507936,1204819.277108434,2580.968253968254,3918.096385542169,2580.968253968254,793650.7936507936,0.9090909090909092,0.04,0.2057416267942584,1,72.86975
Nangate45,NORX1,XNOR2_X1,A,ZN,rise,40.9838,0.00162601,1.1,25.0,46.672,1.5180722891566267,1.26e-06,8.299999999999999e-07,0,1,1,3.737283829590765,0.0016246894770018,793650.7936507936,1204819.277108434,1290.484126984127,1959.0481927710848,1290.484126984127,793650.7936507936,0.9090909090909092,0.04,0.2057416267942584,1,54.569202
Nangate45,NORX1,XNOR2_X1,B,ZN,fall,17.1859,0.000365616,1.1,25.0,39.076,1.5180722891566267,1.26e-06,8.299999999999999e-07,0,1,1,2.900646568553312,0.000365549178757,793650.7936507936,1204819.277108434,290.1714285714286,440.5012048192772,440.5012048192772,1204819.277108434,0.9090909090909092,0.04,0.2057416267942584,1,13.841583
Nangate45,INVX1,TINV_X1,EN,ZN,fall,40.9838,0.001164659229,1.1,25.0,28.946,1.5180722891566267,6.3e-07,4.1500000000000005e-07,1,1,1,3.737283829590765,0.0011639815395739,1587301.5873015872,2409638.554216868,1848.6654428571424,2806.407780722892,2806.407780722892,2409638.554216868,0.9090909090909092,0.04,0.2057416267942584,1,12.132743
Nangate45,NANDX1,NAND2_X1,A1,ZN,rise,4.72397,0.000365616,1.1,25.0,8.96317,1.5180722891566267,1.26e-06,8.299999999999999e-07,0,1,1,1.7446626205903233,0.000365549178757,793650.7936507936,1204819.277108434,290.1714285714286,440.5012048192772,290.1714285714286,793650.7936507936,0.9090909090909092,0.04,0.2057416267942584,1,19.209898
Nangate45,NANDX1,NAND3_X1,A3,ZN,rise,78.0596,0.0145912,1.1,25.0,87.51140000000001,1.5180722891566267,1.26e-06,8.299999999999999e-07,0,1,1,4.370201998407221,0.0144857727440233,793650.7936507936,1204819.277108434,11580.31746031746,17579.75903614458,11580.31746031746,793650.7936507936,0.9090909090909092,0.04,0.2057416267942584,1,88.82455
Nangate45,INVX1,INV_X1,A,ZN,fall,40.9838,0.00379562,1.1,25.0,16.2361,1.5180722891566267,6.3e-07,4.1500000000000005e-07,1,1,1,3.737283829590765,0.0037884348101687,1587301.5873015872,2409638.554216868,6024.79365079365,9146.072289156627,9146.072289156627,2409638.554216868,0.9090909090909092,0.04,0.2057416267942584,1,23.305933
Nangate45,NORX1,NOR4_X1,A4,ZN,rise,78.0596,0.0104713,1.1,25.0,191.659,1.5180722891566267,1.26e-06,8.299999999999999e-07,0,1,1,4.370201998407221,0.010416855676904,793650.7936507936,1204819.277108434,8310.555555555555,12616.024096385545,8310.555555555555,793650.7936507936,0.9090909090909092,0.04,0.2057416267942584,1,132.4494
Nangate45,NORX1,XNOR2_X1,A,ZN,fall,1.1737799999999998,0.000813006,1.1,25.0,8.636,1.5180722891566267,1.26e-06,8.299999999999999e-07,0,1,1,0.7764675876261998,0.0008126756896393,793650.7936507936,1204819.277108434,645.2428571428571,979.5253012048196,979.5253012048196,1204819.277108434,0.9090909090909092,0.04,0.2057416267942584,1,11.878703
Nangate45,XORX1,XOR2_X1,B,Z,rise,1.1737799999999998,0.000365616,1.1,25.0,21.462,1.5135135135135138,2.52e-06,1.6649999999999995e-06,0,1,1,0.7764675876261998,0.000365549178757,396825.3968253968,600600.6006006007,145.0857142857143,219.58918918918928,145.0857142857143,396825.3968253968,0.9090909090909092,0.04,0.2043010752688172,1,23.428059
Nangate45,XORX1,XOR2_X1,B,Z,fall,78.0596,0.0031662,1.1,25.0,82.628,1.5135135135135138,2.52e-06,1.6649999999999995e-06,0,1,1,4.370201998407221,0.0031611981439168,396825.3968253968,600600.6006006007,1256.428571428571,1901.621621621622,1901.621621621622,600600.6006006007,0.9090909090909092,0.04,0.2043010752688172,1,51.211132
Nangate45,NANDX1,NAND2_X1,A2,ZN,fall,198.535,0.0148392,1.1,25.0,78.5145,1.5180722891566267,1.26e-06,8.299999999999999e-07,0,1,1,5.295989659538859,0.0147301762980792,793650.7936507936,1204819.277108434,11777.142857142857,17878.554216867473,17878.554216867473,1204819.277108434,0.9090909090909092,0.04,0.2057416267942584,1,136.75348
Nangate45,NORX1,XNOR2_X1,A,ZN,rise,40.9838,0.0260162,1.1,25.0,105.596,1.5180722891566267,1.26e-06,8.299999999999999e-07,0,1,1,3.737283829590765,0.0256835360976095,793650.7936507936,1204819.277108434,20647.77777777778,31344.819277108443,20647.77777777778,793650.7936507936,0.9090909090909092,0.04,0.2057416267942584,1,159.8589
Nangate45,NORX1,NOR3_X1,A2,ZN,fall,78.0596,0.000686498,1.1,25.0,10.7551,1.5180722891566267,1.26e-06,8.299999999999999e-07,0,1,1,4.370201998407221,0.0006862624680366,793650.7936507936,1204819.277108434,544.8396825396825,827.1060240963857,827.1060240963857,1204819.277108434,0.9090909090909092,0.04,0.2057416267942584,1,20.662888
Nangate45,NORX1,XNOR2_X1,B,ZN,rise,130.081,0.0260162,1.1,25.0,115.3,1.5180722891566267,1.26e-06,8.299999999999999e-07,0,1,1,4.875815452730412,0.0256835360976095,793650.7936507936,1204819.277108434,20647.77777777778,31344.819277108443,20647.77777777778,793650.7936507936,0.9090909090909092,0.04,0.2057416267942584,1,167.22658
Nangate45,NORX1,NOR3_X1,A2,ZN,fall,4.72397,0.0160217,1.1,25.0,26.5313,1.5180722891566267,1.26e-06,8.299999999999999e-07,0,1,1,1.7446626205903233,0.0158947071959221,793650.7936507936,1204819.277108434,12715.63492063492,19303.253012048197,19303.253012048197,1204819.277108434,0.9090909090909092,0.04,0.2057416267942584,1,47.187805
Nangate45,XORX1,XOR2_X1,B,Z,fall,4.72397,0.0015831,1.1,25.0,13.128,1.5135135135135138,2.52e-06,1.6649999999999995e-06,0,1,1,1.7446626205903233,0.0015818482181514,396825.3968253968,600600.6006006007,628.2142857142857,950.8108108108112,950.8108108108112,600600.6006006007,0.9090909090909092,0.04,0.2043010752688172,1,25.890568
Nangate45,NORX1,NOR3_X1,A2,ZN,rise,130.081,0.00242029,1.1,25.0,91.0264,1.5180722891566267,1.26e-06,8.299999999999999e-07,0,1,1,4.875815452730412,0.0024173658154572,793650.7936507936,1204819.277108434,1920.8650793650795,2916.012048192772,1920.8650793650795,793650.7936507936,0.9090909090909092,0.04,0.2057416267942584,1,88.95241
Nangate45,NORX1,NOR2_X1,A1,ZN,rise,1.1737799999999998,0.000834466,1.1,25.0,16.1505,1.5180722891566267,1.26e-06,8.299999999999999e-07,0,1,1,0.7764675876261998,0.0008341180268151,793650.7936507936,1204819.277108434,662.2746031746032,1005.3807228915664,662.2746031746032,793650.7936507936,0.9090909090909092,0.04,0.2057416267942584,1,38.026897
Nangate45,NORX1,XNOR2_X1,B,ZN,rise,130.081,0.00162601,1.1,25.0,65.431,1.5180722891566267,1.26e-06,8.299999999999999e-07,0,1,1,4.875815452730412,0.0016246894770018,793650.7936507936,1204819.277108434,1290.484126984127,1959.0481927710848,1290.484126984127,793650.7936507936,0.9090909090909092,0.04,0.2057416267942584,1,73.42
Nangate45,XORX1,XOR2_X1,A,Z,rise,40.9838,0.0063324,1.1,25.0,76.223,1.5135135135135138,2.52e-06,1.6649999999999995e-06,0,1,1,3.737283829590765,0.0063124345967383,396825.3968253968,600600.6006006007,2512.8571428571427,3803.243243243244,2512.8571428571427,396825.3968253968,0.9090909090909092,0.04,0.2043010752688172,1,82.27039
Nangate45,INVX1,TINV_X1,EN,ZN,fall,1.1737799999999998,0.001526164229,1.1,25.0,15.175,1.5180722891566267,6.3e-07,4.1500000000000005e-07,1,1,1,0.7764675876261998,0.0015250008239207,1587301.5873015872,2409638.554216868,2422.482903174603,3677.5041662650606,3677.5041662650606,2409638.554216868,0.9090909090909092,0.04,0.2057416267942584,1,10.995321
Nangate45,INVX1,TINV_X1,I,ZN,fall,198.535,0.006518463229,1.1,25.0,48.131,1.5180722891566267,6.3e-07,4.1500000000000005e-07,1,1,1,5.295989659538859,0.0064973099225053,1587301.5873015872,2409638.554216868,10346.76703015873,15707.140310843375,15707.140310843375,2409638.554216868,0.9090909090909092,0.04,0.2057416267942584,1,68.33581
Nangate45,XORX1,XOR2_X1,A,Z,fall,78.0596,0.0063324,1.1,25.0,89.593,1.5135135135135138,2.52e-06,1.6649999999999995e-06,0,1,1,4.370201998407221,0.0063124345967383,396825.3968253968,600600.6006006007,2512.8571428571427,3803.243243243244,3803.243243243244,600600.6006006007,0.9090909090909092,0.04,0.2043010752688172,1,64.42414
Nangate45,NANDX1,NAND2_X1,A2,ZN,rise,17.1859,0.0296783,1.1,25.0,88.1978,1.5180722891566267,1.26e-06,8.299999999999999e-07,0,1,1,2.900646568553312,0.0292464233592539,793650.7936507936,1204819.277108434,23554.20634920635,35756.987951807234,23554.20634920635,793650.7936507936,0.9090909090909092,0.04,0.2057416267942584,1,146.98984
Nangate45,NANDX1,NAND3_X1,A3,ZN,fall,78.0596,0.000365616,1.1,25.0,21.4664,1.5180722891566267,1.26e-06,8.299999999999999e-07,0,1,1,4.370201998407221,0.000365549178757,793650.7936507936,1204819.277108434,290.1714285714286,440.5012048192772,440.5012048192772,1204819.277108434,0.9090909090909092,0.04,0.2057416267942584,1,23.984213
Nangate45,NORX1,NOR4_X1,A4,ZN,rise,130.081,0.00195665,1.1,25.0,109.189,1.5180722891566267,1.26e-06,8.299999999999999e-07,0,1,1,4.875815452730412,0.0019547382537281,793650.7936507936,1204819.277108434,1552.8968253968253,2357.409638554217,1552.8968253968253,793650.7936507936,0.9090909090909092,0.04,0.2057416267942584,1,73.420364
Nangate45,INVX1,TINV_X1,I,ZN,fall,17.1859,0.001164659229,1.1,25.0,13.3198,1.5180722891566267,6.3e-07,4.1500000000000005e-07,1,1,1,2.900646568553312,0.0011639815395739,1587301.5873015872,2409638.554216868,1848.6654428571424,2806.407780722892,2806.407780722892,2409638.554216868,0.9090909090909092,0.04,0.2057416267942584,1,10.764084
Nangate45,NORX1,XNOR2_X1,A,ZN,rise,4.72397,0.00650405,1.1,25.0,47.45,1.5180722891566267,1.26e-06,8.299999999999999e-07,0,1,1,1.7446626205903233,0.0064829899346209,793650.7936507936,1204819.277108434,5161.944444444445,7836.204819277111,5161.944444444445,793650.7936507936,0.9090909090909092,0.04,0.2057416267942584,1,55.45974
Nangate45,INVX2,INV_X2,A,ZN,rise,1.1737799999999998,0.00379562,1.1,25.0,9.72261,1.5180722891566267,1.26e-06,8.299999999999999e-07,1,1,1,0.7764675876261998,0.0037884348101687,793650.7936507936,1204819.277108434,3012.396825396825,4573.036144578314,3012.396825396825,793650.7936507936,0.9090909090909092,0.04,0.2057416267942584,1,8.328284
Nangate45,NORX1,NOR2_X1,A2,ZN,fall,40.9838,0.000365616,1.1,25.0,10.2356,1.5180722891566267,1.26e-06,8.299999999999999e-07,0,1,1,3.737283829590765,0.000365549178757,793650.7936507936,1204819.277108434,290.1714285714286,440.5012048192772,440.5012048192772,1204819.277108434,0.9090909090909092,0.04,0.2057416267942584,1,9.734576
Nangate45,NORX1,XNOR2_X1,A,ZN,fall,198.535,0.000813006,1.1,25.0,88.032,1.5180722891566267,1.26e-06,8.299999999999999e-07,0,1,1,5.295989659538859,0.0008126756896393,793650.7936507936,1204819.277108434,645.2428571428571,979.5253012048196,979.5253012048196,1204819.277108434,0.9090909090909092,0.04,0.2057416267942584,1,45.49574
Nangate45,NANDX1,NAND3_X1,A3,ZN,fall,17.1859,0.000365616,1.1,25.0,17.9478,1.5180722891566267,1.26e-06,8.299999999999999e-07,0,1,1,2.900646568553312,0.000365549178757,793650.7936507936,1204819.277108434,290.1714285714286,440.5012048192772,440.5012048192772,1204819.277108434,0.9090909090909092,0.04,0.2057416267942584,1,14.407377
Nangate45,NANDX1,NAND4_X1,A1,ZN,rise,78.0596,0.000365616,1.1,25.0,31.3615,1.5180722891566267,1.26e-06,8.299999999999999e-07,0,1,1,4.370201998407221,0.000365549178757,793650.7936507936,1204819.277108434,290.1714285714286,440.5012048192772,290.1714285714286,793650.7936507936,0.9090909090909092,0.04,0.2057416267942584,1,34.744133
Nangate45,XORX1,XOR2_X1,A,Z,fall,78.0596,0.0015831,1.1,25.0,20.716,1.5135135135135138,2.52e-06,1.6649999999999995e-06,0,1,1,4.370201998407221,0.0015818482181514,396825.3968253968,600600.6006006007,628.2142857142857,950.8108108108112,950.8108108108112,600600.6006006007,0.9090909090909092,0.04,0.2043010752688172,1,33.910694
Nangate45,NORX1,NOR4_X1,A3,ZN,fall,40.9838,0.0104713,1.1,25.0,35.8696,1.5180722891566267,1.26e-06,8.299999999999999e-07,0,1,1,3.737283829590765,0.010416855676904,793650.7936507936,1204819.277108434,8310.555555555555,12616.024096385545,12616.024096385545,1204819.277108434,0.9090909090909092,0.04,0.2057416267942584,1,31.304686
Nangate45,NORX1,XNOR2_X1,B,ZN,fall,130.081,0.000813006,1.1,25.0,22.967,1.5180722891566267,1.26e-06,8.299999999999999e-07,0,1,1,4.875815452730412,0.0008126756896393,793650.7936507936,1204819.277108434,645.2428571428571,979.5253012048196,979.5253012048196,1204819.277108434,0.9090909090909092,0.04,0.2057416267942584,1,30.69619
Nangate45,NORX1,NOR3_X1,A2,ZN,fall,78.0596,0.0160217,1.1,25.0,51.5003,1.5180722891566267,1.26e-06,8.299999999999999e-07,0,1,1,4.370201998407221,0.0158947071959221,793650.7936507936,1204819.277108434,12715.63492063492,19303.253012048197,19303.253012048197,1204819.277108434,0.9090909090909092,0.04,0.2057416267942584,1,79.44248
Nangate45,XORX1,XOR2_X1,B,Z,rise,40.9838,0.000365616,1.1,25.0,45.646,1.5135135135135138,2.52e-06,1.6649999999999995e-06,0,1,1,3.737283829590765,0.000365549178757,396825.3968253968,600600.6006006007,145.0857142857143,219.58918918918928,145.0857142857143,396825.3968253968,0.9090909090909092,0.04,0.2043010752688172,1,44.682392
Nangate45,NORX1,NOR4_X1,A4,ZN,fall,198.535,0.00063952,1.1,25.0,6.32431,1.5180722891566267,1.26e-06,8.299999999999999e-07,0,1,1,5.295989659538859,0.0006393155942278,793650.7936507936,1204819.277108434,507.5555555555555,770.5060240963857,770.5060240963857,1204819.277108434,0.9090909090909092,0.04,0.2057416267942584,1,45.17249
Nangate45,INVX2,INV_X2,A,ZN,fall,1.1737799999999998,0.0151825,1.1,25.0,12.3911,1.5180722891566267,1.26e-06,8.299999999999999e-07,1,1,1,0.7764675876261998,0.0150683992868016,793650.7936507936,1204819.277108434,12049.603174603171,18292.1686746988,18292.1686746988,1204819.277108434,0.9090909090909092,0.04,0.2057416267942584,1,12.6793
Nangate45,NORX1,NOR4_X1,A2,ZN,rise,198.535,0.00598648,1.1,25.0,183.03,1.5180722891566267,1.26e-06,8.299999999999999e-07,0,1,1,5.295989659538859,0.0059686322234213,793650.7936507936,1204819.277108434,4751.174603174603,7212.626506024098,4751.174603174603,793650.7936507936,0.9090909090909092,0.04,0.2057416267942584,1,106.12384
Nangate45,INVX1,TINV_X1,EN,ZN,rise,40.9838,0.02342024323,1.1,25.0,158.486,1.5180722891566267,6.3e-07,4.1500000000000005e-07,1,1,1,3.737283829590765,0.0231501975625825,1587301.5873015872,2409638.554216868,37174.989253968255,56434.32103614459,37174.989253968255,1587301.5873015872,0.9090909090909092,0.04,0.2057416267942584,1,92.62065
Nangate45,XORX1,XOR2_X1,B,Z,rise,130.081,0.0126648,1.1,25.0,145.118,1.5135135135135138,2.52e-06,1.6649999999999995e-06,0,1,1,4.875815452730412,0.0125852721858001,396825.3968253968,600600.6006006007,5025.714285714285,7606.486486486488,5025.714285714285,396825.3968253968,0.9090909090909092,0.04,0.2043010752688172,1,114.26433
Nangate45,NORX1,NOR2_X1,A2,ZN,fall,1.1737799999999998,0.00333786,1.1,25.0,8.79917,1.5180722891566267,1.26e-06,8.299999999999999e-07,0,1,1,0.7764675876261998,0.0033323017104042,793650.7936507936,1204819.277108434,2649.095238095238,4021.518072289157,4021.518072289157,1204819.277108434,0.9090909090909092,0.04,0.2057416267942584,1,17.210442
Nangate45,NANDX1,NAND3_X1,A3,ZN,rise,4.72397,0.0291825,1.1,25.0,84.3497,1.5180722891566267,1.26e-06,8.299999999999999e-07,0,1,1,1.7446626205903233,0.0287647977830285,793650.7936507936,1204819.277108434,23160.714285714286,35159.63855421687,23160.714285714286,793650.7936507936,0.9090909090909092,0.04,0.2057416267942584,1,102.99039
Nangate45,NANDX1,NAND4_X1,A1,ZN,rise,130.081,0.0279999,1.1,25.0,143.467,1.5180722891566267,1.26e-06,8.299999999999999e-07,0,1,1,4.875815452730412,0.027615069756704,793650.7936507936,1204819.277108434,22222.14285714286,33734.81927710844,22222.14285714286,793650.7936507936,0.9090909090909092,0.04,0.2057416267942584,1,137.19026
Nangate45,NORX1,NOR4_X1,A1,ZN,fall,78.0596,0.00598648,1.1,25.0,26.8617,1.5180722891566267,1.26e-06,8.299999999999999e-07,0,1,1,4.370201998407221,0.0059686322234213,793650.7936507936,1204819.277108434,4751.174603174603,7212.626506024098,7212.626506024098,1204819.277108434,0.9090909090909092,0.04,0.2057416267942584,1,27.181776
Nangate45,NORX1,NOR3_X1,A1,ZN,rise,40.9838,0.00853286,1.1,25.0,100.434,1.5180722891566267,1.26e-06,8.299999999999999e-07,0,1,1,3.737283829590765,0.0084966609254384,793650.7936507936,1204819.277108434,6772.11111111111,10280.554216867473,6772.11111111111,793650.7936507936,0.9090909090909092,0.04,0.2057416267942584,1,117.92561
Nangate45,NORX1,XNOR2_X1,A,ZN,fall,4.72397,0.0260162,1.1,25.0,62.725,1.5180722891566267,1.26e-06,8.299999999999999e-07,0,1,1,1.7446626205903233,0.0256835360976095,793650.7936507936,1204819.277108434,20647.77777777778,31344.819277108443,31344.819277108443,1204819.277108434,0.9090909090909092,0.04,0.2057416267942584,1,50.997025
Nangate45,XORX1,XOR2_X1,B,Z,rise,198.535,0.0126648,1.1,25.0,173.317,1.5135135135135138,2.52e-06,1.6649999999999995e-06,0,1,1,5.295989659538859,0.0125852721858001,396825.3968253968,600600.6006006007,5025.714285714285,7606.486486486488,5025.714285714285,396825.3968253968,0.9090909090909092,0.04,0.2043010752688172,1,127.56338
Nangate45,NORX1,NOR3_X1,A3,ZN,fall,1.1737799999999998,0.001289,1.1,25.0,6.31671,1.5180722891566267,1.26e-06,8.299999999999999e-07,0,1,1,0.7764675876261998,0.0012881699527107,793650.7936507936,1204819.277108434,1023.015873015873,1553.012048192771,1553.012048192771,1204819.277108434,0.9090909090909092,0.04,0.2057416267942584,1,12.450076
Nangate45,NORX1,XNOR2_X1,A,ZN,rise,198.535,0.00162601,1.1,25.0,61.879000000000005,1.5180722891566267,1.26e-06,8.299999999999999e-07,0,1,1,5.295989659538859,0.0016246894770018,793650.7936507936,1204819.277108434,1290.484126984127,1959.0481927710848,1290.484126984127,793650.7936507936,0.9090909090909092,0.04,0.2057416267942584,1,92.980095
Nangate45,NORX1,XNOR2_X1,B,ZN,rise,198.535,0.000365616,1.1,25.0,67.824,1.5180722891566267,1.26e-06,8.299999999999999e-07,0,1,1,5.295989659538859,0.000365549178757,793650.7936507936,1204819.277108434,290.1714285714286,440.5012048192772,290.1714285714286,793650.7936507936,0.9090909090909092,0.04,0.2057416267942584,1,38.35405
Nangate45,NANDX1,NAND3_X1,A3,ZN,rise,40.9838,0.000365616,1.1,25.0,29.6506,1.5180722891566267,1.26e-06,8.299999999999999e-07,0,1,1,3.737283829590765,0.000365549178757,793650.7936507936,1204819.277108434,290.1714285714286,440.5012048192772,290.1714285714286,793650.7936507936,0.9090909090909092,0.04,0.2057416267942584,1,29.104275
Nangate45,NORX1,XNOR2_X1,B,ZN,fall,130.081,0.000365616,1.1,25.0,20.168,1.5180722891566267,1.26e-06,8.299999999999999e-07,0,1,1,4.875815452730412,0.000365549178757,793650.7936507936,1204819.277108434,290.1714285714286,440.5012048192772,440.5012048192772,1204819.277108434,0.9090909090909092,0.04,0.2057416267942584,1,28.538008
Nangate45,XORX1,XOR2_X1,A,Z,rise,198.535,0.0126648,1.1,25.0,108.391,1.5135135135135138,2.52e-06,1.6649999999999995e-06,0,1,1,5.295989659538859,0.0125852721858001,396825.3968253968,600600.6006006007,5025.714285714285,7606.486486486488,5025.714285714285,396825.3968253968,0.9090909090909092,0.04,0.2043010752688172,1,127.56338
Nangate45,NANDX1,NAND4_X1,A2,ZN,rise,198.535,0.00699997,1.1,25.0,93.3511,1.5180722891566267,1.26e-06,8.299999999999999e-07,0,1,1,5.295989659538859,0.006975583944965,793650.7936507936,1204819.277108434,5555.531746031746,8433.698795180724,5555.531746031746,793650.7936507936,0.9090909090909092,0.04,0.2057416267942584,1,81.79725
Nangate45,NORX1,NOR3_X1,A1,ZN,fall,17.1859,0.000686498,1.1,25.0,8.780619999999999,1.5180722891566267,1.26e-06,8.299999999999999e-07,0,1,1,2.900646568553312,0.0006862624680366,793650.7936507936,1204819.277108434,544.8396825396825,827.1060240963857,827.1060240963857,1204819.277108434,0.9090909090909092,0.04,0.2057416267942584,1,13.857095
Nangate45,NORX1,NOR4_X1,A1,ZN,fall,4.72397,0.0104713,1.1,25.0,18.909,1.5180722891566267,1.26e-06,8.299999999999999e-07,0,1,1,1.7446626205903233,0.010416855676904,793650.7936507936,1204819.277108434,8310.555555555555,12616.024096385545,12616.024096385545,1204819.277108434,0.9090909090909092,0.04,0.2057416267942584,1,28.218449
Nangate45,NANDX1,NAND4_X1,A2,ZN,rise,78.0596,0.0017499899999999,1.1,25.0,43.7211,1.5180722891566267,1.26e-06,8.299999999999999e-07,0,1,1,4.370201998407221,0.0017484605515862,793650.7936507936,1204819.277108434,1388.8809523809523,2108.421686746988,1388.8809523809523,793650.7936507936,0.9090909090909092,0.04,0.2057416267942584,1,37.761612
Nangate45,NANDX1,NAND2_X1,A2,ZN,fall,17.1859,0.0296783,1.1,25.0,74.7343,1.5180722891566267,1.26e-06,8.299999999999999e-07,0,1,1,2.900646568553312,0.0292464233592539,793650.7936507936,1204819.277108434,23554.20634920635,35756.987951807234,35756.987951807234,1204819.277108434,0.9090909090909092,0.04,0.2057416267942584,1,134.17747
Nangate45,INVX1,TINV_X1,EN,ZN,fall,4.72397,0.002245113229,1.1,25.0,18.948,1.5180722891566267,6.3e-07,4.1500000000000005e-07,1,1,1,1.7446626205903233,0.0022425967281435,1587301.5873015872,2409638.554216868,3563.6717920634924,5409.911395180725,5409.911395180725,2409638.554216868,0.9090909090909092,0.04,0.2057416267942584,1,12.822643
Nangate45,NORX1,XNOR2_X1,A,ZN,fall,130.081,0.000813006,1.1,25.0,14.113,1.5180722891566267,1.26e-06,8.299999999999999e-07,0,1,1,4.875815452730412,0.0008126756896393,793650.7936507936,1204819.277108434,645.2428571428571,979.5253012048196,979.5253012048196,1204819.277108434,0.9090909090909092,0.04,0.2057416267942584,1,30.69619
Nangate45,NORX1,NOR4_X1,A2,ZN,rise,198.535,0.00195665,1.1,25.0,132.359,1.5180722891566267,1.26e-06,8.299999999999999e-07,0,1,1,5.295989659538859,0.0019547382537281,793650.7936507936,1204819.277108434,1552.8968253968253,2357.409638554217,1552.8968253968253,793650.7936507936,0.9090909090909092,0.04,0.2057416267942584,1,92.98045
Nangate45,INVX2,INV_X2,A,ZN,fall,40.9838,0.00379562,1.1,25.0,11.0074,1.5180722891566267,1.26e-06,8.299999999999999e-07,1,1,1,3.737283829590765,0.0037884348101687,793650.7936507936,1204819.277108434,3012.396825396825,4573.036144578314,4573.036144578314,1204819.277108434,0.9090909090909092,0.04,0.2057416267942584,1,6.823242
Nangate45,NANDX1,NAND3_X1,A3,ZN,fall,1.1737799999999998,0.0018239,1.1,25.0,18.7673,1.5180722891566267,1.26e-06,8.299999999999999e-07,0,1,1,0.7764675876261998,0.0018222387141011,793650.7936507936,1204819.277108434,1447.5396825396824,2197.4698795180725,2197.4698795180725,1204819.277108434,0.9090909090909092,0.04,0.2057416267942584,1,17.559532
Nangate45,INVX1,TINV_X1,I,ZN,rise,130.081,0.002245113229,1.1,25.0,65.6092,1.5180722891566267,6.3e-07,4.1500000000000005e-07,1,1,1,4.875815452730412,0.0022425967281435,1587301.5873015872,2409638.554216868,3563.6717920634924,5409.911395180725,3563.6717920634924,1587301.5873015872,0.9090909090909092,0.04,0.2057416267942584,1,47.268402
Nangate45,NORX1,NOR2_X1,A2,ZN,rise,198.535,0.0133515,1.1,25.0,158.487,1.5180722891566267,1.26e-06,8.299999999999999e-07,0,1,1,5.295989659538859,0.0132631542209015,793650.7936507936,1204819.277108434,10596.42857142857,16086.144578313257,10596.42857142857,793650.7936507936,0.9090909090909092,0.04,0.2057416267942584,1,135.97345
Nangate45,INVX1,INV_X1,A,ZN,rise,40.9838,0.030365,1.1,25.0,98.1372,1.5180722891566267,6.3e-07,4.1500000000000005e-07,1,1,1,3.737283829590765,0.0299131083997428,1587301.5873015872,2409638.554216868,48198.41269841269,73168.67469879519,48198.41269841269,1587301.5873015872,0.9090909090909092,0.04,0.2057416267942584,1,95.64244
Nangate45,NORX1,NOR4_X1,A4,ZN,rise,17.1859,0.000365616,1.1,25.0,66.8186,1.5180722891566267,1.26e-06,8.299999999999999e-07,0,1,1,2.900646568553312,0.000365549178757,793650.7936507936,1204819.277108434,290.1714285714286,440.5012048192772,290.1714285714286,793650.7936507936,0.9090909090909092,0.04,0.2057416267942584,1,50.342884
Nangate45,NORX1,NOR4_X1,A1,ZN,rise,1.1737799999999998,0.0104713,1.1,25.0,139.339,1.5180722891566267,1.26e-06,8.299999999999999e-07,0,1,1,0.7764675876261998,0.010416855676904,793650.7936507936,1204819.277108434,8310.555555555555,12616.024096385545,8310.555555555555,793650.7936507936,0.9090909090909092,0.04,0.2057416267942584,1,65.3008
Nangate45,NORX1,NOR3_X1,A3,ZN,fall,40.9838,0.00454444,1.1,25.0,23.7316,1.5180722891566267,1.26e-06,8.299999999999999e-07,0,1,1,3.737283829590765,0.0045341452101301,793650.7936507936,1204819.277108434,3606.698412698413,5475.228915662652,5475.228915662652,1204819.277108434,0.9090909090909092,0.04,0.2057416267942584,1,32.02209
Nangate45,NANDX1,NAND3_X1,A2,ZN,rise,1.1737799999999998,0.0291825,1.1,25.0,80.5845,1.5180722891566267,1.26e-06,8.299999999999999e-07,0,1,1,0.7764675876261998,0.0287647977830285,793650.7936507936,1204819.277108434,23160.714285714286,35159.63855421687,23160.714285714286,793650.7936507936,0.9090909090909092,0.04,0.2057416267942584,1,89.01021
Nangate45,INVX1,TINV_X1,EN,ZN,rise,1.1737799999999998,0.001164659229,1.1,25.0,9.471,1.5180722891566267,6.3e-07,4.1500000000000005e-07,1,1,1,0.7764675876261998,0.0011639815395739,1587301.5873015872,2409638.554216868,1848.6654428571424,2806.407780722892,1848.6654428571424,1587301.5873015872,0.9090909090909092,0.04,0.2057416267942584,1,9.375386
Nangate45,NANDX1,NAND4_X1,A3,ZN,rise,40.9838,0.00349999,1.1,25.0,42.1502,1.5180722891566267,1.26e-06,8.299999999999999e-07,0,1,1,3.737283829590765,0.0034938792891336,793650.7936507936,1204819.277108434,2777.769841269841,4216.855421686748,2777.769841269841,793650.7936507936,0.9090909090909092,0.04,0.2057416267942584,1,37.40917
Nangate45,NORX1,NOR2_X1,A1,ZN,rise,1.1737799999999998,0.0267029,1.1,25.0,147.594,1.5180722891566267,1.26e-06,8.299999999999999e-07,0,1,1,0.7764675876261998,0.0263525999024103,793650.7936507936,1204819.277108434,21192.777777777777,32172.1686746988,21192.777777777777,793650.7936507936,0.9090909090909092,0.04,0.2057416267942584,1,137.00267
Nangate45,NORX1,NOR4_X1,A1,ZN,fall,1.1737799999999998,0.00598648,1.1,25.0,11.8452,1.5180722891566267,1.26e-06,8.299999999999999e-07,0,1,1,0.7764675876261998,0.0059686322234213,793650.7936507936,1204819.277108434,4751.174603174603,7212.626506024098,7212.626506024098,1204819.277108434,0.9090909090909092,0.04,0.2057416267942584,1,22.8343
Nangate45,NANDX1,NAND4_X1,A3,ZN,fall,17.1859,0.00699997,1.1,25.0,52.0061,1.5180722891566267,1.26e-06,8.299999999999999e-07,0,1,1,2.900646568553312,0.006975583944965,793650.7936507936,1204819.277108434,5555.531746031746,8433.698795180724,8433.698795180724,1204819.277108434,0.9090909090909092,0.04,0.2057416267942584,1,25.166143
Nangate45,INVX1,INV_X1,A,ZN,rise,78.0596,0.030365,1.1,25.0,118.167,1.5180722891566267,6.3e-07,4.1500000000000005e-07,1,1,1,4.370201998407221,0.0299131083997428,1587301.5873015872,2409638.554216868,48198.41269841269,73168.67469879519,48198.41269841269,1587301.5873015872,0.9090909090909092,0.04,0.2057416267942584,1,108.84296
Nangate45,NORX1,NOR4_X1,A3,ZN,fall,4.72397,0.000365616,1.1,25.0,7.45758,1.5180722891566267,1.26e-06,8.299999999999999e-07,0,1,1,1.7446626205903233,0.000365549178757,793650.7936507936,1204819.277108434,290.1714285714286,440.5012048192772,440.5012048192772,1204819.277108434,0.9090909090909092,0.04,0.2057416267942584,1,10.460935
Nangate45,NORX1,XNOR2_X1,A,ZN,fall,1.1737799999999998,0.00162601,1.1,25.0,33.529,1.5180722891566267,1.26e-06,8.299999999999999e-07,0,1,1,0.7764675876261998,0.0016246894770018,793650.7936507936,1204819.277108434,1290.484126984127,1959.0481927710848,1959.0481927710848,1204819.277108434,0.9090909090909092,0.04,0.2057416267942584,1,13.313868
Nangate45,NORX1,NOR3_X1,A1,ZN,rise,17.1859,0.00853286,1.1,25.0,90.211,1.5180722891566267,1.26e-06,8.299999999999999e-07,0,1,1,2.900646568553312,0.0084966609254384,793650.7936507936,1204819.277108434,6772.11111111111,10280.554216867473,6772.11111111111,793650.7936507936,0.9090909090909092,0.04,0.2057416267942584,1,108.423195
Nangate45,INVX1,INV_X1,A,ZN,rise,130.081,0.06073,1.1,25.0,218.093,1.5180722891566267,6.3e-07,4.1500000000000005e-07,1,1,1,4.875815452730412,0.0589573503385265,1587301.5873015872,2409638.554216868,96396.82539682538,146337.34939759038,96396.82539682538,1587301.5873015872,0.9090909090909092,0.04,0.2057416267942584,1,112.46296
Nangate45,NORX1,NOR4_X1,A2,ZN,fall,17.1859,0.00195665,1.1,25.0,14.4298,1.5180722891566267,1.26e-06,8.299999999999999e-07,0,1,1,2.900646568553312,0.0019547382537281,793650.7936507936,1204819.277108434,1552.8968253968253,2357.409638554217,2357.409638554217,1204819.277108434,0.9090909090909092,0.04,0.2057416267942584,1,13.357421
Nangate45,INVX1,TINV_X1,I,ZN,fall,17.1859,0.01217354323,1.1,25.0,42.4855,1.5180722891566267,6.3e-07,4.1500000000000005e-07,1,1,1,2.900646568553312,0.0121000415684708,1587301.5873015872,2409638.554216868,19323.08449206349,29333.839108433735,29333.839108433735,2409638.554216868,0.9090909090909092,0.04,0.2057416267942584,1,35.692368
Nangate45,XORX1,XOR2_X1,A,Z,rise,130.081,0.0126648,1.1,25.0,110.898,1.5135135135135138,2.52e-06,1.6649999999999995e-06,0,1,1,4.875815452730412,0.0125852721858001,396825.3968253968,600600.6006006007,5025.714285714285,7606.486486486488,5025.714285714285,396825.3968253968,0.9090909090909092,0.04,0.2043010752688172,1,114.26433
Nangate45,NORX1,NOR4_X1,A4,ZN,fall,1.1737799999999998,0.00598648,1.1,25.0,13.4948,1.5180722891566267,1.26e-06,8.299999999999999e-07,0,1,1,0.7764675876261998,0.0059686322234213,793650.7936507936,1204819.277108434,4751.174603174603,7212.626506024098,7212.626506024098,1204819.277108434,0.9090909090909092,0.04,0.2057416267942584,1,22.8343
Nangate45,NORX1,XNOR2_X1,A,ZN,rise,78.0596,0.00650405,1.1,25.0,65.11500000000001,1.5180722891566267,1.26e-06,8.299999999999999e-07,0,1,1,4.370201998407221,0.0064829899346209,793650.7936507936,1204819.277108434,5161.944444444445,7836.204819277111,5161.944444444445,793650.7936507936,0.9090909090909092,0.04,0.2057416267942584,1,85.89094
Nangate45,XORX1,XOR2_X1,B,Z,fall,17.1859,0.000365616,1.1,25.0,13.542,1.5135135135135138,2.52e-06,1.6649999999999995e-06,0,1,1,2.900646568553312,0.000365549178757,396825.3968253968,600600.6006006007,145.0857142857143,219.58918918918928,219.58918918918928,600600.6006006007,0.9090909090909092,0.04,0.2043010752688172,1,20.041288
Nangate45,NANDX1,NAND3_X1,A2,ZN,rise,40.9838,0.0583649,1.1,25.0,170.399,1.5180722891566267,1.26e-06,8.299999999999999e-07,0,1,1,3.737283829590765,0.0567251700033895,793650.7936507936,1204819.277108434,46321.3492063492,70319.15662650602,46321.3492063492,793650.7936507936,0.9090909090909092,0.04,0.2057416267942584,1,185.89755
Nangate45,NANDX1,NAND4_X1,A4,ZN,fall,4.72397,0.0139999,1.1,25.0,76.7963,1.5180722891566267,1.26e-06,8.299999999999999e-07,0,1,1,1.7446626205903233,0.0139028065496571,793650.7936507936,1204819.277108434,11111.031746031746,16867.349397590366,16867.349397590366,1204819.277108434,0.9090909090909092,0.04,0.2057416267942584,1,33.553177
Nangate45,INVX1,INV_X1,A,ZN,rise,78.0596,0.000365616,1.1,25.0,23.4502,1.5180722891566267,6.3e-07,4.1500000000000005e-07,1,1,1,4.370201998407221,0.000365549178757,1587301.5873015872,2409638.554216868,580.3428571428572,881.0024096385544,580.3428571428572,1587301.5873015872,0.9090909090909092,0.04,0.2057416267942584,1,18.07616
Nangate45,NANDX1,NAND2_X1,A2,ZN,fall,1.1737799999999998,0.0593567,1.1,25.0,130.874,1.5180722891566267,1.26e-06,8.299999999999999e-07,0,1,1,0.7764675876261998,0.0576618371011917,793650.7936507936,1204819.277108434,47108.492063492056,71514.09638554217,71514.09638554217,1204819.277108434,0.9090909090909092,0.04,0.2057416267942584,1,172.18808
Nangate45,XORX1,XOR2_X1,A,Z,fall,1.1737799999999998,0.000365616,1.1,25.0,7.811,1.5135135135135138,2.52e-06,1.6649999999999995e-06,0,1,1,0.7764675876261998,0.000365549178757,396825.3968253968,600600.6006006007,145.0857142857143,219.58918918918928,219.58918918918928,600600.6006006007,0.9090909090909092,0.04,0.2043010752688172,1,15.324358
Nangate45,INVX1,TINV_X1,I,ZN,rise,130.081,0.006518463229,1.1,25.0,99.7539,1.5180722891566267,6.3e-07,4.1500000000000005e-07,1,1,1,4.875815452730412,0.0064973099225053,1587301.5873015872,2409638.554216868,10346.76703015873,15707.140310843375,10346.76703015873,1587301.5873015872,0.9090909090909092,0.04,0.2057416267942584,1,85.06277
Nangate45,NANDX1,NAND3_X1,A1,ZN,rise,4.72397,0.00364781,1.1,25.0,18.457,1.5180722891566267,1.26e-06,8.299999999999999e-07,0,1,1,1.7446626205903233,0.0036411728768477,793650.7936507936,1204819.277108434,2895.0873015873017,4394.951807228917,2895.0873015873017,793650.7936507936,0.9090909090909092,0.04,0.2057416267942584,1,24.582874
Nangate45,NORX1,NOR2_X1,A1,ZN,fall,130.081,0.0267029,1.1,25.0,77.92399999999999,1.5180722891566267,1.26e-06,8.299999999999999e-07,0,1,1,4.875815452730412,0.0263525999024103,793650.7936507936,1204819.277108434,21192.777777777777,32172.1686746988,32172.1686746988,1204819.277108434,0.9090909090909092,0.04,0.2057416267942584,1,87.76554
Nangate45,NORX1,NOR2_X1,A2,ZN,rise,130.081,0.00333786,1.1,25.0,74.3384,1.5180722891566267,1.26e-06,8.299999999999999e-07,0,1,1,4.875815452730412,0.0033323017104042,793650.7936507936,1204819.277108434,2649.095238095238,4021.518072289157,2649.095238095238,793650.7936507936,0.9090909090909092,0.04,0.2057416267942584,1,75.773155
Nangate45,NORX1,XNOR2_X1,B,ZN,rise,40.9838,0.0260162,1.1,25.0,104.962,1.5180722891566267,1.26e-06,8.299999999999999e-07,0,1,1,3.737283829590765,0.0256835360976095,793650.7936507936,1204819.277108434,20647.77777777778,31344.819277108443,20647.77777777778,793650.7936507936,0.9090909090909092,0.04,0.2057416267942584,1,159.73903
Nangate45,NORX1,XNOR2_X1,A,ZN,rise,198.535,0.0260162,1.1,25.0,122.049,1.5180722891566267,1.26e-06,8.299999999999999e-07,0,1,1,5.295989659538859,0.0256835360976095,793650.7936507936,1204819.277108434,20647.77777777778,31344.819277108443,20647.77777777778,793650.7936507936,0.9090909090909092,0.04,0.2057416267942584,1,173.68155
Nangate45,NORX1,NOR3_X1,A1,ZN,rise,40.9838,0.000686498,1.1,25.0,40.1647,1.5180722891566267,1.26e-06,8.299999999999999e-07,0,1,1,3.737283829590765,0.0006862624680366,793650.7936507936,1204819.277108434,544.8396825396825,827.1060240963857,544.8396825396825,793650.7936507936,0.9090909090909092,0.04,0.2057416267942584,1,84.25949
Nangate45,NORX1,NOR2_X1,A2,ZN,rise,130.081,0.0267029,1.1,25.0,203.264,1.5180722891566267,1.26e-06,8.299999999999999e-07,0,1,1,4.875815452730412,0.0263525999024103,793650.7936507936,1204819.277108434,21192.777777777777,32172.1686746988,21192.777777777777,793650.7936507936,0.9090909090909092,0.04,0.2057416267942584,1,167.22876
Nangate45,INVX1,INV_X16,A,ZN,rise,198.535,0.0605773999999999,1.1,25.0,67.1529,1.5180722891566267,6.3e-07,4.1500000000000005e-07,1,1,1,5.295989659538859,0.0588134768006666,1587301.5873015872,2409638.554216868,96154.60317460317,145969.6385542169,96154.60317460317,1587301.5873015872,0.9090909090909092,0.04,0.2057416267942584,1,87.88915
Nangate45,NANDX1,NAND3_X1,A1,ZN,fall,17.1859,0.0145912,1.1,25.0,58.5239,1.5180722891566267,1.26e-06,8.299999999999999e-07,0,1,1,2.900646568553312,0.0144857727440233,793650.7936507936,1204819.277108434,11580.31746031746,17579.75903614458,17579.75903614458,1204819.277108434,0.9090909090909092,0.04,0.2057416267942584,1,43.53391
Nangate45,NANDX1,NAND3_X1,A1,ZN,rise,130.081,0.0018239,1.1,25.0,44.9429,1.5180722891566267,1.26e-06,8.299999999999999e-07,0,1,1,4.875815452730412,0.0018222387141011,793650.7936507936,1204819.277108434,1447.5396825396824,2197.4698795180725,1447.5396825396824,793650.7936507936,0.9090909090909092,0.04,0.2057416267942584,1,46.285122
Nangate45,INVX1,TINV_X1,I,ZN,fall,198.535,0.01217354323,1.1,25.0,74.97879999999999,1.5180722891566267,6.3e-07,4.1500000000000005e-07,1,1,1,5.295989659538859,0.0121000415684708,1587301.5873015872,2409638.554216868,19323.08449206349,29333.839108433735,29333.839108433735,2409638.554216868,0.9090909090909092,0.04,0.2057416267942584,1,88.8956
Nangate45,NORX1,NOR2_X1,A1,ZN,fall,4.72397,0.0267029,1.1,25.0,37.6394,1.5180722891566267,1.26e-06,8.299999999999999e-07,0,1,1,1.7446626205903233,0.0263525999024103,793650.7936507936,1204819.277108434,21192.777777777777,32172.1686746988,32172.1686746988,1204819.277108434,0.9090909090909092,0.04,0.2057416267942584,1,52.003513
Nangate45,NANDX1,NAND4_X1,A4,ZN,fall,17.1859,0.00699997,1.1,25.0,52.420300000000005,1.5180722891566267,1.26e-06,8.299999999999999e-07,0,1,1,2.900646568553312,0.006975583944965,793650.7936507936,1204819.277108434,5555.531746031746,8433.698795180724,8433.698795180724,1204819.277108434,0.9090909090909092,0.04,0.2057416267942584,1,25.166143
Nangate45,NANDX1,NAND3_X1,A3,ZN,rise,130.081,0.0291825,1.1,25.0,150.342,1.5180722891566267,1.26e-06,8.299999999999999e-07,0,1,1,4.875815452730412,0.0287647977830285,793650.7936507936,1204819.277108434,23160.714285714286,35159.63855421687,23160.714285714286,793650.7936507936,0.9090909090909092,0.04,0.2057416267942584,1,137.19382
Nangate45,NANDX1,NAND3_X1,A3,ZN,fall,1.1737799999999998,0.0583649,1.1,25.0,185.758,1.5180722891566267,1.26e-06,8.299999999999999e-07,0,1,1,0.7764675876261998,0.0567251700033895,793650.7936507936,1204819.277108434,46321.3492063492,70319.15662650602,70319.15662650602,1204819.277108434,0.9090909090909092,0.04,0.2057416267942584,1,126.502075
Nangate45,XORX1,XOR2_X1,A,Z,rise,198.535,0.0015831,1.1,25.0,51.984,1.5135135135135138,2.52e-06,1.6649999999999995e-06,0,1,1,5.295989659538859,0.0015818482181514,396825.3968253968,600600.6006006007,628.2142857142857,950.8108108108112,628.2142857142857,396825.3968253968,0.9090909090909092,0.04,0.2043010752688172,1,82.68943
Nangate45,NORX1,NOR4_X1,A2,ZN,rise,4.72397,0.00342249,1.1,25.0,81.73809999999999,1.5180722891566267,1.26e-06,8.299999999999999e-07,0,1,1,1.7446626205903233,0.0034166466099336,793650.7936507936,1204819.277108434,2716.2619047619046,4123.481927710844,2716.2619047619046,793650.7936507936,0.9090909090909092,0.04,0.2057416267942584,1,42.829063
Nangate45,INVX1,INV_X1,A,ZN,fall,4.72397,0.00379562,1.1,25.0,9.12396,1.5180722891566267,6.3e-07,4.1500000000000005e-07,1,1,1,1.7446626205903233,0.0037884348101687,1587301.5873015872,2409638.554216868,6024.79365079365,9146.072289156627,9146.072289156627,2409638.554216868,0.9090909090909092,0.04,0.2057416267942584,1,13.791059
Nangate45,NANDX1,NAND3_X1,A2,ZN,fall,1.1737799999999998,0.000365616,1.1,25.0,13.2486,1.5180722891566267,1.26e-06,8.299999999999999e-07,0,1,1,0.7764675876261998,0.000365549178757,793650.7936507936,1204819.277108434,290.1714285714286,440.5012048192772,440.5012048192772,1204819.277108434,0.9090909090909092,0.04,0.2057416267942584,1,15.478544
Nangate45,NORX1,NOR2_X1,A1,ZN,rise,4.72397,0.0066757299999999,1.1,25.0,47.0595,1.5180722891566267,1.26e-06,8.299999999999999e-07,0,1,1,1.7446626205903233,0.0066535459893972,793650.7936507936,1204819.277108434,5298.198412698412,8043.048192771084,5298.198412698412,793650.7936507936,0.9090909090909092,0.04,0.2057416267942584,1,55.43389
Nangate45,INVX1,TINV_X1,I,ZN,fall,78.0596,0.01217354323,1.1,25.0,59.1021,1.5180722891566267,6.3e-07,4.1500000000000005e-07,1,1,1,4.370201998407221,0.0121000415684708,1587301.5873015872,2409638.554216868,19323.08449206349,29333.839108433735,29333.839108433735,2409638.554216868,0.9090909090909092,0.04,0.2057416267942584,1,51.58574
Nangate45,NANDX1,NAND3_X1,A2,ZN,rise,4.72397,0.00729561,1.1,25.0,29.5854,1.5180722891566267,1.26e-06,8.299999999999999e-07,0,1,1,1.7446626205903233,0.0072691257717537,793650.7936507936,1204819.277108434,5790.166666666666,8789.891566265062,5790.166666666666,793650.7936507936,0.9090909090909092,0.04,0.2057416267942584,1,34.40281
Nangate45,NORX1,NOR2_X1,A2,ZN,rise,130.081,0.0133515,1.1,25.0,135.176,1.5180722891566267,1.26e-06,8.299999999999999e-07,0,1,1,4.875815452730412,0.0132631542209015,793650.7936507936,1204819.277108434,10596.42857142857,16086.144578313257,10596.42857142857,793650.7936507936,0.9090909090909092,0.04,0.2057416267942584,1,165.90756
Nangate45,NORX1,NOR3_X1,A1,ZN,rise,40.9838,0.0160217,1.1,25.0,158.452,1.5180722891566267,1.26e-06,8.299999999999999e-07,0,1,1,3.737283829590765,0.0158947071959221,793650.7936507936,1204819.277108434,12715.63492063492,19303.253012048197,12715.63492063492,793650.7936507936,0.9090909090909092,0.04,0.2057416267942584,1,158.91676
Nangate45,XORX1,XOR2_X1,A,Z,rise,1.1737799999999998,0.0253296,1.1,25.0,160.48399999999998,1.5135135135135138,2.52e-06,1.6649999999999995e-06,0,1,1,0.7764675876261998,0.0250141218763313,396825.3968253968,600600.6006006007,10051.42857142857,15212.972972972975,10051.42857142857,396825.3968253968,0.9090909090909092,0.04,0.2043010752688172,1,77.22344
Nangate45,XORX1,XOR2_X1,A,Z,rise,40.9838,0.000365616,1.1,25.0,45.875,1.5135135135135138,2.52e-06,1.6649999999999995e-06,0,1,1,3.737283829590765,0.000365549178757,396825.3968253968,600600.6006006007,145.0857142857143,219.58918918918928,145.0857142857143,396825.3968253968,0.9090909090909092,0.04,0.2043010752688172,1,44.682392
Nangate45,NORX1,NOR4_X1,A3,ZN,rise,40.9838,0.00195665,1.1,25.0,87.58630000000001,1.5180722891566267,1.26e-06,8.299999999999999e-07,0,1,1,3.737283829590765,0.0019547382537281,793650.7936507936,1204819.277108434,1552.8968253968253,2357.409638554217,1552.8968253968253,793650.7936507936,0.9090909090909092,0.04,0.2057416267942584,1,54.56937
Nangate45,NANDX1,NAND4_X1,A2,ZN,fall,17.1859,0.000365616,1.1,25.0,24.4346,1.5180722891566267,1.26e-06,8.299999999999999e-07,0,1,1,2.900646568553312,0.000365549178757,793650.7936507936,1204819.277108434,290.1714285714286,440.5012048192772,440.5012048192772,1204819.277108434,0.9090909090909092,0.04,0.2057416267942584,1,13.202684
Nangate45,XORX1,XOR2_X1,B,Z,rise,198.535,0.0015831,1.1,25.0,56.852,1.5135135135135138,2.52e-06,1.6649999999999995e-06,0,1,1,5.295989659538859,0.0015818482181514,396825.3968253968,600600.6006006007,628.2142857142857,950.8108108108112,628.2142857142857,396825.3968253968,0.9090909090909092,0.04,0.2043010752688172,1,89.914894
Nangate45,NORX1,NOR2_X1,A1,ZN,fall,78.0596,0.00166893,1.1,25.0,9.44399,1.5180722891566267,1.26e-06,8.299999999999999e-07,0,1,1,4.370201998407221,0.001667538883896,793650.7936507936,1204819.277108434,1324.547619047619,2010.7590361445789,2010.7590361445789,1204819.277108434,0.9090909090909092,0.04,0.2057416267942584,1,19.83799
Nangate45,NANDX1,NAND4_X1,A2,ZN,rise,78.0596,0.000365616,1.1,25.0,37.0085,1.5180722891566267,1.26e-06,8.299999999999999e-07,0,1,1,4.370201998407221,0.000365549178757,793650.7936507936,1204819.277108434,290.1714285714286,440.5012048192772,290.1714285714286,793650.7936507936,0.9090909090909092,0.04,0.2057416267942584,1,34.744133
Nangate45,NORX1,XNOR2_X1,B,ZN,rise,78.0596,0.00325202,1.1,25.0,55.489,1.5180722891566267,1.26e-06,8.299999999999999e-07,0,1,1,4.370201998407221,0.0032467436191291,793650.7936507936,1204819.277108434,2580.968253968254,3918.096385542169,2580.968253968254,793650.7936507936,0.9090909090909092,0.04,0.2057416267942584,1,72.8715
Nangate45,NORX1,NOR2_X1,A2,ZN,rise,17.1859,0.00166893,1.1,25.0,31.381100000000004,1.5180722891566267,1.26e-06,8.299999999999999e-07,0,1,1,2.900646568553312,0.001667538883896,793650.7936507936,1204819.277108434,1324.547619047619,2010.7590361445789,1324.547619047619,793650.7936507936,0.9090909090909092,0.04,0.2057416267942584,1,52.016365
Nangate45,NORX1,XNOR2_X1,A,ZN,fall,130.081,0.000813006,1.1,25.0,74.726,1.5180722891566267,1.26e-06,8.299999999999999e-07,0,1,1,4.875815452730412,0.0008126756896393,793650.7936507936,1204819.277108434,645.2428571428571,979.5253012048196,979.5253012048196,1204819.277108434,0.9090909090909092,0.04,0.2057416267942584,1,31.412218
Nangate45,XORX1,XOR2_X1,B,Z,fall,40.9838,0.0063324,1.1,25.0,75.893,1.5135135135135138,2.52e-06,1.6649999999999995e-06,0,1,1,3.737283829590765,0.0063124345967383,396825.3968253968,600600.6006006007,2512.8571428571427,3803.243243243244,3803.243243243244,600600.6006006007,0.9090909090909092,0.04,0.2043010752688172,1,48.746685
Nangate45,INVX1,TINV_X1,I,ZN,rise,1.1737799999999998,0.01217354323,1.1,25.0,86.33290000000001,1.5180722891566267,6.3e-07,4.1500000000000005e-07,1,1,1,0.7764675876261998,0.0121000415684708,1587301.5873015872,2409638.554216868,19323.08449206349,29333.839108433735,19323.08449206349,1587301.5873015872,0.9090909090909092,0.04,0.2057416267942584,1,32.38927
Nangate45,XORX1,XOR2_X1,A,Z,rise,130.081,0.000365616,1.1,25.0,54.449,1.5135135135135138,2.52e-06,1.6649999999999995e-06,0,1,1,4.875815452730412,0.000365549178757,396825.3968253968,600600.6006006007,145.0857142857143,219.58918918918928,145.0857142857143,396825.3968253968,0.9090909090909092,0.04,0.2043010752688172,1,65.33388
Nangate45,NORX1,XNOR2_X1,B,ZN,fall,1.1737799999999998,0.000813006,1.1,25.0,10.76,1.5180722891566267,1.26e-06,8.299999999999999e-07,0,1,1,0.7764675876261998,0.0008126756896393,793650.7936507936,1204819.277108434,645.2428571428571,979.5253012048196,979.5253012048196,1204819.277108434,0.9090909090909092,0.04,0.2057416267942584,1,11.769961
Nangate45,NANDX1,NAND4_X1,A4,ZN,fall,40.9838,0.000365616,1.1,25.0,28.6368,1.5180722891566267,1.26e-06,8.299999999999999e-07,0,1,1,3.737283829590765,0.000365549178757,793650.7936507936,1204819.277108434,290.1714285714286,440.5012048192772,440.5012048192772,1204819.277108434,0.9090909090909092,0.04,0.2057416267942584,1,18.83766
Nangate45,NORX1,XNOR2_X1,A,ZN,fall,17.1859,0.000813006,1.1,25.0,39.442,1.5180722891566267,1.26e-06,8.299999999999999e-07,0,1,1,2.900646568553312,0.0008126756896393,793650.7936507936,1204819.277108434,645.2428571428571,979.5253012048196,979.5253012048196,1204819.277108434,0.9090909090909092,0.04,0.2057416267942584,1,11.718647
Nangate45,NANDX1,NAND3_X1,A3,ZN,rise,40.9838,0.0291825,1.1,25.0,102.64,1.5180722891566267,1.26e-06,8.299999999999999e-07,0,1,1,3.737283829590765,0.0287647977830285,793650.7936507936,1204819.277108434,23160.714285714286,35159.63855421687,23160.714285714286,793650.7936507936,0.9090909090909092,0.04,0.2057416267942584,1,109.368935
Nangate45,XORX1,XOR2_X1,A,Z,rise,78.0596,0.0063324,1.1,25.0,78.691,1.5135135135135138,2.52e-06,1.6649999999999995e-06,0,1,1,4.370201998407221,0.0063124345967383,396825.3968253968,600600.6006006007,2512.8571428571427,3803.243243243244,2512.8571428571427,396825.3968253968,0.9090909090909092,0.04,0.2043010752688172,1,82.80645
Nangate45,NANDX1,NAND4_X1,A3,ZN,rise,198.535,0.0559998,1.1,25.0,252.175,1.5180722891566267,1.26e-06,8.299999999999999e-07,0,1,1,5.295989659538859,0.0544879958901124,793650.7936507936,1204819.277108434,44444.28571428572,67469.63855421687,44444.28571428572,793650.7936507936,0.9090909090909092,0.04,0.2057416267942584,1,240.13687
Nangate45,NANDX1,NAND3_X1,A3,ZN,fall,17.1859,0.00364781,1.1,25.0,28.1927,1.5180722891566267,1.26e-06,8.299999999999999e-07,0,1,1,2.900646568553312,0.0036411728768477,793650.7936507936,1204819.277108434,2895.0873015873017,4394.951807228917,4394.951807228917,1204819.277108434,0.9090909090909092,0.04,0.2057416267942584,1,16.966198
Nangate45,NORX1,NOR3_X1,A2,ZN,fall,198.535,0.00853286,1.1,25.0,35.3476,1.5180722891566267,1.26e-06,8.299999999999999e-07,0,1,1,5.295989659538859,0.0084966609254384,793650.7936507936,1204819.277108434,6772.11111111111,10280.554216867473,10280.554216867473,1204819.277108434,0.9090909090909092,0.04,0.2057416267942584,1,63.229427
Nangate45,XORX1,XOR2_X1,B,Z,rise,198.535,0.0253296,1.1,25.0,242.444,1.5135135135135138,2.52e-06,1.6649999999999995e-06,0,1,1,5.295989659538859,0.0250141218763313,396825.3968253968,600600.6006006007,10051.42857142857,15212.972972972975,10051.42857142857,396825.3968253968,0.9090909090909092,0.04,0.2043010752688172,1,137.97514
Nangate45,INVX1,TINV_X1,EN,ZN,fall,40.9838,0.006518463229,1.1,25.0,45.276,1.5180722891566267,6.3e-07,4.1500000000000005e-07,1,1,1,3.737283829590765,0.0064973099225053,1587301.5873015872,2409638.554216868,10346.76703015873,15707.140310843375,15707.140310843375,2409638.554216868,0.9090909090909092,0.04,0.2057416267942584,1,46.160553
Nangate45,NANDX1,NAND3_X1,A1,ZN,rise,78.0596,0.0018239,1.1,25.0,36.4589,1.5180722891566267,1.26e-06,8.299999999999999e-07,0,1,1,4.370201998407221,0.0018222387141011,793650.7936507936,1204819.277108434,1447.5396825396824,2197.4698795180725,1447.5396825396824,793650.7936507936,0.9090909090909092,0.04,0.2057416267942584,1,37.761612
Nangate45,INVX1,INV_X1,A,ZN,fall,78.0596,0.0151825,1.1,25.0,45.9573,1.5180722891566267,6.3e-07,4.1500000000000005e-07,1,1,1,4.370201998407221,0.0150683992868016,1587301.5873015872,2409638.554216868,24099.206349206343,36584.3373493976,36584.3373493976,2409638.554216868,0.9090909090909092,0.04,0.2057416267942584,1,49.23923
Nangate45,XORX1,XOR2_X1,A,Z,fall,1.1737799999999998,0.0031662,1.1,25.0,50.431,1.5135135135135138,2.52e-06,1.6649999999999995e-06,0,1,1,0.7764675876261998,0.0031611981439168,396825.3968253968,600600.6006006007,1256.428571428571,1901.621621621622,1901.621621621622,600600.6006006007,0.9090909090909092,0.04,0.2043010752688172,1,32.542637
Nangate45,NORX1,NOR2_X1,A2,ZN,rise,198.535,0.00333786,1.1,25.0,91.1095,1.5180722891566267,1.26e-06,8.299999999999999e-07,0,1,1,5.295989659538859,0.0033323017104042,793650.7936507936,1204819.277108434,2649.095238095238,4021.518072289157,2649.095238095238,793650.7936507936,0.9090909090909092,0.04,0.2057416267942584,1,97.30711
Nangate45,NORX1,XNOR2_X1,B,ZN,fall,78.0596,0.00325202,1.1,25.0,34.045,1.5180722891566267,1.26e-06,8.299999999999999e-07,0,1,1,4.370201998407221,0.0032467436191291,793650.7936507936,1204819.277108434,2580.968253968254,3918.096385542169,3918.096385542169,1204819.277108434,0.9090909090909092,0.04,0.2057416267942584,1,17.054888
Nangate45,NANDX1,NAND4_X1,A2,ZN,rise,130.081,0.00699997,1.1,25.0,78.7059,1.5180722891566267,1.26e-06,8.299999999999999e-07,0,1,1,4.875815452730412,0.006975583944965,793650.7936507936,1204819.277108434,5555.531746031746,8433.698795180724,5555.531746031746,793650.7936507936,0.9090909090909092,0.04,0.2057416267942584,1,67.238815
Nangate45,NORX1,NOR3_X1,A1,ZN,rise,198.535,0.001289,1.1,25.0,96.062,1.5180722891566267,1.26e-06,8.299999999999999e-07,0,1,1,5.295989659538859,0.0012881699527107,793650.7936507936,1204819.277108434,1023.015873015873,1553.012048192771,1023.015873015873,793650.7936507936,0.9090909090909092,0.04,0.2057416267942584,1,96.470505
Nangate45,NORX1,NOR4_X1,A1,ZN,rise,1.1737799999999998,0.00063952,1.1,25.0,33.3557,1.5180722891566267,1.26e-06,8.299999999999999e-07,0,1,1,0.7764675876261998,0.0006393155942278,793650.7936507936,1204819.277108434,507.5555555555555,770.5060240963857,507.5555555555555,793650.7936507936,0.9090909090909092,0.04,0.2057416267942584,1,37.36714
Nangate45,XORX1,XOR2_X1,A,Z,fall,1.1737799999999998,0.0063324,1.1,25.0,20.339,1.5135135135135138,2.52e-06,1.6649999999999995e-06,0,1,1,0.7764675876261998,0.0063124345967383,396825.3968253968,600600.6006006007,2512.8571428571427,3803.243243243244,3803.243243243244,600600.6006006007,0.9090909090909092,0.04,0.2043010752688172,1,45.356575
Nangate45,NANDX1,NAND4_X1,A4,ZN,rise,130.081,0.0017499899999999,1.1,25.0,63.7304,1.5180722891566267,1.26e-06,8.299999999999999e-07,0,1,1,4.875815452730412,0.0017484605515862,793650.7936507936,1204819.277108434,1388.8809523809523,2108.421686746988,1388.8809523809523,793650.7936507936,0.9090909090909092,0.04,0.2057416267942584,1,46.285103
Nangate45,INVX2,INV_X2,A,ZN,fall,1.1737799999999998,0.06073,1.1,25.0,40.0122,1.5180722891566267,1.26e-06,8.299999999999999e-07,1,1,1,0.7764675876261998,0.0589573503385265,793650.7936507936,1204819.277108434,48198.41269841269,73168.67469879519,73168.67469879519,1204819.277108434,0.9090909090909092,0.04,0.2057416267942584,1,46.185062
Nangate45,XORX1,XOR2_X1,B,Z,fall,4.72397,0.0126648,1.1,25.0,36.339000000000006,1.5135135135135138,2.52e-06,1.6649999999999995e-06,0,1,1,1.7446626205903233,0.0125852721858001,396825.3968253968,600600.6006006007,5025.714285714285,7606.486486486488,7606.486486486488,600600.6006006007,0.9090909090909092,0.04,0.2043010752688172,1,52.727585
Nangate45,NANDX1,NAND3_X1,A3,ZN,fall,198.535,0.00729561,1.1,25.0,58.0998,1.5180722891566267,1.26e-06,8.299999999999999e-07,0,1,1,5.295989659538859,0.0072691257717537,793650.7936507936,1204819.277108434,5790.166666666666,8789.891566265062,8789.891566265062,1204819.277108434,0.9090909090909092,0.04,0.2057416267942584,1,63.67029
Nangate45,NANDX1,NAND2_X1,A1,ZN,rise,130.081,0.0593567,1.1,25.0,216.015,1.5180722891566267,1.26e-06,8.299999999999999e-07,0,1,1,4.875815452730412,0.0576618371011917,793650.7936507936,1204819.277108434,47108.492063492056,71514.09638554217,47108.492063492056,793650.7936507936,0.9090909090909092,0.04,0.2057416267942584,1,213.89473
Nangate45,INVX1,INV_X1,A,ZN,rise,1.1737799999999998,0.06073,1.1,25.0,150.988,1.5180722891566267,6.3e-07,4.1500000000000005e-07,1,1,1,0.7764675876261998,0.0589573503385265,1587301.5873015872,2409638.554216868,96396.82539682538,146337.34939759038,96396.82539682538,1587301.5873015872,0.9090909090909092,0.04,0.2057416267942584,1,131.29459
Nangate45,NANDX1,NAND4_X1,A2,ZN,fall,17.1859,0.0139999,1.1,25.0,77.46889999999999,1.5180722891566267,1.26e-06,8.299999999999999e-07,0,1,1,2.900646568553312,0.0139028065496571,793650.7936507936,1204819.277108434,11111.031746031746,16867.349397590366,16867.349397590366,1204819.277108434,0.9090909090909092,0.04,0.2057416267942584,1,43.527935
Nangate45,NANDX1,NAND4_X1,A1,ZN,rise,198.535,0.00349999,1.1,25.0,67.0887,1.5180722891566267,1.26e-06,8.299999999999999e-07,0,1,1,5.295989659538859,0.0034938792891336,793650.7936507936,1204819.277108434,2777.769841269841,4216.855421686748,2777.769841269841,793650.7936507936,0.9090909090909092,0.04,0.2057416267942584,1,66.90829
Nangate45,NANDX1,NAND3_X1,A3,ZN,fall,1.1737799999999998,0.0291825,1.1,25.0,99.6242,1.5180722891566267,1.26e-06,8.299999999999999e-07,0,1,1,0.7764675876261998,0.0287647977830285,793650.7936507936,1204819.277108434,23160.714285714286,35159.63855421687,35159.63855421687,1204819.277108434,0.9090909090909092,0.04,0.2057416267942584,1,78.85668
Nangate45,NANDX1,NAND4_X1,A2,ZN,rise,78.0596,0.0279999,1.1,25.0,118.867,1.5180722891566267,1.26e-06,8.299999999999999e-07,0,1,1,4.370201998407221,0.027615069756704,793650.7936507936,1204819.277108434,22222.14285714286,33734.81927710844,22222.14285714286,793650.7936507936,0.9090909090909092,0.04,0.2057416267942584,1,132.11688
Nangate45,NANDX1,NAND2_X1,A2,ZN,fall,78.0596,0.0296783,1.1,25.0,94.3383,1.5180722891566267,1.26e-06,8.299999999999999e-07,0,1,1,4.370201998407221,0.0292464233592539,793650.7936507936,1204819.277108434,23554.20634920635,35756.987951807234,35756.987951807234,1204819.277108434,0.9090909090909092,0.04,0.2057416267942584,1,178.81061
Nangate45,INVX2,INV_X2,A,ZN,fall,130.081,0.00759125,1.1,25.0,15.6811,1.5180722891566267,1.26e-06,8.299999999999999e-07,1,1,1,4.875815452730412,0.0075625814570239,793650.7936507936,1204819.277108434,6024.801587301587,9146.0843373494,9146.0843373494,1204819.277108434,0.9090909090909092,0.04,0.2057416267942584,1,38.842613
Nangate45,INVX2,INV_X2,A,ZN,fall,17.1859,0.06073,1.1,25.0,46.985,1.5180722891566267,1.26e-06,8.299999999999999e-07,1,1,1,2.900646568553312,0.0589573503385265,793650.7936507936,1204819.277108434,48198.41269841269,73168.67469879519,73168.67469879519,1204819.277108434,0.9090909090909092,0.04,0.2057416267942584,1,55.076263
Nangate45,NORX1,NOR3_X1,A2,ZN,fall,40.9838,0.000686498,1.1,25.0,12.3286,1.5180722891566267,1.26e-06,8.299999999999999e-07,0,1,1,3.737283829590765,0.0006862624680366,793650.7936507936,1204819.277108434,544.8396825396825,827.1060240963857,827.1060240963857,1204819.277108434,0.9090909090909092,0.04,0.2057416267942584,1,16.089184
Nangate45,NANDX1,NAND2_X1,A2,ZN,fall,17.1859,0.00370979,1.1,25.0,20.3566,1.5180722891566267,1.26e-06,8.299999999999999e-07,0,1,1,2.900646568553312,0.0037029257005795,793650.7936507936,1204819.277108434,2944.277777777778,4469.626506024097,4469.626506024097,1204819.277108434,0.9090909090909092,0.04,0.2057416267942584,1,23.738615
Nangate45,NANDX1,NAND3_X1,A1,ZN,rise,1.1737799999999998,0.0583649,1.1,25.0,148.27499999999998,1.5180722891566267,1.26e-06,8.299999999999999e-07,0,1,1,0.7764675876261998,0.0567251700033895,793650.7936507936,1204819.277108434,46321.3492063492,70319.15662650602,46321.3492063492,793650.7936507936,0.9090909090909092,0.04,0.2057416267942584,1,135.10526
Nangate45,NORX1,NOR4_X1,A4,ZN,fall,130.081,0.00111862,1.1,25.0,15.4101,1.5180722891566267,1.26e-06,8.299999999999999e-07,0,1,1,4.875815452730412,0.001117994810837,793650.7936507936,1204819.277108434,887.7936507936508,1347.7349397590365,1347.7349397590365,1204819.277108434,0.9090909090909092,0.04,0.2057416267942584,1,31.638199
Nangate45,NANDX1,NAND4_X1,A4,ZN,fall,40.9838,0.0017499899999999,1.1,25.0,34.532599999999995,1.5180722891566267,1.26e-06,8.299999999999999e-07,0,1,1,3.737283829590765,0.0017484605515862,793650.7936507936,1204819.277108434,1388.8809523809523,2108.421686746988,2108.421686746988,1204819.277108434,0.9090909090909092,0.04,0.2057416267942584,1,20.091309
Nangate45,NORX1,NOR2_X1,A2,ZN,rise,198.535,0.0267029,1.1,25.0,231.895,1.5180722891566267,1.26e-06,8.299999999999999e-07,0,1,1,5.295989659538859,0.0263525999024103,793650.7936507936,1204819.277108434,21192.777777777777,32172.1686746988,21192.777777777777,793650.7936507936,0.9090909090909092,0.04,0.2057416267942584,1,182.7884
Nangate45,NORX1,XNOR2_X1,A,ZN,rise,40.9838,0.00162601,1.1,25.0,40.717000000000006,1.5180722891566267,1.26e-06,8.299999999999999e-07,0,1,1,3.737283829590765,0.0016246894770018,793650.7936507936,1204819.277108434,1290.484126984127,1959.0481927710848,1290.484126984127,793650.7936507936,0.9090909090909092,0.04,0.2057416267942584,1,54.56922
Nangate45,NANDX1,NAND4_X1,A4,ZN,rise,130.081,0.0139999,1.1,25.0,111.412,1.5180722891566267,1.26e-06,8.299999999999999e-07,0,1,1,4.875815452730412,0.0139028065496571,793650.7936507936,1204819.277108434,11111.031746031746,16867.349397590366,11111.031746031746,793650.7936507936,0.9090909090909092,0.04,0.2057416267942584,1,99.24761
Nangate45,XORX1,XOR2_X1,B,Z,fall,1.1737799999999998,0.000365616,1.1,25.0,48.976,1.5135135135135138,2.52e-06,1.6649999999999995e-06,0,1,1,0.7764675876261998,0.000365549178757,396825.3968253968,600600.6006006007,145.0857142857143,219.58918918918928,219.58918918918928,600600.6006006007,0.9090909090909092,0.04,0.2043010752688172,1,15.97596
Nangate45,NORX1,NOR4_X1,A4,ZN,fall,4.72397,0.00195665,1.1,25.0,9.43985,1.5180722891566267,1.26e-06,8.299999999999999e-07,0,1,1,1.7446626205903233,0.0019547382537281,793650.7936507936,1204819.277108434,1552.8968253968253,2357.409638554217,2357.409638554217,1204819.277108434,0.9090909090909092,0.04,0.2057416267942584,1,10.909922
Nangate45,NORX1,NOR3_X1,A1,ZN,fall,78.0596,0.00454444,1.1,25.0,20.9224,1.5180722891566267,1.26e-06,8.299999999999999e-07,0,1,1,4.370201998407221,0.0045341452101301,793650.7936507936,1204819.277108434,3606.698412698413,5475.228915662652,5475.228915662652,1204819.277108434,0.9090909090909092,0.04,0.2057416267942584,1,37.96326
Nangate45,NORX1,NOR4_X1,A3,ZN,fall,17.1859,0.0104713,1.1,25.0,26.6104,1.5180722891566267,1.26e-06,8.299999999999999e-07,0,1,1,2.900646568553312,0.010416855676904,793650.7936507936,1204819.277108434,8310.555555555555,12616.024096385545,12616.024096385545,1204819.277108434,0.9090909090909092,0.04,0.2057416267942584,1,27.044853
Nangate45,NANDX1,NAND4_X1,A3,ZN,rise,78.0596,0.0139999,1.1,25.0,87.5555,1.5180722891566267,1.26e-06,8.299999999999999e-07,0,1,1,4.370201998407221,0.0139028065496571,793650.7936507936,1204819.277108434,11111.031746031746,16867.349397590366,11111.031746031746,793650.7936507936,0.9090909090909092,0.04,0.2057416267942584,1,88.82438
Nangate45,NORX1,NOR3_X1,A3,ZN,fall,78.0596,0.001289,1.1,25.0,15.777200000000002,1.5180722891566267,1.26e-06,8.299999999999999e-07,0,1,1,4.370201998407221,0.0012881699527107,793650.7936507936,1204819.277108434,1023.015873015873,1553.012048192771,1553.012048192771,1204819.277108434,0.9090909090909092,0.04,0.2057416267942584,1,20.339146
Nangate45,NORX1,NOR3_X1,A3,ZN,fall,130.081,0.000365616,1.1,25.0,8.003089999999998,1.5180722891566267,1.26e-06,8.299999999999999e-07,0,1,1,4.875815452730412,0.000365549178757,793650.7936507936,1204819.277108434,290.1714285714286,440.5012048192772,440.5012048192772,1204819.277108434,0.9090909090909092,0.04,0.2057416267942584,1,28.538008
Nangate45,NANDX1,NAND4_X1,A4,ZN,rise,1.1737799999999998,0.00349999,1.1,25.0,23.9114,1.5180722891566267,1.26e-06,8.299999999999999e-07,0,1,1,0.7764675876261998,0.0034938792891336,793650.7936507936,1204819.277108434,2777.769841269841,4216.855421686748,2777.769841269841,793650.7936507936,0.9090909090909092,0.04,0.2057416267942584,1,30.805897
Nangate45,NANDX1,NAND3_X1,A1,ZN,fall,198.535,0.00729561,1.1,25.0,70.5081,1.5180722891566267,1.26e-06,8.299999999999999e-07,0,1,1,5.295989659538859,0.0072691257717537,793650.7936507936,1204819.277108434,5790.166666666666,8789.891566265062,8789.891566265062,1204819.277108434,0.9090909090909092,0.04,0.2057416267942584,1,63.67029
Nangate45,INVX1,TINV_X1,EN,ZN,fall,78.0596,0.001526164229,1.1,25.0,38.749,1.5180722891566267,6.3e-07,4.1500000000000005e-07,1,1,1,4.370201998407221,0.0015250008239207,1587301.5873015872,2409638.554216868,2422.482903174603,3677.5041662650606,3677.5041662650606,2409638.554216868,0.9090909090909092,0.04,0.2057416267942584,1,23.121008
Nangate45,NORX1,XNOR2_X1,A,ZN,rise,78.0596,0.000365616,1.1,25.0,49.359,1.5180722891566267,1.26e-06,8.299999999999999e-07,0,1,1,4.370201998407221,0.000365549178757,793650.7936507936,1204819.277108434,290.1714285714286,440.5012048192772,290.1714285714286,793650.7936507936,0.9090909090909092,0.04,0.2057416267942584,1,57.231453
Nangate45,NORX1,XNOR2_X1,A,ZN,rise,198.535,0.00162601,1.1,25.0,82.307,1.5180722891566267,1.26e-06,8.299999999999999e-07,0,1,1,5.295989659538859,0.0016246894770018,793650.7936507936,1204819.277108434,1290.484126984127,1959.0481927710848,1290.484126984127,793650.7936507936,0.9090909090909092,0.04,0.2057416267942584,1,92.980095
Nangate45,NORX1,XNOR2_X1,A,ZN,fall,78.0596,0.0260162,1.1,25.0,93.16,1.5180722891566267,1.26e-06,8.299999999999999e-07,0,1,1,4.370201998407221,0.0256835360976095,793650.7936507936,1204819.277108434,20647.77777777778,31344.819277108443,31344.819277108443,1204819.277108434,0.9090909090909092,0.04,0.2057416267942584,1,80.61094
Nangate45,NANDX1,NAND2_X1,A1,ZN,rise,130.081,0.0148392,1.1,25.0,101.569,1.5180722891566267,1.26e-06,8.299999999999999e-07,0,1,1,4.875815452730412,0.0147301762980792,793650.7936507936,1204819.277108434,11777.142857142857,17878.554216867473,11777.142857142857,793650.7936507936,0.9090909090909092,0.04,0.2057416267942584,1,136.00247
Nangate45,NORX1,NOR4_X1,A2,ZN,fall,1.1737799999999998,0.00111862,1.1,25.0,6.95565,1.5180722891566267,1.26e-06,8.299999999999999e-07,0,1,1,0.7764675876261998,0.001117994810837,793650.7936507936,1204819.277108434,887.7936507936508,1347.7349397590365,1347.7349397590365,1204819.277108434,0.9090909090909092,0.04,0.2057416267942584,1,12.450142
Nangate45,NANDX1,NAND2_X1,A2,ZN,fall,4.72397,0.000365616,1.1,25.0,9.37134,1.5180722891566267,1.26e-06,8.299999999999999e-07,0,1,1,1.7446626205903233,0.000365549178757,793650.7936507936,1204819.277108434,290.1714285714286,440.5012048192772,440.5012048192772,1204819.277108434,0.9090909090909092,0.04,0.2057416267942584,1,11.1823435
Nangate45,NORX1,NOR4_X1,A3,ZN,rise,40.9838,0.00111862,1.1,25.0,78.5317,1.5180722891566267,1.26e-06,8.299999999999999e-07,0,1,1,3.737283829590765,0.001117994810837,793650.7936507936,1204819.277108434,887.7936507936508,1347.7349397590365,887.7936507936508,793650.7936507936,0.9090909090909092,0.04,0.2057416267942584,1,82.465546
Nangate45,INVX1,TINV_X1,I,ZN,fall,1.1737799999999998,0.001164659229,1.1,25.0,9.36473,1.5180722891566267,6.3e-07,4.1500000000000005e-07,1,1,1,0.7764675876261998,0.0011639815395739,1587301.5873015872,2409638.554216868,1848.6654428571424,2806.407780722892,2806.407780722892,2409638.554216868,0.9090909090909092,0.04,0.2057416267942584,1,10.388473
Nangate45,NORX1,XNOR2_X1,A,ZN,fall,198.535,0.00162601,1.1,25.0,90.643,1.5180722891566267,1.26e-06,8.299999999999999e-07,0,1,1,5.295989659538859,0.0016246894770018,793650.7936507936,1204819.277108434,1290.484126984127,1959.0481927710848,1959.0481927710848,1204819.277108434,0.9090909090909092,0.04,0.2057416267942584,1,47.266666
Nangate45,NANDX1,NAND4_X1,A1,ZN,fall,1.1737799999999998,0.0279999,1.1,25.0,121.726,1.5180722891566267,1.26e-06,8.299999999999999e-07,0,1,1,0.7764675876261998,0.027615069756704,793650.7936507936,1204819.277108434,22222.14285714286,33734.81927710844,33734.81927710844,1204819.277108434,0.9090909090909092,0.04,0.2057416267942584,1,78.8565
Nangate45,NORX1,XNOR2_X1,A,ZN,fall,4.72397,0.000813006,1.1,25.0,33.219,1.5180722891566267,1.26e-06,8.299999999999999e-07,0,1,1,1.7446626205903233,0.0008126756896393,793650.7936507936,1204819.277108434,645.2428571428571,979.5253012048196,979.5253012048196,1204819.277108434,0.9090909090909092,0.04,0.2057416267942584,1,7.935146
Nangate45,NORX1,XNOR2_X1,B,ZN,rise,40.9838,0.0130081,1.1,25.0,73.785,1.5180722891566267,1.26e-06,8.299999999999999e-07,0,1,1,3.737283829590765,0.0129242212859107,793650.7936507936,1204819.277108434,10323.88888888889,15672.409638554222,10323.88888888889,793650.7936507936,0.9090909090909092,0.04,0.2057416267942584,1,114.44625
Nangate45,NORX1,NOR3_X1,A1,ZN,fall,1.1737799999999998,0.00853286,1.1,25.0,14.3096,1.5180722891566267,1.26e-06,8.299999999999999e-07,0,1,1,0.7764675876261998,0.0084966609254384,793650.7936507936,1204819.277108434,6772.11111111111,10280.554216867473,10280.554216867473,1204819.277108434,0.9090909090909092,0.04,0.2057416267942584,1,33.04023
Nangate45,NORX1,NOR2_X1,A1,ZN,rise,78.0596,0.00333786,1.1,25.0,61.084,1.5180722891566267,1.26e-06,8.299999999999999e-07,0,1,1,4.370201998407221,0.0033323017104042,793650.7936507936,1204819.277108434,2649.095238095238,4021.518072289157,2649.095238095238,793650.7936507936,0.9090909090909092,0.04,0.2057416267942584,1,72.871544
Nangate45,NORX1,XNOR2_X1,A,ZN,fall,198.535,0.00650405,1.1,25.0,45.542,1.5180722891566267,1.26e-06,8.299999999999999e-07,0,1,1,5.295989659538859,0.0064829899346209,793650.7936507936,1204819.277108434,5161.944444444445,7836.204819277111,7836.204819277111,1204819.277108434,0.9090909090909092,0.04,0.2057416267942584,1,57.15416
Nangate45,NORX1,NOR3_X1,A2,ZN,rise,198.535,0.00853286,1.1,25.0,171.25199999999998,1.5180722891566267,1.26e-06,8.299999999999999e-07,0,1,1,5.295989659538859,0.0084966609254384,793650.7936507936,1204819.277108434,6772.11111111111,10280.554216867473,6772.11111111111,793650.7936507936,0.9090909090909092,0.04,0.2057416267942584,1,162.57732
Nangate45,NORX1,NOR4_X1,A3,ZN,fall,17.1859,0.00342249,1.1,25.0,17.340899999999998,1.5180722891566267,1.26e-06,8.299999999999999e-07,0,1,1,2.900646568553312,0.0034166466099336,793650.7936507936,1204819.277108434,2716.2619047619046,4123.481927710844,4123.481927710844,1204819.277108434,0.9090909090909092,0.04,0.2057416267942584,1,16.21274
Nangate45,INVX1,INV_X1,A,ZN,fall,130.081,0.00759125,1.1,25.0,29.5626,1.5180722891566267,6.3e-07,4.1500000000000005e-07,1,1,1,4.875815452730412,0.0075625814570239,1587301.5873015872,2409638.554216868,12049.603174603171,18292.1686746988,18292.1686746988,2409638.554216868,0.9090909090909092,0.04,0.2057416267942584,1,61.711555
Nangate45,NORX1,NOR3_X1,A1,ZN,rise,198.535,0.000686498,1.1,25.0,88.19720000000001,1.5180722891566267,1.26e-06,8.299999999999999e-07,0,1,1,5.295989659538859,0.0006862624680366,793650.7936507936,1204819.277108434,544.8396825396825,827.1060240963857,544.8396825396825,793650.7936507936,0.9090909090909092,0.04,0.2057416267942584,1,90.75963
Nangate45,XORX1,XOR2_X1,B,Z,rise,40.9838,0.0015831,1.1,25.0,45.629000000000005,1.5135135135135138,2.52e-06,1.6649999999999995e-06,0,1,1,3.737283829590765,0.0015818482181514,396825.3968253968,600600.6006006007,628.2142857142857,950.8108108108112,628.2142857142857,396825.3968253968,0.9090909090909092,0.04,0.2043010752688172,1,55.743263
Nangate45,NORX1,NOR3_X1,A2,ZN,rise,78.0596,0.000686498,1.1,25.0,58.0992,1.5180722891566267,1.26e-06,8.299999999999999e-07,0,1,1,4.370201998407221,0.0006862624680366,793650.7936507936,1204819.277108434,544.8396825396825,827.1060240963857,544.8396825396825,793650.7936507936,0.9090909090909092,0.04,0.2057416267942584,1,63.102318
Nangate45,NANDX1,NAND3_X1,A3,ZN,fall,198.535,0.0583649,1.1,25.0,227.87,1.5180722891566267,1.26e-06,8.299999999999999e-07,0,1,1,5.295989659538859,0.0567251700033895,793650.7936507936,1204819.277108434,46321.3492063492,70319.15662650602,70319.15662650602,1204819.277108434,0.9090909090909092,0.04,0.2057416267942584,1,220.98518
Nangate45,NANDX1,NAND4_X1,A1,ZN,rise,40.9838,0.000365616,1.1,25.0,24.7632,1.5180722891566267,1.26e-06,8.299999999999999e-07,0,1,1,3.737283829590765,0.000365549178757,793650.7936507936,1204819.277108434,290.1714285714286,440.5012048192772,290.1714285714286,793650.7936507936,0.9090909090909092,0.04,0.2057416267942584,1,29.104277
Nangate45,NORX1,NOR4_X1,A1,ZN,rise,17.1859,0.0104713,1.1,25.0,142.80100000000002,1.5180722891566267,1.26e-06,8.299999999999999e-07,0,1,1,2.900646568553312,0.010416855676904,793650.7936507936,1204819.277108434,8310.555555555555,12616.024096385545,8310.555555555555,793650.7936507936,0.9090909090909092,0.04,0.2057416267942584,1,112.48352
Nangate45,NORX1,NOR4_X1,A3,ZN,fall,4.72397,0.00195665,1.1,25.0,9.727049999999998,1.5180722891566267,1.26e-06,8.299999999999999e-07,0,1,1,1.7446626205903233,0.0019547382537281,793650.7936507936,1204819.277108434,1552.8968253968253,2357.409638554217,2357.409638554217,1204819.277108434,0.9090909090909092,0.04,0.2057416267942584,1,10.909922
Nangate45,INVX1,INV_X1,A,ZN,fall,1.1737799999999998,0.030365,1.1,25.0,39.8747,1.5180722891566267,6.3e-07,4.1500000000000005e-07,1,1,1,0.7764675876261998,0.0299131083997428,1587301.5873015872,2409638.554216868,48198.41269841269,73168.67469879519,73168.67469879519,2409638.554216868,0.9090909090909092,0.04,0.2057416267942584,1,25.577747
Nangate45,XORX1,XOR2_X1,A,Z,rise,17.1859,0.0031662,1.1,25.0,56.29,1.5135135135135138,2.52e-06,1.6649999999999995e-06,0,1,1,2.900646568553312,0.0031611981439168,396825.3968253968,600600.6006006007,1256.428571428571,1901.621621621622,1256.428571428571,396825.3968253968,0.9090909090909092,0.04,0.2043010752688172,1,52.773746
Nangate45,NORX1,NOR2_X1,A2,ZN,rise,40.9838,0.00333786,1.1,25.0,49.0443,1.5180722891566267,1.26e-06,8.299999999999999e-07,0,1,1,3.737283829590765,0.0033323017104042,793650.7936507936,1204819.277108434,2649.095238095238,4021.518072289157,2649.095238095238,793650.7936507936,0.9090909090909092,0.04,0.2057416267942584,1,60.97517
Nangate45,NORX1,NOR4_X1,A1,ZN,rise,40.9838,0.000365616,1.1,25.0,47.6921,1.5180722891566267,1.26e-06,8.299999999999999e-07,0,1,1,3.737283829590765,0.000365549178757,793650.7936507936,1204819.277108434,290.1714285714286,440.5012048192772,290.1714285714286,793650.7936507936,0.9090909090909092,0.04,0.2057416267942584,1,50.872097
Nangate45,NORX1,XNOR2_X1,B,ZN,fall,40.9838,0.00650405,1.1,25.0,64.956,1.5180722891566267,1.26e-06,8.299999999999999e-07,0,1,1,3.737283829590765,0.0064829899346209,793650.7936507936,1204819.277108434,5161.944444444445,7836.204819277111,7836.204819277111,1204819.277108434,0.9090909090909092,0.04,0.2057416267942584,1,24.595428
Nangate45,XORX1,XOR2_X1,A,Z,fall,198.535,0.000365616,1.1,25.0,4.299,1.5135135135135138,2.52e-06,1.6649999999999995e-06,0,1,1,5.295989659538859,0.000365549178757,396825.3968253968,600600.6006006007,145.0857142857143,219.58918918918928,219.58918918918928,600600.6006006007,0.9090909090909092,0.04,0.2043010752688172,1,46.155247
Nangate45,NORX1,NOR4_X1,A1,ZN,fall,1.1737799999999998,0.0104713,1.1,25.0,17.2904,1.5180722891566267,1.26e-06,8.299999999999999e-07,0,1,1,0.7764675876261998,0.010416855676904,793650.7936507936,1204819.277108434,8310.555555555555,12616.024096385545,12616.024096385545,1204819.277108434,0.9090909090909092,0.04,0.2057416267942584,1,46.04086
Nangate45,NORX1,NOR2_X1,A1,ZN,fall,40.9838,0.0133515,1.1,25.0,36.029,1.5180722891566267,1.26e-06,8.299999999999999e-07,0,1,1,3.737283829590765,0.0132631542209015,793650.7936507936,1204819.277108434,10596.42857142857,16086.144578313257,16086.144578313257,1204819.277108434,0.9090909090909092,0.04,0.2057416267942584,1,40.83939
Nangate45,INVX2,INV_X2,A,ZN,rise,17.1859,0.0151825,1.1,25.0,31.4406,1.5180722891566267,1.26e-06,8.299999999999999e-07,1,1,1,2.900646568553312,0.0150683992868016,793650.7936507936,1204819.277108434,12049.603174603171,18292.1686746988,12049.603174603171,793650.7936507936,0.9090909090909092,0.04,0.2057416267942584,1,32.867607
Nangate45,XORX1,XOR2_X1,B,Z,fall,4.72397,0.0253296,1.1,25.0,88.208,1.5135135135135138,2.52e-06,1.6649999999999995e-06,0,1,1,1.7446626205903233,0.0250141218763313,396825.3968253968,600600.6006006007,10051.42857142857,15212.972972972975,15212.972972972975,600600.6006006007,0.9090909090909092,0.04,0.2043010752688172,1,59.837032
Nangate45,NANDX1,NAND4_X1,A3,ZN,rise,4.72397,0.0559998,1.1,25.0,150.666,1.5180722891566267,1.26e-06,8.299999999999999e-07,0,1,1,1.7446626205903233,0.0544879958901124,793650.7936507936,1204819.277108434,44444.28571428572,67469.63855421687,44444.28571428572,793650.7936507936,0.9090909090909092,0.04,0.2057416267942584,1,166.15813
Nangate45,NANDX1,NAND3_X1,A1,ZN,rise,17.1859,0.00729561,1.1,25.0,33.505399999999995,1.5180722891566267,1.26e-06,8.299999999999999e-07,0,1,1,2.900646568553312,0.0072691257717537,793650.7936507936,1204819.277108434,5790.166666666666,8789.891566265062,5790.166666666666,793650.7936507936,0.9090909090909092,0.04,0.2057416267942584,1,41.497036
Nangate45,INVX1,TINV_X1,I,ZN,fall,17.1859,0.006518463229,1.1,25.0,28.3836,1.5180722891566267,6.3e-07,4.1500000000000005e-07,1,1,1,2.900646568553312,0.0064973099225053,1587301.5873015872,2409638.554216868,10346.76703015873,15707.140310843375,15707.140310843375,2409638.554216868,0.9090909090909092,0.04,0.2057416267942584,1,33.737465
Nangate45,NANDX1,NAND4_X1,A3,ZN,rise,130.081,0.000365616,1.1,25.0,51.4158,1.5180722891566267,1.26e-06,8.299999999999999e-07,0,1,1,4.875815452730412,0.000365549178757,793650.7936507936,1204819.277108434,290.1714285714286,440.5012048192772,290.1714285714286,793650.7936507936,0.9090909090909092,0.04,0.2057416267942584,1,42.83819
Nangate45,NORX1,NOR2_X1,A1,ZN,rise,78.0596,0.000365616,1.1,25.0,38.1015,1.5180722891566267,1.26e-06,8.299999999999999e-07,0,1,1,4.370201998407221,0.000365549178757,793650.7936507936,1204819.277108434,290.1714285714286,440.5012048192772,290.1714285714286,793650.7936507936,0.9090909090909092,0.04,0.2057416267942584,1,57.23145
Nangate45,NORX1,NOR3_X1,A1,ZN,rise,78.0596,0.0160217,1.1,25.0,175.26,1.5180722891566267,1.26e-06,8.299999999999999e-07,0,1,1,4.370201998407221,0.0158947071959221,793650.7936507936,1204819.277108434,12715.63492063492,19303.253012048197,12715.63492063492,793650.7936507936,0.9090909090909092,0.04,0.2057416267942584,1,159.52892
Nangate45,NANDX1,NAND3_X1,A2,ZN,rise,4.72397,0.000365616,1.1,25.0,12.5676,1.5180722891566267,1.26e-06,8.299999999999999e-07,0,1,1,1.7446626205903233,0.000365549178757,793650.7936507936,1204819.277108434,290.1714285714286,440.5012048192772,290.1714285714286,793650.7936507936,0.9090909090909092,0.04,0.2057416267942584,1,19.209898
Nangate45,NANDX1,NAND3_X1,A3,ZN,fall,130.081,0.0145912,1.1,25.0,80.17280000000001,1.5180722891566267,1.26e-06,8.299999999999999e-07,0,1,1,4.875815452730412,0.0144857727440233,793650.7936507936,1204819.277108434,11580.31746031746,17579.75903614458,17579.75903614458,1204819.277108434,0.9090909090909092,0.04,0.2057416267942584,1,78.85795
Nangate45,INVX1,INV_X1,A,ZN,rise,17.1859,0.00759125,1.1,25.0,31.245,1.5180722891566267,6.3e-07,4.1500000000000005e-07,1,1,1,2.900646568553312,0.0075625814570239,1587301.5873015872,2409638.554216868,12049.603174603171,18292.1686746988,12049.603174603171,1587301.5873015872,0.9090909090909092,0.04,0.2057416267942584,1,51.12844
Nangate45,NANDX1,NAND4_X1,A3,ZN,fall,17.1859,0.0279999,1.1,25.0,132.843,1.5180722891566267,1.26e-06,8.299999999999999e-07,0,1,1,2.900646568553312,0.027615069756704,793650.7936507936,1204819.277108434,22222.14285714286,33734.81927710844,33734.81927710844,1204819.277108434,0.9090909090909092,0.04,0.2057416267942584,1,75.21014
Nangate45,NORX1,NOR3_X1,A1,ZN,fall,130.081,0.00853286,1.1,25.0,33.0291,1.5180722891566267,1.26e-06,8.299999999999999e-07,0,1,1,4.875815452730412,0.0084966609254384,793650.7936507936,1204819.277108434,6772.11111111111,10280.554216867473,10280.554216867473,1204819.277108434,0.9090909090909092,0.04,0.2057416267942584,1,50.997013
Nangate45,NORX1,XNOR2_X1,B,ZN,rise,198.535,0.0260162,1.1,25.0,230.919,1.5180722891566267,1.26e-06,8.299999999999999e-07,0,1,1,5.295989659538859,0.0256835360976095,793650.7936507936,1204819.277108434,20647.77777777778,31344.819277108443,20647.77777777778,793650.7936507936,0.9090909090909092,0.04,0.2057416267942584,1,173.68155
Nangate45,INVX1,INV_X16,A,ZN,fall,198.535,0.24231,1.1,25.0,54.7656,1.5180722891566267,6.3e-07,4.1500000000000005e-07,1,1,1,5.295989659538859,0.2169725497905428,1587301.5873015872,2409638.554216868,384619.0476190476,583879.5180722892,583879.5180722892,2409638.554216868,0.9090909090909092,0.04,0.2057416267942584,1,48.490612
Nangate45,XORX1,XOR2_X1,A,Z,rise,78.0596,0.00079155,1.1,25.0,50.595,1.5135135135135138,2.52e-06,1.6649999999999995e-06,0,1,1,4.370201998407221,0.0007912368895162,396825.3968253968,600600.6006006007,314.10714285714283,475.40540540540553,314.10714285714283,396825.3968253968,0.9090909090909092,0.04,0.2043010752688172,1,58.30135
Nangate45,NANDX1,NAND2_X1,A2,ZN,rise,198.535,0.000365616,1.1,25.0,52.4032,1.5180722891566267,1.26e-06,8.299999999999999e-07,0,1,1,5.295989659538859,0.000365549178757,793650.7936507936,1204819.277108434,290.1714285714286,440.5012048192772,290.1714285714286,793650.7936507936,0.9090909090909092,0.04,0.2057416267942584,1,56.03515
Nangate45,NORX1,NOR2_X1,A2,ZN,fall,17.1859,0.00166893,1.1,25.0,12.1301,1.5180722891566267,1.26e-06,8.299999999999999e-07,0,1,1,2.900646568553312,0.001667538883896,793650.7936507936,1204819.277108434,1324.547619047619,2010.7590361445789,2010.7590361445789,1204819.277108434,0.9090909090909092,0.04,0.2057416267942584,1,13.357393
Nangate45,NORX1,NOR4_X1,A4,ZN,rise,78.0596,0.00111862,1.1,25.0,91.0031,1.5180722891566267,1.26e-06,8.299999999999999e-07,0,1,1,4.370201998407221,0.001117994810837,793650.7936507936,1204819.277108434,887.7936507936508,1347.7349397590365,887.7936507936508,793650.7936507936,0.9090909090909092,0.04,0.2057416267942584,1,74.97218
Nangate45,NANDX1,NAND3_X1,A2,ZN,fall,130.081,0.00729561,1.1,25.0,64.8364,1.5180722891566267,1.26e-06,8.299999999999999e-07,0,1,1,4.875815452730412,0.0072691257717537,793650.7936507936,1204819.277108434,5790.166666666666,8789.891566265062,8789.891566265062,1204819.277108434,0.9090909090909092,0.04,0.2057416267942584,1,51.82869
Nangate45,INVX1,INV_X1,A,ZN,rise,78.0596,0.00759125,1.1,25.0,57.5993,1.5180722891566267,6.3e-07,4.1500000000000005e-07,1,1,1,4.370201998407221,0.0075625814570239,1587301.5873015872,2409638.554216868,12049.603174603171,18292.1686746988,12049.603174603171,1587301.5873015872,0.9090909090909092,0.04,0.2057416267942584,1,73.883
Nangate45,NORX1,NOR2_X1,A2,ZN,fall,78.0596,0.000834466,1.1,25.0,10.8072,1.5180722891566267,1.26e-06,8.299999999999999e-07,0,1,1,4.370201998407221,0.0008341180268151,793650.7936507936,1204819.277108434,662.2746031746032,1005.3807228915664,1005.3807228915664,1204819.277108434,0.9090909090909092,0.04,0.2057416267942584,1,14.1466055
Nangate45,NANDX1,NAND3_X1,A3,ZN,rise,198.535,0.000365616,1.1,25.0,60.7943,1.5180722891566267,1.26e-06,8.299999999999999e-07,0,1,1,5.295989659538859,0.000365549178757,793650.7936507936,1204819.277108434,290.1714285714286,440.5012048192772,290.1714285714286,793650.7936507936,0.9090909090909092,0.04,0.2057416267942584,1,56.950703
Nangate45,NANDX1,NAND4_X1,A2,ZN,fall,40.9838,0.0279999,1.1,25.0,139.491,1.5180722891566267,1.26e-06,8.299999999999999e-07,0,1,1,3.737283829590765,0.027615069756704,793650.7936507936,1204819.277108434,22222.14285714286,33734.81927710844,33734.81927710844,1204819.277108434,0.9090909090909092,0.04,0.2057416267942584,1,99.56332
Nangate45,NORX1,NOR4_X1,A3,ZN,fall,78.0596,0.00111862,1.1,25.0,16.9632,1.5180722891566267,1.26e-06,8.299999999999999e-07,0,1,1,4.370201998407221,0.001117994810837,793650.7936507936,1204819.277108434,887.7936507936508,1347.7349397590365,1347.7349397590365,1204819.277108434,0.9090909090909092,0.04,0.2057416267942584,1,17.943235
Nangate45,NORX1,XNOR2_X1,A,ZN,fall,40.9838,0.00650405,1.1,25.0,35.354,1.5180722891566267,1.26e-06,8.299999999999999e-07,0,1,1,3.737283829590765,0.0064829899346209,793650.7936507936,1204819.277108434,5161.944444444445,7836.204819277111,7836.204819277111,1204819.277108434,0.9090909090909092,0.04,0.2057416267942584,1,24.595428
Nangate45,INVX1,INV_X16,A,ZN,rise,40.9838,0.0302886999999999,1.1,25.0,25.0112,1.5180722891566267,6.3e-07,4.1500000000000005e-07,1,1,1,3.737283829590765,0.0298390542294231,1587301.5873015872,2409638.554216868,48077.30158730158,72984.81927710844,48077.30158730158,1587301.5873015872,0.9090909090909092,0.04,0.2057416267942584,1,95.64455
Nangate45,NANDX1,NAND4_X1,A3,ZN,rise,17.1859,0.0017499899999999,1.1,25.0,25.8805,1.5180722891566267,1.26e-06,8.299999999999999e-07,0,1,1,2.900646568553312,0.0017484605515862,793650.7936507936,1204819.277108434,1388.8809523809523,2108.421686746988,1388.8809523809523,793650.7936507936,0.9090909090909092,0.04,0.2057416267942584,1,25.848011
Nangate45,NANDX1,NAND4_X1,A4,ZN,fall,198.535,0.0017499899999999,1.1,25.0,38.2682,1.5180722891566267,1.26e-06,8.299999999999999e-07,0,1,1,5.295989659538859,0.0017484605515862,793650.7936507936,1204819.277108434,1388.8809523809523,2108.421686746988,2108.421686746988,1204819.277108434,0.9090909090909092,0.04,0.2057416267942584,1,44.947563
Nangate45,XORX1,XOR2_X1,A,Z,fall,130.081,0.00079155,1.1,25.0,13.713,1.5135135135135138,2.52e-06,1.6649999999999995e-06,0,1,1,4.875815452730412,0.0007912368895162,396825.3968253968,600600.6006006007,314.10714285714283,475.40540540540553,475.40540540540553,600600.6006006007,0.9090909090909092,0.04,0.2043010752688172,1,37.259266
Nangate45,NORX1,NOR4_X1,A4,ZN,fall,130.081,0.00195665,1.1,25.0,19.2922,1.5180722891566267,1.26e-06,8.299999999999999e-07,0,1,1,4.875815452730412,0.0019547382537281,793650.7936507936,1204819.277108434,1552.8968253968253,2357.409638554217,2357.409638554217,1204819.277108434,0.9090909090909092,0.04,0.2057416267942584,1,32.70725
Nangate45,NANDX1,NAND2_X1,A1,ZN,rise,130.081,0.00741959,1.1,25.0,72.7012,1.5180722891566267,1.26e-06,8.299999999999999e-07,0,1,1,4.875815452730412,0.0073922002392085,793650.7936507936,1204819.277108434,5888.563492063492,8939.265060240965,5888.563492063492,793650.7936507936,0.9090909090909092,0.04,0.2057416267942584,1,98.814865
Nangate45,NANDX1,NAND3_X1,A1,ZN,fall,40.9838,0.0583649,1.1,25.0,196.655,1.5180722891566267,1.26e-06,8.299999999999999e-07,0,1,1,3.737283829590765,0.0567251700033895,793650.7936507936,1204819.277108434,46321.3492063492,70319.15662650602,70319.15662650602,1204819.277108434,0.9090909090909092,0.04,0.2057416267942584,1,170.38261
Nangate45,NORX1,NOR3_X1,A1,ZN,rise,40.9838,0.001289,1.1,25.0,45.276,1.5180722891566267,1.26e-06,8.299999999999999e-07,0,1,1,3.737283829590765,0.0012881699527107,793650.7936507936,1204819.277108434,1023.015873015873,1553.012048192771,1023.015873015873,793650.7936507936,0.9090909090909092,0.04,0.2057416267942584,1,82.46568
Nangate45,NORX1,NOR4_X1,A1,ZN,fall,78.0596,0.00063952,1.1,25.0,7.65007,1.5180722891566267,1.26e-06,8.299999999999999e-07,0,1,1,4.370201998407221,0.0006393155942278,793650.7936507936,1204819.277108434,507.5555555555555,770.5060240963857,770.5060240963857,1204819.277108434,0.9090909090909092,0.04,0.2057416267942584,1,20.662926
Nangate45,NANDX1,NAND4_X1,A4,ZN,rise,17.1859,0.000365616,1.1,25.0,23.7106,1.5180722891566267,1.26e-06,8.299999999999999e-07,0,1,1,2.900646568553312,0.000365549178757,793650.7936507936,1204819.277108434,290.1714285714286,440.5012048192772,290.1714285714286,793650.7936507936,0.9090909090909092,0.04,0.2057416267942584,1,23.607725
Nangate45,NORX1,XNOR2_X1,A,ZN,rise,17.1859,0.000365616,1.1,25.0,36.85,1.5180722891566267,1.26e-06,8.299999999999999e-07,0,1,1,2.900646568553312,0.000365549178757,793650.7936507936,1204819.277108434,290.1714285714286,440.5012048192772,290.1714285714286,793650.7936507936,0.9090909090909092,0.04,0.2057416267942584,1,50.342884
Nangate45,NANDX1,NAND2_X1,A1,ZN,fall,1.1737799999999998,0.0148392,1.1,25.0,37.0876,1.5180722891566267,1.26e-06,8.299999999999999e-07,0,1,1,0.7764675876261998,0.0147301762980792,793650.7936507936,1204819.277108434,11777.142857142857,17878.554216867473,17878.554216867473,1204819.277108434,0.9090909090909092,0.04,0.2057416267942584,1,48.338676
Nangate45,NORX1,NOR4_X1,A1,ZN,rise,4.72397,0.000365616,1.1,25.0,29.8453,1.5180722891566267,1.26e-06,8.299999999999999e-07,0,1,1,1.7446626205903233,0.000365549178757,793650.7936507936,1204819.277108434,290.1714285714286,440.5012048192772,290.1714285714286,793650.7936507936,0.9090909090909092,0.04,0.2057416267942584,1,36.983944
Nangate45,INVX2,INV_X2,A,ZN,fall,1.1737799999999998,0.00759125,1.1,25.0,7.76557,1.5180722891566267,1.26e-06,8.299999999999999e-07,1,1,1,0.7764675876261998,0.0075625814570239,793650.7936507936,1204819.277108434,6024.801587301587,9146.0843373494,9146.0843373494,1204819.277108434,0.9090909090909092,0.04,0.2057416267942584,1,6.71121
Nangate45,NORX1,XNOR2_X1,A,ZN,rise,40.9838,0.000813006,1.1,25.0,44.497,1.5180722891566267,1.26e-06,8.299999999999999e-07,0,1,1,3.737283829590765,0.0008126756896393,793650.7936507936,1204819.277108434,645.2428571428571,979.5253012048196,645.2428571428571,793650.7936507936,0.9090909090909092,0.04,0.2057416267942584,1,52.092136
Nangate45,NORX1,XNOR2_X1,A,ZN,fall,198.535,0.00650405,1.1,25.0,103.334,1.5180722891566267,1.26e-06,8.299999999999999e-07,0,1,1,5.295989659538859,0.0064829899346209,793650.7936507936,1204819.277108434,5161.944444444445,7836.204819277111,7836.204819277111,1204819.277108434,0.9090909090909092,0.04,0.2057416267942584,1,57.16709
Nangate45,NANDX1,NAND4_X1,A4,ZN,rise,130.081,0.000365616,1.1,25.0,56.5259,1.5180722891566267,1.26e-06,8.299999999999999e-07,0,1,1,4.875815452730412,0.000365549178757,793650.7936507936,1204819.277108434,290.1714285714286,440.5012048192772,290.1714285714286,793650.7936507936,0.9090909090909092,0.04,0.2057416267942584,1,42.83819
Nangate45,NANDX1,NAND4_X1,A1,ZN,fall,40.9838,0.000365616,1.1,25.0,26.8061,1.5180722891566267,1.26e-06,8.299999999999999e-07,0,1,1,3.737283829590765,0.000365549178757,793650.7936507936,1204819.277108434,290.1714285714286,440.5012048192772,440.5012048192772,1204819.277108434,0.9090909090909092,0.04,0.2057416267942584,1,18.83766
Nangate45,NANDX1,NAND4_X1,A2,ZN,fall,130.081,0.0559998,1.1,25.0,278.497,1.5180722891566267,1.26e-06,8.299999999999999e-07,0,1,1,4.875815452730412,0.0544879958901124,793650.7936507936,1204819.277108434,44444.28571428572,67469.63855421687,67469.63855421687,1204819.277108434,0.9090909090909092,0.04,0.2057416267942584,1,197.9972
Nangate45,NANDX1,NAND4_X1,A4,ZN,rise,1.1737799999999998,0.000365616,1.1,25.0,15.7663,1.5180722891566267,1.26e-06,8.299999999999999e-07,0,1,1,0.7764675876261998,0.000365549178757,793650.7936507936,1204819.277108434,290.1714285714286,440.5012048192772,290.1714285714286,793650.7936507936,0.9090909090909092,0.04,0.2057416267942584,1,23.779034
Nangate45,NORX1,XNOR2_X1,B,ZN,fall,1.1737799999999998,0.000365616,1.1,25.0,9.735,1.5180722891566267,1.26e-06,8.299999999999999e-07,0,1,1,0.7764675876261998,0.000365549178757,793650.7936507936,1204819.277108434,290.1714285714286,440.5012048192772,440.5012048192772,1204819.277108434,0.9090909090909092,0.04,0.2057416267942584,1,10.347366
Nangate45,NORX1,NOR4_X1,A3,ZN,fall,40.9838,0.000365616,1.1,25.0,14.4607,1.5180722891566267,1.26e-06,8.299999999999999e-07,0,1,1,3.737283829590765,0.000365549178757,793650.7936507936,1204819.277108434,290.1714285714286,440.5012048192772,440.5012048192772,1204819.277108434,0.9090909090909092,0.04,0.2057416267942584,1,20.26925
Nangate45,INVX2,INV_X2,A,ZN,fall,4.72397,0.0151825,1.1,25.0,13.8926,1.5180722891566267,1.26e-06,8.299999999999999e-07,1,1,1,1.7446626205903233,0.0150683992868016,793650.7936507936,1204819.277108434,12049.603174603171,18292.1686746988,18292.1686746988,1204819.277108434,0.9090909090909092,0.04,0.2057416267942584,1,12.95828
Nangate45,NANDX1,NAND3_X1,A2,ZN,fall,78.0596,0.0583649,1.1,25.0,211.518,1.5180722891566267,1.26e-06,8.299999999999999e-07,0,1,1,4.370201998407221,0.0567251700033895,793650.7936507936,1204819.277108434,46321.3492063492,70319.15662650602,70319.15662650602,1204819.277108434,0.9090909090909092,0.04,0.2057416267942584,1,181.48753
Nangate45,NANDX1,NAND3_X1,A2,ZN,fall,78.0596,0.00364781,1.1,25.0,41.4376,1.5180722891566267,1.26e-06,8.299999999999999e-07,0,1,1,4.370201998407221,0.0036411728768477,793650.7936507936,1204819.277108434,2895.0873015873017,4394.951807228917,4394.951807228917,1204819.277108434,0.9090909090909092,0.04,0.2057416267942584,1,30.250635
Nangate45,NANDX1,NAND4_X1,A3,ZN,rise,78.0596,0.000365616,1.1,25.0,41.5,1.5180722891566267,1.26e-06,8.299999999999999e-07,0,1,1,4.370201998407221,0.000365549178757,793650.7936507936,1204819.277108434,290.1714285714286,440.5012048192772,290.1714285714286,793650.7936507936,0.9090909090909092,0.04,0.2057416267942584,1,34.744133
Nangate45,NORX1,XNOR2_X1,A,ZN,rise,40.9838,0.00325202,1.1,25.0,50.824,1.5180722891566267,1.26e-06,8.299999999999999e-07,0,1,1,3.737283829590765,0.0032467436191291,793650.7936507936,1204819.277108434,2580.968253968254,3918.096385542169,2580.968253968254,793650.7936507936,0.9090909090909092,0.04,0.2057416267942584,1,60.975132
Nangate45,NORX1,XNOR2_X1,B,ZN,rise,1.1737799999999998,0.00650405,1.1,25.0,47.553,1.5180722891566267,1.26e-06,8.299999999999999e-07,0,1,1,0.7764675876261998,0.0064829899346209,793650.7936507936,1204819.277108434,5161.944444444445,7836.204819277111,5161.944444444445,793650.7936507936,0.9090909090909092,0.04,0.2057416267942584,1,51.643784
Nangate45,INVX2,INV_X2,A,ZN,fall,78.0596,0.0151825,1.1,25.0,28.65,1.5180722891566267,1.26e-06,8.299999999999999e-07,1,1,1,4.370201998407221,0.0150683992868016,793650.7936507936,1204819.277108434,12049.603174603171,18292.1686746988,18292.1686746988,1204819.277108434,0.9090909090909092,0.04,0.2057416267942584,1,21.29401
Nangate45,XORX1,XOR2_X1,A,Z,rise,198.535,0.0031662,1.1,25.0,60.268,1.5135135135135138,2.52e-06,1.6649999999999995e-06,0,1,1,5.295989659538859,0.0031611981439168,396825.3968253968,600600.6006006007,1256.428571428571,1901.621621621622,1256.428571428571,396825.3968253968,0.9090909090909092,0.04,0.2043010752688172,1,101.1908
Nangate45,NORX1,NOR4_X1,A3,ZN,rise,198.535,0.00111862,1.1,25.0,115.5,1.5180722891566267,1.26e-06,8.299999999999999e-07,0,1,1,5.295989659538859,0.001117994810837,793650.7936507936,1204819.277108434,887.7936507936508,1347.7349397590365,887.7936507936508,793650.7936507936,0.9090909090909092,0.04,0.2057416267942584,1,96.47046
Nangate45,NORX1,NOR3_X1,A2,ZN,fall,40.9838,0.001289,1.1,25.0,14.227,1.5180722891566267,1.26e-06,8.299999999999999e-07,0,1,1,3.737283829590765,0.0012881699527107,793650.7936507936,1204819.277108434,1023.015873015873,1553.012048192771,1553.012048192771,1204819.277108434,0.9090909090909092,0.04,0.2057416267942584,1,17.44987
Nangate45,XORX1,XOR2_X1,B,Z,rise,4.72397,0.0126648,1.1,25.0,97.632,1.5135135135135138,2.52e-06,1.6649999999999995e-06,0,1,1,1.7446626205903233,0.0125852721858001,396825.3968253968,600600.6006006007,5025.714285714285,7606.486486486488,5025.714285714285,396825.3968253968,0.9090909090909092,0.04,0.2043010752688172,1,74.02922
Nangate45,NORX1,NOR2_X1,A1,ZN,rise,78.0596,0.0133515,1.1,25.0,115.113,1.5180722891566267,1.26e-06,8.299999999999999e-07,0,1,1,4.370201998407221,0.0132631542209015,793650.7936507936,1204819.277108434,10596.42857142857,16086.144578313257,10596.42857142857,793650.7936507936,0.9090909090909092,0.04,0.2057416267942584,1,150.07692
Nangate45,INVX1,INV_X1,A,ZN,rise,40.9838,0.00759125,1.1,25.0,43.744,1.5180722891566267,6.3e-07,4.1500000000000005e-07,1,1,1,3.737283829590765,0.0075625814570239,1587301.5873015872,2409638.554216868,12049.603174603171,18292.1686746988,12049.603174603171,1587301.5873015872,0.9090909090909092,0.04,0.2057416267942584,1,62.17148
Nangate45,XORX1,XOR2_X1,B,Z,rise,1.1737799999999998,0.0126648,1.1,25.0,96.105,1.5135135135135138,2.52e-06,1.6649999999999995e-06,0,1,1,0.7764675876261998,0.0125852721858001,396825.3968253968,600600.6006006007,5025.714285714285,7606.486486486488,5025.714285714285,396825.3968253968,0.9090909090909092,0.04,0.2043010752688172,1,67.387985
Nangate45,NORX1,NOR4_X1,A4,ZN,fall,78.0596,0.00195665,1.1,25.0,20.9735,1.5180722891566267,1.26e-06,8.299999999999999e-07,0,1,1,4.370201998407221,0.0019547382537281,793650.7936507936,1204819.277108434,1552.8968253968253,2357.409638554217,2357.409638554217,1204819.277108434,0.9090909090909092,0.04,0.2057416267942584,1,19.83886
Nangate45,INVX1,TINV_X1,EN,ZN,fall,1.1737799999999998,0.01217354323,1.1,25.0,42.773,1.5180722891566267,6.3e-07,4.1500000000000005e-07,1,1,1,0.7764675876261998,0.0121000415684708,1587301.5873015872,2409638.554216868,19323.08449206349,29333.839108433735,29333.839108433735,2409638.554216868,0.9090909090909092,0.04,0.2057416267942584,1,24.350569
Nangate45,NORX1,XNOR2_X1,B,ZN,rise,17.1859,0.0130081,1.1,25.0,68.29599999999999,1.5180722891566267,1.26e-06,8.299999999999999e-07,0,1,1,2.900646568553312,0.0129242212859107,793650.7936507936,1204819.277108434,10323.88888888889,15672.409638554222,10323.88888888889,793650.7936507936,0.9090909090909092,0.04,0.2057416267942584,1,104.58966
Nangate45,NANDX1,NAND4_X1,A1,ZN,fall,198.535,0.0559998,1.1,25.0,302.008,1.5180722891566267,1.26e-06,8.299999999999999e-07,0,1,1,5.295989659538859,0.0544879958901124,793650.7936507936,1204819.277108434,44444.28571428572,67469.63855421687,67469.63855421687,1204819.277108434,0.9090909090909092,0.04,0.2057416267942584,1,220.69789
Nangate45,XORX1,XOR2_X1,A,Z,fall,130.081,0.0015831,1.1,25.0,97.533,1.5135135135135138,2.52e-06,1.6649999999999995e-06,0,1,1,4.875815452730412,0.0015818482181514,396825.3968253968,600600.6006006007,628.2142857142857,950.8108108108112,950.8108108108112,600600.6006006007,0.9090909090909092,0.04,0.2043010752688172,1,48.054752
Nangate45,NANDX1,NAND4_X1,A2,ZN,fall,4.72397,0.0559998,1.1,25.0,234.344,1.5180722891566267,1.26e-06,8.299999999999999e-07,0,1,1,1.7446626205903233,0.0544879958901124,793650.7936507936,1204819.277108434,44444.28571428572,67469.63855421687,67469.63855421687,1204819.277108434,0.9090909090909092,0.04,0.2057416267942584,1,149.7662
Nangate45,XORX1,XOR2_X1,A,Z,fall,130.081,0.0063324,1.1,25.0,107.525,1.5135135135135138,2.52e-06,1.6649999999999995e-06,0,1,1,4.875815452730412,0.0063124345967383,396825.3968253968,600600.6006006007,2512.8571428571427,3803.243243243244,3803.243243243244,600600.6006006007,0.9090909090909092,0.04,0.2043010752688172,1,72.26033
Nangate45,NORX1,NOR3_X1,A3,ZN,rise,1.1737799999999998,0.00454444,1.1,25.0,68.6392,1.5180722891566267,1.26e-06,8.299999999999999e-07,0,1,1,0.7764675876261998,0.0045341452101301,793650.7936507936,1204819.277108434,3606.698412698413,5475.228915662652,3606.698412698413,793650.7936507936,0.9090909090909092,0.04,0.2057416267942584,1,46.748444
Nangate45,NANDX1,NAND2_X1,A1,ZN,fall,4.72397,0.00370979,1.1,25.0,15.1696,1.5180722891566267,1.26e-06,8.299999999999999e-07,0,1,1,1.7446626205903233,0.0037029257005795,793650.7936507936,1204819.277108434,2944.277777777778,4469.626506024097,4469.626506024097,1204819.277108434,0.9090909090909092,0.04,0.2057416267942584,1,17.907907
Nangate45,NORX1,XNOR2_X1,B,ZN,fall,198.535,0.00162601,1.1,25.0,25.985,1.5180722891566267,1.26e-06,8.299999999999999e-07,0,1,1,5.295989659538859,0.0016246894770018,793650.7936507936,1204819.277108434,1290.484126984127,1959.0481927710848,1959.0481927710848,1204819.277108434,0.9090909090909092,0.04,0.2057416267942584,1,47.266666
Nangate45,XORX1,XOR2_X1,B,Z,fall,17.1859,0.0253296,1.1,25.0,66.843,1.5135135135135138,2.52e-06,1.6649999999999995e-06,0,1,1,2.900646568553312,0.0250141218763313,396825.3968253968,600600.6006006007,10051.42857142857,15212.972972972975,15212.972972972975,600600.6006006007,0.9090909090909092,0.04,0.2043010752688172,1,67.17882
Nangate45,NORX1,NOR2_X1,A1,ZN,fall,17.1859,0.000365616,1.1,25.0,7.08289,1.5180722891566267,1.26e-06,8.299999999999999e-07,0,1,1,2.900646568553312,0.000365549178757,793650.7936507936,1204819.277108434,290.1714285714286,440.5012048192772,440.5012048192772,1204819.277108434,0.9090909090909092,0.04,0.2057416267942584,1,7.260041
Nangate45,NORX1,NOR4_X1,A3,ZN,fall,198.535,0.000365616,1.1,25.0,1.47807,1.5180722891566267,1.26e-06,8.299999999999999e-07,0,1,1,5.295989659538859,0.000365549178757,793650.7936507936,1204819.277108434,290.1714285714286,440.5012048192772,440.5012048192772,1204819.277108434,0.9090909090909092,0.04,0.2057416267942584,1,44.820896
Nangate45,NANDX1,NAND2_X1,A1,ZN,fall,198.535,0.0593567,1.1,25.0,210.841,1.5180722891566267,1.26e-06,8.299999999999999e-07,0,1,1,5.295989659538859,0.0576618371011917,793650.7936507936,1204819.277108434,47108.492063492056,71514.09638554217,71514.09638554217,1204819.277108434,0.9090909090909092,0.04,0.2057416267942584,1,220.98608
Nangate45,NORX1,NOR4_X1,A2,ZN,fall,130.081,0.0104713,1.1,25.0,44.2789,1.5180722891566267,1.26e-06,8.299999999999999e-07,0,1,1,4.875815452730412,0.010416855676904,793650.7936507936,1204819.277108434,8310.555555555555,12616.024096385545,12616.024096385545,1204819.277108434,0.9090909090909092,0.04,0.2057416267942584,1,68.509285
Nangate45,INVX1,TINV_X1,I,ZN,rise,130.081,0.01217354323,1.1,25.0,137.67399999999998,1.5180722891566267,6.3e-07,4.1500000000000005e-07,1,1,1,4.875815452730412,0.0121000415684708,1587301.5873015872,2409638.554216868,19323.08449206349,29333.839108433735,19323.08449206349,1587301.5873015872,0.9090909090909092,0.04,0.2057416267942584,1,85.64412
Nangate45,NORX1,XNOR2_X1,B,ZN,fall,198.535,0.00325202,1.1,25.0,36.12,1.5180722891566267,1.26e-06,8.299999999999999e-07,0,1,1,5.295989659538859,0.0032467436191291,793650.7936507936,1204819.277108434,2580.968253968254,3918.096385542169,3918.096385542169,1204819.277108434,0.9090909090909092,0.04,0.2057416267942584,1,50.644993
Nangate45,INVX1,TINV_X1,I,ZN,fall,40.9838,0.01217354323,1.1,25.0,49.8606,1.5180722891566267,6.3e-07,4.1500000000000005e-07,1,1,1,3.737283829590765,0.0121000415684708,1587301.5873015872,2409638.554216868,19323.08449206349,29333.839108433735,29333.839108433735,2409638.554216868,0.9090909090909092,0.04,0.2057416267942584,1,48.686867
Nangate45,INVX1,INV_X16,A,ZN,fall,1.1737799999999998,0.0605773999999999,1.1,25.0,7.96003,1.5180722891566267,6.3e-07,4.1500000000000005e-07,1,1,1,0.7764675876261998,0.0588134768006666,1587301.5873015872,2409638.554216868,96154.60317460317,145969.6385542169,145969.6385542169,2409638.554216868,0.9090909090909092,0.04,0.2057416267942584,1,34.940228
Nangate45,INVX1,TINV_X1,EN,ZN,fall,17.1859,0.001164659229,1.1,25.0,21.544,1.5180722891566267,6.3e-07,4.1500000000000005e-07,1,1,1,2.900646568553312,0.0011639815395739,1587301.5873015872,2409638.554216868,1848.6654428571424,2806.407780722892,2806.407780722892,2409638.554216868,0.9090909090909092,0.04,0.2057416267942584,1,10.764085
Nangate45,NORX1,NOR4_X1,A2,ZN,fall,130.081,0.00195665,1.1,25.0,13.9713,1.5180722891566267,1.26e-06,8.299999999999999e-07,0,1,1,4.875815452730412,0.0019547382537281,793650.7936507936,1204819.277108434,1552.8968253968253,2357.409638554217,2357.409638554217,1204819.277108434,0.9090909090909092,0.04,0.2057416267942584,1,32.707245
Nangate45,NANDX1,NAND4_X1,A2,ZN,fall,4.72397,0.0139999,1.1,25.0,73.2994,1.5180722891566267,1.26e-06,8.299999999999999e-07,0,1,1,1.7446626205903233,0.0139028065496571,793650.7936507936,1204819.277108434,11111.031746031746,16867.349397590366,16867.349397590366,1204819.277108434,0.9090909090909092,0.04,0.2057416267942584,1,33.553177
Nangate45,NORX1,NOR4_X1,A1,ZN,rise,198.535,0.00063952,1.1,25.0,108.577,1.5180722891566267,1.26e-06,8.299999999999999e-07,0,1,1,5.295989659538859,0.0006393155942278,793650.7936507936,1204819.277108434,507.5555555555555,770.5060240963857,507.5555555555555,793650.7936507936,0.9090909090909092,0.04,0.2057416267942584,1,133.57425
Nangate45,NORX1,XNOR2_X1,B,ZN,fall,17.1859,0.0130081,1.1,25.0,66.841,1.5180722891566267,1.26e-06,8.299999999999999e-07,0,1,1,2.900646568553312,0.0129242212859107,793650.7936507936,1204819.277108434,10323.88888888889,15672.409638554222,15672.409638554222,1204819.277108434,0.9090909090909092,0.04,0.2057416267942584,1,22.25673
Nangate45,NANDX1,NAND2_X1,A1,ZN,rise,40.9838,0.00741959,1.1,25.0,44.885,1.5180722891566267,1.26e-06,8.299999999999999e-07,0,1,1,3.737283829590765,0.0073922002392085,793650.7936507936,1204819.277108434,5888.563492063492,8939.265060240965,5888.563492063492,793650.7936507936,0.9090909090909092,0.04,0.2057416267942584,1,55.467693
Nangate45,NORX1,NOR3_X1,A2,ZN,rise,4.72397,0.000365616,1.1,25.0,32.3554,1.5180722891566267,1.26e-06,8.299999999999999e-07,0,1,1,1.7446626205903233,0.000365549178757,793650.7936507936,1204819.277108434,290.1714285714286,440.5012048192772,290.1714285714286,793650.7936507936,0.9090909090909092,0.04,0.2057416267942584,1,36.983944
Nangate45,XORX1,XOR2_X1,B,Z,rise,40.9838,0.00079155,1.1,25.0,41.162,1.5135135135135138,2.52e-06,1.6649999999999995e-06,0,1,1,3.737283829590765,0.0007912368895162,396825.3968253968,600600.6006006007,314.10714285714283,475.40540540540553,314.10714285714283,396825.3968253968,0.9090909090909092,0.04,0.2043010752688172,1,44.68243
Nangate45,INVX1,TINV_X1,EN,ZN,fall,130.081,0.001164659229,1.1,25.0,45.719,1.5180722891566267,6.3e-07,4.1500000000000005e-07,1,1,1,4.875815452730412,0.0011639815395739,1587301.5873015872,2409638.554216868,1848.6654428571424,2806.407780722892,2806.407780722892,2409638.554216868,0.9090909090909092,0.04,0.2057416267942584,1,16.487911
Nangate45,NORX1,NOR2_X1,A2,ZN,fall,17.1859,0.0267029,1.1,25.0,44.5464,1.5180722891566267,1.26e-06,8.299999999999999e-07,0,1,1,2.900646568553312,0.0263525999024103,793650.7936507936,1204819.277108434,21192.777777777777,32172.1686746988,32172.1686746988,1204819.277108434,0.9090909090909092,0.04,0.2057416267942584,1,54.534824
Nangate45,NANDX1,NAND4_X1,A2,ZN,fall,198.535,0.0017499899999999,1.1,25.0,54.5516,1.5180722891566267,1.26e-06,8.299999999999999e-07,0,1,1,5.295989659538859,0.0017484605515862,793650.7936507936,1204819.277108434,1388.8809523809523,2108.421686746988,2108.421686746988,1204819.277108434,0.9090909090909092,0.04,0.2057416267942584,1,44.817257
Nangate45,NORX1,NOR3_X1,A2,ZN,rise,1.1737799999999998,0.001289,1.1,25.0,39.3215,1.5180722891566267,1.26e-06,8.299999999999999e-07,0,1,1,0.7764675876261998,0.0012881699527107,793650.7936507936,1204819.277108434,1023.015873015873,1553.012048192771,1023.015873015873,793650.7936507936,0.9090909090909092,0.04,0.2057416267942584,1,38.496056
Nangate45,NANDX1,NAND3_X1,A2,ZN,fall,78.0596,0.0018239,1.1,25.0,32.6117,1.5180722891566267,1.26e-06,8.299999999999999e-07,0,1,1,4.370201998407221,0.0018222387141011,793650.7936507936,1204819.277108434,1447.5396825396824,2197.4698795180725,2197.4698795180725,1204819.277108434,0.9090909090909092,0.04,0.2057416267942584,1,25.896389
Nangate45,NORX1,NOR4_X1,A4,ZN,rise,1.1737799999999998,0.00063952,1.1,25.0,64.411,1.5180722891566267,1.26e-06,8.299999999999999e-07,0,1,1,0.7764675876261998,0.0006393155942278,793650.7936507936,1204819.277108434,507.5555555555555,770.5060240963857,507.5555555555555,793650.7936507936,0.9090909090909092,0.04,0.2057416267942584,1,37.296204
Nangate45,NANDX1,NAND4_X1,A2,ZN,fall,4.72397,0.00699997,1.1,25.0,46.3913,1.5180722891566267,1.26e-06,8.299999999999999e-07,0,1,1,1.7446626205903233,0.006975583944965,793650.7936507936,1204819.277108434,5555.531746031746,8433.698795180724,8433.698795180724,1204819.277108434,0.9090909090909092,0.04,0.2057416267942584,1,18.005693
Nangate45,NANDX1,NAND2_X1,A1,ZN,fall,78.0596,0.0296783,1.1,25.0,99.7348,1.5180722891566267,1.26e-06,8.299999999999999e-07,0,1,1,4.370201998407221,0.0292464233592539,793650.7936507936,1204819.277108434,23554.20634920635,35756.987951807234,35756.987951807234,1204819.277108434,0.9090909090909092,0.04,0.2057416267942584,1,113.91312
Nangate45,NANDX1,NAND3_X1,A1,ZN,fall,78.0596,0.0291825,1.1,25.0,125.293,1.5180722891566267,1.26e-06,8.299999999999999e-07,0,1,1,4.370201998407221,0.0287647977830285,793650.7936507936,1204819.277108434,23160.714285714286,35159.63855421687,35159.63855421687,1204819.277108434,0.9090909090909092,0.04,0.2057416267942584,1,113.896416
Nangate45,NORX1,NOR4_X1,A4,ZN,rise,130.081,0.00598648,1.1,25.0,155.012,1.5180722891566267,1.26e-06,8.299999999999999e-07,0,1,1,4.875815452730412,0.0059686322234213,793650.7936507936,1204819.277108434,4751.174603174603,7212.626506024098,4751.174603174603,793650.7936507936,0.9090909090909092,0.04,0.2057416267942584,1,86.31122
Nangate45,NORX1,NOR4_X1,A3,ZN,rise,17.1859,0.00598648,1.1,25.0,123.435,1.5180722891566267,1.26e-06,8.299999999999999e-07,0,1,1,2.900646568553312,0.0059686322234213,793650.7936507936,1204819.277108434,4751.174603174603,7212.626506024098,4751.174603174603,793650.7936507936,0.9090909090909092,0.04,0.2057416267942584,1,68.695656
Nangate45,NANDX1,NAND4_X1,A3,ZN,fall,1.1737799999999998,0.0017499899999999,1.1,25.0,27.3085,1.5180722891566267,1.26e-06,8.299999999999999e-07,0,1,1,0.7764675876261998,0.0017484605515862,793650.7936507936,1204819.277108434,1388.8809523809523,2108.421686746988,2108.421686746988,1204819.277108434,0.9090909090909092,0.04,0.2057416267942584,1,17.559546
Nangate45,NANDX1,NAND4_X1,A1,ZN,rise,198.535,0.0139999,1.1,25.0,119.9,1.5180722891566267,1.26e-06,8.299999999999999e-07,0,1,1,5.295989659538859,0.0139028065496571,793650.7936507936,1204819.277108434,11111.031746031746,16867.349397590366,11111.031746031746,793650.7936507936,0.9090909090909092,0.04,0.2057416267942584,1,113.23009
Nangate45,NANDX1,NAND4_X1,A3,ZN,rise,4.72397,0.0017499899999999,1.1,25.0,19.6354,1.5180722891566267,1.26e-06,8.299999999999999e-07,0,1,1,1.7446626205903233,0.0017484605515862,793650.7936507936,1204819.277108434,1388.8809523809523,2108.421686746988,1388.8809523809523,793650.7936507936,0.9090909090909092,0.04,0.2057416267942584,1,20.636337
Nangate45,XORX1,XOR2_X1,B,Z,fall,78.0596,0.0015831,1.1,25.0,21.969,1.5135135135135138,2.52e-06,1.6649999999999995e-06,0,1,1,4.370201998407221,0.0015818482181514,396825.3968253968,600600.6006006007,628.2142857142857,950.8108108108112,950.8108108108112,600600.6006006007,0.9090909090909092,0.04,0.2043010752688172,1,42.52723
Nangate45,XORX1,XOR2_X1,A,Z,fall,78.0596,0.000365616,1.1,25.0,77.39500000000001,1.5135135135135138,2.52e-06,1.6649999999999995e-06,0,1,1,4.370201998407221,0.000365549178757,396825.3968253968,600600.6006006007,145.0857142857143,219.58918918918928,219.58918918918928,600600.6006006007,0.9090909090909092,0.04,0.2043010752688172,1,28.484573
Nangate45,NORX1,NOR3_X1,A3,ZN,fall,198.535,0.0160217,1.1,25.0,63.7585,1.5180722891566267,1.26e-06,8.299999999999999e-07,0,1,1,5.295989659538859,0.0158947071959221,793650.7936507936,1204819.277108434,12715.63492063492,19303.253012048197,19303.253012048197,1204819.277108434,0.9090909090909092,0.04,0.2057416267942584,1,96.7426
Nangate45,NORX1,XNOR2_X1,B,ZN,fall,40.9838,0.000365616,1.1,25.0,50.714,1.5180722891566267,1.26e-06,8.299999999999999e-07,0,1,1,3.737283829590765,0.000365549178757,793650.7936507936,1204819.277108434,290.1714285714286,440.5012048192772,440.5012048192772,1204819.277108434,0.9090909090909092,0.04,0.2057416267942584,1,23.995024
Nangate45,NORX1,XNOR2_X1,A,ZN,rise,40.9838,0.0130081,1.1,25.0,98.242,1.5180722891566267,1.26e-06,8.299999999999999e-07,0,1,1,3.737283829590765,0.0129242212859107,793650.7936507936,1204819.277108434,10323.88888888889,15672.409638554222,10323.88888888889,793650.7936507936,0.9090909090909092,0.04,0.2057416267942584,1,114.44981
Nangate45,INVX1,TINV_X1,EN,ZN,fall,198.535,0.006518463229,1.1,25.0,79.538,1.5180722891566267,6.3e-07,4.1500000000000005e-07,1,1,1,5.295989659538859,0.0064973099225053,1587301.5873015872,2409638.554216868,10346.76703015873,15707.140310843375,15707.140310843375,2409638.554216868,0.9090909090909092,0.04,0.2057416267942584,1,68.33581
Nangate45,NANDX1,NAND4_X1,A1,ZN,rise,130.081,0.000365616,1.1,25.0,37.9666,1.5180722891566267,1.26e-06,8.299999999999999e-07,0,1,1,4.875815452730412,0.000365549178757,793650.7936507936,1204819.277108434,290.1714285714286,440.5012048192772,290.1714285714286,793650.7936507936,0.9090909090909092,0.04,0.2057416267942584,1,42.83819
Nangate45,NORX1,NOR4_X1,A2,ZN,fall,1.1737799999999998,0.00342249,1.1,25.0,9.98552,1.5180722891566267,1.26e-06,8.299999999999999e-07,0,1,1,0.7764675876261998,0.0034166466099336,793650.7936507936,1204819.277108434,2716.2619047619046,4123.481927710844,4123.481927710844,1204819.277108434,0.9090909090909092,0.04,0.2057416267942584,1,17.210428
Nangate45,NORX1,NOR3_X1,A1,ZN,fall,40.9838,0.000365616,1.1,25.0,7.54686,1.5180722891566267,1.26e-06,8.299999999999999e-07,0,1,1,3.737283829590765,0.000365549178757,793650.7936507936,1204819.277108434,290.1714285714286,440.5012048192772,440.5012048192772,1204819.277108434,0.9090909090909092,0.04,0.2057416267942584,1,23.99502
Nangate45,NANDX1,NAND4_X1,A1,ZN,rise,1.1737799999999998,0.000365616,1.1,25.0,10.334,1.5180722891566267,1.26e-06,8.299999999999999e-07,0,1,1,0.7764675876261998,0.000365549178757,793650.7936507936,1204819.277108434,290.1714285714286,440.5012048192772,290.1714285714286,793650.7936507936,0.9090909090909092,0.04,0.2057416267942584,1,23.779034
Nangate45,NORX1,NOR4_X1,A2,ZN,rise,4.72397,0.00195665,1.1,25.0,65.79459999999999,1.5180722891566267,1.26e-06,8.299999999999999e-07,0,1,1,1.7446626205903233,0.0019547382537281,793650.7936507936,1204819.277108434,1552.8968253968253,2357.409638554217,1552.8968253968253,793650.7936507936,0.9090909090909092,0.04,0.2057416267942584,1,36.1613
Nangate45,NORX1,NOR2_X1,A2,ZN,fall,4.72397,0.000834466,1.1,25.0,6.93648,1.5180722891566267,1.26e-06,8.299999999999999e-07,0,1,1,1.7446626205903233,0.0008341180268151,793650.7936507936,1204819.277108434,662.2746031746032,1005.3807228915664,1005.3807228915664,1204819.277108434,0.9090909090909092,0.04,0.2057416267942584,1,7.9351444
Nangate45,INVX1,TINV_X1,EN,ZN,fall,78.0596,0.01217354323,1.1,25.0,69.38,1.5180722891566267,6.3e-07,4.1500000000000005e-07,1,1,1,4.370201998407221,0.0121000415684708,1587301.5873015872,2409638.554216868,19323.08449206349,29333.839108433735,29333.839108433735,2409638.554216868,0.9090909090909092,0.04,0.2057416267942584,1,51.58574
Nangate45,XORX1,XOR2_X1,B,Z,fall,4.72397,0.00079155,1.1,25.0,11.42,1.5135135135135138,2.52e-06,1.6649999999999995e-06,0,1,1,1.7446626205903233,0.0007912368895162,396825.3968253968,600600.6006006007,314.10714285714283,475.40540540540553,475.40540540540553,600600.6006006007,0.9090909090909092,0.04,0.2043010752688172,1,17.591936
Nangate45,NANDX1,NAND4_X1,A3,ZN,fall,78.0596,0.0017499899999999,1.1,25.0,40.8785,1.5180722891566267,1.26e-06,8.299999999999999e-07,0,1,1,4.370201998407221,0.0017484605515862,793650.7936507936,1204819.277108434,1388.8809523809523,2108.421686746988,2108.421686746988,1204819.277108434,0.9090909090909092,0.04,0.2057416267942584,1,25.89627
Nangate45,XORX1,XOR2_X1,A,Z,fall,4.72397,0.00079155,1.1,25.0,46.242,1.5135135135135138,2.52e-06,1.6649999999999995e-06,0,1,1,1.7446626205903233,0.0007912368895162,396825.3968253968,600600.6006006007,314.10714285714283,475.40540540540553,475.40540540540553,600600.6006006007,0.9090909090909092,0.04,0.2043010752688172,1,20.527475
Nangate45,NANDX1,NAND4_X1,A3,ZN,rise,130.081,0.0139999,1.1,25.0,108.432,1.5180722891566267,1.26e-06,8.299999999999999e-07,0,1,1,4.875815452730412,0.0139028065496571,793650.7936507936,1204819.277108434,11111.031746031746,16867.349397590366,11111.031746031746,793650.7936507936,0.9090909090909092,0.04,0.2057416267942584,1,99.24761
Nangate45,NORX1,NOR4_X1,A3,ZN,fall,198.535,0.00111862,1.1,25.0,6.14132,1.5180722891566267,1.26e-06,8.299999999999999e-07,0,1,1,5.295989659538859,0.001117994810837,793650.7936507936,1204819.277108434,887.7936507936508,1347.7349397590365,1347.7349397590365,1204819.277108434,0.9090909090909092,0.04,0.2057416267942584,1,45.47985
Nangate45,NORX1,NOR3_X1,A1,ZN,rise,130.081,0.0160217,1.1,25.0,200.545,1.5180722891566267,1.26e-06,8.299999999999999e-07,0,1,1,4.875815452730412,0.0158947071959221,793650.7936507936,1204819.277108434,12715.63492063492,19303.253012048197,12715.63492063492,793650.7936507936,0.9090909090909092,0.04,0.2057416267942584,1,166.78201
Nangate45,NORX1,NOR4_X1,A2,ZN,fall,78.0596,0.0104713,1.1,25.0,41.1947,1.5180722891566267,1.26e-06,8.299999999999999e-07,0,1,1,4.370201998407221,0.010416855676904,793650.7936507936,1204819.277108434,8310.555555555555,12616.024096385545,12616.024096385545,1204819.277108434,0.9090909090909092,0.04,0.2057416267942584,1,36.83731
Nangate45,XORX1,XOR2_X1,B,Z,rise,198.535,0.000365616,1.1,25.0,81.228,1.5135135135135138,2.52e-06,1.6649999999999995e-06,0,1,1,5.295989659538859,0.000365549178757,396825.3968253968,600600.6006006007,145.0857142857143,219.58918918918928,145.0857142857143,396825.3968253968,0.9090909090909092,0.04,0.2043010752688172,1,75.52399
Nangate45,NORX1,XNOR2_X1,B,ZN,fall,78.0596,0.000813006,1.1,25.0,23.184,1.5180722891566267,1.26e-06,8.299999999999999e-07,0,1,1,4.370201998407221,0.0008126756896393,793650.7936507936,1204819.277108434,645.2428571428571,979.5253012048196,979.5253012048196,1204819.277108434,0.9090909090909092,0.04,0.2057416267942584,1,14.114169
Nangate45,XORX1,XOR2_X1,A,Z,rise,198.535,0.0126648,1.1,25.0,165.86200000000002,1.5135135135135138,2.52e-06,1.6649999999999995e-06,0,1,1,5.295989659538859,0.0125852721858001,396825.3968253968,600600.6006006007,5025.714285714285,7606.486486486488,5025.714285714285,396825.3968253968,0.9090909090909092,0.04,0.2043010752688172,1,127.56338
Nangate45,INVX2,INV_X2,A,ZN,rise,78.0596,0.00759125,1.1,25.0,42.524,1.5180722891566267,1.26e-06,8.299999999999999e-07,1,1,1,4.370201998407221,0.0075625814570239,793650.7936507936,1204819.277108434,6024.801587301587,9146.0843373494,6024.801587301587,793650.7936507936,0.9090909090909092,0.04,0.2057416267942584,1,56.326115
Nangate45,INVX1,TINV_X1,EN,ZN,fall,17.1859,0.01217354323,1.1,25.0,50.637,1.5180722891566267,6.3e-07,4.1500000000000005e-07,1,1,1,2.900646568553312,0.0121000415684708,1587301.5873015872,2409638.554216868,19323.08449206349,29333.839108433735,29333.839108433735,2409638.554216868,0.9090909090909092,0.04,0.2057416267942584,1,36.079243
Nangate45,INVX1,TINV_X1,I,ZN,rise,4.72397,0.02342024323,1.1,25.0,154.54899999999998,1.5180722891566267,6.3e-07,4.1500000000000005e-07,1,1,1,1.7446626205903233,0.0231501975625825,1587301.5873015872,2409638.554216868,37174.989253968255,56434.32103614459,37174.989253968255,1587301.5873015872,0.9090909090909092,0.04,0.2057416267942584,1,77.99078
Nangate45,NANDX1,NAND4_X1,A2,ZN,rise,4.72397,0.0139999,1.1,25.0,47.4548,1.5180722891566267,1.26e-06,8.299999999999999e-07,0,1,1,1.7446626205903233,0.0139028065496571,793650.7936507936,1204819.277108434,11111.031746031746,16867.349397590366,11111.031746031746,793650.7936507936,0.9090909090909092,0.04,0.2057416267942584,1,56.438393
Nangate45,NORX1,XNOR2_X1,B,ZN,rise,130.081,0.0260162,1.1,25.0,202.953,1.5180722891566267,1.26e-06,8.299999999999999e-07,0,1,1,4.875815452730412,0.0256835360976095,793650.7936507936,1204819.277108434,20647.77777777778,31344.819277108443,20647.77777777778,793650.7936507936,0.9090909090909092,0.04,0.2057416267942584,1,167.22658
Nangate45,NORX1,NOR2_X1,A2,ZN,fall,130.081,0.000365616,1.1,25.0,4.32232,1.5180722891566267,1.26e-06,8.299999999999999e-07,0,1,1,4.875815452730412,0.000365549178757,793650.7936507936,1204819.277108434,290.1714285714286,440.5012048192772,440.5012048192772,1204819.277108434,0.9090909090909092,0.04,0.2057416267942584,1,28.538008
Nangate45,NANDX1,NAND4_X1,A3,ZN,rise,78.0596,0.0279999,1.1,25.0,121.09,1.5180722891566267,1.26e-06,8.299999999999999e-07,0,1,1,4.370201998407221,0.027615069756704,793650.7936507936,1204819.277108434,22222.14285714286,33734.81927710844,22222.14285714286,793650.7936507936,0.9090909090909092,0.04,0.2057416267942584,1,132.11688
Nangate45,NANDX1,NAND2_X1,A1,ZN,fall,17.1859,0.0148392,1.1,25.0,43.3427,1.5180722891566267,1.26e-06,8.299999999999999e-07,0,1,1,2.900646568553312,0.0147301762980792,793650.7936507936,1204819.277108434,11777.142857142857,17878.554216867473,17878.554216867473,1204819.277108434,0.9090909090909092,0.04,0.2057416267942584,1,60.584015
Nangate45,NANDX1,NAND4_X1,A3,ZN,rise,78.0596,0.0017499899999999,1.1,25.0,47.7714,1.5180722891566267,1.26e-06,8.299999999999999e-07,0,1,1,4.370201998407221,0.0017484605515862,793650.7936507936,1204819.277108434,1388.8809523809523,2108.421686746988,1388.8809523809523,793650.7936507936,0.9090909090909092,0.04,0.2057416267942584,1,37.761612
Nangate45,NORX1,NOR3_X1,A2,ZN,rise,78.0596,0.00242029,1.1,25.0,74.81830000000001,1.5180722891566267,1.26e-06,8.299999999999999e-07,0,1,1,4.370201998407221,0.0024173658154572,793650.7936507936,1204819.277108434,1920.8650793650795,2916.012048192772,1920.8650793650795,793650.7936507936,0.9090909090909092,0.04,0.2057416267942584,1,78.6156
Nangate45,NANDX1,NAND3_X1,A3,ZN,rise,1.1737799999999998,0.00364781,1.1,25.0,20.9375,1.5180722891566267,1.26e-06,8.299999999999999e-07,0,1,1,0.7764675876261998,0.0036411728768477,793650.7936507936,1204819.277108434,2895.0873015873017,4394.951807228917,2895.0873015873017,793650.7936507936,0.9090909090909092,0.04,0.2057416267942584,1,30.80591
Nangate45,NANDX1,NAND4_X1,A1,ZN,fall,1.1737799999999998,0.000365616,1.1,25.0,15.5892,1.5180722891566267,1.26e-06,8.299999999999999e-07,0,1,1,0.7764675876261998,0.000365549178757,793650.7936507936,1204819.277108434,290.1714285714286,440.5012048192772,440.5012048192772,1204819.277108434,0.9090909090909092,0.04,0.2057416267942584,1,15.478545
Nangate45,NORX1,NOR3_X1,A3,ZN,fall,198.535,0.000365616,1.1,25.0,0.770225,1.5180722891566267,1.26e-06,8.299999999999999e-07,0,1,1,5.295989659538859,0.000365549178757,793650.7936507936,1204819.277108434,290.1714285714286,440.5012048192772,440.5012048192772,1204819.277108434,0.9090909090909092,0.04,0.2057416267942584,1,44.820896
Nangate45,NANDX1,NAND4_X1,A3,ZN,rise,4.72397,0.00699997,1.1,25.0,32.592299999999994,1.5180722891566267,1.26e-06,8.299999999999999e-07,0,1,1,1.7446626205903233,0.006975583944965,793650.7936507936,1204819.277108434,5555.531746031746,8433.698795180724,5555.531746031746,793650.7936507936,0.9090909090909092,0.04,0.2057416267942584,1,34.40281
Nangate45,NANDX1,NAND2_X1,A1,ZN,fall,40.9838,0.0148392,1.1,25.0,53.339,1.5180722891566267,1.26e-06,8.299999999999999e-07,0,1,1,3.737283829590765,0.0147301762980792,793650.7936507936,1204819.277108434,11777.142857142857,17878.554216867473,17878.554216867473,1204819.277108434,0.9090909090909092,0.04,0.2057416267942584,1,72.27706
Nangate45,NANDX1,NAND2_X1,A1,ZN,fall,4.72397,0.0018549,1.1,25.0,11.2344,1.5180722891566267,1.26e-06,8.299999999999999e-07,0,1,1,1.7446626205903233,0.0018531817973962,793650.7936507936,1204819.277108434,1472.142857142857,2234.819277108434,2234.819277108434,1204819.277108434,0.9090909090909092,0.04,0.2057416267942584,1,11.912229
Nangate45,INVX1,TINV_X1,EN,ZN,rise,78.0596,0.01217354323,1.1,25.0,108.026,1.5180722891566267,6.3e-07,4.1500000000000005e-07,1,1,1,4.370201998407221,0.0121000415684708,1587301.5873015872,2409638.554216868,19323.08449206349,29333.839108433735,19323.08449206349,1587301.5873015872,0.9090909090909092,0.04,0.2057416267942584,1,74.84437
Nangate45,NANDX1,NAND3_X1,A3,ZN,rise,78.0596,0.00729561,1.1,25.0,66.3292,1.5180722891566267,1.26e-06,8.299999999999999e-07,0,1,1,4.370201998407221,0.0072691257717537,793650.7936507936,1204819.277108434,5790.166666666666,8789.891566265062,5790.166666666666,793650.7936507936,0.9090909090909092,0.04,0.2057416267942584,1,57.427696
Nangate45,INVX1,TINV_X1,EN,ZN,rise,130.081,0.001526164229,1.1,25.0,12.118,1.5180722891566267,6.3e-07,4.1500000000000005e-07,1,1,1,4.875815452730412,0.0015250008239207,1587301.5873015872,2409638.554216868,2422.482903174603,3677.5041662650606,2422.482903174603,1587301.5873015872,0.9090909090909092,0.04,0.2057416267942584,1,42.40006
Nangate45,INVX1,INV_X1,A,ZN,rise,4.72397,0.00759125,1.1,25.0,24.9513,1.5180722891566267,6.3e-07,4.1500000000000005e-07,1,1,1,1.7446626205903233,0.0075625814570239,1587301.5873015872,2409638.554216868,12049.603174603171,18292.1686746988,12049.603174603171,1587301.5873015872,0.9090909090909092,0.04,0.2057416267942584,1,46.333687
Nangate45,NORX1,XNOR2_X1,B,ZN,rise,1.1737799999999998,0.000813006,1.1,25.0,24.081000000000003,1.5180722891566267,1.26e-06,8.299999999999999e-07,0,1,1,0.7764675876261998,0.0008126756896393,793650.7936507936,1204819.277108434,645.2428571428571,979.5253012048196,645.2428571428571,793650.7936507936,0.9090909090909092,0.04,0.2057416267942584,1,37.455837
Nangate45,NORX1,NOR4_X1,A2,ZN,fall,198.535,0.0104713,1.1,25.0,43.3917,1.5180722891566267,1.26e-06,8.299999999999999e-07,0,1,1,5.295989659538859,0.010416855676904,793650.7936507936,1204819.277108434,8310.555555555555,12616.024096385545,12616.024096385545,1204819.277108434,0.9090909090909092,0.04,0.2057416267942584,1,86.74386
Nangate45,NANDX1,NAND4_X1,A1,ZN,rise,17.1859,0.0017499899999999,1.1,25.0,21.8239,1.5180722891566267,1.26e-06,8.299999999999999e-07,0,1,1,2.900646568553312,0.0017484605515862,793650.7936507936,1204819.277108434,1388.8809523809523,2108.421686746988,1388.8809523809523,793650.7936507936,0.9090909090909092,0.04,0.2057416267942584,1,25.895363
Nangate45,XORX1,XOR2_X1,B,Z,fall,40.9838,0.000365616,1.1,25.0,64.56099999999999,1.5135135135135138,2.52e-06,1.6649999999999995e-06,0,1,1,3.737283829590765,0.000365549178757,396825.3968253968,600600.6006006007,145.0857142857143,219.58918918918928,219.58918918918928,600600.6006006007,0.9090909090909092,0.04,0.2043010752688172,1,23.780418
Nangate45,INVX1,INV_X1,A,ZN,fall,198.535,0.030365,1.1,25.0,93.9467,1.5180722891566267,6.3e-07,4.1500000000000005e-07,1,1,1,5.295989659538859,0.0299131083997428,1587301.5873015872,2409638.554216868,48198.41269841269,73168.67469879519,73168.67469879519,2409638.554216868,0.9090909090909092,0.04,0.2057416267942584,1,55.982487
Nangate45,INVX2,INV_X2,A,ZN,rise,78.0596,0.06073,1.1,25.0,118.378,1.5180722891566267,1.26e-06,8.299999999999999e-07,1,1,1,4.370201998407221,0.0589573503385265,793650.7936507936,1204819.277108434,48198.41269841269,73168.67469879519,48198.41269841269,793650.7936507936,0.9090909090909092,0.04,0.2057416267942584,1,134.69647
Nangate45,XORX1,XOR2_X1,B,Z,rise,1.1737799999999998,0.0015831,1.1,25.0,27.798,1.5135135135135138,2.52e-06,1.6649999999999995e-06,0,1,1,0.7764675876261998,0.0015818482181514,396825.3968253968,600600.6006006007,628.2142857142857,950.8108108108112,628.2142857142857,396825.3968253968,0.9090909090909092,0.04,0.2043010752688172,1,37.01799
Nangate45,NORX1,NOR4_X1,A3,ZN,fall,17.1859,0.00111862,1.1,25.0,13.4196,1.5180722891566267,1.26e-06,8.299999999999999e-07,0,1,1,2.900646568553312,0.001117994810837,793650.7936507936,1204819.277108434,887.7936507936508,1347.7349397590365,1347.7349397590365,1204819.277108434,0.9090909090909092,0.04,0.2057416267942584,1,12.0178585
Nangate45,NORX1,XNOR2_X1,A,ZN,fall,78.0596,0.000813006,1.1,25.0,62.235,1.5180722891566267,1.26e-06,8.299999999999999e-07,0,1,1,4.370201998407221,0.0008126756896393,793650.7936507936,1204819.277108434,645.2428571428571,979.5253012048196,979.5253012048196,1204819.277108434,0.9090909090909092,0.04,0.2057416267942584,1,17.62989
Nangate45,NORX1,NOR4_X1,A3,ZN,fall,198.535,0.0104713,1.1,25.0,46.9414,1.5180722891566267,1.26e-06,8.299999999999999e-07,0,1,1,5.295989659538859,0.010416855676904,793650.7936507936,1204819.277108434,8310.555555555555,12616.024096385545,12616.024096385545,1204819.277108434,0.9090909090909092,0.04,0.2057416267942584,1,69.61088
Nangate45,NORX1,XNOR2_X1,A,ZN,rise,17.1859,0.0130081,1.1,25.0,67.71199999999999,1.5180722891566267,1.26e-06,8.299999999999999e-07,0,1,1,2.900646568553312,0.0129242212859107,793650.7936507936,1204819.277108434,10323.88888888889,15672.409638554222,10323.88888888889,793650.7936507936,0.9090909090909092,0.04,0.2057416267942584,1,104.58966
Nangate45,NORX1,NOR4_X1,A3,ZN,rise,78.0596,0.00111862,1.1,25.0,88.1423,1.5180722891566267,1.26e-06,8.299999999999999e-07,0,1,1,4.370201998407221,0.001117994810837,793650.7936507936,1204819.277108434,887.7936507936508,1347.7349397590365,887.7936507936508,793650.7936507936,0.9090909090909092,0.04,0.2057416267942584,1,74.97218
Nangate45,NORX1,NOR4_X1,A1,ZN,rise,4.72397,0.00598648,1.1,25.0,91.3993,1.5180722891566267,1.26e-06,8.299999999999999e-07,0,1,1,1.7446626205903233,0.0059686322234213,793650.7936507936,1204819.277108434,4751.174603174603,7212.626506024098,4751.174603174603,793650.7936507936,0.9090909090909092,0.04,0.2057416267942584,1,55.439476
Nangate45,NANDX1,NAND3_X1,A1,ZN,rise,78.0596,0.0145912,1.1,25.0,82.30460000000001,1.5180722891566267,1.26e-06,8.299999999999999e-07,0,1,1,4.370201998407221,0.0144857727440233,793650.7936507936,1204819.277108434,11580.31746031746,17579.75903614458,11580.31746031746,793650.7936507936,0.9090909090909092,0.04,0.2057416267942584,1,88.82455
Nangate45,NORX1,NOR4_X1,A3,ZN,rise,40.9838,0.00063952,1.1,25.0,73.3285,1.5180722891566267,1.26e-06,8.299999999999999e-07,0,1,1,3.737283829590765,0.0006393155942278,793650.7936507936,1204819.277108434,507.5555555555555,770.5060240963857,507.5555555555555,793650.7936507936,0.9090909090909092,0.04,0.2057416267942584,1,84.121216
Nangate45,NORX1,NOR2_X1,A2,ZN,rise,17.1859,0.000365616,1.1,25.0,24.6571,1.5180722891566267,1.26e-06,8.299999999999999e-07,0,1,1,2.900646568553312,0.000365549178757,793650.7936507936,1204819.277108434,290.1714285714286,440.5012048192772,290.1714285714286,793650.7936507936,0.9090909090909092,0.04,0.2057416267942584,1,14.060166
Nangate45,NANDX1,NAND4_X1,A2,ZN,fall,40.9838,0.0139999,1.1,25.0,85.58109999999999,1.5180722891566267,1.26e-06,8.299999999999999e-07,0,1,1,3.737283829590765,0.0139028065496571,793650.7936507936,1204819.277108434,11111.031746031746,16867.349397590366,16867.349397590366,1204819.277108434,0.9090909090909092,0.04,0.2057416267942584,1,56.3386
Nangate45,NANDX1,NAND4_X1,A4,ZN,rise,198.535,0.0559998,1.1,25.0,254.369,1.5180722891566267,1.26e-06,8.299999999999999e-07,0,1,1,5.295989659538859,0.0544879958901124,793650.7936507936,1204819.277108434,44444.28571428572,67469.63855421687,44444.28571428572,793650.7936507936,0.9090909090909092,0.04,0.2057416267942584,1,240.13687
Nangate45,NANDX1,NAND2_X1,A2,ZN,rise,78.0596,0.0296783,1.1,25.0,120.242,1.5180722891566267,1.26e-06,8.299999999999999e-07,0,1,1,4.370201998407221,0.0292464233592539,793650.7936507936,1204819.277108434,23554.20634920635,35756.987951807234,23554.20634920635,793650.7936507936,0.9090909090909092,0.04,0.2057416267942584,1,192.66585
Nangate45,NANDX1,NAND4_X1,A2,ZN,rise,198.535,0.0139999,1.1,25.0,124.757,1.5180722891566267,1.26e-06,8.299999999999999e-07,0,1,1,5.295989659538859,0.0139028065496571,793650.7936507936,1204819.277108434,11111.031746031746,16867.349397590366,11111.031746031746,793650.7936507936,0.9090909090909092,0.04,0.2057416267942584,1,113.23009
Nangate45,XORX1,XOR2_X1,A,Z,fall,17.1859,0.00079155,1.1,25.0,51.453,1.5135135135135138,2.52e-06,1.6649999999999995e-06,0,1,1,2.900646568553312,0.0007912368895162,396825.3968253968,600600.6006006007,314.10714285714283,475.40540540540553,475.40540540540553,600600.6006006007,0.9090909090909092,0.04,0.2043010752688172,1,24.099415
Nangate45,NANDX1,NAND2_X1,A2,ZN,fall,198.535,0.000365616,1.1,25.0,8.910919999999999,1.5180722891566267,1.26e-06,8.299999999999999e-07,0,1,1,5.295989659538859,0.000365549178757,793650.7936507936,1204819.277108434,290.1714285714286,440.5012048192772,440.5012048192772,1204819.277108434,0.9090909090909092,0.04,0.2057416267942584,1,42.788876
Nangate45,INVX1,TINV_X1,EN,ZN,rise,1.1737799999999998,0.006518463229,1.1,25.0,42.302,1.5180722891566267,6.3e-07,4.1500000000000005e-07,1,1,1,0.7764675876261998,0.0064973099225053,1587301.5873015872,2409638.554216868,10346.76703015873,15707.140310843375,10346.76703015873,1587301.5873015872,0.9090909090909092,0.04,0.2057416267942584,1,31.714617
Nangate45,INVX1,TINV_X1,I,ZN,fall,4.72397,0.001164659229,1.1,25.0,10.5182,1.5180722891566267,6.3e-07,4.1500000000000005e-07,1,1,1,1.7446626205903233,0.0011639815395739,1587301.5873015872,2409638.554216868,1848.6654428571424,2806.407780722892,2806.407780722892,2409638.554216868,0.9090909090909092,0.04,0.2057416267942584,1,10.318458
Nangate45,NORX1,NOR4_X1,A1,ZN,rise,198.535,0.00342249,1.1,25.0,147.284,1.5180722891566267,1.26e-06,8.299999999999999e-07,0,1,1,5.295989659538859,0.0034166466099336,793650.7936507936,1204819.277108434,2716.2619047619046,4123.481927710844,2716.2619047619046,793650.7936507936,0.9090909090909092,0.04,0.2057416267942584,1,97.307205
Nangate45,INVX1,TINV_X1,I,ZN,fall,198.535,0.001164659229,1.1,25.0,10.4472,1.5180722891566267,6.3e-07,4.1500000000000005e-07,1,1,1,5.295989659538859,0.0011639815395739,1587301.5873015872,2409638.554216868,1848.6654428571424,2806.407780722892,2806.407780722892,2409638.554216868,0.9090909090909092,0.04,0.2057416267942584,1,22.462885
Nangate45,NORX1,NOR3_X1,A2,ZN,rise,17.1859,0.00853286,1.1,25.0,101.853,1.5180722891566267,1.26e-06,8.299999999999999e-07,0,1,1,2.900646568553312,0.0084966609254384,793650.7936507936,1204819.277108434,6772.11111111111,10280.554216867473,6772.11111111111,793650.7936507936,0.9090909090909092,0.04,0.2057416267942584,1,108.423195
Nangate45,NORX1,NOR2_X1,A1,ZN,rise,78.0596,0.0066757299999999,1.1,25.0,81.5179,1.5180722891566267,1.26e-06,8.299999999999999e-07,0,1,1,4.370201998407221,0.0066535459893972,793650.7936507936,1204819.277108434,5298.198412698412,8043.048192771084,5298.198412698412,793650.7936507936,0.9090909090909092,0.04,0.2057416267942584,1,85.89345
Nangate45,NORX1,NOR4_X1,A1,ZN,rise,40.9838,0.00111862,1.1,25.0,54.8721,1.5180722891566267,1.26e-06,8.299999999999999e-07,0,1,1,3.737283829590765,0.001117994810837,793650.7936507936,1204819.277108434,887.7936507936508,1347.7349397590365,887.7936507936508,793650.7936507936,0.9090909090909092,0.04,0.2057416267942584,1,82.465546
Nangate45,XORX1,XOR2_X1,A,Z,fall,17.1859,0.0063324,1.1,25.0,26.803,1.5135135135135138,2.52e-06,1.6649999999999995e-06,0,1,1,2.900646568553312,0.0063124345967383,396825.3968253968,600600.6006006007,2512.8571428571427,3803.243243243244,3803.243243243244,600600.6006006007,0.9090909090909092,0.04,0.2043010752688172,1,43.13191
Nangate45,NORX1,NOR4_X1,A4,ZN,rise,130.081,0.00111862,1.1,25.0,99.1285,1.5180722891566267,1.26e-06,8.299999999999999e-07,0,1,1,4.875815452730412,0.001117994810837,793650.7936507936,1204819.277108434,887.7936507936508,1347.7349397590365,887.7936507936508,793650.7936507936,0.9090909090909092,0.04,0.2057416267942584,1,85.290665
Nangate45,NANDX1,NAND4_X1,A1,ZN,rise,198.535,0.000365616,1.1,25.0,44.4711,1.5180722891566267,1.26e-06,8.299999999999999e-07,0,1,1,5.295989659538859,0.000365549178757,793650.7936507936,1204819.277108434,290.1714285714286,440.5012048192772,290.1714285714286,793650.7936507936,0.9090909090909092,0.04,0.2057416267942584,1,56.03515
Nangate45,NORX1,NOR4_X1,A4,ZN,fall,17.1859,0.00063952,1.1,25.0,12.3387,1.5180722891566267,1.26e-06,8.299999999999999e-07,0,1,1,2.900646568553312,0.0006393155942278,793650.7936507936,1204819.277108434,507.5555555555555,770.5060240963857,770.5060240963857,1204819.277108434,0.9090909090909092,0.04,0.2057416267942584,1,12.386281
Nangate45,XORX1,XOR2_X1,B,Z,fall,17.1859,0.000365616,1.1,25.0,55.568,1.5135135135135138,2.52e-06,1.6649999999999995e-06,0,1,1,2.900646568553312,0.000365549178757,396825.3968253968,600600.6006006007,145.0857142857143,219.58918918918928,219.58918918918928,600600.6006006007,0.9090909090909092,0.04,0.2043010752688172,1,20.79792
Nangate45,NORX1,NOR2_X1,A1,ZN,fall,78.0596,0.000834466,1.1,25.0,5.461139999999999,1.5180722891566267,1.26e-06,8.299999999999999e-07,0,1,1,4.370201998407221,0.0008341180268151,793650.7936507936,1204819.277108434,662.2746031746032,1005.3807228915664,1005.3807228915664,1204819.277108434,0.9090909090909092,0.04,0.2057416267942584,1,14.146606
Nangate45,XORX1,XOR2_X1,A,Z,fall,1.1737799999999998,0.0015831,1.1,25.0,47.388,1.5135135135135138,2.52e-06,1.6649999999999995e-06,0,1,1,0.7764675876261998,0.0015818482181514,396825.3968253968,600600.6006006007,628.2142857142857,950.8108108108112,950.8108108108112,600600.6006006007,0.9090909090909092,0.04,0.2043010752688172,1,18.385462
Nangate45,XORX1,XOR2_X1,A,Z,rise,1.1737799999999998,0.0063324,1.1,25.0,66.175,1.5135135135135138,2.52e-06,1.6649999999999995e-06,0,1,1,0.7764675876261998,0.0063124345967383,396825.3968253968,600600.6006006007,2512.8571428571427,3803.243243243244,2512.8571428571427,396825.3968253968,0.9090909090909092,0.04,0.2043010752688172,1,50.123512
Nangate45,NANDX1,NAND4_X1,A3,ZN,fall,40.9838,0.00349999,1.1,25.0,43.4418,1.5180722891566267,1.26e-06,8.299999999999999e-07,0,1,1,3.737283829590765,0.0034938792891336,793650.7936507936,1204819.277108434,2777.769841269841,4216.855421686748,4216.855421686748,1204819.277108434,0.9090909090909092,0.04,0.2057416267942584,1,24.195799
Nangate45,NORX1,NOR4_X1,A3,ZN,fall,1.1737799999999998,0.00342249,1.1,25.0,10.1825,1.5180722891566267,1.26e-06,8.299999999999999e-07,0,1,1,0.7764675876261998,0.0034166466099336,793650.7936507936,1204819.277108434,2716.2619047619046,4123.481927710844,4123.481927710844,1204819.277108434,0.9090909090909092,0.04,0.2057416267942584,1,17.21043
Nangate45,NANDX1,NAND3_X1,A2,ZN,rise,78.0596,0.0291825,1.1,25.0,120.152,1.5180722891566267,1.26e-06,8.299999999999999e-07,0,1,1,4.370201998407221,0.0287647977830285,793650.7936507936,1204819.277108434,23160.714285714286,35159.63855421687,23160.714285714286,793650.7936507936,0.9090909090909092,0.04,0.2057416267942584,1,132.1182
Nangate45,NORX1,NOR2_X1,A2,ZN,fall,1.1737799999999998,0.0267029,1.1,25.0,37.6546,1.5180722891566267,1.26e-06,8.299999999999999e-07,0,1,1,0.7764675876261998,0.0263525999024103,793650.7936507936,1204819.277108434,21192.777777777777,32172.1686746988,32172.1686746988,1204819.277108434,0.9090909090909092,0.04,0.2057416267942584,1,50.767788
Nangate45,XORX1,XOR2_X1,B,Z,fall,78.0596,0.0015831,1.1,25.0,79.288,1.5135135135135138,2.52e-06,1.6649999999999995e-06,0,1,1,4.370201998407221,0.0015818482181514,396825.3968253968,600600.6006006007,628.2142857142857,950.8108108108112,950.8108108108112,600600.6006006007,0.9090909090909092,0.04,0.2043010752688172,1,35.4235
Nangate45,NORX1,XNOR2_X1,B,ZN,rise,198.535,0.00325202,1.1,25.0,93.605,1.5180722891566267,1.26e-06,8.299999999999999e-07,0,1,1,5.295989659538859,0.0032467436191291,793650.7936507936,1204819.277108434,2580.968253968254,3918.096385542169,2580.968253968254,793650.7936507936,0.9090909090909092,0.04,0.2057416267942584,1,97.30434
Nangate45,NORX1,NOR4_X1,A2,ZN,rise,78.0596,0.00598648,1.1,25.0,134.65,1.5180722891566267,1.26e-06,8.299999999999999e-07,0,1,1,4.370201998407221,0.0059686322234213,793650.7936507936,1204819.277108434,4751.174603174603,7212.626506024098,4751.174603174603,793650.7936507936,0.9090909090909092,0.04,0.2057416267942584,1,85.89062
Nangate45,XORX1,XOR2_X1,B,Z,fall,1.1737799999999998,0.000365616,1.1,25.0,9.145,1.5135135135135138,2.52e-06,1.6649999999999995e-06,0,1,1,0.7764675876261998,0.000365549178757,396825.3968253968,600600.6006006007,145.0857142857143,219.58918918918928,219.58918918918928,600600.6006006007,0.9090909090909092,0.04,0.2043010752688172,1,15.324358
Nangate45,INVX2,INV_X2,A,ZN,rise,130.081,0.000365616,1.1,25.0,30.4108,1.5180722891566267,1.26e-06,8.299999999999999e-07,1,1,1,4.875815452730412,0.000365549178757,793650.7936507936,1204819.277108434,290.1714285714286,440.5012048192772,290.1714285714286,793650.7936507936,0.9090909090909092,0.04,0.2057416267942584,1,50.404938
Nangate45,INVX1,INV_X1,A,ZN,fall,78.0596,0.000365616,1.1,25.0,2.28759,1.5180722891566267,6.3e-07,4.1500000000000005e-07,1,1,1,4.370201998407221,0.000365549178757,1587301.5873015872,2409638.554216868,580.3428571428572,881.0024096385544,881.0024096385544,2409638.554216868,0.9090909090909092,0.04,0.2057416267942584,1,13.049426
Nangate45,INVX1,TINV_X1,EN,ZN,rise,40.9838,0.001164659229,1.1,25.0,16.655,1.5180722891566267,6.3e-07,4.1500000000000005e-07,1,1,1,3.737283829590765,0.0011639815395739,1587301.5873015872,2409638.554216868,1848.6654428571424,2806.407780722892,1848.6654428571424,1587301.5873015872,0.9090909090909092,0.04,0.2057416267942584,1,15.804946
Nangate45,NANDX1,NAND3_X1,A3,ZN,rise,198.535,0.00364781,1.1,25.0,80.8396,1.5180722891566267,1.26e-06,8.299999999999999e-07,0,1,1,5.295989659538859,0.0036411728768477,793650.7936507936,1204819.277108434,2895.0873015873017,4394.951807228917,2895.0873015873017,793650.7936507936,0.9090909090909092,0.04,0.2057416267942584,1,66.90836
Nangate45,NORX1,NOR2_X1,A2,ZN,fall,1.1737799999999998,0.00166893,1.1,25.0,6.5745700000000005,1.5180722891566267,1.26e-06,8.299999999999999e-07,0,1,1,0.7764675876261998,0.001667538883896,793650.7936507936,1204819.277108434,1324.547619047619,2010.7590361445789,2010.7590361445789,1204819.277108434,0.9090909090909092,0.04,0.2057416267942584,1,13.801673
Nangate45,NORX1,NOR4_X1,A3,ZN,rise,17.1859,0.00111862,1.1,25.0,70.8283,1.5180722891566267,1.26e-06,8.299999999999999e-07,0,1,1,2.900646568553312,0.001117994810837,793650.7936507936,1204819.277108434,887.7936507936508,1347.7349397590365,887.7936507936508,793650.7936507936,0.9090909090909092,0.04,0.2057416267942584,1,55.82598
Nangate45,NORX1,XNOR2_X1,A,ZN,fall,78.0596,0.000365616,1.1,25.0,14.053,1.5180722891566267,1.26e-06,8.299999999999999e-07,0,1,1,4.370201998407221,0.000365549178757,793650.7936507936,1204819.277108434,290.1714285714286,440.5012048192772,440.5012048192772,1204819.277108434,0.9090909090909092,0.04,0.2057416267942584,1,13.795132
Nangate45,NORX1,XNOR2_X1,B,ZN,fall,40.9838,0.000813006,1.1,25.0,21.097,1.5180722891566267,1.26e-06,8.299999999999999e-07,0,1,1,3.737283829590765,0.0008126756896393,793650.7936507936,1204819.277108434,645.2428571428571,979.5253012048196,979.5253012048196,1204819.277108434,0.9090909090909092,0.04,0.2057416267942584,1,11.642091
Nangate45,NORX1,NOR3_X1,A1,ZN,rise,4.72397,0.00853286,1.1,25.0,86.441,1.5180722891566267,1.26e-06,8.299999999999999e-07,0,1,1,1.7446626205903233,0.0084966609254384,793650.7936507936,1204819.277108434,6772.11111111111,10280.554216867473,6772.11111111111,793650.7936507936,0.9090909090909092,0.04,0.2057416267942584,1,92.055756
Nangate45,NORX1,NOR4_X1,A3,ZN,rise,17.1859,0.0104713,1.1,25.0,171.602,1.5180722891566267,1.26e-06,8.299999999999999e-07,0,1,1,2.900646568553312,0.010416855676904,793650.7936507936,1204819.277108434,8310.555555555555,12616.024096385545,8310.555555555555,793650.7936507936,0.9090909090909092,0.04,0.2057416267942584,1,103.97301
Nangate45,NORX1,NOR2_X1,A2,ZN,fall,4.72397,0.000365616,1.1,25.0,6.2954300000000005,1.5180722891566267,1.26e-06,8.299999999999999e-07,0,1,1,1.7446626205903233,0.000365549178757,793650.7936507936,1204819.277108434,290.1714285714286,440.5012048192772,440.5012048192772,1204819.277108434,0.9090909090909092,0.04,0.2057416267942584,1,10.460936
Nangate45,XORX1,XOR2_X1,B,Z,fall,17.1859,0.0253296,1.1,25.0,93.5,1.5135135135135138,2.52e-06,1.6649999999999995e-06,0,1,1,2.900646568553312,0.0250141218763313,396825.3968253968,600600.6006006007,10051.42857142857,15212.972972972975,15212.972972972975,600600.6006006007,0.9090909090909092,0.04,0.2043010752688172,1,67.17882
Nangate45,INVX1,TINV_X1,I,ZN,fall,1.1737799999999998,0.001526164229,1.1,25.0,10.4374,1.5180722891566267,6.3e-07,4.1500000000000005e-07,1,1,1,0.7764675876261998,0.0015250008239207,1587301.5873015872,2409638.554216868,2422.482903174603,3677.5041662650606,3677.5041662650606,2409638.554216868,0.9090909090909092,0.04,0.2057416267942584,1,10.388442
Nangate45,NANDX1,NAND2_X1,A1,ZN,fall,130.081,0.00741959,1.1,25.0,48.336200000000005,1.5180722891566267,1.26e-06,8.299999999999999e-07,0,1,1,4.875815452730412,0.0073922002392085,793650.7936507936,1204819.277108434,5888.563492063492,8939.265060240965,8939.265060240965,1204819.277108434,0.9090909090909092,0.04,0.2057416267942584,1,78.327
Nangate45,NORX1,NOR4_X1,A3,ZN,fall,40.9838,0.00195665,1.1,25.0,18.971,1.5180722891566267,1.26e-06,8.299999999999999e-07,0,1,1,3.737283829590765,0.0019547382537281,793650.7936507936,1204819.277108434,1552.8968253968253,2357.409638554217,2357.409638554217,1204819.277108434,0.9090909090909092,0.04,0.2057416267942584,1,16.484997
Nangate45,NANDX1,NAND2_X1,A1,ZN,rise,198.535,0.00741959,1.1,25.0,87.44250000000001,1.5180722891566267,1.26e-06,8.299999999999999e-07,0,1,1,5.295989659538859,0.0073922002392085,793650.7936507936,1204819.277108434,5888.563492063492,8939.265060240965,5888.563492063492,793650.7936507936,0.9090909090909092,0.04,0.2057416267942584,1,90.43634
Nangate45,NORX1,XNOR2_X1,A,ZN,rise,78.0596,0.00650405,1.1,25.0,83.61300000000001,1.5180722891566267,1.26e-06,8.299999999999999e-07,0,1,1,4.370201998407221,0.0064829899346209,793650.7936507936,1204819.277108434,5161.944444444445,7836.204819277111,5161.944444444445,793650.7936507936,0.9090909090909092,0.04,0.2057416267942584,1,85.89094
Nangate45,NORX1,XNOR2_X1,A,ZN,fall,78.0596,0.0130081,1.1,25.0,61.861,1.5180722891566267,1.26e-06,8.299999999999999e-07,0,1,1,4.370201998407221,0.0129242212859107,793650.7936507936,1204819.277108434,10323.88888888889,15672.409638554222,15672.409638554222,1204819.277108434,0.9090909090909092,0.04,0.2057416267942584,1,41.34674
Nangate45,NORX1,NOR3_X1,A3,ZN,fall,4.72397,0.000365616,1.1,25.0,6.63666,1.5180722891566267,1.26e-06,8.299999999999999e-07,0,1,1,1.7446626205903233,0.000365549178757,793650.7936507936,1204819.277108434,290.1714285714286,440.5012048192772,440.5012048192772,1204819.277108434,0.9090909090909092,0.04,0.2057416267942584,1,10.460936
Nangate45,NANDX1,NAND4_X1,A4,ZN,rise,198.535,0.0139999,1.1,25.0,133.246,1.5180722891566267,1.26e-06,8.299999999999999e-07,0,1,1,5.295989659538859,0.0139028065496571,793650.7936507936,1204819.277108434,11111.031746031746,16867.349397590366,11111.031746031746,793650.7936507936,0.9090909090909092,0.04,0.2057416267942584,1,113.23009
Nangate45,XORX1,XOR2_X1,B,Z,rise,40.9838,0.0015831,1.1,25.0,51.804,1.5135135135135138,2.52e-06,1.6649999999999995e-06,0,1,1,3.737283829590765,0.0015818482181514,396825.3968253968,600600.6006006007,628.2142857142857,950.8108108108112,628.2142857142857,396825.3968253968,0.9090909090909092,0.04,0.2043010752688172,1,48.854015
Nangate45,NORX1,NOR4_X1,A4,ZN,rise,4.72397,0.00195665,1.1,25.0,79.5968,1.5180722891566267,1.26e-06,8.299999999999999e-07,0,1,1,1.7446626205903233,0.0019547382537281,793650.7936507936,1204819.277108434,1552.8968253968253,2357.409638554217,1552.8968253968253,793650.7936507936,0.9090909090909092,0.04,0.2057416267942584,1,36.161304
Nangate45,XORX1,XOR2_X1,A,Z,fall,130.081,0.0063324,1.1,25.0,44.094,1.5135135135135138,2.52e-06,1.6649999999999995e-06,0,1,1,4.875815452730412,0.0063124345967383,396825.3968253968,600600.6006006007,2512.8571428571427,3803.243243243244,3803.243243243244,600600.6006006007,0.9090909090909092,0.04,0.2043010752688172,1,63.676224
Nangate45,NORX1,XNOR2_X1,B,ZN,rise,4.72397,0.00162601,1.1,25.0,37.013,1.5180722891566267,1.26e-06,8.299999999999999e-07,0,1,1,1.7446626205903233,0.0016246894770018,793650.7936507936,1204819.277108434,1290.484126984127,1959.0481927710848,1290.484126984127,793650.7936507936,0.9090909090909092,0.04,0.2057416267942584,1,35.999733
Nangate45,NORX1,NOR2_X1,A2,ZN,fall,78.0596,0.00166893,1.1,25.0,14.2617,1.5180722891566267,1.26e-06,8.299999999999999e-07,0,1,1,4.370201998407221,0.001667538883896,793650.7936507936,1204819.277108434,1324.547619047619,2010.7590361445789,2010.7590361445789,1204819.277108434,0.9090909090909092,0.04,0.2057416267942584,1,19.83799
Nangate45,NANDX1,NAND2_X1,A1,ZN,rise,78.0596,0.0148392,1.1,25.0,81.8511,1.5180722891566267,1.26e-06,8.299999999999999e-07,0,1,1,4.370201998407221,0.0147301762980792,793650.7936507936,1204819.277108434,11777.142857142857,17878.554216867473,11777.142857142857,793650.7936507936,0.9090909090909092,0.04,0.2057416267942584,1,117.54577
Nangate45,NORX1,NOR3_X1,A3,ZN,fall,40.9838,0.000686498,1.1,25.0,13.6839,1.5180722891566267,1.26e-06,8.299999999999999e-07,0,1,1,3.737283829590765,0.0006862624680366,793650.7936507936,1204819.277108434,544.8396825396825,827.1060240963857,827.1060240963857,1204819.277108434,0.9090909090909092,0.04,0.2057416267942584,1,16.089184
Nangate45,NORX1,XNOR2_X1,B,ZN,rise,78.0596,0.00650405,1.1,25.0,82.676,1.5180722891566267,1.26e-06,8.299999999999999e-07,0,1,1,4.370201998407221,0.0064829899346209,793650.7936507936,1204819.277108434,5161.944444444445,7836.204819277111,5161.944444444445,793650.7936507936,0.9090909090909092,0.04,0.2057416267942584,1,85.8933
Nangate45,INVX1,TINV_X1,EN,ZN,rise,78.0596,0.001526164229,1.1,25.0,19.554,1.5180722891566267,6.3e-07,4.1500000000000005e-07,1,1,1,4.370201998407221,0.0015250008239207,1587301.5873015872,2409638.554216868,2422.482903174603,3677.5041662650606,2422.482903174603,1587301.5873015872,0.9090909090909092,0.04,0.2057416267942584,1,21.778715
Nangate45,NORX1,NOR4_X1,A1,ZN,rise,40.9838,0.0104713,1.1,25.0,152.09300000000002,1.5180722891566267,1.26e-06,8.299999999999999e-07,0,1,1,3.737283829590765,0.010416855676904,793650.7936507936,1204819.277108434,8310.555555555555,12616.024096385545,8310.555555555555,793650.7936507936,0.9090909090909092,0.04,0.2057416267942584,1,114.44996
Nangate45,NORX1,NOR4_X1,A4,ZN,rise,4.72397,0.00111862,1.1,25.0,70.4101,1.5180722891566267,1.26e-06,8.299999999999999e-07,0,1,1,1.7446626205903233,0.001117994810837,793650.7936507936,1204819.277108434,887.7936507936508,1347.7349397590365,887.7936507936508,793650.7936507936,0.9090909090909092,0.04,0.2057416267942584,1,51.817165
Nangate45,INVX1,INV_X16,A,ZN,fall,17.1859,0.484619,1.1,25.0,47.1819,1.5180722891566267,6.3e-07,4.1500000000000005e-07,1,1,1,2.900646568553312,0.3951581736794985,1587301.5873015872,2409638.554216868,769236.5079365079,1167756.6265060245,1167756.6265060245,2409638.554216868,0.9090909090909092,0.04,0.2057416267942584,1,89.241806
Nangate45,NORX1,XNOR2_X1,A,ZN,rise,130.081,0.00162601,1.1,25.0,58.144,1.5180722891566267,1.26e-06,8.299999999999999e-07,0,1,1,4.875815452730412,0.0016246894770018,793650.7936507936,1204819.277108434,1290.484126984127,1959.0481927710848,1290.484126984127,793650.7936507936,0.9090909090909092,0.04,0.2057416267942584,1,73.42
Nangate45,INVX1,TINV_X1,EN,ZN,rise,4.72397,0.001526164229,1.1,25.0,13.129,1.5180722891566267,6.3e-07,4.1500000000000005e-07,1,1,1,1.7446626205903233,0.0015250008239207,1587301.5873015872,2409638.554216868,2422.482903174603,3677.5041662650606,2422.482903174603,1587301.5873015872,0.9090909090909092,0.04,0.2057416267942584,1,9.879807
Nangate45,NANDX1,NAND3_X1,A3,ZN,rise,4.72397,0.00364781,1.1,25.0,22.5154,1.5180722891566267,1.26e-06,8.299999999999999e-07,0,1,1,1.7446626205903233,0.0036411728768477,793650.7936507936,1204819.277108434,2895.0873015873017,4394.951807228917,2895.0873015873017,793650.7936507936,0.9090909090909092,0.04,0.2057416267942584,1,24.582872
Nangate45,NANDX1,NAND4_X1,A2,ZN,rise,40.9838,0.0139999,1.1,25.0,65.9426,1.5180722891566267,1.26e-06,8.299999999999999e-07,0,1,1,3.737283829590765,0.0139028065496571,793650.7936507936,1204819.277108434,11111.031746031746,16867.349397590366,11111.031746031746,793650.7936507936,0.9090909090909092,0.04,0.2057416267942584,1,79.851555
Nangate45,NORX1,NOR4_X1,A4,ZN,fall,198.535,0.00111862,1.1,25.0,9.17988,1.5180722891566267,1.26e-06,8.299999999999999e-07,0,1,1,5.295989659538859,0.001117994810837,793650.7936507936,1204819.277108434,887.7936507936508,1347.7349397590365,1347.7349397590365,1204819.277108434,0.9090909090909092,0.04,0.2057416267942584,1,45.52046
Nangate45,INVX2,INV_X2,A,ZN,rise,198.535,0.000365616,1.1,25.0,39.8696,1.5180722891566267,1.26e-06,8.299999999999999e-07,1,1,1,5.295989659538859,0.000365549178757,793650.7936507936,1204819.277108434,290.1714285714286,440.5012048192772,290.1714285714286,793650.7936507936,0.9090909090909092,0.04,0.2057416267942584,1,50.826134
Nangate45,NORX1,NOR4_X1,A3,ZN,fall,78.0596,0.00598648,1.1,25.0,32.223099999999995,1.5180722891566267,1.26e-06,8.299999999999999e-07,0,1,1,4.370201998407221,0.0059686322234213,793650.7936507936,1204819.277108434,4751.174603174603,7212.626506024098,7212.626506024098,1204819.277108434,0.9090909090909092,0.04,0.2057416267942584,1,28.721848
Nangate45,NORX1,NOR4_X1,A2,ZN,fall,130.081,0.00598648,1.1,25.0,30.142200000000003,1.5180722891566267,1.26e-06,8.299999999999999e-07,0,1,1,4.875815452730412,0.0059686322234213,793650.7936507936,1204819.277108434,4751.174603174603,7212.626506024098,7212.626506024098,1204819.277108434,0.9090909090909092,0.04,0.2057416267942584,1,44.40623
Nangate45,NORX1,NOR3_X1,A3,ZN,rise,40.9838,0.00454444,1.1,25.0,82.2412,1.5180722891566267,1.26e-06,8.299999999999999e-07,0,1,1,3.737283829590765,0.0045341452101301,793650.7936507936,1204819.277108434,3606.698412698413,5475.228915662652,3606.698412698413,793650.7936507936,0.9090909090909092,0.04,0.2057416267942584,1,75.06082
Nangate45,NANDX1,NAND2_X1,A1,ZN,rise,78.0596,0.00741959,1.1,25.0,58.6475,1.5180722891566267,1.26e-06,8.299999999999999e-07,0,1,1,4.370201998407221,0.0073922002392085,793650.7936507936,1204819.277108434,5888.563492063492,8939.265060240965,5888.563492063492,793650.7936507936,0.9090909090909092,0.04,0.2057416267942584,1,73.02639
Nangate45,NANDX1,NAND3_X1,A2,ZN,fall,40.9838,0.0018239,1.1,25.0,28.0977,1.5180722891566267,1.26e-06,8.299999999999999e-07,0,1,1,3.737283829590765,0.0018222387141011,793650.7936507936,1204819.277108434,1447.5396825396824,2197.4698795180725,2197.4698795180725,1204819.277108434,0.9090909090909092,0.04,0.2057416267942584,1,20.42021
Nangate45,INVX1,TINV_X1,I,ZN,rise,4.72397,0.003674923229,1.1,25.0,37.5131,1.5180722891566267,6.3e-07,4.1500000000000005e-07,1,1,1,1.7446626205903233,0.0036681871965212,1587301.5873015872,2409638.554216868,5833.211474603175,8855.236696385544,5833.211474603175,1587301.5873015872,0.9090909090909092,0.04,0.2057416267942584,1,17.91689
Nangate45,NORX1,XNOR2_X1,A,ZN,rise,1.1737799999999998,0.0130081,1.1,25.0,61.587,1.5180722891566267,1.26e-06,8.299999999999999e-07,0,1,1,0.7764675876261998,0.0129242212859107,793650.7936507936,1204819.277108434,10323.88888888889,15672.409638554222,10323.88888888889,793650.7936507936,0.9090909090909092,0.04,0.2057416267942584,1,75.679375
Nangate45,NANDX1,NAND3_X1,A1,ZN,fall,40.9838,0.0145912,1.1,25.0,67.72590000000001,1.5180722891566267,1.26e-06,8.299999999999999e-07,0,1,1,3.737283829590765,0.0144857727440233,793650.7936507936,1204819.277108434,11580.31746031746,17579.75903614458,17579.75903614458,1204819.277108434,0.9090909090909092,0.04,0.2057416267942584,1,56.34115
Nangate45,INVX2,INV_X2,A,ZN,rise,17.1859,0.00759125,1.1,25.0,22.4671,1.5180722891566267,1.26e-06,8.299999999999999e-07,1,1,1,2.900646568553312,0.0075625814570239,793650.7936507936,1204819.277108434,6024.801587301587,9146.0843373494,6024.801587301587,793650.7936507936,0.9090909090909092,0.04,0.2057416267942584,1,13.740354
Nangate45,NANDX1,NAND3_X1,A1,ZN,rise,198.535,0.0291825,1.1,25.0,173.49,1.5180722891566267,1.26e-06,8.299999999999999e-07,0,1,1,5.295989659538859,0.0287647977830285,793650.7936507936,1204819.277108434,23160.714285714286,35159.63855421687,23160.714285714286,793650.7936507936,0.9090909090909092,0.04,0.2057416267942584,1,166.51672
Nangate45,INVX1,INV_X16,A,ZN,rise,78.0596,0.24231,1.1,25.0,82.0268,1.5180722891566267,6.3e-07,4.1500000000000005e-07,1,1,1,4.370201998407221,0.2169725497905428,1587301.5873015872,2409638.554216868,384619.0476190476,583879.5180722892,384619.0476190476,1587301.5873015872,0.9090909090909092,0.04,0.2057416267942584,1,58.30977
Nangate45,NANDX1,NAND3_X1,A3,ZN,rise,198.535,0.0018239,1.1,25.0,70.3151,1.5180722891566267,1.26e-06,8.299999999999999e-07,0,1,1,5.295989659538859,0.0018222387141011,793650.7936507936,1204819.277108434,1447.5396825396824,2197.4698795180725,1447.5396825396824,793650.7936507936,0.9090909090909092,0.04,0.2057416267942584,1,59.712914
Nangate45,NORX1,XNOR2_X1,B,ZN,rise,4.72397,0.0260162,1.1,25.0,153.721,1.5180722891566267,1.26e-06,8.299999999999999e-07,0,1,1,1.7446626205903233,0.0256835360976095,793650.7936507936,1204819.277108434,20647.77777777778,31344.819277108443,20647.77777777778,793650.7936507936,0.9090909090909092,0.04,0.2057416267942584,1,145.92772
Nangate45,NORX1,XNOR2_X1,B,ZN,fall,4.72397,0.00162601,1.1,25.0,35.855,1.5180722891566267,1.26e-06,8.299999999999999e-07,0,1,1,1.7446626205903233,0.0016246894770018,793650.7936507936,1204819.277108434,1290.484126984127,1959.0481927710848,1959.0481927710848,1204819.277108434,0.9090909090909092,0.04,0.2057416267942584,1,10.949414
Nangate45,NORX1,NOR3_X1,A1,ZN,fall,40.9838,0.00242029,1.1,25.0,14.444,1.5180722891566267,1.26e-06,8.299999999999999e-07,0,1,1,3.737283829590765,0.0024173658154572,793650.7936507936,1204819.277108434,1920.8650793650795,2916.012048192772,2916.012048192772,1204819.277108434,0.9090909090909092,0.04,0.2057416267942584,1,26.819284
Nangate45,NORX1,XNOR2_X1,A,ZN,rise,4.72397,0.0130081,1.1,25.0,62.861,1.5180722891566267,1.26e-06,8.299999999999999e-07,0,1,1,1.7446626205903233,0.0129242212859107,793650.7936507936,1204819.277108434,10323.88888888889,15672.409638554222,10323.88888888889,793650.7936507936,0.9090909090909092,0.04,0.2057416267942584,1,94.93258
Nangate45,NORX1,NOR3_X1,A2,ZN,rise,1.1737799999999998,0.0160217,1.1,25.0,155.109,1.5180722891566267,1.26e-06,8.299999999999999e-07,0,1,1,0.7764675876261998,0.0158947071959221,793650.7936507936,1204819.277108434,12715.63492063492,19303.253012048197,12715.63492063492,793650.7936507936,0.9090909090909092,0.04,0.2057416267942584,1,125.05224
Nangate45,XORX1,XOR2_X1,A,Z,fall,198.535,0.00079155,1.1,25.0,114.692,1.5135135135135138,2.52e-06,1.6649999999999995e-06,0,1,1,5.295989659538859,0.0007912368895162,396825.3968253968,600600.6006006007,314.10714285714283,475.40540540540553,475.40540540540553,600600.6006006007,0.9090909090909092,0.04,0.2043010752688172,1,50.143154
Nangate45,NANDX1,NAND4_X1,A1,ZN,fall,17.1859,0.0279999,1.1,25.0,127.116,1.5180722891566267,1.26e-06,8.299999999999999e-07,0,1,1,2.900646568553312,0.027615069756704,793650.7936507936,1204819.277108434,22222.14285714286,33734.81927710844,33734.81927710844,1204819.277108434,0.9090909090909092,0.04,0.2057416267942584,1,75.21013
Nangate45,INVX1,INV_X16,A,ZN,rise,1.1737799999999998,0.0302886999999999,1.1,25.0,9.93245,1.5180722891566267,6.3e-07,4.1500000000000005e-07,1,1,1,0.7764675876261998,0.0298390542294231,1587301.5873015872,2409638.554216868,48077.30158730158,72984.81927710844,48077.30158730158,1587301.5873015872,0.9090909090909092,0.04,0.2057416267942584,1,76.19982
Nangate45,NORX1,NOR3_X1,A2,ZN,rise,4.72397,0.00853286,1.1,25.0,97.4215,1.5180722891566267,1.26e-06,8.299999999999999e-07,0,1,1,1.7446626205903233,0.0084966609254384,793650.7936507936,1204819.277108434,6772.11111111111,10280.554216867473,6772.11111111111,793650.7936507936,0.9090909090909092,0.04,0.2057416267942584,1,92.055756
Nangate45,NANDX1,NAND4_X1,A2,ZN,fall,40.9838,0.000365616,1.1,25.0,30.0131,1.5180722891566267,1.26e-06,8.299999999999999e-07,0,1,1,3.737283829590765,0.000365549178757,793650.7936507936,1204819.277108434,290.1714285714286,440.5012048192772,440.5012048192772,1204819.277108434,0.9090909090909092,0.04,0.2057416267942584,1,18.83766
Nangate45,NORX1,NOR4_X1,A4,ZN,fall,130.081,0.00342249,1.1,25.0,25.4146,1.5180722891566267,1.26e-06,8.299999999999999e-07,0,1,1,4.875815452730412,0.0034166466099336,793650.7936507936,1204819.277108434,2716.2619047619046,4123.481927710844,4123.481927710844,1204819.277108434,0.9090909090909092,0.04,0.2057416267942584,1,36.953243
Nangate45,NORX1,NOR3_X1,A3,ZN,fall,78.0596,0.00454444,1.1,25.0,26.7597,1.5180722891566267,1.26e-06,8.299999999999999e-07,0,1,1,4.370201998407221,0.0045341452101301,793650.7936507936,1204819.277108434,3606.698412698413,5475.228915662652,5475.228915662652,1204819.277108434,0.9090909090909092,0.04,0.2057416267942584,1,37.96326
Nangate45,INVX2,INV_X2,A,ZN,rise,40.9838,0.000365616,1.1,25.0,16.299,1.5180722891566267,1.26e-06,8.299999999999999e-07,1,1,1,3.737283829590765,0.000365549178757,793650.7936507936,1204819.277108434,290.1714285714286,440.5012048192772,290.1714285714286,793650.7936507936,0.9090909090909092,0.04,0.2057416267942584,1,10.589802
Nangate45,NANDX1,NAND3_X1,A2,ZN,fall,17.1859,0.000365616,1.1,25.0,17.933,1.5180722891566267,1.26e-06,8.299999999999999e-07,0,1,1,2.900646568553312,0.000365549178757,793650.7936507936,1204819.277108434,290.1714285714286,440.5012048192772,440.5012048192772,1204819.277108434,0.9090909090909092,0.04,0.2057416267942584,1,13.167202
Nangate45,NORX1,NOR4_X1,A3,ZN,rise,130.081,0.000365616,1.1,25.0,89.4952,1.5180722891566267,1.26e-06,8.299999999999999e-07,0,1,1,4.875815452730412,0.000365549178757,793650.7936507936,1204819.277108434,290.1714285714286,440.5012048192772,290.1714285714286,793650.7936507936,0.9090909090909092,0.04,0.2057416267942584,1,15.239041
Nangate45,INVX1,INV_X1,A,ZN,rise,1.1737799999999998,0.00759125,1.1,25.0,23.4111,1.5180722891566267,6.3e-07,4.1500000000000005e-07,1,1,1,0.7764675876261998,0.0075625814570239,1587301.5873015872,2409638.554216868,12049.603174603171,18292.1686746988,12049.603174603171,1587301.5873015872,0.9090909090909092,0.04,0.2057416267942584,1,31.71442
Nangate45,INVX1,INV_X1,A,ZN,fall,40.9838,0.0151825,1.1,25.0,38.0191,1.5180722891566267,6.3e-07,4.1500000000000005e-07,1,1,1,3.737283829590765,0.0150683992868016,1587301.5873015872,2409638.554216868,24099.206349206343,36584.3373493976,36584.3373493976,2409638.554216868,0.9090909090909092,0.04,0.2057416267942584,1,51.04029
Nangate45,NORX1,NOR4_X1,A2,ZN,rise,17.1859,0.00111862,1.1,25.0,60.450700000000005,1.5180722891566267,1.26e-06,8.299999999999999e-07,0,1,1,2.900646568553312,0.001117994810837,793650.7936507936,1204819.277108434,887.7936507936508,1347.7349397590365,887.7936507936508,793650.7936507936,0.9090909090909092,0.04,0.2057416267942584,1,55.82598
Nangate45,NANDX1,NAND2_X1,A2,ZN,fall,78.0596,0.0148392,1.1,25.0,61.027,1.5180722891566267,1.26e-06,8.299999999999999e-07,0,1,1,4.370201998407221,0.0147301762980792,793650.7936507936,1204819.277108434,11777.142857142857,17878.554216867473,17878.554216867473,1204819.277108434,0.9090909090909092,0.04,0.2057416267942584,1,112.65892
Nangate45,INVX1,INV_X1,A,ZN,rise,1.1737799999999998,0.030365,1.1,25.0,78.1322,1.5180722891566267,6.3e-07,4.1500000000000005e-07,1,1,1,0.7764675876261998,0.0299131083997428,1587301.5873015872,2409638.554216868,48198.41269841269,73168.67469879519,48198.41269841269,1587301.5873015872,0.9090909090909092,0.04,0.2057416267942584,1,76.20005
Nangate45,NORX1,NOR2_X1,A1,ZN,fall,40.9838,0.0267029,1.1,25.0,53.8992,1.5180722891566267,1.26e-06,8.299999999999999e-07,0,1,1,3.737283829590765,0.0263525999024103,793650.7936507936,1204819.277108434,21192.777777777777,32172.1686746988,32172.1686746988,1204819.277108434,0.9090909090909092,0.04,0.2057416267942584,1,66.97995
Nangate45,NANDX1,NAND4_X1,A2,ZN,rise,198.535,0.0017499899999999,1.1,25.0,63.6035,1.5180722891566267,1.26e-06,8.299999999999999e-07,0,1,1,5.295989659538859,0.0017484605515862,793650.7936507936,1204819.277108434,1388.8809523809523,2108.421686746988,1388.8809523809523,793650.7936507936,0.9090909090909092,0.04,0.2057416267942584,1,59.712868
Nangate45,INVX1,INV_X16,A,ZN,rise,130.081,0.0302886999999999,1.1,25.0,43.0814,1.5180722891566267,6.3e-07,4.1500000000000005e-07,1,1,1,4.875815452730412,0.0298390542294231,1587301.5873015872,2409638.554216868,48077.30158730158,72984.81927710844,48077.30158730158,1587301.5873015872,0.9090909090909092,0.04,0.2057416267942584,1,128.10512
Nangate45,NANDX1,NAND4_X1,A3,ZN,fall,130.081,0.0279999,1.1,25.0,159.986,1.5180722891566267,1.26e-06,8.299999999999999e-07,0,1,1,4.875815452730412,0.027615069756704,793650.7936507936,1204819.277108434,22222.14285714286,33734.81927710844,33734.81927710844,1204819.277108434,0.9090909090909092,0.04,0.2057416267942584,1,122.57721
Nangate45,INVX1,INV_X16,A,ZN,fall,1.1737799999999998,0.0302886999999999,1.1,25.0,5.61827,1.5180722891566267,6.3e-07,4.1500000000000005e-07,1,1,1,0.7764675876261998,0.0298390542294231,1587301.5873015872,2409638.554216868,48077.30158730158,72984.81927710844,72984.81927710844,2409638.554216868,0.9090909090909092,0.04,0.2057416267942584,1,25.577763
Nangate45,NORX1,XNOR2_X1,A,ZN,fall,4.72397,0.00650405,1.1,25.0,22.051,1.5180722891566267,1.26e-06,8.299999999999999e-07,0,1,1,1.7446626205903233,0.0064829899346209,793650.7936507936,1204819.277108434,5161.944444444445,7836.204819277111,7836.204819277111,1204819.277108434,0.9090909090909092,0.04,0.2057416267942584,1,16.584581
Nangate45,NANDX1,NAND4_X1,A4,ZN,fall,130.081,0.0139999,1.1,25.0,92.6877,1.5180722891566267,1.26e-06,8.299999999999999e-07,0,1,1,4.875815452730412,0.0139028065496571,793650.7936507936,1204819.277108434,11111.031746031746,16867.349397590366,16867.349397590366,1204819.277108434,0.9090909090909092,0.04,0.2057416267942584,1,78.85088
Nangate45,XORX1,XOR2_X1,A,Z,rise,198.535,0.00079155,1.1,25.0,73.23599999999999,1.5135135135135138,2.52e-06,1.6649999999999995e-06,0,1,1,5.295989659538859,0.0007912368895162,396825.3968253968,600600.6006006007,314.10714285714283,475.40540540540553,314.10714285714283,396825.3968253968,0.9090909090909092,0.04,0.2043010752688172,1,82.4913
Nangate45,NORX1,NOR3_X1,A2,ZN,fall,40.9838,0.00454444,1.1,25.0,22.5422,1.5180722891566267,1.26e-06,8.299999999999999e-07,0,1,1,3.737283829590765,0.0045341452101301,793650.7936507936,1204819.277108434,3606.698412698413,5475.228915662652,5475.228915662652,1204819.277108434,0.9090909090909092,0.04,0.2057416267942584,1,32.02209
Nangate45,NORX1,NOR3_X1,A3,ZN,fall,4.72397,0.000686498,1.1,25.0,7.0906,1.5180722891566267,1.26e-06,8.299999999999999e-07,0,1,1,1.7446626205903233,0.0006862624680366,793650.7936507936,1204819.277108434,544.8396825396825,827.1060240963857,827.1060240963857,1204819.277108434,0.9090909090909092,0.04,0.2057416267942584,1,11.1046715
Nangate45,XORX1,XOR2_X1,A,Z,fall,78.0596,0.000365616,1.1,25.0,13.907,1.5135135135135138,2.52e-06,1.6649999999999995e-06,0,1,1,4.370201998407221,0.000365549178757,396825.3968253968,600600.6006006007,145.0857142857143,219.58918918918928,219.58918918918928,600600.6006006007,0.9090909090909092,0.04,0.2043010752688172,1,28.484573
Nangate45,NORX1,XNOR2_X1,A,ZN,rise,4.72397,0.00325202,1.1,25.0,39.620000000000005,1.5180722891566267,1.26e-06,8.299999999999999e-07,0,1,1,1.7446626205903233,0.0032467436191291,793650.7936507936,1204819.277108434,2580.968253968254,3918.096385542169,2580.968253968254,793650.7936507936,0.9090909090909092,0.04,0.2057416267942584,1,42.891598
Nangate45,NORX1,XNOR2_X1,B,ZN,rise,78.0596,0.00650405,1.1,25.0,63.583,1.5180722891566267,1.26e-06,8.299999999999999e-07,0,1,1,4.370201998407221,0.0064829899346209,793650.7936507936,1204819.277108434,5161.944444444445,7836.204819277111,5161.944444444445,793650.7936507936,0.9090909090909092,0.04,0.2057416267942584,1,85.89094
Nangate45,NORX1,NOR4_X1,A4,ZN,fall,4.72397,0.000365616,1.1,25.0,7.19134,1.5180722891566267,1.26e-06,8.299999999999999e-07,0,1,1,1.7446626205903233,0.000365549178757,793650.7936507936,1204819.277108434,290.1714285714286,440.5012048192772,440.5012048192772,1204819.277108434,0.9090909090909092,0.04,0.2057416267942584,1,5.660743
Nangate45,NORX1,XNOR2_X1,A,ZN,rise,130.081,0.000365616,1.1,25.0,54.282,1.5180722891566267,1.26e-06,8.299999999999999e-07,0,1,1,4.875815452730412,0.000365549178757,793650.7936507936,1204819.277108434,290.1714285714286,440.5012048192772,290.1714285714286,793650.7936507936,0.9090909090909092,0.04,0.2057416267942584,1,65.761345
Nangate45,NORX1,NOR4_X1,A4,ZN,rise,198.535,0.000365616,1.1,25.0,100.308,1.5180722891566267,1.26e-06,8.299999999999999e-07,0,1,1,5.295989659538859,0.000365549178757,793650.7936507936,1204819.277108434,290.1714285714286,440.5012048192772,290.1714285714286,793650.7936507936,0.9090909090909092,0.04,0.2057416267942584,1,0.45146674
Nangate45,NORX1,NOR4_X1,A2,ZN,rise,40.9838,0.00063952,1.1,25.0,63.4115,1.5180722891566267,1.26e-06,8.299999999999999e-07,0,1,1,3.737283829590765,0.0006393155942278,793650.7936507936,1204819.277108434,507.5555555555555,770.5060240963857,507.5555555555555,793650.7936507936,0.9090909090909092,0.04,0.2057416267942584,1,83.41937
Nangate45,NORX1,NOR2_X1,A2,ZN,rise,198.535,0.000365616,1.1,25.0,63.8348,1.5180722891566267,1.26e-06,8.299999999999999e-07,0,1,1,5.295989659538859,0.000365549178757,793650.7936507936,1204819.277108434,290.1714285714286,440.5012048192772,290.1714285714286,793650.7936507936,0.9090909090909092,0.04,0.2057416267942584,1,38.35405
Nangate45,NORX1,NOR3_X1,A2,ZN,fall,130.081,0.00853286,1.1,25.0,37.2545,1.5180722891566267,1.26e-06,8.299999999999999e-07,0,1,1,4.875815452730412,0.0084966609254384,793650.7936507936,1204819.277108434,6772.11111111111,10280.554216867473,10280.554216867473,1204819.277108434,0.9090909090909092,0.04,0.2057416267942584,1,50.997013
Nangate45,NANDX1,NAND3_X1,A2,ZN,rise,130.081,0.0291825,1.1,25.0,147.85799999999998,1.5180722891566267,1.26e-06,8.299999999999999e-07,0,1,1,4.875815452730412,0.0287647977830285,793650.7936507936,1204819.277108434,23160.714285714286,35159.63855421687,23160.714285714286,793650.7936507936,0.9090909090909092,0.04,0.2057416267942584,1,137.19382
Nangate45,NORX1,XNOR2_X1,A,ZN,fall,198.535,0.00325202,1.1,25.0,26.474,1.5180722891566267,1.26e-06,8.299999999999999e-07,0,1,1,5.295989659538859,0.0032467436191291,793650.7936507936,1204819.277108434,2580.968253968254,3918.096385542169,3918.096385542169,1204819.277108434,0.9090909090909092,0.04,0.2057416267942584,1,50.654587
Nangate45,NORX1,NOR3_X1,A2,ZN,rise,130.081,0.0160217,1.1,25.0,204.582,1.5180722891566267,1.26e-06,8.299999999999999e-07,0,1,1,4.875815452730412,0.0158947071959221,793650.7936507936,1204819.277108434,12715.63492063492,19303.253012048197,12715.63492063492,793650.7936507936,0.9090909090909092,0.04,0.2057416267942584,1,166.78201
Nangate45,INVX2,INV_X2,A,ZN,rise,17.1859,0.000365616,1.1,25.0,11.2659,1.5180722891566267,1.26e-06,8.299999999999999e-07,1,1,1,2.900646568553312,0.000365549178757,793650.7936507936,1204819.277108434,290.1714285714286,440.5012048192772,290.1714285714286,793650.7936507936,0.9090909090909092,0.04,0.2057416267942584,1,8.892909
Nangate45,NORX1,XNOR2_X1,A,ZN,rise,198.535,0.00325202,1.1,25.0,97.379,1.5180722891566267,1.26e-06,8.299999999999999e-07,0,1,1,5.295989659538859,0.0032467436191291,793650.7936507936,1204819.277108434,2580.968253968254,3918.096385542169,2580.968253968254,793650.7936507936,0.9090909090909092,0.04,0.2057416267942584,1,97.30703
Nangate45,NANDX1,NAND4_X1,A4,ZN,fall,198.535,0.0559998,1.1,25.0,265.113,1.5180722891566267,1.26e-06,8.299999999999999e-07,0,1,1,5.295989659538859,0.0544879958901124,793650.7936507936,1204819.277108434,44444.28571428572,67469.63855421687,67469.63855421687,1204819.277108434,0.9090909090909092,0.04,0.2057416267942584,1,220.98268
Nangate45,NORX1,XNOR2_X1,B,ZN,rise,198.535,0.00650405,1.1,25.0,117.581,1.5180722891566267,1.26e-06,8.299999999999999e-07,0,1,1,5.295989659538859,0.0064829899346209,793650.7936507936,1204819.277108434,5161.944444444445,7836.204819277111,5161.944444444445,793650.7936507936,0.9090909090909092,0.04,0.2057416267942584,1,106.12442
Nangate45,INVX1,INV_X16,A,ZN,rise,130.081,0.484619,1.1,25.0,147.132,1.5180722891566267,6.3e-07,4.1500000000000005e-07,1,1,1,4.875815452730412,0.3951581736794985,1587301.5873015872,2409638.554216868,769236.5079365079,1167756.6265060245,769236.5079365079,1587301.5873015872,0.9090909090909092,0.04,0.2057416267942584,1,96.47144
Nangate45,INVX1,INV_X1,A,ZN,fall,17.1859,0.00759125,1.1,25.0,19.2072,1.5180722891566267,6.3e-07,4.1500000000000005e-07,1,1,1,2.900646568553312,0.0075625814570239,1587301.5873015872,2409638.554216868,12049.603174603171,18292.1686746988,18292.1686746988,2409638.554216868,0.9090909090909092,0.04,0.2057416267942584,1,33.734745
Nangate45,XORX1,XOR2_X1,A,Z,rise,1.1737799999999998,0.000365616,1.1,25.0,16.654,1.5135135135135138,2.52e-06,1.6649999999999995e-06,0,1,1,0.7764675876261998,0.000365549178757,396825.3968253968,600600.6006006007,145.0857142857143,219.58918918918928,145.0857142857143,396825.3968253968,0.9090909090909092,0.04,0.2043010752688172,1,24.8471
Nangate45,INVX1,TINV_X1,EN,ZN,rise,130.081,0.02342024323,1.1,25.0,196.251,1.5180722891566267,6.3e-07,4.1500000000000005e-07,1,1,1,4.875815452730412,0.0231501975625825,1587301.5873015872,2409638.554216868,37174.989253968255,56434.32103614459,37174.989253968255,1587301.5873015872,0.9090909090909092,0.04,0.2057416267942584,1,110.23716
Nangate45,INVX1,TINV_X1,I,ZN,fall,17.1859,0.002245113229,1.1,25.0,16.856199999999998,1.5180722891566267,6.3e-07,4.1500000000000005e-07,1,1,1,2.900646568553312,0.0022425967281435,1587301.5873015872,2409638.554216868,3563.6717920634924,5409.911395180725,5409.911395180725,2409638.554216868,0.9090909090909092,0.04,0.2057416267942584,1,15.699194
Nangate45,NANDX1,NAND3_X1,A1,ZN,fall,1.1737799999999998,0.00729561,1.1,25.0,31.2612,1.5180722891566267,1.26e-06,8.299999999999999e-07,0,1,1,0.7764675876261998,0.0072691257717537,793650.7936507936,1204819.277108434,5790.166666666666,8789.891566265062,8789.891566265062,1204819.277108434,0.9090909090909092,0.04,0.2057416267942584,1,29.901026
Nangate45,INVX2,INV_X2,A,ZN,rise,78.0596,0.00379562,1.1,25.0,33.1569,1.5180722891566267,1.26e-06,8.299999999999999e-07,1,1,1,4.370201998407221,0.0037884348101687,793650.7936507936,1204819.277108434,3012.396825396825,4573.036144578314,3012.396825396825,793650.7936507936,0.9090909090909092,0.04,0.2057416267942584,1,38.794712
Nangate45,INVX1,TINV_X1,I,ZN,rise,1.1737799999999998,0.02342024323,1.1,25.0,152.767,1.5180722891566267,6.3e-07,4.1500000000000005e-07,1,1,1,0.7764675876261998,0.0231501975625825,1587301.5873015872,2409638.554216868,37174.989253968255,56434.32103614459,37174.989253968255,1587301.5873015872,0.9090909090909092,0.04,0.2057416267942584,1,75.297714
Nangate45,NORX1,NOR2_X1,A1,ZN,fall,130.081,0.00166893,1.1,25.0,4.41892,1.5180722891566267,1.26e-06,8.299999999999999e-07,0,1,1,4.875815452730412,0.001667538883896,793650.7936507936,1204819.277108434,1324.547619047619,2010.7590361445789,2010.7590361445789,1204819.277108434,0.9090909090909092,0.04,0.2057416267942584,1,32.690434
Nangate45,NORX1,XNOR2_X1,B,ZN,fall,17.1859,0.0260162,1.1,25.0,70.325,1.5180722891566267,1.26e-06,8.299999999999999e-07,0,1,1,2.900646568553312,0.0256835360976095,793650.7936507936,1204819.277108434,20647.77777777778,31344.819277108443,31344.819277108443,1204819.277108434,0.9090909090909092,0.04,0.2057416267942584,1,54.530273
Nangate45,NORX1,NOR4_X1,A4,ZN,rise,198.535,0.00063952,1.1,25.0,103.968,1.5180722891566267,1.26e-06,8.299999999999999e-07,0,1,1,5.295989659538859,0.0006393155942278,793650.7936507936,1204819.277108434,507.5555555555555,770.5060240963857,507.5555555555555,793650.7936507936,0.9090909090909092,0.04,0.2057416267942584,1,131.55614
Nangate45,NORX1,XNOR2_X1,B,ZN,rise,198.535,0.0130081,1.1,25.0,159.1,1.5180722891566267,1.26e-06,8.299999999999999e-07,0,1,1,5.295989659538859,0.0129242212859107,793650.7936507936,1204819.277108434,10323.88888888889,15672.409638554222,10323.88888888889,793650.7936507936,0.9090909090909092,0.04,0.2057416267942584,1,130.51823
Nangate45,NORX1,XNOR2_X1,A,ZN,rise,4.72397,0.00162601,1.1,25.0,35.565,1.5180722891566267,1.26e-06,8.299999999999999e-07,0,1,1,1.7446626205903233,0.0016246894770018,793650.7936507936,1204819.277108434,1290.484126984127,1959.0481927710848,1290.484126984127,793650.7936507936,0.9090909090909092,0.04,0.2057416267942584,1,36.109386
Nangate45,INVX1,TINV_X1,EN,ZN,rise,198.535,0.006518463229,1.1,25.0,85.313,1.5180722891566267,6.3e-07,4.1500000000000005e-07,1,1,1,5.295989659538859,0.0064973099225053,1587301.5873015872,2409638.554216868,10346.76703015873,15707.140310843375,10346.76703015873,1587301.5873015872,0.9090909090909092,0.04,0.2057416267942584,1,108.0109
Nangate45,NANDX1,NAND3_X1,A1,ZN,rise,1.1737799999999998,0.000365616,1.1,25.0,8.71018,1.5180722891566267,1.26e-06,8.299999999999999e-07,0,1,1,0.7764675876261998,0.000365549178757,793650.7936507936,1204819.277108434,290.1714285714286,440.5012048192772,290.1714285714286,793650.7936507936,0.9090909090909092,0.04,0.2057416267942584,1,23.779034
Nangate45,NORX1,NOR4_X1,A1,ZN,rise,4.72397,0.00063952,1.1,25.0,32.8763,1.5180722891566267,1.26e-06,8.299999999999999e-07,0,1,1,1.7446626205903233,0.0006393155942278,793650.7936507936,1204819.277108434,507.5555555555555,770.5060240963857,507.5555555555555,793650.7936507936,0.9090909090909092,0.04,0.2057416267942584,1,47.5628
Nangate45,XORX1,XOR2_X1,A,Z,fall,17.1859,0.0063324,1.1,25.0,61.676,1.5135135135135138,2.52e-06,1.6649999999999995e-06,0,1,1,2.900646568553312,0.0063124345967383,396825.3968253968,600600.6006006007,2512.8571428571427,3803.243243243244,3803.243243243244,600600.6006006007,0.9090909090909092,0.04,0.2043010752688172,1,43.13191
Nangate45,NORX1,XNOR2_X1,A,ZN,rise,198.535,0.00650405,1.1,25.0,123.851,1.5180722891566267,1.26e-06,8.299999999999999e-07,0,1,1,5.295989659538859,0.0064829899346209,793650.7936507936,1204819.277108434,5161.944444444445,7836.204819277111,5161.944444444445,793650.7936507936,0.9090909090909092,0.04,0.2057416267942584,1,106.12835
Nangate45,NORX1,XNOR2_X1,A,ZN,fall,130.081,0.00650405,1.1,25.0,88.881,1.5180722891566267,1.26e-06,8.299999999999999e-07,0,1,1,4.875815452730412,0.0064829899346209,793650.7936507936,1204819.277108434,5161.944444444445,7836.204819277111,7836.204819277111,1204819.277108434,0.9090909090909092,0.04,0.2057416267942584,1,44.55167
Nangate45,NORX1,NOR4_X1,A2,ZN,rise,130.081,0.000365616,1.1,25.0,88.2869,1.5180722891566267,1.26e-06,8.299999999999999e-07,0,1,1,4.875815452730412,0.000365549178757,793650.7936507936,1204819.277108434,290.1714285714286,440.5012048192772,290.1714285714286,793650.7936507936,0.9090909090909092,0.04,0.2057416267942584,1,65.761345
Nangate45,NANDX1,NAND4_X1,A2,ZN,rise,198.535,0.000365616,1.1,25.0,53.844,1.5180722891566267,1.26e-06,8.299999999999999e-07,0,1,1,5.295989659538859,0.000365549178757,793650.7936507936,1204819.277108434,290.1714285714286,440.5012048192772,290.1714285714286,793650.7936507936,0.9090909090909092,0.04,0.2057416267942584,1,56.03515
Nangate45,NORX1,NOR4_X1,A1,ZN,rise,1.1737799999999998,0.000365616,1.1,25.0,30.3105,1.5180722891566267,1.26e-06,8.299999999999999e-07,0,1,1,0.7764675876261998,0.000365549178757,793650.7936507936,1204819.277108434,290.1714285714286,440.5012048192772,290.1714285714286,793650.7936507936,0.9090909090909092,0.04,0.2057416267942584,1,24.731148
Nangate45,NANDX1,NAND4_X1,A3,ZN,fall,1.1737799999999998,0.00699997,1.1,25.0,47.5088,1.5180722891566267,1.26e-06,8.299999999999999e-07,0,1,1,0.7764675876261998,0.006975583944965,793650.7936507936,1204819.277108434,5555.531746031746,8433.698795180724,8433.698795180724,1204819.277108434,0.9090909090909092,0.04,0.2057416267942584,1,29.901047
Nangate45,NANDX1,NAND4_X1,A3,ZN,fall,4.72397,0.000365616,1.1,25.0,23.0338,1.5180722891566267,1.26e-06,8.299999999999999e-07,0,1,1,1.7446626205903233,0.000365549178757,793650.7936507936,1204819.277108434,290.1714285714286,440.5012048192772,440.5012048192772,1204819.277108434,0.9090909090909092,0.04,0.2057416267942584,1,11.1823435
Nangate45,NANDX1,NAND4_X1,A2,ZN,rise,1.1737799999999998,0.0559998,1.1,25.0,146.534,1.5180722891566267,1.26e-06,8.299999999999999e-07,0,1,1,0.7764675876261998,0.0544879958901124,793650.7936507936,1204819.277108434,44444.28571428572,67469.63855421687,44444.28571428572,793650.7936507936,0.9090909090909092,0.04,0.2057416267942584,1,135.10466
Nangate45,NORX1,NOR2_X1,A2,ZN,fall,40.9838,0.00166893,1.1,25.0,14.4441,1.5180722891566267,1.26e-06,8.299999999999999e-07,0,1,1,3.737283829590765,0.001667538883896,793650.7936507936,1204819.277108434,1324.547619047619,2010.7590361445789,2010.7590361445789,1204819.277108434,0.9090909090909092,0.04,0.2057416267942584,1,16.48491
Nangate45,NORX1,XNOR2_X1,A,ZN,rise,1.1737799999999998,0.00325202,1.1,25.0,32.620000000000005,1.5180722891566267,1.26e-06,8.299999999999999e-07,0,1,1,0.7764675876261998,0.0032467436191291,793650.7936507936,1204819.277108434,2580.968253968254,3918.096385542169,2580.968253968254,793650.7936507936,0.9090909090909092,0.04,0.2057416267942584,1,45.33187
Nangate45,NANDX1,NAND2_X1,A1,ZN,fall,40.9838,0.0593567,1.1,25.0,145.41299999999998,1.5180722891566267,1.26e-06,8.299999999999999e-07,0,1,1,3.737283829590765,0.0576618371011917,793650.7936507936,1204819.277108434,47108.492063492056,71514.09638554217,71514.09638554217,1204819.277108434,0.9090909090909092,0.04,0.2057416267942584,1,170.35262
Nangate45,INVX1,TINV_X1,EN,ZN,fall,198.535,0.01217354323,1.1,25.0,95.505,1.5180722891566267,6.3e-07,4.1500000000000005e-07,1,1,1,5.295989659538859,0.0121000415684708,1587301.5873015872,2409638.554216868,19323.08449206349,29333.839108433735,29333.839108433735,2409638.554216868,0.9090909090909092,0.04,0.2057416267942584,1,100.95022
Nangate45,INVX1,INV_X1,A,ZN,rise,40.9838,0.06073,1.1,25.0,170.74800000000002,1.5180722891566267,6.3e-07,4.1500000000000005e-07,1,1,1,3.737283829590765,0.0589573503385265,1587301.5873015872,2409638.554216868,96396.82539682538,146337.34939759038,96396.82539682538,1587301.5873015872,0.9090909090909092,0.04,0.2057416267942584,1,147.5168
Nangate45,NANDX1,NAND2_X1,A2,ZN,fall,130.081,0.00741959,1.1,25.0,46.5188,1.5180722891566267,1.26e-06,8.299999999999999e-07,0,1,1,4.875815452730412,0.0073922002392085,793650.7936507936,1204819.277108434,5888.563492063492,8939.265060240965,8939.265060240965,1204819.277108434,0.9090909090909092,0.04,0.2057416267942584,1,51.829388
Nangate45,NANDX1,NAND3_X1,A1,ZN,rise,130.081,0.0583649,1.1,25.0,214.651,1.5180722891566267,1.26e-06,8.299999999999999e-07,0,1,1,4.875815452730412,0.0567251700033895,793650.7936507936,1204819.277108434,46321.3492063492,70319.15662650602,46321.3492063492,793650.7936507936,0.9090909090909092,0.04,0.2057416267942584,1,213.89801
Nangate45,NANDX1,NAND3_X1,A3,ZN,rise,198.535,0.00729561,1.1,25.0,99.2913,1.5180722891566267,1.26e-06,8.299999999999999e-07,0,1,1,5.295989659538859,0.0072691257717537,793650.7936507936,1204819.277108434,5790.166666666666,8789.891566265062,5790.166666666666,793650.7936507936,0.9090909090909092,0.04,0.2057416267942584,1,81.797455
Nangate45,INVX1,INV_X1,A,ZN,fall,1.1737799999999998,0.06073,1.1,25.0,76.66499999999999,1.5180722891566267,6.3e-07,4.1500000000000005e-07,1,1,1,0.7764675876261998,0.0589573503385265,1587301.5873015872,2409638.554216868,96396.82539682538,146337.34939759038,146337.34939759038,2409638.554216868,0.9090909090909092,0.04,0.2057416267942584,1,34.940376
Nangate45,NANDX1,NAND3_X1,A2,ZN,fall,4.72397,0.000365616,1.1,25.0,14.3873,1.5180722891566267,1.26e-06,8.299999999999999e-07,0,1,1,1.7446626205903233,0.000365549178757,793650.7936507936,1204819.277108434,290.1714285714286,440.5012048192772,440.5012048192772,1204819.277108434,0.9090909090909092,0.04,0.2057416267942584,1,11.182342
Nangate45,NANDX1,NAND2_X1,A1,ZN,rise,17.1859,0.000365616,1.1,25.0,14.1826,1.5180722891566267,1.26e-06,8.299999999999999e-07,0,1,1,2.900646568553312,0.000365549178757,793650.7936507936,1204819.277108434,290.1714285714286,440.5012048192772,290.1714285714286,793650.7936507936,0.9090909090909092,0.04,0.2057416267942584,1,23.607729
Nangate45,NORX1,XNOR2_X1,B,ZN,fall,198.535,0.0130081,1.1,25.0,123.535,1.5180722891566267,1.26e-06,8.299999999999999e-07,0,1,1,5.295989659538859,0.0129242212859107,793650.7936507936,1204819.277108434,10323.88888888889,15672.409638554222,15672.409638554222,1204819.277108434,0.9090909090909092,0.04,0.2057416267942584,1,69.69692
Nangate45,NORX1,NOR2_X1,A2,ZN,rise,4.72397,0.0267029,1.1,25.0,153.273,1.5180722891566267,1.26e-06,8.299999999999999e-07,0,1,1,1.7446626205903233,0.0263525999024103,793650.7936507936,1204819.277108434,21192.777777777777,32172.1686746988,21192.777777777777,793650.7936507936,0.9090909090909092,0.04,0.2057416267942584,1,145.83997
Nangate45,XORX1,XOR2_X1,A,Z,rise,40.9838,0.0126648,1.1,25.0,108.226,1.5135135135135138,2.52e-06,1.6649999999999995e-06,0,1,1,3.737283829590765,0.0125852721858001,396825.3968253968,600600.6006006007,5025.714285714285,7606.486486486488,5025.714285714285,396825.3968253968,0.9090909090909092,0.04,0.2043010752688172,1,92.83876
Nangate45,NANDX1,NAND3_X1,A2,ZN,rise,198.535,0.000365616,1.1,25.0,52.0957,1.5180722891566267,1.26e-06,8.299999999999999e-07,0,1,1,5.295989659538859,0.000365549178757,793650.7936507936,1204819.277108434,290.1714285714286,440.5012048192772,290.1714285714286,793650.7936507936,0.9090909090909092,0.04,0.2057416267942584,1,56.03515
Nangate45,INVX1,TINV_X1,EN,ZN,rise,40.9838,0.003674923229,1.1,25.0,41.185,1.5180722891566267,6.3e-07,4.1500000000000005e-07,1,1,1,3.737283829590765,0.0036681871965212,1587301.5873015872,2409638.554216868,5833.211474603175,8855.236696385544,5833.211474603175,1587301.5873015872,0.9090909090909092,0.04,0.2057416267942584,1,32.12594
Nangate45,NORX1,NOR2_X1,A2,ZN,rise,17.1859,0.00333786,1.1,25.0,39.9222,1.5180722891566267,1.26e-06,8.299999999999999e-07,0,1,1,2.900646568553312,0.0033323017104042,793650.7936507936,1204819.277108434,2649.095238095238,4021.518072289157,2649.095238095238,793650.7936507936,0.9090909090909092,0.04,0.2057416267942584,1,56.440228
Nangate45,NANDX1,NAND4_X1,A3,ZN,fall,40.9838,0.0279999,1.1,25.0,138.47,1.5180722891566267,1.26e-06,8.299999999999999e-07,0,1,1,3.737283829590765,0.027615069756704,793650.7936507936,1204819.277108434,22222.14285714286,33734.81927710844,33734.81927710844,1204819.277108434,0.9090909090909092,0.04,0.2057416267942584,1,99.563324
Nangate45,NANDX1,NAND2_X1,A1,ZN,rise,198.535,0.0593567,1.1,25.0,253.405,1.5180722891566267,1.26e-06,8.299999999999999e-07,0,1,1,5.295989659538859,0.0576618371011917,793650.7936507936,1204819.277108434,47108.492063492056,71514.09638554217,47108.492063492056,793650.7936507936,0.9090909090909092,0.04,0.2057416267942584,1,240.1899
Nangate45,INVX1,INV_X1,A,ZN,rise,198.535,0.030365,1.1,25.0,176.146,1.5180722891566267,6.3e-07,4.1500000000000005e-07,1,1,1,5.295989659538859,0.0299131083997428,1587301.5873015872,2409638.554216868,48198.41269841269,73168.67469879519,48198.41269841269,1587301.5873015872,0.9090909090909092,0.04,0.2057416267942584,1,113.06161
Nangate45,INVX2,INV_X2,A,ZN,rise,4.72397,0.0151825,1.1,25.0,25.1485,1.5180722891566267,1.26e-06,8.299999999999999e-07,1,1,1,1.7446626205903233,0.0150683992868016,793650.7936507936,1204819.277108434,12049.603174603171,18292.1686746988,12049.603174603171,793650.7936507936,0.9090909090909092,0.04,0.2057416267942584,1,13.014081
Nangate45,NANDX1,NAND4_X1,A4,ZN,rise,4.72397,0.000365616,1.1,25.0,17.3192,1.5180722891566267,1.26e-06,8.299999999999999e-07,0,1,1,1.7446626205903233,0.000365549178757,793650.7936507936,1204819.277108434,290.1714285714286,440.5012048192772,290.1714285714286,793650.7936507936,0.9090909090909092,0.04,0.2057416267942584,1,19.299551
Nangate45,NANDX1,NAND4_X1,A4,ZN,fall,40.9838,0.00349999,1.1,25.0,41.7544,1.5180722891566267,1.26e-06,8.299999999999999e-07,0,1,1,3.737283829590765,0.0034938792891336,793650.7936507936,1204819.277108434,2777.769841269841,4216.855421686748,4216.855421686748,1204819.277108434,0.9090909090909092,0.04,0.2057416267942584,1,24.195799
Nangate45,NORX1,XNOR2_X1,A,ZN,fall,17.1859,0.0260162,1.1,25.0,92.196,1.5180722891566267,1.26e-06,8.299999999999999e-07,0,1,1,2.900646568553312,0.0256835360976095,793650.7936507936,1204819.277108434,20647.77777777778,31344.819277108443,31344.819277108443,1204819.277108434,0.9090909090909092,0.04,0.2057416267942584,1,54.53028
Nangate45,NORX1,NOR4_X1,A3,ZN,rise,1.1737799999999998,0.00063952,1.1,25.0,61.0342,1.5180722891566267,1.26e-06,8.299999999999999e-07,0,1,1,0.7764675876261998,0.0006393155942278,793650.7936507936,1204819.277108434,507.5555555555555,770.5060240963857,507.5555555555555,793650.7936507936,0.9090909090909092,0.04,0.2057416267942584,1,37.443047
Nangate45,NORX1,NOR4_X1,A2,ZN,rise,17.1859,0.000365616,1.1,25.0,52.232800000000005,1.5180722891566267,1.26e-06,8.299999999999999e-07,0,1,1,2.900646568553312,0.000365549178757,793650.7936507936,1204819.277108434,290.1714285714286,440.5012048192772,290.1714285714286,793650.7936507936,0.9090909090909092,0.04,0.2057416267942584,1,50.342876
Nangate45,NANDX1,NAND4_X1,A4,ZN,rise,78.0596,0.0017499899999999,1.1,25.0,51.072,1.5180722891566267,1.26e-06,8.299999999999999e-07,0,1,1,4.370201998407221,0.0017484605515862,793650.7936507936,1204819.277108434,1388.8809523809523,2108.421686746988,1388.8809523809523,793650.7936507936,0.9090909090909092,0.04,0.2057416267942584,1,37.461967
Nangate45,NORX1,NOR4_X1,A4,ZN,rise,130.081,0.000365616,1.1,25.0,89.8105,1.5180722891566267,1.26e-06,8.299999999999999e-07,0,1,1,4.875815452730412,0.000365549178757,793650.7936507936,1204819.277108434,290.1714285714286,440.5012048192772,290.1714285714286,793650.7936507936,0.9090909090909092,0.04,0.2057416267942584,1,65.761345
Nangate45,NANDX1,NAND3_X1,A1,ZN,rise,130.081,0.0145912,1.1,25.0,101.67,1.5180722891566267,1.26e-06,8.299999999999999e-07,0,1,1,4.875815452730412,0.0144857727440233,793650.7936507936,1204819.277108434,11580.31746031746,17579.75903614458,11580.31746031746,793650.7936507936,0.9090909090909092,0.04,0.2057416267942584,1,99.247986
Nangate45,NORX1,NOR3_X1,A1,ZN,fall,17.1859,0.00853286,1.1,25.0,21.5609,1.5180722891566267,1.26e-06,8.299999999999999e-07,0,1,1,2.900646568553312,0.0084966609254384,793650.7936507936,1204819.277108434,6772.11111111111,10280.554216867473,10280.554216867473,1204819.277108434,0.9090909090909092,0.04,0.2057416267942584,1,26.917103
Nangate45,NORX1,XNOR2_X1,B,ZN,fall,198.535,0.00650405,1.1,25.0,109.138,1.5180722891566267,1.26e-06,8.299999999999999e-07,0,1,1,5.295989659538859,0.0064829899346209,793650.7936507936,1204819.277108434,5161.944444444445,7836.204819277111,7836.204819277111,1204819.277108434,0.9090909090909092,0.04,0.2057416267942584,1,57.16709
Nangate45,NANDX1,NAND3_X1,A2,ZN,rise,40.9838,0.000365616,1.1,25.0,26.367600000000003,1.5180722891566267,1.26e-06,8.299999999999999e-07,0,1,1,3.737283829590765,0.000365549178757,793650.7936507936,1204819.277108434,290.1714285714286,440.5012048192772,290.1714285714286,793650.7936507936,0.9090909090909092,0.04,0.2057416267942584,1,29.104277
Nangate45,NORX1,NOR3_X1,A2,ZN,rise,130.081,0.001289,1.1,25.0,79.149,1.5180722891566267,1.26e-06,8.299999999999999e-07,0,1,1,4.875815452730412,0.0012881699527107,793650.7936507936,1204819.277108434,1023.015873015873,1553.012048192771,1023.015873015873,793650.7936507936,0.9090909090909092,0.04,0.2057416267942584,1,85.2907
Nangate45,NORX1,XNOR2_X1,A,ZN,rise,78.0596,0.0260162,1.1,25.0,111.654,1.5180722891566267,1.26e-06,8.299999999999999e-07,0,1,1,4.370201998407221,0.0256835360976095,793650.7936507936,1204819.277108434,20647.77777777778,31344.819277108443,20647.77777777778,793650.7936507936,0.9090909090909092,0.04,0.2057416267942584,1,160.32321
Nangate45,INVX1,INV_X1,A,ZN,fall,4.72397,0.0151825,1.1,25.0,22.9885,1.5180722891566267,6.3e-07,4.1500000000000005e-07,1,1,1,1.7446626205903233,0.0150683992868016,1587301.5873015872,2409638.554216868,24099.206349206343,36584.3373493976,36584.3373493976,2409638.554216868,0.9090909090909092,0.04,0.2057416267942584,1,24.614183
Nangate45,XORX1,XOR2_X1,A,Z,rise,198.535,0.000365616,1.1,25.0,68.54,1.5135135135135138,2.52e-06,1.6649999999999995e-06,0,1,1,5.295989659538859,0.000365549178757,396825.3968253968,600600.6006006007,145.0857142857143,219.58918918918928,145.0857142857143,396825.3968253968,0.9090909090909092,0.04,0.2043010752688172,1,75.52399
Nangate45,NANDX1,NAND3_X1,A2,ZN,fall,130.081,0.0291825,1.1,25.0,142.622,1.5180722891566267,1.26e-06,8.299999999999999e-07,0,1,1,4.875815452730412,0.0287647977830285,793650.7936507936,1204819.277108434,23160.714285714286,35159.63855421687,35159.63855421687,1204819.277108434,0.9090909090909092,0.04,0.2057416267942584,1,122.63735
Nangate45,INVX1,INV_X1,A,ZN,fall,198.535,0.00759125,1.1,25.0,28.0603,1.5180722891566267,6.3e-07,4.1500000000000005e-07,1,1,1,5.295989659538859,0.0075625814570239,1587301.5873015872,2409638.554216868,12049.603174603171,18292.1686746988,18292.1686746988,2409638.554216868,0.9090909090909092,0.04,0.2057416267942584,1,81.49132
Nangate45,NANDX1,NAND3_X1,A2,ZN,fall,130.081,0.000365616,1.1,25.0,25.6306,1.5180722891566267,1.26e-06,8.299999999999999e-07,0,1,1,4.875815452730412,0.000365549178757,793650.7936507936,1204819.277108434,290.1714285714286,440.5012048192772,440.5012048192772,1204819.277108434,0.9090909090909092,0.04,0.2057416267942584,1,31.791903
Nangate45,NORX1,NOR4_X1,A3,ZN,fall,1.1737799999999998,0.00195665,1.1,25.0,8.10191,1.5180722891566267,1.26e-06,8.299999999999999e-07,0,1,1,0.7764675876261998,0.0019547382537281,793650.7936507936,1204819.277108434,1552.8968253968253,2357.409638554217,2357.409638554217,1204819.277108434,0.9090909090909092,0.04,0.2057416267942584,1,13.801563
Nangate45,INVX1,INV_X16,A,ZN,fall,130.081,0.484619,1.1,25.0,84.81519999999999,1.5180722891566267,6.3e-07,4.1500000000000005e-07,1,1,1,4.875815452730412,0.3951581736794985,1587301.5873015872,2409638.554216868,769236.5079365079,1167756.6265060245,1167756.6265060245,2409638.554216868,0.9090909090909092,0.04,0.2057416267942584,1,97.765755
Nangate45,NORX1,NOR4_X1,A1,ZN,fall,40.9838,0.00195665,1.1,25.0,14.6842,1.5180722891566267,1.26e-06,8.299999999999999e-07,0,1,1,3.737283829590765,0.0019547382537281,793650.7936507936,1204819.277108434,1552.8968253968253,2357.409638554217,2357.409638554217,1204819.277108434,0.9090909090909092,0.04,0.2057416267942584,1,16.484995
Nangate45,NANDX1,NAND2_X1,A1,ZN,fall,40.9838,0.0018549,1.1,25.0,19.0883,1.5180722891566267,1.26e-06,8.299999999999999e-07,0,1,1,3.737283829590765,0.0018531817973962,793650.7936507936,1204819.277108434,1472.142857142857,2234.819277108434,2234.819277108434,1204819.277108434,0.9090909090909092,0.04,0.2057416267942584,1,21.90845
Nangate45,NANDX1,NAND4_X1,A2,ZN,rise,40.9838,0.00349999,1.1,25.0,39.6645,1.5180722891566267,1.26e-06,8.299999999999999e-07,0,1,1,3.737283829590765,0.0034938792891336,793650.7936507936,1204819.277108434,2777.769841269841,4216.855421686748,2777.769841269841,793650.7936507936,0.9090909090909092,0.04,0.2057416267942584,1,37.40917
Nangate45,NORX1,NOR4_X1,A4,ZN,rise,1.1737799999999998,0.00111862,1.1,25.0,69.6533,1.5180722891566267,1.26e-06,8.299999999999999e-07,0,1,1,0.7764675876261998,0.001117994810837,793650.7936507936,1204819.277108434,887.7936507936508,1347.7349397590365,887.7936507936508,793650.7936507936,0.9090909090909092,0.04,0.2057416267942584,1,38.49601
Nangate45,NORX1,NOR4_X1,A4,ZN,fall,4.72397,0.00598648,1.1,25.0,15.0324,1.5180722891566267,1.26e-06,8.299999999999999e-07,0,1,1,1.7446626205903233,0.0059686322234213,793650.7936507936,1204819.277108434,4751.174603174603,7212.626506024098,7212.626506024098,1204819.277108434,0.9090909090909092,0.04,0.2057416267942584,1,17.751228
Nangate45,NORX1,XNOR2_X1,A,ZN,fall,198.535,0.00162601,1.1,25.0,15.066,1.5180722891566267,1.26e-06,8.299999999999999e-07,0,1,1,5.295989659538859,0.0016246894770018,793650.7936507936,1204819.277108434,1290.484126984127,1959.0481927710848,1959.0481927710848,1204819.277108434,0.9090909090909092,0.04,0.2057416267942584,1,47.266666
Nangate45,NANDX1,NAND3_X1,A3,ZN,fall,78.0596,0.00729561,1.1,25.0,48.9414,1.5180722891566267,1.26e-06,8.299999999999999e-07,0,1,1,4.370201998407221,0.0072691257717537,793650.7936507936,1204819.277108434,5790.166666666666,8789.891566265062,8789.891566265062,1204819.277108434,0.9090909090909092,0.04,0.2057416267942584,1,40.836052
Nangate45,INVX1,TINV_X1,I,ZN,rise,78.0596,0.003674923229,1.1,25.0,63.8227,1.5180722891566267,6.3e-07,4.1500000000000005e-07,1,1,1,4.370201998407221,0.0036681871965212,1587301.5873015872,2409638.554216868,5833.211474603175,8855.236696385544,5833.211474603175,1587301.5873015872,0.9090909090909092,0.04,0.2057416267942584,1,38.719837
Nangate45,XORX1,XOR2_X1,A,Z,rise,4.72397,0.0253296,1.1,25.0,162.215,1.5135135135135138,2.52e-06,1.6649999999999995e-06,0,1,1,1.7446626205903233,0.0250141218763313,396825.3968253968,600600.6006006007,10051.42857142857,15212.972972972975,10051.42857142857,396825.3968253968,0.9090909090909092,0.04,0.2043010752688172,1,84.40135
Nangate45,INVX1,INV_X1,A,ZN,rise,198.535,0.000365616,1.1,25.0,40.9686,1.5180722891566267,6.3e-07,4.1500000000000005e-07,1,1,1,5.295989659538859,0.000365549178757,1587301.5873015872,2409638.554216868,580.3428571428572,881.0024096385544,580.3428571428572,1587301.5873015872,0.9090909090909092,0.04,0.2057416267942584,1,33.74205
Nangate45,INVX1,TINV_X1,I,ZN,rise,198.535,0.006518463229,1.1,25.0,119.069,1.5180722891566267,6.3e-07,4.1500000000000005e-07,1,1,1,5.295989659538859,0.0064973099225053,1587301.5873015872,2409638.554216868,10346.76703015873,15707.140310843375,10346.76703015873,1587301.5873015872,0.9090909090909092,0.04,0.2057416267942584,1,108.0109
Nangate45,INVX1,INV_X16,A,ZN,rise,4.72397,0.484619,1.1,25.0,80.6296,1.5180722891566267,6.3e-07,4.1500000000000005e-07,1,1,1,1.7446626205903233,0.3951581736794985,1587301.5873015872,2409638.554216868,769236.5079365079,1167756.6265060245,769236.5079365079,1587301.5873015872,0.9090909090909092,0.04,0.2057416267942584,1,93.62313
Nangate45,NORX1,NOR3_X1,A2,ZN,rise,40.9838,0.000365616,1.1,25.0,45.0367,1.5180722891566267,1.26e-06,8.299999999999999e-07,0,1,1,3.737283829590765,0.000365549178757,793650.7936507936,1204819.277108434,290.1714285714286,440.5012048192772,290.1714285714286,793650.7936507936,0.9090909090909092,0.04,0.2057416267942584,1,50.872097
Nangate45,INVX1,TINV_X1,EN,ZN,fall,40.9838,0.001526164229,1.1,25.0,30.531,1.5180722891566267,6.3e-07,4.1500000000000005e-07,1,1,1,3.737283829590765,0.0015250008239207,1587301.5873015872,2409638.554216868,2422.482903174603,3677.5041662650606,3677.5041662650606,2409638.554216868,0.9090909090909092,0.04,0.2057416267942584,1,17.688097
Nangate45,INVX1,INV_X1,A,ZN,fall,17.1859,0.030365,1.1,25.0,46.8495,1.5180722891566267,6.3e-07,4.1500000000000005e-07,1,1,1,2.900646568553312,0.0299131083997428,1587301.5873015872,2409638.554216868,48198.41269841269,73168.67469879519,73168.67469879519,2409638.554216868,0.9090909090909092,0.04,0.2057416267942584,1,48.590927
Nangate45,NORX1,NOR4_X1,A3,ZN,rise,130.081,0.00598648,1.1,25.0,156.356,1.5180722891566267,1.26e-06,8.299999999999999e-07,0,1,1,4.875815452730412,0.0059686322234213,793650.7936507936,1204819.277108434,4751.174603174603,7212.626506024098,4751.174603174603,793650.7936507936,0.9090909090909092,0.04,0.2057416267942584,1,86.31121
Nangate45,XORX1,XOR2_X1,A,Z,rise,198.535,0.0063324,1.1,25.0,122.016,1.5135135135135138,2.52e-06,1.6649999999999995e-06,0,1,1,5.295989659538859,0.0063124345967383,396825.3968253968,600600.6006006007,2512.8571428571427,3803.243243243244,2512.8571428571427,396825.3968253968,0.9090909090909092,0.04,0.2043010752688172,1,115.85251
Nangate45,NORX1,XNOR2_X1,A,ZN,rise,1.1737799999999998,0.0260162,1.1,25.0,147.886,1.5180722891566267,1.26e-06,8.299999999999999e-07,0,1,1,0.7764675876261998,0.0256835360976095,793650.7936507936,1204819.277108434,20647.77777777778,31344.819277108443,20647.77777777778,793650.7936507936,0.9090909090909092,0.04,0.2057416267942584,1,137.00465
Nangate45,INVX2,INV_X2,A,ZN,rise,130.081,0.12146,1.1,25.0,218.333,1.5180722891566267,1.26e-06,8.299999999999999e-07,1,1,1,4.875815452730412,0.1146314078240044,793650.7936507936,1204819.277108434,96396.82539682538,146337.34939759038,96396.82539682538,793650.7936507936,0.9090909090909092,0.04,0.2057416267942584,1,158.42442
Nangate45,NANDX1,NAND4_X1,A1,ZN,rise,17.1859,0.0139999,1.1,25.0,51.2719,1.5180722891566267,1.26e-06,8.299999999999999e-07,0,1,1,2.900646568553312,0.0139028065496571,793650.7936507936,1204819.277108434,11111.031746031746,16867.349397590366,11111.031746031746,793650.7936507936,0.9090909090909092,0.04,0.2057416267942584,1,64.360535
Nangate45,INVX1,TINV_X1,I,ZN,fall,1.1737799999999998,0.006518463229,1.1,25.0,23.5247,1.5180722891566267,6.3e-07,4.1500000000000005e-07,1,1,1,0.7764675876261998,0.0064973099225053,1587301.5873015872,2409638.554216868,10346.76703015873,15707.140310843375,15707.140310843375,2409638.554216868,0.9090909090909092,0.04,0.2057416267942584,1,23.738129
Nangate45,INVX1,TINV_X1,I,ZN,rise,1.1737799999999998,0.001526164229,1.1,25.0,22.9054,1.5180722891566267,6.3e-07,4.1500000000000005e-07,1,1,1,0.7764675876261998,0.0015250008239207,1587301.5873015872,2409638.554216868,2422.482903174603,3677.5041662650606,2422.482903174603,1587301.5873015872,0.9090909090909092,0.04,0.2057416267942584,1,9.375315
Nangate45,NANDX1,NAND3_X1,A3,ZN,fall,78.0596,0.0018239,1.1,25.0,28.4276,1.5180722891566267,1.26e-06,8.299999999999999e-07,0,1,1,4.370201998407221,0.0018222387141011,793650.7936507936,1204819.277108434,1447.5396825396824,2197.4698795180725,2197.4698795180725,1204819.277108434,0.9090909090909092,0.04,0.2057416267942584,1,25.896389
Nangate45,NANDX1,NAND3_X1,A1,ZN,fall,4.72397,0.0018239,1.1,25.0,16.0692,1.5180722891566267,1.26e-06,8.299999999999999e-07,0,1,1,1.7446626205903233,0.0018222387141011,793650.7936507936,1204819.277108434,1447.5396825396824,2197.4698795180725,2197.4698795180725,1204819.277108434,0.9090909090909092,0.04,0.2057416267942584,1,11.912234
Nangate45,NANDX1,NAND4_X1,A3,ZN,rise,198.535,0.00699997,1.1,25.0,98.9198,1.5180722891566267,1.26e-06,8.299999999999999e-07,0,1,1,5.295989659538859,0.006975583944965,793650.7936507936,1204819.277108434,5555.531746031746,8433.698795180724,5555.531746031746,793650.7936507936,0.9090909090909092,0.04,0.2057416267942584,1,81.79725
Nangate45,NORX1,XNOR2_X1,B,ZN,fall,1.1737799999999998,0.000813006,1.1,25.0,32.314,1.5180722891566267,1.26e-06,8.299999999999999e-07,0,1,1,0.7764675876261998,0.0008126756896393,793650.7936507936,1204819.277108434,645.2428571428571,979.5253012048196,979.5253012048196,1204819.277108434,0.9090909090909092,0.04,0.2057416267942584,1,11.769961
Nangate45,INVX2,INV_X2,A,ZN,fall,17.1859,0.12146,1.1,25.0,83.7588,1.5180722891566267,1.26e-06,8.299999999999999e-07,1,1,1,2.900646568553312,0.1146314078240044,793650.7936507936,1204819.277108434,96396.82539682538,146337.34939759038,146337.34939759038,1204819.277108434,0.9090909090909092,0.04,0.2057416267942584,1,78.4443
Nangate45,INVX1,INV_X16,A,ZN,fall,4.72397,0.000365616,1.1,25.0,4.30768,1.5180722891566267,6.3e-07,4.1500000000000005e-07,1,1,1,1.7446626205903233,0.000365549178757,1587301.5873015872,2409638.554216868,580.3428571428572,881.0024096385544,881.0024096385544,2409638.554216868,0.9090909090909092,0.04,0.2057416267942584,1,10.248882
Nangate45,NORX1,NOR2_X1,A2,ZN,fall,17.1859,0.0133515,1.1,25.0,28.2832,1.5180722891566267,1.26e-06,8.299999999999999e-07,0,1,1,2.900646568553312,0.0132631542209015,793650.7936507936,1204819.277108434,10596.42857142857,16086.144578313257,16086.144578313257,1204819.277108434,0.9090909090909092,0.04,0.2057416267942584,1,39.21506
Nangate45,NORX1,NOR4_X1,A4,ZN,fall,130.081,0.000365616,1.1,25.0,11.5933,1.5180722891566267,1.26e-06,8.299999999999999e-07,0,1,1,4.875815452730412,0.000365549178757,793650.7936507936,1204819.277108434,290.1714285714286,440.5012048192772,440.5012048192772,1204819.277108434,0.9090909090909092,0.04,0.2057416267942584,1,28.538008
Nangate45,NANDX1,NAND2_X1,A2,ZN,fall,4.72397,0.0148392,1.1,25.0,39.7827,1.5180722891566267,1.26e-06,8.299999999999999e-07,0,1,1,1.7446626205903233,0.0147301762980792,793650.7936507936,1204819.277108434,11777.142857142857,17878.554216867473,17878.554216867473,1204819.277108434,0.9090909090909092,0.04,0.2057416267942584,1,65.84949
Nangate45,NORX1,NOR2_X1,A2,ZN,fall,198.535,0.0133515,1.1,25.0,52.7577,1.5180722891566267,1.26e-06,8.299999999999999e-07,0,1,1,5.295989659538859,0.0132631542209015,793650.7936507936,1204819.277108434,10596.42857142857,16086.144578313257,16086.144578313257,1204819.277108434,0.9090909090909092,0.04,0.2057416267942584,1,96.735214
Nangate45,INVX1,TINV_X1,I,ZN,rise,17.1859,0.006518463229,1.1,25.0,59.8862,1.5180722891566267,6.3e-07,4.1500000000000005e-07,1,1,1,2.900646568553312,0.0064973099225053,1587301.5873015872,2409638.554216868,10346.76703015873,15707.140310843375,10346.76703015873,1587301.5873015872,0.9090909090909092,0.04,0.2057416267942584,1,51.12755
Nangate45,NORX1,NOR2_X1,A2,ZN,fall,17.1859,0.00333786,1.1,25.0,15.1498,1.5180722891566267,1.26e-06,8.299999999999999e-07,0,1,1,2.900646568553312,0.0033323017104042,793650.7936507936,1204819.277108434,2649.095238095238,4021.518072289157,4021.518072289157,1204819.277108434,0.9090909090909092,0.04,0.2057416267942584,1,16.21273
Nangate45,XORX1,XOR2_X1,B,Z,rise,4.72397,0.000365616,1.1,25.0,22.266,1.5135135135135138,2.52e-06,1.6649999999999995e-06,0,1,1,1.7446626205903233,0.000365549178757,396825.3968253968,600600.6006006007,145.0857142857143,219.58918918918928,145.0857142857143,396825.3968253968,0.9090909090909092,0.04,0.2043010752688172,1,29.646965
Nangate45,INVX1,TINV_X1,I,ZN,rise,40.9838,0.002245113229,1.1,25.0,42.8069,1.5180722891566267,6.3e-07,4.1500000000000005e-07,1,1,1,3.737283829590765,0.0022425967281435,1587301.5873015872,2409638.554216868,3563.6717920634924,5409.911395180725,3563.6717920634924,1587301.5873015872,0.9090909090909092,0.04,0.2057416267942584,1,27.548742
Nangate45,NANDX1,NAND2_X1,A2,ZN,rise,198.535,0.0593567,1.1,25.0,255.94,1.5180722891566267,1.26e-06,8.299999999999999e-07,0,1,1,5.295989659538859,0.0576618371011917,793650.7936507936,1204819.277108434,47108.492063492056,71514.09638554217,47108.492063492056,793650.7936507936,0.9090909090909092,0.04,0.2057416267942584,1,239.69443
Nangate45,INVX1,TINV_X1,EN,ZN,fall,198.535,0.002245113229,1.1,25.0,62.602,1.5180722891566267,6.3e-07,4.1500000000000005e-07,1,1,1,5.295989659538859,0.0022425967281435,1587301.5873015872,2409638.554216868,3563.6717920634924,5409.911395180725,5409.911395180725,2409638.554216868,0.9090909090909092,0.04,0.2057416267942584,1,38.095783
Nangate45,NANDX1,NAND3_X1,A1,ZN,fall,198.535,0.00364781,1.1,25.0,48.0836,1.5180722891566267,1.26e-06,8.299999999999999e-07,0,1,1,5.295989659538859,0.0036411728768477,793650.7936507936,1204819.277108434,2895.0873015873017,4394.951807228917,4394.951807228917,1204819.277108434,0.9090909090909092,0.04,0.2057416267942584,1,50.635303
Nangate45,NORX1,XNOR2_X1,A,ZN,fall,40.9838,0.00650405,1.1,25.0,62.999,1.5180722891566267,1.26e-06,8.299999999999999e-07,0,1,1,3.737283829590765,0.0064829899346209,793650.7936507936,1204819.277108434,5161.944444444445,7836.204819277111,7836.204819277111,1204819.277108434,0.9090909090909092,0.04,0.2057416267942584,1,24.595428
Nangate45,XORX1,XOR2_X1,A,Z,rise,78.0596,0.0253296,1.1,25.0,176.704,1.5135135135135138,2.52e-06,1.6649999999999995e-06,0,1,1,4.370201998407221,0.0250141218763313,396825.3968253968,600600.6006006007,10051.42857142857,15212.972972972975,10051.42857142857,396825.3968253968,0.9090909090909092,0.04,0.2043010752688172,1,113.67679
Nangate45,NORX1,NOR4_X1,A3,ZN,rise,4.72397,0.0104713,1.1,25.0,167.456,1.5180722891566267,1.26e-06,8.299999999999999e-07,0,1,1,1.7446626205903233,0.010416855676904,793650.7936507936,1204819.277108434,8310.555555555555,12616.024096385545,8310.555555555555,793650.7936507936,0.9090909090909092,0.04,0.2057416267942584,1,95.888885
Nangate45,NANDX1,NAND3_X1,A3,ZN,fall,78.0596,0.0291825,1.1,25.0,116.495,1.5180722891566267,1.26e-06,8.299999999999999e-07,0,1,1,4.370201998407221,0.0287647977830285,793650.7936507936,1204819.277108434,23160.714285714286,35159.63855421687,35159.63855421687,1204819.277108434,0.9090909090909092,0.04,0.2057416267942584,1,113.896416
Nangate45,NANDX1,NAND2_X1,A2,ZN,rise,1.1737799999999998,0.00370979,1.1,25.0,17.8627,1.5180722891566267,1.26e-06,8.299999999999999e-07,0,1,1,0.7764675876261998,0.0037029257005795,793650.7936507936,1204819.277108434,2944.277777777778,4469.626506024097,2944.277777777778,793650.7936507936,0.9090909090909092,0.04,0.2057416267942584,1,37.709293
Nangate45,INVX1,INV_X16,A,ZN,rise,198.535,0.0302886999999999,1.1,25.0,54.3151,1.5180722891566267,6.3e-07,4.1500000000000005e-07,1,1,1,5.295989659538859,0.0298390542294231,1587301.5873015872,2409638.554216868,48077.30158730158,72984.81927710844,48077.30158730158,1587301.5873015872,0.9090909090909092,0.04,0.2057416267942584,1,113.062004
Nangate45,XORX1,XOR2_X1,B,Z,rise,198.535,0.00079155,1.1,25.0,85.441,1.5135135135135138,2.52e-06,1.6649999999999995e-06,0,1,1,5.295989659538859,0.0007912368895162,396825.3968253968,600600.6006006007,314.10714285714283,475.40540540540553,314.10714285714283,396825.3968253968,0.9090909090909092,0.04,0.2043010752688172,1,82.49129
Nangate45,NORX1,NOR4_X1,A4,ZN,fall,1.1737799999999998,0.00111862,1.1,25.0,6.55594,1.5180722891566267,1.26e-06,8.299999999999999e-07,0,1,1,0.7764675876261998,0.001117994810837,793650.7936507936,1204819.277108434,887.7936507936508,1347.7349397590365,1347.7349397590365,1204819.277108434,0.9090909090909092,0.04,0.2057416267942584,1,12.450142
Nangate45,INVX1,INV_X16,A,ZN,fall,40.9838,0.484619,1.1,25.0,57.9314,1.5180722891566267,6.3e-07,4.1500000000000005e-07,1,1,1,3.737283829590765,0.3951581736794985,1587301.5873015872,2409638.554216868,769236.5079365079,1167756.6265060245,1167756.6265060245,2409638.554216868,0.9090909090909092,0.04,0.2057416267942584,1,96.22515
Nangate45,NANDX1,NAND3_X1,A3,ZN,fall,130.081,0.0583649,1.1,25.0,213.6,1.5180722891566267,1.26e-06,8.299999999999999e-07,0,1,1,4.875815452730412,0.0567251700033895,793650.7936507936,1204819.277108434,46321.3492063492,70319.15662650602,70319.15662650602,1204819.277108434,0.9090909090909092,0.04,0.2057416267942584,1,198.00142
Nangate45,INVX1,TINV_X1,I,ZN,rise,130.081,0.003674923229,1.1,25.0,77.9867,1.5180722891566267,6.3e-07,4.1500000000000005e-07,1,1,1,4.875815452730412,0.0036681871965212,1587301.5873015872,2409638.554216868,5833.211474603175,8855.236696385544,5833.211474603175,1587301.5873015872,0.9090909090909092,0.04,0.2057416267942584,1,47.812103
Nangate45,NANDX1,NAND2_X1,A2,ZN,fall,1.1737799999999998,0.00370979,1.1,25.0,15.2253,1.5180722891566267,1.26e-06,8.299999999999999e-07,0,1,1,0.7764675876261998,0.0037029257005795,793650.7936507936,1204819.277108434,2944.277777777778,4469.626506024097,4469.626506024097,1204819.277108434,0.9090909090909092,0.04,0.2057416267942584,1,27.845888
Nangate45,NANDX1,NAND3_X1,A2,ZN,fall,198.535,0.000365616,1.1,25.0,25.6549,1.5180722891566267,1.26e-06,8.299999999999999e-07,0,1,1,5.295989659538859,0.000365549178757,793650.7936507936,1204819.277108434,290.1714285714286,440.5012048192772,440.5012048192772,1204819.277108434,0.9090909090909092,0.04,0.2057416267942584,1,44.711563
Nangate45,INVX1,INV_X16,A,ZN,fall,4.72397,0.0302886999999999,1.1,25.0,7.08648,1.5180722891566267,6.3e-07,4.1500000000000005e-07,1,1,1,1.7446626205903233,0.0298390542294231,1587301.5873015872,2409638.554216868,48077.30158730158,72984.81927710844,72984.81927710844,2409638.554216868,0.9090909090909092,0.04,0.2057416267942584,1,41.688175
Nangate45,INVX1,TINV_X1,I,ZN,fall,40.9838,0.006518463229,1.1,25.0,34.6857,1.5180722891566267,6.3e-07,4.1500000000000005e-07,1,1,1,3.737283829590765,0.0064973099225053,1587301.5873015872,2409638.554216868,10346.76703015873,15707.140310843375,15707.140310843375,2409638.554216868,0.9090909090909092,0.04,0.2057416267942584,1,46.16056
Nangate45,NORX1,NOR3_X1,A3,ZN,rise,40.9838,0.00853286,1.1,25.0,113.616,1.5180722891566267,1.26e-06,8.299999999999999e-07,0,1,1,3.737283829590765,0.0084966609254384,793650.7936507936,1204819.277108434,6772.11111111111,10280.554216867473,6772.11111111111,793650.7936507936,0.9090909090909092,0.04,0.2057416267942584,1,117.92561
Nangate45,INVX1,TINV_X1,I,ZN,rise,17.1859,0.001526164229,1.1,25.0,29.8084,1.5180722891566267,6.3e-07,4.1500000000000005e-07,1,1,1,2.900646568553312,0.0015250008239207,1587301.5873015872,2409638.554216868,2422.482903174603,3677.5041662650606,2422.482903174603,1587301.5873015872,0.9090909090909092,0.04,0.2057416267942584,1,11.897924
Nangate45,INVX1,TINV_X1,EN,ZN,fall,1.1737799999999998,0.003674923229,1.1,25.0,21.43,1.5180722891566267,6.3e-07,4.1500000000000005e-07,1,1,1,0.7764675876261998,0.0036681871965212,1587301.5873015872,2409638.554216868,5833.211474603175,8855.236696385544,8855.236696385544,2409638.554216868,0.9090909090909092,0.04,0.2057416267942584,1,12.069866
Nangate45,XORX1,XOR2_X1,B,Z,rise,130.081,0.00079155,1.1,25.0,53.653,1.5135135135135138,2.52e-06,1.6649999999999995e-06,0,1,1,4.875815452730412,0.0007912368895162,396825.3968253968,600600.6006006007,314.10714285714283,475.40540540540553,314.10714285714283,396825.3968253968,0.9090909090909092,0.04,0.2043010752688172,1,69.43137
Nangate45,NORX1,XNOR2_X1,B,ZN,fall,4.72397,0.000365616,1.1,25.0,32.71,1.5180722891566267,1.26e-06,8.299999999999999e-07,0,1,1,1.7446626205903233,0.000365549178757,793650.7936507936,1204819.277108434,290.1714285714286,440.5012048192772,440.5012048192772,1204819.277108434,0.9090909090909092,0.04,0.2057416267942584,1,11.9445305
Nangate45,XORX1,XOR2_X1,B,Z,fall,17.1859,0.0015831,1.1,25.0,16.667,1.5135135135135138,2.52e-06,1.6649999999999995e-06,0,1,1,2.900646568553312,0.0015818482181514,396825.3968253968,600600.6006006007,628.2142857142857,950.8108108108112,950.8108108108112,600600.6006006007,0.9090909090909092,0.04,0.2043010752688172,1,29.993979
Nangate45,NANDX1,NAND2_X1,A2,ZN,fall,4.72397,0.0593567,1.1,25.0,132.301,1.5180722891566267,1.26e-06,8.299999999999999e-07,0,1,1,1.7446626205903233,0.0576618371011917,793650.7936507936,1204819.277108434,47108.492063492056,71514.09638554217,71514.09638554217,1204819.277108434,0.9090909090909092,0.04,0.2057416267942584,1,149.70554
Nangate45,NORX1,NOR3_X1,A2,ZN,rise,17.1859,0.00242029,1.1,25.0,53.509800000000006,1.5180722891566267,1.26e-06,8.299999999999999e-07,0,1,1,2.900646568553312,0.0024173658154572,793650.7936507936,1204819.277108434,1920.8650793650795,2916.012048192772,1920.8650793650795,793650.7936507936,0.9090909090909092,0.04,0.2057416267942584,1,59.35296
Nangate45,NANDX1,NAND3_X1,A3,ZN,rise,130.081,0.0018239,1.1,25.0,57.545100000000005,1.5180722891566267,1.26e-06,8.299999999999999e-07,0,1,1,4.875815452730412,0.0018222387141011,793650.7936507936,1204819.277108434,1447.5396825396824,2197.4698795180725,1447.5396825396824,793650.7936507936,0.9090909090909092,0.04,0.2057416267942584,1,46.285122
Nangate45,NORX1,XNOR2_X1,A,ZN,fall,78.0596,0.00650405,1.1,25.0,75.522,1.5180722891566267,1.26e-06,8.299999999999999e-07,0,1,1,4.370201998407221,0.0064829899346209,793650.7936507936,1204819.277108434,5161.944444444445,7836.204819277111,7836.204819277111,1204819.277108434,0.9090909090909092,0.04,0.2057416267942584,1,28.735086
Nangate45,XORX1,XOR2_X1,A,Z,rise,1.1737799999999998,0.0126648,1.1,25.0,97.342,1.5135135135135138,2.52e-06,1.6649999999999995e-06,0,1,1,0.7764675876261998,0.0125852721858001,396825.3968253968,600600.6006006007,5025.714285714285,7606.486486486488,5025.714285714285,396825.3968253968,0.9090909090909092,0.04,0.2043010752688172,1,67.387985
Nangate45,INVX1,TINV_X1,EN,ZN,rise,17.1859,0.003674923229,1.1,25.0,31.841,1.5180722891566267,6.3e-07,4.1500000000000005e-07,1,1,1,2.900646568553312,0.0036681871965212,1587301.5873015872,2409638.554216868,5833.211474603175,8855.236696385544,5833.211474603175,1587301.5873015872,0.9090909090909092,0.04,0.2057416267942584,1,25.399786
Nangate45,NORX1,NOR4_X1,A3,ZN,fall,17.1859,0.00195665,1.1,25.0,14.9493,1.5180722891566267,1.26e-06,8.299999999999999e-07,0,1,1,2.900646568553312,0.0019547382537281,793650.7936507936,1204819.277108434,1552.8968253968253,2357.409638554217,2357.409638554217,1204819.277108434,0.9090909090909092,0.04,0.2057416267942584,1,13.357421
Nangate45,NANDX1,NAND4_X1,A4,ZN,fall,198.535,0.0279999,1.1,25.0,156.053,1.5180722891566267,1.26e-06,8.299999999999999e-07,0,1,1,5.295989659538859,0.027615069756704,793650.7936507936,1204819.277108434,22222.14285714286,33734.81927710844,33734.81927710844,1204819.277108434,0.9090909090909092,0.04,0.2057416267942584,1,157.5724
Nangate45,INVX1,INV_X1,A,ZN,fall,78.0596,0.030365,1.1,25.0,72.1436,1.5180722891566267,6.3e-07,4.1500000000000005e-07,1,1,1,4.370201998407221,0.0299131083997428,1587301.5873015872,2409638.554216868,48198.41269841269,73168.67469879519,73168.67469879519,2409638.554216868,0.9090909090909092,0.04,0.2057416267942584,1,64.9731
Nangate45,NORX1,XNOR2_X1,B,ZN,rise,4.72397,0.00162601,1.1,25.0,29.717,1.5180722891566267,1.26e-06,8.299999999999999e-07,0,1,1,1.7446626205903233,0.0016246894770018,793650.7936507936,1204819.277108434,1290.484126984127,1959.0481927710848,1290.484126984127,793650.7936507936,0.9090909090909092,0.04,0.2057416267942584,1,36.109386
Nangate45,NORX1,NOR3_X1,A2,ZN,rise,4.72397,0.000686498,1.1,25.0,34.9804,1.5180722891566267,1.26e-06,8.299999999999999e-07,0,1,1,1.7446626205903233,0.0006862624680366,793650.7936507936,1204819.277108434,544.8396825396825,827.1060240963857,544.8396825396825,793650.7936507936,0.9090909090909092,0.04,0.2057416267942584,1,47.480564
Nangate45,NORX1,NOR4_X1,A3,ZN,fall,4.72397,0.00111862,1.1,25.0,8.53777,1.5180722891566267,1.26e-06,8.299999999999999e-07,0,1,1,1.7446626205903233,0.001117994810837,793650.7936507936,1204819.277108434,887.7936507936508,1347.7349397590365,1347.7349397590365,1204819.277108434,0.9090909090909092,0.04,0.2057416267942584,1,9.798232
Nangate45,NORX1,NOR4_X1,A1,ZN,rise,40.9838,0.00063952,1.1,25.0,50.4427,1.5180722891566267,1.26e-06,8.299999999999999e-07,0,1,1,3.737283829590765,0.0006393155942278,793650.7936507936,1204819.277108434,507.5555555555555,770.5060240963857,507.5555555555555,793650.7936507936,0.9090909090909092,0.04,0.2057416267942584,1,52.086075
Nangate45,NORX1,NOR4_X1,A4,ZN,fall,17.1859,0.00342249,1.1,25.0,17.2829,1.5180722891566267,1.26e-06,8.299999999999999e-07,0,1,1,2.900646568553312,0.0034166466099336,793650.7936507936,1204819.277108434,2716.2619047619046,4123.481927710844,4123.481927710844,1204819.277108434,0.9090909090909092,0.04,0.2057416267942584,1,16.21274
Nangate45,NANDX1,NAND2_X1,A2,ZN,fall,130.081,0.0296783,1.1,25.0,108.454,1.5180722891566267,1.26e-06,8.299999999999999e-07,0,1,1,4.875815452730412,0.0292464233592539,793650.7936507936,1204819.277108434,23554.20634920635,35756.987951807234,35756.987951807234,1204819.277108434,0.9090909090909092,0.04,0.2057416267942584,1,122.662254
Nangate45,NANDX1,NAND3_X1,A1,ZN,rise,78.0596,0.0291825,1.1,25.0,117.803,1.5180722891566267,1.26e-06,8.299999999999999e-07,0,1,1,4.370201998407221,0.0287647977830285,793650.7936507936,1204819.277108434,23160.714285714286,35159.63855421687,23160.714285714286,793650.7936507936,0.9090909090909092,0.04,0.2057416267942584,1,132.1182
Nangate45,NANDX1,NAND2_X1,A2,ZN,rise,17.1859,0.0148392,1.1,25.0,52.5529,1.5180722891566267,1.26e-06,8.299999999999999e-07,0,1,1,2.900646568553312,0.0147301762980792,793650.7936507936,1204819.277108434,11777.142857142857,17878.554216867473,11777.142857142857,793650.7936507936,0.9090909090909092,0.04,0.2057416267942584,1,98.95843
Nangate45,NANDX1,NAND2_X1,A1,ZN,fall,198.535,0.0296783,1.1,25.0,133.996,1.5180722891566267,1.26e-06,8.299999999999999e-07,0,1,1,5.295989659538859,0.0292464233592539,793650.7936507936,1204819.277108434,23554.20634920635,35756.987951807234,35756.987951807234,1204819.277108434,0.9090909090909092,0.04,0.2057416267942584,1,180.45424
Nangate45,NORX1,XNOR2_X1,B,ZN,rise,17.1859,0.00650405,1.1,25.0,59.828,1.5180722891566267,1.26e-06,8.299999999999999e-07,0,1,1,2.900646568553312,0.0064829899346209,793650.7936507936,1204819.277108434,5161.944444444445,7836.204819277111,5161.944444444445,793650.7936507936,0.9090909090909092,0.04,0.2057416267942584,1,68.69622
Nangate45,INVX1,TINV_X1,I,ZN,rise,40.9838,0.006518463229,1.1,25.0,69.0835,1.5180722891566267,6.3e-07,4.1500000000000005e-07,1,1,1,3.737283829590765,0.0064973099225053,1587301.5873015872,2409638.554216868,10346.76703015873,15707.140310843375,10346.76703015873,1587301.5873015872,0.9090909090909092,0.04,0.2057416267942584,1,62.17095
Nangate45,NORX1,NOR3_X1,A3,ZN,fall,130.081,0.000686498,1.1,25.0,9.75269,1.5180722891566267,1.26e-06,8.299999999999999e-07,0,1,1,4.875815452730412,0.0006862624680366,793650.7936507936,1204819.277108434,544.8396825396825,827.1060240963857,827.1060240963857,1204819.277108434,0.9090909090909092,0.04,0.2057416267942584,1,30.687624
Nangate45,XORX1,XOR2_X1,B,Z,fall,1.1737799999999998,0.0126648,1.1,25.0,69.67,1.5135135135135138,2.52e-06,1.6649999999999995e-06,0,1,1,0.7764675876261998,0.0125852721858001,396825.3968253968,600600.6006006007,5025.714285714285,7606.486486486488,7606.486486486488,600600.6006006007,0.9090909090909092,0.04,0.2043010752688172,1,48.780285
Nangate45,NANDX1,NAND3_X1,A3,ZN,rise,4.72397,0.0018239,1.1,25.0,17.9479,1.5180722891566267,1.26e-06,8.299999999999999e-07,0,1,1,1.7446626205903233,0.0018222387141011,793650.7936507936,1204819.277108434,1447.5396825396824,2197.4698795180725,1447.5396825396824,793650.7936507936,0.9090909090909092,0.04,0.2057416267942584,1,20.636332
Nangate45,NORX1,NOR2_X1,A1,ZN,fall,40.9838,0.000365616,1.1,25.0,6.4348,1.5180722891566267,1.26e-06,8.299999999999999e-07,0,1,1,3.737283829590765,0.000365549178757,793650.7936507936,1204819.277108434,290.1714285714286,440.5012048192772,440.5012048192772,1204819.277108434,0.9090909090909092,0.04,0.2057416267942584,1,20.269253
Nangate45,INVX1,INV_X1,A,ZN,fall,4.72397,0.06073,1.1,25.0,78.1923,1.5180722891566267,6.3e-07,4.1500000000000005e-07,1,1,1,1.7446626205903233,0.0589573503385265,1587301.5873015872,2409638.554216868,96396.82539682538,146337.34939759038,146337.34939759038,2409638.554216868,0.9090909090909092,0.04,0.2057416267942584,1,35.11852
Nangate45,NANDX1,NAND4_X1,A1,ZN,fall,40.9838,0.0139999,1.1,25.0,81.9352,1.5180722891566267,1.26e-06,8.299999999999999e-07,0,1,1,3.737283829590765,0.0139028065496571,793650.7936507936,1204819.277108434,11111.031746031746,16867.349397590366,16867.349397590366,1204819.277108434,0.9090909090909092,0.04,0.2057416267942584,1,56.3386
Nangate45,XORX1,XOR2_X1,A,Z,rise,198.535,0.0015831,1.1,25.0,81.35000000000001,1.5135135135135138,2.52e-06,1.6649999999999995e-06,0,1,1,5.295989659538859,0.0015818482181514,396825.3968253968,600600.6006006007,628.2142857142857,950.8108108108112,628.2142857142857,396825.3968253968,0.9090909090909092,0.04,0.2043010752688172,1,90.58402
Nangate45,NORX1,XNOR2_X1,B,ZN,fall,4.72397,0.0130081,1.1,25.0,38.133,1.5180722891566267,1.26e-06,8.299999999999999e-07,0,1,1,1.7446626205903233,0.0129242212859107,793650.7936507936,1204819.277108434,10323.88888888889,15672.409638554222,15672.409638554222,1204819.277108434,0.9090909090909092,0.04,0.2057416267942584,1,18.693594
Nangate45,NORX1,NOR2_X1,A1,ZN,fall,198.535,0.0267029,1.1,25.0,85.4223,1.5180722891566267,1.26e-06,8.299999999999999e-07,0,1,1,5.295989659538859,0.0263525999024103,793650.7936507936,1204819.277108434,21192.777777777777,32172.1686746988,32172.1686746988,1204819.277108434,0.9090909090909092,0.04,0.2057416267942584,1,103.12973
Nangate45,INVX1,INV_X16,A,ZN,rise,78.0596,0.121155,1.1,25.0,58.1592,1.5180722891566267,6.3e-07,4.1500000000000005e-07,1,1,1,4.370201998407221,0.1143594039340094,1587301.5873015872,2409638.554216868,192309.5238095238,291939.7590361446,192309.5238095238,1587301.5873015872,0.9090909090909092,0.04,0.2057416267942584,1,113.05271
Nangate45,INVX1,TINV_X1,I,ZN,fall,17.1859,0.003674923229,1.1,25.0,20.9767,1.5180722891566267,6.3e-07,4.1500000000000005e-07,1,1,1,2.900646568553312,0.0036681871965212,1587301.5873015872,2409638.554216868,5833.211474603175,8855.236696385544,8855.236696385544,2409638.554216868,0.9090909090909092,0.04,0.2057416267942584,1,15.932069
Nangate45,NANDX1,NAND2_X1,A1,ZN,fall,130.081,0.0018549,1.1,25.0,21.0972,1.5180722891566267,1.26e-06,8.299999999999999e-07,0,1,1,4.875815452730412,0.0018531817973962,793650.7936507936,1204819.277108434,1472.142857142857,2234.819277108434,2234.819277108434,1204819.277108434,0.9090909090909092,0.04,0.2057416267942584,1,36.63028
Nangate45,NORX1,NOR4_X1,A2,ZN,fall,130.081,0.00063952,1.1,25.0,7.29301,1.5180722891566267,1.26e-06,8.299999999999999e-07,0,1,1,4.875815452730412,0.0006393155942278,793650.7936507936,1204819.277108434,507.5555555555555,770.5060240963857,770.5060240963857,1204819.277108434,0.9090909090909092,0.04,0.2057416267942584,1,30.366014
Nangate45,NORX1,XNOR2_X1,B,ZN,rise,40.9838,0.00325202,1.1,25.0,49.963,1.5180722891566267,1.26e-06,8.299999999999999e-07,0,1,1,3.737283829590765,0.0032467436191291,793650.7936507936,1204819.277108434,2580.968253968254,3918.096385542169,2580.968253968254,793650.7936507936,0.9090909090909092,0.04,0.2057416267942584,1,60.973957
Nangate45,XORX1,XOR2_X1,B,Z,fall,17.1859,0.00079155,1.1,25.0,56.525,1.5135135135135138,2.52e-06,1.6649999999999995e-06,0,1,1,2.900646568553312,0.0007912368895162,396825.3968253968,600600.6006006007,314.10714285714283,475.40540540540553,475.40540540540553,600600.6006006007,0.9090909090909092,0.04,0.2043010752688172,1,20.79778
Nangate45,XORX1,XOR2_X1,B,Z,rise,78.0596,0.0253296,1.1,25.0,175.905,1.5135135135135138,2.52e-06,1.6649999999999995e-06,0,1,1,4.370201998407221,0.0250141218763313,396825.3968253968,600600.6006006007,10051.42857142857,15212.972972972975,10051.42857142857,396825.3968253968,0.9090909090909092,0.04,0.2043010752688172,1,113.67679
Nangate45,XORX1,XOR2_X1,A,Z,fall,40.9838,0.0126648,1.1,25.0,83.229,1.5135135135135138,2.52e-06,1.6649999999999995e-06,0,1,1,3.737283829590765,0.0125852721858001,396825.3968253968,600600.6006006007,5025.714285714285,7606.486486486488,7606.486486486488,600600.6006006007,0.9090909090909092,0.04,0.2043010752688172,1,65.37374
Nangate45,INVX1,INV_X1,A,ZN,rise,4.72397,0.00379562,1.1,25.0,15.699000000000002,1.5180722891566267,6.3e-07,4.1500000000000005e-07,1,1,1,1.7446626205903233,0.0037884348101687,1587301.5873015872,2409638.554216868,6024.79365079365,9146.072289156627,6024.79365079365,1587301.5873015872,0.9090909090909092,0.04,0.2057416267942584,1,19.288195
Nangate45,NORX1,NOR4_X1,A4,ZN,rise,4.72397,0.00342249,1.1,25.0,95.5435,1.5180722891566267,1.26e-06,8.299999999999999e-07,0,1,1,1.7446626205903233,0.0034166466099336,793650.7936507936,1204819.277108434,2716.2619047619046,4123.481927710844,2716.2619047619046,793650.7936507936,0.9090909090909092,0.04,0.2057416267942584,1,42.82907
Nangate45,NORX1,NOR4_X1,A3,ZN,rise,1.1737799999999998,0.00195665,1.1,25.0,75.3882,1.5180722891566267,1.26e-06,8.299999999999999e-07,0,1,1,0.7764675876261998,0.0019547382537281,793650.7936507936,1204819.277108434,1552.8968253968253,2357.409638554217,1552.8968253968253,793650.7936507936,0.9090909090909092,0.04,0.2057416267942584,1,40.574978
Nangate45,NANDX1,NAND3_X1,A3,ZN,rise,78.0596,0.000365616,1.1,25.0,39.0577,1.5180722891566267,1.26e-06,8.299999999999999e-07,0,1,1,4.370201998407221,0.000365549178757,793650.7936507936,1204819.277108434,290.1714285714286,440.5012048192772,290.1714285714286,793650.7936507936,0.9090909090909092,0.04,0.2057416267942584,1,34.744133
Nangate45,INVX1,INV_X16,A,ZN,fall,17.1859,0.000365616,1.1,25.0,4.99369,1.5180722891566267,6.3e-07,4.1500000000000005e-07,1,1,1,2.900646568553312,0.000365549178757,1587301.5873015872,2409638.554216868,580.3428571428572,881.0024096385544,881.0024096385544,2409638.554216868,0.9090909090909092,0.04,0.2057416267942584,1,10.550511
Nangate45,NORX1,NOR3_X1,A3,ZN,fall,17.1859,0.0160217,1.1,25.0,32.7791,1.5180722891566267,1.26e-06,8.299999999999999e-07,0,1,1,2.900646568553312,0.0158947071959221,793650.7936507936,1204819.277108434,12715.63492063492,19303.253012048197,19303.253012048197,1204819.277108434,0.9090909090909092,0.04,0.2057416267942584,1,39.579685
Nangate45,NANDX1,NAND2_X1,A2,ZN,rise,1.1737799999999998,0.00741959,1.1,25.0,26.8501,1.5180722891566267,1.26e-06,8.299999999999999e-07,0,1,1,0.7764675876261998,0.0073922002392085,793650.7936507936,1204819.277108434,5888.563492063492,8939.265060240965,5888.563492063492,793650.7936507936,0.9090909090909092,0.04,0.2057416267942584,1,40.513718
Nangate45,NORX1,NOR3_X1,A3,ZN,rise,78.0596,0.00853286,1.1,25.0,124.119,1.5180722891566267,1.26e-06,8.299999999999999e-07,0,1,1,4.370201998407221,0.0084966609254384,793650.7936507936,1204819.277108434,6772.11111111111,10280.554216867473,6772.11111111111,793650.7936507936,0.9090909090909092,0.04,0.2057416267942584,1,130.09496
Nangate45,NANDX1,NAND4_X1,A2,ZN,rise,198.535,0.0559998,1.1,25.0,249.795,1.5180722891566267,1.26e-06,8.299999999999999e-07,0,1,1,5.295989659538859,0.0544879958901124,793650.7936507936,1204819.277108434,44444.28571428572,67469.63855421687,44444.28571428572,793650.7936507936,0.9090909090909092,0.04,0.2057416267942584,1,240.13687
Nangate45,INVX1,TINV_X1,EN,ZN,rise,1.1737799999999998,0.01217354323,1.1,25.0,75.844,1.5180722891566267,6.3e-07,4.1500000000000005e-07,1,1,1,0.7764675876261998,0.0121000415684708,1587301.5873015872,2409638.554216868,19323.08449206349,29333.839108433735,19323.08449206349,1587301.5873015872,0.9090909090909092,0.04,0.2057416267942584,1,32.38927
Nangate45,NORX1,XNOR2_X1,A,ZN,fall,130.081,0.00162601,1.1,25.0,77.067,1.5180722891566267,1.26e-06,8.299999999999999e-07,0,1,1,4.875815452730412,0.0016246894770018,793650.7936507936,1204819.277108434,1290.484126984127,1959.0481927710848,1959.0481927710848,1204819.277108434,0.9090909090909092,0.04,0.2057416267942584,1,32.723137
Nangate45,NORX1,NOR2_X1,A1,ZN,fall,1.1737799999999998,0.0133515,1.1,25.0,19.8523,1.5180722891566267,1.26e-06,8.299999999999999e-07,0,1,1,0.7764675876261998,0.0132631542209015,793650.7936507936,1204819.277108434,10596.42857142857,16086.144578313257,16086.144578313257,1204819.277108434,0.9090909090909092,0.04,0.2057416267942584,1,54.1377
Nangate45,NORX1,NOR4_X1,A4,ZN,rise,4.72397,0.0104713,1.1,25.0,171.317,1.5180722891566267,1.26e-06,8.299999999999999e-07,0,1,1,1.7446626205903233,0.010416855676904,793650.7936507936,1204819.277108434,8310.555555555555,12616.024096385545,8310.555555555555,793650.7936507936,0.9090909090909092,0.04,0.2057416267942584,1,89.228195
Nangate45,NANDX1,NAND3_X1,A3,ZN,fall,4.72397,0.00729561,1.1,25.0,36.2844,1.5180722891566267,1.26e-06,8.299999999999999e-07,0,1,1,1.7446626205903233,0.0072691257717537,793650.7936507936,1204819.277108434,5790.166666666666,8789.891566265062,8789.891566265062,1204819.277108434,0.9090909090909092,0.04,0.2057416267942584,1,18.00546
Nangate45,INVX1,INV_X1,A,ZN,rise,130.081,0.030365,1.1,25.0,146.333,1.5180722891566267,6.3e-07,4.1500000000000005e-07,1,1,1,4.875815452730412,0.0299131083997428,1587301.5873015872,2409638.554216868,48198.41269841269,73168.67469879519,48198.41269841269,1587301.5873015872,0.9090909090909092,0.04,0.2057416267942584,1,128.1052
Nangate45,NANDX1,NAND4_X1,A1,ZN,fall,130.081,0.0559998,1.1,25.0,275.38,1.5180722891566267,1.26e-06,8.299999999999999e-07,0,1,1,4.875815452730412,0.0544879958901124,793650.7936507936,1204819.277108434,44444.28571428572,67469.63855421687,67469.63855421687,1204819.277108434,0.9090909090909092,0.04,0.2057416267942584,1,197.9972
Nangate45,NANDX1,NAND3_X1,A1,ZN,fall,1.1737799999999998,0.0583649,1.1,25.0,182.032,1.5180722891566267,1.26e-06,8.299999999999999e-07,0,1,1,0.7764675876261998,0.0567251700033895,793650.7936507936,1204819.277108434,46321.3492063492,70319.15662650602,70319.15662650602,1204819.277108434,0.9090909090909092,0.04,0.2057416267942584,1,126.502075
Nangate45,NORX1,XNOR2_X1,B,ZN,fall,198.535,0.0130081,1.1,25.0,82.315,1.5180722891566267,1.26e-06,8.299999999999999e-07,0,1,1,5.295989659538859,0.0129242212859107,793650.7936507936,1204819.277108434,10323.88888888889,15672.409638554222,15672.409638554222,1204819.277108434,0.9090909090909092,0.04,0.2057416267942584,1,69.63538
Nangate45,NORX1,NOR3_X1,A1,ZN,rise,4.72397,0.00454444,1.1,25.0,54.7841,1.5180722891566267,1.26e-06,8.299999999999999e-07,0,1,1,1.7446626205903233,0.0045341452101301,793650.7936507936,1204819.277108434,3606.698412698413,5475.228915662652,3606.698412698413,793650.7936507936,0.9090909090909092,0.04,0.2057416267942584,1,54.560623
Nangate45,NANDX1,NAND4_X1,A4,ZN,fall,40.9838,0.00699997,1.1,25.0,55.6908,1.5180722891566267,1.26e-06,8.299999999999999e-07,0,1,1,3.737283829590765,0.006975583944965,793650.7936507936,1204819.277108434,5555.531746031746,8433.698795180724,8433.698795180724,1204819.277108434,0.9090909090909092,0.04,0.2057416267942584,1,33.23393
Nangate45,NANDX1,NAND4_X1,A3,ZN,fall,4.72397,0.0017499899999999,1.1,25.0,28.4792,1.5180722891566267,1.26e-06,8.299999999999999e-07,0,1,1,1.7446626205903233,0.0017484605515862,793650.7936507936,1204819.277108434,1388.8809523809523,2108.421686746988,2108.421686746988,1204819.277108434,0.9090909090909092,0.04,0.2057416267942584,1,11.912252
Nangate45,NANDX1,NAND2_X1,A1,ZN,fall,130.081,0.000365616,1.1,25.0,11.2031,1.5180722891566267,1.26e-06,8.299999999999999e-07,0,1,1,4.875815452730412,0.000365549178757,793650.7936507936,1204819.277108434,290.1714285714286,440.5012048192772,440.5012048192772,1204819.277108434,0.9090909090909092,0.04,0.2057416267942584,1,31.791903
Nangate45,NANDX1,NAND3_X1,A2,ZN,fall,130.081,0.0018239,1.1,25.0,35.8432,1.5180722891566267,1.26e-06,8.299999999999999e-07,0,1,1,4.875815452730412,0.0018222387141011,793650.7936507936,1204819.277108434,1447.5396825396824,2197.4698795180725,2197.4698795180725,1204819.277108434,0.9090909090909092,0.04,0.2057416267942584,1,34.135326
Nangate45,NANDX1,NAND2_X1,A1,ZN,fall,17.1859,0.0593567,1.1,25.0,135.85,1.5180722891566267,1.26e-06,8.299999999999999e-07,0,1,1,2.900646568553312,0.0576618371011917,793650.7936507936,1204819.277108434,47108.492063492056,71514.09638554217,71514.09638554217,1204819.277108434,0.9090909090909092,0.04,0.2057416267942584,1,158.43616
Nangate45,NANDX1,NAND4_X1,A2,ZN,fall,198.535,0.000365616,1.1,25.0,42.5158,1.5180722891566267,1.26e-06,8.299999999999999e-07,0,1,1,5.295989659538859,0.000365549178757,793650.7936507936,1204819.277108434,290.1714285714286,440.5012048192772,440.5012048192772,1204819.277108434,0.9090909090909092,0.04,0.2057416267942584,1,42.788876
Nangate45,NORX1,NOR2_X1,A2,ZN,fall,130.081,0.0267029,1.1,25.0,80.5915,1.5180722891566267,1.26e-06,8.299999999999999e-07,0,1,1,4.875815452730412,0.0263525999024103,793650.7936507936,1204819.277108434,21192.777777777777,32172.1686746988,32172.1686746988,1204819.277108434,0.9090909090909092,0.04,0.2057416267942584,1,87.76555
Nangate45,NANDX1,NAND4_X1,A3,ZN,fall,4.72397,0.0279999,1.1,25.0,129.42100000000002,1.5180722891566267,1.26e-06,8.299999999999999e-07,0,1,1,1.7446626205903233,0.027615069756704,793650.7936507936,1204819.277108434,22222.14285714286,33734.81927710844,33734.81927710844,1204819.277108434,0.9090909090909092,0.04,0.2057416267942584,1,79.31838
Nangate45,NANDX1,NAND2_X1,A2,ZN,fall,130.081,0.000365616,1.1,25.0,12.5471,1.5180722891566267,1.26e-06,8.299999999999999e-07,0,1,1,4.875815452730412,0.000365549178757,793650.7936507936,1204819.277108434,290.1714285714286,440.5012048192772,440.5012048192772,1204819.277108434,0.9090909090909092,0.04,0.2057416267942584,1,31.791903
Nangate45,NORX1,NOR3_X1,A1,ZN,rise,130.081,0.000686498,1.1,25.0,69.25290000000001,1.5180722891566267,1.26e-06,8.299999999999999e-07,0,1,1,4.875815452730412,0.0006862624680366,793650.7936507936,1204819.277108434,544.8396825396825,827.1060240963857,544.8396825396825,793650.7936507936,0.9090909090909092,0.04,0.2057416267942584,1,70.36488
Nangate45,XORX1,XOR2_X1,A,Z,rise,4.72397,0.0063324,1.1,25.0,67.825,1.5135135135135138,2.52e-06,1.6649999999999995e-06,0,1,1,1.7446626205903233,0.0063124345967383,396825.3968253968,600600.6006006007,2512.8571428571427,3803.243243243244,2512.8571428571427,396825.3968253968,0.9090909090909092,0.04,0.2043010752688172,1,65.10149
Nangate45,NORX1,NOR3_X1,A3,ZN,rise,1.1737799999999998,0.000686498,1.1,25.0,37.9385,1.5180722891566267,1.26e-06,8.299999999999999e-07,0,1,1,0.7764675876261998,0.0006862624680366,793650.7936507936,1204819.277108434,544.8396825396825,827.1060240963857,544.8396825396825,793650.7936507936,0.9090909090909092,0.04,0.2057416267942584,1,37.455807
Nangate45,NORX1,NOR2_X1,A1,ZN,fall,130.081,0.0066757299999999,1.1,25.0,26.416,1.5180722891566267,1.26e-06,8.299999999999999e-07,0,1,1,4.875815452730412,0.0066535459893972,793650.7936507936,1204819.277108434,5298.198412698412,8043.048192771084,8043.048192771084,1204819.277108434,0.9090909090909092,0.04,0.2057416267942584,1,44.555405
Nangate45,INVX1,TINV_X1,EN,ZN,fall,17.1859,0.002245113229,1.1,25.0,25.236,1.5180722891566267,6.3e-07,4.1500000000000005e-07,1,1,1,2.900646568553312,0.0022425967281435,1587301.5873015872,2409638.554216868,3563.6717920634924,5409.911395180725,5409.911395180725,2409638.554216868,0.9090909090909092,0.04,0.2057416267942584,1,14.092182
Nangate45,NORX1,NOR3_X1,A3,ZN,rise,4.72397,0.000365616,1.1,25.0,36.338,1.5180722891566267,1.26e-06,8.299999999999999e-07,0,1,1,1.7446626205903233,0.000365549178757,793650.7936507936,1204819.277108434,290.1714285714286,440.5012048192772,290.1714285714286,793650.7936507936,0.9090909090909092,0.04,0.2057416267942584,1,36.983944
Nangate45,NORX1,XNOR2_X1,B,ZN,fall,78.0596,0.000365616,1.1,25.0,63.692,1.5180722891566267,1.26e-06,8.299999999999999e-07,0,1,1,4.370201998407221,0.000365549178757,793650.7936507936,1204819.277108434,290.1714285714286,440.5012048192772,440.5012048192772,1204819.277108434,0.9090909090909092,0.04,0.2057416267942584,1,13.795132
Nangate45,NORX1,NOR2_X1,A1,ZN,fall,78.0596,0.00333786,1.1,25.0,16.1209,1.5180722891566267,1.26e-06,8.299999999999999e-07,0,1,1,4.370201998407221,0.0033323017104042,793650.7936507936,1204819.277108434,2649.095238095238,4021.518072289157,4021.518072289157,1204819.277108434,0.9090909090909092,0.04,0.2057416267942584,1,23.524416
Nangate45,NORX1,NOR4_X1,A1,ZN,fall,1.1737799999999998,0.00342249,1.1,25.0,8.7218,1.5180722891566267,1.26e-06,8.299999999999999e-07,0,1,1,0.7764675876261998,0.0034166466099336,793650.7936507936,1204819.277108434,2716.2619047619046,4123.481927710844,4123.481927710844,1204819.277108434,0.9090909090909092,0.04,0.2057416267942584,1,17.210428
Nangate45,NORX1,NOR2_X1,A1,ZN,fall,78.0596,0.0133515,1.1,25.0,43.0097,1.5180722891566267,1.26e-06,8.299999999999999e-07,0,1,1,4.370201998407221,0.0132631542209015,793650.7936507936,1204819.277108434,10596.42857142857,16086.144578313257,16086.144578313257,1204819.277108434,0.9090909090909092,0.04,0.2057416267942584,1,62.00831
Nangate45,XORX1,XOR2_X1,A,Z,fall,40.9838,0.0031662,1.1,25.0,25.379,1.5135135135135138,2.52e-06,1.6649999999999995e-06,0,1,1,3.737283829590765,0.0031611981439168,396825.3968253968,600600.6006006007,1256.428571428571,1901.621621621622,1901.621621621622,600600.6006006007,0.9090909090909092,0.04,0.2043010752688172,1,45.241272
Nangate45,INVX1,INV_X1,A,ZN,fall,78.0596,0.00379562,1.1,25.0,16.9885,1.5180722891566267,6.3e-07,4.1500000000000005e-07,1,1,1,4.370201998407221,0.0037884348101687,1587301.5873015872,2409638.554216868,6024.79365079365,9146.072289156627,9146.072289156627,2409638.554216868,0.9090909090909092,0.04,0.2057416267942584,1,30.30896
Nangate45,NORX1,NOR2_X1,A1,ZN,rise,1.1737799999999998,0.00166893,1.1,25.0,20.576,1.5180722891566267,1.26e-06,8.299999999999999e-07,0,1,1,0.7764675876261998,0.001667538883896,793650.7936507936,1204819.277108434,1324.547619047619,2010.7590361445789,1324.547619047619,793650.7936507936,0.9090909090909092,0.04,0.2057416267942584,1,40.57491
Nangate45,NANDX1,NAND4_X1,A1,ZN,rise,130.081,0.0017499899999999,1.1,25.0,47.0705,1.5180722891566267,1.26e-06,8.299999999999999e-07,0,1,1,4.875815452730412,0.0017484605515862,793650.7936507936,1204819.277108434,1388.8809523809523,2108.421686746988,1388.8809523809523,793650.7936507936,0.9090909090909092,0.04,0.2057416267942584,1,46.029083
Nangate45,NORX1,NOR4_X1,A3,ZN,rise,17.1859,0.00195665,1.1,25.0,79.9322,1.5180722891566267,1.26e-06,8.299999999999999e-07,0,1,1,2.900646568553312,0.0019547382537281,793650.7936507936,1204819.277108434,1552.8968253968253,2357.409638554217,1552.8968253968253,793650.7936507936,0.9090909090909092,0.04,0.2057416267942584,1,52.01714
Nangate45,INVX1,TINV_X1,I,ZN,fall,198.535,0.002245113229,1.1,25.0,20.1986,1.5180722891566267,6.3e-07,4.1500000000000005e-07,1,1,1,5.295989659538859,0.0022425967281435,1587301.5873015872,2409638.554216868,3563.6717920634924,5409.911395180725,5409.911395180725,2409638.554216868,0.9090909090909092,0.04,0.2057416267942584,1,72.935295
Nangate45,XORX1,XOR2_X1,A,Z,rise,17.1859,0.0126648,1.1,25.0,103.876,1.5135135135135138,2.52e-06,1.6649999999999995e-06,0,1,1,2.900646568553312,0.0125852721858001,396825.3968253968,600600.6006006007,5025.714285714285,7606.486486486488,5025.714285714285,396825.3968253968,0.9090909090909092,0.04,0.2043010752688172,1,83.52492
Nangate45,INVX1,TINV_X1,EN,ZN,fall,40.9838,0.02342024323,1.1,25.0,86.823,1.5180722891566267,6.3e-07,4.1500000000000005e-07,1,1,1,3.737283829590765,0.0231501975625825,1587301.5873015872,2409638.554216868,37174.989253968255,56434.32103614459,56434.32103614459,2409638.554216868,0.9090909090909092,0.04,0.2057416267942584,1,62.69259
Nangate45,INVX2,INV_X2,A,ZN,rise,130.081,0.00759125,1.1,25.0,53.9581,1.5180722891566267,1.26e-06,8.299999999999999e-07,1,1,1,4.875815452730412,0.0075625814570239,793650.7936507936,1204819.277108434,6024.801587301587,9146.0843373494,6024.801587301587,793650.7936507936,0.9090909090909092,0.04,0.2057416267942584,1,56.209957
Nangate45,NANDX1,NAND4_X1,A4,ZN,fall,17.1859,0.0279999,1.1,25.0,133.25699999999998,1.5180722891566267,1.26e-06,8.299999999999999e-07,0,1,1,2.900646568553312,0.027615069756704,793650.7936507936,1204819.277108434,22222.14285714286,33734.81927710844,33734.81927710844,1204819.277108434,0.9090909090909092,0.04,0.2057416267942584,1,75.21013
Nangate45,NANDX1,NAND4_X1,A2,ZN,fall,4.72397,0.0017499899999999,1.1,25.0,26.0648,1.5180722891566267,1.26e-06,8.299999999999999e-07,0,1,1,1.7446626205903233,0.0017484605515862,793650.7936507936,1204819.277108434,1388.8809523809523,2108.421686746988,2108.421686746988,1204819.277108434,0.9090909090909092,0.04,0.2057416267942584,1,12.286356
Nangate45,NANDX1,NAND4_X1,A2,ZN,fall,1.1737799999999998,0.00699997,1.1,25.0,45.1326,1.5180722891566267,1.26e-06,8.299999999999999e-07,0,1,1,0.7764675876261998,0.006975583944965,793650.7936507936,1204819.277108434,5555.531746031746,8433.698795180724,8433.698795180724,1204819.277108434,0.9090909090909092,0.04,0.2057416267942584,1,29.901043
Nangate45,NANDX1,NAND4_X1,A1,ZN,rise,198.535,0.00699997,1.1,25.0,87.17790000000001,1.5180722891566267,1.26e-06,8.299999999999999e-07,0,1,1,5.295989659538859,0.006975583944965,793650.7936507936,1204819.277108434,5555.531746031746,8433.698795180724,5555.531746031746,793650.7936507936,0.9090909090909092,0.04,0.2057416267942584,1,81.79725
Nangate45,NORX1,NOR3_X1,A2,ZN,fall,78.0596,0.001289,1.1,25.0,13.3398,1.5180722891566267,1.26e-06,8.299999999999999e-07,0,1,1,4.370201998407221,0.0012881699527107,793650.7936507936,1204819.277108434,1023.015873015873,1553.012048192771,1553.012048192771,1204819.277108434,0.9090909090909092,0.04,0.2057416267942584,1,20.339146
Nangate45,NORX1,NOR2_X1,A1,ZN,rise,198.535,0.00166893,1.1,25.0,79.25840000000001,1.5180722891566267,1.26e-06,8.299999999999999e-07,0,1,1,5.295989659538859,0.001667538883896,793650.7936507936,1204819.277108434,1324.547619047619,2010.7590361445789,1324.547619047619,793650.7936507936,0.9090909090909092,0.04,0.2057416267942584,1,92.9802
Nangate45,NANDX1,NAND3_X1,A1,ZN,rise,17.1859,0.0583649,1.1,25.0,156.243,1.5180722891566267,1.26e-06,8.299999999999999e-07,0,1,1,2.900646568553312,0.0567251700033895,793650.7936507936,1204819.277108434,46321.3492063492,70319.15662650602,46321.3492063492,793650.7936507936,0.9090909090909092,0.04,0.2057416267942584,1,174.91621
Nangate45,XORX1,XOR2_X1,B,Z,fall,4.72397,0.0253296,1.1,25.0,62.669,1.5135135135135138,2.52e-06,1.6649999999999995e-06,0,1,1,1.7446626205903233,0.0250141218763313,396825.3968253968,600600.6006006007,10051.42857142857,15212.972972972975,15212.972972972975,600600.6006006007,0.9090909090909092,0.04,0.2043010752688172,1,59.837032
Nangate45,NORX1,XNOR2_X1,A,ZN,fall,40.9838,0.00162601,1.1,25.0,52.216,1.5180722891566267,1.26e-06,8.299999999999999e-07,0,1,1,3.737283829590765,0.0016246894770018,793650.7936507936,1204819.277108434,1290.484126984127,1959.0481927710848,1959.0481927710848,1204819.277108434,0.9090909090909092,0.04,0.2057416267942584,1,15.220973
Nangate45,NORX1,NOR4_X1,A4,ZN,fall,17.1859,0.000365616,1.1,25.0,11.7612,1.5180722891566267,1.26e-06,8.299999999999999e-07,0,1,1,2.900646568553312,0.000365549178757,793650.7936507936,1204819.277108434,290.1714285714286,440.5012048192772,440.5012048192772,1204819.277108434,0.9090909090909092,0.04,0.2057416267942584,1,14.180751
Nangate45,NORX1,NOR4_X1,A4,ZN,rise,40.9838,0.00342249,1.1,25.0,107.272,1.5180722891566267,1.26e-06,8.299999999999999e-07,0,1,1,3.737283829590765,0.0034166466099336,793650.7936507936,1204819.277108434,2716.2619047619046,4123.481927710844,2716.2619047619046,793650.7936507936,0.9090909090909092,0.04,0.2057416267942584,1,60.975204
Nangate45,NORX1,NOR3_X1,A1,ZN,rise,40.9838,0.00242029,1.1,25.0,53.9467,1.5180722891566267,1.26e-06,8.299999999999999e-07,0,1,1,3.737283829590765,0.0024173658154572,793650.7936507936,1204819.277108434,1920.8650793650795,2916.012048192772,1920.8650793650795,793650.7936507936,0.9090909090909092,0.04,0.2057416267942584,1,68.94745
Nangate45,NANDX1,NAND4_X1,A2,ZN,rise,17.1859,0.0139999,1.1,25.0,53.612,1.5180722891566267,1.26e-06,8.299999999999999e-07,0,1,1,2.900646568553312,0.0139028065496571,793650.7936507936,1204819.277108434,11111.031746031746,16867.349397590366,11111.031746031746,793650.7936507936,0.9090909090909092,0.04,0.2057416267942584,1,64.360535
Nangate45,NANDX1,NAND4_X1,A1,ZN,fall,1.1737799999999998,0.0017499899999999,1.1,25.0,20.9716,1.5180722891566267,1.26e-06,8.299999999999999e-07,0,1,1,0.7764675876261998,0.0017484605515862,793650.7936507936,1204819.277108434,1388.8809523809523,2108.421686746988,2108.421686746988,1204819.277108434,0.9090909090909092,0.04,0.2057416267942584,1,16.75218
Nangate45,XORX1,XOR2_X1,B,Z,rise,17.1859,0.0031662,1.1,25.0,41.955,1.5135135135135138,2.52e-06,1.6649999999999995e-06,0,1,1,2.900646568553312,0.0031611981439168,396825.3968253968,600600.6006006007,1256.428571428571,1901.621621621622,1256.428571428571,396825.3968253968,0.9090909090909092,0.04,0.2043010752688172,1,52.773746
Nangate45,NORX1,NOR4_X1,A1,ZN,rise,130.081,0.00111862,1.1,25.0,92.618,1.5180722891566267,1.26e-06,8.299999999999999e-07,0,1,1,4.875815452730412,0.001117994810837,793650.7936507936,1204819.277108434,887.7936507936508,1347.7349397590365,887.7936507936508,793650.7936507936,0.9090909090909092,0.04,0.2057416267942584,1,85.290665
Nangate45,NORX1,XNOR2_X1,B,ZN,fall,4.72397,0.0260162,1.1,25.0,87.514,1.5180722891566267,1.26e-06,8.299999999999999e-07,0,1,1,1.7446626205903233,0.0256835360976095,793650.7936507936,1204819.277108434,20647.77777777778,31344.819277108443,31344.819277108443,1204819.277108434,0.9090909090909092,0.04,0.2057416267942584,1,52.70981
Nangate45,XORX1,XOR2_X1,A,Z,fall,4.72397,0.0126648,1.1,25.0,66.03699999999999,1.5135135135135138,2.52e-06,1.6649999999999995e-06,0,1,1,1.7446626205903233,0.0125852721858001,396825.3968253968,600600.6006006007,5025.714285714285,7606.486486486488,7606.486486486488,600600.6006006007,0.9090909090909092,0.04,0.2043010752688172,1,52.727585
Nangate45,NORX1,XNOR2_X1,B,ZN,rise,1.1737799999999998,0.000365616,1.1,25.0,32.277,1.5180722891566267,1.26e-06,8.299999999999999e-07,0,1,1,0.7764675876261998,0.000365549178757,793650.7936507936,1204819.277108434,290.1714285714286,440.5012048192772,290.1714285714286,793650.7936507936,0.9090909090909092,0.04,0.2057416267942584,1,24.731148
Nangate45,NANDX1,NAND3_X1,A2,ZN,fall,40.9838,0.000365616,1.1,25.0,21.7264,1.5180722891566267,1.26e-06,8.299999999999999e-07,0,1,1,3.737283829590765,0.000365549178757,793650.7936507936,1204819.277108434,290.1714285714286,440.5012048192772,440.5012048192772,1204819.277108434,0.9090909090909092,0.04,0.2057416267942584,1,18.869585
Nangate45,INVX2,INV_X2,A,ZN,fall,40.9838,0.12146,1.1,25.0,94.3029,1.5180722891566267,1.26e-06,8.299999999999999e-07,1,1,1,3.737283829590765,0.1146314078240044,793650.7936507936,1204819.277108434,96396.82539682538,146337.34939759038,146337.34939759038,1204819.277108434,0.9090909090909092,0.04,0.2057416267942584,1,98.32077
Nangate45,INVX1,INV_X1,A,ZN,rise,130.081,0.00759125,1.1,25.0,72.123,1.5180722891566267,6.3e-07,4.1500000000000005e-07,1,1,1,4.875815452730412,0.0075625814570239,1587301.5873015872,2409638.554216868,12049.603174603171,18292.1686746988,12049.603174603171,1587301.5873015872,0.9090909090909092,0.04,0.2057416267942584,1,85.05353
Nangate45,XORX1,XOR2_X1,B,Z,fall,1.1737799999999998,0.0253296,1.1,25.0,86.732,1.5135135135135138,2.52e-06,1.6649999999999995e-06,0,1,1,0.7764675876261998,0.0250141218763313,396825.3968253968,600600.6006006007,10051.42857142857,15212.972972972975,15212.972972972975,600600.6006006007,0.9090909090909092,0.04,0.2043010752688172,1,55.010693
Nangate45,NANDX1,NAND3_X1,A3,ZN,rise,78.0596,0.0291825,1.1,25.0,122.314,1.5180722891566267,1.26e-06,8.299999999999999e-07,0,1,1,4.370201998407221,0.0287647977830285,793650.7936507936,1204819.277108434,23160.714285714286,35159.63855421687,23160.714285714286,793650.7936507936,0.9090909090909092,0.04,0.2057416267942584,1,132.1182
Nangate45,INVX1,INV_X1,A,ZN,fall,198.535,0.00189781,1.1,25.0,0.468768,1.5180722891566267,6.3e-07,4.1500000000000005e-07,1,1,1,5.295989659538859,0.0018960114338003,1587301.5873015872,2409638.554216868,3012.396825396825,4573.036144578314,4573.036144578314,2409638.554216868,0.9090909090909092,0.04,0.2057416267942584,1,37.234142
Nangate45,XORX1,XOR2_X1,B,Z,fall,1.1737799999999998,0.0031662,1.1,25.0,15.042,1.5135135135135138,2.52e-06,1.6649999999999995e-06,0,1,1,0.7764675876261998,0.0031611981439168,396825.3968253968,600600.6006006007,1256.428571428571,1901.621621621622,1901.621621621622,600600.6006006007,0.9090909090909092,0.04,0.2043010752688172,1,32.542633
Nangate45,NORX1,NOR2_X1,A1,ZN,rise,130.081,0.000365616,1.1,25.0,50.332,1.5180722891566267,1.26e-06,8.299999999999999e-07,0,1,1,4.875815452730412,0.000365549178757,793650.7936507936,1204819.277108434,290.1714285714286,440.5012048192772,290.1714285714286,793650.7936507936,0.9090909090909092,0.04,0.2057416267942584,1,65.761345
Nangate45,NORX1,XNOR2_X1,B,ZN,fall,40.9838,0.00325202,1.1,25.0,57.772,1.5180722891566267,1.26e-06,8.299999999999999e-07,0,1,1,3.737283829590765,0.0032467436191291,793650.7936507936,1204819.277108434,2580.968253968254,3918.096385542169,3918.096385542169,1204819.277108434,0.9090909090909092,0.04,0.2057416267942584,1,13.834929
Nangate45,NORX1,NOR4_X1,A2,ZN,fall,130.081,0.00342249,1.1,25.0,20.4208,1.5180722891566267,1.26e-06,8.299999999999999e-07,0,1,1,4.875815452730412,0.0034166466099336,793650.7936507936,1204819.277108434,2716.2619047619046,4123.481927710844,4123.481927710844,1204819.277108434,0.9090909090909092,0.04,0.2057416267942584,1,36.953243
Nangate45,NANDX1,NAND4_X1,A4,ZN,fall,78.0596,0.0559998,1.1,25.0,248.959,1.5180722891566267,1.26e-06,8.299999999999999e-07,0,1,1,4.370201998407221,0.0544879958901124,793650.7936507936,1204819.277108434,44444.28571428572,67469.63855421687,67469.63855421687,1204819.277108434,0.9090909090909092,0.04,0.2057416267942584,1,181.4805
Nangate45,NORX1,NOR2_X1,A2,ZN,fall,4.72397,0.0133515,1.1,25.0,22.7903,1.5180722891566267,1.26e-06,8.299999999999999e-07,0,1,1,1.7446626205903233,0.0132631542209015,793650.7936507936,1204819.277108434,10596.42857142857,16086.144578313257,16086.144578313257,1204819.277108434,0.9090909090909092,0.04,0.2057416267942584,1,18.694317
Nangate45,INVX1,INV_X16,A,ZN,rise,40.9838,0.121155,1.1,25.0,44.2305,1.5180722891566267,6.3e-07,4.1500000000000005e-07,1,1,1,3.737283829590765,0.1143594039340094,1587301.5873015872,2409638.554216868,192309.5238095238,291939.7590361446,192309.5238095238,1587301.5873015872,0.9090909090909092,0.04,0.2057416267942584,1,133.72278
Nangate45,NANDX1,NAND3_X1,A1,ZN,rise,40.9838,0.0291825,1.1,25.0,98.231,1.5180722891566267,1.26e-06,8.299999999999999e-07,0,1,1,3.737283829590765,0.0287647977830285,793650.7936507936,1204819.277108434,23160.714285714286,35159.63855421687,23160.714285714286,793650.7936507936,0.9090909090909092,0.04,0.2057416267942584,1,109.368935
Nangate45,NORX1,NOR4_X1,A1,ZN,rise,78.0596,0.0104713,1.1,25.0,168.92499999999998,1.5180722891566267,1.26e-06,8.299999999999999e-07,0,1,1,4.370201998407221,0.010416855676904,793650.7936507936,1204819.277108434,8310.555555555555,12616.024096385545,8310.555555555555,793650.7936507936,0.9090909090909092,0.04,0.2057416267942584,1,118.186775
Nangate45,NANDX1,NAND3_X1,A1,ZN,rise,17.1859,0.0018239,1.1,25.0,20.2792,1.5180722891566267,1.26e-06,8.299999999999999e-07,0,1,1,2.900646568553312,0.0018222387141011,793650.7936507936,1204819.277108434,1447.5396825396824,2197.4698795180725,1447.5396825396824,793650.7936507936,0.9090909090909092,0.04,0.2057416267942584,1,25.895388
Nangate45,XORX1,XOR2_X1,A,Z,fall,78.0596,0.0015831,1.1,25.0,80.343,1.5135135135135138,2.52e-06,1.6649999999999995e-06,0,1,1,4.370201998407221,0.0015818482181514,396825.3968253968,600600.6006006007,628.2142857142857,950.8108108108112,950.8108108108112,600600.6006006007,0.9090909090909092,0.04,0.2043010752688172,1,40.51308
Nangate45,NORX1,NOR4_X1,A3,ZN,rise,40.9838,0.000365616,1.1,25.0,70.328,1.5180722891566267,1.26e-06,8.299999999999999e-07,0,1,1,3.737283829590765,0.000365549178757,793650.7936507936,1204819.277108434,290.1714285714286,440.5012048192772,290.1714285714286,793650.7936507936,0.9090909090909092,0.04,0.2057416267942584,1,50.872097
Nangate45,NORX1,NOR3_X1,A1,ZN,rise,78.0596,0.000365616,1.1,25.0,49.9104,1.5180722891566267,1.26e-06,8.299999999999999e-07,0,1,1,4.370201998407221,0.000365549178757,793650.7936507936,1204819.277108434,290.1714285714286,440.5012048192772,290.1714285714286,793650.7936507936,0.9090909090909092,0.04,0.2057416267942584,1,0.42516842
Nangate45,NORX1,NOR3_X1,A2,ZN,fall,17.1859,0.00454444,1.1,25.0,17.6407,1.5180722891566267,1.26e-06,8.299999999999999e-07,0,1,1,2.900646568553312,0.0045341452101301,793650.7936507936,1204819.277108434,3606.698412698413,5475.228915662652,5475.228915662652,1204819.277108434,0.9090909090909092,0.04,0.2057416267942584,1,26.958326
Nangate45,NORX1,XNOR2_X1,A,ZN,fall,17.1859,0.000365616,1.1,25.0,38.388,1.5180722891566267,1.26e-06,8.299999999999999e-07,0,1,1,2.900646568553312,0.000365549178757,793650.7936507936,1204819.277108434,290.1714285714286,440.5012048192772,440.5012048192772,1204819.277108434,0.9090909090909092,0.04,0.2057416267942584,1,13.841585
Nangate45,XORX1,XOR2_X1,B,Z,rise,130.081,0.000365616,1.1,25.0,51.365,1.5135135135135138,2.52e-06,1.6649999999999995e-06,0,1,1,4.875815452730412,0.000365549178757,396825.3968253968,600600.6006006007,145.0857142857143,219.58918918918928,145.0857142857143,396825.3968253968,0.9090909090909092,0.04,0.2043010752688172,1,65.33388
Nangate45,INVX1,TINV_X1,EN,ZN,rise,198.535,0.01217354323,1.1,25.0,142.88600000000002,1.5180722891566267,6.3e-07,4.1500000000000005e-07,1,1,1,5.295989659538859,0.0121000415684708,1587301.5873015872,2409638.554216868,19323.08449206349,29333.839108433735,19323.08449206349,1587301.5873015872,0.9090909090909092,0.04,0.2057416267942584,1,120.72315
Nangate45,NORX1,NOR3_X1,A2,ZN,fall,130.081,0.00454444,1.1,25.0,23.4398,1.5180722891566267,1.26e-06,8.299999999999999e-07,0,1,1,4.875815452730412,0.0045341452101301,793650.7936507936,1204819.277108434,3606.698412698413,5475.228915662652,5475.228915662652,1204819.277108434,0.9090909090909092,0.04,0.2057416267942584,1,45.462517
Nangate45,NORX1,NOR2_X1,A1,ZN,rise,198.535,0.0133515,1.1,25.0,168.656,1.5180722891566267,1.26e-06,8.299999999999999e-07,0,1,1,5.295989659538859,0.0132631542209015,793650.7936507936,1204819.277108434,10596.42857142857,16086.144578313257,10596.42857142857,793650.7936507936,0.9090909090909092,0.04,0.2057416267942584,1,167.562
Nangate45,NORX1,NOR3_X1,A1,ZN,fall,4.72397,0.000365616,1.1,25.0,5.89299,1.5180722891566267,1.26e-06,8.299999999999999e-07,0,1,1,1.7446626205903233,0.000365549178757,793650.7936507936,1204819.277108434,290.1714285714286,440.5012048192772,440.5012048192772,1204819.277108434,0.9090909090909092,0.04,0.2057416267942584,1,11.944531
Nangate45,INVX1,TINV_X1,I,ZN,fall,130.081,0.02342024323,1.1,25.0,102.711,1.5180722891566267,6.3e-07,4.1500000000000005e-07,1,1,1,4.875815452730412,0.0231501975625825,1587301.5873015872,2409638.554216868,37174.989253968255,56434.32103614459,56434.32103614459,2409638.554216868,0.9090909090909092,0.04,0.2057416267942584,1,48.620518
Nangate45,NORX1,XNOR2_X1,B,ZN,rise,1.1737799999999998,0.0260162,1.1,25.0,93.945,1.5180722891566267,1.26e-06,8.299999999999999e-07,0,1,1,0.7764675876261998,0.0256835360976095,793650.7936507936,1204819.277108434,20647.77777777778,31344.819277108443,20647.77777777778,793650.7936507936,0.9090909090909092,0.04,0.2057416267942584,1,137.00465
Nangate45,NORX1,NOR4_X1,A1,ZN,rise,78.0596,0.00111862,1.1,25.0,72.63300000000001,1.5180722891566267,1.26e-06,8.299999999999999e-07,0,1,1,4.370201998407221,0.001117994810837,793650.7936507936,1204819.277108434,887.7936507936508,1347.7349397590365,887.7936507936508,793650.7936507936,0.9090909090909092,0.04,0.2057416267942584,1,74.97218
Nangate45,NORX1,NOR2_X1,A1,ZN,rise,40.9838,0.0267029,1.1,25.0,163.573,1.5180722891566267,1.26e-06,8.299999999999999e-07,0,1,1,3.737283829590765,0.0263525999024103,793650.7936507936,1204819.277108434,21192.777777777777,32172.1686746988,21192.777777777777,793650.7936507936,0.9090909090909092,0.04,0.2057416267942584,1,159.85843
Nangate45,NORX1,NOR3_X1,A2,ZN,fall,130.081,0.0160217,1.1,25.0,57.7513,1.5180722891566267,1.26e-06,8.299999999999999e-07,0,1,1,4.875815452730412,0.0158947071959221,793650.7936507936,1204819.277108434,12715.63492063492,19303.253012048197,19303.253012048197,1204819.277108434,0.9090909090909092,0.04,0.2057416267942584,1,86.95563
Nangate45,NANDX1,NAND4_X1,A2,ZN,fall,78.0596,0.000365616,1.1,25.0,35.0104,1.5180722891566267,1.26e-06,8.299999999999999e-07,0,1,1,4.370201998407221,0.000365549178757,793650.7936507936,1204819.277108434,290.1714285714286,440.5012048192772,440.5012048192772,1204819.277108434,0.9090909090909092,0.04,0.2057416267942584,1,23.984213
Nangate45,NANDX1,NAND3_X1,A3,ZN,fall,40.9838,0.000365616,1.1,25.0,20.3291,1.5180722891566267,1.26e-06,8.299999999999999e-07,0,1,1,3.737283829590765,0.000365549178757,793650.7936507936,1204819.277108434,290.1714285714286,440.5012048192772,440.5012048192772,1204819.277108434,0.9090909090909092,0.04,0.2057416267942584,1,20.152565
Nangate45,INVX1,INV_X16,A,ZN,rise,198.535,0.000365616,1.1,25.0,38.6111,1.5180722891566267,6.3e-07,4.1500000000000005e-07,1,1,1,5.295989659538859,0.000365549178757,1587301.5873015872,2409638.554216868,580.3428571428572,881.0024096385544,580.3428571428572,1587301.5873015872,0.9090909090909092,0.04,0.2057416267942584,1,33.74205
Nangate45,NANDX1,NAND3_X1,A3,ZN,fall,1.1737799999999998,0.00729561,1.1,25.0,34.991800000000005,1.5180722891566267,1.26e-06,8.299999999999999e-07,0,1,1,0.7764675876261998,0.0072691257717537,793650.7936507936,1204819.277108434,5790.166666666666,8789.891566265062,8789.891566265062,1204819.277108434,0.9090909090909092,0.04,0.2057416267942584,1,29.901026
Nangate45,XORX1,XOR2_X1,B,Z,fall,130.081,0.0253296,1.1,25.0,99.152,1.5135135135135138,2.52e-06,1.6649999999999995e-06,0,1,1,4.875815452730412,0.0250141218763313,396825.3968253968,600600.6006006007,10051.42857142857,15212.972972972975,15212.972972972975,600600.6006006007,0.9090909090909092,0.04,0.2043010752688172,1,92.04647
Nangate45,NANDX1,NAND4_X1,A4,ZN,fall,130.081,0.000365616,1.1,25.0,30.4283,1.5180722891566267,1.26e-06,8.299999999999999e-07,0,1,1,4.875815452730412,0.000365549178757,793650.7936507936,1204819.277108434,290.1714285714286,440.5012048192772,440.5012048192772,1204819.277108434,0.9090909090909092,0.04,0.2057416267942584,1,31.791903
Nangate45,NORX1,XNOR2_X1,B,ZN,fall,4.72397,0.0130081,1.1,25.0,60.44,1.5180722891566267,1.26e-06,8.299999999999999e-07,0,1,1,1.7446626205903233,0.0129242212859107,793650.7936507936,1204819.277108434,10323.88888888889,15672.409638554222,15672.409638554222,1204819.277108434,0.9090909090909092,0.04,0.2057416267942584,1,28.204834
Nangate45,NORX1,XNOR2_X1,B,ZN,rise,40.9838,0.00325202,1.1,25.0,52.184000000000005,1.5180722891566267,1.26e-06,8.299999999999999e-07,0,1,1,3.737283829590765,0.0032467436191291,793650.7936507936,1204819.277108434,2580.968253968254,3918.096385542169,2580.968253968254,793650.7936507936,0.9090909090909092,0.04,0.2057416267942584,1,60.973957
Nangate45,NORX1,NOR2_X1,A1,ZN,rise,130.081,0.0066757299999999,1.1,25.0,101.146,1.5180722891566267,1.26e-06,8.299999999999999e-07,0,1,1,4.875815452730412,0.0066535459893972,793650.7936507936,1204819.277108434,5298.198412698412,8043.048192771084,5298.198412698412,793650.7936507936,0.9090909090909092,0.04,0.2057416267942584,1,86.31548
Nangate45,NANDX1,NAND4_X1,A3,ZN,fall,198.535,0.000365616,1.1,25.0,36.5456,1.5180722891566267,1.26e-06,8.299999999999999e-07,0,1,1,5.295989659538859,0.000365549178757,793650.7936507936,1204819.277108434,290.1714285714286,440.5012048192772,440.5012048192772,1204819.277108434,0.9090909090909092,0.04,0.2057416267942584,1,42.788876
Nangate45,INVX1,TINV_X1,I,ZN,rise,78.0596,0.001526164229,1.1,25.0,46.9181,1.5180722891566267,6.3e-07,4.1500000000000005e-07,1,1,1,4.370201998407221,0.0015250008239207,1587301.5873015872,2409638.554216868,2422.482903174603,3677.5041662650606,2422.482903174603,1587301.5873015872,0.9090909090909092,0.04,0.2057416267942584,1,34.135307
Nangate45,NANDX1,NAND4_X1,A3,ZN,fall,130.081,0.0139999,1.1,25.0,103.816,1.5180722891566267,1.26e-06,8.299999999999999e-07,0,1,1,4.875815452730412,0.0139028065496571,793650.7936507936,1204819.277108434,11111.031746031746,16867.349397590366,16867.349397590366,1204819.277108434,0.9090909090909092,0.04,0.2057416267942584,1,78.85088
Nangate45,NANDX1,NAND4_X1,A4,ZN,fall,198.535,0.0139999,1.1,25.0,98.4343,1.5180722891566267,1.26e-06,8.299999999999999e-07,0,1,1,5.295989659538859,0.0139028065496571,793650.7936507936,1204819.277108434,11111.031746031746,16867.349397590366,16867.349397590366,1204819.277108434,0.9090909090909092,0.04,0.2057416267942584,1,92.71787
Nangate45,NORX1,NOR3_X1,A2,ZN,rise,130.081,0.00853286,1.1,25.0,145.91199999999998,1.5180722891566267,1.26e-06,8.299999999999999e-07,0,1,1,4.875815452730412,0.0084966609254384,793650.7936507936,1204819.277108434,6772.11111111111,10280.554216867473,6772.11111111111,793650.7936507936,0.9090909090909092,0.04,0.2057416267942584,1,144.63956
Nangate45,NORX1,XNOR2_X1,B,ZN,fall,4.72397,0.00325202,1.1,25.0,17.418,1.5180722891566267,1.26e-06,8.299999999999999e-07,0,1,1,1.7446626205903233,0.0032467436191291,793650.7936507936,1204819.277108434,2580.968253968254,3918.096385542169,3918.096385542169,1204819.277108434,0.9090909090909092,0.04,0.2057416267942584,1,8.903283
Nangate45,NANDX1,NAND4_X1,A2,ZN,rise,4.72397,0.0017499899999999,1.1,25.0,17.7575,1.5180722891566267,1.26e-06,8.299999999999999e-07,0,1,1,1.7446626205903233,0.0017484605515862,793650.7936507936,1204819.277108434,1388.8809523809523,2108.421686746988,1388.8809523809523,793650.7936507936,0.9090909090909092,0.04,0.2057416267942584,1,20.688951
Nangate45,INVX2,INV_X2,A,ZN,rise,198.535,0.06073,1.1,25.0,176.394,1.5180722891566267,1.26e-06,8.299999999999999e-07,1,1,1,5.295989659538859,0.0589573503385265,793650.7936507936,1204819.277108434,48198.41269841269,73168.67469879519,48198.41269841269,793650.7936507936,0.9090909090909092,0.04,0.2057416267942584,1,155.60205
Nangate45,XORX1,XOR2_X1,B,Z,rise,130.081,0.0063324,1.1,25.0,108.713,1.5135135135135138,2.52e-06,1.6649999999999995e-06,0,1,1,4.875815452730412,0.0063124345967383,396825.3968253968,600600.6006006007,2512.8571428571427,3803.243243243244,2512.8571428571427,396825.3968253968,0.9090909090909092,0.04,0.2043010752688172,1,102.81027
Nangate45,NANDX1,NAND4_X1,A1,ZN,fall,40.9838,0.00349999,1.1,25.0,41.6867,1.5180722891566267,1.26e-06,8.299999999999999e-07,0,1,1,3.737283829590765,0.0034938792891336,793650.7936507936,1204819.277108434,2777.769841269841,4216.855421686748,4216.855421686748,1204819.277108434,0.9090909090909092,0.04,0.2057416267942584,1,24.195799
Nangate45,NANDX1,NAND3_X1,A3,ZN,rise,130.081,0.00364781,1.1,25.0,66.5918,1.5180722891566267,1.26e-06,8.299999999999999e-07,0,1,1,4.875815452730412,0.0036411728768477,793650.7936507936,1204819.277108434,2895.0873015873017,4394.951807228917,2895.0873015873017,793650.7936507936,0.9090909090909092,0.04,0.2057416267942584,1,52.883526
Nangate45,XORX1,XOR2_X1,B,Z,rise,130.081,0.0015831,1.1,25.0,57.76,1.5135135135135138,2.52e-06,1.6649999999999995e-06,0,1,1,4.875815452730412,0.0015818482181514,396825.3968253968,600600.6006006007,628.2142857142857,950.8108108108112,628.2142857142857,396825.3968253968,0.9090909090909092,0.04,0.2043010752688172,1,77.37554
Nangate45,INVX1,INV_X16,A,ZN,fall,40.9838,0.0605773999999999,1.1,25.0,16.6595,1.5180722891566267,6.3e-07,4.1500000000000005e-07,1,1,1,3.737283829590765,0.0588134768006666,1587301.5873015872,2409638.554216868,96154.60317460317,145969.6385542169,145969.6385542169,2409638.554216868,0.9090909090909092,0.04,0.2057416267942584,1,37.824352
Nangate45,INVX1,INV_X1,A,ZN,fall,40.9838,0.030365,1.1,25.0,57.5991,1.5180722891566267,6.3e-07,4.1500000000000005e-07,1,1,1,3.737283829590765,0.0299131083997428,1587301.5873015872,2409638.554216868,48198.41269841269,73168.67469879519,73168.67469879519,2409638.554216868,0.9090909090909092,0.04,0.2057416267942584,1,57.993504
Nangate45,NANDX1,NAND2_X1,A2,ZN,rise,4.72397,0.00370979,1.1,25.0,19.4367,1.5180722891566267,1.26e-06,8.299999999999999e-07,0,1,1,1.7446626205903233,0.0037029257005795,793650.7936507936,1204819.277108434,2944.277777777778,4469.626506024097,2944.277777777778,793650.7936507936,0.9090909090909092,0.04,0.2057416267942584,1,34.057777
Nangate45,NORX1,XNOR2_X1,B,ZN,rise,78.0596,0.0130081,1.1,25.0,79.261,1.5180722891566267,1.26e-06,8.299999999999999e-07,0,1,1,4.370201998407221,0.0129242212859107,793650.7936507936,1204819.277108434,10323.88888888889,15672.409638554222,10323.88888888889,793650.7936507936,0.9090909090909092,0.04,0.2057416267942584,1,120.742805
Nangate45,INVX1,TINV_X1,I,ZN,fall,198.535,0.02342024323,1.1,25.0,115.922,1.5180722891566267,6.3e-07,4.1500000000000005e-07,1,1,1,5.295989659538859,0.0231501975625825,1587301.5873015872,2409638.554216868,37174.989253968255,56434.32103614459,56434.32103614459,2409638.554216868,0.9090909090909092,0.04,0.2057416267942584,1,86.05809
Nangate45,XORX1,XOR2_X1,A,Z,fall,198.535,0.00079155,1.1,25.0,8.035,1.5135135135135138,2.52e-06,1.6649999999999995e-06,0,1,1,5.295989659538859,0.0007912368895162,396825.3968253968,600600.6006006007,314.10714285714283,475.40540540540553,475.40540540540553,600600.6006006007,0.9090909090909092,0.04,0.2043010752688172,1,50.143154
Nangate45,NANDX1,NAND2_X1,A2,ZN,rise,4.72397,0.00741959,1.1,25.0,28.461,1.5180722891566267,1.26e-06,8.299999999999999e-07,0,1,1,1.7446626205903233,0.0073922002392085,793650.7936507936,1204819.277108434,5888.563492063492,8939.265060240965,5888.563492063492,793650.7936507936,0.9090909090909092,0.04,0.2057416267942584,1,51.504265
Nangate45,NORX1,NOR3_X1,A1,ZN,rise,1.1737799999999998,0.00853286,1.1,25.0,85.9747,1.5180722891566267,1.26e-06,8.299999999999999e-07,0,1,1,0.7764675876261998,0.0084966609254384,793650.7936507936,1204819.277108434,6772.11111111111,10280.554216867473,6772.11111111111,793650.7936507936,0.9090909090909092,0.04,0.2057416267942584,1,62.17307
Nangate45,NORX1,XNOR2_X1,B,ZN,fall,130.081,0.00162601,1.1,25.0,27.748,1.5180722891566267,1.26e-06,8.299999999999999e-07,0,1,1,4.875815452730412,0.0016246894770018,793650.7936507936,1204819.277108434,1290.484126984127,1959.0481927710848,1959.0481927710848,1204819.277108434,0.9090909090909092,0.04,0.2057416267942584,1,32.68557
Nangate45,NORX1,NOR4_X1,A3,ZN,fall,17.1859,0.00598648,1.1,25.0,20.9582,1.5180722891566267,1.26e-06,8.299999999999999e-07,0,1,1,2.900646568553312,0.0059686322234213,793650.7936507936,1204819.277108434,4751.174603174603,7212.626506024098,7212.626506024098,1204819.277108434,0.9090909090909092,0.04,0.2057416267942584,1,19.681923
Nangate45,NANDX1,NAND3_X1,A2,ZN,rise,4.72397,0.0583649,1.1,25.0,152.333,1.5180722891566267,1.26e-06,8.299999999999999e-07,0,1,1,1.7446626205903233,0.0567251700033895,793650.7936507936,1204819.277108434,46321.3492063492,70319.15662650602,46321.3492063492,793650.7936507936,0.9090909090909092,0.04,0.2057416267942584,1,166.1722
Nangate45,INVX1,TINV_X1,EN,ZN,fall,78.0596,0.003674923229,1.1,25.0,46.901,1.5180722891566267,6.3e-07,4.1500000000000005e-07,1,1,1,4.370201998407221,0.0036681871965212,1587301.5873015872,2409638.554216868,5833.211474603175,8855.236696385544,8855.236696385544,2409638.554216868,0.9090909090909092,0.04,0.2057416267942584,1,29.266998
Nangate45,NORX1,NOR2_X1,A2,ZN,rise,78.0596,0.0133515,1.1,25.0,114.71,1.5180722891566267,1.26e-06,8.299999999999999e-07,0,1,1,4.370201998407221,0.0132631542209015,793650.7936507936,1204819.277108434,10596.42857142857,16086.144578313257,10596.42857142857,793650.7936507936,0.9090909090909092,0.04,0.2057416267942584,1,120.73753
Nangate45,NORX1,NOR4_X1,A2,ZN,fall,78.0596,0.00598648,1.1,25.0,30.2319,1.5180722891566267,1.26e-06,8.299999999999999e-07,0,1,1,4.370201998407221,0.0059686322234213,793650.7936507936,1204819.277108434,4751.174603174603,7212.626506024098,7212.626506024098,1204819.277108434,0.9090909090909092,0.04,0.2057416267942584,1,27.181776
Nangate45,NANDX1,NAND4_X1,A1,ZN,fall,198.535,0.00699997,1.1,25.0,87.7898,1.5180722891566267,1.26e-06,8.299999999999999e-07,0,1,1,5.295989659538859,0.006975583944965,793650.7936507936,1204819.277108434,5555.531746031746,8433.698795180724,8433.698795180724,1204819.277108434,0.9090909090909092,0.04,0.2057416267942584,1,63.667725
Nangate45,XORX1,XOR2_X1,B,Z,fall,130.081,0.0015831,1.1,25.0,21.081,1.5135135135135138,2.52e-06,1.6649999999999995e-06,0,1,1,4.875815452730412,0.0015818482181514,396825.3968253968,600600.6006006007,628.2142857142857,950.8108108108112,950.8108108108112,600600.6006006007,0.9090909090909092,0.04,0.2043010752688172,1,41.204582
Nangate45,NORX1,XNOR2_X1,A,ZN,rise,1.1737799999999998,0.00325202,1.1,25.0,38.382,1.5180722891566267,1.26e-06,8.299999999999999e-07,0,1,1,0.7764675876261998,0.0032467436191291,793650.7936507936,1204819.277108434,2580.968253968254,3918.096385542169,2580.968253968254,793650.7936507936,0.9090909090909092,0.04,0.2057416267942584,1,44.264572
Nangate45,NORX1,NOR3_X1,A3,ZN,rise,1.1737799999999998,0.000365616,1.1,25.0,35.3171,1.5180722891566267,1.26e-06,8.299999999999999e-07,0,1,1,0.7764675876261998,0.000365549178757,793650.7936507936,1204819.277108434,290.1714285714286,440.5012048192772,290.1714285714286,793650.7936507936,0.9090909090909092,0.04,0.2057416267942584,1,24.731148
Nangate45,INVX1,INV_X1,A,ZN,rise,130.081,0.00189781,1.1,25.0,42.4084,1.5180722891566267,6.3e-07,4.1500000000000005e-07,1,1,1,4.875815452730412,0.0018960114338003,1587301.5873015872,2409638.554216868,3012.396825396825,4573.036144578314,3012.396825396825,1587301.5873015872,0.9090909090909092,0.04,0.2057416267942584,1,42.400196
Nangate45,NORX1,XNOR2_X1,B,ZN,rise,17.1859,0.000365616,1.1,25.0,37.237,1.5180722891566267,1.26e-06,8.299999999999999e-07,0,1,1,2.900646568553312,0.000365549178757,793650.7936507936,1204819.277108434,290.1714285714286,440.5012048192772,290.1714285714286,793650.7936507936,0.9090909090909092,0.04,0.2057416267942584,1,14.060166
Nangate45,INVX1,TINV_X1,I,ZN,rise,17.1859,0.002245113229,1.1,25.0,34.2077,1.5180722891566267,6.3e-07,4.1500000000000005e-07,1,1,1,2.900646568553312,0.0022425967281435,1587301.5873015872,2409638.554216868,3563.6717920634924,5409.911395180725,3563.6717920634924,1587301.5873015872,0.9090909090909092,0.04,0.2057416267942584,1,23.701448
Nangate45,NORX1,XNOR2_X1,B,ZN,rise,198.535,0.00162601,1.1,25.0,58.642,1.5180722891566267,1.26e-06,8.299999999999999e-07,0,1,1,5.295989659538859,0.0016246894770018,793650.7936507936,1204819.277108434,1290.484126984127,1959.0481927710848,1290.484126984127,793650.7936507936,0.9090909090909092,0.04,0.2057416267942584,1,92.98016
Nangate45,NANDX1,NAND4_X1,A3,ZN,rise,1.1737799999999998,0.00699997,1.1,25.0,30.9746,1.5180722891566267,1.26e-06,8.299999999999999e-07,0,1,1,0.7764675876261998,0.006975583944965,793650.7936507936,1204819.277108434,5555.531746031746,8433.698795180724,5555.531746031746,793650.7936507936,0.9090909090909092,0.04,0.2057416267942584,1,40.513645
Nangate45,NORX1,NOR3_X1,A3,ZN,rise,40.9838,0.001289,1.1,25.0,56.4891,1.5180722891566267,1.26e-06,8.299999999999999e-07,0,1,1,3.737283829590765,0.0012881699527107,793650.7936507936,1204819.277108434,1023.015873015873,1553.012048192771,1023.015873015873,793650.7936507936,0.9090909090909092,0.04,0.2057416267942584,1,82.46569
Nangate45,NANDX1,NAND4_X1,A4,ZN,fall,1.1737799999999998,0.0017499899999999,1.1,25.0,28.4224,1.5180722891566267,1.26e-06,8.299999999999999e-07,0,1,1,0.7764675876261998,0.0017484605515862,793650.7936507936,1204819.277108434,1388.8809523809523,2108.421686746988,2108.421686746988,1204819.277108434,0.9090909090909092,0.04,0.2057416267942584,1,17.559546
Nangate45,NORX1,XNOR2_X1,A,ZN,rise,17.1859,0.000365616,1.1,25.0,23.583,1.5180722891566267,1.26e-06,8.299999999999999e-07,0,1,1,2.900646568553312,0.000365549178757,793650.7936507936,1204819.277108434,290.1714285714286,440.5012048192772,290.1714285714286,793650.7936507936,0.9090909090909092,0.04,0.2057416267942584,1,45.746727
Nangate45,NORX1,XNOR2_X1,B,ZN,fall,78.0596,0.0260162,1.1,25.0,95.894,1.5180722891566267,1.26e-06,8.299999999999999e-07,0,1,1,4.370201998407221,0.0256835360976095,793650.7936507936,1204819.277108434,20647.77777777778,31344.819277108443,31344.819277108443,1204819.277108434,0.9090909090909092,0.04,0.2057416267942584,1,80.61094
Nangate45,NORX1,NOR4_X1,A3,ZN,fall,4.72397,0.00063952,1.1,25.0,7.85078,1.5180722891566267,1.26e-06,8.299999999999999e-07,0,1,1,1.7446626205903233,0.0006393155942278,793650.7936507936,1204819.277108434,507.5555555555555,770.5060240963857,770.5060240963857,1204819.277108434,0.9090909090909092,0.04,0.2057416267942584,1,12.719733
Nangate45,NANDX1,NAND3_X1,A2,ZN,fall,198.535,0.00364781,1.1,25.0,50.4973,1.5180722891566267,1.26e-06,8.299999999999999e-07,0,1,1,5.295989659538859,0.0036411728768477,793650.7936507936,1204819.277108434,2895.0873015873017,4394.951807228917,4394.951807228917,1204819.277108434,0.9090909090909092,0.04,0.2057416267942584,1,50.635303
Nangate45,NANDX1,NAND3_X1,A3,ZN,rise,198.535,0.0583649,1.1,25.0,256.521,1.5180722891566267,1.26e-06,8.299999999999999e-07,0,1,1,5.295989659538859,0.0567251700033895,793650.7936507936,1204819.277108434,46321.3492063492,70319.15662650602,46321.3492063492,793650.7936507936,0.9090909090909092,0.04,0.2057416267942584,1,240.17555
Nangate45,NANDX1,NAND2_X1,A2,ZN,rise,40.9838,0.0296783,1.1,25.0,100.423,1.5180722891566267,1.26e-06,8.299999999999999e-07,0,1,1,3.737283829590765,0.0292464233592539,793650.7936507936,1204819.277108434,23554.20634920635,35756.987951807234,23554.20634920635,793650.7936507936,0.9090909090909092,0.04,0.2057416267942584,1,109.369194
Nangate45,NORX1,NOR3_X1,A2,ZN,fall,17.1859,0.000686498,1.1,25.0,10.8732,1.5180722891566267,1.26e-06,8.299999999999999e-07,0,1,1,2.900646568553312,0.0006862624680366,793650.7936507936,1204819.277108434,544.8396825396825,827.1060240963857,827.1060240963857,1204819.277108434,0.9090909090909092,0.04,0.2057416267942584,1,13.857095
Nangate45,NORX1,NOR4_X1,A1,ZN,rise,1.1737799999999998,0.00195665,1.1,25.0,47.8534,1.5180722891566267,1.26e-06,8.299999999999999e-07,0,1,1,0.7764675876261998,0.0019547382537281,793650.7936507936,1204819.277108434,1552.8968253968253,2357.409638554217,1552.8968253968253,793650.7936507936,0.9090909090909092,0.04,0.2057416267942584,1,40.57498
Nangate45,NANDX1,NAND4_X1,A1,ZN,rise,198.535,0.0279999,1.1,25.0,171.015,1.5180722891566267,1.26e-06,8.299999999999999e-07,0,1,1,5.295989659538859,0.027615069756704,793650.7936507936,1204819.277108434,22222.14285714286,33734.81927710844,22222.14285714286,793650.7936507936,0.9090909090909092,0.04,0.2057416267942584,1,166.50623
Nangate45,NANDX1,NAND3_X1,A2,ZN,rise,78.0596,0.0583649,1.1,25.0,189.493,1.5180722891566267,1.26e-06,8.299999999999999e-07,0,1,1,4.370201998407221,0.0567251700033895,793650.7936507936,1204819.277108434,46321.3492063492,70319.15662650602,46321.3492063492,793650.7936507936,0.9090909090909092,0.04,0.2057416267942584,1,198.15123
Nangate45,INVX2,INV_X2,A,ZN,rise,17.1859,0.030365,1.1,25.0,49.6249,1.5180722891566267,1.26e-06,8.299999999999999e-07,1,1,1,2.900646568553312,0.0299131083997428,793650.7936507936,1204819.277108434,24099.206349206343,36584.3373493976,24099.206349206343,793650.7936507936,0.9090909090909092,0.04,0.2057416267942584,1,33.20742
Nangate45,NANDX1,NAND2_X1,A2,ZN,rise,78.0596,0.00741959,1.1,25.0,62.4101,1.5180722891566267,1.26e-06,8.299999999999999e-07,0,1,1,4.370201998407221,0.0073922002392085,793650.7936507936,1204819.277108434,5888.563492063492,8939.265060240965,5888.563492063492,793650.7936507936,0.9090909090909092,0.04,0.2057416267942584,1,78.150894
Nangate45,NORX1,NOR3_X1,A3,ZN,fall,78.0596,0.000365616,1.1,25.0,11.9064,1.5180722891566267,1.26e-06,8.299999999999999e-07,0,1,1,4.370201998407221,0.000365549178757,793650.7936507936,1204819.277108434,290.1714285714286,440.5012048192772,440.5012048192772,1204819.277108434,0.9090909090909092,0.04,0.2057416267942584,1,13.795132
Nangate45,XORX1,XOR2_X1,B,Z,rise,130.081,0.00079155,1.1,25.0,68.623,1.5135135135135138,2.52e-06,1.6649999999999995e-06,0,1,1,4.875815452730412,0.0007912368895162,396825.3968253968,600600.6006006007,314.10714285714283,475.40540540540553,314.10714285714283,396825.3968253968,0.9090909090909092,0.04,0.2043010752688172,1,65.33397
Nangate45,INVX1,INV_X1,A,ZN,fall,130.081,0.06073,1.1,25.0,133.05100000000002,1.5180722891566267,6.3e-07,4.1500000000000005e-07,1,1,1,4.875815452730412,0.0589573503385265,1587301.5873015872,2409638.554216868,96396.82539682538,146337.34939759038,146337.34939759038,2409638.554216868,0.9090909090909092,0.04,0.2057416267942584,1,53.33413
Nangate45,INVX1,TINV_X1,EN,ZN,fall,1.1737799999999998,0.006518463229,1.1,25.0,28.775,1.5180722891566267,6.3e-07,4.1500000000000005e-07,1,1,1,0.7764675876261998,0.0064973099225053,1587301.5873015872,2409638.554216868,10346.76703015873,15707.140310843375,15707.140310843375,2409638.554216868,0.9090909090909092,0.04,0.2057416267942584,1,23.738129
Nangate45,NANDX1,NAND3_X1,A3,ZN,fall,40.9838,0.00729561,1.1,25.0,43.6704,1.5180722891566267,1.26e-06,8.299999999999999e-07,0,1,1,3.737283829590765,0.0072691257717537,793650.7936507936,1204819.277108434,5790.166666666666,8789.891566265062,8789.891566265062,1204819.277108434,0.9090909090909092,0.04,0.2057416267942584,1,33.2354
Nangate45,NORX1,NOR3_X1,A3,ZN,fall,78.0596,0.00853286,1.1,25.0,37.3115,1.5180722891566267,1.26e-06,8.299999999999999e-07,0,1,1,4.370201998407221,0.0084966609254384,793650.7936507936,1204819.277108434,6772.11111111111,10280.554216867473,10280.554216867473,1204819.277108434,0.9090909090909092,0.04,0.2057416267942584,1,35.211533
Nangate45,INVX1,INV_X1,A,ZN,rise,4.72397,0.0151825,1.1,25.0,43.2921,1.5180722891566267,6.3e-07,4.1500000000000005e-07,1,1,1,1.7446626205903233,0.0150683992868016,1587301.5873015872,2409638.554216868,24099.206349206343,36584.3373493976,24099.206349206343,1587301.5873015872,0.9090909090909092,0.04,0.2057416267942584,1,47.374813
Nangate45,NORX1,XNOR2_X1,B,ZN,rise,40.9838,0.00162601,1.1,25.0,43.206,1.5180722891566267,1.26e-06,8.299999999999999e-07,0,1,1,3.737283829590765,0.0016246894770018,793650.7936507936,1204819.277108434,1290.484126984127,1959.0481927710848,1290.484126984127,793650.7936507936,0.9090909090909092,0.04,0.2057416267942584,1,54.569202
Nangate45,INVX1,INV_X16,A,ZN,fall,198.535,0.121155,1.1,25.0,28.5772,1.5180722891566267,6.3e-07,4.1500000000000005e-07,1,1,1,5.295989659538859,0.1143594039340094,1587301.5873015872,2409638.554216868,192309.5238095238,291939.7590361446,291939.7590361446,2409638.554216868,0.9090909090909092,0.04,0.2057416267942584,1,57.579975
Nangate45,NANDX1,NAND4_X1,A3,ZN,fall,198.535,0.0017499899999999,1.1,25.0,47.6015,1.5180722891566267,1.26e-06,8.299999999999999e-07,0,1,1,5.295989659538859,0.0017484605515862,793650.7936507936,1204819.277108434,1388.8809523809523,2108.421686746988,2108.421686746988,1204819.277108434,0.9090909090909092,0.04,0.2057416267942584,1,44.947563
Nangate45,NORX1,NOR2_X1,A1,ZN,rise,40.9838,0.000365616,1.1,25.0,28.221,1.5180722891566267,1.26e-06,8.299999999999999e-07,0,1,1,3.737283829590765,0.000365549178757,793650.7936507936,1204819.277108434,290.1714285714286,440.5012048192772,290.1714285714286,793650.7936507936,0.9090909090909092,0.04,0.2057416267942584,1,50.872097
Nangate45,NORX1,NOR3_X1,A1,ZN,fall,78.0596,0.00242029,1.1,25.0,13.3061,1.5180722891566267,1.26e-06,8.299999999999999e-07,0,1,1,4.370201998407221,0.0024173658154572,793650.7936507936,1204819.277108434,1920.8650793650795,2916.012048192772,2916.012048192772,1204819.277108434,0.9090909090909092,0.04,0.2057416267942584,1,32.42429
Nangate45,XORX1,XOR2_X1,A,Z,fall,198.535,0.0031662,1.1,25.0,25.676,1.5135135135135138,2.52e-06,1.6649999999999995e-06,0,1,1,5.295989659538859,0.0031611981439168,396825.3968253968,600600.6006006007,1256.428571428571,1901.621621621622,1901.621621621622,600600.6006006007,0.9090909090909092,0.04,0.2043010752688172,1,68.23246
Nangate45,XORX1,XOR2_X1,A,Z,fall,198.535,0.0015831,1.1,25.0,14.454,1.5135135135135138,2.52e-06,1.6649999999999995e-06,0,1,1,5.295989659538859,0.0015818482181514,396825.3968253968,600600.6006006007,628.2142857142857,950.8108108108112,950.8108108108112,600600.6006006007,0.9090909090909092,0.04,0.2043010752688172,1,57.344063
Nangate45,XORX1,XOR2_X1,A,Z,rise,1.1737799999999998,0.0031662,1.1,25.0,31.382,1.5135135135135138,2.52e-06,1.6649999999999995e-06,0,1,1,0.7764675876261998,0.0031611981439168,396825.3968253968,600600.6006006007,1256.428571428571,1901.621621621622,1256.428571428571,396825.3968253968,0.9090909090909092,0.04,0.2043010752688172,1,39.446865
Nangate45,NORX1,NOR3_X1,A3,ZN,rise,17.1859,0.0160217,1.1,25.0,165.099,1.5180722891566267,1.26e-06,8.299999999999999e-07,0,1,1,2.900646568553312,0.0158947071959221,793650.7936507936,1204819.277108434,12715.63492063492,19303.253012048197,12715.63492063492,793650.7936507936,0.9090909090909092,0.04,0.2057416267942584,1,143.81094
Nangate45,NORX1,XNOR2_X1,B,ZN,rise,1.1737799999999998,0.0260162,1.1,25.0,151.778,1.5180722891566267,1.26e-06,8.299999999999999e-07,0,1,1,0.7764675876261998,0.0256835360976095,793650.7936507936,1204819.277108434,20647.77777777778,31344.819277108443,20647.77777777778,793650.7936507936,0.9090909090909092,0.04,0.2057416267942584,1,137.00465
Nangate45,NORX1,XNOR2_X1,B,ZN,fall,17.1859,0.00162601,1.1,25.0,42.213,1.5180722891566267,1.26e-06,8.299999999999999e-07,0,1,1,2.900646568553312,0.0016246894770018,793650.7936507936,1204819.277108434,1290.484126984127,1959.0481927710848,1959.0481927710848,1204819.277108434,0.9090909090909092,0.04,0.2057416267942584,1,13.261177
Nangate45,NORX1,NOR4_X1,A1,ZN,rise,130.081,0.0104713,1.1,25.0,194.097,1.5180722891566267,1.26e-06,8.299999999999999e-07,0,1,1,4.875815452730412,0.010416855676904,793650.7936507936,1204819.277108434,8310.555555555555,12616.024096385545,8310.555555555555,793650.7936507936,0.9090909090909092,0.04,0.2057416267942584,1,147.07927
Nangate45,NANDX1,NAND4_X1,A1,ZN,fall,40.9838,0.00699997,1.1,25.0,55.3368,1.5180722891566267,1.26e-06,8.299999999999999e-07,0,1,1,3.737283829590765,0.006975583944965,793650.7936507936,1204819.277108434,5555.531746031746,8433.698795180724,8433.698795180724,1204819.277108434,0.9090909090909092,0.04,0.2057416267942584,1,33.23393
Nangate45,INVX1,TINV_X1,I,ZN,fall,78.0596,0.003674923229,1.1,25.0,29.764,1.5180722891566267,6.3e-07,4.1500000000000005e-07,1,1,1,4.370201998407221,0.0036681871965212,1587301.5873015872,2409638.554216868,5833.211474603175,8855.236696385544,8855.236696385544,2409638.554216868,0.9090909090909092,0.04,0.2057416267942584,1,28.083817
Nangate45,NANDX1,NAND4_X1,A2,ZN,rise,17.1859,0.0279999,1.1,25.0,87.2831,1.5180722891566267,1.26e-06,8.299999999999999e-07,0,1,1,2.900646568553312,0.027615069756704,793650.7936507936,1204819.277108434,22222.14285714286,33734.81927710844,22222.14285714286,793650.7936507936,0.9090909090909092,0.04,0.2057416267942584,1,100.1043
Nangate45,NANDX1,NAND3_X1,A1,ZN,rise,4.72397,0.0291825,1.1,25.0,80.0468,1.5180722891566267,1.26e-06,8.299999999999999e-07,0,1,1,1.7446626205903233,0.0287647977830285,793650.7936507936,1204819.277108434,23160.714285714286,35159.63855421687,23160.714285714286,793650.7936507936,0.9090909090909092,0.04,0.2057416267942584,1,102.99039
Nangate45,NORX1,XNOR2_X1,A,ZN,fall,78.0596,0.00325202,1.1,25.0,28.73,1.5180722891566267,1.26e-06,8.299999999999999e-07,0,1,1,4.370201998407221,0.0032467436191291,793650.7936507936,1204819.277108434,2580.968253968254,3918.096385542169,3918.096385542169,1204819.277108434,0.9090909090909092,0.04,0.2057416267942584,1,17.054888
Nangate45,NORX1,NOR4_X1,A2,ZN,rise,198.535,0.00063952,1.1,25.0,113.462,1.5180722891566267,1.26e-06,8.299999999999999e-07,0,1,1,5.295989659538859,0.0006393155942278,793650.7936507936,1204819.277108434,507.5555555555555,770.5060240963857,507.5555555555555,793650.7936507936,0.9090909090909092,0.04,0.2057416267942584,1,90.75287
Nangate45,NANDX1,NAND2_X1,A1,ZN,rise,198.535,0.0296783,1.1,25.0,174.517,1.5180722891566267,1.26e-06,8.299999999999999e-07,0,1,1,5.295989659538859,0.0292464233592539,793650.7936507936,1204819.277108434,23554.20634920635,35756.987951807234,23554.20634920635,793650.7936507936,0.9090909090909092,0.04,0.2057416267942584,1,236.83023
Nangate45,NANDX1,NAND3_X1,A1,ZN,rise,78.0596,0.00729561,1.1,25.0,59.543600000000005,1.5180722891566267,1.26e-06,8.299999999999999e-07,0,1,1,4.370201998407221,0.0072691257717537,793650.7936507936,1204819.277108434,5790.166666666666,8789.891566265062,5790.166666666666,793650.7936507936,0.9090909090909092,0.04,0.2057416267942584,1,57.427696
Nangate45,NORX1,NOR2_X1,A2,ZN,fall,130.081,0.000834466,1.1,25.0,6.94968,1.5180722891566267,1.26e-06,8.299999999999999e-07,0,1,1,4.875815452730412,0.0008341180268151,793650.7936507936,1204819.277108434,662.2746031746032,1005.3807228915664,1005.3807228915664,1204819.277108434,0.9090909090909092,0.04,0.2057416267942584,1,31.522175
Nangate45,NANDX1,NAND4_X1,A3,ZN,rise,130.081,0.0559998,1.1,25.0,215.167,1.5180722891566267,1.26e-06,8.299999999999999e-07,0,1,1,4.875815452730412,0.0544879958901124,793650.7936507936,1204819.277108434,44444.28571428572,67469.63855421687,44444.28571428572,793650.7936507936,0.9090909090909092,0.04,0.2057416267942584,1,213.91928
Nangate45,XORX1,XOR2_X1,B,Z,rise,1.1737799999999998,0.0031662,1.1,25.0,48.185,1.5135135135135138,2.52e-06,1.6649999999999995e-06,0,1,1,0.7764675876261998,0.0031611981439168,396825.3968253968,600600.6006006007,1256.428571428571,1901.621621621622,1256.428571428571,396825.3968253968,0.9090909090909092,0.04,0.2043010752688172,1,45.686306
Nangate45,XORX1,XOR2_X1,A,Z,fall,198.535,0.0126648,1.1,25.0,74.421,1.5135135135135138,2.52e-06,1.6649999999999995e-06,0,1,1,5.295989659538859,0.0125852721858001,396825.3968253968,600600.6006006007,5025.714285714285,7606.486486486488,7606.486486486488,600600.6006006007,0.9090909090909092,0.04,0.2043010752688172,1,93.24013
Nangate45,NORX1,NOR4_X1,A2,ZN,rise,198.535,0.000365616,1.1,25.0,109.323,1.5180722891566267,1.26e-06,8.299999999999999e-07,0,1,1,5.295989659538859,0.000365549178757,793650.7936507936,1204819.277108434,290.1714285714286,440.5012048192772,290.1714285714286,793650.7936507936,0.9090909090909092,0.04,0.2057416267942584,1,89.763054
Nangate45,NORX1,NOR4_X1,A2,ZN,rise,198.535,0.00342249,1.1,25.0,151.66,1.5180722891566267,1.26e-06,8.299999999999999e-07,0,1,1,5.295989659538859,0.0034166466099336,793650.7936507936,1204819.277108434,2716.2619047619046,4123.481927710844,2716.2619047619046,793650.7936507936,0.9090909090909092,0.04,0.2057416267942584,1,97.307205
Nangate45,INVX1,TINV_X1,EN,ZN,rise,130.081,0.006518463229,1.1,25.0,81.52900000000001,1.5180722891566267,6.3e-07,4.1500000000000005e-07,1,1,1,4.875815452730412,0.0064973099225053,1587301.5873015872,2409638.554216868,10346.76703015873,15707.140310843375,10346.76703015873,1587301.5873015872,0.9090909090909092,0.04,0.2057416267942584,1,85.06277
Nangate45,NANDX1,NAND2_X1,A1,ZN,fall,17.1859,0.0296783,1.1,25.0,74.1885,1.5180722891566267,1.26e-06,8.299999999999999e-07,0,1,1,2.900646568553312,0.0292464233592539,793650.7936507936,1204819.277108434,23554.20634920635,35756.987951807234,35756.987951807234,1204819.277108434,0.9090909090909092,0.04,0.2057416267942584,1,75.21996
Nangate45,XORX1,XOR2_X1,B,Z,rise,198.535,0.0126648,1.1,25.0,112.756,1.5135135135135138,2.52e-06,1.6649999999999995e-06,0,1,1,5.295989659538859,0.0125852721858001,396825.3968253968,600600.6006006007,5025.714285714285,7606.486486486488,5025.714285714285,396825.3968253968,0.9090909090909092,0.04,0.2043010752688172,1,127.56336
Nangate45,NORX1,NOR2_X1,A2,ZN,fall,1.1737799999999998,0.000365616,1.1,25.0,4.72393,1.5180722891566267,1.26e-06,8.299999999999999e-07,0,1,1,0.7764675876261998,0.000365549178757,793650.7936507936,1204819.277108434,290.1714285714286,440.5012048192772,440.5012048192772,1204819.277108434,0.9090909090909092,0.04,0.2057416267942584,1,10.347365
Nangate45,NORX1,NOR3_X1,A3,ZN,fall,130.081,0.00242029,1.1,25.0,18.1163,1.5180722891566267,1.26e-06,8.299999999999999e-07,0,1,1,4.875815452730412,0.0024173658154572,793650.7936507936,1204819.277108434,1920.8650793650795,2916.012048192772,2916.012048192772,1204819.277108434,0.9090909090909092,0.04,0.2057416267942584,1,39.51116
Nangate45,NANDX1,NAND3_X1,A1,ZN,fall,17.1859,0.00729561,1.1,25.0,36.9216,1.5180722891566267,1.26e-06,8.299999999999999e-07,0,1,1,2.900646568553312,0.0072691257717537,793650.7936507936,1204819.277108434,5790.166666666666,8789.891566265062,8789.891566265062,1204819.277108434,0.9090909090909092,0.04,0.2057416267942584,1,25.1762
Nangate45,NORX1,XNOR2_X1,A,ZN,fall,17.1859,0.00162601,1.1,25.0,41.301,1.5180722891566267,1.26e-06,8.299999999999999e-07,0,1,1,2.900646568553312,0.0016246894770018,793650.7936507936,1204819.277108434,1290.484126984127,1959.0481927710848,1959.0481927710848,1204819.277108434,0.9090909090909092,0.04,0.2057416267942584,1,12.147023
Nangate45,NORX1,XNOR2_X1,B,ZN,fall,4.72397,0.00162601,1.1,25.0,13.847,1.5180722891566267,1.26e-06,8.299999999999999e-07,0,1,1,1.7446626205903233,0.0016246894770018,793650.7936507936,1204819.277108434,1290.484126984127,1959.0481927710848,1959.0481927710848,1204819.277108434,0.9090909090909092,0.04,0.2057416267942584,1,9.819177
Nangate45,NORX1,XNOR2_X1,B,ZN,rise,1.1737799999999998,0.00162601,1.1,25.0,35.604,1.5180722891566267,1.26e-06,8.299999999999999e-07,0,1,1,0.7764675876261998,0.0016246894770018,793650.7936507936,1204819.277108434,1290.484126984127,1959.0481927710848,1290.484126984127,793650.7936507936,0.9090909090909092,0.04,0.2057416267942584,1,39.82523
Nangate45,NORX1,XNOR2_X1,A,ZN,rise,130.081,0.0130081,1.1,25.0,141.607,1.5180722891566267,1.26e-06,8.299999999999999e-07,0,1,1,4.875815452730412,0.0129242212859107,793650.7936507936,1204819.277108434,10323.88888888889,15672.409638554222,10323.88888888889,793650.7936507936,0.9090909090909092,0.04,0.2057416267942584,1,126.542595
Nangate45,NORX1,NOR2_X1,A1,ZN,fall,4.72397,0.000834466,1.1,25.0,6.12776,1.5180722891566267,1.26e-06,8.299999999999999e-07,0,1,1,1.7446626205903233,0.0008341180268151,793650.7936507936,1204819.277108434,662.2746031746032,1005.3807228915664,1005.3807228915664,1204819.277108434,0.9090909090909092,0.04,0.2057416267942584,1,7.9351444
Nangate45,XORX1,XOR2_X1,A,Z,fall,40.9838,0.00079155,1.1,25.0,63.20099999999999,1.5135135135135138,2.52e-06,1.6649999999999995e-06,0,1,1,3.737283829590765,0.0007912368895162,396825.3968253968,600600.6006006007,314.10714285714283,475.40540540540553,475.40540540540553,600600.6006006007,0.9090909090909092,0.04,0.2043010752688172,1,24.927082
Nangate45,NANDX1,NAND4_X1,A2,ZN,fall,78.0596,0.0139999,1.1,25.0,98.4961,1.5180722891566267,1.26e-06,8.299999999999999e-07,0,1,1,4.370201998407221,0.0139028065496571,793650.7936507936,1204819.277108434,11111.031746031746,16867.349397590366,16867.349397590366,1204819.277108434,0.9090909090909092,0.04,0.2057416267942584,1,67.63749
Nangate45,NORX1,NOR4_X1,A2,ZN,rise,78.0596,0.0104713,1.1,25.0,182.295,1.5180722891566267,1.26e-06,8.299999999999999e-07,0,1,1,4.370201998407221,0.010416855676904,793650.7936507936,1204819.277108434,8310.555555555555,12616.024096385545,8310.555555555555,793650.7936507936,0.9090909090909092,0.04,0.2057416267942584,1,132.4494
Nangate45,INVX1,TINV_X1,I,ZN,rise,17.1859,0.001164659229,1.1,25.0,27.5711,1.5180722891566267,6.3e-07,4.1500000000000005e-07,1,1,1,2.900646568553312,0.0011639815395739,1587301.5873015872,2409638.554216868,1848.6654428571424,2806.407780722892,1848.6654428571424,1587301.5873015872,0.9090909090909092,0.04,0.2057416267942584,1,11.898028
Nangate45,NANDX1,NAND4_X1,A3,ZN,rise,78.0596,0.0559998,1.1,25.0,187.75,1.5180722891566267,1.26e-06,8.299999999999999e-07,0,1,1,4.370201998407221,0.0544879958901124,793650.7936507936,1204819.277108434,44444.28571428572,67469.63855421687,44444.28571428572,793650.7936507936,0.9090909090909092,0.04,0.2057416267942584,1,198.04105
Nangate45,NANDX1,NAND4_X1,A4,ZN,rise,17.1859,0.0559998,1.1,25.0,158.849,1.5180722891566267,1.26e-06,8.299999999999999e-07,0,1,1,2.900646568553312,0.0544879958901124,793650.7936507936,1204819.277108434,44444.28571428572,67469.63855421687,44444.28571428572,793650.7936507936,0.9090909090909092,0.04,0.2057416267942584,1,174.90123
Nangate45,XORX1,XOR2_X1,A,Z,fall,17.1859,0.0015831,1.1,25.0,53.127,1.5135135135135138,2.52e-06,1.6649999999999995e-06,0,1,1,2.900646568553312,0.0015818482181514,396825.3968253968,600600.6006006007,628.2142857142857,950.8108108108112,950.8108108108112,600600.6006006007,0.9090909090909092,0.04,0.2043010752688172,1,30.638891
Nangate45,NANDX1,NAND4_X1,A3,ZN,rise,40.9838,0.0017499899999999,1.1,25.0,36.7794,1.5180722891566267,1.26e-06,8.299999999999999e-07,0,1,1,3.737283829590765,0.0017484605515862,793650.7936507936,1204819.277108434,1388.8809523809523,2108.421686746988,1388.8809523809523,793650.7936507936,0.9090909090909092,0.04,0.2057416267942584,1,31.522804
Nangate45,NORX1,NOR4_X1,A1,ZN,rise,78.0596,0.00598648,1.1,25.0,122.669,1.5180722891566267,1.26e-06,8.299999999999999e-07,0,1,1,4.370201998407221,0.0059686322234213,793650.7936507936,1204819.277108434,4751.174603174603,7212.626506024098,4751.174603174603,793650.7936507936,0.9090909090909092,0.04,0.2057416267942584,1,85.89062
Nangate45,INVX2,INV_X2,A,ZN,fall,4.72397,0.00379562,1.1,25.0,6.91097,1.5180722891566267,1.26e-06,8.299999999999999e-07,1,1,1,1.7446626205903233,0.0037884348101687,793650.7936507936,1204819.277108434,3012.396825396825,4573.036144578314,4573.036144578314,1204819.277108434,0.9090909090909092,0.04,0.2057416267942584,1,6.431442
Nangate45,XORX1,XOR2_X1,B,Z,fall,1.1737799999999998,0.0031662,1.1,25.0,54.649,1.5135135135135138,2.52e-06,1.6649999999999995e-06,0,1,1,0.7764675876261998,0.0031611981439168,396825.3968253968,600600.6006006007,1256.428571428571,1901.621621621622,1901.621621621622,600600.6006006007,0.9090909090909092,0.04,0.2043010752688172,1,25.958681
Nangate45,NANDX1,NAND3_X1,A1,ZN,fall,198.535,0.0291825,1.1,25.0,167.283,1.5180722891566267,1.26e-06,8.299999999999999e-07,0,1,1,5.295989659538859,0.0287647977830285,793650.7936507936,1204819.277108434,23160.714285714286,35159.63855421687,35159.63855421687,1204819.277108434,0.9090909090909092,0.04,0.2057416267942584,1,157.62965
Nangate45,NORX1,NOR3_X1,A2,ZN,rise,17.1859,0.00454444,1.1,25.0,70.3549,1.5180722891566267,1.26e-06,8.299999999999999e-07,0,1,1,2.900646568553312,0.0045341452101301,793650.7936507936,1204819.277108434,3606.698412698413,5475.228915662652,3606.698412698413,793650.7936507936,0.9090909090909092,0.04,0.2057416267942584,1,65.36472
Nangate45,NANDX1,NAND3_X1,A3,ZN,rise,40.9838,0.00364781,1.1,25.0,40.6972,1.5180722891566267,1.26e-06,8.299999999999999e-07,0,1,1,3.737283829590765,0.0036411728768477,793650.7936507936,1204819.277108434,2895.0873015873017,4394.951807228917,2895.0873015873017,793650.7936507936,0.9090909090909092,0.04,0.2057416267942584,1,37.409176
Nangate45,NORX1,NOR2_X1,A1,ZN,rise,198.535,0.000365616,1.1,25.0,65.18169999999999,1.5180722891566267,1.26e-06,8.299999999999999e-07,0,1,1,5.295989659538859,0.000365549178757,793650.7936507936,1204819.277108434,290.1714285714286,440.5012048192772,290.1714285714286,793650.7936507936,0.9090909090909092,0.04,0.2057416267942584,1,89.763054
Nangate45,NANDX1,NAND4_X1,A2,ZN,rise,17.1859,0.0559998,1.1,25.0,154.495,1.5180722891566267,1.26e-06,8.299999999999999e-07,0,1,1,2.900646568553312,0.0544879958901124,793650.7936507936,1204819.277108434,44444.28571428572,67469.63855421687,44444.28571428572,793650.7936507936,0.9090909090909092,0.04,0.2057416267942584,1,174.90123
Nangate45,NANDX1,NAND3_X1,A1,ZN,rise,1.1737799999999998,0.00729561,1.1,25.0,25.655,1.5180722891566267,1.26e-06,8.299999999999999e-07,0,1,1,0.7764675876261998,0.0072691257717537,793650.7936507936,1204819.277108434,5790.166666666666,8789.891566265062,5790.166666666666,793650.7936507936,0.9090909090909092,0.04,0.2057416267942584,1,40.5137
Nangate45,NANDX1,NAND3_X1,A1,ZN,fall,40.9838,0.0291825,1.1,25.0,110.616,1.5180722891566267,1.26e-06,8.299999999999999e-07,0,1,1,3.737283829590765,0.0287647977830285,793650.7936507936,1204819.277108434,23160.714285714286,35159.63855421687,35159.63855421687,1204819.277108434,0.9090909090909092,0.04,0.2057416267942584,1,99.582855
Nangate45,NANDX1,NAND4_X1,A4,ZN,fall,17.1859,0.0559998,1.1,25.0,240.664,1.5180722891566267,1.26e-06,8.299999999999999e-07,0,1,1,2.900646568553312,0.0544879958901124,793650.7936507936,1204819.277108434,44444.28571428572,67469.63855421687,67469.63855421687,1204819.277108434,0.9090909090909092,0.04,0.2057416267942584,1,158.4555
Nangate45,NANDX1,NAND4_X1,A4,ZN,rise,198.535,0.0279999,1.1,25.0,180.961,1.5180722891566267,1.26e-06,8.299999999999999e-07,0,1,1,5.295989659538859,0.027615069756704,793650.7936507936,1204819.277108434,22222.14285714286,33734.81927710844,22222.14285714286,793650.7936507936,0.9090909090909092,0.04,0.2057416267942584,1,166.50623
Nangate45,NANDX1,NAND3_X1,A1,ZN,rise,78.0596,0.000365616,1.1,25.0,28.2845,1.5180722891566267,1.26e-06,8.299999999999999e-07,0,1,1,4.370201998407221,0.000365549178757,793650.7936507936,1204819.277108434,290.1714285714286,440.5012048192772,290.1714285714286,793650.7936507936,0.9090909090909092,0.04,0.2057416267942584,1,35.432602
Nangate45,NANDX1,NAND3_X1,A2,ZN,fall,1.1737799999999998,0.00364781,1.1,25.0,23.0453,1.5180722891566267,1.26e-06,8.299999999999999e-07,0,1,1,0.7764675876261998,0.0036411728768477,793650.7936507936,1204819.277108434,2895.0873015873017,4394.951807228917,4394.951807228917,1204819.277108434,0.9090909090909092,0.04,0.2057416267942584,1,20.920174
Nangate45,NORX1,XNOR2_X1,B,ZN,fall,40.9838,0.00162601,1.1,25.0,53.953,1.5180722891566267,1.26e-06,8.299999999999999e-07,0,1,1,3.737283829590765,0.0016246894770018,793650.7936507936,1204819.277108434,1290.484126984127,1959.0481927710848,1959.0481927710848,1204819.277108434,0.9090909090909092,0.04,0.2057416267942584,1,16.484894
Nangate45,NORX1,NOR4_X1,A1,ZN,rise,17.1859,0.00342249,1.1,25.0,67.25970000000001,1.5180722891566267,1.26e-06,8.299999999999999e-07,0,1,1,2.900646568553312,0.0034166466099336,793650.7936507936,1204819.277108434,2716.2619047619046,4123.481927710844,2716.2619047619046,793650.7936507936,0.9090909090909092,0.04,0.2057416267942584,1,56.44038
Nangate45,NANDX1,NAND4_X1,A3,ZN,rise,130.081,0.00699997,1.1,25.0,82.9181,1.5180722891566267,1.26e-06,8.299999999999999e-07,0,1,1,4.875815452730412,0.006975583944965,793650.7936507936,1204819.277108434,5555.531746031746,8433.698795180724,5555.531746031746,793650.7936507936,0.9090909090909092,0.04,0.2057416267942584,1,67.238815
Nangate45,NORX1,NOR4_X1,A3,ZN,fall,198.535,0.00598648,1.1,25.0,29.9953,1.5180722891566267,1.26e-06,8.299999999999999e-07,0,1,1,5.295989659538859,0.0059686322234213,793650.7936507936,1204819.277108434,4751.174603174603,7212.626506024098,7212.626506024098,1204819.277108434,0.9090909090909092,0.04,0.2057416267942584,1,80.48886
Nangate45,NANDX1,NAND4_X1,A4,ZN,fall,78.0596,0.0017499899999999,1.1,25.0,36.8592,1.5180722891566267,1.26e-06,8.299999999999999e-07,0,1,1,4.370201998407221,0.0017484605515862,793650.7936507936,1204819.277108434,1388.8809523809523,2108.421686746988,2108.421686746988,1204819.277108434,0.9090909090909092,0.04,0.2057416267942584,1,25.613384
Nangate45,XORX1,XOR2_X1,B,Z,rise,1.1737799999999998,0.000365616,1.1,25.0,33.734,1.5135135135135138,2.52e-06,1.6649999999999995e-06,0,1,1,0.7764675876261998,0.000365549178757,396825.3968253968,600600.6006006007,145.0857142857143,219.58918918918928,145.0857142857143,396825.3968253968,0.9090909090909092,0.04,0.2043010752688172,1,23.428059
Nangate45,INVX2,INV_X2,A,ZN,rise,17.1859,0.12146,1.1,25.0,159.023,1.5180722891566267,1.26e-06,8.299999999999999e-07,1,1,1,2.900646568553312,0.1146314078240044,793650.7936507936,1204819.277108434,96396.82539682538,146337.34939759038,96396.82539682538,793650.7936507936,0.9090909090909092,0.04,0.2057416267942584,1,108.46106
Nangate45,NANDX1,NAND3_X1,A3,ZN,fall,4.72397,0.0145912,1.1,25.0,57.8849,1.5180722891566267,1.26e-06,8.299999999999999e-07,0,1,1,1.7446626205903233,0.0144857727440233,793650.7936507936,1204819.277108434,11580.31746031746,17579.75903614458,17579.75903614458,1204819.277108434,0.9090909090909092,0.04,0.2057416267942584,1,33.57137
Nangate45,XORX1,XOR2_X1,A,Z,fall,4.72397,0.000365616,1.1,25.0,9.128,1.5135135135135138,2.52e-06,1.6649999999999995e-06,0,1,1,1.7446626205903233,0.000365549178757,396825.3968253968,600600.6006006007,145.0857142857143,219.58918918918928,219.58918918918928,600600.6006006007,0.9090909090909092,0.04,0.2043010752688172,1,16.986305
Nangate45,NORX1,NOR4_X1,A4,ZN,rise,130.081,0.0104713,1.1,25.0,203.02,1.5180722891566267,1.26e-06,8.299999999999999e-07,0,1,1,4.875815452730412,0.010416855676904,793650.7936507936,1204819.277108434,8310.555555555555,12616.024096385545,8310.555555555555,793650.7936507936,0.9090909090909092,0.04,0.2057416267942584,1,149.62059
Nangate45,NANDX1,NAND4_X1,A4,ZN,rise,4.72397,0.00349999,1.1,25.0,25.486,1.5180722891566267,1.26e-06,8.299999999999999e-07,0,1,1,1.7446626205903233,0.0034938792891336,793650.7936507936,1204819.277108434,2777.769841269841,4216.855421686748,2777.769841269841,793650.7936507936,0.9090909090909092,0.04,0.2057416267942584,1,24.58287
Nangate45,NORX1,NOR4_X1,A2,ZN,fall,40.9838,0.00063952,1.1,25.0,13.927,1.5180722891566267,1.26e-06,8.299999999999999e-07,0,1,1,3.737283829590765,0.0006393155942278,793650.7936507936,1204819.277108434,507.5555555555555,770.5060240963857,770.5060240963857,1204819.277108434,0.9090909090909092,0.04,0.2057416267942584,1,14.685586
Nangate45,NANDX1,NAND4_X1,A1,ZN,fall,1.1737799999999998,0.00699997,1.1,25.0,41.1918,1.5180722891566267,1.26e-06,8.299999999999999e-07,0,1,1,0.7764675876261998,0.006975583944965,793650.7936507936,1204819.277108434,5555.531746031746,8433.698795180724,8433.698795180724,1204819.277108434,0.9090909090909092,0.04,0.2057416267942584,1,29.901045
Nangate45,INVX2,INV_X2,A,ZN,rise,40.9838,0.00759125,1.1,25.0,32.2202,1.5180722891566267,1.26e-06,8.299999999999999e-07,1,1,1,3.737283829590765,0.0075625814570239,793650.7936507936,1204819.277108434,6024.801587301587,9146.0843373494,6024.801587301587,793650.7936507936,0.9090909090909092,0.04,0.2057416267942584,1,29.570133
Nangate45,NANDX1,NAND3_X1,A2,ZN,fall,40.9838,0.0145912,1.1,25.0,69.0569,1.5180722891566267,1.26e-06,8.299999999999999e-07,0,1,1,3.737283829590765,0.0144857727440233,793650.7936507936,1204819.277108434,11580.31746031746,17579.75903614458,17579.75903614458,1204819.277108434,0.9090909090909092,0.04,0.2057416267942584,1,56.34115
Nangate45,XORX1,XOR2_X1,A,Z,rise,40.9838,0.0063324,1.1,25.0,64.281,1.5135135135135138,2.52e-06,1.6649999999999995e-06,0,1,1,3.737283829590765,0.0063124345967383,396825.3968253968,600600.6006006007,2512.8571428571427,3803.243243243244,2512.8571428571427,396825.3968253968,0.9090909090909092,0.04,0.2043010752688172,1,73.117546
Nangate45,XORX1,XOR2_X1,A,Z,fall,78.0596,0.0253296,1.1,25.0,117.019,1.5135135135135138,2.52e-06,1.6649999999999995e-06,0,1,1,4.370201998407221,0.0250141218763313,396825.3968253968,600600.6006006007,10051.42857142857,15212.972972972975,15212.972972972975,600600.6006006007,0.9090909090909092,0.04,0.2043010752688172,1,82.62931
Nangate45,XORX1,XOR2_X1,B,Z,rise,78.0596,0.00079155,1.1,25.0,54.015,1.5135135135135138,2.52e-06,1.6649999999999995e-06,0,1,1,4.370201998407221,0.0007912368895162,396825.3968253968,600600.6006006007,314.10714285714283,475.40540540540553,314.10714285714283,396825.3968253968,0.9090909090909092,0.04,0.2043010752688172,1,54.247982
Nangate45,NANDX1,NAND3_X1,A2,ZN,fall,1.1737799999999998,0.0145912,1.1,25.0,55.4021,1.5180722891566267,1.26e-06,8.299999999999999e-07,0,1,1,0.7764675876261998,0.0144857727440233,793650.7936507936,1204819.277108434,11580.31746031746,17579.75903614458,17579.75903614458,1204819.277108434,0.9090909090909092,0.04,0.2057416267942584,1,48.33863
Nangate45,NANDX1,NAND2_X1,A1,ZN,fall,78.0596,0.0148392,1.1,25.0,65.6528,1.5180722891566267,1.26e-06,8.299999999999999e-07,0,1,1,4.370201998407221,0.0147301762980792,793650.7936507936,1204819.277108434,11777.142857142857,17878.554216867473,17878.554216867473,1204819.277108434,0.9090909090909092,0.04,0.2057416267942584,1,67.64405
Nangate45,INVX1,INV_X16,A,ZN,fall,40.9838,0.969238,1.1,25.0,94.519,1.5180722891566267,6.3e-07,4.1500000000000005e-07,1,1,1,3.737283829590765,0.6776466658922388,1587301.5873015872,2409638.554216868,1538473.015873016,2335513.2530120485,2335513.2530120485,2409638.554216868,0.9090909090909092,0.04,0.2057416267942584,1,129.97952
Nangate45,INVX1,INV_X1,A,ZN,rise,198.535,0.0151825,1.1,25.0,122.423,1.5180722891566267,6.3e-07,4.1500000000000005e-07,1,1,1,5.295989659538859,0.0150683992868016,1587301.5873015872,2409638.554216868,24099.206349206343,36584.3373493976,24099.206349206343,1587301.5873015872,0.9090909090909092,0.04,0.2057416267942584,1,126.67533
Nangate45,NANDX1,NAND4_X1,A3,ZN,rise,17.1859,0.00699997,1.1,25.0,38.7505,1.5180722891566267,1.26e-06,8.299999999999999e-07,0,1,1,2.900646568553312,0.006975583944965,793650.7936507936,1204819.277108434,5555.531746031746,8433.698795180724,5555.531746031746,793650.7936507936,0.9090909090909092,0.04,0.2057416267942584,1,41.496937
Nangate45,NANDX1,NAND4_X1,A2,ZN,rise,1.1737799999999998,0.000365616,1.1,25.0,12.684,1.5180722891566267,1.26e-06,8.299999999999999e-07,0,1,1,0.7764675876261998,0.000365549178757,793650.7936507936,1204819.277108434,290.1714285714286,440.5012048192772,290.1714285714286,793650.7936507936,0.9090909090909092,0.04,0.2057416267942584,1,23.779034
Nangate45,NANDX1,NAND3_X1,A3,ZN,fall,198.535,0.00364781,1.1,25.0,39.7134,1.5180722891566267,1.26e-06,8.299999999999999e-07,0,1,1,5.295989659538859,0.0036411728768477,793650.7936507936,1204819.277108434,2895.0873015873017,4394.951807228917,4394.951807228917,1204819.277108434,0.9090909090909092,0.04,0.2057416267942584,1,50.635303
Nangate45,NORX1,NOR2_X1,A1,ZN,fall,1.1737799999999998,0.000365616,1.1,25.0,3.97653,1.5180722891566267,1.26e-06,8.299999999999999e-07,0,1,1,0.7764675876261998,0.000365549178757,793650.7936507936,1204819.277108434,290.1714285714286,440.5012048192772,440.5012048192772,1204819.277108434,0.9090909090909092,0.04,0.2057416267942584,1,0.37432435
Nangate45,NANDX1,NAND4_X1,A4,ZN,fall,1.1737799999999998,0.0279999,1.1,25.0,129.14999999999998,1.5180722891566267,1.26e-06,8.299999999999999e-07,0,1,1,0.7764675876261998,0.027615069756704,793650.7936507936,1204819.277108434,22222.14285714286,33734.81927710844,33734.81927710844,1204819.277108434,0.9090909090909092,0.04,0.2057416267942584,1,78.8565
Nangate45,INVX1,INV_X1,A,ZN,rise,1.1737799999999998,0.0151825,1.1,25.0,41.6815,1.5180722891566267,6.3e-07,4.1500000000000005e-07,1,1,1,0.7764675876261998,0.0150683992868016,1587301.5873015872,2409638.554216868,24099.206349206343,36584.3373493976,24099.206349206343,1587301.5873015872,0.9090909090909092,0.04,0.2057416267942584,1,32.82975
Nangate45,NORX1,NOR3_X1,A3,ZN,rise,198.535,0.00853286,1.1,25.0,156.488,1.5180722891566267,1.26e-06,8.299999999999999e-07,0,1,1,5.295989659538859,0.0084966609254384,793650.7936507936,1204819.277108434,6772.11111111111,10280.554216867473,6772.11111111111,793650.7936507936,0.9090909090909092,0.04,0.2057416267942584,1,162.57732
Nangate45,NORX1,XNOR2_X1,A,ZN,fall,130.081,0.00162601,1.1,25.0,19.559,1.5180722891566267,1.26e-06,8.299999999999999e-07,0,1,1,4.875815452730412,0.0016246894770018,793650.7936507936,1204819.277108434,1290.484126984127,1959.0481927710848,1959.0481927710848,1204819.277108434,0.9090909090909092,0.04,0.2057416267942584,1,32.68557
Nangate45,NORX1,XNOR2_X1,B,ZN,fall,40.9838,0.000365616,1.1,25.0,19.337,1.5180722891566267,1.26e-06,8.299999999999999e-07,0,1,1,3.737283829590765,0.000365549178757,793650.7936507936,1204819.277108434,290.1714285714286,440.5012048192772,440.5012048192772,1204819.277108434,0.9090909090909092,0.04,0.2057416267942584,1,9.734576
Nangate45,NANDX1,NAND4_X1,A4,ZN,rise,1.1737799999999998,0.0279999,1.1,25.0,83.6952,1.5180722891566267,1.26e-06,8.299999999999999e-07,0,1,1,0.7764675876261998,0.027615069756704,793650.7936507936,1204819.277108434,22222.14285714286,33734.81927710844,22222.14285714286,793650.7936507936,0.9090909090909092,0.04,0.2057416267942584,1,89.00994
Nangate45,NANDX1,NAND4_X1,A1,ZN,fall,4.72397,0.00699997,1.1,25.0,42.2761,1.5180722891566267,1.26e-06,8.299999999999999e-07,0,1,1,1.7446626205903233,0.006975583944965,793650.7936507936,1204819.277108434,5555.531746031746,8433.698795180724,8433.698795180724,1204819.277108434,0.9090909090909092,0.04,0.2057416267942584,1,18.00569
Nangate45,NANDX1,NAND3_X1,A3,ZN,rise,1.1737799999999998,0.0018239,1.1,25.0,16.387900000000002,1.5180722891566267,1.26e-06,8.299999999999999e-07,0,1,1,0.7764675876261998,0.0018222387141011,793650.7936507936,1204819.277108434,1447.5396825396824,2197.4698795180725,1447.5396825396824,793650.7936507936,0.9090909090909092,0.04,0.2057416267942584,1,26.381084
Nangate45,NORX1,NOR4_X1,A1,ZN,fall,17.1859,0.0104713,1.1,25.0,24.5444,1.5180722891566267,1.26e-06,8.299999999999999e-07,0,1,1,2.900646568553312,0.010416855676904,793650.7936507936,1204819.277108434,8310.555555555555,12616.024096385545,12616.024096385545,1204819.277108434,0.9090909090909092,0.04,0.2057416267942584,1,26.92173
Nangate45,NORX1,XNOR2_X1,A,ZN,rise,78.0596,0.000813006,1.1,25.0,50.648,1.5180722891566267,1.26e-06,8.299999999999999e-07,0,1,1,4.370201998407221,0.0008126756896393,793650.7936507936,1204819.277108434,645.2428571428571,979.5253012048196,645.2428571428571,793650.7936507936,0.9090909090909092,0.04,0.2057416267942584,1,63.097954
Nangate45,XORX1,XOR2_X1,A,Z,rise,1.1737799999999998,0.000365616,1.1,25.0,37.026,1.5135135135135138,2.52e-06,1.6649999999999995e-06,0,1,1,0.7764675876261998,0.000365549178757,396825.3968253968,600600.6006006007,145.0857142857143,219.58918918918928,145.0857142857143,396825.3968253968,0.9090909090909092,0.04,0.2043010752688172,1,24.8471
Nangate45,NORX1,XNOR2_X1,A,ZN,rise,130.081,0.00325202,1.1,25.0,62.594,1.5180722891566267,1.26e-06,8.299999999999999e-07,0,1,1,4.875815452730412,0.0032467436191291,793650.7936507936,1204819.277108434,2580.968253968254,3918.096385542169,2580.968253968254,793650.7936507936,0.9090909090909092,0.04,0.2057416267942584,1,75.77308
Nangate45,INVX1,TINV_X1,I,ZN,fall,40.9838,0.001164659229,1.1,25.0,15.874800000000002,1.5180722891566267,6.3e-07,4.1500000000000005e-07,1,1,1,3.737283829590765,0.0011639815395739,1587301.5873015872,2409638.554216868,1848.6654428571424,2806.407780722892,2806.407780722892,2409638.554216868,0.9090909090909092,0.04,0.2057416267942584,1,12.132743
Nangate45,NANDX1,NAND4_X1,A4,ZN,fall,40.9838,0.0559998,1.1,25.0,244.155,1.5180722891566267,1.26e-06,8.299999999999999e-07,0,1,1,3.737283829590765,0.0544879958901124,793650.7936507936,1204819.277108434,44444.28571428572,67469.63855421687,67469.63855421687,1204819.277108434,0.9090909090909092,0.04,0.2057416267942584,1,170.20078
Nangate45,NANDX1,NAND3_X1,A1,ZN,fall,130.081,0.0583649,1.1,25.0,231.434,1.5180722891566267,1.26e-06,8.299999999999999e-07,0,1,1,4.875815452730412,0.0567251700033895,793650.7936507936,1204819.277108434,46321.3492063492,70319.15662650602,70319.15662650602,1204819.277108434,0.9090909090909092,0.04,0.2057416267942584,1,198.00142
Nangate45,INVX1,INV_X1,A,ZN,fall,1.1737799999999998,0.00189781,1.1,25.0,5.29785,1.5180722891566267,6.3e-07,4.1500000000000005e-07,1,1,1,0.7764675876261998,0.0018960114338003,1587301.5873015872,2409638.554216868,3012.396825396825,4573.036144578314,4573.036144578314,2409638.554216868,0.9090909090909092,0.04,0.2057416267942584,1,10.995261
Nangate45,NANDX1,NAND4_X1,A1,ZN,fall,40.9838,0.0279999,1.1,25.0,135.47500000000002,1.5180722891566267,1.26e-06,8.299999999999999e-07,0,1,1,3.737283829590765,0.027615069756704,793650.7936507936,1204819.277108434,22222.14285714286,33734.81927710844,33734.81927710844,1204819.277108434,0.9090909090909092,0.04,0.2057416267942584,1,99.56332
Nangate45,NORX1,NOR4_X1,A4,ZN,fall,1.1737799999999998,0.000365616,1.1,25.0,5.42372,1.5180722891566267,1.26e-06,8.299999999999999e-07,0,1,1,0.7764675876261998,0.000365549178757,793650.7936507936,1204819.277108434,290.1714285714286,440.5012048192772,440.5012048192772,1204819.277108434,0.9090909090909092,0.04,0.2057416267942584,1,10.347365
Nangate45,NORX1,NOR4_X1,A2,ZN,fall,130.081,0.000365616,1.1,25.0,5.78459,1.5180722891566267,1.26e-06,8.299999999999999e-07,0,1,1,4.875815452730412,0.000365549178757,793650.7936507936,1204819.277108434,290.1714285714286,440.5012048192772,440.5012048192772,1204819.277108434,0.9090909090909092,0.04,0.2057416267942584,1,28.538008
Nangate45,NANDX1,NAND4_X1,A1,ZN,fall,1.1737799999999998,0.0559998,1.1,25.0,229.035,1.5180722891566267,1.26e-06,8.299999999999999e-07,0,1,1,0.7764675876261998,0.0544879958901124,793650.7936507936,1204819.277108434,44444.28571428572,67469.63855421687,67469.63855421687,1204819.277108434,0.9090909090909092,0.04,0.2057416267942584,1,126.50156
Nangate45,NANDX1,NAND4_X1,A4,ZN,rise,198.535,0.0017499899999999,1.1,25.0,77.2869,1.5180722891566267,1.26e-06,8.299999999999999e-07,0,1,1,5.295989659538859,0.0017484605515862,793650.7936507936,1204819.277108434,1388.8809523809523,2108.421686746988,1388.8809523809523,793650.7936507936,0.9090909090909092,0.04,0.2057416267942584,1,59.717148
Nangate45,NANDX1,NAND4_X1,A4,ZN,fall,198.535,0.00699997,1.1,25.0,66.9127,1.5180722891566267,1.26e-06,8.299999999999999e-07,0,1,1,5.295989659538859,0.006975583944965,793650.7936507936,1204819.277108434,5555.531746031746,8433.698795180724,8433.698795180724,1204819.277108434,0.9090909090909092,0.04,0.2057416267942584,1,63.667725
Nangate45,NORX1,XNOR2_X1,B,ZN,fall,198.535,0.0260162,1.1,25.0,127.884,1.5180722891566267,1.26e-06,8.299999999999999e-07,0,1,1,5.295989659538859,0.0256835360976095,793650.7936507936,1204819.277108434,20647.77777777778,31344.819277108443,31344.819277108443,1204819.277108434,0.9090909090909092,0.04,0.2057416267942584,1,98.00022
Nangate45,NORX1,NOR4_X1,A3,ZN,fall,40.9838,0.00063952,1.1,25.0,15.297,1.5180722891566267,1.26e-06,8.299999999999999e-07,0,1,1,3.737283829590765,0.0006393155942278,793650.7936507936,1204819.277108434,507.5555555555555,770.5060240963857,770.5060240963857,1204819.277108434,0.9090909090909092,0.04,0.2057416267942584,1,14.580086
Nangate45,NANDX1,NAND4_X1,A2,ZN,fall,198.535,0.0139999,1.1,25.0,130.023,1.5180722891566267,1.26e-06,8.299999999999999e-07,0,1,1,5.295989659538859,0.0139028065496571,793650.7936507936,1204819.277108434,11111.031746031746,16867.349397590366,16867.349397590366,1204819.277108434,0.9090909090909092,0.04,0.2057416267942584,1,92.71787
Nangate45,NANDX1,NAND2_X1,A2,ZN,rise,4.72397,0.0593567,1.1,25.0,153.295,1.5180722891566267,1.26e-06,8.299999999999999e-07,0,1,1,1.7446626205903233,0.0576618371011917,793650.7936507936,1204819.277108434,47108.492063492056,71514.09638554217,47108.492063492056,793650.7936507936,0.9090909090909092,0.04,0.2057416267942584,1,166.25645
Nangate45,NORX1,XNOR2_X1,B,ZN,rise,130.081,0.0130081,1.1,25.0,84.21,1.5180722891566267,1.26e-06,8.299999999999999e-07,0,1,1,4.875815452730412,0.0129242212859107,793650.7936507936,1204819.277108434,10323.88888888889,15672.409638554222,10323.88888888889,793650.7936507936,0.9090909090909092,0.04,0.2057416267942584,1,126.55072
Nangate45,NORX1,XNOR2_X1,A,ZN,rise,198.535,0.00325202,1.1,25.0,66.777,1.5180722891566267,1.26e-06,8.299999999999999e-07,0,1,1,5.295989659538859,0.0032467436191291,793650.7936507936,1204819.277108434,2580.968253968254,3918.096385542169,2580.968253968254,793650.7936507936,0.9090909090909092,0.04,0.2057416267942584,1,97.30434
Nangate45,INVX1,INV_X1,A,ZN,rise,17.1859,0.030365,1.1,25.0,85.883,1.5180722891566267,6.3e-07,4.1500000000000005e-07,1,1,1,2.900646568553312,0.0299131083997428,1587301.5873015872,2409638.554216868,48198.41269841269,73168.67469879519,48198.41269841269,1587301.5873015872,0.9090909090909092,0.04,0.2057416267942584,1,94.60147
Nangate45,NANDX1,NAND3_X1,A3,ZN,rise,1.1737799999999998,0.0145912,1.1,25.0,47.5642,1.5180722891566267,1.26e-06,8.299999999999999e-07,0,1,1,0.7764675876261998,0.0144857727440233,793650.7936507936,1204819.277108434,11580.31746031746,17579.75903614458,11580.31746031746,793650.7936507936,0.9090909090909092,0.04,0.2057416267942584,1,57.406555
Nangate45,INVX1,INV_X1,A,ZN,rise,130.081,0.000365616,1.1,25.0,31.382100000000005,1.5180722891566267,6.3e-07,4.1500000000000005e-07,1,1,1,4.875815452730412,0.000365549178757,1587301.5873015872,2409638.554216868,580.3428571428572,881.0024096385544,580.3428571428572,1587301.5873015872,0.9090909090909092,0.04,0.2057416267942584,1,24.07061
Nangate45,XORX1,XOR2_X1,B,Z,rise,40.9838,0.0031662,1.1,25.0,59.916,1.5135135135135138,2.52e-06,1.6649999999999995e-06,0,1,1,3.737283829590765,0.0031611981439168,396825.3968253968,600600.6006006007,1256.428571428571,1901.621621621622,1256.428571428571,396825.3968253968,0.9090909090909092,0.04,0.2043010752688172,1,61.35872
Nangate45,NANDX1,NAND3_X1,A1,ZN,rise,130.081,0.0291825,1.1,25.0,145.15900000000002,1.5180722891566267,1.26e-06,8.299999999999999e-07,0,1,1,4.875815452730412,0.0287647977830285,793650.7936507936,1204819.277108434,23160.714285714286,35159.63855421687,23160.714285714286,793650.7936507936,0.9090909090909092,0.04,0.2057416267942584,1,137.19382
Nangate45,NORX1,XNOR2_X1,B,ZN,rise,78.0596,0.0260162,1.1,25.0,182.092,1.5180722891566267,1.26e-06,8.299999999999999e-07,0,1,1,4.370201998407221,0.0256835360976095,793650.7936507936,1204819.277108434,20647.77777777778,31344.819277108443,20647.77777777778,793650.7936507936,0.9090909090909092,0.04,0.2057416267942584,1,160.32321
Nangate45,NANDX1,NAND4_X1,A2,ZN,rise,198.535,0.00349999,1.1,25.0,74.4741,1.5180722891566267,1.26e-06,8.299999999999999e-07,0,1,1,5.295989659538859,0.0034938792891336,793650.7936507936,1204819.277108434,2777.769841269841,4216.855421686748,2777.769841269841,793650.7936507936,0.9090909090909092,0.04,0.2057416267942584,1,66.90829
Nangate45,NORX1,NOR4_X1,A3,ZN,rise,1.1737799999999998,0.0104713,1.1,25.0,166.584,1.5180722891566267,1.26e-06,8.299999999999999e-07,0,1,1,0.7764675876261998,0.010416855676904,793650.7936507936,1204819.277108434,8310.555555555555,12616.024096385545,8310.555555555555,793650.7936507936,0.9090909090909092,0.04,0.2057416267942584,1,69.84486
Nangate45,NORX1,NOR4_X1,A3,ZN,fall,1.1737799999999998,0.0104713,1.1,25.0,19.5438,1.5180722891566267,1.26e-06,8.299999999999999e-07,0,1,1,0.7764675876261998,0.010416855676904,793650.7936507936,1204819.277108434,8310.555555555555,12616.024096385545,12616.024096385545,1204819.277108434,0.9090909090909092,0.04,0.2057416267942584,1,36.404034
Nangate45,NANDX1,NAND3_X1,A1,ZN,fall,1.1737799999999998,0.0145912,1.1,25.0,52.8211,1.5180722891566267,1.26e-06,8.299999999999999e-07,0,1,1,0.7764675876261998,0.0144857727440233,793650.7936507936,1204819.277108434,11580.31746031746,17579.75903614458,17579.75903614458,1204819.277108434,0.9090909090909092,0.04,0.2057416267942584,1,48.338627
Nangate45,NORX1,NOR4_X1,A1,ZN,fall,4.72397,0.00195665,1.1,25.0,8.51817,1.5180722891566267,1.26e-06,8.299999999999999e-07,0,1,1,1.7446626205903233,0.0019547382537281,793650.7936507936,1204819.277108434,1552.8968253968253,2357.409638554217,2357.409638554217,1204819.277108434,0.9090909090909092,0.04,0.2057416267942584,1,10.909923
Nangate45,XORX1,XOR2_X1,B,Z,rise,78.0596,0.000365616,1.1,25.0,50.834,1.5135135135135138,2.52e-06,1.6649999999999995e-06,0,1,1,4.370201998407221,0.000365549178757,396825.3968253968,600600.6006006007,145.0857142857143,219.58918918918928,145.0857142857143,396825.3968253968,0.9090909090909092,0.04,0.2043010752688172,1,51.462334
Nangate45,INVX1,INV_X16,A,ZN,fall,1.1737799999999998,0.24231,1.1,25.0,21.8099,1.5180722891566267,6.3e-07,4.1500000000000005e-07,1,1,1,0.7764675876261998,0.2169725497905428,1587301.5873015872,2409638.554216868,384619.0476190476,583879.5180722892,583879.5180722892,2409638.554216868,0.9090909090909092,0.04,0.2057416267942584,1,27.655233
Nangate45,NANDX1,NAND4_X1,A1,ZN,rise,1.1737799999999998,0.0559998,1.1,25.0,144.08599999999998,1.5180722891566267,1.26e-06,8.299999999999999e-07,0,1,1,0.7764675876261998,0.0544879958901124,793650.7936507936,1204819.277108434,44444.28571428572,67469.63855421687,44444.28571428572,793650.7936507936,0.9090909090909092,0.04,0.2057416267942584,1,135.10466
Nangate45,NORX1,NOR3_X1,A1,ZN,fall,1.1737799999999998,0.000365616,1.1,25.0,4.31446,1.5180722891566267,1.26e-06,8.299999999999999e-07,0,1,1,0.7764675876261998,0.000365549178757,793650.7936507936,1204819.277108434,290.1714285714286,440.5012048192772,440.5012048192772,1204819.277108434,0.9090909090909092,0.04,0.2057416267942584,1,10.347365
Nangate45,NORX1,XNOR2_X1,B,ZN,rise,17.1859,0.00650405,1.1,25.0,52.687,1.5180722891566267,1.26e-06,8.299999999999999e-07,0,1,1,2.900646568553312,0.0064829899346209,793650.7936507936,1204819.277108434,5161.944444444445,7836.204819277111,5161.944444444445,793650.7936507936,0.9090909090909092,0.04,0.2057416267942584,1,68.69631
Nangate45,INVX2,INV_X2,A,ZN,fall,4.72397,0.00759125,1.1,25.0,9.25354,1.5180722891566267,1.26e-06,8.299999999999999e-07,1,1,1,1.7446626205903233,0.0075625814570239,793650.7936507936,1204819.277108434,6024.801587301587,9146.0843373494,9146.0843373494,1204819.277108434,0.9090909090909092,0.04,0.2057416267942584,1,12.255337
Nangate45,NORX1,NOR4_X1,A1,ZN,rise,130.081,0.00598648,1.1,25.0,148.884,1.5180722891566267,1.26e-06,8.299999999999999e-07,0,1,1,4.875815452730412,0.0059686322234213,793650.7936507936,1204819.277108434,4751.174603174603,7212.626506024098,4751.174603174603,793650.7936507936,0.9090909090909092,0.04,0.2057416267942584,1,86.31122
Nangate45,NANDX1,NAND3_X1,A2,ZN,rise,198.535,0.0018239,1.1,25.0,62.5694,1.5180722891566267,1.26e-06,8.299999999999999e-07,0,1,1,5.295989659538859,0.0018222387141011,793650.7936507936,1204819.277108434,1447.5396825396824,2197.4698795180725,1447.5396825396824,793650.7936507936,0.9090909090909092,0.04,0.2057416267942584,1,59.712914
Nangate45,XORX1,XOR2_X1,B,Z,fall,40.9838,0.00079155,1.1,25.0,65.53399999999999,1.5135135135135138,2.52e-06,1.6649999999999995e-06,0,1,1,3.737283829590765,0.0007912368895162,396825.3968253968,600600.6006006007,314.10714285714283,475.40540540540553,475.40540540540553,600600.6006006007,0.9090909090909092,0.04,0.2043010752688172,1,28.462015
Nangate45,NORX1,NOR2_X1,A2,ZN,fall,78.0596,0.0267029,1.1,25.0,69.2253,1.5180722891566267,1.26e-06,8.299999999999999e-07,0,1,1,4.370201998407221,0.0263525999024103,793650.7936507936,1204819.277108434,21192.777777777777,32172.1686746988,32172.1686746988,1204819.277108434,0.9090909090909092,0.04,0.2057416267942584,1,80.637024
Nangate45,NANDX1,NAND3_X1,A1,ZN,fall,130.081,0.0018239,1.1,25.0,33.4449,1.5180722891566267,1.26e-06,8.299999999999999e-07,0,1,1,4.875815452730412,0.0018222387141011,793650.7936507936,1204819.277108434,1447.5396825396824,2197.4698795180725,2197.4698795180725,1204819.277108434,0.9090909090909092,0.04,0.2057416267942584,1,34.135326
Nangate45,XORX1,XOR2_X1,B,Z,rise,78.0596,0.0015831,1.1,25.0,59.595,1.5135135135135138,2.52e-06,1.6649999999999995e-06,0,1,1,4.370201998407221,0.0015818482181514,396825.3968253968,600600.6006006007,628.2142857142857,950.8108108108112,628.2142857142857,396825.3968253968,0.9090909090909092,0.04,0.2043010752688172,1,67.54733
Nangate45,NORX1,NOR4_X1,A2,ZN,rise,17.1859,0.00598648,1.1,25.0,113.051,1.5180722891566267,1.26e-06,8.299999999999999e-07,0,1,1,2.900646568553312,0.0059686322234213,793650.7936507936,1204819.277108434,4751.174603174603,7212.626506024098,4751.174603174603,793650.7936507936,0.9090909090909092,0.04,0.2057416267942584,1,68.695656
Nangate45,NORX1,NOR4_X1,A2,ZN,fall,78.0596,0.000365616,1.1,25.0,11.4135,1.5180722891566267,1.26e-06,8.299999999999999e-07,0,1,1,4.370201998407221,0.000365549178757,793650.7936507936,1204819.277108434,290.1714285714286,440.5012048192772,440.5012048192772,1204819.277108434,0.9090909090909092,0.04,0.2057416267942584,1,13.795132
Nangate45,INVX1,TINV_X1,EN,ZN,rise,78.0596,0.02342024323,1.1,25.0,174.017,1.5180722891566267,6.3e-07,4.1500000000000005e-07,1,1,1,4.370201998407221,0.0231501975625825,1587301.5873015872,2409638.554216868,37174.989253968255,56434.32103614459,37174.989253968255,1587301.5873015872,0.9090909090909092,0.04,0.2057416267942584,1,99.85634
Nangate45,INVX2,INV_X2,A,ZN,rise,78.0596,0.0151825,1.1,25.0,57.8614,1.5180722891566267,1.26e-06,8.299999999999999e-07,1,1,1,4.370201998407221,0.0150683992868016,793650.7936507936,1204819.277108434,12049.603174603171,18292.1686746988,12049.603174603171,793650.7936507936,0.9090909090909092,0.04,0.2057416267942584,1,57.143417
Nangate45,XORX1,XOR2_X1,B,Z,fall,40.9838,0.0126648,1.1,25.0,47.93300000000001,1.5135135135135138,2.52e-06,1.6649999999999995e-06,0,1,1,3.737283829590765,0.0125852721858001,396825.3968253968,600600.6006006007,5025.714285714285,7606.486486486488,7606.486486486488,600600.6006006007,0.9090909090909092,0.04,0.2043010752688172,1,65.37374
Nangate45,NORX1,NOR4_X1,A4,ZN,fall,40.9838,0.00195665,1.1,25.0,19.2859,1.5180722891566267,1.26e-06,8.299999999999999e-07,0,1,1,3.737283829590765,0.0019547382537281,793650.7936507936,1204819.277108434,1552.8968253968253,2357.409638554217,2357.409638554217,1204819.277108434,0.9090909090909092,0.04,0.2057416267942584,1,16.484995
Nangate45,NANDX1,NAND4_X1,A3,ZN,rise,1.1737799999999998,0.0559998,1.1,25.0,149.019,1.5180722891566267,1.26e-06,8.299999999999999e-07,0,1,1,0.7764675876261998,0.0544879958901124,793650.7936507936,1204819.277108434,44444.28571428572,67469.63855421687,44444.28571428572,793650.7936507936,0.9090909090909092,0.04,0.2057416267942584,1,135.10466
Nangate45,XORX1,XOR2_X1,B,Z,fall,40.9838,0.0015831,1.1,25.0,20.255,1.5135135135135138,2.52e-06,1.6649999999999995e-06,0,1,1,3.737283829590765,0.0015818482181514,396825.3968253968,600600.6006006007,628.2142857142857,950.8108108108112,950.8108108108112,600600.6006006007,0.9090909090909092,0.04,0.2043010752688172,1,28.461706
Nangate45,INVX2,INV_X2,A,ZN,fall,198.535,0.06073,1.1,25.0,94.158,1.5180722891566267,1.26e-06,8.299999999999999e-07,1,1,1,5.295989659538859,0.0589573503385265,793650.7936507936,1204819.277108434,48198.41269841269,73168.67469879519,73168.67469879519,1204819.277108434,0.9090909090909092,0.04,0.2057416267942584,1,120.14469
Nangate45,NANDX1,NAND4_X1,A4,ZN,fall,17.1859,0.0139999,1.1,25.0,79.45049999999999,1.5180722891566267,1.26e-06,8.299999999999999e-07,0,1,1,2.900646568553312,0.0139028065496571,793650.7936507936,1204819.277108434,11111.031746031746,16867.349397590366,16867.349397590366,1204819.277108434,0.9090909090909092,0.04,0.2057416267942584,1,43.52794
Nangate45,NANDX1,NAND4_X1,A3,ZN,rise,17.1859,0.0139999,1.1,25.0,55.7104,1.5180722891566267,1.26e-06,8.299999999999999e-07,0,1,1,2.900646568553312,0.0139028065496571,793650.7936507936,1204819.277108434,11111.031746031746,16867.349397590366,11111.031746031746,793650.7936507936,0.9090909090909092,0.04,0.2057416267942584,1,64.360535
Nangate45,NANDX1,NAND3_X1,A3,ZN,rise,17.1859,0.0291825,1.1,25.0,90.4881,1.5180722891566267,1.26e-06,8.299999999999999e-07,0,1,1,2.900646568553312,0.0287647977830285,793650.7936507936,1204819.277108434,23160.714285714286,35159.63855421687,23160.714285714286,793650.7936507936,0.9090909090909092,0.04,0.2057416267942584,1,100.104706
Nangate45,NANDX1,NAND3_X1,A2,ZN,rise,40.9838,0.00729561,1.1,25.0,48.3764,1.5180722891566267,1.26e-06,8.299999999999999e-07,0,1,1,3.737283829590765,0.0072691257717537,793650.7936507936,1204819.277108434,5790.166666666666,8789.891566265062,5790.166666666666,793650.7936507936,0.9090909090909092,0.04,0.2057416267942584,1,49.95781
Nangate45,INVX2,INV_X2,A,ZN,fall,130.081,0.00379562,1.1,25.0,6.79938,1.5180722891566267,1.26e-06,8.299999999999999e-07,1,1,1,4.875815452730412,0.0037884348101687,793650.7936507936,1204819.277108434,3012.396825396825,4573.036144578314,4573.036144578314,1204819.277108434,0.9090909090909092,0.04,0.2057416267942584,1,14.411335
Nangate45,NANDX1,NAND2_X1,A1,ZN,rise,4.72397,0.0593567,1.1,25.0,151.20600000000002,1.5180722891566267,1.26e-06,8.299999999999999e-07,0,1,1,1.7446626205903233,0.0576618371011917,793650.7936507936,1204819.277108434,47108.492063492056,71514.09638554217,47108.492063492056,793650.7936507936,0.9090909090909092,0.04,0.2057416267942584,1,166.19691
Nangate45,NORX1,XNOR2_X1,B,ZN,rise,40.9838,0.00650405,1.1,25.0,58.058,1.5180722891566267,1.26e-06,8.299999999999999e-07,0,1,1,3.737283829590765,0.0064829899346209,793650.7936507936,1204819.277108434,5161.944444444445,7836.204819277111,5161.944444444445,793650.7936507936,0.9090909090909092,0.04,0.2057416267942584,1,77.484566
Nangate45,XORX1,XOR2_X1,A,Z,fall,17.1859,0.0126648,1.1,25.0,39.977,1.5135135135135138,2.52e-06,1.6649999999999995e-06,0,1,1,2.900646568553312,0.0125852721858001,396825.3968253968,600600.6006006007,5025.714285714285,7606.486486486488,7606.486486486488,600600.6006006007,0.9090909090909092,0.04,0.2043010752688172,1,58.653835
Nangate45,NANDX1,NAND4_X1,A3,ZN,fall,130.081,0.00349999,1.1,25.0,55.10339999999999,1.5180722891566267,1.26e-06,8.299999999999999e-07,0,1,1,4.875815452730412,0.0034938792891336,793650.7936507936,1204819.277108434,2777.769841269841,4216.855421686748,4216.855421686748,1204819.277108434,0.9090909090909092,0.04,0.2057416267942584,1,39.52437
Nangate45,XORX1,XOR2_X1,B,Z,rise,17.1859,0.000365616,1.1,25.0,40.127,1.5135135135135138,2.52e-06,1.6649999999999995e-06,0,1,1,2.900646568553312,0.000365549178757,396825.3968253968,600600.6006006007,145.0857142857143,219.58918918918928,145.0857142857143,396825.3968253968,0.9090909090909092,0.04,0.2043010752688172,1,36.59245
Nangate45,XORX1,XOR2_X1,B,Z,fall,40.9838,0.0031662,1.1,25.0,70.35600000000001,1.5135135135135138,2.52e-06,1.6649999999999995e-06,0,1,1,3.737283829590765,0.0031611981439168,396825.3968253968,600600.6006006007,1256.428571428571,1901.621621621622,1901.621621621622,600600.6006006007,0.9090909090909092,0.04,0.2043010752688172,1,38.474876
Nangate45,NORX1,XNOR2_X1,B,ZN,rise,198.535,0.00650405,1.1,25.0,71.95899999999999,1.5180722891566267,1.26e-06,8.299999999999999e-07,0,1,1,5.295989659538859,0.0064829899346209,793650.7936507936,1204819.277108434,5161.944444444445,7836.204819277111,5161.944444444445,793650.7936507936,0.9090909090909092,0.04,0.2057416267942584,1,106.124405
Nangate45,NANDX1,NAND4_X1,A3,ZN,fall,198.535,0.0139999,1.1,25.0,115.281,1.5180722891566267,1.26e-06,8.299999999999999e-07,0,1,1,5.295989659538859,0.0139028065496571,793650.7936507936,1204819.277108434,11111.031746031746,16867.349397590366,16867.349397590366,1204819.277108434,0.9090909090909092,0.04,0.2057416267942584,1,92.71787
Nangate45,NORX1,XNOR2_X1,B,ZN,rise,1.1737799999999998,0.0130081,1.1,25.0,63.013,1.5180722891566267,1.26e-06,8.299999999999999e-07,0,1,1,0.7764675876261998,0.0129242212859107,793650.7936507936,1204819.277108434,10323.88888888889,15672.409638554222,10323.88888888889,793650.7936507936,0.9090909090909092,0.04,0.2057416267942584,1,73.5675
Nangate45,INVX1,TINV_X1,I,ZN,fall,78.0596,0.001526164229,1.1,25.0,18.713,1.5180722891566267,6.3e-07,4.1500000000000005e-07,1,1,1,4.370201998407221,0.0015250008239207,1587301.5873015872,2409638.554216868,2422.482903174603,3677.5041662650606,3677.5041662650606,2409638.554216868,0.9090909090909092,0.04,0.2057416267942584,1,13.972085
Nangate45,NORX1,NOR2_X1,A1,ZN,fall,40.9838,0.00333786,1.1,25.0,16.177400000000002,1.5180722891566267,1.26e-06,8.299999999999999e-07,0,1,1,3.737283829590765,0.0033323017104042,793650.7936507936,1204819.277108434,2649.095238095238,4021.518072289157,4021.518072289157,1204819.277108434,0.9090909090909092,0.04,0.2057416267942584,1,19.769106
Nangate45,INVX1,INV_X1,A,ZN,rise,17.1859,0.00379562,1.1,25.0,22.281,1.5180722891566267,6.3e-07,4.1500000000000005e-07,1,1,1,2.900646568553312,0.0037884348101687,1587301.5873015872,2409638.554216868,6024.79365079365,9146.072289156627,6024.79365079365,1587301.5873015872,0.9090909090909092,0.04,0.2057416267942584,1,26.862478
Nangate45,XORX1,XOR2_X1,B,Z,fall,78.0596,0.00079155,1.1,25.0,18.17,1.5135135135135138,2.52e-06,1.6649999999999995e-06,0,1,1,4.370201998407221,0.0007912368895162,396825.3968253968,600600.6006006007,314.10714285714283,475.40540540540553,475.40540540540553,600600.6006006007,0.9090909090909092,0.04,0.2043010752688172,1,33.910896
Nangate45,NANDX1,NAND3_X1,A1,ZN,fall,4.72397,0.0583649,1.1,25.0,183.289,1.5180722891566267,1.26e-06,8.299999999999999e-07,0,1,1,1.7446626205903233,0.0567251700033895,793650.7936507936,1204819.277108434,46321.3492063492,70319.15662650602,70319.15662650602,1204819.277108434,0.9090909090909092,0.04,0.2057416267942584,1,149.74355
Nangate45,NANDX1,NAND3_X1,A2,ZN,fall,40.9838,0.0583649,1.1,25.0,198.638,1.5180722891566267,1.26e-06,8.299999999999999e-07,0,1,1,3.737283829590765,0.0567251700033895,793650.7936507936,1204819.277108434,46321.3492063492,70319.15662650602,70319.15662650602,1204819.277108434,0.9090909090909092,0.04,0.2057416267942584,1,170.38261
Nangate45,XORX1,XOR2_X1,A,Z,fall,198.535,0.0063324,1.1,25.0,127.793,1.5135135135135138,2.52e-06,1.6649999999999995e-06,0,1,1,5.295989659538859,0.0063124345967383,396825.3968253968,600600.6006006007,2512.8571428571427,3803.243243243244,3803.243243243244,600600.6006006007,0.9090909090909092,0.04,0.2043010752688172,1,82.35852
Nangate45,XORX1,XOR2_X1,A,Z,rise,78.0596,0.000365616,1.1,25.0,42.309,1.5135135135135138,2.52e-06,1.6649999999999995e-06,0,1,1,4.370201998407221,0.000365549178757,396825.3968253968,600600.6006006007,145.0857142857143,219.58918918918928,145.0857142857143,396825.3968253968,0.9090909090909092,0.04,0.2043010752688172,1,51.462334
Nangate45,NORX1,NOR3_X1,A2,ZN,fall,1.1737799999999998,0.00242029,1.1,25.0,8.02519,1.5180722891566267,1.26e-06,8.299999999999999e-07,0,1,1,0.7764675876261998,0.0024173658154572,793650.7936507936,1204819.277108434,1920.8650793650795,2916.012048192772,2916.012048192772,1204819.277108434,0.9090909090909092,0.04,0.2057416267942584,1,14.553787
Nangate45,NANDX1,NAND4_X1,A2,ZN,fall,78.0596,0.0559998,1.1,25.0,260.029,1.5180722891566267,1.26e-06,8.299999999999999e-07,0,1,1,4.370201998407221,0.0544879958901124,793650.7936507936,1204819.277108434,44444.28571428572,67469.63855421687,67469.63855421687,1204819.277108434,0.9090909090909092,0.04,0.2057416267942584,1,181.48048
Nangate45,NORX1,XNOR2_X1,A,ZN,rise,4.72397,0.000813006,1.1,25.0,33.456,1.5180722891566267,1.26e-06,8.299999999999999e-07,0,1,1,1.7446626205903233,0.0008126756896393,793650.7936507936,1204819.277108434,645.2428571428571,979.5253012048196,645.2428571428571,793650.7936507936,0.9090909090909092,0.04,0.2057416267942584,1,35.099125
Nangate45,NANDX1,NAND4_X1,A1,ZN,rise,17.1859,0.0279999,1.1,25.0,84.9161,1.5180722891566267,1.26e-06,8.299999999999999e-07,0,1,1,2.900646568553312,0.027615069756704,793650.7936507936,1204819.277108434,22222.14285714286,33734.81927710844,22222.14285714286,793650.7936507936,0.9090909090909092,0.04,0.2057416267942584,1,100.10431
Nangate45,INVX1,INV_X16,A,ZN,rise,78.0596,0.484619,1.1,25.0,118.95,1.5180722891566267,6.3e-07,4.1500000000000005e-07,1,1,1,4.370201998407221,0.3951581736794985,1587301.5873015872,2409638.554216868,769236.5079365079,1167756.6265060245,769236.5079365079,1587301.5873015872,0.9090909090909092,0.04,0.2057416267942584,1,96.39947
Nangate45,INVX1,TINV_X1,EN,ZN,rise,198.535,0.003674923229,1.1,25.0,42.336,1.5180722891566267,6.3e-07,4.1500000000000005e-07,1,1,1,5.295989659538859,0.0036681871965212,1587301.5873015872,2409638.554216868,5833.211474603175,8855.236696385544,5833.211474603175,1587301.5873015872,0.9090909090909092,0.04,0.2057416267942584,1,74.10914
Nangate45,NORX1,NOR4_X1,A2,ZN,fall,4.72397,0.00342249,1.1,25.0,11.5495,1.5180722891566267,1.26e-06,8.299999999999999e-07,0,1,1,1.7446626205903233,0.0034166466099336,793650.7936507936,1204819.277108434,2716.2619047619046,4123.481927710844,4123.481927710844,1204819.277108434,0.9090909090909092,0.04,0.2057416267942584,1,13.416917
Nangate45,NORX1,XNOR2_X1,B,ZN,fall,17.1859,0.000813006,1.1,25.0,16.832,1.5180722891566267,1.26e-06,8.299999999999999e-07,0,1,1,2.900646568553312,0.0008126756896393,793650.7936507936,1204819.277108434,645.2428571428571,979.5253012048196,979.5253012048196,1204819.277108434,0.9090909090909092,0.04,0.2057416267942584,1,9.421053
Nangate45,XORX1,XOR2_X1,B,Z,fall,4.72397,0.0063324,1.1,25.0,23.135,1.5135135135135138,2.52e-06,1.6649999999999995e-06,0,1,1,1.7446626205903233,0.0063124345967383,396825.3968253968,600600.6006006007,2512.8571428571427,3803.243243243244,3803.243243243244,600600.6006006007,0.9090909090909092,0.04,0.2043010752688172,1,37.91793
Nangate45,NORX1,XNOR2_X1,A,ZN,fall,1.1737799999999998,0.00325202,1.1,25.0,13.766,1.5180722891566267,1.26e-06,8.299999999999999e-07,0,1,1,0.7764675876261998,0.0032467436191291,793650.7936507936,1204819.277108434,2580.968253968254,3918.096385542169,3918.096385542169,1204819.277108434,0.9090909090909092,0.04,0.2057416267942584,1,16.588356
Nangate45,INVX1,TINV_X1,EN,ZN,fall,4.72397,0.001164659229,1.1,25.0,15.458,1.5180722891566267,6.3e-07,4.1500000000000005e-07,1,1,1,1.7446626205903233,0.0011639815395739,1587301.5873015872,2409638.554216868,1848.6654428571424,2806.407780722892,2806.407780722892,2409638.554216868,0.9090909090909092,0.04,0.2057416267942584,1,10.318458
Nangate45,NORX1,NOR4_X1,A1,ZN,rise,198.535,0.00598648,1.1,25.0,178.847,1.5180722891566267,1.26e-06,8.299999999999999e-07,0,1,1,5.295989659538859,0.0059686322234213,793650.7936507936,1204819.277108434,4751.174603174603,7212.626506024098,4751.174603174603,793650.7936507936,0.9090909090909092,0.04,0.2057416267942584,1,106.12384
Nangate45,NANDX1,NAND4_X1,A3,ZN,fall,40.9838,0.0017499899999999,1.1,25.0,36.039,1.5180722891566267,1.26e-06,8.299999999999999e-07,0,1,1,3.737283829590765,0.0017484605515862,793650.7936507936,1204819.277108434,1388.8809523809523,2108.421686746988,2108.421686746988,1204819.277108434,0.9090909090909092,0.04,0.2057416267942584,1,20.53868
Nangate45,NANDX1,NAND2_X1,A2,ZN,fall,78.0596,0.0593567,1.1,25.0,156.31300000000002,1.5180722891566267,1.26e-06,8.299999999999999e-07,0,1,1,4.370201998407221,0.0576618371011917,793650.7936507936,1204819.277108434,47108.492063492056,71514.09638554217,71514.09638554217,1204819.277108434,0.9090909090909092,0.04,0.2057416267942584,1,181.48987
Nangate45,NANDX1,NAND4_X1,A2,ZN,fall,78.0596,0.0017499899999999,1.1,25.0,43.531,1.5180722891566267,1.26e-06,8.299999999999999e-07,0,1,1,4.370201998407221,0.0017484605515862,793650.7936507936,1204819.277108434,1388.8809523809523,2108.421686746988,2108.421686746988,1204819.277108434,0.9090909090909092,0.04,0.2057416267942584,1,25.89627
Nangate45,XORX1,XOR2_X1,B,Z,fall,40.9838,0.0063324,1.1,25.0,33.459,1.5135135135135138,2.52e-06,1.6649999999999995e-06,0,1,1,3.737283829590765,0.0063124345967383,396825.3968253968,600600.6006006007,2512.8571428571427,3803.243243243244,3803.243243243244,600600.6006006007,0.9090909090909092,0.04,0.2043010752688172,1,48.746685
Nangate45,NANDX1,NAND3_X1,A2,ZN,fall,4.72397,0.0018239,1.1,25.0,18.8431,1.5180722891566267,1.26e-06,8.299999999999999e-07,0,1,1,1.7446626205903233,0.0018222387141011,793650.7936507936,1204819.277108434,1447.5396825396824,2197.4698795180725,2197.4698795180725,1204819.277108434,0.9090909090909092,0.04,0.2057416267942584,1,11.912235
Nangate45,XORX1,XOR2_X1,A,Z,fall,40.9838,0.00079155,1.1,25.0,16.41,1.5135135135135138,2.52e-06,1.6649999999999995e-06,0,1,1,3.737283829590765,0.0007912368895162,396825.3968253968,600600.6006006007,314.10714285714283,475.40540540540553,475.40540540540553,600600.6006006007,0.9090909090909092,0.04,0.2043010752688172,1,24.927082
Nangate45,NORX1,NOR2_X1,A1,ZN,rise,198.535,0.0267029,1.1,25.0,242.49,1.5180722891566267,1.26e-06,8.299999999999999e-07,0,1,1,5.295989659538859,0.0263525999024103,793650.7936507936,1204819.277108434,21192.777777777777,32172.1686746988,21192.777777777777,793650.7936507936,0.9090909090909092,0.04,0.2057416267942584,1,182.7884
Nangate45,NANDX1,NAND4_X1,A4,ZN,fall,130.081,0.00349999,1.1,25.0,47.2706,1.5180722891566267,1.26e-06,8.299999999999999e-07,0,1,1,4.875815452730412,0.0034938792891336,793650.7936507936,1204819.277108434,2777.769841269841,4216.855421686748,4216.855421686748,1204819.277108434,0.9090909090909092,0.04,0.2057416267942584,1,39.52437
Nangate45,NORX1,NOR3_X1,A1,ZN,fall,1.1737799999999998,0.0160217,1.1,25.0,23.3824,1.5180722891566267,1.26e-06,8.299999999999999e-07,0,1,1,0.7764675876261998,0.0158947071959221,793650.7936507936,1204819.277108434,12715.63492063492,19303.253012048197,19303.253012048197,1204819.277108434,0.9090909090909092,0.04,0.2057416267942584,1,53.67096
Nangate45,XORX1,XOR2_X1,A,Z,rise,1.1737799999999998,0.0253296,1.1,25.0,143.71800000000002,1.5135135135135138,2.52e-06,1.6649999999999995e-06,0,1,1,0.7764675876261998,0.0250141218763313,396825.3968253968,600600.6006006007,10051.42857142857,15212.972972972975,10051.42857142857,396825.3968253968,0.9090909090909092,0.04,0.2043010752688172,1,77.22344
Nangate45,NORX1,NOR3_X1,A2,ZN,fall,40.9838,0.00853286,1.1,25.0,30.4574,1.5180722891566267,1.26e-06,8.299999999999999e-07,0,1,1,3.737283829590765,0.0084966609254384,793650.7936507936,1204819.277108434,6772.11111111111,10280.554216867473,10280.554216867473,1204819.277108434,0.9090909090909092,0.04,0.2057416267942584,1,31.729912
Nangate45,XORX1,XOR2_X1,B,Z,rise,17.1859,0.0063324,1.1,25.0,58.071,1.5135135135135138,2.52e-06,1.6649999999999995e-06,0,1,1,2.900646568553312,0.0063124345967383,396825.3968253968,600600.6006006007,2512.8571428571427,3803.243243243244,2512.8571428571427,396825.3968253968,0.9090909090909092,0.04,0.2043010752688172,1,64.33004
Nangate45,NORX1,NOR2_X1,A2,ZN,rise,130.081,0.00166893,1.1,25.0,61.6735,1.5180722891566267,1.26e-06,8.299999999999999e-07,0,1,1,4.875815452730412,0.001667538883896,793650.7936507936,1204819.277108434,1324.547619047619,2010.7590361445789,1324.547619047619,793650.7936507936,0.9090909090909092,0.04,0.2057416267942584,1,73.4201
Nangate45,XORX1,XOR2_X1,B,Z,fall,4.72397,0.0126648,1.1,25.0,71.132,1.5135135135135138,2.52e-06,1.6649999999999995e-06,0,1,1,1.7446626205903233,0.0125852721858001,396825.3968253968,600600.6006006007,5025.714285714285,7606.486486486488,7606.486486486488,600600.6006006007,0.9090909090909092,0.04,0.2043010752688172,1,52.727585
Nangate45,NORX1,NOR3_X1,A3,ZN,fall,1.1737799999999998,0.0160217,1.1,25.0,25.8925,1.5180722891566267,1.26e-06,8.299999999999999e-07,0,1,1,0.7764675876261998,0.0158947071959221,793650.7936507936,1204819.277108434,12715.63492063492,19303.253012048197,19303.253012048197,1204819.277108434,0.9090909090909092,0.04,0.2057416267942584,1,53.670963
Nangate45,INVX2,INV_X2,A,ZN,fall,17.1859,0.00379562,1.1,25.0,9.82667,1.5180722891566267,1.26e-06,8.299999999999999e-07,1,1,1,2.900646568553312,0.0037884348101687,793650.7936507936,1204819.277108434,3012.396825396825,4573.036144578314,4573.036144578314,1204819.277108434,0.9090909090909092,0.04,0.2057416267942584,1,6.825981
Nangate45,NORX1,NOR4_X1,A1,ZN,fall,4.72397,0.00111862,1.1,25.0,7.48041,1.5180722891566267,1.26e-06,8.299999999999999e-07,0,1,1,1.7446626205903233,0.001117994810837,793650.7936507936,1204819.277108434,887.7936507936508,1347.7349397590365,1347.7349397590365,1204819.277108434,0.9090909090909092,0.04,0.2057416267942584,1,9.798232
Nangate45,NANDX1,NAND4_X1,A2,ZN,fall,78.0596,0.00699997,1.1,25.0,69.5809,1.5180722891566267,1.26e-06,8.299999999999999e-07,0,1,1,4.370201998407221,0.006975583944965,793650.7936507936,1204819.277108434,5555.531746031746,8433.698795180724,8433.698795180724,1204819.277108434,0.9090909090909092,0.04,0.2057416267942584,1,40.835163
Nangate45,XORX1,XOR2_X1,B,Z,rise,4.72397,0.0126648,1.1,25.0,85.34700000000001,1.5135135135135138,2.52e-06,1.6649999999999995e-06,0,1,1,1.7446626205903233,0.0125852721858001,396825.3968253968,600600.6006006007,5025.714285714285,7606.486486486488,5025.714285714285,396825.3968253968,0.9090909090909092,0.04,0.2043010752688172,1,74.02922
Nangate45,NANDX1,NAND4_X1,A2,ZN,rise,1.1737799999999998,0.0017499899999999,1.1,25.0,16.0929,1.5180722891566267,1.26e-06,8.299999999999999e-07,0,1,1,0.7764675876261998,0.0017484605515862,793650.7936507936,1204819.277108434,1388.8809523809523,2108.421686746988,1388.8809523809523,793650.7936507936,0.9090909090909092,0.04,0.2057416267942584,1,26.381079
Nangate45,NORX1,NOR4_X1,A3,ZN,fall,130.081,0.000365616,1.1,25.0,9.70929,1.5180722891566267,1.26e-06,8.299999999999999e-07,0,1,1,4.875815452730412,0.000365549178757,793650.7936507936,1204819.277108434,290.1714285714286,440.5012048192772,440.5012048192772,1204819.277108434,0.9090909090909092,0.04,0.2057416267942584,1,28.538008
Nangate45,NORX1,NOR4_X1,A3,ZN,fall,1.1737799999999998,0.000365616,1.1,25.0,5.727720000000001,1.5180722891566267,1.26e-06,8.299999999999999e-07,0,1,1,0.7764675876261998,0.000365549178757,793650.7936507936,1204819.277108434,290.1714285714286,440.5012048192772,440.5012048192772,1204819.277108434,0.9090909090909092,0.04,0.2057416267942584,1,10.347366
Nangate45,INVX1,TINV_X1,I,ZN,fall,40.9838,0.003674923229,1.1,25.0,25.8672,1.5180722891566267,6.3e-07,4.1500000000000005e-07,1,1,1,3.737283829590765,0.0036681871965212,1587301.5873015872,2409638.554216868,5833.211474603175,8855.236696385544,8855.236696385544,2409638.554216868,0.9090909090909092,0.04,0.2057416267942584,1,23.20249
Nangate45,INVX2,INV_X2,A,ZN,rise,1.1737799999999998,0.00759125,1.1,25.0,14.4037,1.5180722891566267,1.26e-06,8.299999999999999e-07,1,1,1,0.7764675876261998,0.0075625814570239,793650.7936507936,1204819.277108434,6024.801587301587,9146.0843373494,6024.801587301587,793650.7936507936,0.9090909090909092,0.04,0.2057416267942584,1,8.6813
Nangate45,XORX1,XOR2_X1,B,Z,rise,40.9838,0.00079155,1.1,25.0,47.81,1.5135135135135138,2.52e-06,1.6649999999999995e-06,0,1,1,3.737283829590765,0.0007912368895162,396825.3968253968,600600.6006006007,314.10714285714283,475.40540540540553,314.10714285714283,396825.3968253968,0.9090909090909092,0.04,0.2043010752688172,1,44.68243
Nangate45,NORX1,XNOR2_X1,B,ZN,rise,130.081,0.00325202,1.1,25.0,60.143,1.5180722891566267,1.26e-06,8.299999999999999e-07,0,1,1,4.875815452730412,0.0032467436191291,793650.7936507936,1204819.277108434,2580.968253968254,3918.096385542169,2580.968253968254,793650.7936507936,0.9090909090909092,0.04,0.2057416267942584,1,75.770744
Nangate45,INVX1,INV_X16,A,ZN,fall,4.72397,0.484619,1.1,25.0,41.7314,1.5180722891566267,6.3e-07,4.1500000000000005e-07,1,1,1,1.7446626205903233,0.3951581736794985,1587301.5873015872,2409638.554216868,769236.5079365079,1167756.6265060245,1167756.6265060245,2409638.554216868,0.9090909090909092,0.04,0.2057416267942584,1,89.37304
Nangate45,INVX2,INV_X2,A,ZN,rise,4.72397,0.000365616,1.1,25.0,7.00751,1.5180722891566267,1.26e-06,8.299999999999999e-07,1,1,1,1.7446626205903233,0.000365549178757,793650.7936507936,1204819.277108434,290.1714285714286,440.5012048192772,290.1714285714286,793650.7936507936,0.9090909090909092,0.04,0.2057416267942584,1,8.00661
Nangate45,NORX1,NOR3_X1,A1,ZN,fall,130.081,0.00242029,1.1,25.0,8.443890000000001,1.5180722891566267,1.26e-06,8.299999999999999e-07,0,1,1,4.875815452730412,0.0024173658154572,793650.7936507936,1204819.277108434,1920.8650793650795,2916.012048192772,2916.012048192772,1204819.277108434,0.9090909090909092,0.04,0.2057416267942584,1,39.51116
Nangate45,NORX1,NOR3_X1,A1,ZN,fall,78.0596,0.0160217,1.1,25.0,49.02,1.5180722891566267,1.26e-06,8.299999999999999e-07,0,1,1,4.370201998407221,0.0158947071959221,793650.7936507936,1204819.277108434,12715.63492063492,19303.253012048197,19303.253012048197,1204819.277108434,0.9090909090909092,0.04,0.2057416267942584,1,79.44248
Nangate45,NORX1,NOR4_X1,A1,ZN,rise,1.1737799999999998,0.00111862,1.1,25.0,38.6522,1.5180722891566267,1.26e-06,8.299999999999999e-07,0,1,1,0.7764675876261998,0.001117994810837,793650.7936507936,1204819.277108434,887.7936507936508,1347.7349397590365,887.7936507936508,793650.7936507936,0.9090909090909092,0.04,0.2057416267942584,1,38.49601
Nangate45,NANDX1,NAND3_X1,A2,ZN,rise,1.1737799999999998,0.0145912,1.1,25.0,45.5128,1.5180722891566267,1.26e-06,8.299999999999999e-07,0,1,1,0.7764675876261998,0.0144857727440233,793650.7936507936,1204819.277108434,11580.31746031746,17579.75903614458,11580.31746031746,793650.7936507936,0.9090909090909092,0.04,0.2057416267942584,1,57.40656
Nangate45,NANDX1,NAND3_X1,A2,ZN,rise,198.535,0.00729561,1.1,25.0,93.4887,1.5180722891566267,1.26e-06,8.299999999999999e-07,0,1,1,5.295989659538859,0.0072691257717537,793650.7936507936,1204819.277108434,5790.166666666666,8789.891566265062,5790.166666666666,793650.7936507936,0.9090909090909092,0.04,0.2057416267942584,1,81.797455
Nangate45,NORX1,NOR4_X1,A1,ZN,fall,1.1737799999999998,0.00063952,1.1,25.0,5.29765,1.5180722891566267,1.26e-06,8.299999999999999e-07,0,1,1,0.7764675876261998,0.0006393155942278,793650.7936507936,1204819.277108434,507.5555555555555,770.5060240963857,770.5060240963857,1204819.277108434,0.9090909090909092,0.04,0.2057416267942584,1,11.674164
Nangate45,INVX1,TINV_X1,EN,ZN,fall,40.9838,0.002245113229,1.1,25.0,33.211,1.5180722891566267,6.3e-07,4.1500000000000005e-07,1,1,1,3.737283829590765,0.0022425967281435,1587301.5873015872,2409638.554216868,3563.6717920634924,5409.911395180725,5409.911395180725,2409638.554216868,0.9090909090909092,0.04,0.2057416267942584,1,20.831152
Nangate45,INVX1,TINV_X1,I,ZN,fall,40.9838,0.002245113229,1.1,25.0,20.6317,1.5180722891566267,6.3e-07,4.1500000000000005e-07,1,1,1,3.737283829590765,0.0022425967281435,1587301.5873015872,2409638.554216868,3563.6717920634924,5409.911395180725,5409.911395180725,2409638.554216868,0.9090909090909092,0.04,0.2057416267942584,1,18.245953
Nangate45,NANDX1,NAND2_X1,A2,ZN,rise,17.1859,0.00741959,1.1,25.0,34.7313,1.5180722891566267,1.26e-06,8.299999999999999e-07,0,1,1,2.900646568553312,0.0073922002392085,793650.7936507936,1204819.277108434,5888.563492063492,8939.265060240965,5888.563492063492,793650.7936507936,0.9090909090909092,0.04,0.2057416267942584,1,52.516464
Nangate45,NANDX1,NAND4_X1,A4,ZN,fall,78.0596,0.0279999,1.1,25.0,141.452,1.5180722891566267,1.26e-06,8.299999999999999e-07,0,1,1,4.370201998407221,0.027615069756704,793650.7936507936,1204819.277108434,22222.14285714286,33734.81927710844,33734.81927710844,1204819.277108434,0.9090909090909092,0.04,0.2057416267942584,1,113.859474
Nangate45,NORX1,XNOR2_X1,A,ZN,rise,78.0596,0.00162601,1.1,25.0,52.824000000000005,1.5180722891566267,1.26e-06,8.299999999999999e-07,0,1,1,4.370201998407221,0.0016246894770018,793650.7936507936,1204819.277108434,1290.484126984127,1959.0481927710848,1290.484126984127,793650.7936507936,0.9090909090909092,0.04,0.2057416267942584,1,67.023384
Nangate45,NORX1,NOR4_X1,A1,ZN,rise,130.081,0.00063952,1.1,25.0,86.24419999999999,1.5180722891566267,1.26e-06,8.299999999999999e-07,0,1,1,4.875815452730412,0.0006393155942278,793650.7936507936,1204819.277108434,507.5555555555555,770.5060240963857,507.5555555555555,793650.7936507936,0.9090909090909092,0.04,0.2057416267942584,1,111.41179
Nangate45,INVX1,TINV_X1,EN,ZN,rise,40.9838,0.006518463229,1.1,25.0,58.834,1.5180722891566267,6.3e-07,4.1500000000000005e-07,1,1,1,3.737283829590765,0.0064973099225053,1587301.5873015872,2409638.554216868,10346.76703015873,15707.140310843375,10346.76703015873,1587301.5873015872,0.9090909090909092,0.04,0.2057416267942584,1,62.17095
Nangate45,XORX1,XOR2_X1,B,Z,rise,130.081,0.0063324,1.1,25.0,81.724,1.5135135135135138,2.52e-06,1.6649999999999995e-06,0,1,1,4.875815452730412,0.0063124345967383,396825.3968253968,600600.6006006007,2512.8571428571427,3803.243243243244,2512.8571428571427,396825.3968253968,0.9090909090909092,0.04,0.2043010752688172,1,93.98219
Nangate45,NANDX1,NAND2_X1,A2,ZN,fall,17.1859,0.00741959,1.1,25.0,28.2754,1.5180722891566267,1.26e-06,8.299999999999999e-07,0,1,1,2.900646568553312,0.0073922002392085,793650.7936507936,1204819.277108434,5888.563492063492,8939.265060240965,8939.265060240965,1204819.277108434,0.9090909090909092,0.04,0.2057416267942584,1,30.717869
Nangate45,NORX1,XNOR2_X1,A,ZN,fall,40.9838,0.0260162,1.1,25.0,77.48299999999999,1.5180722891566267,1.26e-06,8.299999999999999e-07,0,1,1,3.737283829590765,0.0256835360976095,793650.7936507936,1204819.277108434,20647.77777777778,31344.819277108443,31344.819277108443,1204819.277108434,0.9090909090909092,0.04,0.2057416267942584,1,66.22449
Nangate45,NORX1,NOR2_X1,A2,ZN,fall,17.1859,0.000834466,1.1,25.0,10.3694,1.5180722891566267,1.26e-06,8.299999999999999e-07,0,1,1,2.900646568553312,0.0008341180268151,793650.7936507936,1204819.277108434,662.2746031746032,1005.3807228915664,1005.3807228915664,1204819.277108434,0.9090909090909092,0.04,0.2057416267942584,1,9.453611
Nangate45,INVX1,TINV_X1,EN,ZN,rise,17.1859,0.006518463229,1.1,25.0,48.693,1.5180722891566267,6.3e-07,4.1500000000000005e-07,1,1,1,2.900646568553312,0.0064973099225053,1587301.5873015872,2409638.554216868,10346.76703015873,15707.140310843375,10346.76703015873,1587301.5873015872,0.9090909090909092,0.04,0.2057416267942584,1,51.12755
Nangate45,NANDX1,NAND4_X1,A2,ZN,rise,1.1737799999999998,0.0139999,1.1,25.0,45.6909,1.5180722891566267,1.26e-06,8.299999999999999e-07,0,1,1,0.7764675876261998,0.0139028065496571,793650.7936507936,1204819.277108434,11111.031746031746,16867.349397590366,11111.031746031746,793650.7936507936,0.9090909090909092,0.04,0.2057416267942584,1,57.406437
Nangate45,XORX1,XOR2_X1,B,Z,rise,17.1859,0.00079155,1.1,25.0,29.862,1.5135135135135138,2.52e-06,1.6649999999999995e-06,0,1,1,2.900646568553312,0.0007912368895162,396825.3968253968,600600.6006006007,314.10714285714283,475.40540540540553,314.10714285714283,396825.3968253968,0.9090909090909092,0.04,0.2043010752688172,1,36.59241
Nangate45,NANDX1,NAND3_X1,A2,ZN,rise,130.081,0.0583649,1.1,25.0,217.007,1.5180722891566267,1.26e-06,8.299999999999999e-07,0,1,1,4.875815452730412,0.0567251700033895,793650.7936507936,1204819.277108434,46321.3492063492,70319.15662650602,46321.3492063492,793650.7936507936,0.9090909090909092,0.04,0.2057416267942584,1,213.898
Nangate45,NORX1,XNOR2_X1,A,ZN,fall,40.9838,0.000365616,1.1,25.0,49.16,1.5180722891566267,1.26e-06,8.299999999999999e-07,0,1,1,3.737283829590765,0.000365549178757,793650.7936507936,1204819.277108434,290.1714285714286,440.5012048192772,440.5012048192772,1204819.277108434,0.9090909090909092,0.04,0.2057416267942584,1,23.995024
Nangate45,XORX1,XOR2_X1,A,Z,fall,17.1859,0.0015831,1.1,25.0,16.256,1.5135135135135138,2.52e-06,1.6649999999999995e-06,0,1,1,2.900646568553312,0.0015818482181514,396825.3968253968,600600.6006006007,628.2142857142857,950.8108108108112,950.8108108108112,600600.6006006007,0.9090909090909092,0.04,0.2043010752688172,1,24.468529
Nangate45,NORX1,NOR4_X1,A2,ZN,rise,198.535,0.0104713,1.1,25.0,233.631,1.5180722891566267,1.26e-06,8.299999999999999e-07,0,1,1,5.295989659538859,0.010416855676904,793650.7936507936,1204819.277108434,8310.555555555555,12616.024096385545,8310.555555555555,793650.7936507936,0.9090909090909092,0.04,0.2057416267942584,1,166.45819
Nangate45,INVX1,INV_X16,A,ZN,fall,40.9838,0.000365616,1.1,25.0,3.96948,1.5180722891566267,6.3e-07,4.1500000000000005e-07,1,1,1,3.737283829590765,0.000365549178757,1587301.5873015872,2409638.554216868,580.3428571428572,881.0024096385544,881.0024096385544,2409638.554216868,0.9090909090909092,0.04,0.2057416267942584,1,11.486528
Nangate45,NORX1,NOR3_X1,A3,ZN,fall,130.081,0.001289,1.1,25.0,12.8544,1.5180722891566267,1.26e-06,8.299999999999999e-07,0,1,1,4.875815452730412,0.0012881699527107,793650.7936507936,1204819.277108434,1023.015873015873,1553.012048192771,1553.012048192771,1204819.277108434,0.9090909090909092,0.04,0.2057416267942584,1,43.43635
Nangate45,NORX1,NOR3_X1,A1,ZN,fall,78.0596,0.000686498,1.1,25.0,5.47923,1.5180722891566267,1.26e-06,8.299999999999999e-07,0,1,1,4.370201998407221,0.0006862624680366,793650.7936507936,1204819.277108434,544.8396825396825,827.1060240963857,827.1060240963857,1204819.277108434,0.9090909090909092,0.04,0.2057416267942584,1,20.662891
Nangate45,INVX1,TINV_X1,I,ZN,fall,40.9838,0.001526164229,1.1,25.0,17.5828,1.5180722891566267,6.3e-07,4.1500000000000005e-07,1,1,1,3.737283829590765,0.0015250008239207,1587301.5873015872,2409638.554216868,2422.482903174603,3677.5041662650606,3677.5041662650606,2409638.554216868,0.9090909090909092,0.04,0.2057416267942584,1,12.132618
Nangate45,NORX1,NOR4_X1,A4,ZN,rise,130.081,0.00063952,1.1,25.0,93.2457,1.5180722891566267,1.26e-06,8.299999999999999e-07,0,1,1,4.875815452730412,0.0006393155942278,793650.7936507936,1204819.277108434,507.5555555555555,770.5060240963857,507.5555555555555,793650.7936507936,0.9090909090909092,0.04,0.2057416267942584,1,70.357574
Nangate45,NORX1,XNOR2_X1,B,ZN,rise,1.1737799999999998,0.000813006,1.1,25.0,33.484,1.5180722891566267,1.26e-06,8.299999999999999e-07,0,1,1,0.7764675876261998,0.0008126756896393,793650.7936507936,1204819.277108434,645.2428571428571,979.5253012048196,645.2428571428571,793650.7936507936,0.9090909090909092,0.04,0.2057416267942584,1,37.770927
Nangate45,NORX1,NOR4_X1,A2,ZN,fall,17.1859,0.000365616,1.1,25.0,11.3957,1.5180722891566267,1.26e-06,8.299999999999999e-07,0,1,1,2.900646568553312,0.000365549178757,793650.7936507936,1204819.277108434,290.1714285714286,440.5012048192772,440.5012048192772,1204819.277108434,0.9090909090909092,0.04,0.2057416267942584,1,6.5935073
Nangate45,NANDX1,NAND3_X1,A2,ZN,fall,4.72397,0.00364781,1.1,25.0,24.3247,1.5180722891566267,1.26e-06,8.299999999999999e-07,0,1,1,1.7446626205903233,0.0036411728768477,793650.7936507936,1204819.277108434,2895.0873015873017,4394.951807228917,4394.951807228917,1204819.277108434,0.9090909090909092,0.04,0.2057416267942584,1,13.278579
Nangate45,NORX1,XNOR2_X1,A,ZN,fall,4.72397,0.0260162,1.1,25.0,85.779,1.5180722891566267,1.26e-06,8.299999999999999e-07,0,1,1,1.7446626205903233,0.0256835360976095,793650.7936507936,1204819.277108434,20647.77777777778,31344.819277108443,31344.819277108443,1204819.277108434,0.9090909090909092,0.04,0.2057416267942584,1,52.00549
Nangate45,NORX1,XNOR2_X1,B,ZN,fall,78.0596,0.00162601,1.1,25.0,67.23400000000001,1.5180722891566267,1.26e-06,8.299999999999999e-07,0,1,1,4.370201998407221,0.0016246894770018,793650.7936507936,1204819.277108434,1290.484126984127,1959.0481927710848,1959.0481927710848,1204819.277108434,0.9090909090909092,0.04,0.2057416267942584,1,18.531412
Nangate45,XORX1,XOR2_X1,B,Z,rise,40.9838,0.0063324,1.1,25.0,76.071,1.5135135135135138,2.52e-06,1.6649999999999995e-06,0,1,1,3.737283829590765,0.0063124345967383,396825.3968253968,600600.6006006007,2512.8571428571427,3803.243243243244,2512.8571428571427,396825.3968253968,0.9090909090909092,0.04,0.2043010752688172,1,73.117546
Nangate45,NORX1,NOR4_X1,A4,ZN,rise,40.9838,0.00598648,1.1,25.0,134.795,1.5180722891566267,1.26e-06,8.299999999999999e-07,0,1,1,3.737283829590765,0.0059686322234213,793650.7936507936,1204819.277108434,4751.174603174603,7212.626506024098,4751.174603174603,793650.7936507936,0.9090909090909092,0.04,0.2057416267942584,1,77.48435
Nangate45,NANDX1,NAND3_X1,A1,ZN,rise,1.1737799999999998,0.0145912,1.1,25.0,43.2087,1.5180722891566267,1.26e-06,8.299999999999999e-07,0,1,1,0.7764675876261998,0.0144857727440233,793650.7936507936,1204819.277108434,11580.31746031746,17579.75903614458,11580.31746031746,793650.7936507936,0.9090909090909092,0.04,0.2057416267942584,1,57.406555
Nangate45,NORX1,NOR4_X1,A3,ZN,rise,4.72397,0.00063952,1.1,25.0,61.2522,1.5180722891566267,1.26e-06,8.299999999999999e-07,0,1,1,1.7446626205903233,0.0006393155942278,793650.7936507936,1204819.277108434,507.5555555555555,770.5060240963857,507.5555555555555,793650.7936507936,0.9090909090909092,0.04,0.2057416267942584,1,34.839794
Nangate45,NORX1,NOR4_X1,A1,ZN,fall,130.081,0.00598648,1.1,25.0,25.5963,1.5180722891566267,1.26e-06,8.299999999999999e-07,0,1,1,4.875815452730412,0.0059686322234213,793650.7936507936,1204819.277108434,4751.174603174603,7212.626506024098,7212.626506024098,1204819.277108434,0.9090909090909092,0.04,0.2057416267942584,1,57.94027
Nangate45,INVX2,INV_X2,A,ZN,fall,1.1737799999999998,0.00379562,1.1,25.0,5.429200000000001,1.5180722891566267,1.26e-06,8.299999999999999e-07,1,1,1,0.7764675876261998,0.0037884348101687,793650.7936507936,1204819.277108434,3012.396825396825,4573.036144578314,4573.036144578314,1204819.277108434,0.9090909090909092,0.04,0.2057416267942584,1,6.576014
Nangate45,NORX1,NOR3_X1,A2,ZN,fall,78.0596,0.00853286,1.1,25.0,35.4562,1.5180722891566267,1.26e-06,8.299999999999999e-07,0,1,1,4.370201998407221,0.0084966609254384,793650.7936507936,1204819.277108434,6772.11111111111,10280.554216867473,10280.554216867473,1204819.277108434,0.9090909090909092,0.04,0.2057416267942584,1,35.211533
Nangate45,NORX1,NOR4_X1,A4,ZN,fall,1.1737799999999998,0.00342249,1.1,25.0,9.90655,1.5180722891566267,1.26e-06,8.299999999999999e-07,0,1,1,0.7764675876261998,0.0034166466099336,793650.7936507936,1204819.277108434,2716.2619047619046,4123.481927710844,4123.481927710844,1204819.277108434,0.9090909090909092,0.04,0.2057416267942584,1,17.21043
Nangate45,NORX1,NOR3_X1,A1,ZN,rise,4.72397,0.001289,1.1,25.0,28.5193,1.5180722891566267,1.26e-06,8.299999999999999e-07,0,1,1,1.7446626205903233,0.0012881699527107,793650.7936507936,1204819.277108434,1023.015873015873,1553.012048192771,1023.015873015873,793650.7936507936,0.9090909090909092,0.04,0.2057416267942584,1,51.81714
Nangate45,NORX1,XNOR2_X1,B,ZN,rise,78.0596,0.000813006,1.1,25.0,47.488,1.5180722891566267,1.26e-06,8.299999999999999e-07,0,1,1,4.370201998407221,0.0008126756896393,793650.7936507936,1204819.277108434,645.2428571428571,979.5253012048196,645.2428571428571,793650.7936507936,0.9090909090909092,0.04,0.2057416267942584,1,63.102383
Nangate45,XORX1,XOR2_X1,B,Z,rise,78.0596,0.0126648,1.1,25.0,119.072,1.5135135135135138,2.52e-06,1.6649999999999995e-06,0,1,1,4.370201998407221,0.0125852721858001,396825.3968253968,600600.6006006007,5025.714285714285,7606.486486486488,5025.714285714285,396825.3968253968,0.9090909090909092,0.04,0.2043010752688172,1,102.847565
Nangate45,NANDX1,NAND3_X1,A2,ZN,fall,78.0596,0.000365616,1.1,25.0,24.2983,1.5180722891566267,1.26e-06,8.299999999999999e-07,0,1,1,4.370201998407221,0.000365549178757,793650.7936507936,1204819.277108434,290.1714285714286,440.5012048192772,440.5012048192772,1204819.277108434,0.9090909090909092,0.04,0.2057416267942584,1,23.984213
Nangate45,NORX1,NOR4_X1,A2,ZN,fall,1.1737799999999998,0.0104713,1.1,25.0,18.801,1.5180722891566267,1.26e-06,8.299999999999999e-07,0,1,1,0.7764675876261998,0.010416855676904,793650.7936507936,1204819.277108434,8310.555555555555,12616.024096385545,12616.024096385545,1204819.277108434,0.9090909090909092,0.04,0.2057416267942584,1,36.40403
Nangate45,NORX1,XNOR2_X1,B,ZN,fall,130.081,0.0260162,1.1,25.0,113.285,1.5180722891566267,1.26e-06,8.299999999999999e-07,0,1,1,4.875815452730412,0.0256835360976095,793650.7936507936,1204819.277108434,20647.77777777778,31344.819277108443,31344.819277108443,1204819.277108434,0.9090909090909092,0.04,0.2057416267942584,1,87.72694
Nangate45,INVX2,INV_X2,A,ZN,fall,198.535,0.00379562,1.1,25.0,0.902772,1.5180722891566267,1.26e-06,8.299999999999999e-07,1,1,1,5.295989659538859,0.0037884348101687,793650.7936507936,1204819.277108434,3012.396825396825,4573.036144578314,4573.036144578314,1204819.277108434,0.9090909090909092,0.04,0.2057416267942584,1,48.53315
Nangate45,NANDX1,NAND4_X1,A4,ZN,fall,40.9838,0.0279999,1.1,25.0,136.668,1.5180722891566267,1.26e-06,8.299999999999999e-07,0,1,1,3.737283829590765,0.027615069756704,793650.7936507936,1204819.277108434,22222.14285714286,33734.81927710844,33734.81927710844,1204819.277108434,0.9090909090909092,0.04,0.2057416267942584,1,99.563324
Nangate45,NANDX1,NAND3_X1,A2,ZN,rise,40.9838,0.0291825,1.1,25.0,100.533,1.5180722891566267,1.26e-06,8.299999999999999e-07,0,1,1,3.737283829590765,0.0287647977830285,793650.7936507936,1204819.277108434,23160.714285714286,35159.63855421687,23160.714285714286,793650.7936507936,0.9090909090909092,0.04,0.2057416267942584,1,109.368935
Nangate45,INVX1,TINV_X1,I,ZN,fall,17.1859,0.001526164229,1.1,25.0,14.5651,1.5180722891566267,6.3e-07,4.1500000000000005e-07,1,1,1,2.900646568553312,0.0015250008239207,1587301.5873015872,2409638.554216868,2422.482903174603,3677.5041662650606,3677.5041662650606,2409638.554216868,0.9090909090909092,0.04,0.2057416267942584,1,10.759719
Nangate45,NORX1,NOR4_X1,A3,ZN,fall,198.535,0.00342249,1.1,25.0,18.4603,1.5180722891566267,1.26e-06,8.299999999999999e-07,0,1,1,5.295989659538859,0.0034166466099336,793650.7936507936,1204819.277108434,2716.2619047619046,4123.481927710844,4123.481927710844,1204819.277108434,0.9090909090909092,0.04,0.2057416267942584,1,50.655434
Nangate45,INVX1,INV_X16,A,ZN,rise,1.1737799999999998,0.484619,1.1,25.0,78.9759,1.5180722891566267,6.3e-07,4.1500000000000005e-07,1,1,1,0.7764675876261998,0.3951581736794985,1587301.5873015872,2409638.554216868,769236.5079365079,1167756.6265060245,769236.5079365079,1587301.5873015872,0.9090909090909092,0.04,0.2057416267942584,1,75.64545
Nangate45,NORX1,XNOR2_X1,A,ZN,rise,1.1737799999999998,0.00650405,1.1,25.0,46.190000000000005,1.5180722891566267,1.26e-06,8.299999999999999e-07,0,1,1,0.7764675876261998,0.0064829899346209,793650.7936507936,1204819.277108434,5161.944444444445,7836.204819277111,5161.944444444445,793650.7936507936,0.9090909090909092,0.04,0.2057416267942584,1,51.643784
Nangate45,NANDX1,NAND2_X1,A1,ZN,rise,1.1737799999999998,0.0296783,1.1,25.0,78.23679999999999,1.5180722891566267,1.26e-06,8.299999999999999e-07,0,1,1,0.7764675876261998,0.0292464233592539,793650.7936507936,1204819.277108434,23554.20634920635,35756.987951807234,23554.20634920635,793650.7936507936,0.9090909090909092,0.04,0.2057416267942584,1,89.01032
Nangate45,NANDX1,NAND3_X1,A3,ZN,fall,130.081,0.00364781,1.1,25.0,38.6781,1.5180722891566267,1.26e-06,8.299999999999999e-07,0,1,1,4.875815452730412,0.0036411728768477,793650.7936507936,1204819.277108434,2895.0873015873017,4394.951807228917,4394.951807228917,1204819.277108434,0.9090909090909092,0.04,0.2057416267942584,1,39.52483
Nangate45,NANDX1,NAND2_X1,A2,ZN,rise,17.1859,0.000365616,1.1,25.0,17.264100000000003,1.5180722891566267,1.26e-06,8.299999999999999e-07,0,1,1,2.900646568553312,0.000365549178757,793650.7936507936,1204819.277108434,290.1714285714286,440.5012048192772,290.1714285714286,793650.7936507936,0.9090909090909092,0.04,0.2057416267942584,1,23.607725
Nangate45,INVX2,INV_X2,A,ZN,rise,40.9838,0.06073,1.1,25.0,98.3527,1.5180722891566267,1.26e-06,8.299999999999999e-07,1,1,1,3.737283829590765,0.0589573503385265,793650.7936507936,1204819.277108434,48198.41269841269,73168.67469879519,48198.41269841269,793650.7936507936,0.9090909090909092,0.04,0.2057416267942584,1,130.8704
Nangate45,INVX1,INV_X16,A,ZN,rise,4.72397,0.121155,1.1,25.0,25.435,1.5180722891566267,6.3e-07,4.1500000000000005e-07,1,1,1,1.7446626205903233,0.1143594039340094,1587301.5873015872,2409638.554216868,192309.5238095238,291939.7590361446,192309.5238095238,1587301.5873015872,0.9090909090909092,0.04,0.2057416267942584,1,120.36974
Nangate45,NANDX1,NAND4_X1,A1,ZN,fall,4.72397,0.0017499899999999,1.1,25.0,21.931800000000003,1.5180722891566267,1.26e-06,8.299999999999999e-07,0,1,1,1.7446626205903233,0.0017484605515862,793650.7936507936,1204819.277108434,1388.8809523809523,2108.421686746988,2108.421686746988,1204819.277108434,0.9090909090909092,0.04,0.2057416267942584,1,11.264791
Nangate45,NORX1,XNOR2_X1,A,ZN,fall,17.1859,0.0260162,1.1,25.0,67.775,1.5180722891566267,1.26e-06,8.299999999999999e-07,0,1,1,2.900646568553312,0.0256835360976095,793650.7936507936,1204819.277108434,20647.77777777778,31344.819277108443,31344.819277108443,1204819.277108434,0.9090909090909092,0.04,0.2057416267942584,1,53.964016
Nangate45,NORX1,NOR3_X1,A1,ZN,fall,78.0596,0.001289,1.1,25.0,8.44097,1.5180722891566267,1.26e-06,8.299999999999999e-07,0,1,1,4.370201998407221,0.0012881699527107,793650.7936507936,1204819.277108434,1023.015873015873,1553.012048192771,1553.012048192771,1204819.277108434,0.9090909090909092,0.04,0.2057416267942584,1,20.339146
Nangate45,NORX1,NOR4_X1,A1,ZN,fall,130.081,0.00342249,1.1,25.0,15.1375,1.5180722891566267,1.26e-06,8.299999999999999e-07,0,1,1,4.875815452730412,0.0034166466099336,793650.7936507936,1204819.277108434,2716.2619047619046,4123.481927710844,4123.481927710844,1204819.277108434,0.9090909090909092,0.04,0.2057416267942584,1,36.953243
Nangate45,NORX1,NOR4_X1,A1,ZN,fall,1.1737799999999998,0.000365616,1.1,25.0,4.95584,1.5180722891566267,1.26e-06,8.299999999999999e-07,0,1,1,0.7764675876261998,0.000365549178757,793650.7936507936,1204819.277108434,290.1714285714286,440.5012048192772,440.5012048192772,1204819.277108434,0.9090909090909092,0.04,0.2057416267942584,1,10.347365
Nangate45,XORX1,XOR2_X1,B,Z,rise,40.9838,0.0063324,1.1,25.0,69.285,1.5135135135135138,2.52e-06,1.6649999999999995e-06,0,1,1,3.737283829590765,0.0063124345967383,396825.3968253968,600600.6006006007,2512.8571428571427,3803.243243243244,2512.8571428571427,396825.3968253968,0.9090909090909092,0.04,0.2043010752688172,1,82.27039
Nangate45,NORX1,NOR4_X1,A1,ZN,fall,4.72397,0.00598648,1.1,25.0,13.4525,1.5180722891566267,1.26e-06,8.299999999999999e-07,0,1,1,1.7446626205903233,0.0059686322234213,793650.7936507936,1204819.277108434,4751.174603174603,7212.626506024098,7212.626506024098,1204819.277108434,0.9090909090909092,0.04,0.2057416267942584,1,17.751228
Nangate45,XORX1,XOR2_X1,B,Z,rise,4.72397,0.0031662,1.1,25.0,36.891,1.5135135135135138,2.52e-06,1.6649999999999995e-06,0,1,1,1.7446626205903233,0.0031611981439168,396825.3968253968,600600.6006006007,1256.428571428571,1901.621621621622,1256.428571428571,396825.3968253968,0.9090909090909092,0.04,0.2043010752688172,1,50.99036
Nangate45,NANDX1,NAND4_X1,A4,ZN,fall,78.0596,0.0139999,1.1,25.0,87.4205,1.5180722891566267,1.26e-06,8.299999999999999e-07,0,1,1,4.370201998407221,0.0139028065496571,793650.7936507936,1204819.277108434,11111.031746031746,16867.349397590366,16867.349397590366,1204819.277108434,0.9090909090909092,0.04,0.2057416267942584,1,67.63749
Nangate45,NORX1,NOR4_X1,A1,ZN,rise,17.1859,0.00063952,1.1,25.0,37.644400000000005,1.5180722891566267,1.26e-06,8.299999999999999e-07,0,1,1,2.900646568553312,0.0006393155942278,793650.7936507936,1204819.277108434,507.5555555555555,770.5060240963857,507.5555555555555,793650.7936507936,0.9090909090909092,0.04,0.2057416267942584,1,51.798428
Nangate45,NORX1,XNOR2_X1,B,ZN,rise,4.72397,0.00650405,1.1,25.0,54.861,1.5180722891566267,1.26e-06,8.299999999999999e-07,0,1,1,1.7446626205903233,0.0064829899346209,793650.7936507936,1204819.277108434,5161.944444444445,7836.204819277111,5161.944444444445,793650.7936507936,0.9090909090909092,0.04,0.2057416267942584,1,55.459743
Nangate45,NORX1,NOR4_X1,A2,ZN,rise,17.1859,0.0104713,1.1,25.0,161.222,1.5180722891566267,1.26e-06,8.299999999999999e-07,0,1,1,2.900646568553312,0.010416855676904,793650.7936507936,1204819.277108434,8310.555555555555,12616.024096385545,8310.555555555555,793650.7936507936,0.9090909090909092,0.04,0.2057416267942584,1,110.441734
Nangate45,NANDX1,NAND4_X1,A1,ZN,fall,40.9838,0.0559998,1.1,25.0,242.73,1.5180722891566267,1.26e-06,8.299999999999999e-07,0,1,1,3.737283829590765,0.0544879958901124,793650.7936507936,1204819.277108434,44444.28571428572,67469.63855421687,67469.63855421687,1204819.277108434,0.9090909090909092,0.04,0.2057416267942584,1,170.37411
Nangate45,NORX1,NOR3_X1,A3,ZN,rise,130.081,0.0160217,1.1,25.0,197.722,1.5180722891566267,1.26e-06,8.299999999999999e-07,0,1,1,4.875815452730412,0.0158947071959221,793650.7936507936,1204819.277108434,12715.63492063492,19303.253012048197,12715.63492063492,793650.7936507936,0.9090909090909092,0.04,0.2057416267942584,1,166.78201
Nangate45,NORX1,XNOR2_X1,A,ZN,rise,198.535,0.000365616,1.1,25.0,69.059,1.5180722891566267,1.26e-06,8.299999999999999e-07,0,1,1,5.295989659538859,0.000365549178757,793650.7936507936,1204819.277108434,290.1714285714286,440.5012048192772,290.1714285714286,793650.7936507936,0.9090909090909092,0.04,0.2057416267942584,1,89.76305
Nangate45,NANDX1,NAND3_X1,A2,ZN,fall,4.72397,0.00729561,1.1,25.0,35.1848,1.5180722891566267,1.26e-06,8.299999999999999e-07,0,1,1,1.7446626205903233,0.0072691257717537,793650.7936507936,1204819.277108434,5790.166666666666,8789.891566265062,8789.891566265062,1204819.277108434,0.9090909090909092,0.04,0.2057416267942584,1,18.00546
Nangate45,INVX1,INV_X1,A,ZN,rise,1.1737799999999998,0.00189781,1.1,25.0,9.52547,1.5180722891566267,6.3e-07,4.1500000000000005e-07,1,1,1,0.7764675876261998,0.0018960114338003,1587301.5873015872,2409638.554216868,3012.396825396825,4573.036144578314,3012.396825396825,1587301.5873015872,0.9090909090909092,0.04,0.2057416267942584,1,11.087968
Nangate45,INVX1,TINV_X1,I,ZN,rise,78.0596,0.01217354323,1.1,25.0,117.277,1.5180722891566267,6.3e-07,4.1500000000000005e-07,1,1,1,4.370201998407221,0.0121000415684708,1587301.5873015872,2409638.554216868,19323.08449206349,29333.839108433735,19323.08449206349,1587301.5873015872,0.9090909090909092,0.04,0.2057416267942584,1,74.844376
Nangate45,NANDX1,NAND3_X1,A3,ZN,rise,17.1859,0.0145912,1.1,25.0,55.343,1.5180722891566267,1.26e-06,8.299999999999999e-07,0,1,1,2.900646568553312,0.0144857727440233,793650.7936507936,1204819.277108434,11580.31746031746,17579.75903614458,11580.31746031746,793650.7936507936,0.9090909090909092,0.04,0.2057416267942584,1,64.36075
Nangate45,NORX1,NOR3_X1,A3,ZN,fall,130.081,0.00454444,1.1,25.0,26.6688,1.5180722891566267,1.26e-06,8.299999999999999e-07,0,1,1,4.875815452730412,0.0045341452101301,793650.7936507936,1204819.277108434,3606.698412698413,5475.228915662652,5475.228915662652,1204819.277108434,0.9090909090909092,0.04,0.2057416267942584,1,45.462517
Nangate45,NORX1,NOR2_X1,A2,ZN,rise,78.0596,0.000365616,1.1,25.0,39.2881,1.5180722891566267,1.26e-06,8.299999999999999e-07,0,1,1,4.370201998407221,0.000365549178757,793650.7936507936,1204819.277108434,290.1714285714286,440.5012048192772,290.1714285714286,793650.7936507936,0.9090909090909092,0.04,0.2057416267942584,1,57.231453
Nangate45,XORX1,XOR2_X1,B,Z,fall,1.1737799999999998,0.0015831,1.1,25.0,51.593,1.5135135135135138,2.52e-06,1.6649999999999995e-06,0,1,1,0.7764675876261998,0.0015818482181514,396825.3968253968,600600.6006006007,628.2142857142857,950.8108108108112,950.8108108108112,600600.6006006007,0.9090909090909092,0.04,0.2043010752688172,1,24.745935
Nangate45,NORX1,XNOR2_X1,B,ZN,fall,17.1859,0.0130081,1.1,25.0,43.127,1.5180722891566267,1.26e-06,8.299999999999999e-07,0,1,1,2.900646568553312,0.0129242212859107,793650.7936507936,1204819.277108434,10323.88888888889,15672.409638554222,15672.409638554222,1204819.277108434,0.9090909090909092,0.04,0.2057416267942584,1,33.266376
Nangate45,NORX1,NOR3_X1,A2,ZN,fall,17.1859,0.00853286,1.1,25.0,22.8781,1.5180722891566267,1.26e-06,8.299999999999999e-07,0,1,1,2.900646568553312,0.0084966609254384,793650.7936507936,1204819.277108434,6772.11111111111,10280.554216867473,10280.554216867473,1204819.277108434,0.9090909090909092,0.04,0.2057416267942584,1,26.917103
Nangate45,NORX1,NOR4_X1,A3,ZN,rise,17.1859,0.00342249,1.1,25.0,95.7947,1.5180722891566267,1.26e-06,8.299999999999999e-07,0,1,1,2.900646568553312,0.0034166466099336,793650.7936507936,1204819.277108434,2716.2619047619046,4123.481927710844,2716.2619047619046,793650.7936507936,0.9090909090909092,0.04,0.2057416267942584,1,56.44038
Nangate45,NANDX1,NAND4_X1,A4,ZN,fall,17.1859,0.0017499899999999,1.1,25.0,31.9198,1.5180722891566267,1.26e-06,8.299999999999999e-07,0,1,1,2.900646568553312,0.0017484605515862,793650.7936507936,1204819.277108434,1388.8809523809523,2108.421686746988,2108.421686746988,1204819.277108434,0.9090909090909092,0.04,0.2057416267942584,1,14.303114
Nangate45,XORX1,XOR2_X1,B,Z,fall,198.535,0.0015831,1.1,25.0,111.86,1.5135135135135138,2.52e-06,1.6649999999999995e-06,0,1,1,5.295989659538859,0.0015818482181514,396825.3968253968,600600.6006006007,628.2142857142857,950.8108108108112,950.8108108108112,600600.6006006007,0.9090909090909092,0.04,0.2043010752688172,1,59.461037
Nangate45,NORX1,NOR3_X1,A3,ZN,fall,78.0596,0.0160217,1.1,25.0,53.1264,1.5180722891566267,1.26e-06,8.299999999999999e-07,0,1,1,4.370201998407221,0.0158947071959221,793650.7936507936,1204819.277108434,12715.63492063492,19303.253012048197,19303.253012048197,1204819.277108434,0.9090909090909092,0.04,0.2057416267942584,1,79.44248
Nangate45,NORX1,NOR4_X1,A4,ZN,fall,17.1859,0.00111862,1.1,25.0,13.2995,1.5180722891566267,1.26e-06,8.299999999999999e-07,0,1,1,2.900646568553312,0.001117994810837,793650.7936507936,1204819.277108434,887.7936507936508,1347.7349397590365,1347.7349397590365,1204819.277108434,0.9090909090909092,0.04,0.2057416267942584,1,12.01786
Nangate45,NANDX1,NAND3_X1,A2,ZN,fall,78.0596,0.0145912,1.1,25.0,81.10430000000001,1.5180722891566267,1.26e-06,8.299999999999999e-07,0,1,1,4.370201998407221,0.0144857727440233,793650.7936507936,1204819.277108434,11580.31746031746,17579.75903614458,17579.75903614458,1204819.277108434,0.9090909090909092,0.04,0.2057416267942584,1,67.642075
Nangate45,NANDX1,NAND3_X1,A3,ZN,rise,1.1737799999999998,0.00729561,1.1,25.0,29.8815,1.5180722891566267,1.26e-06,8.299999999999999e-07,0,1,1,0.7764675876261998,0.0072691257717537,793650.7936507936,1204819.277108434,5790.166666666666,8789.891566265062,5790.166666666666,793650.7936507936,0.9090909090909092,0.04,0.2057416267942584,1,40.5137
Nangate45,NORX1,NOR2_X1,A1,ZN,fall,130.081,0.0133515,1.1,25.0,47.0897,1.5180722891566267,1.26e-06,8.299999999999999e-07,0,1,1,4.875815452730412,0.0132631542209015,793650.7936507936,1204819.277108434,10596.42857142857,16086.144578313257,16086.144578313257,1204819.277108434,0.9090909090909092,0.04,0.2057416267942584,1,58.11373
Nangate45,NANDX1,NAND2_X1,A1,ZN,rise,78.0596,0.0018549,1.1,25.0,34.888299999999994,1.5180722891566267,1.26e-06,8.299999999999999e-07,0,1,1,4.370201998407221,0.0018531817973962,793650.7936507936,1204819.277108434,1472.142857142857,2234.819277108434,1472.142857142857,793650.7936507936,0.9090909090909092,0.04,0.2057416267942584,1,43.598934
Nangate45,NANDX1,NAND3_X1,A2,ZN,fall,17.1859,0.00729561,1.1,25.0,39.2957,1.5180722891566267,1.26e-06,8.299999999999999e-07,0,1,1,2.900646568553312,0.0072691257717537,793650.7936507936,1204819.277108434,5790.166666666666,8789.891566265062,8789.891566265062,1204819.277108434,0.9090909090909092,0.04,0.2057416267942584,1,25.1762
Nangate45,NORX1,NOR3_X1,A1,ZN,fall,40.9838,0.00454444,1.1,25.0,19.973000000000003,1.5180722891566267,1.26e-06,8.299999999999999e-07,0,1,1,3.737283829590765,0.0045341452101301,793650.7936507936,1204819.277108434,3606.698412698413,5475.228915662652,5475.228915662652,1204819.277108434,0.9090909090909092,0.04,0.2057416267942584,1,32.02209
Nangate45,NORX1,NOR3_X1,A2,ZN,rise,40.9838,0.0160217,1.1,25.0,169.118,1.5180722891566267,1.26e-06,8.299999999999999e-07,0,1,1,3.737283829590765,0.0158947071959221,793650.7936507936,1204819.277108434,12715.63492063492,19303.253012048197,12715.63492063492,793650.7936507936,0.9090909090909092,0.04,0.2057416267942584,1,158.91676
Nangate45,NANDX1,NAND3_X1,A3,ZN,rise,78.0596,0.0018239,1.1,25.0,45.8596,1.5180722891566267,1.26e-06,8.299999999999999e-07,0,1,1,4.370201998407221,0.0018222387141011,793650.7936507936,1204819.277108434,1447.5396825396824,2197.4698795180725,1447.5396825396824,793650.7936507936,0.9090909090909092,0.04,0.2057416267942584,1,37.761612
Nangate45,NORX1,NOR2_X1,A2,ZN,rise,17.1859,0.0133515,1.1,25.0,90.9276,1.5180722891566267,1.26e-06,8.299999999999999e-07,0,1,1,2.900646568553312,0.0132631542209015,793650.7936507936,1204819.277108434,10596.42857142857,16086.144578313257,10596.42857142857,793650.7936507936,0.9090909090909092,0.04,0.2057416267942584,1,143.81131
Nangate45,NORX1,NOR4_X1,A2,ZN,rise,78.0596,0.00063952,1.1,25.0,75.4203,1.5180722891566267,1.26e-06,8.299999999999999e-07,0,1,1,4.370201998407221,0.0006393155942278,793650.7936507936,1204819.277108434,507.5555555555555,770.5060240963857,507.5555555555555,793650.7936507936,0.9090909090909092,0.04,0.2057416267942584,1,96.16108
Nangate45,NANDX1,NAND4_X1,A2,ZN,fall,198.535,0.0279999,1.1,25.0,193.26,1.5180722891566267,1.26e-06,8.299999999999999e-07,0,1,1,5.295989659538859,0.027615069756704,793650.7936507936,1204819.277108434,22222.14285714286,33734.81927710844,33734.81927710844,1204819.277108434,0.9090909090909092,0.04,0.2057416267942584,1,157.57242
Nangate45,XORX1,XOR2_X1,A,Z,fall,4.72397,0.0015831,1.1,25.0,47.912000000000006,1.5135135135135138,2.52e-06,1.6649999999999995e-06,0,1,1,1.7446626205903233,0.0015818482181514,396825.3968253968,600600.6006006007,628.2142857142857,950.8108108108112,950.8108108108112,600600.6006006007,0.9090909090909092,0.04,0.2043010752688172,1,21.667805
Nangate45,XORX1,XOR2_X1,A,Z,fall,17.1859,0.000365616,1.1,25.0,50.498000000000005,1.5135135135135138,2.52e-06,1.6649999999999995e-06,0,1,1,2.900646568553312,0.000365549178757,396825.3968253968,600600.6006006007,145.0857142857143,219.58918918918928,219.58918918918928,600600.6006006007,0.9090909090909092,0.04,0.2043010752688172,1,20.79792
Nangate45,NORX1,NOR2_X1,A2,ZN,rise,198.535,0.000834466,1.1,25.0,68.7954,1.5180722891566267,1.26e-06,8.299999999999999e-07,0,1,1,5.295989659538859,0.0008341180268151,793650.7936507936,1204819.277108434,662.2746031746032,1005.3807228915664,662.2746031746032,793650.7936507936,0.9090909090909092,0.04,0.2057416267942584,1,90.759796
Nangate45,NORX1,NOR3_X1,A1,ZN,rise,130.081,0.00853286,1.1,25.0,144.05,1.5180722891566267,1.26e-06,8.299999999999999e-07,0,1,1,4.875815452730412,0.0084966609254384,793650.7936507936,1204819.277108434,6772.11111111111,10280.554216867473,6772.11111111111,793650.7936507936,0.9090909090909092,0.04,0.2057416267942584,1,144.63956
Nangate45,NORX1,NOR3_X1,A1,ZN,rise,198.535,0.0160217,1.1,25.0,234.959,1.5180722891566267,1.26e-06,8.299999999999999e-07,0,1,1,5.295989659538859,0.0158947071959221,793650.7936507936,1204819.277108434,12715.63492063492,19303.253012048197,12715.63492063492,793650.7936507936,0.9090909090909092,0.04,0.2057416267942584,1,172.94727
Nangate45,NORX1,XNOR2_X1,A,ZN,rise,4.72397,0.0130081,1.1,25.0,83.309,1.5180722891566267,1.26e-06,8.299999999999999e-07,0,1,1,1.7446626205903233,0.0129242212859107,793650.7936507936,1204819.277108434,10323.88888888889,15672.409638554222,10323.88888888889,793650.7936507936,0.9090909090909092,0.04,0.2057416267942584,1,94.93258
Nangate45,NORX1,NOR3_X1,A2,ZN,rise,198.535,0.001289,1.1,25.0,98.0573,1.5180722891566267,1.26e-06,8.299999999999999e-07,0,1,1,5.295989659538859,0.0012881699527107,793650.7936507936,1204819.277108434,1023.015873015873,1553.012048192771,1023.015873015873,793650.7936507936,0.9090909090909092,0.04,0.2057416267942584,1,96.47051
Nangate45,INVX1,TINV_X1,EN,ZN,rise,4.72397,0.001164659229,1.1,25.0,10.811,1.5180722891566267,6.3e-07,4.1500000000000005e-07,1,1,1,1.7446626205903233,0.0011639815395739,1587301.5873015872,2409638.554216868,1848.6654428571424,2806.407780722892,1848.6654428571424,1587301.5873015872,0.9090909090909092,0.04,0.2057416267942584,1,9.879893
Nangate45,NORX1,NOR3_X1,A2,ZN,fall,78.0596,0.000365616,1.1,25.0,9.29456,1.5180722891566267,1.26e-06,8.299999999999999e-07,0,1,1,4.370201998407221,0.000365549178757,793650.7936507936,1204819.277108434,290.1714285714286,440.5012048192772,440.5012048192772,1204819.277108434,0.9090909090909092,0.04,0.2057416267942584,1,13.795132
Nangate45,NORX1,NOR4_X1,A1,ZN,rise,17.1859,0.00195665,1.1,25.0,51.574000000000005,1.5180722891566267,1.26e-06,8.299999999999999e-07,0,1,1,2.900646568553312,0.0019547382537281,793650.7936507936,1204819.277108434,1552.8968253968253,2357.409638554217,1552.8968253968253,793650.7936507936,0.9090909090909092,0.04,0.2057416267942584,1,52.017143
Nangate45,NORX1,NOR2_X1,A2,ZN,fall,198.535,0.000834466,1.1,25.0,0.0894997,1.5180722891566267,1.26e-06,8.299999999999999e-07,0,1,1,5.295989659538859,0.0008341180268151,793650.7936507936,1204819.277108434,662.2746031746032,1005.3807228915664,1005.3807228915664,1204819.277108434,0.9090909090909092,0.04,0.2057416267942584,1,45.495792
Nangate45,XORX1,XOR2_X1,B,Z,rise,40.9838,0.000365616,1.1,25.0,38.608,1.5135135135135138,2.52e-06,1.6649999999999995e-06,0,1,1,3.737283829590765,0.000365549178757,396825.3968253968,600600.6006006007,145.0857142857143,219.58918918918928,145.0857142857143,396825.3968253968,0.9090909090909092,0.04,0.2043010752688172,1,42.179817
Nangate45,XORX1,XOR2_X1,B,Z,rise,130.081,0.0253296,1.1,25.0,207.365,1.5135135135135138,2.52e-06,1.6649999999999995e-06,0,1,1,4.875815452730412,0.0250141218763313,396825.3968253968,600600.6006006007,10051.42857142857,15212.972972972975,10051.42857142857,396825.3968253968,0.9090909090909092,0.04,0.2043010752688172,1,124.931526
Nangate45,NORX1,NOR3_X1,A3,ZN,fall,198.535,0.00454444,1.1,25.0,23.1374,1.5180722891566267,1.26e-06,8.299999999999999e-07,0,1,1,5.295989659538859,0.0045341452101301,793650.7936507936,1204819.277108434,3606.698412698413,5475.228915662652,5475.228915662652,1204819.277108434,0.9090909090909092,0.04,0.2057416267942584,1,54.958607
Nangate45,NANDX1,NAND4_X1,A3,ZN,fall,78.0596,0.000365616,1.1,25.0,33.3401,1.5180722891566267,1.26e-06,8.299999999999999e-07,0,1,1,4.370201998407221,0.000365549178757,793650.7936507936,1204819.277108434,290.1714285714286,440.5012048192772,440.5012048192772,1204819.277108434,0.9090909090909092,0.04,0.2057416267942584,1,23.984213
Nangate45,NANDX1,NAND4_X1,A1,ZN,rise,17.1859,0.00699997,1.1,25.0,34.4261,1.5180722891566267,1.26e-06,8.299999999999999e-07,0,1,1,2.900646568553312,0.006975583944965,793650.7936507936,1204819.277108434,5555.531746031746,8433.698795180724,5555.531746031746,793650.7936507936,0.9090909090909092,0.04,0.2057416267942584,1,41.49694
Nangate45,XORX1,XOR2_X1,A,Z,fall,40.9838,0.0253296,1.1,25.0,100.344,1.5135135135135138,2.52e-06,1.6649999999999995e-06,0,1,1,3.737283829590765,0.0250141218763313,396825.3968253968,600600.6006006007,10051.42857142857,15212.972972972975,15212.972972972975,600600.6006006007,0.9090909090909092,0.04,0.2043010752688172,1,74.5978
Nangate45,NORX1,NOR3_X1,A3,ZN,fall,1.1737799999999998,0.000365616,1.1,25.0,4.89358,1.5180722891566267,1.26e-06,8.299999999999999e-07,0,1,1,0.7764675876261998,0.000365549178757,793650.7936507936,1204819.277108434,290.1714285714286,440.5012048192772,440.5012048192772,1204819.277108434,0.9090909090909092,0.04,0.2057416267942584,1,10.347365
Nangate45,NORX1,XNOR2_X1,B,ZN,fall,130.081,0.000813006,1.1,25.0,78.818,1.5180722891566267,1.26e-06,8.299999999999999e-07,0,1,1,4.875815452730412,0.0008126756896393,793650.7936507936,1204819.277108434,645.2428571428571,979.5253012048196,979.5253012048196,1204819.277108434,0.9090909090909092,0.04,0.2057416267942584,1,31.412218
Nangate45,XORX1,XOR2_X1,A,Z,rise,17.1859,0.000365616,1.1,25.0,22.916,1.5135135135135138,2.52e-06,1.6649999999999995e-06,0,1,1,2.900646568553312,0.000365549178757,396825.3968253968,600600.6006006007,145.0857142857143,219.58918918918928,145.0857142857143,396825.3968253968,0.9090909090909092,0.04,0.2043010752688172,1,34.39139
Nangate45,XORX1,XOR2_X1,A,Z,rise,4.72397,0.00079155,1.1,25.0,40.604,1.5135135135135138,2.52e-06,1.6649999999999995e-06,0,1,1,1.7446626205903233,0.0007912368895162,396825.3968253968,600600.6006006007,314.10714285714283,475.40540540540553,314.10714285714283,396825.3968253968,0.9090909090909092,0.04,0.2043010752688172,1,33.43763
Nangate45,NORX1,NOR4_X1,A2,ZN,fall,78.0596,0.00195665,1.1,25.0,17.7403,1.5180722891566267,1.26e-06,8.299999999999999e-07,0,1,1,4.370201998407221,0.0019547382537281,793650.7936507936,1204819.277108434,1552.8968253968253,2357.409638554217,2357.409638554217,1204819.277108434,0.9090909090909092,0.04,0.2057416267942584,1,19.83886
Nangate45,NORX1,NOR4_X1,A1,ZN,fall,40.9838,0.0104713,1.1,25.0,32.7513,1.5180722891566267,1.26e-06,8.299999999999999e-07,0,1,1,3.737283829590765,0.010416855676904,793650.7936507936,1204819.277108434,8310.555555555555,12616.024096385545,12616.024096385545,1204819.277108434,0.9090909090909092,0.04,0.2057416267942584,1,31.304686
Nangate45,NORX1,NOR2_X1,A1,ZN,rise,4.72397,0.0267029,1.1,25.0,148.696,1.5180722891566267,1.26e-06,8.299999999999999e-07,0,1,1,1.7446626205903233,0.0263525999024103,793650.7936507936,1204819.277108434,21192.777777777777,32172.1686746988,21192.777777777777,793650.7936507936,0.9090909090909092,0.04,0.2057416267942584,1,145.83997
Nangate45,NORX1,XNOR2_X1,B,ZN,fall,1.1737799999999998,0.00650405,1.1,25.0,45.150000000000006,1.5180722891566267,1.26e-06,8.299999999999999e-07,0,1,1,0.7764675876261998,0.0064829899346209,793650.7936507936,1204819.277108434,5161.944444444445,7836.204819277111,7836.204819277111,1204819.277108434,0.9090909090909092,0.04,0.2057416267942584,1,22.834328
Nangate45,NANDX1,NAND4_X1,A3,ZN,fall,130.081,0.0017499899999999,1.1,25.0,44.8406,1.5180722891566267,1.26e-06,8.299999999999999e-07,0,1,1,4.875815452730412,0.0017484605515862,793650.7936507936,1204819.277108434,1388.8809523809523,2108.421686746988,2108.421686746988,1204819.277108434,0.9090909090909092,0.04,0.2057416267942584,1,34.13514
Nangate45,NANDX1,NAND3_X1,A1,ZN,fall,4.72397,0.000365616,1.1,25.0,11.6171,1.5180722891566267,1.26e-06,8.299999999999999e-07,0,1,1,1.7446626205903233,0.000365549178757,793650.7936507936,1204819.277108434,290.1714285714286,440.5012048192772,440.5012048192772,1204819.277108434,0.9090909090909092,0.04,0.2057416267942584,1,11.1823435
Nangate45,NORX1,NOR4_X1,A1,ZN,rise,78.0596,0.00342249,1.1,25.0,97.1051,1.5180722891566267,1.26e-06,8.299999999999999e-07,0,1,1,4.370201998407221,0.0034166466099336,793650.7936507936,1204819.277108434,2716.2619047619046,4123.481927710844,2716.2619047619046,793650.7936507936,0.9090909090909092,0.04,0.2057416267942584,1,72.871605
Nangate45,XORX1,XOR2_X1,A,Z,fall,78.0596,0.0063324,1.1,25.0,40.805,1.5135135135135138,2.52e-06,1.6649999999999995e-06,0,1,1,4.370201998407221,0.0063124345967383,396825.3968253968,600600.6006006007,2512.8571428571427,3803.243243243244,3803.243243243244,600600.6006006007,0.9090909090909092,0.04,0.2043010752688172,1,55.588406
Nangate45,XORX1,XOR2_X1,B,Z,fall,78.0596,0.0253296,1.1,25.0,115.907,1.5135135135135138,2.52e-06,1.6649999999999995e-06,0,1,1,4.370201998407221,0.0250141218763313,396825.3968253968,600600.6006006007,10051.42857142857,15212.972972972975,15212.972972972975,600600.6006006007,0.9090909090909092,0.04,0.2043010752688172,1,82.62931
Nangate45,NORX1,XNOR2_X1,B,ZN,rise,4.72397,0.0260162,1.1,25.0,95.523,1.5180722891566267,1.26e-06,8.299999999999999e-07,0,1,1,1.7446626205903233,0.0256835360976095,793650.7936507936,1204819.277108434,20647.77777777778,31344.819277108443,20647.77777777778,793650.7936507936,0.9090909090909092,0.04,0.2057416267942584,1,145.99548
Nangate45,NORX1,NOR4_X1,A2,ZN,rise,17.1859,0.00342249,1.1,25.0,85.4113,1.5180722891566267,1.26e-06,8.299999999999999e-07,0,1,1,2.900646568553312,0.0034166466099336,793650.7936507936,1204819.277108434,2716.2619047619046,4123.481927710844,2716.2619047619046,793650.7936507936,0.9090909090909092,0.04,0.2057416267942584,1,56.440372
Nangate45,NORX1,NOR4_X1,A3,ZN,fall,130.081,0.00342249,1.1,25.0,23.6784,1.5180722891566267,1.26e-06,8.299999999999999e-07,0,1,1,4.875815452730412,0.0034166466099336,793650.7936507936,1204819.277108434,2716.2619047619046,4123.481927710844,4123.481927710844,1204819.277108434,0.9090909090909092,0.04,0.2057416267942584,1,36.953243
Nangate45,INVX1,INV_X1,A,ZN,fall,198.535,0.06073,1.1,25.0,152.97,1.5180722891566267,6.3e-07,4.1500000000000005e-07,1,1,1,5.295989659538859,0.0589573503385265,1587301.5873015872,2409638.554216868,96396.82539682538,146337.34939759038,146337.34939759038,2409638.554216868,0.9090909090909092,0.04,0.2057416267942584,1,51.203514
Nangate45,NANDX1,NAND4_X1,A3,ZN,rise,198.535,0.0139999,1.1,25.0,129.198,1.5180722891566267,1.26e-06,8.299999999999999e-07,0,1,1,5.295989659538859,0.0139028065496571,793650.7936507936,1204819.277108434,11111.031746031746,16867.349397590366,11111.031746031746,793650.7936507936,0.9090909090909092,0.04,0.2057416267942584,1,113.23009
Nangate45,NANDX1,NAND3_X1,A1,ZN,fall,78.0596,0.00364781,1.1,25.0,39.959300000000006,1.5180722891566267,1.26e-06,8.299999999999999e-07,0,1,1,4.370201998407221,0.0036411728768477,793650.7936507936,1204819.277108434,2895.0873015873017,4394.951807228917,4394.951807228917,1204819.277108434,0.9090909090909092,0.04,0.2057416267942584,1,30.250635
Nangate45,XORX1,XOR2_X1,A,Z,fall,40.9838,0.0126648,1.1,25.0,49.942,1.5135135135135138,2.52e-06,1.6649999999999995e-06,0,1,1,3.737283829590765,0.0125852721858001,396825.3968253968,600600.6006006007,5025.714285714285,7606.486486486488,7606.486486486488,600600.6006006007,0.9090909090909092,0.04,0.2043010752688172,1,65.37374
Nangate45,NANDX1,NAND4_X1,A1,ZN,fall,130.081,0.0017499899999999,1.1,25.0,45.9005,1.5180722891566267,1.26e-06,8.299999999999999e-07,0,1,1,4.875815452730412,0.0017484605515862,793650.7936507936,1204819.277108434,1388.8809523809523,2108.421686746988,2108.421686746988,1204819.277108434,0.9090909090909092,0.04,0.2057416267942584,1,34.161674
Nangate45,NORX1,NOR3_X1,A2,ZN,rise,78.0596,0.00454444,1.1,25.0,93.2597,1.5180722891566267,1.26e-06,8.299999999999999e-07,0,1,1,4.370201998407221,0.0045341452101301,793650.7936507936,1204819.277108434,3606.698412698413,5475.228915662652,3606.698412698413,793650.7936507936,0.9090909090909092,0.04,0.2057416267942584,1,84.82517
Nangate45,NORX1,NOR4_X1,A3,ZN,rise,198.535,0.00342249,1.1,25.0,144.989,1.5180722891566267,1.26e-06,8.299999999999999e-07,0,1,1,5.295989659538859,0.0034166466099336,793650.7936507936,1204819.277108434,2716.2619047619046,4123.481927710844,2716.2619047619046,793650.7936507936,0.9090909090909092,0.04,0.2057416267942584,1,97.307205
Nangate45,NANDX1,NAND4_X1,A3,ZN,fall,17.1859,0.0017499899999999,1.1,25.0,31.51,1.5180722891566267,1.26e-06,8.299999999999999e-07,0,1,1,2.900646568553312,0.0017484605515862,793650.7936507936,1204819.277108434,1388.8809523809523,2108.421686746988,2108.421686746988,1204819.277108434,0.9090909090909092,0.04,0.2057416267942584,1,13.877783
Nangate45,INVX1,INV_X16,A,ZN,rise,17.1859,0.000365616,1.1,25.0,10.681,1.5180722891566267,6.3e-07,4.1500000000000005e-07,1,1,1,2.900646568553312,0.000365549178757,1587301.5873015872,2409638.554216868,580.3428571428572,881.0024096385544,580.3428571428572,1587301.5873015872,0.9090909090909092,0.04,0.2057416267942584,1,10.926717
Nangate45,NANDX1,NAND2_X1,A2,ZN,rise,1.1737799999999998,0.0593567,1.1,25.0,151.618,1.5180722891566267,1.26e-06,8.299999999999999e-07,0,1,1,0.7764675876261998,0.0576618371011917,793650.7936507936,1204819.277108434,47108.492063492056,71514.09638554217,47108.492063492056,793650.7936507936,0.9090909090909092,0.04,0.2057416267942584,1,180.85576
Nangate45,XORX1,XOR2_X1,B,Z,rise,78.0596,0.00079155,1.1,25.0,51.98,1.5135135135135138,2.52e-06,1.6649999999999995e-06,0,1,1,4.370201998407221,0.0007912368895162,396825.3968253968,600600.6006006007,314.10714285714283,475.40540540540553,314.10714285714283,396825.3968253968,0.9090909090909092,0.04,0.2043010752688172,1,54.247982
Nangate45,NANDX1,NAND4_X1,A1,ZN,fall,198.535,0.0017499899999999,1.1,25.0,50.444500000000005,1.5180722891566267,1.26e-06,8.299999999999999e-07,0,1,1,5.295989659538859,0.0017484605515862,793650.7936507936,1204819.277108434,1388.8809523809523,2108.421686746988,2108.421686746988,1204819.277108434,0.9090909090909092,0.04,0.2057416267942584,1,44.99967
Nangate45,NANDX1,NAND2_X1,A2,ZN,rise,4.72397,0.0148392,1.1,25.0,46.3691,1.5180722891566267,1.26e-06,8.299999999999999e-07,0,1,1,1.7446626205903233,0.0147301762980792,793650.7936507936,1204819.277108434,11777.142857142857,17878.554216867473,11777.142857142857,793650.7936507936,0.9090909090909092,0.04,0.2057416267942584,1,82.9871
Nangate45,XORX1,XOR2_X1,B,Z,rise,1.1737799999999998,0.00079155,1.1,25.0,35.973,1.5135135135135138,2.52e-06,1.6649999999999995e-06,0,1,1,0.7764675876261998,0.0007912368895162,396825.3968253968,600600.6006006007,314.10714285714283,475.40540540540553,314.10714285714283,396825.3968253968,0.9090909090909092,0.04,0.2043010752688172,1,28.79054
Nangate45,XORX1,XOR2_X1,B,Z,fall,78.0596,0.000365616,1.1,25.0,76.397,1.5135135135135138,2.52e-06,1.6649999999999995e-06,0,1,1,4.370201998407221,0.000365549178757,396825.3968253968,600600.6006006007,145.0857142857143,219.58918918918928,219.58918918918928,600600.6006006007,0.9090909090909092,0.04,0.2043010752688172,1,30.046942
Nangate45,NANDX1,NAND4_X1,A3,ZN,fall,1.1737799999999998,0.0279999,1.1,25.0,128.037,1.5180722891566267,1.26e-06,8.299999999999999e-07,0,1,1,0.7764675876261998,0.027615069756704,793650.7936507936,1204819.277108434,22222.14285714286,33734.81927710844,33734.81927710844,1204819.277108434,0.9090909090909092,0.04,0.2057416267942584,1,78.8565
Nangate45,XORX1,XOR2_X1,A,Z,fall,40.9838,0.0031662,1.1,25.0,68.024,1.5135135135135138,2.52e-06,1.6649999999999995e-06,0,1,1,3.737283829590765,0.0031611981439168,396825.3968253968,600600.6006006007,1256.428571428571,1901.621621621622,1901.621621621622,600600.6006006007,0.9090909090909092,0.04,0.2043010752688172,1,38.47488
Nangate45,NORX1,NOR3_X1,A2,ZN,rise,78.0596,0.00853286,1.1,25.0,124.715,1.5180722891566267,1.26e-06,8.299999999999999e-07,0,1,1,4.370201998407221,0.0084966609254384,793650.7936507936,1204819.277108434,6772.11111111111,10280.554216867473,6772.11111111111,793650.7936507936,0.9090909090909092,0.04,0.2057416267942584,1,130.09496
Nangate45,XORX1,XOR2_X1,A,Z,rise,198.535,0.00079155,1.1,25.0,47.639,1.5135135135135138,2.52e-06,1.6649999999999995e-06,0,1,1,5.295989659538859,0.0007912368895162,396825.3968253968,600600.6006006007,314.10714285714283,475.40540540540553,314.10714285714283,396825.3968253968,0.9090909090909092,0.04,0.2043010752688172,1,77.40804
Nangate45,NANDX1,NAND4_X1,A2,ZN,fall,130.081,0.000365616,1.1,25.0,39.1625,1.5180722891566267,1.26e-06,8.299999999999999e-07,0,1,1,4.875815452730412,0.000365549178757,793650.7936507936,1204819.277108434,290.1714285714286,440.5012048192772,440.5012048192772,1204819.277108434,0.9090909090909092,0.04,0.2057416267942584,1,31.791903
Nangate45,NORX1,NOR3_X1,A3,ZN,rise,40.9838,0.000686498,1.1,25.0,51.5541,1.5180722891566267,1.26e-06,8.299999999999999e-07,0,1,1,3.737283829590765,0.0006862624680366,793650.7936507936,1204819.277108434,544.8396825396825,827.1060240963857,544.8396825396825,793650.7936507936,0.9090909090909092,0.04,0.2057416267942584,1,52.092075
Nangate45,XORX1,XOR2_X1,A,Z,fall,4.72397,0.0015831,1.1,25.0,11.759,1.5135135135135138,2.52e-06,1.6649999999999995e-06,0,1,1,1.7446626205903233,0.0015818482181514,396825.3968253968,600600.6006006007,628.2142857142857,950.8108108108112,950.8108108108112,600600.6006006007,0.9090909090909092,0.04,0.2043010752688172,1,25.890568
Nangate45,NORX1,NOR4_X1,A3,ZN,fall,4.72397,0.00342249,1.1,25.0,11.7656,1.5180722891566267,1.26e-06,8.299999999999999e-07,0,1,1,1.7446626205903233,0.0034166466099336,793650.7936507936,1204819.277108434,2716.2619047619046,4123.481927710844,4123.481927710844,1204819.277108434,0.9090909090909092,0.04,0.2057416267942584,1,13.416917
Nangate45,XORX1,XOR2_X1,A,Z,rise,17.1859,0.0015831,1.1,25.0,28.964,1.5135135135135138,2.52e-06,1.6649999999999995e-06,0,1,1,2.900646568553312,0.0015818482181514,396825.3968253968,600600.6006006007,628.2142857142857,950.8108108108112,628.2142857142857,396825.3968253968,0.9090909090909092,0.04,0.2043010752688172,1,49.679058
Nangate45,INVX1,TINV_X1,I,ZN,rise,17.1859,0.01217354323,1.1,25.0,93.5229,1.5180722891566267,6.3e-07,4.1500000000000005e-07,1,1,1,2.900646568553312,0.0121000415684708,1587301.5873015872,2409638.554216868,19323.08449206349,29333.839108433735,19323.08449206349,1587301.5873015872,0.9090909090909092,0.04,0.2057416267942584,1,51.92116
Nangate45,NANDX1,NAND4_X1,A1,ZN,rise,40.9838,0.0279999,1.1,25.0,96.9813,1.5180722891566267,1.26e-06,8.299999999999999e-07,0,1,1,3.737283829590765,0.027615069756704,793650.7936507936,1204819.277108434,22222.14285714286,33734.81927710844,22222.14285714286,793650.7936507936,0.9090909090909092,0.04,0.2057416267942584,1,109.36834
Nangate45,NORX1,NOR4_X1,A2,ZN,rise,4.72397,0.00598648,1.1,25.0,109.426,1.5180722891566267,1.26e-06,8.299999999999999e-07,0,1,1,1.7446626205903233,0.0059686322234213,793650.7936507936,1204819.277108434,4751.174603174603,7212.626506024098,4751.174603174603,793650.7936507936,0.9090909090909092,0.04,0.2057416267942584,1,55.439472
Nangate45,NORX1,XNOR2_X1,B,ZN,rise,78.0596,0.0130081,1.1,25.0,116.354,1.5180722891566267,1.26e-06,8.299999999999999e-07,0,1,1,4.370201998407221,0.0129242212859107,793650.7936507936,1204819.277108434,10323.88888888889,15672.409638554222,10323.88888888889,793650.7936507936,0.9090909090909092,0.04,0.2057416267942584,1,120.742805
Nangate45,NANDX1,NAND3_X1,A1,ZN,rise,17.1859,0.0145912,1.1,25.0,51.0723,1.5180722891566267,1.26e-06,8.299999999999999e-07,0,1,1,2.900646568553312,0.0144857727440233,793650.7936507936,1204819.277108434,11580.31746031746,17579.75903614458,11580.31746031746,793650.7936507936,0.9090909090909092,0.04,0.2057416267942584,1,64.36075
Nangate45,NANDX1,NAND4_X1,A1,ZN,rise,1.1737799999999998,0.0017499899999999,1.1,25.0,13.7594,1.5180722891566267,1.26e-06,8.299999999999999e-07,0,1,1,0.7764675876261998,0.0017484605515862,793650.7936507936,1204819.277108434,1388.8809523809523,2108.421686746988,1388.8809523809523,793650.7936507936,0.9090909090909092,0.04,0.2057416267942584,1,26.381077
Nangate45,NORX1,NOR4_X1,A3,ZN,rise,78.0596,0.000365616,1.1,25.0,79.0867,1.5180722891566267,1.26e-06,8.299999999999999e-07,0,1,1,4.370201998407221,0.000365549178757,793650.7936507936,1204819.277108434,290.1714285714286,440.5012048192772,290.1714285714286,793650.7936507936,0.9090909090909092,0.04,0.2057416267942584,1,0.42516842
Nangate45,INVX1,INV_X16,A,ZN,rise,4.72397,0.0302886999999999,1.1,25.0,11.4213,1.5180722891566267,6.3e-07,4.1500000000000005e-07,1,1,1,1.7446626205903233,0.0298390542294231,1587301.5873015872,2409638.554216868,48077.30158730158,72984.81927710844,48077.30158730158,1587301.5873015872,0.9090909090909092,0.04,0.2057416267942584,1,80.83543
Nangate45,INVX1,TINV_X1,I,ZN,fall,1.1737799999999998,0.02342024323,1.1,25.0,65.0729,1.5180722891566267,6.3e-07,4.1500000000000005e-07,1,1,1,0.7764675876261998,0.0231501975625825,1587301.5873015872,2409638.554216868,37174.989253968255,56434.32103614459,56434.32103614459,2409638.554216868,0.9090909090909092,0.04,0.2057416267942584,1,25.120373
Nangate45,INVX1,TINV_X1,EN,ZN,fall,4.72397,0.003674923229,1.1,25.0,22.963,1.5180722891566267,6.3e-07,4.1500000000000005e-07,1,1,1,1.7446626205903233,0.0036681871965212,1587301.5873015872,2409638.554216868,5833.211474603175,8855.236696385544,8855.236696385544,2409638.554216868,0.9090909090909092,0.04,0.2057416267942584,1,13.350177
Nangate45,NORX1,XNOR2_X1,A,ZN,fall,1.1737799999999998,0.00650405,1.1,25.0,20.556,1.5180722891566267,1.26e-06,8.299999999999999e-07,0,1,1,0.7764675876261998,0.0064829899346209,793650.7936507936,1204819.277108434,5161.944444444445,7836.204819277111,7836.204819277111,1204819.277108434,0.9090909090909092,0.04,0.2057416267942584,1,22.834328
Nangate45,NORX1,NOR4_X1,A2,ZN,fall,4.72397,0.00063952,1.1,25.0,7.892589999999999,1.5180722891566267,1.26e-06,8.299999999999999e-07,0,1,1,1.7446626205903233,0.0006393155942278,793650.7936507936,1204819.277108434,507.5555555555555,770.5060240963857,770.5060240963857,1204819.277108434,0.9090909090909092,0.04,0.2057416267942584,1,12.719733
Nangate45,NANDX1,NAND2_X1,A1,ZN,fall,130.081,0.0593567,1.1,25.0,182.879,1.5180722891566267,1.26e-06,8.299999999999999e-07,0,1,1,4.875815452730412,0.0576618371011917,793650.7936507936,1204819.277108434,47108.492063492056,71514.09638554217,71514.09638554217,1204819.277108434,0.9090909090909092,0.04,0.2057416267942584,1,198.0029
Nangate45,NORX1,XNOR2_X1,A,ZN,rise,4.72397,0.0260162,1.1,25.0,93.764,1.5180722891566267,1.26e-06,8.299999999999999e-07,0,1,1,1.7446626205903233,0.0256835360976095,793650.7936507936,1204819.277108434,20647.77777777778,31344.819277108443,20647.77777777778,793650.7936507936,0.9090909090909092,0.04,0.2057416267942584,1,145.84024
Nangate45,NANDX1,NAND2_X1,A2,ZN,rise,78.0596,0.0148392,1.1,25.0,84.6696,1.5180722891566267,1.26e-06,8.299999999999999e-07,0,1,1,4.370201998407221,0.0147301762980792,793650.7936507936,1204819.277108434,11777.142857142857,17878.554216867473,11777.142857142857,793650.7936507936,0.9090909090909092,0.04,0.2057416267942584,1,114.681015
Nangate45,NORX1,NOR4_X1,A1,ZN,fall,1.1737799999999998,0.00195665,1.1,25.0,6.92721,1.5180722891566267,1.26e-06,8.299999999999999e-07,0,1,1,0.7764675876261998,0.0019547382537281,793650.7936507936,1204819.277108434,1552.8968253968253,2357.409638554217,2357.409638554217,1204819.277108434,0.9090909090909092,0.04,0.2057416267942584,1,13.801564
Nangate45,NANDX1,NAND2_X1,A2,ZN,rise,1.1737799999999998,0.0296783,1.1,25.0,80.3975,1.5180722891566267,1.26e-06,8.299999999999999e-07,0,1,1,0.7764675876261998,0.0292464233592539,793650.7936507936,1204819.277108434,23554.20634920635,35756.987951807234,23554.20634920635,793650.7936507936,0.9090909090909092,0.04,0.2057416267942584,1,105.99201
Nangate45,XORX1,XOR2_X1,A,Z,rise,40.9838,0.0015831,1.1,25.0,52.01,1.5135135135135138,2.52e-06,1.6649999999999995e-06,0,1,1,3.737283829590765,0.0015818482181514,396825.3968253968,600600.6006006007,628.2142857142857,950.8108108108112,628.2142857142857,396825.3968253968,0.9090909090909092,0.04,0.2043010752688172,1,58.01068
Nangate45,NORX1,NOR3_X1,A2,ZN,fall,40.9838,0.000365616,1.1,25.0,11.2472,1.5180722891566267,1.26e-06,8.299999999999999e-07,0,1,1,3.737283829590765,0.000365549178757,793650.7936507936,1204819.277108434,290.1714285714286,440.5012048192772,440.5012048192772,1204819.277108434,0.9090909090909092,0.04,0.2057416267942584,1,9.734576
Nangate45,NANDX1,NAND4_X1,A4,ZN,fall,130.081,0.0559998,1.1,25.0,255.763,1.5180722891566267,1.26e-06,8.299999999999999e-07,0,1,1,4.875815452730412,0.0544879958901124,793650.7936507936,1204819.277108434,44444.28571428572,67469.63855421687,67469.63855421687,1204819.277108434,0.9090909090909092,0.04,0.2057416267942584,1,197.9972
Nangate45,NORX1,NOR3_X1,A2,ZN,rise,198.535,0.000686498,1.1,25.0,90.51,1.5180722891566267,1.26e-06,8.299999999999999e-07,0,1,1,5.295989659538859,0.0006862624680366,793650.7936507936,1204819.277108434,544.8396825396825,827.1060240963857,544.8396825396825,793650.7936507936,0.9090909090909092,0.04,0.2057416267942584,1,90.75963
Nangate45,XORX1,XOR2_X1,A,Z,fall,78.0596,0.00079155,1.1,25.0,78.47,1.5135135135135138,2.52e-06,1.6649999999999995e-06,0,1,1,4.370201998407221,0.0007912368895162,396825.3968253968,600600.6006006007,314.10714285714283,475.40540540540553,475.40540540540553,600600.6006006007,0.9090909090909092,0.04,0.2043010752688172,1,30.046753
Nangate45,NORX1,NOR4_X1,A4,ZN,fall,198.535,0.00195665,1.1,25.0,13.8287,1.5180722891566267,1.26e-06,8.299999999999999e-07,0,1,1,5.295989659538859,0.0019547382537281,793650.7936507936,1204819.277108434,1552.8968253968253,2357.409638554217,2357.409638554217,1204819.277108434,0.9090909090909092,0.04,0.2057416267942584,1,47.262844
Nangate45,NANDX1,NAND4_X1,A4,ZN,fall,78.0596,0.00699997,1.1,25.0,59.346500000000006,1.5180722891566267,1.26e-06,8.299999999999999e-07,0,1,1,4.370201998407221,0.006975583944965,793650.7936507936,1204819.277108434,5555.531746031746,8433.698795180724,8433.698795180724,1204819.277108434,0.9090909090909092,0.04,0.2057416267942584,1,40.835163
Nangate45,NORX1,NOR3_X1,A1,ZN,rise,4.72397,0.000365616,1.1,25.0,20.9346,1.5180722891566267,1.26e-06,8.299999999999999e-07,0,1,1,1.7446626205903233,0.000365549178757,793650.7936507936,1204819.277108434,290.1714285714286,440.5012048192772,290.1714285714286,793650.7936507936,0.9090909090909092,0.04,0.2057416267942584,1,36.983944
Nangate45,NORX1,XNOR2_X1,B,ZN,fall,1.1737799999999998,0.000365616,1.1,25.0,31.161,1.5180722891566267,1.26e-06,8.299999999999999e-07,0,1,1,0.7764675876261998,0.000365549178757,793650.7936507936,1204819.277108434,290.1714285714286,440.5012048192772,440.5012048192772,1204819.277108434,0.9090909090909092,0.04,0.2057416267942584,1,0.37432435
Nangate45,INVX1,INV_X1,A,ZN,fall,17.1859,0.00189781,1.1,25.0,9.63029,1.5180722891566267,6.3e-07,4.1500000000000005e-07,1,1,1,2.900646568553312,0.0018960114338003,1587301.5873015872,2409638.554216868,3012.396825396825,4573.036144578314,4573.036144578314,2409638.554216868,0.9090909090909092,0.04,0.2057416267942584,1,13.676821
Nangate45,INVX1,TINV_X1,EN,ZN,rise,78.0596,0.003674923229,1.1,25.0,47.708,1.5180722891566267,6.3e-07,4.1500000000000005e-07,1,1,1,4.370201998407221,0.0036681871965212,1587301.5873015872,2409638.554216868,5833.211474603175,8855.236696385544,5833.211474603175,1587301.5873015872,0.9090909090909092,0.04,0.2057416267942584,1,42.717155
Nangate45,NORX1,NOR2_X1,A1,ZN,rise,4.72397,0.00333786,1.1,25.0,29.865,1.5180722891566267,1.26e-06,8.299999999999999e-07,0,1,1,1.7446626205903233,0.0033323017104042,793650.7936507936,1204819.277108434,2649.095238095238,4021.518072289157,2649.095238095238,793650.7936507936,0.9090909090909092,0.04,0.2057416267942584,1,42.821198
Nangate45,NANDX1,NAND3_X1,A1,ZN,rise,4.72397,0.0018239,1.1,25.0,13.9545,1.5180722891566267,1.26e-06,8.299999999999999e-07,0,1,1,1.7446626205903233,0.0018222387141011,793650.7936507936,1204819.277108434,1447.5396825396824,2197.4698795180725,1447.5396825396824,793650.7936507936,0.9090909090909092,0.04,0.2057416267942584,1,20.636332
Nangate45,NANDX1,NAND2_X1,A1,ZN,fall,198.535,0.000365616,1.1,25.0,7.72654,1.5180722891566267,1.26e-06,8.299999999999999e-07,0,1,1,5.295989659538859,0.000365549178757,793650.7936507936,1204819.277108434,290.1714285714286,440.5012048192772,440.5012048192772,1204819.277108434,0.9090909090909092,0.04,0.2057416267942584,1,42.788876
Nangate45,NORX1,XNOR2_X1,A,ZN,rise,4.72397,0.00325202,1.1,25.0,33.402,1.5180722891566267,1.26e-06,8.299999999999999e-07,0,1,1,1.7446626205903233,0.0032467436191291,793650.7936507936,1204819.277108434,2580.968253968254,3918.096385542169,2580.968253968254,793650.7936507936,0.9090909090909092,0.04,0.2057416267942584,1,42.891598
Nangate45,NANDX1,NAND3_X1,A3,ZN,fall,78.0596,0.0583649,1.1,25.0,202.789,1.5180722891566267,1.26e-06,8.299999999999999e-07,0,1,1,4.370201998407221,0.0567251700033895,793650.7936507936,1204819.277108434,46321.3492063492,70319.15662650602,70319.15662650602,1204819.277108434,0.9090909090909092,0.04,0.2057416267942584,1,181.48753
Nangate45,NORX1,XNOR2_X1,A,ZN,rise,130.081,0.00650405,1.1,25.0,103.027,1.5180722891566267,1.26e-06,8.299999999999999e-07,0,1,1,4.875815452730412,0.0064829899346209,793650.7936507936,1204819.277108434,5161.944444444445,7836.204819277111,5161.944444444445,793650.7936507936,0.9090909090909092,0.04,0.2057416267942584,1,86.31168
Nangate45,NANDX1,NAND4_X1,A1,ZN,rise,4.72397,0.0559998,1.1,25.0,145.952,1.5180722891566267,1.26e-06,8.299999999999999e-07,0,1,1,1.7446626205903233,0.0544879958901124,793650.7936507936,1204819.277108434,44444.28571428572,67469.63855421687,44444.28571428572,793650.7936507936,0.9090909090909092,0.04,0.2057416267942584,1,166.15813
Nangate45,NANDX1,NAND4_X1,A4,ZN,rise,1.1737799999999998,0.0139999,1.1,25.0,49.8006,1.5180722891566267,1.26e-06,8.299999999999999e-07,0,1,1,0.7764675876261998,0.0139028065496571,793650.7936507936,1204819.277108434,11111.031746031746,16867.349397590366,11111.031746031746,793650.7936507936,0.9090909090909092,0.04,0.2057416267942584,1,57.406433
Nangate45,NANDX1,NAND4_X1,A2,ZN,rise,1.1737799999999998,0.00349999,1.1,25.0,20.3571,1.5180722891566267,1.26e-06,8.299999999999999e-07,0,1,1,0.7764675876261998,0.0034938792891336,793650.7936507936,1204819.277108434,2777.769841269841,4216.855421686748,2777.769841269841,793650.7936507936,0.9090909090909092,0.04,0.2057416267942584,1,30.805893
Nangate45,NANDX1,NAND2_X1,A1,ZN,fall,1.1737799999999998,0.000365616,1.1,25.0,6.8309,1.5180722891566267,1.26e-06,8.299999999999999e-07,0,1,1,0.7764675876261998,0.000365549178757,793650.7936507936,1204819.277108434,290.1714285714286,440.5012048192772,440.5012048192772,1204819.277108434,0.9090909090909092,0.04,0.2057416267942584,1,15.478545
Nangate45,XORX1,XOR2_X1,A,Z,fall,1.1737799999999998,0.0031662,1.1,25.0,13.729,1.5135135135135138,2.52e-06,1.6649999999999995e-06,0,1,1,0.7764675876261998,0.0031611981439168,396825.3968253968,600600.6006006007,1256.428571428571,1901.621621621622,1901.621621621622,600600.6006006007,0.9090909090909092,0.04,0.2043010752688172,1,25.958681
Nangate45,NORX1,XNOR2_X1,A,ZN,rise,17.1859,0.0260162,1.1,25.0,98.687,1.5180722891566267,1.26e-06,8.299999999999999e-07,0,1,1,2.900646568553312,0.0256835360976095,793650.7936507936,1204819.277108434,20647.77777777778,31344.819277108443,20647.77777777778,793650.7936507936,0.9090909090909092,0.04,0.2057416267942584,1,150.16074
Nangate45,NANDX1,NAND4_X1,A3,ZN,rise,198.535,0.000365616,1.1,25.0,61.8916,1.5180722891566267,1.26e-06,8.299999999999999e-07,0,1,1,5.295989659538859,0.000365549178757,793650.7936507936,1204819.277108434,290.1714285714286,440.5012048192772,290.1714285714286,793650.7936507936,0.9090909090909092,0.04,0.2057416267942584,1,56.03515
Nangate45,NORX1,NOR2_X1,A2,ZN,rise,4.72397,0.0133515,1.1,25.0,85.7314,1.5180722891566267,1.26e-06,8.299999999999999e-07,0,1,1,1.7446626205903233,0.0132631542209015,793650.7936507936,1204819.277108434,10596.42857142857,16086.144578313257,10596.42857142857,793650.7936507936,0.9090909090909092,0.04,0.2057416267942584,1,94.94199
Nangate45,NANDX1,NAND2_X1,A2,ZN,fall,17.1859,0.0593567,1.1,25.0,136.442,1.5180722891566267,1.26e-06,8.299999999999999e-07,0,1,1,2.900646568553312,0.0576618371011917,793650.7936507936,1204819.277108434,47108.492063492056,71514.09638554217,71514.09638554217,1204819.277108434,0.9090909090909092,0.04,0.2057416267942584,1,167.62119
Nangate45,NANDX1,NAND4_X1,A1,ZN,rise,130.081,0.00349999,1.1,25.0,56.9999,1.5180722891566267,1.26e-06,8.299999999999999e-07,0,1,1,4.875815452730412,0.0034938792891336,793650.7936507936,1204819.277108434,2777.769841269841,4216.855421686748,2777.769841269841,793650.7936507936,0.9090909090909092,0.04,0.2057416267942584,1,52.883472
Nangate45,NORX1,XNOR2_X1,A,ZN,fall,198.535,0.000813006,1.1,25.0,8.539,1.5180722891566267,1.26e-06,8.299999999999999e-07,0,1,1,5.295989659538859,0.0008126756896393,793650.7936507936,1204819.277108434,645.2428571428571,979.5253012048196,979.5253012048196,1204819.277108434,0.9090909090909092,0.04,0.2057416267942584,1,45.495735
Nangate45,NANDX1,NAND4_X1,A3,ZN,rise,40.9838,0.000365616,1.1,25.0,31.9698,1.5180722891566267,1.26e-06,8.299999999999999e-07,0,1,1,3.737283829590765,0.000365549178757,793650.7936507936,1204819.277108434,290.1714285714286,440.5012048192772,290.1714285714286,793650.7936507936,0.9090909090909092,0.04,0.2057416267942584,1,29.104277
Nangate45,NORX1,NOR4_X1,A4,ZN,rise,198.535,0.0104713,1.1,25.0,218.372,1.5180722891566267,1.26e-06,8.299999999999999e-07,0,1,1,5.295989659538859,0.010416855676904,793650.7936507936,1204819.277108434,8310.555555555555,12616.024096385545,8310.555555555555,793650.7936507936,0.9090909090909092,0.04,0.2057416267942584,1,167.10085
Nangate45,INVX1,INV_X16,A,ZN,rise,4.72397,0.0605773999999999,1.1,25.0,16.1233,1.5180722891566267,6.3e-07,4.1500000000000005e-07,1,1,1,1.7446626205903233,0.0588134768006666,1587301.5873015872,2409638.554216868,96154.60317460317,145969.6385542169,96154.60317460317,1587301.5873015872,0.9090909090909092,0.04,0.2057416267942584,1,131.73413
Nangate45,INVX2,INV_X2,A,ZN,fall,17.1859,0.00759125,1.1,25.0,13.5566,1.5180722891566267,1.26e-06,8.299999999999999e-07,1,1,1,2.900646568553312,0.0075625814570239,793650.7936507936,1204819.277108434,6024.801587301587,9146.0843373494,9146.0843373494,1204819.277108434,0.9090909090909092,0.04,0.2057416267942584,1,6.850143
Nangate45,NORX1,NOR3_X1,A3,ZN,rise,78.0596,0.00242029,1.1,25.0,74.6436,1.5180722891566267,1.26e-06,8.299999999999999e-07,0,1,1,4.370201998407221,0.0024173658154572,793650.7936507936,1204819.277108434,1920.8650793650795,2916.012048192772,1920.8650793650795,793650.7936507936,0.9090909090909092,0.04,0.2057416267942584,1,78.6156
Nangate45,XORX1,XOR2_X1,A,Z,fall,4.72397,0.0253296,1.1,25.0,61.305,1.5135135135135138,2.52e-06,1.6649999999999995e-06,0,1,1,1.7446626205903233,0.0250141218763313,396825.3968253968,600600.6006006007,10051.42857142857,15212.972972972975,15212.972972972975,600600.6006006007,0.9090909090909092,0.04,0.2043010752688172,1,59.837032
Nangate45,NORX1,XNOR2_X1,B,ZN,rise,78.0596,0.000365616,1.1,25.0,44.139,1.5180722891566267,1.26e-06,8.299999999999999e-07,0,1,1,4.370201998407221,0.000365549178757,793650.7936507936,1204819.277108434,290.1714285714286,440.5012048192772,290.1714285714286,793650.7936507936,0.9090909090909092,0.04,0.2057416267942584,1,57.231453
Nangate45,NANDX1,NAND3_X1,A3,ZN,rise,40.9838,0.0018239,1.1,25.0,34.938900000000004,1.5180722891566267,1.26e-06,8.299999999999999e-07,0,1,1,3.737283829590765,0.0018222387141011,793650.7936507936,1204819.277108434,1447.5396825396824,2197.4698795180725,1447.5396825396824,793650.7936507936,0.9090909090909092,0.04,0.2057416267942584,1,31.795395
Nangate45,NORX1,NOR3_X1,A2,ZN,rise,198.535,0.0160217,1.1,25.0,234.101,1.5180722891566267,1.26e-06,8.299999999999999e-07,0,1,1,5.295989659538859,0.0158947071959221,793650.7936507936,1204819.277108434,12715.63492063492,19303.253012048197,12715.63492063492,793650.7936507936,0.9090909090909092,0.04,0.2057416267942584,1,172.94727
Nangate45,NANDX1,NAND4_X1,A4,ZN,fall,4.72397,0.0017499899999999,1.1,25.0,29.5592,1.5180722891566267,1.26e-06,8.299999999999999e-07,0,1,1,1.7446626205903233,0.0017484605515862,793650.7936507936,1204819.277108434,1388.8809523809523,2108.421686746988,2108.421686746988,1204819.277108434,0.9090909090909092,0.04,0.2057416267942584,1,11.912252
Nangate45,NORX1,XNOR2_X1,B,ZN,fall,198.535,0.00325202,1.1,25.0,101.09,1.5180722891566267,1.26e-06,8.299999999999999e-07,0,1,1,5.295989659538859,0.0032467436191291,793650.7936507936,1204819.277108434,2580.968253968254,3918.096385542169,3918.096385542169,1204819.277108434,0.9090909090909092,0.04,0.2057416267942584,1,50.644993
Nangate45,NANDX1,NAND4_X1,A3,ZN,rise,198.535,0.0279999,1.1,25.0,177.92,1.5180722891566267,1.26e-06,8.299999999999999e-07,0,1,1,5.295989659538859,0.027615069756704,793650.7936507936,1204819.277108434,22222.14285714286,33734.81927710844,22222.14285714286,793650.7936507936,0.9090909090909092,0.04,0.2057416267942584,1,166.50623
Nangate45,NORX1,NOR3_X1,A3,ZN,rise,130.081,0.001289,1.1,25.0,74.3529,1.5180722891566267,1.26e-06,8.299999999999999e-07,0,1,1,4.875815452730412,0.0012881699527107,793650.7936507936,1204819.277108434,1023.015873015873,1553.012048192771,1023.015873015873,793650.7936507936,0.9090909090909092,0.04,0.2057416267942584,1,85.2907
Nangate45,NORX1,NOR4_X1,A4,ZN,rise,40.9838,0.00063952,1.1,25.0,77.2342,1.5180722891566267,1.26e-06,8.299999999999999e-07,0,1,1,3.737283829590765,0.0006393155942278,793650.7936507936,1204819.277108434,507.5555555555555,770.5060240963857,507.5555555555555,793650.7936507936,0.9090909090909092,0.04,0.2057416267942584,1,52.08473
Nangate45,NORX1,XNOR2_X1,A,ZN,rise,78.0596,0.000365616,1.1,25.0,42.845,1.5180722891566267,1.26e-06,8.299999999999999e-07,0,1,1,4.370201998407221,0.000365549178757,793650.7936507936,1204819.277108434,290.1714285714286,440.5012048192772,290.1714285714286,793650.7936507936,0.9090909090909092,0.04,0.2057416267942584,1,57.231453
Nangate45,INVX1,INV_X1,A,ZN,rise,78.0596,0.06073,1.1,25.0,190.083,1.5180722891566267,6.3e-07,4.1500000000000005e-07,1,1,1,4.370201998407221,0.0589573503385265,1587301.5873015872,2409638.554216868,96396.82539682538,146337.34939759038,96396.82539682538,1587301.5873015872,0.9090909090909092,0.04,0.2057416267942584,1,132.60959
Nangate45,NANDX1,NAND3_X1,A3,ZN,fall,198.535,0.0145912,1.1,25.0,87.81060000000001,1.5180722891566267,1.26e-06,8.299999999999999e-07,0,1,1,5.295989659538859,0.0144857727440233,793650.7936507936,1204819.277108434,11580.31746031746,17579.75903614458,17579.75903614458,1204819.277108434,0.9090909090909092,0.04,0.2057416267942584,1,92.729706
Nangate45,NORX1,XNOR2_X1,B,ZN,rise,130.081,0.00162601,1.1,25.0,55.715,1.5180722891566267,1.26e-06,8.299999999999999e-07,0,1,1,4.875815452730412,0.0016246894770018,793650.7936507936,1204819.277108434,1290.484126984127,1959.0481927710848,1290.484126984127,793650.7936507936,0.9090909090909092,0.04,0.2057416267942584,1,73.42267
Nangate45,NORX1,NOR3_X1,A2,ZN,rise,40.9838,0.00853286,1.1,25.0,110.339,1.5180722891566267,1.26e-06,8.299999999999999e-07,0,1,1,3.737283829590765,0.0084966609254384,793650.7936507936,1204819.277108434,6772.11111111111,10280.554216867473,6772.11111111111,793650.7936507936,0.9090909090909092,0.04,0.2057416267942584,1,117.92561
Nangate45,NORX1,NOR3_X1,A1,ZN,rise,78.0596,0.001289,1.1,25.0,59.5996,1.5180722891566267,1.26e-06,8.299999999999999e-07,0,1,1,4.370201998407221,0.0012881699527107,793650.7936507936,1204819.277108434,1023.015873015873,1553.012048192771,1023.015873015873,793650.7936507936,0.9090909090909092,0.04,0.2057416267942584,1,74.97224
Nangate45,INVX1,TINV_X1,I,ZN,rise,4.72397,0.01217354323,1.1,25.0,88.08340000000001,1.5180722891566267,6.3e-07,4.1500000000000005e-07,1,1,1,1.7446626205903233,0.0121000415684708,1587301.5873015872,2409638.554216868,19323.08449206349,29333.839108433735,19323.08449206349,1587301.5873015872,0.9090909090909092,0.04,0.2057416267942584,1,46.957493
Nangate45,NORX1,NOR3_X1,A1,ZN,rise,1.1737799999999998,0.00242029,1.1,25.0,37.6643,1.5180722891566267,1.26e-06,8.299999999999999e-07,0,1,1,0.7764675876261998,0.0024173658154572,793650.7936507936,1204819.277108434,1920.8650793650795,2916.012048192772,1920.8650793650795,793650.7936507936,0.9090909090909092,0.04,0.2057416267942584,1,41.520817
Nangate45,XORX1,XOR2_X1,B,Z,rise,78.0596,0.0253296,1.1,25.0,181.796,1.5135135135135138,2.52e-06,1.6649999999999995e-06,0,1,1,4.370201998407221,0.0250141218763313,396825.3968253968,600600.6006006007,10051.42857142857,15212.972972972975,10051.42857142857,396825.3968253968,0.9090909090909092,0.04,0.2043010752688172,1,113.67679
Nangate45,NORX1,XNOR2_X1,B,ZN,fall,198.535,0.00162601,1.1,25.0,96.385,1.5180722891566267,1.26e-06,8.299999999999999e-07,0,1,1,5.295989659538859,0.0016246894770018,793650.7936507936,1204819.277108434,1290.484126984127,1959.0481927710848,1959.0481927710848,1204819.277108434,0.9090909090909092,0.04,0.2057416267942584,1,47.266666
Nangate45,XORX1,XOR2_X1,B,Z,rise,4.72397,0.0063324,1.1,25.0,65.705,1.5135135135135138,2.52e-06,1.6649999999999995e-06,0,1,1,1.7446626205903233,0.0063124345967383,396825.3968253968,600600.6006006007,2512.8571428571427,3803.243243243244,2512.8571428571427,396825.3968253968,0.9090909090909092,0.04,0.2043010752688172,1,65.10149
Nangate45,INVX1,TINV_X1,EN,ZN,rise,4.72397,0.003674923229,1.1,25.0,26.681,1.5180722891566267,6.3e-07,4.1500000000000005e-07,1,1,1,1.7446626205903233,0.0036681871965212,1587301.5873015872,2409638.554216868,5833.211474603175,8855.236696385544,5833.211474603175,1587301.5873015872,0.9090909090909092,0.04,0.2057416267942584,1,18.08492
Nangate45,INVX1,INV_X16,A,ZN,fall,1.1737799999999998,0.000365616,1.1,25.0,3.18857,1.5180722891566267,6.3e-07,4.1500000000000005e-07,1,1,1,0.7764675876261998,0.000365549178757,1587301.5873015872,2409638.554216868,580.3428571428572,881.0024096385544,881.0024096385544,2409638.554216868,0.9090909090909092,0.04,0.2057416267942584,1,10.356115
Nangate45,INVX1,TINV_X1,EN,ZN,rise,78.0596,0.002245113229,1.1,25.0,29.93,1.5180722891566267,6.3e-07,4.1500000000000005e-07,1,1,1,4.370201998407221,0.0022425967281435,1587301.5873015872,2409638.554216868,3563.6717920634924,5409.911395180725,3563.6717920634924,1587301.5873015872,0.9090909090909092,0.04,0.2057416267942584,1,38.718845
Nangate45,NORX1,XNOR2_X1,A,ZN,rise,130.081,0.0130081,1.1,25.0,86.313,1.5180722891566267,1.26e-06,8.299999999999999e-07,0,1,1,4.875815452730412,0.0129242212859107,793650.7936507936,1204819.277108434,10323.88888888889,15672.409638554222,10323.88888888889,793650.7936507936,0.9090909090909092,0.04,0.2057416267942584,1,126.55072
Nangate45,NANDX1,NAND3_X1,A2,ZN,rise,17.1859,0.0145912,1.1,25.0,53.3362,1.5180722891566267,1.26e-06,8.299999999999999e-07,0,1,1,2.900646568553312,0.0144857727440233,793650.7936507936,1204819.277108434,11580.31746031746,17579.75903614458,11580.31746031746,793650.7936507936,0.9090909090909092,0.04,0.2057416267942584,1,64.36075
Nangate45,NORX1,XNOR2_X1,B,ZN,rise,17.1859,0.000365616,1.1,25.0,28.139,1.5180722891566267,1.26e-06,8.299999999999999e-07,0,1,1,2.900646568553312,0.000365549178757,793650.7936507936,1204819.277108434,290.1714285714286,440.5012048192772,290.1714285714286,793650.7936507936,0.9090909090909092,0.04,0.2057416267942584,1,50.129528
Nangate45,NORX1,NOR2_X1,A2,ZN,rise,78.0596,0.0267029,1.1,25.0,181.992,1.5180722891566267,1.26e-06,8.299999999999999e-07,0,1,1,4.370201998407221,0.0263525999024103,793650.7936507936,1204819.277108434,21192.777777777777,32172.1686746988,21192.777777777777,793650.7936507936,0.9090909090909092,0.04,0.2057416267942584,1,160.32455
Nangate45,INVX1,TINV_X1,I,ZN,fall,130.081,0.003674923229,1.1,25.0,31.5308,1.5180722891566267,6.3e-07,4.1500000000000005e-07,1,1,1,4.875815452730412,0.0036681871965212,1587301.5873015872,2409638.554216868,5833.211474603175,8855.236696385544,8855.236696385544,2409638.554216868,0.9090909090909092,0.04,0.2057416267942584,1,36.22246
Nangate45,XORX1,XOR2_X1,B,Z,fall,40.9838,0.0126648,1.1,25.0,85.56800000000001,1.5135135135135138,2.52e-06,1.6649999999999995e-06,0,1,1,3.737283829590765,0.0125852721858001,396825.3968253968,600600.6006006007,5025.714285714285,7606.486486486488,7606.486486486488,600600.6006006007,0.9090909090909092,0.04,0.2043010752688172,1,65.37374
Nangate45,INVX1,TINV_X1,EN,ZN,rise,130.081,0.002245113229,1.1,25.0,25.81,1.5180722891566267,6.3e-07,4.1500000000000005e-07,1,1,1,4.875815452730412,0.0022425967281435,1587301.5873015872,2409638.554216868,3563.6717920634924,5409.911395180725,3563.6717920634924,1587301.5873015872,0.9090909090909092,0.04,0.2057416267942584,1,43.399
Nangate45,NANDX1,NAND3_X1,A2,ZN,fall,17.1859,0.0018239,1.1,25.0,22.7927,1.5180722891566267,1.26e-06,8.299999999999999e-07,0,1,1,2.900646568553312,0.0018222387141011,793650.7936507936,1204819.277108434,1447.5396825396824,2197.4698795180725,2197.4698795180725,1204819.277108434,0.9090909090909092,0.04,0.2057416267942584,1,14.375714
Nangate45,NORX1,NOR3_X1,A2,ZN,fall,40.9838,0.0160217,1.1,25.0,42.2465,1.5180722891566267,1.26e-06,8.299999999999999e-07,0,1,1,3.737283829590765,0.0158947071959221,793650.7936507936,1204819.277108434,12715.63492063492,19303.253012048197,19303.253012048197,1204819.277108434,0.9090909090909092,0.04,0.2057416267942584,1,49.751255
Nangate45,XORX1,XOR2_X1,B,Z,fall,17.1859,0.0031662,1.1,25.0,61.302,1.5135135135135138,2.52e-06,1.6649999999999995e-06,0,1,1,2.900646568553312,0.0031611981439168,396825.3968253968,600600.6006006007,1256.428571428571,1901.621621621622,1901.621621621622,600600.6006006007,0.9090909090909092,0.04,0.2043010752688172,1,40.243828
Nangate45,NORX1,NOR2_X1,A2,ZN,rise,1.1737799999999998,0.0066757299999999,1.1,25.0,50.2508,1.5180722891566267,1.26e-06,8.299999999999999e-07,0,1,1,0.7764675876261998,0.0066535459893972,793650.7936507936,1204819.277108434,5298.198412698412,8043.048192771084,5298.198412698412,793650.7936507936,0.9090909090909092,0.04,0.2057416267942584,1,55.357365
Nangate45,NORX1,NOR4_X1,A3,ZN,fall,17.1859,0.00063952,1.1,25.0,12.473400000000002,1.5180722891566267,1.26e-06,8.299999999999999e-07,0,1,1,2.900646568553312,0.0006393155942278,793650.7936507936,1204819.277108434,507.5555555555555,770.5060240963857,770.5060240963857,1204819.277108434,0.9090909090909092,0.04,0.2057416267942584,1,16.176636
Nangate45,NANDX1,NAND3_X1,A1,ZN,fall,78.0596,0.0018239,1.1,25.0,30.5247,1.5180722891566267,1.26e-06,8.299999999999999e-07,0,1,1,4.370201998407221,0.0018222387141011,793650.7936507936,1204819.277108434,1447.5396825396824,2197.4698795180725,2197.4698795180725,1204819.277108434,0.9090909090909092,0.04,0.2057416267942584,1,25.896389
Nangate45,XORX1,XOR2_X1,A,Z,rise,17.1859,0.0126648,1.1,25.0,85.52,1.5135135135135138,2.52e-06,1.6649999999999995e-06,0,1,1,2.900646568553312,0.0125852721858001,396825.3968253968,600600.6006006007,5025.714285714285,7606.486486486488,5025.714285714285,396825.3968253968,0.9090909090909092,0.04,0.2043010752688172,1,83.52492
Nangate45,INVX2,INV_X2,A,ZN,fall,198.535,0.030365,1.1,25.0,54.5488,1.5180722891566267,1.26e-06,8.299999999999999e-07,1,1,1,5.295989659538859,0.0299131083997428,793650.7936507936,1204819.277108434,24099.206349206343,36584.3373493976,36584.3373493976,1204819.277108434,0.9090909090909092,0.04,0.2057416267942584,1,68.69686
Nangate45,NORX1,NOR4_X1,A2,ZN,fall,17.1859,0.00342249,1.1,25.0,16.8122,1.5180722891566267,1.26e-06,8.299999999999999e-07,0,1,1,2.900646568553312,0.0034166466099336,793650.7936507936,1204819.277108434,2716.2619047619046,4123.481927710844,4123.481927710844,1204819.277108434,0.9090909090909092,0.04,0.2057416267942584,1,16.212742
Nangate45,NANDX1,NAND4_X1,A3,ZN,rise,1.1737799999999998,0.0017499899999999,1.1,25.0,18.0564,1.5180722891566267,1.26e-06,8.299999999999999e-07,0,1,1,0.7764675876261998,0.0017484605515862,793650.7936507936,1204819.277108434,1388.8809523809523,2108.421686746988,1388.8809523809523,793650.7936507936,0.9090909090909092,0.04,0.2057416267942584,1,26.381079
Nangate45,XORX1,XOR2_X1,A,Z,rise,78.0596,0.0063324,1.1,25.0,82.058,1.5135135135135138,2.52e-06,1.6649999999999995e-06,0,1,1,4.370201998407221,0.0063124345967383,396825.3968253968,600600.6006006007,2512.8571428571427,3803.243243243244,2512.8571428571427,396825.3968253968,0.9090909090909092,0.04,0.2043010752688172,1,82.80645
Nangate45,INVX1,TINV_X1,EN,ZN,rise,17.1859,0.002245113229,1.1,25.0,23.037,1.5180722891566267,6.3e-07,4.1500000000000005e-07,1,1,1,2.900646568553312,0.0022425967281435,1587301.5873015872,2409638.554216868,3563.6717920634924,5409.911395180725,3563.6717920634924,1587301.5873015872,0.9090909090909092,0.04,0.2057416267942584,1,20.73673
Nangate45,NORX1,XNOR2_X1,B,ZN,rise,130.081,0.00650405,1.1,25.0,68.42099999999999,1.5180722891566267,1.26e-06,8.299999999999999e-07,0,1,1,4.875815452730412,0.0064829899346209,793650.7936507936,1204819.277108434,5161.944444444445,7836.204819277111,5161.944444444445,793650.7936507936,0.9090909090909092,0.04,0.2057416267942584,1,86.31168
Nangate45,NANDX1,NAND4_X1,A4,ZN,rise,4.72397,0.00699997,1.1,25.0,34.240399999999994,1.5180722891566267,1.26e-06,8.299999999999999e-07,0,1,1,1.7446626205903233,0.006975583944965,793650.7936507936,1204819.277108434,5555.531746031746,8433.698795180724,5555.531746031746,793650.7936507936,0.9090909090909092,0.04,0.2057416267942584,1,34.40281
Nangate45,NANDX1,NAND2_X1,A2,ZN,fall,130.081,0.0148392,1.1,25.0,70.49719999999999,1.5180722891566267,1.26e-06,8.299999999999999e-07,0,1,1,4.875815452730412,0.0147301762980792,793650.7936507936,1204819.277108434,11777.142857142857,17878.554216867473,17878.554216867473,1204819.277108434,0.9090909090909092,0.04,0.2057416267942584,1,108.00981
Nangate45,XORX1,XOR2_X1,B,Z,fall,198.535,0.000365616,1.1,25.0,108.494,1.5135135135135138,2.52e-06,1.6649999999999995e-06,0,1,1,5.295989659538859,0.000365549178757,396825.3968253968,600600.6006006007,145.0857142857143,219.58918918918928,219.58918918918928,600600.6006006007,0.9090909090909092,0.04,0.2043010752688172,1,46.155247
Nangate45,NANDX1,NAND3_X1,A3,ZN,fall,17.1859,0.0145912,1.1,25.0,60.833400000000005,1.5180722891566267,1.26e-06,8.299999999999999e-07,0,1,1,2.900646568553312,0.0144857727440233,793650.7936507936,1204819.277108434,11580.31746031746,17579.75903614458,17579.75903614458,1204819.277108434,0.9090909090909092,0.04,0.2057416267942584,1,43.53391
Nangate45,NORX1,XNOR2_X1,A,ZN,fall,40.9838,0.0130081,1.1,25.0,50.646,1.5180722891566267,1.26e-06,8.299999999999999e-07,0,1,1,3.737283829590765,0.0129242212859107,793650.7936507936,1204819.277108434,10323.88888888889,15672.409638554222,15672.409638554222,1204819.277108434,0.9090909090909092,0.04,0.2057416267942584,1,38.00377
Nangate45,INVX1,INV_X1,A,ZN,rise,40.9838,0.000365616,1.1,25.0,16.9697,1.5180722891566267,6.3e-07,4.1500000000000005e-07,1,1,1,3.737283829590765,0.000365549178757,1587301.5873015872,2409638.554216868,580.3428571428572,881.0024096385544,580.3428571428572,1587301.5873015872,0.9090909090909092,0.04,0.2057416267942584,1,13.559972
Nangate45,NANDX1,NAND2_X1,A2,ZN,fall,40.9838,0.00741959,1.1,25.0,34.7862,1.5180722891566267,1.26e-06,8.299999999999999e-07,0,1,1,3.737283829590765,0.0073922002392085,793650.7936507936,1204819.277108434,5888.563492063492,8939.265060240965,8939.265060240965,1204819.277108434,0.9090909090909092,0.04,0.2057416267942584,1,33.23599
Nangate45,NORX1,NOR2_X1,A1,ZN,rise,17.1859,0.000365616,1.1,25.0,20.2027,1.5180722891566267,1.26e-06,8.299999999999999e-07,0,1,1,2.900646568553312,0.000365549178757,793650.7936507936,1204819.277108434,290.1714285714286,440.5012048192772,290.1714285714286,793650.7936507936,0.9090909090909092,0.04,0.2057416267942584,1,50.342884
Nangate45,NORX1,XNOR2_X1,A,ZN,rise,1.1737799999999998,0.000813006,1.1,25.0,32.232,1.5180722891566267,1.26e-06,8.299999999999999e-07,0,1,1,0.7764675876261998,0.0008126756896393,793650.7936507936,1204819.277108434,645.2428571428571,979.5253012048196,645.2428571428571,793650.7936507936,0.9090909090909092,0.04,0.2057416267942584,1,37.62281
Nangate45,NANDX1,NAND4_X1,A2,ZN,fall,78.0596,0.00349999,1.1,25.0,53.0424,1.5180722891566267,1.26e-06,8.299999999999999e-07,0,1,1,4.370201998407221,0.0034938792891336,793650.7936507936,1204819.277108434,2777.769841269841,4216.855421686748,4216.855421686748,1204819.277108434,0.9090909090909092,0.04,0.2057416267942584,1,30.25038
Nangate45,NORX1,NOR2_X1,A1,ZN,rise,198.535,0.00333786,1.1,25.0,95.033,1.5180722891566267,1.26e-06,8.299999999999999e-07,0,1,1,5.295989659538859,0.0033323017104042,793650.7936507936,1204819.277108434,2649.095238095238,4021.518072289157,2649.095238095238,793650.7936507936,0.9090909090909092,0.04,0.2057416267942584,1,97.30711
Nangate45,NORX1,XNOR2_X1,B,ZN,rise,4.72397,0.0130081,1.1,25.0,87.912,1.5180722891566267,1.26e-06,8.299999999999999e-07,0,1,1,1.7446626205903233,0.0129242212859107,793650.7936507936,1204819.277108434,10323.88888888889,15672.409638554222,10323.88888888889,793650.7936507936,0.9090909090909092,0.04,0.2057416267942584,1,94.93258
Nangate45,XORX1,XOR2_X1,B,Z,rise,130.081,0.0126648,1.1,25.0,113.52,1.5135135135135138,2.52e-06,1.6649999999999995e-06,0,1,1,4.875815452730412,0.0125852721858001,396825.3968253968,600600.6006006007,5025.714285714285,7606.486486486488,5025.714285714285,396825.3968253968,0.9090909090909092,0.04,0.2043010752688172,1,114.26433
Nangate45,NORX1,NOR3_X1,A2,ZN,fall,17.1859,0.000365616,1.1,25.0,10.1517,1.5180722891566267,1.26e-06,8.299999999999999e-07,0,1,1,2.900646568553312,0.000365549178757,793650.7936507936,1204819.277108434,290.1714285714286,440.5012048192772,440.5012048192772,1204819.277108434,0.9090909090909092,0.04,0.2057416267942584,1,15.123589
Nangate45,NORX1,XNOR2_X1,A,ZN,fall,17.1859,0.0130081,1.1,25.0,65.296,1.5180722891566267,1.26e-06,8.299999999999999e-07,0,1,1,2.900646568553312,0.0129242212859107,793650.7936507936,1204819.277108434,10323.88888888889,15672.409638554222,15672.409638554222,1204819.277108434,0.9090909090909092,0.04,0.2057416267942584,1,33.266376
Nangate45,NANDX1,NAND3_X1,A3,ZN,fall,130.081,0.0291825,1.1,25.0,126.644,1.5180722891566267,1.26e-06,8.299999999999999e-07,0,1,1,4.875815452730412,0.0287647977830285,793650.7936507936,1204819.277108434,23160.714285714286,35159.63855421687,35159.63855421687,1204819.277108434,0.9090909090909092,0.04,0.2057416267942584,1,122.63735
Nangate45,NORX1,NOR4_X1,A1,ZN,rise,130.081,0.00342249,1.1,25.0,120.864,1.5180722891566267,1.26e-06,8.299999999999999e-07,0,1,1,4.875815452730412,0.0034166466099336,793650.7936507936,1204819.277108434,2716.2619047619046,4123.481927710844,2716.2619047619046,793650.7936507936,0.9090909090909092,0.04,0.2057416267942584,1,75.77321
Nangate45,INVX2,INV_X2,A,ZN,rise,78.0596,0.12146,1.1,25.0,190.328,1.5180722891566267,1.26e-06,8.299999999999999e-07,1,1,1,4.370201998407221,0.1146314078240044,793650.7936507936,1204819.277108434,96396.82539682538,146337.34939759038,96396.82539682538,793650.7936507936,0.9090909090909092,0.04,0.2057416267942584,1,136.3078
Nangate45,XORX1,XOR2_X1,B,Z,rise,4.72397,0.00079155,1.1,25.0,24.524,1.5135135135135138,2.52e-06,1.6649999999999995e-06,0,1,1,1.7446626205903233,0.0007912368895162,396825.3968253968,600600.6006006007,314.10714285714283,475.40540540540553,314.10714285714283,396825.3968253968,0.9090909090909092,0.04,0.2043010752688172,1,29.646868
Nangate45,INVX1,TINV_X1,I,ZN,rise,4.72397,0.001526164229,1.1,25.0,24.4219,1.5180722891566267,6.3e-07,4.1500000000000005e-07,1,1,1,1.7446626205903233,0.0015250008239207,1587301.5873015872,2409638.554216868,2422.482903174603,3677.5041662650606,2422.482903174603,1587301.5873015872,0.9090909090909092,0.04,0.2057416267942584,1,14.045771
Nangate45,NORX1,NOR3_X1,A2,ZN,rise,78.0596,0.001289,1.1,25.0,64.1505,1.5180722891566267,1.26e-06,8.299999999999999e-07,0,1,1,4.370201998407221,0.0012881699527107,793650.7936507936,1204819.277108434,1023.015873015873,1553.012048192771,1023.015873015873,793650.7936507936,0.9090909090909092,0.04,0.2057416267942584,1,74.97224
Nangate45,NANDX1,NAND2_X1,A1,ZN,rise,198.535,0.000365616,1.1,25.0,41.5987,1.5180722891566267,1.26e-06,8.299999999999999e-07,0,1,1,5.295989659538859,0.000365549178757,793650.7936507936,1204819.277108434,290.1714285714286,440.5012048192772,290.1714285714286,793650.7936507936,0.9090909090909092,0.04,0.2057416267942584,1,56.03515
Nangate45,NORX1,NOR2_X1,A1,ZN,fall,17.1859,0.0133515,1.1,25.0,26.9866,1.5180722891566267,1.26e-06,8.299999999999999e-07,0,1,1,2.900646568553312,0.0132631542209015,793650.7936507936,1204819.277108434,10596.42857142857,16086.144578313257,16086.144578313257,1204819.277108434,0.9090909090909092,0.04,0.2057416267942584,1,22.579683
Nangate45,NANDX1,NAND2_X1,A2,ZN,fall,78.0596,0.00741959,1.1,25.0,41.3564,1.5180722891566267,1.26e-06,8.299999999999999e-07,0,1,1,4.370201998407221,0.0073922002392085,793650.7936507936,1204819.277108434,5888.563492063492,8939.265060240965,8939.265060240965,1204819.277108434,0.9090909090909092,0.04,0.2057416267942584,1,40.836437
Nangate45,INVX1,TINV_X1,I,ZN,rise,198.535,0.001164659229,1.1,25.0,68.7328,1.5180722891566267,6.3e-07,4.1500000000000005e-07,1,1,1,5.295989659538859,0.0011639815395739,1587301.5873015872,2409638.554216868,1848.6654428571424,2806.407780722892,1848.6654428571424,1587301.5873015872,0.9090909090909092,0.04,0.2057416267942584,1,35.32255
Nangate45,NORX1,NOR3_X1,A3,ZN,fall,130.081,0.0160217,1.1,25.0,60.0936,1.5180722891566267,1.26e-06,8.299999999999999e-07,0,1,1,4.875815452730412,0.0158947071959221,793650.7936507936,1204819.277108434,12715.63492063492,19303.253012048197,19303.253012048197,1204819.277108434,0.9090909090909092,0.04,0.2057416267942584,1,86.955635
Nangate45,NANDX1,NAND4_X1,A4,ZN,rise,40.9838,0.00349999,1.1,25.0,44.1081,1.5180722891566267,1.26e-06,8.299999999999999e-07,0,1,1,3.737283829590765,0.0034938792891336,793650.7936507936,1204819.277108434,2777.769841269841,4216.855421686748,2777.769841269841,793650.7936507936,0.9090909090909092,0.04,0.2057416267942584,1,37.40917
Nangate45,NANDX1,NAND4_X1,A4,ZN,fall,4.72397,0.00349999,1.1,25.0,36.3683,1.5180722891566267,1.26e-06,8.299999999999999e-07,0,1,1,1.7446626205903233,0.0034938792891336,793650.7936507936,1204819.277108434,2777.769841269841,4216.855421686748,4216.855421686748,1204819.277108434,0.9090909090909092,0.04,0.2057416267942584,1,13.278674
Nangate45,NORX1,NOR2_X1,A2,ZN,rise,78.0596,0.00333786,1.1,25.0,60.3554,1.5180722891566267,1.26e-06,8.299999999999999e-07,0,1,1,4.370201998407221,0.0033323017104042,793650.7936507936,1204819.277108434,2649.095238095238,4021.518072289157,2649.095238095238,793650.7936507936,0.9090909090909092,0.04,0.2057416267942584,1,72.871544
Nangate45,NANDX1,NAND4_X1,A1,ZN,fall,78.0596,0.0279999,1.1,25.0,149.239,1.5180722891566267,1.26e-06,8.299999999999999e-07,0,1,1,4.370201998407221,0.027615069756704,793650.7936507936,1204819.277108434,22222.14285714286,33734.81927710844,33734.81927710844,1204819.277108434,0.9090909090909092,0.04,0.2057416267942584,1,113.859474
