tech,cell_type,cell_name,from_pin,to_pin,pol,slew,cap,voltage,temp,delay,wp_over_wn,wp_sum,wn_sum,is_inv,stack_pu,stack_pd,log_slew,log_cap,req_p,req_n,rc_p,rc_n,rc_eff,req_eff,inv_v,inv_temp,pn_balance
Nangate45,NANDX1,NAND2_X1,A1,ZN,fall,17.1859,0.00370979,1.1,25.0,20.1499,1.5180722891566267,1.26,0.8299999999999998,0,1,1,2.900646568553312,0.003702925700579529,0.7936507936507936,1.204819277108434,0.002944277777777778,0.004469626506024098,0.004469626506024098,1.204819277108434,0.9090909090909091,0.04,0.20574162679425848
Nangate45,NORX1,NOR2_X1,A2,ZN,fall,198.535,0.0033378600000000002,1.1,25.0,14.161800000000001,1.5180722891566267,1.26,0.8299999999999998,0,1,1,5.295989659538859,0.0033323017104042833,0.7936507936507936,1.204819277108434,0.002649095238095238,0.004021518072289158,0.004021518072289158,1.204819277108434,0.9090909090909091,0.04,0.20574162679425848
Nangate45,NORX1,NOR2_X1,A2,ZN,rise,1.1737799999999998,0.0066757299999999995,1.1,25.0,50.2508,1.5180722891566267,1.26,0.8299999999999998,0,1,1,0.7764675876261998,0.006653545989397293,0.7936507936507936,1.204819277108434,0.005298198412698412,0.008043048192771086,0.005298198412698412,0.7936507936507936,0.9090909090909091,0.04,0.20574162679425848
Nangate45,INVX2,INV_X2,A,ZN,rise,1.1737799999999998,0.06073,1.1,25.0,78.3533,1.5180722891566267,1.26,0.8299999999999998,1,1,1,0.7764675876261998,0.05895735033852654,0.7936507936507936,1.204819277108434,0.04819841269841269,0.0731686746987952,0.04819841269841269,0.7936507936507936,0.9090909090909091,0.04,0.20574162679425848
Nangate45,NORX1,NOR2_X1,A2,ZN,fall,130.081,0.0008344660000000001,1.1,25.0,6.94968,1.5180722891566267,1.26,0.8299999999999998,0,1,1,4.875815452730412,0.000834118026815161,0.7936507936507936,1.204819277108434,0.0006622746031746032,0.0010053807228915666,0.0010053807228915666,1.204819277108434,0.9090909090909091,0.04,0.20574162679425848
Nangate45,NANDX1,NAND2_X1,A2,ZN,rise,4.7239700000000004,0.0148392,1.1,25.0,46.3691,1.5180722891566267,1.26,0.8299999999999998,0,1,1,1.7446626205903233,0.014730176298079229,0.7936507936507936,1.204819277108434,0.011777142857142858,0.017878554216867477,0.011777142857142858,0.7936507936507936,0.9090909090909091,0.04,0.20574162679425848
Nangate45,INVX2,INV_X2,A,ZN,rise,130.081,0.00379562,1.1,25.0,42.8311,1.5180722891566267,1.26,0.8299999999999998,1,1,1,4.875815452730412,0.0037884348101687258,0.7936507936507936,1.204819277108434,0.003012396825396825,0.0045730361445783145,0.003012396825396825,0.7936507936507936,0.9090909090909091,0.04,0.20574162679425848
Nangate45,INVX2,INV_X2,A,ZN,rise,4.7239700000000004,0.12146,1.1,25.0,152.93699999999998,1.5180722891566267,1.26,0.8299999999999998,1,1,1,1.7446626205903233,0.1146314078240044,0.7936507936507936,1.204819277108434,0.09639682539682538,0.1463373493975904,0.09639682539682538,0.7936507936507936,0.9090909090909091,0.04,0.20574162679425848
Nangate45,NORX1,NOR2_X1,A1,ZN,rise,17.1859,0.0267029,1.1,25.0,153.365,1.5180722891566267,1.26,0.8299999999999998,0,1,1,2.900646568553312,0.026352599902410307,0.7936507936507936,1.204819277108434,0.02119277777777778,0.032172168674698805,0.02119277777777778,0.7936507936507936,0.9090909090909091,0.04,0.20574162679425848
Nangate45,INVX1,INV_X1,A,ZN,fall,40.9838,0.00036561600000000003,1.1,25.0,5.01217,1.5180722891566267,0.63,0.4149999999999999,1,1,1,3.737283829590765,0.0003655491787570529,1.5873015873015872,2.409638554216868,0.0005803428571428572,0.0008810024096385545,0.0008810024096385545,2.409638554216868,0.9090909090909091,0.04,0.20574162679425848
Nangate45,INVX2,INV_X2,A,ZN,fall,17.1859,0.030365,1.1,25.0,28.625,1.5180722891566267,1.26,0.8299999999999998,1,1,1,2.900646568553312,0.029913108399742868,0.7936507936507936,1.204819277108434,0.024099206349206346,0.0365843373493976,0.0365843373493976,1.204819277108434,0.9090909090909091,0.04,0.20574162679425848
Nangate45,NANDX1,NAND2_X1,A1,ZN,rise,1.1737799999999998,0.00741959,1.1,25.0,24.7561,1.5180722891566267,1.26,0.8299999999999998,0,1,1,0.7764675876261998,0.0073922002392085295,0.7936507936507936,1.204819277108434,0.005888563492063492,0.008939265060240967,0.005888563492063492,0.7936507936507936,0.9090909090909091,0.04,0.20574162679425848
Nangate45,NANDX1,NAND2_X1,A1,ZN,fall,40.9838,0.0593567,1.1,25.0,145.41299999999998,1.5180722891566267,1.26,0.8299999999999998,0,1,1,3.737283829590765,0.05766183710119177,0.7936507936507936,1.204819277108434,0.04710849206349206,0.07151409638554218,0.07151409638554218,1.204819277108434,0.9090909090909091,0.04,0.20574162679425848
Nangate45,NANDX1,NAND2_X1,A1,ZN,rise,1.1737799999999998,0.0148392,1.1,25.0,42.610099999999996,1.5180722891566267,1.26,0.8299999999999998,0,1,1,0.7764675876261998,0.014730176298079229,0.7936507936507936,1.204819277108434,0.011777142857142858,0.017878554216867477,0.011777142857142858,0.7936507936507936,0.9090909090909091,0.04,0.20574162679425848
Nangate45,INVX1,INV_X1,A,ZN,fall,78.0596,0.06073,1.1,25.0,111.006,1.5180722891566267,0.63,0.4149999999999999,1,1,1,4.370201998407221,0.05895735033852654,1.5873015873015872,2.409638554216868,0.09639682539682538,0.1463373493975904,0.1463373493975904,2.409638554216868,0.9090909090909091,0.04,0.20574162679425848
Nangate45,NORX1,NOR2_X1,A2,ZN,fall,1.1737799999999998,0.0267029,1.1,25.0,37.6546,1.5180722891566267,1.26,0.8299999999999998,0,1,1,0.7764675876261998,0.026352599902410307,0.7936507936507936,1.204819277108434,0.02119277777777778,0.032172168674698805,0.032172168674698805,1.204819277108434,0.9090909090909091,0.04,0.20574162679425848
Nangate45,NANDX1,NAND2_X1,A2,ZN,rise,198.535,0.0018549,1.1,25.0,63.0613,1.5180722891566267,1.26,0.8299999999999998,0,1,1,5.295989659538859,0.0018531817973962343,0.7936507936507936,1.204819277108434,0.0014721428571428572,0.0022348192771084346,0.0014721428571428572,0.7936507936507936,0.9090909090909091,0.04,0.20574162679425848
Nangate45,NANDX1,NAND2_X1,A1,ZN,fall,78.0596,0.00741959,1.1,25.0,43.380799999999994,1.5180722891566267,1.26,0.8299999999999998,0,1,1,4.370201998407221,0.0073922002392085295,0.7936507936507936,1.204819277108434,0.005888563492063492,0.008939265060240967,0.008939265060240967,1.204819277108434,0.9090909090909091,0.04,0.20574162679425848
Nangate45,NORX1,NOR2_X1,A2,ZN,fall,17.1859,0.0133515,1.1,25.0,28.2832,1.5180722891566267,1.26,0.8299999999999998,0,1,1,2.900646568553312,0.01326315422090152,0.7936507936507936,1.204819277108434,0.010596428571428571,0.01608614457831326,0.01608614457831326,1.204819277108434,0.9090909090909091,0.04,0.20574162679425848
Nangate45,NANDX1,NAND2_X1,A1,ZN,fall,4.7239700000000004,0.00370979,1.1,25.0,15.1696,1.5180722891566267,1.26,0.8299999999999998,0,1,1,1.7446626205903233,0.003702925700579529,0.7936507936507936,1.204819277108434,0.002944277777777778,0.004469626506024098,0.004469626506024098,1.204819277108434,0.9090909090909091,0.04,0.20574162679425848
Nangate45,NANDX1,NAND2_X1,A1,ZN,fall,1.1737799999999998,0.00741959,1.1,25.0,21.6539,1.5180722891566267,1.26,0.8299999999999998,0,1,1,0.7764675876261998,0.0073922002392085295,0.7936507936507936,1.204819277108434,0.005888563492063492,0.008939265060240967,0.008939265060240967,1.204819277108434,0.9090909090909091,0.04,0.20574162679425848
Nangate45,INVX2,INV_X2,A,ZN,fall,17.1859,0.12146,1.1,25.0,83.7588,1.5180722891566267,1.26,0.8299999999999998,1,1,1,2.900646568553312,0.1146314078240044,0.7936507936507936,1.204819277108434,0.09639682539682538,0.1463373493975904,0.1463373493975904,1.204819277108434,0.9090909090909091,0.04,0.20574162679425848
Nangate45,NANDX1,NAND2_X1,A1,ZN,fall,17.1859,0.0148392,1.1,25.0,43.3427,1.5180722891566267,1.26,0.8299999999999998,0,1,1,2.900646568553312,0.014730176298079229,0.7936507936507936,1.204819277108434,0.011777142857142858,0.017878554216867477,0.017878554216867477,1.204819277108434,0.9090909090909091,0.04,0.20574162679425848
Nangate45,NORX1,NOR2_X1,A1,ZN,fall,1.1737799999999998,0.0016689300000000001,1.1,25.0,5.6191699999999996,1.5180722891566267,1.26,0.8299999999999998,0,1,1,0.7764675876261998,0.001667538883896079,0.7936507936507936,1.204819277108434,0.001324547619047619,0.002010759036144579,0.002010759036144579,1.204819277108434,0.9090909090909091,0.04,0.20574162679425848
Nangate45,INVX1,INV_X1,A,ZN,rise,78.0596,0.00189781,1.1,25.0,32.7927,1.5180722891566267,0.63,0.4149999999999999,1,1,1,4.370201998407221,0.0018960114338003786,1.5873015873015872,2.409638554216868,0.003012396825396825,0.0045730361445783145,0.003012396825396825,1.5873015873015872,0.9090909090909091,0.04,0.20574162679425848
Nangate45,NANDX1,NAND2_X1,A2,ZN,rise,40.9838,0.0296783,1.1,25.0,100.423,1.5180722891566267,1.26,0.8299999999999998,0,1,1,3.737283829590765,0.02924642335925393,0.7936507936507936,1.204819277108434,0.02355420634920635,0.03575698795180724,0.02355420634920635,0.7936507936507936,0.9090909090909091,0.04,0.20574162679425848
Nangate45,NORX1,NOR2_X1,A1,ZN,rise,1.1737799999999998,0.0267029,1.1,25.0,147.594,1.5180722891566267,1.26,0.8299999999999998,0,1,1,0.7764675876261998,0.026352599902410307,0.7936507936507936,1.204819277108434,0.02119277777777778,0.032172168674698805,0.02119277777777778,0.7936507936507936,0.9090909090909091,0.04,0.20574162679425848
Nangate45,NORX1,NOR2_X1,A2,ZN,rise,78.0596,0.0016689300000000001,1.1,25.0,49.2194,1.5180722891566267,1.26,0.8299999999999998,0,1,1,4.370201998407221,0.001667538883896079,0.7936507936507936,1.204819277108434,0.001324547619047619,0.002010759036144579,0.001324547619047619,0.7936507936507936,0.9090909090909091,0.04,0.20574162679425848
Nangate45,NANDX1,NAND2_X1,A2,ZN,rise,17.1859,0.0296783,1.1,25.0,88.1978,1.5180722891566267,1.26,0.8299999999999998,0,1,1,2.900646568553312,0.02924642335925393,0.7936507936507936,1.204819277108434,0.02355420634920635,0.03575698795180724,0.02355420634920635,0.7936507936507936,0.9090909090909091,0.04,0.20574162679425848
Nangate45,NANDX1,NAND2_X1,A1,ZN,fall,198.535,0.0018549,1.1,25.0,19.2683,1.5180722891566267,1.26,0.8299999999999998,0,1,1,5.295989659538859,0.0018531817973962343,0.7936507936507936,1.204819277108434,0.0014721428571428572,0.0022348192771084346,0.0022348192771084346,1.204819277108434,0.9090909090909091,0.04,0.20574162679425848
Nangate45,INVX1,INV_X1,A,ZN,rise,1.1737799999999998,0.00379562,1.1,25.0,14.2069,1.5180722891566267,0.63,0.4149999999999999,1,1,1,0.7764675876261998,0.0037884348101687258,1.5873015873015872,2.409638554216868,0.00602479365079365,0.009146072289156629,0.00602479365079365,1.5873015873015872,0.9090909090909091,0.04,0.20574162679425848
Nangate45,INVX1,INV_X1,A,ZN,fall,40.9838,0.06073,1.1,25.0,94.1587,1.5180722891566267,0.63,0.4149999999999999,1,1,1,3.737283829590765,0.05895735033852654,1.5873015873015872,2.409638554216868,0.09639682539682538,0.1463373493975904,0.1463373493975904,2.409638554216868,0.9090909090909091,0.04,0.20574162679425848
Nangate45,NORX1,NOR2_X1,A1,ZN,fall,4.7239700000000004,0.0016689300000000001,1.1,25.0,7.173019999999999,1.5180722891566267,1.26,0.8299999999999998,0,1,1,1.7446626205903233,0.001667538883896079,0.7936507936507936,1.204819277108434,0.001324547619047619,0.002010759036144579,0.002010759036144579,1.204819277108434,0.9090909090909091,0.04,0.20574162679425848
Nangate45,NORX1,NOR2_X1,A1,ZN,rise,40.9838,0.0033378600000000002,1.1,25.0,46.929899999999996,1.5180722891566267,1.26,0.8299999999999998,0,1,1,3.737283829590765,0.0033323017104042833,0.7936507936507936,1.204819277108434,0.002649095238095238,0.004021518072289158,0.002649095238095238,0.7936507936507936,0.9090909090909091,0.04,0.20574162679425848
Nangate45,NORX1,NOR2_X1,A2,ZN,fall,4.7239700000000004,0.0066757299999999995,1.1,25.0,14.5163,1.5180722891566267,1.26,0.8299999999999998,0,1,1,1.7446626205903233,0.006653545989397293,0.7936507936507936,1.204819277108434,0.005298198412698412,0.008043048192771086,0.008043048192771086,1.204819277108434,0.9090909090909091,0.04,0.20574162679425848
Nangate45,NANDX1,NAND2_X1,A1,ZN,rise,130.081,0.0148392,1.1,25.0,101.569,1.5180722891566267,1.26,0.8299999999999998,0,1,1,4.875815452730412,0.014730176298079229,0.7936507936507936,1.204819277108434,0.011777142857142858,0.017878554216867477,0.011777142857142858,0.7936507936507936,0.9090909090909091,0.04,0.20574162679425848
Nangate45,NORX1,NOR2_X1,A1,ZN,rise,17.1859,0.0033378600000000002,1.1,25.0,35.0583,1.5180722891566267,1.26,0.8299999999999998,0,1,1,2.900646568553312,0.0033323017104042833,0.7936507936507936,1.204819277108434,0.002649095238095238,0.004021518072289158,0.002649095238095238,0.7936507936507936,0.9090909090909091,0.04,0.20574162679425848
Nangate45,NANDX1,NAND2_X1,A2,ZN,fall,198.535,0.00370979,1.1,25.0,31.3815,1.5180722891566267,1.26,0.8299999999999998,0,1,1,5.295989659538859,0.003702925700579529,0.7936507936507936,1.204819277108434,0.002944277777777778,0.004469626506024098,0.004469626506024098,1.204819277108434,0.9090909090909091,0.04,0.20574162679425848
Nangate45,INVX1,INV_X1,A,ZN,rise,4.7239700000000004,0.00759125,1.1,25.0,24.9513,1.5180722891566267,0.63,0.4149999999999999,1,1,1,1.7446626205903233,0.0075625814570239825,1.5873015873015872,2.409638554216868,0.012049603174603173,0.0182921686746988,0.012049603174603173,1.5873015873015872,0.9090909090909091,0.04,0.20574162679425848
Nangate45,INVX1,INV_X1,A,ZN,fall,78.0596,0.0151825,1.1,25.0,45.9573,1.5180722891566267,0.63,0.4149999999999999,1,1,1,4.370201998407221,0.015068399286801608,1.5873015873015872,2.409638554216868,0.024099206349206346,0.0365843373493976,0.0365843373493976,2.409638554216868,0.9090909090909091,0.04,0.20574162679425848
Nangate45,INVX1,INV_X1,A,ZN,rise,1.1737799999999998,0.06073,1.1,25.0,150.988,1.5180722891566267,0.63,0.4149999999999999,1,1,1,0.7764675876261998,0.05895735033852654,1.5873015873015872,2.409638554216868,0.09639682539682538,0.1463373493975904,0.09639682539682538,1.5873015873015872,0.9090909090909091,0.04,0.20574162679425848
Nangate45,NORX1,NOR2_X1,A1,ZN,fall,130.081,0.0033378600000000002,1.1,25.0,12.8928,1.5180722891566267,1.26,0.8299999999999998,0,1,1,4.875815452730412,0.0033323017104042833,0.7936507936507936,1.204819277108434,0.002649095238095238,0.004021518072289158,0.004021518072289158,1.204819277108434,0.9090909090909091,0.04,0.20574162679425848
Nangate45,INVX2,INV_X2,A,ZN,rise,130.081,0.12146,1.1,25.0,218.333,1.5180722891566267,1.26,0.8299999999999998,1,1,1,4.875815452730412,0.1146314078240044,0.7936507936507936,1.204819277108434,0.09639682539682538,0.1463373493975904,0.09639682539682538,0.7936507936507936,0.9090909090909091,0.04,0.20574162679425848
Nangate45,INVX1,INV_X1,A,ZN,fall,1.1737799999999998,0.06073,1.1,25.0,76.66499999999999,1.5180722891566267,0.63,0.4149999999999999,1,1,1,0.7764675876261998,0.05895735033852654,1.5873015873015872,2.409638554216868,0.09639682539682538,0.1463373493975904,0.1463373493975904,2.409638554216868,0.9090909090909091,0.04,0.20574162679425848
Nangate45,INVX2,INV_X2,A,ZN,fall,1.1737799999999998,0.0151825,1.1,25.0,12.3911,1.5180722891566267,1.26,0.8299999999999998,1,1,1,0.7764675876261998,0.015068399286801608,0.7936507936507936,1.204819277108434,0.012049603174603173,0.0182921686746988,0.0182921686746988,1.204819277108434,0.9090909090909091,0.04,0.20574162679425848
Nangate45,NANDX1,NAND2_X1,A1,ZN,rise,17.1859,0.00741959,1.1,25.0,32.5101,1.5180722891566267,1.26,0.8299999999999998,0,1,1,2.900646568553312,0.0073922002392085295,0.7936507936507936,1.204819277108434,0.005888563492063492,0.008939265060240967,0.005888563492063492,0.7936507936507936,0.9090909090909091,0.04,0.20574162679425848
Nangate45,INVX2,INV_X2,A,ZN,fall,40.9838,0.00379562,1.1,25.0,11.0074,1.5180722891566267,1.26,0.8299999999999998,1,1,1,3.737283829590765,0.0037884348101687258,0.7936507936507936,1.204819277108434,0.003012396825396825,0.0045730361445783145,0.0045730361445783145,1.204819277108434,0.9090909090909091,0.04,0.20574162679425848
Nangate45,NORX1,NOR2_X1,A1,ZN,rise,130.081,0.0267029,1.1,25.0,207.02,1.5180722891566267,1.26,0.8299999999999998,0,1,1,4.875815452730412,0.026352599902410307,0.7936507936507936,1.204819277108434,0.02119277777777778,0.032172168674698805,0.02119277777777778,0.7936507936507936,0.9090909090909091,0.04,0.20574162679425848
Nangate45,INVX2,INV_X2,A,ZN,fall,4.7239700000000004,0.00379562,1.1,25.0,6.91097,1.5180722891566267,1.26,0.8299999999999998,1,1,1,1.7446626205903233,0.0037884348101687258,0.7936507936507936,1.204819277108434,0.003012396825396825,0.0045730361445783145,0.0045730361445783145,1.204819277108434,0.9090909090909091,0.04,0.20574162679425848
Nangate45,NORX1,NOR2_X1,A1,ZN,rise,130.081,0.0033378600000000002,1.1,25.0,76.8972,1.5180722891566267,1.26,0.8299999999999998,0,1,1,4.875815452730412,0.0033323017104042833,0.7936507936507936,1.204819277108434,0.002649095238095238,0.004021518072289158,0.002649095238095238,0.7936507936507936,0.9090909090909091,0.04,0.20574162679425848
Nangate45,NORX1,NOR2_X1,A2,ZN,rise,130.081,0.0033378600000000002,1.1,25.0,74.3384,1.5180722891566267,1.26,0.8299999999999998,0,1,1,4.875815452730412,0.0033323017104042833,0.7936507936507936,1.204819277108434,0.002649095238095238,0.004021518072289158,0.002649095238095238,0.7936507936507936,0.9090909090909091,0.04,0.20574162679425848
Nangate45,INVX1,INV_X1,A,ZN,fall,40.9838,0.00759125,1.1,25.0,24.8924,1.5180722891566267,0.63,0.4149999999999999,1,1,1,3.737283829590765,0.0075625814570239825,1.5873015873015872,2.409638554216868,0.012049603174603173,0.0182921686746988,0.0182921686746988,2.409638554216868,0.9090909090909091,0.04,0.20574162679425848
Nangate45,NORX1,NOR2_X1,A2,ZN,rise,78.0596,0.00036561600000000003,1.1,25.0,39.2881,1.5180722891566267,1.26,0.8299999999999998,0,1,1,4.370201998407221,0.0003655491787570529,0.7936507936507936,1.204819277108434,0.0002901714285714286,0.00044050120481927725,0.0002901714285714286,0.7936507936507936,0.9090909090909091,0.04,0.20574162679425848
Nangate45,NANDX1,NAND2_X1,A2,ZN,fall,78.0596,0.0148392,1.1,25.0,61.027,1.5180722891566267,1.26,0.8299999999999998,0,1,1,4.370201998407221,0.014730176298079229,0.7936507936507936,1.204819277108434,0.011777142857142858,0.017878554216867477,0.017878554216867477,1.204819277108434,0.9090909090909091,0.04,0.20574162679425848
Nangate45,INVX1,INV_X1,A,ZN,fall,78.0596,0.00189781,1.1,25.0,9.77055,1.5180722891566267,0.63,0.4149999999999999,1,1,1,4.370201998407221,0.0018960114338003786,1.5873015873015872,2.409638554216868,0.003012396825396825,0.0045730361445783145,0.0045730361445783145,2.409638554216868,0.9090909090909091,0.04,0.20574162679425848
Nangate45,NANDX1,NAND2_X1,A2,ZN,fall,4.7239700000000004,0.00741959,1.1,25.0,24.3197,1.5180722891566267,1.26,0.8299999999999998,0,1,1,1.7446626205903233,0.0073922002392085295,0.7936507936507936,1.204819277108434,0.005888563492063492,0.008939265060240967,0.008939265060240967,1.204819277108434,0.9090909090909091,0.04,0.20574162679425848
Nangate45,INVX1,INV_X1,A,ZN,rise,78.0596,0.00379562,1.1,25.0,42.2113,1.5180722891566267,0.63,0.4149999999999999,1,1,1,4.370201998407221,0.0037884348101687258,1.5873015873015872,2.409638554216868,0.00602479365079365,0.009146072289156629,0.00602479365079365,1.5873015873015872,0.9090909090909091,0.04,0.20574162679425848
Nangate45,NORX1,NOR2_X1,A1,ZN,rise,4.7239700000000004,0.00036561600000000003,1.1,25.0,14.2633,1.5180722891566267,1.26,0.8299999999999998,0,1,1,1.7446626205903233,0.0003655491787570529,0.7936507936507936,1.204819277108434,0.0002901714285714286,0.00044050120481927725,0.0002901714285714286,0.7936507936507936,0.9090909090909091,0.04,0.20574162679425848
Nangate45,NORX1,NOR2_X1,A2,ZN,rise,17.1859,0.0133515,1.1,25.0,90.9276,1.5180722891566267,1.26,0.8299999999999998,0,1,1,2.900646568553312,0.01326315422090152,0.7936507936507936,1.204819277108434,0.010596428571428571,0.01608614457831326,0.010596428571428571,0.7936507936507936,0.9090909090909091,0.04,0.20574162679425848
Nangate45,NORX1,NOR2_X1,A2,ZN,fall,4.7239700000000004,0.0033378600000000002,1.1,25.0,10.266,1.5180722891566267,1.26,0.8299999999999998,0,1,1,1.7446626205903233,0.0033323017104042833,0.7936507936507936,1.204819277108434,0.002649095238095238,0.004021518072289158,0.004021518072289158,1.204819277108434,0.9090909090909091,0.04,0.20574162679425848
Nangate45,NORX1,NOR2_X1,A1,ZN,rise,130.081,0.0133515,1.1,25.0,141.009,1.5180722891566267,1.26,0.8299999999999998,0,1,1,4.875815452730412,0.01326315422090152,0.7936507936507936,1.204819277108434,0.010596428571428571,0.01608614457831326,0.010596428571428571,0.7936507936507936,0.9090909090909091,0.04,0.20574162679425848
Nangate45,INVX1,INV_X1,A,ZN,fall,78.0596,0.030365,1.1,25.0,72.1436,1.5180722891566267,0.63,0.4149999999999999,1,1,1,4.370201998407221,0.029913108399742868,1.5873015873015872,2.409638554216868,0.04819841269841269,0.0731686746987952,0.0731686746987952,2.409638554216868,0.9090909090909091,0.04,0.20574162679425848
Nangate45,INVX1,INV_X1,A,ZN,fall,130.081,0.00759125,1.1,25.0,29.5626,1.5180722891566267,0.63,0.4149999999999999,1,1,1,4.875815452730412,0.0075625814570239825,1.5873015873015872,2.409638554216868,0.012049603174603173,0.0182921686746988,0.0182921686746988,2.409638554216868,0.9090909090909091,0.04,0.20574162679425848
Nangate45,INVX1,INV_X1,A,ZN,rise,130.081,0.0151825,1.1,25.0,101.62899999999999,1.5180722891566267,0.63,0.4149999999999999,1,1,1,4.875815452730412,0.015068399286801608,1.5873015873015872,2.409638554216868,0.024099206349206346,0.0365843373493976,0.024099206349206346,1.5873015873015872,0.9090909090909091,0.04,0.20574162679425848
Nangate45,NORX1,NOR2_X1,A2,ZN,fall,198.535,0.0016689300000000001,1.1,25.0,5.201169999999999,1.5180722891566267,1.26,0.8299999999999998,0,1,1,5.295989659538859,0.001667538883896079,0.7936507936507936,1.204819277108434,0.001324547619047619,0.002010759036144579,0.002010759036144579,1.204819277108434,0.9090909090909091,0.04,0.20574162679425848
Nangate45,NORX1,NOR2_X1,A2,ZN,fall,130.081,0.0016689300000000001,1.1,25.0,11.258000000000001,1.5180722891566267,1.26,0.8299999999999998,0,1,1,4.875815452730412,0.001667538883896079,0.7936507936507936,1.204819277108434,0.001324547619047619,0.002010759036144579,0.002010759036144579,1.204819277108434,0.9090909090909091,0.04,0.20574162679425848
Nangate45,NORX1,NOR2_X1,A2,ZN,rise,130.081,0.0016689300000000001,1.1,25.0,61.6735,1.5180722891566267,1.26,0.8299999999999998,0,1,1,4.875815452730412,0.001667538883896079,0.7936507936507936,1.204819277108434,0.001324547619047619,0.002010759036144579,0.001324547619047619,0.7936507936507936,0.9090909090909091,0.04,0.20574162679425848
Nangate45,NORX1,NOR2_X1,A2,ZN,fall,78.0596,0.0267029,1.1,25.0,69.2253,1.5180722891566267,1.26,0.8299999999999998,0,1,1,4.370201998407221,0.026352599902410307,0.7936507936507936,1.204819277108434,0.02119277777777778,0.032172168674698805,0.032172168674698805,1.204819277108434,0.9090909090909091,0.04,0.20574162679425848
Nangate45,NANDX1,NAND2_X1,A1,ZN,rise,17.1859,0.0148392,1.1,25.0,50.363699999999994,1.5180722891566267,1.26,0.8299999999999998,0,1,1,2.900646568553312,0.014730176298079229,0.7936507936507936,1.204819277108434,0.011777142857142858,0.017878554216867477,0.011777142857142858,0.7936507936507936,0.9090909090909091,0.04,0.20574162679425848
Nangate45,NANDX1,NAND2_X1,A2,ZN,rise,1.1737799999999998,0.00036561600000000003,1.1,25.0,9.60902,1.5180722891566267,1.26,0.8299999999999998,0,1,1,0.7764675876261998,0.0003655491787570529,0.7936507936507936,1.204819277108434,0.0002901714285714286,0.00044050120481927725,0.0002901714285714286,0.7936507936507936,0.9090909090909091,0.04,0.20574162679425848
Nangate45,NORX1,NOR2_X1,A1,ZN,fall,1.1737799999999998,0.0033378600000000002,1.1,25.0,7.67508,1.5180722891566267,1.26,0.8299999999999998,0,1,1,0.7764675876261998,0.0033323017104042833,0.7936507936507936,1.204819277108434,0.002649095238095238,0.004021518072289158,0.004021518072289158,1.204819277108434,0.9090909090909091,0.04,0.20574162679425848
Nangate45,INVX1,INV_X1,A,ZN,fall,40.9838,0.00379562,1.1,25.0,16.2361,1.5180722891566267,0.63,0.4149999999999999,1,1,1,3.737283829590765,0.0037884348101687258,1.5873015873015872,2.409638554216868,0.00602479365079365,0.009146072289156629,0.009146072289156629,2.409638554216868,0.9090909090909091,0.04,0.20574162679425848
Nangate45,INVX2,INV_X2,A,ZN,rise,130.081,0.00036561600000000003,1.1,25.0,30.410800000000002,1.5180722891566267,1.26,0.8299999999999998,1,1,1,4.875815452730412,0.0003655491787570529,0.7936507936507936,1.204819277108434,0.0002901714285714286,0.00044050120481927725,0.0002901714285714286,0.7936507936507936,0.9090909090909091,0.04,0.20574162679425848
Nangate45,NORX1,NOR2_X1,A2,ZN,rise,130.081,0.00036561600000000003,1.1,25.0,50.261,1.5180722891566267,1.26,0.8299999999999998,0,1,1,4.875815452730412,0.0003655491787570529,0.7936507936507936,1.204819277108434,0.0002901714285714286,0.00044050120481927725,0.0002901714285714286,0.7936507936507936,0.9090909090909091,0.04,0.20574162679425848
Nangate45,NANDX1,NAND2_X1,A1,ZN,rise,4.7239700000000004,0.0296783,1.1,25.0,79.9642,1.5180722891566267,1.26,0.8299999999999998,0,1,1,1.7446626205903233,0.02924642335925393,0.7936507936507936,1.204819277108434,0.02355420634920635,0.03575698795180724,0.02355420634920635,0.7936507936507936,0.9090909090909091,0.04,0.20574162679425848
Nangate45,INVX1,INV_X1,A,ZN,rise,4.7239700000000004,0.0151825,1.1,25.0,43.2921,1.5180722891566267,0.63,0.4149999999999999,1,1,1,1.7446626205903233,0.015068399286801608,1.5873015873015872,2.409638554216868,0.024099206349206346,0.0365843373493976,0.024099206349206346,1.5873015873015872,0.9090909090909091,0.04,0.20574162679425848
Nangate45,INVX1,INV_X1,A,ZN,fall,78.0596,0.00379562,1.1,25.0,16.9885,1.5180722891566267,0.63,0.4149999999999999,1,1,1,4.370201998407221,0.0037884348101687258,1.5873015873015872,2.409638554216868,0.00602479365079365,0.009146072289156629,0.009146072289156629,2.409638554216868,0.9090909090909091,0.04,0.20574162679425848
Nangate45,INVX2,INV_X2,A,ZN,fall,130.081,0.12146,1.1,25.0,133.209,1.5180722891566267,1.26,0.8299999999999998,1,1,1,4.875815452730412,0.1146314078240044,0.7936507936507936,1.204819277108434,0.09639682539682538,0.1463373493975904,0.1463373493975904,1.204819277108434,0.9090909090909091,0.04,0.20574162679425848
Nangate45,NANDX1,NAND2_X1,A2,ZN,rise,40.9838,0.0018549,1.1,25.0,30.5875,1.5180722891566267,1.26,0.8299999999999998,0,1,1,3.737283829590765,0.0018531817973962343,0.7936507936507936,1.204819277108434,0.0014721428571428572,0.0022348192771084346,0.0014721428571428572,0.7936507936507936,0.9090909090909091,0.04,0.20574162679425848
Nangate45,NORX1,NOR2_X1,A2,ZN,fall,1.1737799999999998,0.0133515,1.1,25.0,21.3323,1.5180722891566267,1.26,0.8299999999999998,0,1,1,0.7764675876261998,0.01326315422090152,0.7936507936507936,1.204819277108434,0.010596428571428571,0.01608614457831326,0.01608614457831326,1.204819277108434,0.9090909090909091,0.04,0.20574162679425848
Nangate45,INVX2,INV_X2,A,ZN,fall,4.7239700000000004,0.12146,1.1,25.0,78.3348,1.5180722891566267,1.26,0.8299999999999998,1,1,1,1.7446626205903233,0.1146314078240044,0.7936507936507936,1.204819277108434,0.09639682539682538,0.1463373493975904,0.1463373493975904,1.204819277108434,0.9090909090909091,0.04,0.20574162679425848
Nangate45,NANDX1,NAND2_X1,A1,ZN,fall,40.9838,0.00370979,1.1,25.0,25.6634,1.5180722891566267,1.26,0.8299999999999998,0,1,1,3.737283829590765,0.003702925700579529,0.7936507936507936,1.204819277108434,0.002944277777777778,0.004469626506024098,0.004469626506024098,1.204819277108434,0.9090909090909091,0.04,0.20574162679425848
Nangate45,NANDX1,NAND2_X1,A2,ZN,rise,78.0596,0.00741959,1.1,25.0,62.4101,1.5180722891566267,1.26,0.8299999999999998,0,1,1,4.370201998407221,0.0073922002392085295,0.7936507936507936,1.204819277108434,0.005888563492063492,0.008939265060240967,0.005888563492063492,0.7936507936507936,0.9090909090909091,0.04,0.20574162679425848
Nangate45,NANDX1,NAND2_X1,A1,ZN,fall,1.1737799999999998,0.0148392,1.1,25.0,37.087599999999995,1.5180722891566267,1.26,0.8299999999999998,0,1,1,0.7764675876261998,0.014730176298079229,0.7936507936507936,1.204819277108434,0.011777142857142858,0.017878554216867477,0.017878554216867477,1.204819277108434,0.9090909090909091,0.04,0.20574162679425848
Nangate45,NORX1,NOR2_X1,A2,ZN,rise,1.1737799999999998,0.0008344660000000001,1.1,25.0,20.3641,1.5180722891566267,1.26,0.8299999999999998,0,1,1,0.7764675876261998,0.000834118026815161,0.7936507936507936,1.204819277108434,0.0006622746031746032,0.0010053807228915666,0.0006622746031746032,0.7936507936507936,0.9090909090909091,0.04,0.20574162679425848
Nangate45,NANDX1,NAND2_X1,A2,ZN,rise,130.081,0.0593567,1.1,25.0,218.405,1.5180722891566267,1.26,0.8299999999999998,0,1,1,4.875815452730412,0.05766183710119177,0.7936507936507936,1.204819277108434,0.04710849206349206,0.07151409638554218,0.04710849206349206,0.7936507936507936,0.9090909090909091,0.04,0.20574162679425848
Nangate45,INVX1,INV_X1,A,ZN,fall,198.535,0.00189781,1.1,25.0,0.468768,1.5180722891566267,0.63,0.4149999999999999,1,1,1,5.295989659538859,0.0018960114338003786,1.5873015873015872,2.409638554216868,0.003012396825396825,0.0045730361445783145,0.0045730361445783145,2.409638554216868,0.9090909090909091,0.04,0.20574162679425848
Nangate45,NORX1,NOR2_X1,A2,ZN,rise,4.7239700000000004,0.0267029,1.1,25.0,153.273,1.5180722891566267,1.26,0.8299999999999998,0,1,1,1.7446626205903233,0.026352599902410307,0.7936507936507936,1.204819277108434,0.02119277777777778,0.032172168674698805,0.02119277777777778,0.7936507936507936,0.9090909090909091,0.04,0.20574162679425848
Nangate45,NORX1,NOR2_X1,A1,ZN,rise,40.9838,0.0008344660000000001,1.1,25.0,31.6593,1.5180722891566267,1.26,0.8299999999999998,0,1,1,3.737283829590765,0.000834118026815161,0.7936507936507936,1.204819277108434,0.0006622746031746032,0.0010053807228915666,0.0006622746031746032,0.7936507936507936,0.9090909090909091,0.04,0.20574162679425848
Nangate45,INVX2,INV_X2,A,ZN,rise,17.1859,0.00036561600000000003,1.1,25.0,11.2659,1.5180722891566267,1.26,0.8299999999999998,1,1,1,2.900646568553312,0.0003655491787570529,0.7936507936507936,1.204819277108434,0.0002901714285714286,0.00044050120481927725,0.0002901714285714286,0.7936507936507936,0.9090909090909091,0.04,0.20574162679425848
Nangate45,INVX1,INV_X1,A,ZN,rise,4.7239700000000004,0.00379562,1.1,25.0,15.699000000000002,1.5180722891566267,0.63,0.4149999999999999,1,1,1,1.7446626205903233,0.0037884348101687258,1.5873015873015872,2.409638554216868,0.00602479365079365,0.009146072289156629,0.00602479365079365,1.5873015873015872,0.9090909090909091,0.04,0.20574162679425848
Nangate45,INVX2,INV_X2,A,ZN,rise,198.535,0.00759125,1.1,25.0,66.8395,1.5180722891566267,1.26,0.8299999999999998,1,1,1,5.295989659538859,0.0075625814570239825,0.7936507936507936,1.204819277108434,0.0060248015873015865,0.0091460843373494,0.0060248015873015865,0.7936507936507936,0.9090909090909091,0.04,0.20574162679425848
Nangate45,NANDX1,NAND2_X1,A1,ZN,fall,130.081,0.0018549,1.1,25.0,21.0972,1.5180722891566267,1.26,0.8299999999999998,0,1,1,4.875815452730412,0.0018531817973962343,0.7936507936507936,1.204819277108434,0.0014721428571428572,0.0022348192771084346,0.0022348192771084346,1.204819277108434,0.9090909090909091,0.04,0.20574162679425848
Nangate45,NANDX1,NAND2_X1,A1,ZN,rise,17.1859,0.00370979,1.1,25.0,23.6392,1.5180722891566267,1.26,0.8299999999999998,0,1,1,2.900646568553312,0.003702925700579529,0.7936507936507936,1.204819277108434,0.002944277777777778,0.004469626506024098,0.002944277777777778,0.7936507936507936,0.9090909090909091,0.04,0.20574162679425848
Nangate45,INVX1,INV_X1,A,ZN,fall,130.081,0.00189781,1.1,25.0,6.4151,1.5180722891566267,0.63,0.4149999999999999,1,1,1,4.875815452730412,0.0018960114338003786,1.5873015873015872,2.409638554216868,0.003012396825396825,0.0045730361445783145,0.0045730361445783145,2.409638554216868,0.9090909090909091,0.04,0.20574162679425848
Nangate45,NORX1,NOR2_X1,A1,ZN,fall,40.9838,0.0066757299999999995,1.1,25.0,24.0229,1.5180722891566267,1.26,0.8299999999999998,0,1,1,3.737283829590765,0.006653545989397293,0.7936507936507936,1.204819277108434,0.005298198412698412,0.008043048192771086,0.008043048192771086,1.204819277108434,0.9090909090909091,0.04,0.20574162679425848
Nangate45,NORX1,NOR2_X1,A1,ZN,fall,78.0596,0.0016689300000000001,1.1,25.0,9.44399,1.5180722891566267,1.26,0.8299999999999998,0,1,1,4.370201998407221,0.001667538883896079,0.7936507936507936,1.204819277108434,0.001324547619047619,0.002010759036144579,0.002010759036144579,1.204819277108434,0.9090909090909091,0.04,0.20574162679425848
Nangate45,INVX2,INV_X2,A,ZN,fall,4.7239700000000004,0.0151825,1.1,25.0,13.8926,1.5180722891566267,1.26,0.8299999999999998,1,1,1,1.7446626205903233,0.015068399286801608,0.7936507936507936,1.204819277108434,0.012049603174603173,0.0182921686746988,0.0182921686746988,1.204819277108434,0.9090909090909091,0.04,0.20574162679425848
Nangate45,NANDX1,NAND2_X1,A2,ZN,fall,78.0596,0.00741959,1.1,25.0,41.3564,1.5180722891566267,1.26,0.8299999999999998,0,1,1,4.370201998407221,0.0073922002392085295,0.7936507936507936,1.204819277108434,0.005888563492063492,0.008939265060240967,0.008939265060240967,1.204819277108434,0.9090909090909091,0.04,0.20574162679425848
Nangate45,NANDX1,NAND2_X1,A2,ZN,rise,198.535,0.0593567,1.1,25.0,255.94,1.5180722891566267,1.26,0.8299999999999998,0,1,1,5.295989659538859,0.05766183710119177,0.7936507936507936,1.204819277108434,0.04710849206349206,0.07151409638554218,0.04710849206349206,0.7936507936507936,0.9090909090909091,0.04,0.20574162679425848
Nangate45,INVX2,INV_X2,A,ZN,rise,4.7239700000000004,0.00379562,1.1,25.0,11.2245,1.5180722891566267,1.26,0.8299999999999998,1,1,1,1.7446626205903233,0.0037884348101687258,0.7936507936507936,1.204819277108434,0.003012396825396825,0.0045730361445783145,0.003012396825396825,0.7936507936507936,0.9090909090909091,0.04,0.20574162679425848
Nangate45,NORX1,NOR2_X1,A1,ZN,fall,1.1737799999999998,0.0008344660000000001,1.1,25.0,4.574660000000001,1.5180722891566267,1.26,0.8299999999999998,0,1,1,0.7764675876261998,0.000834118026815161,0.7936507936507936,1.204819277108434,0.0006622746031746032,0.0010053807228915666,0.0010053807228915666,1.204819277108434,0.9090909090909091,0.04,0.20574162679425848
Nangate45,NANDX1,NAND2_X1,A1,ZN,rise,198.535,0.0148392,1.1,25.0,121.509,1.5180722891566267,1.26,0.8299999999999998,0,1,1,5.295989659538859,0.014730176298079229,0.7936507936507936,1.204819277108434,0.011777142857142858,0.017878554216867477,0.011777142857142858,0.7936507936507936,0.9090909090909091,0.04,0.20574162679425848
Nangate45,NANDX1,NAND2_X1,A1,ZN,fall,78.0596,0.0296783,1.1,25.0,99.73479999999999,1.5180722891566267,1.26,0.8299999999999998,0,1,1,4.370201998407221,0.02924642335925393,0.7936507936507936,1.204819277108434,0.02355420634920635,0.03575698795180724,0.03575698795180724,1.204819277108434,0.9090909090909091,0.04,0.20574162679425848
Nangate45,INVX2,INV_X2,A,ZN,rise,40.9838,0.00379562,1.1,25.0,24.8175,1.5180722891566267,1.26,0.8299999999999998,1,1,1,3.737283829590765,0.0037884348101687258,0.7936507936507936,1.204819277108434,0.003012396825396825,0.0045730361445783145,0.003012396825396825,0.7936507936507936,0.9090909090909091,0.04,0.20574162679425848
Nangate45,INVX2,INV_X2,A,ZN,fall,1.1737799999999998,0.00036561600000000003,1.1,25.0,3.23762,1.5180722891566267,1.26,0.8299999999999998,1,1,1,0.7764675876261998,0.0003655491787570529,0.7936507936507936,1.204819277108434,0.0002901714285714286,0.00044050120481927725,0.00044050120481927725,1.204819277108434,0.9090909090909091,0.04,0.20574162679425848
Nangate45,INVX1,INV_X1,A,ZN,fall,78.0596,0.00036561600000000003,1.1,25.0,2.28759,1.5180722891566267,0.63,0.4149999999999999,1,1,1,4.370201998407221,0.0003655491787570529,1.5873015873015872,2.409638554216868,0.0005803428571428572,0.0008810024096385545,0.0008810024096385545,2.409638554216868,0.9090909090909091,0.04,0.20574162679425848
Nangate45,NORX1,NOR2_X1,A1,ZN,rise,130.081,0.00036561600000000003,1.1,25.0,50.332,1.5180722891566267,1.26,0.8299999999999998,0,1,1,4.875815452730412,0.0003655491787570529,0.7936507936507936,1.204819277108434,0.0002901714285714286,0.00044050120481927725,0.0002901714285714286,0.7936507936507936,0.9090909090909091,0.04,0.20574162679425848
Nangate45,NORX1,NOR2_X1,A1,ZN,rise,78.0596,0.0033378600000000002,1.1,25.0,61.083999999999996,1.5180722891566267,1.26,0.8299999999999998,0,1,1,4.370201998407221,0.0033323017104042833,0.7936507936507936,1.204819277108434,0.002649095238095238,0.004021518072289158,0.002649095238095238,0.7936507936507936,0.9090909090909091,0.04,0.20574162679425848
Nangate45,INVX2,INV_X2,A,ZN,fall,78.0596,0.0151825,1.1,25.0,28.65,1.5180722891566267,1.26,0.8299999999999998,1,1,1,4.370201998407221,0.015068399286801608,0.7936507936507936,1.204819277108434,0.012049603174603173,0.0182921686746988,0.0182921686746988,1.204819277108434,0.9090909090909091,0.04,0.20574162679425848
Nangate45,NORX1,NOR2_X1,A1,ZN,rise,130.081,0.0008344660000000001,1.1,25.0,55.0648,1.5180722891566267,1.26,0.8299999999999998,0,1,1,4.875815452730412,0.000834118026815161,0.7936507936507936,1.204819277108434,0.0006622746031746032,0.0010053807228915666,0.0006622746031746032,0.7936507936507936,0.9090909090909091,0.04,0.20574162679425848
Nangate45,NANDX1,NAND2_X1,A2,ZN,fall,4.7239700000000004,0.00036561600000000003,1.1,25.0,9.37134,1.5180722891566267,1.26,0.8299999999999998,0,1,1,1.7446626205903233,0.0003655491787570529,0.7936507936507936,1.204819277108434,0.0002901714285714286,0.00044050120481927725,0.00044050120481927725,1.204819277108434,0.9090909090909091,0.04,0.20574162679425848
Nangate45,INVX2,INV_X2,A,ZN,fall,130.081,0.0151825,1.1,25.0,29.8371,1.5180722891566267,1.26,0.8299999999999998,1,1,1,4.875815452730412,0.015068399286801608,0.7936507936507936,1.204819277108434,0.012049603174603173,0.0182921686746988,0.0182921686746988,1.204819277108434,0.9090909090909091,0.04,0.20574162679425848
Nangate45,NORX1,NOR2_X1,A1,ZN,fall,1.1737799999999998,0.0133515,1.1,25.0,19.8523,1.5180722891566267,1.26,0.8299999999999998,0,1,1,0.7764675876261998,0.01326315422090152,0.7936507936507936,1.204819277108434,0.010596428571428571,0.01608614457831326,0.01608614457831326,1.204819277108434,0.9090909090909091,0.04,0.20574162679425848
Nangate45,INVX1,INV_X1,A,ZN,fall,40.9838,0.030365,1.1,25.0,57.5991,1.5180722891566267,0.63,0.4149999999999999,1,1,1,3.737283829590765,0.029913108399742868,1.5873015873015872,2.409638554216868,0.04819841269841269,0.0731686746987952,0.0731686746987952,2.409638554216868,0.9090909090909091,0.04,0.20574162679425848
Nangate45,NANDX1,NAND2_X1,A1,ZN,rise,130.081,0.00036561600000000003,1.1,25.0,33.4985,1.5180722891566267,1.26,0.8299999999999998,0,1,1,4.875815452730412,0.0003655491787570529,0.7936507936507936,1.204819277108434,0.0002901714285714286,0.00044050120481927725,0.0002901714285714286,0.7936507936507936,0.9090909090909091,0.04,0.20574162679425848
Nangate45,NANDX1,NAND2_X1,A1,ZN,fall,4.7239700000000004,0.00036561600000000003,1.1,25.0,8.017800000000001,1.5180722891566267,1.26,0.8299999999999998,0,1,1,1.7446626205903233,0.0003655491787570529,0.7936507936507936,1.204819277108434,0.0002901714285714286,0.00044050120481927725,0.00044050120481927725,1.204819277108434,0.9090909090909091,0.04,0.20574162679425848
Nangate45,NANDX1,NAND2_X1,A1,ZN,fall,78.0596,0.0593567,1.1,25.0,160.709,1.5180722891566267,1.26,0.8299999999999998,0,1,1,4.370201998407221,0.05766183710119177,0.7936507936507936,1.204819277108434,0.04710849206349206,0.07151409638554218,0.07151409638554218,1.204819277108434,0.9090909090909091,0.04,0.20574162679425848
Nangate45,INVX1,INV_X1,A,ZN,fall,17.1859,0.030365,1.1,25.0,46.8495,1.5180722891566267,0.63,0.4149999999999999,1,1,1,2.900646568553312,0.029913108399742868,1.5873015873015872,2.409638554216868,0.04819841269841269,0.0731686746987952,0.0731686746987952,2.409638554216868,0.9090909090909091,0.04,0.20574162679425848
Nangate45,NORX1,NOR2_X1,A1,ZN,fall,78.0596,0.0066757299999999995,1.1,25.0,26.7481,1.5180722891566267,1.26,0.8299999999999998,0,1,1,4.370201998407221,0.006653545989397293,0.7936507936507936,1.204819277108434,0.005298198412698412,0.008043048192771086,0.008043048192771086,1.204819277108434,0.9090909090909091,0.04,0.20574162679425848
Nangate45,INVX1,INV_X1,A,ZN,fall,17.1859,0.00036561600000000003,1.1,25.0,5.6578100000000004,1.5180722891566267,0.63,0.4149999999999999,1,1,1,2.900646568553312,0.0003655491787570529,1.5873015873015872,2.409638554216868,0.0005803428571428572,0.0008810024096385545,0.0008810024096385545,2.409638554216868,0.9090909090909091,0.04,0.20574162679425848
Nangate45,NANDX1,NAND2_X1,A2,ZN,fall,198.535,0.0296783,1.1,25.0,122.737,1.5180722891566267,1.26,0.8299999999999998,0,1,1,5.295989659538859,0.02924642335925393,0.7936507936507936,1.204819277108434,0.02355420634920635,0.03575698795180724,0.03575698795180724,1.204819277108434,0.9090909090909091,0.04,0.20574162679425848
Nangate45,INVX1,INV_X1,A,ZN,fall,4.7239700000000004,0.0151825,1.1,25.0,22.9885,1.5180722891566267,0.63,0.4149999999999999,1,1,1,1.7446626205903233,0.015068399286801608,1.5873015873015872,2.409638554216868,0.024099206349206346,0.0365843373493976,0.0365843373493976,2.409638554216868,0.9090909090909091,0.04,0.20574162679425848
Nangate45,INVX1,INV_X1,A,ZN,rise,17.1859,0.00189781,1.1,25.0,17.2024,1.5180722891566267,0.63,0.4149999999999999,1,1,1,2.900646568553312,0.0018960114338003786,1.5873015873015872,2.409638554216868,0.003012396825396825,0.0045730361445783145,0.003012396825396825,1.5873015873015872,0.9090909090909091,0.04,0.20574162679425848
Nangate45,NANDX1,NAND2_X1,A1,ZN,rise,4.7239700000000004,0.00036561600000000003,1.1,25.0,8.96317,1.5180722891566267,1.26,0.8299999999999998,0,1,1,1.7446626205903233,0.0003655491787570529,0.7936507936507936,1.204819277108434,0.0002901714285714286,0.00044050120481927725,0.0002901714285714286,0.7936507936507936,0.9090909090909091,0.04,0.20574162679425848
Nangate45,NORX1,NOR2_X1,A1,ZN,rise,4.7239700000000004,0.0066757299999999995,1.1,25.0,47.0595,1.5180722891566267,1.26,0.8299999999999998,0,1,1,1.7446626205903233,0.006653545989397293,0.7936507936507936,1.204819277108434,0.005298198412698412,0.008043048192771086,0.005298198412698412,0.7936507936507936,0.9090909090909091,0.04,0.20574162679425848
Nangate45,NANDX1,NAND2_X1,A1,ZN,fall,198.535,0.00741959,1.1,25.0,51.284299999999995,1.5180722891566267,1.26,0.8299999999999998,0,1,1,5.295989659538859,0.0073922002392085295,0.7936507936507936,1.204819277108434,0.005888563492063492,0.008939265060240967,0.008939265060240967,1.204819277108434,0.9090909090909091,0.04,0.20574162679425848
Nangate45,NORX1,NOR2_X1,A1,ZN,fall,17.1859,0.0267029,1.1,25.0,43.1312,1.5180722891566267,1.26,0.8299999999999998,0,1,1,2.900646568553312,0.026352599902410307,0.7936507936507936,1.204819277108434,0.02119277777777778,0.032172168674698805,0.032172168674698805,1.204819277108434,0.9090909090909091,0.04,0.20574162679425848
Nangate45,INVX1,INV_X1,A,ZN,fall,130.081,0.030365,1.1,25.0,84.4139,1.5180722891566267,0.63,0.4149999999999999,1,1,1,4.875815452730412,0.029913108399742868,1.5873015873015872,2.409638554216868,0.04819841269841269,0.0731686746987952,0.0731686746987952,2.409638554216868,0.9090909090909091,0.04,0.20574162679425848
Nangate45,NORX1,NOR2_X1,A1,ZN,fall,78.0596,0.00036561600000000003,1.1,25.0,2.9364399999999997,1.5180722891566267,1.26,0.8299999999999998,0,1,1,4.370201998407221,0.0003655491787570529,0.7936507936507936,1.204819277108434,0.0002901714285714286,0.00044050120481927725,0.00044050120481927725,1.204819277108434,0.9090909090909091,0.04,0.20574162679425848
Nangate45,INVX2,INV_X2,A,ZN,rise,40.9838,0.00036561600000000003,1.1,25.0,16.299,1.5180722891566267,1.26,0.8299999999999998,1,1,1,3.737283829590765,0.0003655491787570529,0.7936507936507936,1.204819277108434,0.0002901714285714286,0.00044050120481927725,0.0002901714285714286,0.7936507936507936,0.9090909090909091,0.04,0.20574162679425848
Nangate45,NANDX1,NAND2_X1,A2,ZN,fall,17.1859,0.00741959,1.1,25.0,28.275399999999998,1.5180722891566267,1.26,0.8299999999999998,0,1,1,2.900646568553312,0.0073922002392085295,0.7936507936507936,1.204819277108434,0.005888563492063492,0.008939265060240967,0.008939265060240967,1.204819277108434,0.9090909090909091,0.04,0.20574162679425848
Nangate45,NANDX1,NAND2_X1,A2,ZN,fall,130.081,0.00741959,1.1,25.0,46.5188,1.5180722891566267,1.26,0.8299999999999998,0,1,1,4.875815452730412,0.0073922002392085295,0.7936507936507936,1.204819277108434,0.005888563492063492,0.008939265060240967,0.008939265060240967,1.204819277108434,0.9090909090909091,0.04,0.20574162679425848
Nangate45,INVX1,INV_X1,A,ZN,rise,78.0596,0.030365,1.1,25.0,118.16699999999999,1.5180722891566267,0.63,0.4149999999999999,1,1,1,4.370201998407221,0.029913108399742868,1.5873015873015872,2.409638554216868,0.04819841269841269,0.0731686746987952,0.04819841269841269,1.5873015873015872,0.9090909090909091,0.04,0.20574162679425848
Nangate45,INVX1,INV_X1,A,ZN,rise,1.1737799999999998,0.00036561600000000003,1.1,25.0,5.58495,1.5180722891566267,0.63,0.4149999999999999,1,1,1,0.7764675876261998,0.0003655491787570529,1.5873015873015872,2.409638554216868,0.0005803428571428572,0.0008810024096385545,0.0005803428571428572,1.5873015873015872,0.9090909090909091,0.04,0.20574162679425848
Nangate45,NORX1,NOR2_X1,A2,ZN,fall,130.081,0.0267029,1.1,25.0,80.5915,1.5180722891566267,1.26,0.8299999999999998,0,1,1,4.875815452730412,0.026352599902410307,0.7936507936507936,1.204819277108434,0.02119277777777778,0.032172168674698805,0.032172168674698805,1.204819277108434,0.9090909090909091,0.04,0.20574162679425848
Nangate45,NANDX1,NAND2_X1,A2,ZN,fall,130.081,0.0018549,1.1,25.0,21.8297,1.5180722891566267,1.26,0.8299999999999998,0,1,1,4.875815452730412,0.0018531817973962343,0.7936507936507936,1.204819277108434,0.0014721428571428572,0.0022348192771084346,0.0022348192771084346,1.204819277108434,0.9090909090909091,0.04,0.20574162679425848
Nangate45,NANDX1,NAND2_X1,A2,ZN,rise,78.0596,0.0148392,1.1,25.0,84.6696,1.5180722891566267,1.26,0.8299999999999998,0,1,1,4.370201998407221,0.014730176298079229,0.7936507936507936,1.204819277108434,0.011777142857142858,0.017878554216867477,0.011777142857142858,0.7936507936507936,0.9090909090909091,0.04,0.20574162679425848
Nangate45,NANDX1,NAND2_X1,A1,ZN,rise,17.1859,0.0296783,1.1,25.0,86.0462,1.5180722891566267,1.26,0.8299999999999998,0,1,1,2.900646568553312,0.02924642335925393,0.7936507936507936,1.204819277108434,0.02355420634920635,0.03575698795180724,0.02355420634920635,0.7936507936507936,0.9090909090909091,0.04,0.20574162679425848
Nangate45,NANDX1,NAND2_X1,A2,ZN,fall,4.7239700000000004,0.0593567,1.1,25.0,132.301,1.5180722891566267,1.26,0.8299999999999998,0,1,1,1.7446626205903233,0.05766183710119177,0.7936507936507936,1.204819277108434,0.04710849206349206,0.07151409638554218,0.07151409638554218,1.204819277108434,0.9090909090909091,0.04,0.20574162679425848
Nangate45,INVX1,INV_X1,A,ZN,rise,40.9838,0.00189781,1.1,25.0,24.517799999999998,1.5180722891566267,0.63,0.4149999999999999,1,1,1,3.737283829590765,0.0018960114338003786,1.5873015873015872,2.409638554216868,0.003012396825396825,0.0045730361445783145,0.003012396825396825,1.5873015873015872,0.9090909090909091,0.04,0.20574162679425848
Nangate45,NORX1,NOR2_X1,A1,ZN,rise,40.9838,0.0016689300000000001,1.1,25.0,37.226,1.5180722891566267,1.26,0.8299999999999998,0,1,1,3.737283829590765,0.001667538883896079,0.7936507936507936,1.204819277108434,0.001324547619047619,0.002010759036144579,0.001324547619047619,0.7936507936507936,0.9090909090909091,0.04,0.20574162679425848
Nangate45,NANDX1,NAND2_X1,A1,ZN,fall,17.1859,0.00036561600000000003,1.1,25.0,11.0663,1.5180722891566267,1.26,0.8299999999999998,0,1,1,2.900646568553312,0.0003655491787570529,0.7936507936507936,1.204819277108434,0.0002901714285714286,0.00044050120481927725,0.00044050120481927725,1.204819277108434,0.9090909090909091,0.04,0.20574162679425848
Nangate45,INVX1,INV_X1,A,ZN,fall,130.081,0.06073,1.1,25.0,133.05100000000002,1.5180722891566267,0.63,0.4149999999999999,1,1,1,4.875815452730412,0.05895735033852654,1.5873015873015872,2.409638554216868,0.09639682539682538,0.1463373493975904,0.1463373493975904,2.409638554216868,0.9090909090909091,0.04,0.20574162679425848
Nangate45,INVX2,INV_X2,A,ZN,fall,78.0596,0.030365,1.1,25.0,46.1432,1.5180722891566267,1.26,0.8299999999999998,1,1,1,4.370201998407221,0.029913108399742868,0.7936507936507936,1.204819277108434,0.024099206349206346,0.0365843373493976,0.0365843373493976,1.204819277108434,0.9090909090909091,0.04,0.20574162679425848
Nangate45,INVX2,INV_X2,A,ZN,fall,198.535,0.0151825,1.1,25.0,28.3783,1.5180722891566267,1.26,0.8299999999999998,1,1,1,5.295989659538859,0.015068399286801608,0.7936507936507936,1.204819277108434,0.012049603174603173,0.0182921686746988,0.0182921686746988,1.204819277108434,0.9090909090909091,0.04,0.20574162679425848
Nangate45,INVX1,INV_X1,A,ZN,rise,17.1859,0.0151825,1.1,25.0,49.422599999999996,1.5180722891566267,0.63,0.4149999999999999,1,1,1,2.900646568553312,0.015068399286801608,1.5873015873015872,2.409638554216868,0.024099206349206346,0.0365843373493976,0.024099206349206346,1.5873015873015872,0.9090909090909091,0.04,0.20574162679425848
Nangate45,INVX2,INV_X2,A,ZN,fall,130.081,0.00759125,1.1,25.0,15.6811,1.5180722891566267,1.26,0.8299999999999998,1,1,1,4.875815452730412,0.0075625814570239825,0.7936507936507936,1.204819277108434,0.0060248015873015865,0.0091460843373494,0.0091460843373494,1.204819277108434,0.9090909090909091,0.04,0.20574162679425848
Nangate45,NANDX1,NAND2_X1,A2,ZN,rise,4.7239700000000004,0.0018549,1.1,25.0,14.8711,1.5180722891566267,1.26,0.8299999999999998,0,1,1,1.7446626205903233,0.0018531817973962343,0.7936507936507936,1.204819277108434,0.0014721428571428572,0.0022348192771084346,0.0014721428571428572,0.7936507936507936,0.9090909090909091,0.04,0.20574162679425848
Nangate45,INVX2,INV_X2,A,ZN,rise,198.535,0.12146,1.1,25.0,256.197,1.5180722891566267,1.26,0.8299999999999998,1,1,1,5.295989659538859,0.1146314078240044,0.7936507936507936,1.204819277108434,0.09639682539682538,0.1463373493975904,0.09639682539682538,0.7936507936507936,0.9090909090909091,0.04,0.20574162679425848
Nangate45,NANDX1,NAND2_X1,A1,ZN,fall,40.9838,0.00741959,1.1,25.0,36.4481,1.5180722891566267,1.26,0.8299999999999998,0,1,1,3.737283829590765,0.0073922002392085295,0.7936507936507936,1.204819277108434,0.005888563492063492,0.008939265060240967,0.008939265060240967,1.204819277108434,0.9090909090909091,0.04,0.20574162679425848
Nangate45,NORX1,NOR2_X1,A2,ZN,rise,130.081,0.0133515,1.1,25.0,135.176,1.5180722891566267,1.26,0.8299999999999998,0,1,1,4.875815452730412,0.01326315422090152,0.7936507936507936,1.204819277108434,0.010596428571428571,0.01608614457831326,0.010596428571428571,0.7936507936507936,0.9090909090909091,0.04,0.20574162679425848
Nangate45,NORX1,NOR2_X1,A2,ZN,fall,40.9838,0.00036561600000000003,1.1,25.0,10.2356,1.5180722891566267,1.26,0.8299999999999998,0,1,1,3.737283829590765,0.0003655491787570529,0.7936507936507936,1.204819277108434,0.0002901714285714286,0.00044050120481927725,0.00044050120481927725,1.204819277108434,0.9090909090909091,0.04,0.20574162679425848
Nangate45,NORX1,NOR2_X1,A1,ZN,rise,1.1737799999999998,0.0016689300000000001,1.1,25.0,20.576,1.5180722891566267,1.26,0.8299999999999998,0,1,1,0.7764675876261998,0.001667538883896079,0.7936507936507936,1.204819277108434,0.001324547619047619,0.002010759036144579,0.001324547619047619,0.7936507936507936,0.9090909090909091,0.04,0.20574162679425848
Nangate45,NORX1,NOR2_X1,A2,ZN,rise,130.081,0.0008344660000000001,1.1,25.0,54.5883,1.5180722891566267,1.26,0.8299999999999998,0,1,1,4.875815452730412,0.000834118026815161,0.7936507936507936,1.204819277108434,0.0006622746031746032,0.0010053807228915666,0.0006622746031746032,0.7936507936507936,0.9090909090909091,0.04,0.20574162679425848
Nangate45,NANDX1,NAND2_X1,A1,ZN,rise,1.1737799999999998,0.00036561600000000003,1.1,25.0,7.4307,1.5180722891566267,1.26,0.8299999999999998,0,1,1,0.7764675876261998,0.0003655491787570529,0.7936507936507936,1.204819277108434,0.0002901714285714286,0.00044050120481927725,0.0002901714285714286,0.7936507936507936,0.9090909090909091,0.04,0.20574162679425848
Nangate45,NORX1,NOR2_X1,A2,ZN,fall,130.081,0.00036561600000000003,1.1,25.0,4.32232,1.5180722891566267,1.26,0.8299999999999998,0,1,1,4.875815452730412,0.0003655491787570529,0.7936507936507936,1.204819277108434,0.0002901714285714286,0.00044050120481927725,0.00044050120481927725,1.204819277108434,0.9090909090909091,0.04,0.20574162679425848
Nangate45,INVX1,INV_X1,A,ZN,fall,1.1737799999999998,0.030365,1.1,25.0,39.8747,1.5180722891566267,0.63,0.4149999999999999,1,1,1,0.7764675876261998,0.029913108399742868,1.5873015873015872,2.409638554216868,0.04819841269841269,0.0731686746987952,0.0731686746987952,2.409638554216868,0.9090909090909091,0.04,0.20574162679425848
Nangate45,NORX1,NOR2_X1,A2,ZN,rise,198.535,0.0033378600000000002,1.1,25.0,91.1095,1.5180722891566267,1.26,0.8299999999999998,0,1,1,5.295989659538859,0.0033323017104042833,0.7936507936507936,1.204819277108434,0.002649095238095238,0.004021518072289158,0.002649095238095238,0.7936507936507936,0.9090909090909091,0.04,0.20574162679425848
Nangate45,INVX1,INV_X1,A,ZN,rise,198.535,0.0151825,1.1,25.0,122.423,1.5180722891566267,0.63,0.4149999999999999,1,1,1,5.295989659538859,0.015068399286801608,1.5873015873015872,2.409638554216868,0.024099206349206346,0.0365843373493976,0.024099206349206346,1.5873015873015872,0.9090909090909091,0.04,0.20574162679425848
Nangate45,INVX1,INV_X1,A,ZN,fall,198.535,0.0151825,1.1,25.0,54.2902,1.5180722891566267,0.63,0.4149999999999999,1,1,1,5.295989659538859,0.015068399286801608,1.5873015873015872,2.409638554216868,0.024099206349206346,0.0365843373493976,0.0365843373493976,2.409638554216868,0.9090909090909091,0.04,0.20574162679425848
Nangate45,NANDX1,NAND2_X1,A1,ZN,fall,1.1737799999999998,0.0593567,1.1,25.0,129.575,1.5180722891566267,1.26,0.8299999999999998,0,1,1,0.7764675876261998,0.05766183710119177,0.7936507936507936,1.204819277108434,0.04710849206349206,0.07151409638554218,0.07151409638554218,1.204819277108434,0.9090909090909091,0.04,0.20574162679425848
Nangate45,INVX2,INV_X2,A,ZN,rise,4.7239700000000004,0.06073,1.1,25.0,80.019,1.5180722891566267,1.26,0.8299999999999998,1,1,1,1.7446626205903233,0.05895735033852654,0.7936507936507936,1.204819277108434,0.04819841269841269,0.0731686746987952,0.04819841269841269,0.7936507936507936,0.9090909090909091,0.04,0.20574162679425848
Nangate45,NORX1,NOR2_X1,A2,ZN,rise,4.7239700000000004,0.0016689300000000001,1.1,25.0,26.0761,1.5180722891566267,1.26,0.8299999999999998,0,1,1,1.7446626205903233,0.001667538883896079,0.7936507936507936,1.204819277108434,0.001324547619047619,0.002010759036144579,0.001324547619047619,0.7936507936507936,0.9090909090909091,0.04,0.20574162679425848
Nangate45,NORX1,NOR2_X1,A2,ZN,fall,198.535,0.0267029,1.1,25.0,88.9743,1.5180722891566267,1.26,0.8299999999999998,0,1,1,5.295989659538859,0.026352599902410307,0.7936507936507936,1.204819277108434,0.02119277777777778,0.032172168674698805,0.032172168674698805,1.204819277108434,0.9090909090909091,0.04,0.20574162679425848
Nangate45,NORX1,NOR2_X1,A1,ZN,fall,4.7239700000000004,0.0133515,1.1,25.0,21.4435,1.5180722891566267,1.26,0.8299999999999998,0,1,1,1.7446626205903233,0.01326315422090152,0.7936507936507936,1.204819277108434,0.010596428571428571,0.01608614457831326,0.01608614457831326,1.204819277108434,0.9090909090909091,0.04,0.20574162679425848
Nangate45,NORX1,NOR2_X1,A1,ZN,rise,17.1859,0.0133515,1.1,25.0,85.7406,1.5180722891566267,1.26,0.8299999999999998,0,1,1,2.900646568553312,0.01326315422090152,0.7936507936507936,1.204819277108434,0.010596428571428571,0.01608614457831326,0.010596428571428571,0.7936507936507936,0.9090909090909091,0.04,0.20574162679425848
Nangate45,NANDX1,NAND2_X1,A2,ZN,rise,198.535,0.00741959,1.1,25.0,94.1347,1.5180722891566267,1.26,0.8299999999999998,0,1,1,5.295989659538859,0.0073922002392085295,0.7936507936507936,1.204819277108434,0.005888563492063492,0.008939265060240967,0.005888563492063492,0.7936507936507936,0.9090909090909091,0.04,0.20574162679425848
Nangate45,NANDX1,NAND2_X1,A2,ZN,fall,17.1859,0.0018549,1.1,25.0,16.025399999999998,1.5180722891566267,1.26,0.8299999999999998,0,1,1,2.900646568553312,0.0018531817973962343,0.7936507936507936,1.204819277108434,0.0014721428571428572,0.0022348192771084346,0.0022348192771084346,1.204819277108434,0.9090909090909091,0.04,0.20574162679425848
Nangate45,NANDX1,NAND2_X1,A1,ZN,rise,40.9838,0.0296783,1.1,25.0,98.15400000000001,1.5180722891566267,1.26,0.8299999999999998,0,1,1,3.737283829590765,0.02924642335925393,0.7936507936507936,1.204819277108434,0.02355420634920635,0.03575698795180724,0.02355420634920635,0.7936507936507936,0.9090909090909091,0.04,0.20574162679425848
Nangate45,NANDX1,NAND2_X1,A2,ZN,fall,78.0596,0.0018549,1.1,25.0,21.601499999999998,1.5180722891566267,1.26,0.8299999999999998,0,1,1,4.370201998407221,0.0018531817973962343,0.7936507936507936,1.204819277108434,0.0014721428571428572,0.0022348192771084346,0.0022348192771084346,1.204819277108434,0.9090909090909091,0.04,0.20574162679425848
Nangate45,NANDX1,NAND2_X1,A1,ZN,fall,78.0596,0.00370979,1.1,25.0,29.3903,1.5180722891566267,1.26,0.8299999999999998,0,1,1,4.370201998407221,0.003702925700579529,0.7936507936507936,1.204819277108434,0.002944277777777778,0.004469626506024098,0.004469626506024098,1.204819277108434,0.9090909090909091,0.04,0.20574162679425848
Nangate45,NORX1,NOR2_X1,A1,ZN,fall,1.1737799999999998,0.0066757299999999995,1.1,25.0,11.7463,1.5180722891566267,1.26,0.8299999999999998,0,1,1,0.7764675876261998,0.006653545989397293,0.7936507936507936,1.204819277108434,0.005298198412698412,0.008043048192771086,0.008043048192771086,1.204819277108434,0.9090909090909091,0.04,0.20574162679425848
Nangate45,INVX1,INV_X1,A,ZN,fall,17.1859,0.06073,1.1,25.0,83.6153,1.5180722891566267,0.63,0.4149999999999999,1,1,1,2.900646568553312,0.05895735033852654,1.5873015873015872,2.409638554216868,0.09639682539682538,0.1463373493975904,0.1463373493975904,2.409638554216868,0.9090909090909091,0.04,0.20574162679425848
Nangate45,NORX1,NOR2_X1,A1,ZN,rise,17.1859,0.0016689300000000001,1.1,25.0,26.7281,1.5180722891566267,1.26,0.8299999999999998,0,1,1,2.900646568553312,0.001667538883896079,0.7936507936507936,1.204819277108434,0.001324547619047619,0.002010759036144579,0.001324547619047619,0.7936507936507936,0.9090909090909091,0.04,0.20574162679425848
Nangate45,NANDX1,NAND2_X1,A1,ZN,fall,17.1859,0.0593567,1.1,25.0,135.85,1.5180722891566267,1.26,0.8299999999999998,0,1,1,2.900646568553312,0.05766183710119177,0.7936507936507936,1.204819277108434,0.04710849206349206,0.07151409638554218,0.07151409638554218,1.204819277108434,0.9090909090909091,0.04,0.20574162679425848
Nangate45,INVX2,INV_X2,A,ZN,fall,130.081,0.06073,1.1,25.0,84.5972,1.5180722891566267,1.26,0.8299999999999998,1,1,1,4.875815452730412,0.05895735033852654,0.7936507936507936,1.204819277108434,0.04819841269841269,0.0731686746987952,0.0731686746987952,1.204819277108434,0.9090909090909091,0.04,0.20574162679425848
Nangate45,NORX1,NOR2_X1,A1,ZN,fall,1.1737799999999998,0.00036561600000000003,1.1,25.0,3.97653,1.5180722891566267,1.26,0.8299999999999998,0,1,1,0.7764675876261998,0.0003655491787570529,0.7936507936507936,1.204819277108434,0.0002901714285714286,0.00044050120481927725,0.00044050120481927725,1.204819277108434,0.9090909090909091,0.04,0.20574162679425848
Nangate45,NANDX1,NAND2_X1,A1,ZN,rise,130.081,0.0018549,1.1,25.0,43.881499999999996,1.5180722891566267,1.26,0.8299999999999998,0,1,1,4.875815452730412,0.0018531817973962343,0.7936507936507936,1.204819277108434,0.0014721428571428572,0.0022348192771084346,0.0014721428571428572,0.7936507936507936,0.9090909090909091,0.04,0.20574162679425848
Nangate45,INVX2,INV_X2,A,ZN,fall,1.1737799999999998,0.030365,1.1,25.0,21.6055,1.5180722891566267,1.26,0.8299999999999998,1,1,1,0.7764675876261998,0.029913108399742868,0.7936507936507936,1.204819277108434,0.024099206349206346,0.0365843373493976,0.0365843373493976,1.204819277108434,0.9090909090909091,0.04,0.20574162679425848
Nangate45,INVX2,INV_X2,A,ZN,rise,78.0596,0.00036561600000000003,1.1,25.0,22.624200000000002,1.5180722891566267,1.26,0.8299999999999998,1,1,1,4.370201998407221,0.0003655491787570529,0.7936507936507936,1.204819277108434,0.0002901714285714286,0.00044050120481927725,0.0002901714285714286,0.7936507936507936,0.9090909090909091,0.04,0.20574162679425848
Nangate45,NORX1,NOR2_X1,A1,ZN,rise,198.535,0.0267029,1.1,25.0,242.49,1.5180722891566267,1.26,0.8299999999999998,0,1,1,5.295989659538859,0.026352599902410307,0.7936507936507936,1.204819277108434,0.02119277777777778,0.032172168674698805,0.02119277777777778,0.7936507936507936,0.9090909090909091,0.04,0.20574162679425848
Nangate45,NANDX1,NAND2_X1,A1,ZN,rise,4.7239700000000004,0.0148392,1.1,25.0,44.2815,1.5180722891566267,1.26,0.8299999999999998,0,1,1,1.7446626205903233,0.014730176298079229,0.7936507936507936,1.204819277108434,0.011777142857142858,0.017878554216867477,0.011777142857142858,0.7936507936507936,0.9090909090909091,0.04,0.20574162679425848
Nangate45,NORX1,NOR2_X1,A2,ZN,rise,78.0596,0.0267029,1.1,25.0,181.992,1.5180722891566267,1.26,0.8299999999999998,0,1,1,4.370201998407221,0.026352599902410307,0.7936507936507936,1.204819277108434,0.02119277777777778,0.032172168674698805,0.02119277777777778,0.7936507936507936,0.9090909090909091,0.04,0.20574162679425848
Nangate45,NANDX1,NAND2_X1,A1,ZN,rise,78.0596,0.00036561600000000003,1.1,25.0,26.279899999999998,1.5180722891566267,1.26,0.8299999999999998,0,1,1,4.370201998407221,0.0003655491787570529,0.7936507936507936,1.204819277108434,0.0002901714285714286,0.00044050120481927725,0.0002901714285714286,0.7936507936507936,0.9090909090909091,0.04,0.20574162679425848
Nangate45,NORX1,NOR2_X1,A1,ZN,rise,4.7239700000000004,0.0133515,1.1,25.0,81.07830000000001,1.5180722891566267,1.26,0.8299999999999998,0,1,1,1.7446626205903233,0.01326315422090152,0.7936507936507936,1.204819277108434,0.010596428571428571,0.01608614457831326,0.010596428571428571,0.7936507936507936,0.9090909090909091,0.04,0.20574162679425848
Nangate45,NORX1,NOR2_X1,A1,ZN,rise,40.9838,0.0133515,1.1,25.0,96.5651,1.5180722891566267,1.26,0.8299999999999998,0,1,1,3.737283829590765,0.01326315422090152,0.7936507936507936,1.204819277108434,0.010596428571428571,0.01608614457831326,0.010596428571428571,0.7936507936507936,0.9090909090909091,0.04,0.20574162679425848
Nangate45,NANDX1,NAND2_X1,A2,ZN,fall,1.1737799999999998,0.0018549,1.1,25.0,11.337,1.5180722891566267,1.26,0.8299999999999998,0,1,1,0.7764675876261998,0.0018531817973962343,0.7936507936507936,1.204819277108434,0.0014721428571428572,0.0022348192771084346,0.0022348192771084346,1.204819277108434,0.9090909090909091,0.04,0.20574162679425848
Nangate45,NORX1,NOR2_X1,A2,ZN,fall,1.1737799999999998,0.0016689300000000001,1.1,25.0,6.5745700000000005,1.5180722891566267,1.26,0.8299999999999998,0,1,1,0.7764675876261998,0.001667538883896079,0.7936507936507936,1.204819277108434,0.001324547619047619,0.002010759036144579,0.002010759036144579,1.204819277108434,0.9090909090909091,0.04,0.20574162679425848
Nangate45,NORX1,NOR2_X1,A1,ZN,rise,130.081,0.0016689300000000001,1.1,25.0,62.8653,1.5180722891566267,1.26,0.8299999999999998,0,1,1,4.875815452730412,0.001667538883896079,0.7936507936507936,1.204819277108434,0.001324547619047619,0.002010759036144579,0.001324547619047619,0.7936507936507936,0.9090909090909091,0.04,0.20574162679425848
Nangate45,INVX2,INV_X2,A,ZN,rise,17.1859,0.030365,1.1,25.0,49.6249,1.5180722891566267,1.26,0.8299999999999998,1,1,1,2.900646568553312,0.029913108399742868,0.7936507936507936,1.204819277108434,0.024099206349206346,0.0365843373493976,0.024099206349206346,0.7936507936507936,0.9090909090909091,0.04,0.20574162679425848
Nangate45,INVX2,INV_X2,A,ZN,rise,198.535,0.0151825,1.1,25.0,88.1853,1.5180722891566267,1.26,0.8299999999999998,1,1,1,5.295989659538859,0.015068399286801608,0.7936507936507936,1.204819277108434,0.012049603174603173,0.0182921686746988,0.012049603174603173,0.7936507936507936,0.9090909090909091,0.04,0.20574162679425848
Nangate45,NORX1,NOR2_X1,A2,ZN,fall,4.7239700000000004,0.00036561600000000003,1.1,25.0,6.2954300000000005,1.5180722891566267,1.26,0.8299999999999998,0,1,1,1.7446626205903233,0.0003655491787570529,0.7936507936507936,1.204819277108434,0.0002901714285714286,0.00044050120481927725,0.00044050120481927725,1.204819277108434,0.9090909090909091,0.04,0.20574162679425848
Nangate45,INVX1,INV_X1,A,ZN,rise,4.7239700000000004,0.00036561600000000003,1.1,25.0,7.26612,1.5180722891566267,0.63,0.4149999999999999,1,1,1,1.7446626205903233,0.0003655491787570529,1.5873015873015872,2.409638554216868,0.0005803428571428572,0.0008810024096385545,0.0005803428571428572,1.5873015873015872,0.9090909090909091,0.04,0.20574162679425848
Nangate45,NORX1,NOR2_X1,A2,ZN,fall,78.0596,0.0016689300000000001,1.1,25.0,14.261700000000001,1.5180722891566267,1.26,0.8299999999999998,0,1,1,4.370201998407221,0.001667538883896079,0.7936507936507936,1.204819277108434,0.001324547619047619,0.002010759036144579,0.002010759036144579,1.204819277108434,0.9090909090909091,0.04,0.20574162679425848
Nangate45,INVX1,INV_X1,A,ZN,rise,17.1859,0.030365,1.1,25.0,85.883,1.5180722891566267,0.63,0.4149999999999999,1,1,1,2.900646568553312,0.029913108399742868,1.5873015873015872,2.409638554216868,0.04819841269841269,0.0731686746987952,0.04819841269841269,1.5873015873015872,0.9090909090909091,0.04,0.20574162679425848
Nangate45,INVX2,INV_X2,A,ZN,fall,40.9838,0.12146,1.1,25.0,94.3029,1.5180722891566267,1.26,0.8299999999999998,1,1,1,3.737283829590765,0.1146314078240044,0.7936507936507936,1.204819277108434,0.09639682539682538,0.1463373493975904,0.1463373493975904,1.204819277108434,0.9090909090909091,0.04,0.20574162679425848
Nangate45,NORX1,NOR2_X1,A1,ZN,rise,78.0596,0.0267029,1.1,25.0,181.01999999999998,1.5180722891566267,1.26,0.8299999999999998,0,1,1,4.370201998407221,0.026352599902410307,0.7936507936507936,1.204819277108434,0.02119277777777778,0.032172168674698805,0.02119277777777778,0.7936507936507936,0.9090909090909091,0.04,0.20574162679425848
Nangate45,INVX1,INV_X1,A,ZN,fall,4.7239700000000004,0.00036561600000000003,1.1,25.0,4.6109599999999995,1.5180722891566267,0.63,0.4149999999999999,1,1,1,1.7446626205903233,0.0003655491787570529,1.5873015873015872,2.409638554216868,0.0005803428571428572,0.0008810024096385545,0.0008810024096385545,2.409638554216868,0.9090909090909091,0.04,0.20574162679425848
Nangate45,NANDX1,NAND2_X1,A1,ZN,fall,130.081,0.0148392,1.1,25.0,75.6855,1.5180722891566267,1.26,0.8299999999999998,0,1,1,4.875815452730412,0.014730176298079229,0.7936507936507936,1.204819277108434,0.011777142857142858,0.017878554216867477,0.017878554216867477,1.204819277108434,0.9090909090909091,0.04,0.20574162679425848
Nangate45,NORX1,NOR2_X1,A2,ZN,fall,40.9838,0.0016689300000000001,1.1,25.0,14.444099999999999,1.5180722891566267,1.26,0.8299999999999998,0,1,1,3.737283829590765,0.001667538883896079,0.7936507936507936,1.204819277108434,0.001324547619047619,0.002010759036144579,0.002010759036144579,1.204819277108434,0.9090909090909091,0.04,0.20574162679425848
Nangate45,NORX1,NOR2_X1,A1,ZN,rise,78.0596,0.0133515,1.1,25.0,115.113,1.5180722891566267,1.26,0.8299999999999998,0,1,1,4.370201998407221,0.01326315422090152,0.7936507936507936,1.204819277108434,0.010596428571428571,0.01608614457831326,0.010596428571428571,0.7936507936507936,0.9090909090909091,0.04,0.20574162679425848
Nangate45,NORX1,NOR2_X1,A2,ZN,rise,17.1859,0.0008344660000000001,1.1,25.0,27.096,1.5180722891566267,1.26,0.8299999999999998,0,1,1,2.900646568553312,0.000834118026815161,0.7936507936507936,1.204819277108434,0.0006622746031746032,0.0010053807228915666,0.0006622746031746032,0.7936507936507936,0.9090909090909091,0.04,0.20574162679425848
Nangate45,NORX1,NOR2_X1,A1,ZN,fall,198.535,0.0033378600000000002,1.1,25.0,6.1098300000000005,1.5180722891566267,1.26,0.8299999999999998,0,1,1,5.295989659538859,0.0033323017104042833,0.7936507936507936,1.204819277108434,0.002649095238095238,0.004021518072289158,0.004021518072289158,1.204819277108434,0.9090909090909091,0.04,0.20574162679425848
Nangate45,INVX1,INV_X1,A,ZN,fall,1.1737799999999998,0.00036561600000000003,1.1,25.0,3.34769,1.5180722891566267,0.63,0.4149999999999999,1,1,1,0.7764675876261998,0.0003655491787570529,1.5873015873015872,2.409638554216868,0.0005803428571428572,0.0008810024096385545,0.0008810024096385545,2.409638554216868,0.9090909090909091,0.04,0.20574162679425848
Nangate45,NORX1,NOR2_X1,A2,ZN,fall,17.1859,0.0008344660000000001,1.1,25.0,10.3694,1.5180722891566267,1.26,0.8299999999999998,0,1,1,2.900646568553312,0.000834118026815161,0.7936507936507936,1.204819277108434,0.0006622746031746032,0.0010053807228915666,0.0010053807228915666,1.204819277108434,0.9090909090909091,0.04,0.20574162679425848
Nangate45,INVX1,INV_X1,A,ZN,rise,40.9838,0.0151825,1.1,25.0,62.126,1.5180722891566267,0.63,0.4149999999999999,1,1,1,3.737283829590765,0.015068399286801608,1.5873015873015872,2.409638554216868,0.024099206349206346,0.0365843373493976,0.024099206349206346,1.5873015873015872,0.9090909090909091,0.04,0.20574162679425848
Nangate45,NORX1,NOR2_X1,A2,ZN,fall,78.0596,0.0008344660000000001,1.1,25.0,10.8072,1.5180722891566267,1.26,0.8299999999999998,0,1,1,4.370201998407221,0.000834118026815161,0.7936507936507936,1.204819277108434,0.0006622746031746032,0.0010053807228915666,0.0010053807228915666,1.204819277108434,0.9090909090909091,0.04,0.20574162679425848
Nangate45,NANDX1,NAND2_X1,A2,ZN,fall,4.7239700000000004,0.00370979,1.1,25.0,16.5415,1.5180722891566267,1.26,0.8299999999999998,0,1,1,1.7446626205903233,0.003702925700579529,0.7936507936507936,1.204819277108434,0.002944277777777778,0.004469626506024098,0.004469626506024098,1.204819277108434,0.9090909090909091,0.04,0.20574162679425848
Nangate45,NANDX1,NAND2_X1,A1,ZN,fall,130.081,0.0296783,1.1,25.0,118.14099999999999,1.5180722891566267,1.26,0.8299999999999998,0,1,1,4.875815452730412,0.02924642335925393,0.7936507936507936,1.204819277108434,0.02355420634920635,0.03575698795180724,0.03575698795180724,1.204819277108434,0.9090909090909091,0.04,0.20574162679425848
Nangate45,INVX1,INV_X1,A,ZN,rise,198.535,0.00036561600000000003,1.1,25.0,40.9686,1.5180722891566267,0.63,0.4149999999999999,1,1,1,5.295989659538859,0.0003655491787570529,1.5873015873015872,2.409638554216868,0.0005803428571428572,0.0008810024096385545,0.0005803428571428572,1.5873015873015872,0.9090909090909091,0.04,0.20574162679425848
Nangate45,NORX1,NOR2_X1,A1,ZN,rise,1.1737799999999998,0.00036561600000000003,1.1,25.0,13.6008,1.5180722891566267,1.26,0.8299999999999998,0,1,1,0.7764675876261998,0.0003655491787570529,0.7936507936507936,1.204819277108434,0.0002901714285714286,0.00044050120481927725,0.0002901714285714286,0.7936507936507936,0.9090909090909091,0.04,0.20574162679425848
Nangate45,NANDX1,NAND2_X1,A1,ZN,rise,198.535,0.0018549,1.1,25.0,53.7162,1.5180722891566267,1.26,0.8299999999999998,0,1,1,5.295989659538859,0.0018531817973962343,0.7936507936507936,1.204819277108434,0.0014721428571428572,0.0022348192771084346,0.0014721428571428572,0.7936507936507936,0.9090909090909091,0.04,0.20574162679425848
Nangate45,NANDX1,NAND2_X1,A2,ZN,rise,1.1737799999999998,0.0018549,1.1,25.0,13.323400000000001,1.5180722891566267,1.26,0.8299999999999998,0,1,1,0.7764675876261998,0.0018531817973962343,0.7936507936507936,1.204819277108434,0.0014721428571428572,0.0022348192771084346,0.0014721428571428572,0.7936507936507936,0.9090909090909091,0.04,0.20574162679425848
Nangate45,NORX1,NOR2_X1,A2,ZN,fall,17.1859,0.0033378600000000002,1.1,25.0,15.149799999999999,1.5180722891566267,1.26,0.8299999999999998,0,1,1,2.900646568553312,0.0033323017104042833,0.7936507936507936,1.204819277108434,0.002649095238095238,0.004021518072289158,0.004021518072289158,1.204819277108434,0.9090909090909091,0.04,0.20574162679425848
Nangate45,NANDX1,NAND2_X1,A2,ZN,fall,17.1859,0.00370979,1.1,25.0,20.3566,1.5180722891566267,1.26,0.8299999999999998,0,1,1,2.900646568553312,0.003702925700579529,0.7936507936507936,1.204819277108434,0.002944277777777778,0.004469626506024098,0.004469626506024098,1.204819277108434,0.9090909090909091,0.04,0.20574162679425848
Nangate45,INVX2,INV_X2,A,ZN,fall,4.7239700000000004,0.00759125,1.1,25.0,9.25354,1.5180722891566267,1.26,0.8299999999999998,1,1,1,1.7446626205903233,0.0075625814570239825,0.7936507936507936,1.204819277108434,0.0060248015873015865,0.0091460843373494,0.0091460843373494,1.204819277108434,0.9090909090909091,0.04,0.20574162679425848
Nangate45,INVX2,INV_X2,A,ZN,rise,78.0596,0.00759125,1.1,25.0,42.524,1.5180722891566267,1.26,0.8299999999999998,1,1,1,4.370201998407221,0.0075625814570239825,0.7936507936507936,1.204819277108434,0.0060248015873015865,0.0091460843373494,0.0060248015873015865,0.7936507936507936,0.9090909090909091,0.04,0.20574162679425848
Nangate45,NANDX1,NAND2_X1,A1,ZN,fall,198.535,0.0148392,1.1,25.0,83.4863,1.5180722891566267,1.26,0.8299999999999998,0,1,1,5.295989659538859,0.014730176298079229,0.7936507936507936,1.204819277108434,0.011777142857142858,0.017878554216867477,0.017878554216867477,1.204819277108434,0.9090909090909091,0.04,0.20574162679425848
Nangate45,NANDX1,NAND2_X1,A2,ZN,rise,78.0596,0.00370979,1.1,25.0,48.5061,1.5180722891566267,1.26,0.8299999999999998,0,1,1,4.370201998407221,0.003702925700579529,0.7936507936507936,1.204819277108434,0.002944277777777778,0.004469626506024098,0.002944277777777778,0.7936507936507936,0.9090909090909091,0.04,0.20574162679425848
Nangate45,NORX1,NOR2_X1,A1,ZN,rise,78.0596,0.00036561600000000003,1.1,25.0,38.1015,1.5180722891566267,1.26,0.8299999999999998,0,1,1,4.370201998407221,0.0003655491787570529,0.7936507936507936,1.204819277108434,0.0002901714285714286,0.00044050120481927725,0.0002901714285714286,0.7936507936507936,0.9090909090909091,0.04,0.20574162679425848
Nangate45,INVX2,INV_X2,A,ZN,fall,78.0596,0.00379562,1.1,25.0,10.100299999999999,1.5180722891566267,1.26,0.8299999999999998,1,1,1,4.370201998407221,0.0037884348101687258,0.7936507936507936,1.204819277108434,0.003012396825396825,0.0045730361445783145,0.0045730361445783145,1.204819277108434,0.9090909090909091,0.04,0.20574162679425848
Nangate45,INVX1,INV_X1,A,ZN,rise,78.0596,0.00759125,1.1,25.0,57.5993,1.5180722891566267,0.63,0.4149999999999999,1,1,1,4.370201998407221,0.0075625814570239825,1.5873015873015872,2.409638554216868,0.012049603174603173,0.0182921686746988,0.012049603174603173,1.5873015873015872,0.9090909090909091,0.04,0.20574162679425848
Nangate45,INVX2,INV_X2,A,ZN,rise,17.1859,0.0151825,1.1,25.0,31.4406,1.5180722891566267,1.26,0.8299999999999998,1,1,1,2.900646568553312,0.015068399286801608,0.7936507936507936,1.204819277108434,0.012049603174603173,0.0182921686746988,0.012049603174603173,0.7936507936507936,0.9090909090909091,0.04,0.20574162679425848
Nangate45,NANDX1,NAND2_X1,A1,ZN,fall,4.7239700000000004,0.0018549,1.1,25.0,11.2344,1.5180722891566267,1.26,0.8299999999999998,0,1,1,1.7446626205903233,0.0018531817973962343,0.7936507936507936,1.204819277108434,0.0014721428571428572,0.0022348192771084346,0.0022348192771084346,1.204819277108434,0.9090909090909091,0.04,0.20574162679425848
Nangate45,INVX2,INV_X2,A,ZN,fall,78.0596,0.00036561600000000003,1.1,25.0,1.6426800000000001,1.5180722891566267,1.26,0.8299999999999998,1,1,1,4.370201998407221,0.0003655491787570529,0.7936507936507936,1.204819277108434,0.0002901714285714286,0.00044050120481927725,0.00044050120481927725,1.204819277108434,0.9090909090909091,0.04,0.20574162679425848
Nangate45,NORX1,NOR2_X1,A2,ZN,rise,1.1737799999999998,0.0267029,1.1,25.0,151.48700000000002,1.5180722891566267,1.26,0.8299999999999998,0,1,1,0.7764675876261998,0.026352599902410307,0.7936507936507936,1.204819277108434,0.02119277777777778,0.032172168674698805,0.02119277777777778,0.7936507936507936,0.9090909090909091,0.04,0.20574162679425848
Nangate45,NANDX1,NAND2_X1,A1,ZN,rise,198.535,0.00036561600000000003,1.1,25.0,41.5987,1.5180722891566267,1.26,0.8299999999999998,0,1,1,5.295989659538859,0.0003655491787570529,0.7936507936507936,1.204819277108434,0.0002901714285714286,0.00044050120481927725,0.0002901714285714286,0.7936507936507936,0.9090909090909091,0.04,0.20574162679425848
Nangate45,INVX1,INV_X1,A,ZN,fall,4.7239700000000004,0.00189781,1.1,25.0,6.78237,1.5180722891566267,0.63,0.4149999999999999,1,1,1,1.7446626205903233,0.0018960114338003786,1.5873015873015872,2.409638554216868,0.003012396825396825,0.0045730361445783145,0.0045730361445783145,2.409638554216868,0.9090909090909091,0.04,0.20574162679425848
Nangate45,NANDX1,NAND2_X1,A2,ZN,rise,4.7239700000000004,0.00370979,1.1,25.0,19.436700000000002,1.5180722891566267,1.26,0.8299999999999998,0,1,1,1.7446626205903233,0.003702925700579529,0.7936507936507936,1.204819277108434,0.002944277777777778,0.004469626506024098,0.002944277777777778,0.7936507936507936,0.9090909090909091,0.04,0.20574162679425848
Nangate45,NANDX1,NAND2_X1,A1,ZN,rise,78.0596,0.00370979,1.1,25.0,43.833,1.5180722891566267,1.26,0.8299999999999998,0,1,1,4.370201998407221,0.003702925700579529,0.7936507936507936,1.204819277108434,0.002944277777777778,0.004469626506024098,0.002944277777777778,0.7936507936507936,0.9090909090909091,0.04,0.20574162679425848
Nangate45,INVX1,INV_X1,A,ZN,rise,40.9838,0.00759125,1.1,25.0,43.744,1.5180722891566267,0.63,0.4149999999999999,1,1,1,3.737283829590765,0.0075625814570239825,1.5873015873015872,2.409638554216868,0.012049603174603173,0.0182921686746988,0.012049603174603173,1.5873015873015872,0.9090909090909091,0.04,0.20574162679425848
Nangate45,INVX1,INV_X1,A,ZN,rise,17.1859,0.00759125,1.1,25.0,31.244999999999997,1.5180722891566267,0.63,0.4149999999999999,1,1,1,2.900646568553312,0.0075625814570239825,1.5873015873015872,2.409638554216868,0.012049603174603173,0.0182921686746988,0.012049603174603173,1.5873015873015872,0.9090909090909091,0.04,0.20574162679425848
Nangate45,NANDX1,NAND2_X1,A1,ZN,fall,130.081,0.00370979,1.1,25.0,31.3125,1.5180722891566267,1.26,0.8299999999999998,0,1,1,4.875815452730412,0.003702925700579529,0.7936507936507936,1.204819277108434,0.002944277777777778,0.004469626506024098,0.004469626506024098,1.204819277108434,0.9090909090909091,0.04,0.20574162679425848
Nangate45,INVX1,INV_X1,A,ZN,fall,17.1859,0.00759125,1.1,25.0,19.2072,1.5180722891566267,0.63,0.4149999999999999,1,1,1,2.900646568553312,0.0075625814570239825,1.5873015873015872,2.409638554216868,0.012049603174603173,0.0182921686746988,0.0182921686746988,2.409638554216868,0.9090909090909091,0.04,0.20574162679425848
Nangate45,NORX1,NOR2_X1,A2,ZN,rise,17.1859,0.0267029,1.1,25.0,158.599,1.5180722891566267,1.26,0.8299999999999998,0,1,1,2.900646568553312,0.026352599902410307,0.7936507936507936,1.204819277108434,0.02119277777777778,0.032172168674698805,0.02119277777777778,0.7936507936507936,0.9090909090909091,0.04,0.20574162679425848
Nangate45,NORX1,NOR2_X1,A2,ZN,fall,130.081,0.0066757299999999995,1.1,25.0,31.125300000000003,1.5180722891566267,1.26,0.8299999999999998,0,1,1,4.875815452730412,0.006653545989397293,0.7936507936507936,1.204819277108434,0.005298198412698412,0.008043048192771086,0.008043048192771086,1.204819277108434,0.9090909090909091,0.04,0.20574162679425848
Nangate45,NANDX1,NAND2_X1,A2,ZN,rise,198.535,0.00036561600000000003,1.1,25.0,52.4032,1.5180722891566267,1.26,0.8299999999999998,0,1,1,5.295989659538859,0.0003655491787570529,0.7936507936507936,1.204819277108434,0.0002901714285714286,0.00044050120481927725,0.0002901714285714286,0.7936507936507936,0.9090909090909091,0.04,0.20574162679425848
Nangate45,NORX1,NOR2_X1,A2,ZN,rise,198.535,0.0133515,1.1,25.0,158.487,1.5180722891566267,1.26,0.8299999999999998,0,1,1,5.295989659538859,0.01326315422090152,0.7936507936507936,1.204819277108434,0.010596428571428571,0.01608614457831326,0.010596428571428571,0.7936507936507936,0.9090909090909091,0.04,0.20574162679425848
Nangate45,INVX2,INV_X2,A,ZN,fall,198.535,0.06073,1.1,25.0,94.158,1.5180722891566267,1.26,0.8299999999999998,1,1,1,5.295989659538859,0.05895735033852654,0.7936507936507936,1.204819277108434,0.04819841269841269,0.0731686746987952,0.0731686746987952,1.204819277108434,0.9090909090909091,0.04,0.20574162679425848
Nangate45,NANDX1,NAND2_X1,A2,ZN,rise,1.1737799999999998,0.0593567,1.1,25.0,151.618,1.5180722891566267,1.26,0.8299999999999998,0,1,1,0.7764675876261998,0.05766183710119177,0.7936507936507936,1.204819277108434,0.04710849206349206,0.07151409638554218,0.04710849206349206,0.7936507936507936,0.9090909090909091,0.04,0.20574162679425848
Nangate45,NANDX1,NAND2_X1,A2,ZN,fall,17.1859,0.0148392,1.1,25.0,43.8183,1.5180722891566267,1.26,0.8299999999999998,0,1,1,2.900646568553312,0.014730176298079229,0.7936507936507936,1.204819277108434,0.011777142857142858,0.017878554216867477,0.017878554216867477,1.204819277108434,0.9090909090909091,0.04,0.20574162679425848
Nangate45,NORX1,NOR2_X1,A2,ZN,rise,17.1859,0.0033378600000000002,1.1,25.0,39.9222,1.5180722891566267,1.26,0.8299999999999998,0,1,1,2.900646568553312,0.0033323017104042833,0.7936507936507936,1.204819277108434,0.002649095238095238,0.004021518072289158,0.002649095238095238,0.7936507936507936,0.9090909090909091,0.04,0.20574162679425848
Nangate45,NORX1,NOR2_X1,A2,ZN,rise,78.0596,0.0066757299999999995,1.1,25.0,80.0611,1.5180722891566267,1.26,0.8299999999999998,0,1,1,4.370201998407221,0.006653545989397293,0.7936507936507936,1.204819277108434,0.005298198412698412,0.008043048192771086,0.005298198412698412,0.7936507936507936,0.9090909090909091,0.04,0.20574162679425848
Nangate45,INVX1,INV_X1,A,ZN,fall,198.535,0.030365,1.1,25.0,93.94669999999999,1.5180722891566267,0.63,0.4149999999999999,1,1,1,5.295989659538859,0.029913108399742868,1.5873015873015872,2.409638554216868,0.04819841269841269,0.0731686746987952,0.0731686746987952,2.409638554216868,0.9090909090909091,0.04,0.20574162679425848
Nangate45,INVX2,INV_X2,A,ZN,fall,130.081,0.00379562,1.1,25.0,6.79938,1.5180722891566267,1.26,0.8299999999999998,1,1,1,4.875815452730412,0.0037884348101687258,0.7936507936507936,1.204819277108434,0.003012396825396825,0.0045730361445783145,0.0045730361445783145,1.204819277108434,0.9090909090909091,0.04,0.20574162679425848
Nangate45,NORX1,NOR2_X1,A1,ZN,fall,4.7239700000000004,0.0267029,1.1,25.0,37.6394,1.5180722891566267,1.26,0.8299999999999998,0,1,1,1.7446626205903233,0.026352599902410307,0.7936507936507936,1.204819277108434,0.02119277777777778,0.032172168674698805,0.032172168674698805,1.204819277108434,0.9090909090909091,0.04,0.20574162679425848
Nangate45,NORX1,NOR2_X1,A1,ZN,rise,198.535,0.0033378600000000002,1.1,25.0,95.033,1.5180722891566267,1.26,0.8299999999999998,0,1,1,5.295989659538859,0.0033323017104042833,0.7936507936507936,1.204819277108434,0.002649095238095238,0.004021518072289158,0.002649095238095238,0.7936507936507936,0.9090909090909091,0.04,0.20574162679425848
Nangate45,INVX1,INV_X1,A,ZN,fall,198.535,0.00759125,1.1,25.0,28.0603,1.5180722891566267,0.63,0.4149999999999999,1,1,1,5.295989659538859,0.0075625814570239825,1.5873015873015872,2.409638554216868,0.012049603174603173,0.0182921686746988,0.0182921686746988,2.409638554216868,0.9090909090909091,0.04,0.20574162679425848
Nangate45,INVX1,INV_X1,A,ZN,rise,40.9838,0.00379562,1.1,25.0,31.9657,1.5180722891566267,0.63,0.4149999999999999,1,1,1,3.737283829590765,0.0037884348101687258,1.5873015873015872,2.409638554216868,0.00602479365079365,0.009146072289156629,0.00602479365079365,1.5873015873015872,0.9090909090909091,0.04,0.20574162679425848
Nangate45,NORX1,NOR2_X1,A2,ZN,fall,78.0596,0.0066757299999999995,1.1,25.0,30.1054,1.5180722891566267,1.26,0.8299999999999998,0,1,1,4.370201998407221,0.006653545989397293,0.7936507936507936,1.204819277108434,0.005298198412698412,0.008043048192771086,0.008043048192771086,1.204819277108434,0.9090909090909091,0.04,0.20574162679425848
Nangate45,NANDX1,NAND2_X1,A2,ZN,rise,17.1859,0.0018549,1.1,25.0,21.418300000000002,1.5180722891566267,1.26,0.8299999999999998,0,1,1,2.900646568553312,0.0018531817973962343,0.7936507936507936,1.204819277108434,0.0014721428571428572,0.0022348192771084346,0.0014721428571428572,0.7936507936507936,0.9090909090909091,0.04,0.20574162679425848
Nangate45,NANDX1,NAND2_X1,A2,ZN,rise,198.535,0.00370979,1.1,25.0,74.4893,1.5180722891566267,1.26,0.8299999999999998,0,1,1,5.295989659538859,0.003702925700579529,0.7936507936507936,1.204819277108434,0.002944277777777778,0.004469626506024098,0.002944277777777778,0.7936507936507936,0.9090909090909091,0.04,0.20574162679425848
Nangate45,NANDX1,NAND2_X1,A1,ZN,fall,198.535,0.0593567,1.1,25.0,210.841,1.5180722891566267,1.26,0.8299999999999998,0,1,1,5.295989659538859,0.05766183710119177,0.7936507936507936,1.204819277108434,0.04710849206349206,0.07151409638554218,0.07151409638554218,1.204819277108434,0.9090909090909091,0.04,0.20574162679425848
Nangate45,INVX1,INV_X1,A,ZN,rise,1.1737799999999998,0.030365,1.1,25.0,78.1322,1.5180722891566267,0.63,0.4149999999999999,1,1,1,0.7764675876261998,0.029913108399742868,1.5873015873015872,2.409638554216868,0.04819841269841269,0.0731686746987952,0.04819841269841269,1.5873015873015872,0.9090909090909091,0.04,0.20574162679425848
Nangate45,INVX2,INV_X2,A,ZN,rise,17.1859,0.12146,1.1,25.0,159.023,1.5180722891566267,1.26,0.8299999999999998,1,1,1,2.900646568553312,0.1146314078240044,0.7936507936507936,1.204819277108434,0.09639682539682538,0.1463373493975904,0.09639682539682538,0.7936507936507936,0.9090909090909091,0.04,0.20574162679425848
Nangate45,INVX1,INV_X1,A,ZN,rise,198.535,0.00759125,1.1,25.0,87.8376,1.5180722891566267,0.63,0.4149999999999999,1,1,1,5.295989659538859,0.0075625814570239825,1.5873015873015872,2.409638554216868,0.012049603174603173,0.0182921686746988,0.012049603174603173,1.5873015873015872,0.9090909090909091,0.04,0.20574162679425848
Nangate45,NORX1,NOR2_X1,A2,ZN,fall,4.7239700000000004,0.0016689300000000001,1.1,25.0,8.06589,1.5180722891566267,1.26,0.8299999999999998,0,1,1,1.7446626205903233,0.001667538883896079,0.7936507936507936,1.204819277108434,0.001324547619047619,0.002010759036144579,0.002010759036144579,1.204819277108434,0.9090909090909091,0.04,0.20574162679425848
Nangate45,NANDX1,NAND2_X1,A2,ZN,fall,40.9838,0.0018549,1.1,25.0,19.551099999999998,1.5180722891566267,1.26,0.8299999999999998,0,1,1,3.737283829590765,0.0018531817973962343,0.7936507936507936,1.204819277108434,0.0014721428571428572,0.0022348192771084346,0.0022348192771084346,1.204819277108434,0.9090909090909091,0.04,0.20574162679425848
Nangate45,NANDX1,NAND2_X1,A2,ZN,fall,17.1859,0.00036561600000000003,1.1,25.0,12.1093,1.5180722891566267,1.26,0.8299999999999998,0,1,1,2.900646568553312,0.0003655491787570529,0.7936507936507936,1.204819277108434,0.0002901714285714286,0.00044050120481927725,0.00044050120481927725,1.204819277108434,0.9090909090909091,0.04,0.20574162679425848
Nangate45,INVX1,INV_X1,A,ZN,rise,17.1859,0.00379562,1.1,25.0,22.281,1.5180722891566267,0.63,0.4149999999999999,1,1,1,2.900646568553312,0.0037884348101687258,1.5873015873015872,2.409638554216868,0.00602479365079365,0.009146072289156629,0.00602479365079365,1.5873015873015872,0.9090909090909091,0.04,0.20574162679425848
Nangate45,INVX1,INV_X1,A,ZN,rise,198.535,0.06073,1.1,25.0,255.965,1.5180722891566267,0.63,0.4149999999999999,1,1,1,5.295989659538859,0.05895735033852654,1.5873015873015872,2.409638554216868,0.09639682539682538,0.1463373493975904,0.09639682539682538,1.5873015873015872,0.9090909090909091,0.04,0.20574162679425848
Nangate45,NORX1,NOR2_X1,A2,ZN,fall,40.9838,0.0267029,1.1,25.0,55.307700000000004,1.5180722891566267,1.26,0.8299999999999998,0,1,1,3.737283829590765,0.026352599902410307,0.7936507936507936,1.204819277108434,0.02119277777777778,0.032172168674698805,0.032172168674698805,1.204819277108434,0.9090909090909091,0.04,0.20574162679425848
Nangate45,NORX1,NOR2_X1,A1,ZN,fall,17.1859,0.0133515,1.1,25.0,26.9866,1.5180722891566267,1.26,0.8299999999999998,0,1,1,2.900646568553312,0.01326315422090152,0.7936507936507936,1.204819277108434,0.010596428571428571,0.01608614457831326,0.01608614457831326,1.204819277108434,0.9090909090909091,0.04,0.20574162679425848
Nangate45,INVX1,INV_X1,A,ZN,rise,1.1737799999999998,0.00759125,1.1,25.0,23.4111,1.5180722891566267,0.63,0.4149999999999999,1,1,1,0.7764675876261998,0.0075625814570239825,1.5873015873015872,2.409638554216868,0.012049603174603173,0.0182921686746988,0.012049603174603173,1.5873015873015872,0.9090909090909091,0.04,0.20574162679425848
Nangate45,NANDX1,NAND2_X1,A2,ZN,rise,40.9838,0.00036561600000000003,1.1,25.0,24.572,1.5180722891566267,1.26,0.8299999999999998,0,1,1,3.737283829590765,0.0003655491787570529,0.7936507936507936,1.204819277108434,0.0002901714285714286,0.00044050120481927725,0.0002901714285714286,0.7936507936507936,0.9090909090909091,0.04,0.20574162679425848
Nangate45,NANDX1,NAND2_X1,A2,ZN,rise,198.535,0.0148392,1.1,25.0,126.671,1.5180722891566267,1.26,0.8299999999999998,0,1,1,5.295989659538859,0.014730176298079229,0.7936507936507936,1.204819277108434,0.011777142857142858,0.017878554216867477,0.011777142857142858,0.7936507936507936,0.9090909090909091,0.04,0.20574162679425848
Nangate45,NANDX1,NAND2_X1,A1,ZN,rise,78.0596,0.0296783,1.1,25.0,117.889,1.5180722891566267,1.26,0.8299999999999998,0,1,1,4.370201998407221,0.02924642335925393,0.7936507936507936,1.204819277108434,0.02355420634920635,0.03575698795180724,0.02355420634920635,0.7936507936507936,0.9090909090909091,0.04,0.20574162679425848
Nangate45,INVX1,INV_X1,A,ZN,rise,40.9838,0.030365,1.1,25.0,98.13719999999999,1.5180722891566267,0.63,0.4149999999999999,1,1,1,3.737283829590765,0.029913108399742868,1.5873015873015872,2.409638554216868,0.04819841269841269,0.0731686746987952,0.04819841269841269,1.5873015873015872,0.9090909090909091,0.04,0.20574162679425848
Nangate45,NANDX1,NAND2_X1,A1,ZN,fall,40.9838,0.0018549,1.1,25.0,19.0883,1.5180722891566267,1.26,0.8299999999999998,0,1,1,3.737283829590765,0.0018531817973962343,0.7936507936507936,1.204819277108434,0.0014721428571428572,0.0022348192771084346,0.0022348192771084346,1.204819277108434,0.9090909090909091,0.04,0.20574162679425848
Nangate45,INVX1,INV_X1,A,ZN,fall,1.1737799999999998,0.00189781,1.1,25.0,5.2978499999999995,1.5180722891566267,0.63,0.4149999999999999,1,1,1,0.7764675876261998,0.0018960114338003786,1.5873015873015872,2.409638554216868,0.003012396825396825,0.0045730361445783145,0.0045730361445783145,2.409638554216868,0.9090909090909091,0.04,0.20574162679425848
Nangate45,NANDX1,NAND2_X1,A1,ZN,rise,130.081,0.00370979,1.1,25.0,54.677099999999996,1.5180722891566267,1.26,0.8299999999999998,0,1,1,4.875815452730412,0.003702925700579529,0.7936507936507936,1.204819277108434,0.002944277777777778,0.004469626506024098,0.002944277777777778,0.7936507936507936,0.9090909090909091,0.04,0.20574162679425848
Nangate45,INVX1,INV_X1,A,ZN,rise,130.081,0.00379562,1.1,25.0,53.591899999999995,1.5180722891566267,0.63,0.4149999999999999,1,1,1,4.875815452730412,0.0037884348101687258,1.5873015873015872,2.409638554216868,0.00602479365079365,0.009146072289156629,0.00602479365079365,1.5873015873015872,0.9090909090909091,0.04,0.20574162679425848
Nangate45,INVX2,INV_X2,A,ZN,fall,4.7239700000000004,0.06073,1.1,25.0,41.5332,1.5180722891566267,1.26,0.8299999999999998,1,1,1,1.7446626205903233,0.05895735033852654,0.7936507936507936,1.204819277108434,0.04819841269841269,0.0731686746987952,0.0731686746987952,1.204819277108434,0.9090909090909091,0.04,0.20574162679425848
Nangate45,NANDX1,NAND2_X1,A1,ZN,rise,198.535,0.00741959,1.1,25.0,87.44250000000001,1.5180722891566267,1.26,0.8299999999999998,0,1,1,5.295989659538859,0.0073922002392085295,0.7936507936507936,1.204819277108434,0.005888563492063492,0.008939265060240967,0.005888563492063492,0.7936507936507936,0.9090909090909091,0.04,0.20574162679425848
Nangate45,NORX1,NOR2_X1,A2,ZN,fall,40.9838,0.0008344660000000001,1.1,25.0,11.8496,1.5180722891566267,1.26,0.8299999999999998,0,1,1,3.737283829590765,0.000834118026815161,0.7936507936507936,1.204819277108434,0.0006622746031746032,0.0010053807228915666,0.0010053807228915666,1.204819277108434,0.9090909090909091,0.04,0.20574162679425848
Nangate45,INVX2,INV_X2,A,ZN,fall,78.0596,0.00759125,1.1,25.0,17.2684,1.5180722891566267,1.26,0.8299999999999998,1,1,1,4.370201998407221,0.0075625814570239825,0.7936507936507936,1.204819277108434,0.0060248015873015865,0.0091460843373494,0.0091460843373494,1.204819277108434,0.9090909090909091,0.04,0.20574162679425848
Nangate45,NORX1,NOR2_X1,A2,ZN,fall,130.081,0.0133515,1.1,25.0,50.708000000000006,1.5180722891566267,1.26,0.8299999999999998,0,1,1,4.875815452730412,0.01326315422090152,0.7936507936507936,1.204819277108434,0.010596428571428571,0.01608614457831326,0.01608614457831326,1.204819277108434,0.9090909090909091,0.04,0.20574162679425848
Nangate45,NANDX1,NAND2_X1,A2,ZN,fall,1.1737799999999998,0.00370979,1.1,25.0,15.2253,1.5180722891566267,1.26,0.8299999999999998,0,1,1,0.7764675876261998,0.003702925700579529,0.7936507936507936,1.204819277108434,0.002944277777777778,0.004469626506024098,0.004469626506024098,1.204819277108434,0.9090909090909091,0.04,0.20574162679425848
Nangate45,NANDX1,NAND2_X1,A1,ZN,rise,1.1737799999999998,0.00370979,1.1,25.0,15.767199999999999,1.5180722891566267,1.26,0.8299999999999998,0,1,1,0.7764675876261998,0.003702925700579529,0.7936507936507936,1.204819277108434,0.002944277777777778,0.004469626506024098,0.002944277777777778,0.7936507936507936,0.9090909090909091,0.04,0.20574162679425848
Nangate45,NORX1,NOR2_X1,A2,ZN,fall,4.7239700000000004,0.0133515,1.1,25.0,22.7903,1.5180722891566267,1.26,0.8299999999999998,0,1,1,1.7446626205903233,0.01326315422090152,0.7936507936507936,1.204819277108434,0.010596428571428571,0.01608614457831326,0.01608614457831326,1.204819277108434,0.9090909090909091,0.04,0.20574162679425848
Nangate45,NORX1,NOR2_X1,A2,ZN,fall,40.9838,0.0133515,1.1,25.0,37.801300000000005,1.5180722891566267,1.26,0.8299999999999998,0,1,1,3.737283829590765,0.01326315422090152,0.7936507936507936,1.204819277108434,0.010596428571428571,0.01608614457831326,0.01608614457831326,1.204819277108434,0.9090909090909091,0.04,0.20574162679425848
Nangate45,INVX1,INV_X1,A,ZN,fall,17.1859,0.0151825,1.1,25.0,28.4937,1.5180722891566267,0.63,0.4149999999999999,1,1,1,2.900646568553312,0.015068399286801608,1.5873015873015872,2.409638554216868,0.024099206349206346,0.0365843373493976,0.0365843373493976,2.409638554216868,0.9090909090909091,0.04,0.20574162679425848
Nangate45,NANDX1,NAND2_X1,A2,ZN,rise,78.0596,0.0018549,1.1,25.0,40.3045,1.5180722891566267,1.26,0.8299999999999998,0,1,1,4.370201998407221,0.0018531817973962343,0.7936507936507936,1.204819277108434,0.0014721428571428572,0.0022348192771084346,0.0014721428571428572,0.7936507936507936,0.9090909090909091,0.04,0.20574162679425848
Nangate45,INVX2,INV_X2,A,ZN,fall,40.9838,0.00759125,1.1,25.0,16.4598,1.5180722891566267,1.26,0.8299999999999998,1,1,1,3.737283829590765,0.0075625814570239825,0.7936507936507936,1.204819277108434,0.0060248015873015865,0.0091460843373494,0.0091460843373494,1.204819277108434,0.9090909090909091,0.04,0.20574162679425848
Nangate45,NANDX1,NAND2_X1,A2,ZN,rise,4.7239700000000004,0.0296783,1.1,25.0,82.063,1.5180722891566267,1.26,0.8299999999999998,0,1,1,1.7446626205903233,0.02924642335925393,0.7936507936507936,1.204819277108434,0.02355420634920635,0.03575698795180724,0.02355420634920635,0.7936507936507936,0.9090909090909091,0.04,0.20574162679425848
Nangate45,NORX1,NOR2_X1,A1,ZN,fall,198.535,0.0133515,1.1,25.0,47.8418,1.5180722891566267,1.26,0.8299999999999998,0,1,1,5.295989659538859,0.01326315422090152,0.7936507936507936,1.204819277108434,0.010596428571428571,0.01608614457831326,0.01608614457831326,1.204819277108434,0.9090909090909091,0.04,0.20574162679425848
Nangate45,NANDX1,NAND2_X1,A1,ZN,rise,1.1737799999999998,0.0018549,1.1,25.0,11.2099,1.5180722891566267,1.26,0.8299999999999998,0,1,1,0.7764675876261998,0.0018531817973962343,0.7936507936507936,1.204819277108434,0.0014721428571428572,0.0022348192771084346,0.0014721428571428572,0.7936507936507936,0.9090909090909091,0.04,0.20574162679425848
Nangate45,INVX2,INV_X2,A,ZN,fall,4.7239700000000004,0.00036561600000000003,1.1,25.0,4.44597,1.5180722891566267,1.26,0.8299999999999998,1,1,1,1.7446626205903233,0.0003655491787570529,0.7936507936507936,1.204819277108434,0.0002901714285714286,0.00044050120481927725,0.00044050120481927725,1.204819277108434,0.9090909090909091,0.04,0.20574162679425848
Nangate45,NANDX1,NAND2_X1,A2,ZN,rise,17.1859,0.00036561600000000003,1.1,25.0,17.264100000000003,1.5180722891566267,1.26,0.8299999999999998,0,1,1,2.900646568553312,0.0003655491787570529,0.7936507936507936,1.204819277108434,0.0002901714285714286,0.00044050120481927725,0.0002901714285714286,0.7936507936507936,0.9090909090909091,0.04,0.20574162679425848
Nangate45,NANDX1,NAND2_X1,A2,ZN,fall,130.081,0.0593567,1.1,25.0,173.18,1.5180722891566267,1.26,0.8299999999999998,0,1,1,4.875815452730412,0.05766183710119177,0.7936507936507936,1.204819277108434,0.04710849206349206,0.07151409638554218,0.07151409638554218,1.204819277108434,0.9090909090909091,0.04,0.20574162679425848
Nangate45,NORX1,NOR2_X1,A2,ZN,fall,1.1737799999999998,0.00036561600000000003,1.1,25.0,4.72393,1.5180722891566267,1.26,0.8299999999999998,0,1,1,0.7764675876261998,0.0003655491787570529,0.7936507936507936,1.204819277108434,0.0002901714285714286,0.00044050120481927725,0.00044050120481927725,1.204819277108434,0.9090909090909091,0.04,0.20574162679425848
Nangate45,NANDX1,NAND2_X1,A2,ZN,rise,17.1859,0.0593567,1.1,25.0,159.43099999999998,1.5180722891566267,1.26,0.8299999999999998,0,1,1,2.900646568553312,0.05766183710119177,0.7936507936507936,1.204819277108434,0.04710849206349206,0.07151409638554218,0.04710849206349206,0.7936507936507936,0.9090909090909091,0.04,0.20574162679425848
Nangate45,INVX2,INV_X2,A,ZN,rise,4.7239700000000004,0.00036561600000000003,1.1,25.0,7.00751,1.5180722891566267,1.26,0.8299999999999998,1,1,1,1.7446626205903233,0.0003655491787570529,0.7936507936507936,1.204819277108434,0.0002901714285714286,0.00044050120481927725,0.0002901714285714286,0.7936507936507936,0.9090909090909091,0.04,0.20574162679425848
Nangate45,NANDX1,NAND2_X1,A2,ZN,fall,40.9838,0.0148392,1.1,25.0,51.407300000000006,1.5180722891566267,1.26,0.8299999999999998,0,1,1,3.737283829590765,0.014730176298079229,0.7936507936507936,1.204819277108434,0.011777142857142858,0.017878554216867477,0.017878554216867477,1.204819277108434,0.9090909090909091,0.04,0.20574162679425848
Nangate45,INVX1,INV_X1,A,ZN,fall,40.9838,0.0151825,1.1,25.0,38.0191,1.5180722891566267,0.63,0.4149999999999999,1,1,1,3.737283829590765,0.015068399286801608,1.5873015873015872,2.409638554216868,0.024099206349206346,0.0365843373493976,0.0365843373493976,2.409638554216868,0.9090909090909091,0.04,0.20574162679425848
Nangate45,NORX1,NOR2_X1,A1,ZN,rise,1.1737799999999998,0.0133515,1.1,25.0,80.1242,1.5180722891566267,1.26,0.8299999999999998,0,1,1,0.7764675876261998,0.01326315422090152,0.7936507936507936,1.204819277108434,0.010596428571428571,0.01608614457831326,0.010596428571428571,0.7936507936507936,0.9090909090909091,0.04,0.20574162679425848
Nangate45,NORX1,NOR2_X1,A2,ZN,fall,40.9838,0.0066757299999999995,1.1,25.0,26.2861,1.5180722891566267,1.26,0.8299999999999998,0,1,1,3.737283829590765,0.006653545989397293,0.7936507936507936,1.204819277108434,0.005298198412698412,0.008043048192771086,0.008043048192771086,1.204819277108434,0.9090909090909091,0.04,0.20574162679425848
Nangate45,INVX2,INV_X2,A,ZN,rise,40.9838,0.00759125,1.1,25.0,32.2202,1.5180722891566267,1.26,0.8299999999999998,1,1,1,3.737283829590765,0.0075625814570239825,0.7936507936507936,1.204819277108434,0.0060248015873015865,0.0091460843373494,0.0060248015873015865,0.7936507936507936,0.9090909090909091,0.04,0.20574162679425848
Nangate45,NANDX1,NAND2_X1,A2,ZN,fall,40.9838,0.00036561600000000003,1.1,25.0,14.0115,1.5180722891566267,1.26,0.8299999999999998,0,1,1,3.737283829590765,0.0003655491787570529,0.7936507936507936,1.204819277108434,0.0002901714285714286,0.00044050120481927725,0.00044050120481927725,1.204819277108434,0.9090909090909091,0.04,0.20574162679425848
Nangate45,NANDX1,NAND2_X1,A2,ZN,fall,198.535,0.00036561600000000003,1.1,25.0,8.910919999999999,1.5180722891566267,1.26,0.8299999999999998,0,1,1,5.295989659538859,0.0003655491787570529,0.7936507936507936,1.204819277108434,0.0002901714285714286,0.00044050120481927725,0.00044050120481927725,1.204819277108434,0.9090909090909091,0.04,0.20574162679425848
Nangate45,NORX1,NOR2_X1,A1,ZN,fall,17.1859,0.00036561600000000003,1.1,25.0,7.08289,1.5180722891566267,1.26,0.8299999999999998,0,1,1,2.900646568553312,0.0003655491787570529,0.7936507936507936,1.204819277108434,0.0002901714285714286,0.00044050120481927725,0.00044050120481927725,1.204819277108434,0.9090909090909091,0.04,0.20574162679425848
Nangate45,NORX1,NOR2_X1,A2,ZN,rise,40.9838,0.0133515,1.1,25.0,99.96140000000001,1.5180722891566267,1.26,0.8299999999999998,0,1,1,3.737283829590765,0.01326315422090152,0.7936507936507936,1.204819277108434,0.010596428571428571,0.01608614457831326,0.010596428571428571,0.7936507936507936,0.9090909090909091,0.04,0.20574162679425848
Nangate45,NANDX1,NAND2_X1,A2,ZN,rise,130.081,0.00741959,1.1,25.0,77.79310000000001,1.5180722891566267,1.26,0.8299999999999998,0,1,1,4.875815452730412,0.0073922002392085295,0.7936507936507936,1.204819277108434,0.005888563492063492,0.008939265060240967,0.005888563492063492,0.7936507936507936,0.9090909090909091,0.04,0.20574162679425848
Nangate45,NANDX1,NAND2_X1,A2,ZN,rise,78.0596,0.00036561600000000003,1.1,25.0,32.6637,1.5180722891566267,1.26,0.8299999999999998,0,1,1,4.370201998407221,0.0003655491787570529,0.7936507936507936,1.204819277108434,0.0002901714285714286,0.00044050120481927725,0.0002901714285714286,0.7936507936507936,0.9090909090909091,0.04,0.20574162679425848
Nangate45,NORX1,NOR2_X1,A1,ZN,rise,4.7239700000000004,0.0008344660000000001,1.1,25.0,16.754,1.5180722891566267,1.26,0.8299999999999998,0,1,1,1.7446626205903233,0.000834118026815161,0.7936507936507936,1.204819277108434,0.0006622746031746032,0.0010053807228915666,0.0006622746031746032,0.7936507936507936,0.9090909090909091,0.04,0.20574162679425848
Nangate45,NORX1,NOR2_X1,A2,ZN,rise,4.7239700000000004,0.00036561600000000003,1.1,25.0,19.2451,1.5180722891566267,1.26,0.8299999999999998,0,1,1,1.7446626205903233,0.0003655491787570529,0.7936507936507936,1.204819277108434,0.0002901714285714286,0.00044050120481927725,0.0002901714285714286,0.7936507936507936,0.9090909090909091,0.04,0.20574162679425848
Nangate45,NORX1,NOR2_X1,A2,ZN,fall,198.535,0.0133515,1.1,25.0,52.7577,1.5180722891566267,1.26,0.8299999999999998,0,1,1,5.295989659538859,0.01326315422090152,0.7936507936507936,1.204819277108434,0.010596428571428571,0.01608614457831326,0.01608614457831326,1.204819277108434,0.9090909090909091,0.04,0.20574162679425848
Nangate45,INVX1,INV_X1,A,ZN,rise,130.081,0.00189781,1.1,25.0,42.4084,1.5180722891566267,0.63,0.4149999999999999,1,1,1,4.875815452730412,0.0018960114338003786,1.5873015873015872,2.409638554216868,0.003012396825396825,0.0045730361445783145,0.003012396825396825,1.5873015873015872,0.9090909090909091,0.04,0.20574162679425848
Nangate45,INVX2,INV_X2,A,ZN,rise,198.535,0.00379562,1.1,25.0,54.0298,1.5180722891566267,1.26,0.8299999999999998,1,1,1,5.295989659538859,0.0037884348101687258,0.7936507936507936,1.204819277108434,0.003012396825396825,0.0045730361445783145,0.003012396825396825,0.7936507936507936,0.9090909090909091,0.04,0.20574162679425848
Nangate45,NANDX1,NAND2_X1,A1,ZN,fall,4.7239700000000004,0.0296783,1.1,25.0,69.2724,1.5180722891566267,1.26,0.8299999999999998,0,1,1,1.7446626205903233,0.02924642335925393,0.7936507936507936,1.204819277108434,0.02355420634920635,0.03575698795180724,0.03575698795180724,1.204819277108434,0.9090909090909091,0.04,0.20574162679425848
Nangate45,NANDX1,NAND2_X1,A2,ZN,rise,4.7239700000000004,0.0593567,1.1,25.0,153.295,1.5180722891566267,1.26,0.8299999999999998,0,1,1,1.7446626205903233,0.05766183710119177,0.7936507936507936,1.204819277108434,0.04710849206349206,0.07151409638554218,0.04710849206349206,0.7936507936507936,0.9090909090909091,0.04,0.20574162679425848
Nangate45,NANDX1,NAND2_X1,A2,ZN,fall,40.9838,0.00741959,1.1,25.0,34.7862,1.5180722891566267,1.26,0.8299999999999998,0,1,1,3.737283829590765,0.0073922002392085295,0.7936507936507936,1.204819277108434,0.005888563492063492,0.008939265060240967,0.008939265060240967,1.204819277108434,0.9090909090909091,0.04,0.20574162679425848
Nangate45,INVX1,INV_X1,A,ZN,fall,4.7239700000000004,0.00759125,1.1,25.0,13.7631,1.5180722891566267,0.63,0.4149999999999999,1,1,1,1.7446626205903233,0.0075625814570239825,1.5873015873015872,2.409638554216868,0.012049603174603173,0.0182921686746988,0.0182921686746988,2.409638554216868,0.9090909090909091,0.04,0.20574162679425848
Nangate45,INVX2,INV_X2,A,ZN,rise,17.1859,0.00379562,1.1,25.0,17.4269,1.5180722891566267,1.26,0.8299999999999998,1,1,1,2.900646568553312,0.0037884348101687258,0.7936507936507936,1.204819277108434,0.003012396825396825,0.0045730361445783145,0.003012396825396825,0.7936507936507936,0.9090909090909091,0.04,0.20574162679425848
Nangate45,NORX1,NOR2_X1,A2,ZN,rise,40.9838,0.0033378600000000002,1.1,25.0,49.0443,1.5180722891566267,1.26,0.8299999999999998,0,1,1,3.737283829590765,0.0033323017104042833,0.7936507936507936,1.204819277108434,0.002649095238095238,0.004021518072289158,0.002649095238095238,0.7936507936507936,0.9090909090909091,0.04,0.20574162679425848
Nangate45,NANDX1,NAND2_X1,A2,ZN,rise,130.081,0.0148392,1.1,25.0,105.452,1.5180722891566267,1.26,0.8299999999999998,0,1,1,4.875815452730412,0.014730176298079229,0.7936507936507936,1.204819277108434,0.011777142857142858,0.017878554216867477,0.011777142857142858,0.7936507936507936,0.9090909090909091,0.04,0.20574162679425848
Nangate45,NANDX1,NAND2_X1,A1,ZN,fall,40.9838,0.00036561600000000003,1.1,25.0,12.7253,1.5180722891566267,1.26,0.8299999999999998,0,1,1,3.737283829590765,0.0003655491787570529,0.7936507936507936,1.204819277108434,0.0002901714285714286,0.00044050120481927725,0.00044050120481927725,1.204819277108434,0.9090909090909091,0.04,0.20574162679425848
Nangate45,NORX1,NOR2_X1,A1,ZN,fall,40.9838,0.0016689300000000001,1.1,25.0,11.2466,1.5180722891566267,1.26,0.8299999999999998,0,1,1,3.737283829590765,0.001667538883896079,0.7936507936507936,1.204819277108434,0.001324547619047619,0.002010759036144579,0.002010759036144579,1.204819277108434,0.9090909090909091,0.04,0.20574162679425848
Nangate45,NANDX1,NAND2_X1,A2,ZN,rise,4.7239700000000004,0.00036561600000000003,1.1,25.0,11.1329,1.5180722891566267,1.26,0.8299999999999998,0,1,1,1.7446626205903233,0.0003655491787570529,0.7936507936507936,1.204819277108434,0.0002901714285714286,0.00044050120481927725,0.0002901714285714286,0.7936507936507936,0.9090909090909091,0.04,0.20574162679425848
Nangate45,INVX2,INV_X2,A,ZN,fall,1.1737799999999998,0.06073,1.1,25.0,40.0122,1.5180722891566267,1.26,0.8299999999999998,1,1,1,0.7764675876261998,0.05895735033852654,0.7936507936507936,1.204819277108434,0.04819841269841269,0.0731686746987952,0.0731686746987952,1.204819277108434,0.9090909090909091,0.04,0.20574162679425848
Nangate45,NANDX1,NAND2_X1,A1,ZN,fall,40.9838,0.0148392,1.1,25.0,53.339,1.5180722891566267,1.26,0.8299999999999998,0,1,1,3.737283829590765,0.014730176298079229,0.7936507936507936,1.204819277108434,0.011777142857142858,0.017878554216867477,0.017878554216867477,1.204819277108434,0.9090909090909091,0.04,0.20574162679425848
Nangate45,NORX1,NOR2_X1,A2,ZN,rise,1.1737799999999998,0.0133515,1.1,25.0,84.0404,1.5180722891566267,1.26,0.8299999999999998,0,1,1,0.7764675876261998,0.01326315422090152,0.7936507936507936,1.204819277108434,0.010596428571428571,0.01608614457831326,0.010596428571428571,0.7936507936507936,0.9090909090909091,0.04,0.20574162679425848
Nangate45,INVX1,INV_X1,A,ZN,rise,130.081,0.00759125,1.1,25.0,72.123,1.5180722891566267,0.63,0.4149999999999999,1,1,1,4.875815452730412,0.0075625814570239825,1.5873015873015872,2.409638554216868,0.012049603174603173,0.0182921686746988,0.012049603174603173,1.5873015873015872,0.9090909090909091,0.04,0.20574162679425848
Nangate45,NORX1,NOR2_X1,A1,ZN,rise,17.1859,0.00036561600000000003,1.1,25.0,20.2027,1.5180722891566267,1.26,0.8299999999999998,0,1,1,2.900646568553312,0.0003655491787570529,0.7936507936507936,1.204819277108434,0.0002901714285714286,0.00044050120481927725,0.0002901714285714286,0.7936507936507936,0.9090909090909091,0.04,0.20574162679425848
Nangate45,NANDX1,NAND2_X1,A2,ZN,rise,17.1859,0.00741959,1.1,25.0,34.7313,1.5180722891566267,1.26,0.8299999999999998,0,1,1,2.900646568553312,0.0073922002392085295,0.7936507936507936,1.204819277108434,0.005888563492063492,0.008939265060240967,0.005888563492063492,0.7936507936507936,0.9090909090909091,0.04,0.20574162679425848
Nangate45,NANDX1,NAND2_X1,A1,ZN,rise,1.1737799999999998,0.0593567,1.1,25.0,149.445,1.5180722891566267,1.26,0.8299999999999998,0,1,1,0.7764675876261998,0.05766183710119177,0.7936507936507936,1.204819277108434,0.04710849206349206,0.07151409638554218,0.04710849206349206,0.7936507936507936,0.9090909090909091,0.04,0.20574162679425848
Nangate45,NORX1,NOR2_X1,A1,ZN,rise,17.1859,0.0008344660000000001,1.1,25.0,22.6399,1.5180722891566267,1.26,0.8299999999999998,0,1,1,2.900646568553312,0.000834118026815161,0.7936507936507936,1.204819277108434,0.0006622746031746032,0.0010053807228915666,0.0006622746031746032,0.7936507936507936,0.9090909090909091,0.04,0.20574162679425848
Nangate45,INVX2,INV_X2,A,ZN,fall,1.1737799999999998,0.00379562,1.1,25.0,5.429200000000001,1.5180722891566267,1.26,0.8299999999999998,1,1,1,0.7764675876261998,0.0037884348101687258,0.7936507936507936,1.204819277108434,0.003012396825396825,0.0045730361445783145,0.0045730361445783145,1.204819277108434,0.9090909090909091,0.04,0.20574162679425848
Nangate45,NORX1,NOR2_X1,A2,ZN,rise,17.1859,0.0066757299999999995,1.1,25.0,56.960499999999996,1.5180722891566267,1.26,0.8299999999999998,0,1,1,2.900646568553312,0.006653545989397293,0.7936507936507936,1.204819277108434,0.005298198412698412,0.008043048192771086,0.005298198412698412,0.7936507936507936,0.9090909090909091,0.04,0.20574162679425848
Nangate45,INVX2,INV_X2,A,ZN,fall,1.1737799999999998,0.00759125,1.1,25.0,7.76557,1.5180722891566267,1.26,0.8299999999999998,1,1,1,0.7764675876261998,0.0075625814570239825,0.7936507936507936,1.204819277108434,0.0060248015873015865,0.0091460843373494,0.0091460843373494,1.204819277108434,0.9090909090909091,0.04,0.20574162679425848
Nangate45,NORX1,NOR2_X1,A1,ZN,fall,198.535,0.0267029,1.1,25.0,85.4223,1.5180722891566267,1.26,0.8299999999999998,0,1,1,5.295989659538859,0.026352599902410307,0.7936507936507936,1.204819277108434,0.02119277777777778,0.032172168674698805,0.032172168674698805,1.204819277108434,0.9090909090909091,0.04,0.20574162679425848
Nangate45,NANDX1,NAND2_X1,A2,ZN,rise,130.081,0.00036561600000000003,1.1,25.0,41.888799999999996,1.5180722891566267,1.26,0.8299999999999998,0,1,1,4.875815452730412,0.0003655491787570529,0.7936507936507936,1.204819277108434,0.0002901714285714286,0.00044050120481927725,0.0002901714285714286,0.7936507936507936,0.9090909090909091,0.04,0.20574162679425848
Nangate45,NANDX1,NAND2_X1,A2,ZN,fall,40.9838,0.0296783,1.1,25.0,82.4439,1.5180722891566267,1.26,0.8299999999999998,0,1,1,3.737283829590765,0.02924642335925393,0.7936507936507936,1.204819277108434,0.02355420634920635,0.03575698795180724,0.03575698795180724,1.204819277108434,0.9090909090909091,0.04,0.20574162679425848
Nangate45,INVX2,INV_X2,A,ZN,rise,40.9838,0.12146,1.1,25.0,171.006,1.5180722891566267,1.26,0.8299999999999998,1,1,1,3.737283829590765,0.1146314078240044,0.7936507936507936,1.204819277108434,0.09639682539682538,0.1463373493975904,0.09639682539682538,0.7936507936507936,0.9090909090909091,0.04,0.20574162679425848
Nangate45,NORX1,NOR2_X1,A1,ZN,fall,78.0596,0.0133515,1.1,25.0,43.009699999999995,1.5180722891566267,1.26,0.8299999999999998,0,1,1,4.370201998407221,0.01326315422090152,0.7936507936507936,1.204819277108434,0.010596428571428571,0.01608614457831326,0.01608614457831326,1.204819277108434,0.9090909090909091,0.04,0.20574162679425848
Nangate45,INVX2,INV_X2,A,ZN,rise,1.1737799999999998,0.00036561600000000003,1.1,25.0,5.2963000000000005,1.5180722891566267,1.26,0.8299999999999998,1,1,1,0.7764675876261998,0.0003655491787570529,0.7936507936507936,1.204819277108434,0.0002901714285714286,0.00044050120481927725,0.0002901714285714286,0.7936507936507936,0.9090909090909091,0.04,0.20574162679425848
Nangate45,INVX2,INV_X2,A,ZN,rise,198.535,0.06073,1.1,25.0,176.394,1.5180722891566267,1.26,0.8299999999999998,1,1,1,5.295989659538859,0.05895735033852654,0.7936507936507936,1.204819277108434,0.04819841269841269,0.0731686746987952,0.04819841269841269,0.7936507936507936,0.9090909090909091,0.04,0.20574162679425848
Nangate45,NANDX1,NAND2_X1,A1,ZN,rise,198.535,0.0296783,1.1,25.0,174.517,1.5180722891566267,1.26,0.8299999999999998,0,1,1,5.295989659538859,0.02924642335925393,0.7936507936507936,1.204819277108434,0.02355420634920635,0.03575698795180724,0.02355420634920635,0.7936507936507936,0.9090909090909091,0.04,0.20574162679425848
Nangate45,NANDX1,NAND2_X1,A2,ZN,fall,4.7239700000000004,0.0148392,1.1,25.0,39.7827,1.5180722891566267,1.26,0.8299999999999998,0,1,1,1.7446626205903233,0.014730176298079229,0.7936507936507936,1.204819277108434,0.011777142857142858,0.017878554216867477,0.017878554216867477,1.204819277108434,0.9090909090909091,0.04,0.20574162679425848
Nangate45,INVX2,INV_X2,A,ZN,rise,1.1737799999999998,0.00379562,1.1,25.0,9.72261,1.5180722891566267,1.26,0.8299999999999998,1,1,1,0.7764675876261998,0.0037884348101687258,0.7936507936507936,1.204819277108434,0.003012396825396825,0.0045730361445783145,0.003012396825396825,0.7936507936507936,0.9090909090909091,0.04,0.20574162679425848
Nangate45,NANDX1,NAND2_X1,A2,ZN,rise,78.0596,0.0593567,1.1,25.0,190.64800000000002,1.5180722891566267,1.26,0.8299999999999998,0,1,1,4.370201998407221,0.05766183710119177,0.7936507936507936,1.204819277108434,0.04710849206349206,0.07151409638554218,0.04710849206349206,0.7936507936507936,0.9090909090909091,0.04,0.20574162679425848
Nangate45,NORX1,NOR2_X1,A2,ZN,rise,40.9838,0.00036561600000000003,1.1,25.0,31.217499999999998,1.5180722891566267,1.26,0.8299999999999998,0,1,1,3.737283829590765,0.0003655491787570529,0.7936507936507936,1.204819277108434,0.0002901714285714286,0.00044050120481927725,0.0002901714285714286,0.7936507936507936,0.9090909090909091,0.04,0.20574162679425848
Nangate45,NANDX1,NAND2_X1,A2,ZN,rise,1.1737799999999998,0.00741959,1.1,25.0,26.850099999999998,1.5180722891566267,1.26,0.8299999999999998,0,1,1,0.7764675876261998,0.0073922002392085295,0.7936507936507936,1.204819277108434,0.005888563492063492,0.008939265060240967,0.005888563492063492,0.7936507936507936,0.9090909090909091,0.04,0.20574162679425848
Nangate45,NORX1,NOR2_X1,A1,ZN,fall,4.7239700000000004,0.0033378600000000002,1.1,25.0,9.23719,1.5180722891566267,1.26,0.8299999999999998,0,1,1,1.7446626205903233,0.0033323017104042833,0.7936507936507936,1.204819277108434,0.002649095238095238,0.004021518072289158,0.004021518072289158,1.204819277108434,0.9090909090909091,0.04,0.20574162679425848
Nangate45,INVX2,INV_X2,A,ZN,rise,40.9838,0.06073,1.1,25.0,98.3527,1.5180722891566267,1.26,0.8299999999999998,1,1,1,3.737283829590765,0.05895735033852654,0.7936507936507936,1.204819277108434,0.04819841269841269,0.0731686746987952,0.04819841269841269,0.7936507936507936,0.9090909090909091,0.04,0.20574162679425848
Nangate45,INVX2,INV_X2,A,ZN,fall,130.081,0.030365,1.1,25.0,51.661899999999996,1.5180722891566267,1.26,0.8299999999999998,1,1,1,4.875815452730412,0.029913108399742868,0.7936507936507936,1.204819277108434,0.024099206349206346,0.0365843373493976,0.0365843373493976,1.204819277108434,0.9090909090909091,0.04,0.20574162679425848
Nangate45,NANDX1,NAND2_X1,A1,ZN,rise,4.7239700000000004,0.00741959,1.1,25.0,26.3569,1.5180722891566267,1.26,0.8299999999999998,0,1,1,1.7446626205903233,0.0073922002392085295,0.7936507936507936,1.204819277108434,0.005888563492063492,0.008939265060240967,0.005888563492063492,0.7936507936507936,0.9090909090909091,0.04,0.20574162679425848
Nangate45,NANDX1,NAND2_X1,A2,ZN,rise,78.0596,0.0296783,1.1,25.0,120.242,1.5180722891566267,1.26,0.8299999999999998,0,1,1,4.370201998407221,0.02924642335925393,0.7936507936507936,1.204819277108434,0.02355420634920635,0.03575698795180724,0.02355420634920635,0.7936507936507936,0.9090909090909091,0.04,0.20574162679425848
Nangate45,NANDX1,NAND2_X1,A1,ZN,fall,1.1737799999999998,0.0296783,1.1,25.0,67.9222,1.5180722891566267,1.26,0.8299999999999998,0,1,1,0.7764675876261998,0.02924642335925393,0.7936507936507936,1.204819277108434,0.02355420634920635,0.03575698795180724,0.03575698795180724,1.204819277108434,0.9090909090909091,0.04,0.20574162679425848
Nangate45,NORX1,NOR2_X1,A2,ZN,rise,130.081,0.0267029,1.1,25.0,203.264,1.5180722891566267,1.26,0.8299999999999998,0,1,1,4.875815452730412,0.026352599902410307,0.7936507936507936,1.204819277108434,0.02119277777777778,0.032172168674698805,0.02119277777777778,0.7936507936507936,0.9090909090909091,0.04,0.20574162679425848
Nangate45,NORX1,NOR2_X1,A2,ZN,rise,130.081,0.0066757299999999995,1.1,25.0,96.56,1.5180722891566267,1.26,0.8299999999999998,0,1,1,4.875815452730412,0.006653545989397293,0.7936507936507936,1.204819277108434,0.005298198412698412,0.008043048192771086,0.005298198412698412,0.7936507936507936,0.9090909090909091,0.04,0.20574162679425848
Nangate45,NORX1,NOR2_X1,A2,ZN,rise,78.0596,0.0133515,1.1,25.0,114.71000000000001,1.5180722891566267,1.26,0.8299999999999998,0,1,1,4.370201998407221,0.01326315422090152,0.7936507936507936,1.204819277108434,0.010596428571428571,0.01608614457831326,0.010596428571428571,0.7936507936507936,0.9090909090909091,0.04,0.20574162679425848
Nangate45,NANDX1,NAND2_X1,A2,ZN,fall,198.535,0.0018549,1.1,25.0,20.058300000000003,1.5180722891566267,1.26,0.8299999999999998,0,1,1,5.295989659538859,0.0018531817973962343,0.7936507936507936,1.204819277108434,0.0014721428571428572,0.0022348192771084346,0.0022348192771084346,1.204819277108434,0.9090909090909091,0.04,0.20574162679425848
Nangate45,NORX1,NOR2_X1,A2,ZN,rise,40.9838,0.0008344660000000001,1.1,25.0,34.3558,1.5180722891566267,1.26,0.8299999999999998,0,1,1,3.737283829590765,0.000834118026815161,0.7936507936507936,1.204819277108434,0.0006622746031746032,0.0010053807228915666,0.0006622746031746032,0.7936507936507936,0.9090909090909091,0.04,0.20574162679425848
Nangate45,NANDX1,NAND2_X1,A2,ZN,fall,40.9838,0.00370979,1.1,25.0,25.2257,1.5180722891566267,1.26,0.8299999999999998,0,1,1,3.737283829590765,0.003702925700579529,0.7936507936507936,1.204819277108434,0.002944277777777778,0.004469626506024098,0.004469626506024098,1.204819277108434,0.9090909090909091,0.04,0.20574162679425848
Nangate45,INVX2,INV_X2,A,ZN,rise,78.0596,0.00379562,1.1,25.0,33.1569,1.5180722891566267,1.26,0.8299999999999998,1,1,1,4.370201998407221,0.0037884348101687258,0.7936507936507936,1.204819277108434,0.003012396825396825,0.0045730361445783145,0.003012396825396825,0.7936507936507936,0.9090909090909091,0.04,0.20574162679425848
Nangate45,NORX1,NOR2_X1,A2,ZN,fall,78.0596,0.00036561600000000003,1.1,25.0,8.68257,1.5180722891566267,1.26,0.8299999999999998,0,1,1,4.370201998407221,0.0003655491787570529,0.7936507936507936,1.204819277108434,0.0002901714285714286,0.00044050120481927725,0.00044050120481927725,1.204819277108434,0.9090909090909091,0.04,0.20574162679425848
Nangate45,NANDX1,NAND2_X1,A1,ZN,rise,78.0596,0.00741959,1.1,25.0,58.6475,1.5180722891566267,1.26,0.8299999999999998,0,1,1,4.370201998407221,0.0073922002392085295,0.7936507936507936,1.204819277108434,0.005888563492063492,0.008939265060240967,0.005888563492063492,0.7936507936507936,0.9090909090909091,0.04,0.20574162679425848
Nangate45,NANDX1,NAND2_X1,A2,ZN,fall,1.1737799999999998,0.00741959,1.1,25.0,22.9578,1.5180722891566267,1.26,0.8299999999999998,0,1,1,0.7764675876261998,0.0073922002392085295,0.7936507936507936,1.204819277108434,0.005888563492063492,0.008939265060240967,0.008939265060240967,1.204819277108434,0.9090909090909091,0.04,0.20574162679425848
Nangate45,INVX1,INV_X1,A,ZN,fall,1.1737799999999998,0.0151825,1.1,25.0,21.471,1.5180722891566267,0.63,0.4149999999999999,1,1,1,0.7764675876261998,0.015068399286801608,1.5873015873015872,2.409638554216868,0.024099206349206346,0.0365843373493976,0.0365843373493976,2.409638554216868,0.9090909090909091,0.04,0.20574162679425848
Nangate45,NANDX1,NAND2_X1,A1,ZN,rise,40.9838,0.0593567,1.1,25.0,169.22,1.5180722891566267,1.26,0.8299999999999998,0,1,1,3.737283829590765,0.05766183710119177,0.7936507936507936,1.204819277108434,0.04710849206349206,0.07151409638554218,0.04710849206349206,0.7936507936507936,0.9090909090909091,0.04,0.20574162679425848
Nangate45,INVX2,INV_X2,A,ZN,rise,78.0596,0.06073,1.1,25.0,118.378,1.5180722891566267,1.26,0.8299999999999998,1,1,1,4.370201998407221,0.05895735033852654,0.7936507936507936,1.204819277108434,0.04819841269841269,0.0731686746987952,0.04819841269841269,0.7936507936507936,0.9090909090909091,0.04,0.20574162679425848
Nangate45,NORX1,NOR2_X1,A2,ZN,rise,198.535,0.00036561600000000003,1.1,25.0,63.834799999999994,1.5180722891566267,1.26,0.8299999999999998,0,1,1,5.295989659538859,0.0003655491787570529,0.7936507936507936,1.204819277108434,0.0002901714285714286,0.00044050120481927725,0.0002901714285714286,0.7936507936507936,0.9090909090909091,0.04,0.20574162679425848
Nangate45,NANDX1,NAND2_X1,A2,ZN,fall,78.0596,0.00036561600000000003,1.1,25.0,14.1906,1.5180722891566267,1.26,0.8299999999999998,0,1,1,4.370201998407221,0.0003655491787570529,0.7936507936507936,1.204819277108434,0.0002901714285714286,0.00044050120481927725,0.00044050120481927725,1.204819277108434,0.9090909090909091,0.04,0.20574162679425848
Nangate45,NORX1,NOR2_X1,A1,ZN,fall,198.535,0.0066757299999999995,1.1,25.0,22.5956,1.5180722891566267,1.26,0.8299999999999998,0,1,1,5.295989659538859,0.006653545989397293,0.7936507936507936,1.204819277108434,0.005298198412698412,0.008043048192771086,0.008043048192771086,1.204819277108434,0.9090909090909091,0.04,0.20574162679425848
Nangate45,NORX1,NOR2_X1,A2,ZN,rise,1.1737799999999998,0.00036561600000000003,1.1,25.0,17.8889,1.5180722891566267,1.26,0.8299999999999998,0,1,1,0.7764675876261998,0.0003655491787570529,0.7936507936507936,1.204819277108434,0.0002901714285714286,0.00044050120481927725,0.0002901714285714286,0.7936507936507936,0.9090909090909091,0.04,0.20574162679425848
Nangate45,NANDX1,NAND2_X1,A2,ZN,fall,78.0596,0.00370979,1.1,25.0,29.1177,1.5180722891566267,1.26,0.8299999999999998,0,1,1,4.370201998407221,0.003702925700579529,0.7936507936507936,1.204819277108434,0.002944277777777778,0.004469626506024098,0.004469626506024098,1.204819277108434,0.9090909090909091,0.04,0.20574162679425848
Nangate45,NORX1,NOR2_X1,A1,ZN,fall,17.1859,0.0016689300000000001,1.1,25.0,10.2828,1.5180722891566267,1.26,0.8299999999999998,0,1,1,2.900646568553312,0.001667538883896079,0.7936507936507936,1.204819277108434,0.001324547619047619,0.002010759036144579,0.002010759036144579,1.204819277108434,0.9090909090909091,0.04,0.20574162679425848
Nangate45,NANDX1,NAND2_X1,A2,ZN,fall,130.081,0.00036561600000000003,1.1,25.0,12.5471,1.5180722891566267,1.26,0.8299999999999998,0,1,1,4.875815452730412,0.0003655491787570529,0.7936507936507936,1.204819277108434,0.0002901714285714286,0.00044050120481927725,0.00044050120481927725,1.204819277108434,0.9090909090909091,0.04,0.20574162679425848
Nangate45,NANDX1,NAND2_X1,A2,ZN,rise,1.1737799999999998,0.0148392,1.1,25.0,44.725899999999996,1.5180722891566267,1.26,0.8299999999999998,0,1,1,0.7764675876261998,0.014730176298079229,0.7936507936507936,1.204819277108434,0.011777142857142858,0.017878554216867477,0.011777142857142858,0.7936507936507936,0.9090909090909091,0.04,0.20574162679425848
Nangate45,NORX1,NOR2_X1,A1,ZN,fall,78.0596,0.0033378600000000002,1.1,25.0,16.1209,1.5180722891566267,1.26,0.8299999999999998,0,1,1,4.370201998407221,0.0033323017104042833,0.7936507936507936,1.204819277108434,0.002649095238095238,0.004021518072289158,0.004021518072289158,1.204819277108434,0.9090909090909091,0.04,0.20574162679425848
Nangate45,NORX1,NOR2_X1,A1,ZN,rise,198.535,0.0016689300000000001,1.1,25.0,79.25840000000001,1.5180722891566267,1.26,0.8299999999999998,0,1,1,5.295989659538859,0.001667538883896079,0.7936507936507936,1.204819277108434,0.001324547619047619,0.002010759036144579,0.001324547619047619,0.7936507936507936,0.9090909090909091,0.04,0.20574162679425848
Nangate45,NORX1,NOR2_X1,A1,ZN,fall,17.1859,0.0008344660000000001,1.1,25.0,8.33137,1.5180722891566267,1.26,0.8299999999999998,0,1,1,2.900646568553312,0.000834118026815161,0.7936507936507936,1.204819277108434,0.0006622746031746032,0.0010053807228915666,0.0010053807228915666,1.204819277108434,0.9090909090909091,0.04,0.20574162679425848
Nangate45,INVX2,INV_X2,A,ZN,rise,17.1859,0.00759125,1.1,25.0,22.4671,1.5180722891566267,1.26,0.8299999999999998,1,1,1,2.900646568553312,0.0075625814570239825,0.7936507936507936,1.204819277108434,0.0060248015873015865,0.0091460843373494,0.0060248015873015865,0.7936507936507936,0.9090909090909091,0.04,0.20574162679425848
Nangate45,INVX2,INV_X2,A,ZN,fall,78.0596,0.12146,1.1,25.0,111.149,1.5180722891566267,1.26,0.8299999999999998,1,1,1,4.370201998407221,0.1146314078240044,0.7936507936507936,1.204819277108434,0.09639682539682538,0.1463373493975904,0.1463373493975904,1.204819277108434,0.9090909090909091,0.04,0.20574162679425848
Nangate45,NORX1,NOR2_X1,A1,ZN,fall,1.1737799999999998,0.0267029,1.1,25.0,36.0422,1.5180722891566267,1.26,0.8299999999999998,0,1,1,0.7764675876261998,0.026352599902410307,0.7936507936507936,1.204819277108434,0.02119277777777778,0.032172168674698805,0.032172168674698805,1.204819277108434,0.9090909090909091,0.04,0.20574162679425848
Nangate45,NORX1,NOR2_X1,A1,ZN,rise,198.535,0.0008344660000000001,1.1,25.0,70.4989,1.5180722891566267,1.26,0.8299999999999998,0,1,1,5.295989659538859,0.000834118026815161,0.7936507936507936,1.204819277108434,0.0006622746031746032,0.0010053807228915666,0.0006622746031746032,0.7936507936507936,0.9090909090909091,0.04,0.20574162679425848
Nangate45,NORX1,NOR2_X1,A1,ZN,rise,78.0596,0.0066757299999999995,1.1,25.0,81.5179,1.5180722891566267,1.26,0.8299999999999998,0,1,1,4.370201998407221,0.006653545989397293,0.7936507936507936,1.204819277108434,0.005298198412698412,0.008043048192771086,0.005298198412698412,0.7936507936507936,0.9090909090909091,0.04,0.20574162679425848
Nangate45,NANDX1,NAND2_X1,A2,ZN,fall,78.0596,0.0593567,1.1,25.0,156.31300000000002,1.5180722891566267,1.26,0.8299999999999998,0,1,1,4.370201998407221,0.05766183710119177,0.7936507936507936,1.204819277108434,0.04710849206349206,0.07151409638554218,0.07151409638554218,1.204819277108434,0.9090909090909091,0.04,0.20574162679425848
Nangate45,NANDX1,NAND2_X1,A2,ZN,rise,40.9838,0.00741959,1.1,25.0,47.4816,1.5180722891566267,1.26,0.8299999999999998,0,1,1,3.737283829590765,0.0073922002392085295,0.7936507936507936,1.204819277108434,0.005888563492063492,0.008939265060240967,0.005888563492063492,0.7936507936507936,0.9090909090909091,0.04,0.20574162679425848
Nangate45,INVX2,INV_X2,A,ZN,fall,1.1737799999999998,0.12146,1.1,25.0,76.8103,1.5180722891566267,1.26,0.8299999999999998,1,1,1,0.7764675876261998,0.1146314078240044,0.7936507936507936,1.204819277108434,0.09639682539682538,0.1463373493975904,0.1463373493975904,1.204819277108434,0.9090909090909091,0.04,0.20574162679425848
Nangate45,NORX1,NOR2_X1,A2,ZN,fall,40.9838,0.0033378600000000002,1.1,25.0,18.9354,1.5180722891566267,1.26,0.8299999999999998,0,1,1,3.737283829590765,0.0033323017104042833,0.7936507936507936,1.204819277108434,0.002649095238095238,0.004021518072289158,0.004021518072289158,1.204819277108434,0.9090909090909091,0.04,0.20574162679425848
Nangate45,NANDX1,NAND2_X1,A1,ZN,rise,130.081,0.0593567,1.1,25.0,216.01500000000001,1.5180722891566267,1.26,0.8299999999999998,0,1,1,4.875815452730412,0.05766183710119177,0.7936507936507936,1.204819277108434,0.04710849206349206,0.07151409638554218,0.04710849206349206,0.7936507936507936,0.9090909090909091,0.04,0.20574162679425848
Nangate45,NANDX1,NAND2_X1,A2,ZN,rise,17.1859,0.00370979,1.1,25.0,25.843999999999998,1.5180722891566267,1.26,0.8299999999999998,0,1,1,2.900646568553312,0.003702925700579529,0.7936507936507936,1.204819277108434,0.002944277777777778,0.004469626506024098,0.002944277777777778,0.7936507936507936,0.9090909090909091,0.04,0.20574162679425848
Nangate45,NORX1,NOR2_X1,A1,ZN,rise,4.7239700000000004,0.0033378600000000002,1.1,25.0,29.865,1.5180722891566267,1.26,0.8299999999999998,0,1,1,1.7446626205903233,0.0033323017104042833,0.7936507936507936,1.204819277108434,0.002649095238095238,0.004021518072289158,0.002649095238095238,0.7936507936507936,0.9090909090909091,0.04,0.20574162679425848
Nangate45,INVX2,INV_X2,A,ZN,fall,17.1859,0.06073,1.1,25.0,46.985,1.5180722891566267,1.26,0.8299999999999998,1,1,1,2.900646568553312,0.05895735033852654,0.7936507936507936,1.204819277108434,0.04819841269841269,0.0731686746987952,0.0731686746987952,1.204819277108434,0.9090909090909091,0.04,0.20574162679425848
Nangate45,NANDX1,NAND2_X1,A2,ZN,rise,40.9838,0.0593567,1.1,25.0,171.41899999999998,1.5180722891566267,1.26,0.8299999999999998,0,1,1,3.737283829590765,0.05766183710119177,0.7936507936507936,1.204819277108434,0.04710849206349206,0.07151409638554218,0.04710849206349206,0.7936507936507936,0.9090909090909091,0.04,0.20574162679425848
Nangate45,INVX2,INV_X2,A,ZN,rise,130.081,0.06073,1.1,25.0,146.551,1.5180722891566267,1.26,0.8299999999999998,1,1,1,4.875815452730412,0.05895735033852654,0.7936507936507936,1.204819277108434,0.04819841269841269,0.0731686746987952,0.04819841269841269,0.7936507936507936,0.9090909090909091,0.04,0.20574162679425848
Nangate45,NANDX1,NAND2_X1,A1,ZN,rise,1.1737799999999998,0.0296783,1.1,25.0,78.23679999999999,1.5180722891566267,1.26,0.8299999999999998,0,1,1,0.7764675876261998,0.02924642335925393,0.7936507936507936,1.204819277108434,0.02355420634920635,0.03575698795180724,0.02355420634920635,0.7936507936507936,0.9090909090909091,0.04,0.20574162679425848
Nangate45,NORX1,NOR2_X1,A1,ZN,fall,4.7239700000000004,0.0008344660000000001,1.1,25.0,6.12776,1.5180722891566267,1.26,0.8299999999999998,0,1,1,1.7446626205903233,0.000834118026815161,0.7936507936507936,1.204819277108434,0.0006622746031746032,0.0010053807228915666,0.0010053807228915666,1.204819277108434,0.9090909090909091,0.04,0.20574162679425848
Nangate45,NANDX1,NAND2_X1,A1,ZN,fall,17.1859,0.00741959,1.1,25.0,27.9195,1.5180722891566267,1.26,0.8299999999999998,0,1,1,2.900646568553312,0.0073922002392085295,0.7936507936507936,1.204819277108434,0.005888563492063492,0.008939265060240967,0.008939265060240967,1.204819277108434,0.9090909090909091,0.04,0.20574162679425848
Nangate45,NANDX1,NAND2_X1,A1,ZN,rise,130.081,0.0296783,1.1,25.0,145.56199999999998,1.5180722891566267,1.26,0.8299999999999998,0,1,1,4.875815452730412,0.02924642335925393,0.7936507936507936,1.204819277108434,0.02355420634920635,0.03575698795180724,0.02355420634920635,0.7936507936507936,0.9090909090909091,0.04,0.20574162679425848
Nangate45,INVX2,INV_X2,A,ZN,rise,17.1859,0.06073,1.1,25.0,86.10170000000001,1.5180722891566267,1.26,0.8299999999999998,1,1,1,2.900646568553312,0.05895735033852654,0.7936507936507936,1.204819277108434,0.04819841269841269,0.0731686746987952,0.04819841269841269,0.7936507936507936,0.9090909090909091,0.04,0.20574162679425848
Nangate45,INVX2,INV_X2,A,ZN,rise,40.9838,0.0151825,1.1,25.0,43.9557,1.5180722891566267,1.26,0.8299999999999998,1,1,1,3.737283829590765,0.015068399286801608,0.7936507936507936,1.204819277108434,0.012049603174603173,0.0182921686746988,0.012049603174603173,0.7936507936507936,0.9090909090909091,0.04,0.20574162679425848
Nangate45,NORX1,NOR2_X1,A1,ZN,fall,4.7239700000000004,0.00036561600000000003,1.1,25.0,5.4712700000000005,1.5180722891566267,1.26,0.8299999999999998,0,1,1,1.7446626205903233,0.0003655491787570529,0.7936507936507936,1.204819277108434,0.0002901714285714286,0.00044050120481927725,0.00044050120481927725,1.204819277108434,0.9090909090909091,0.04,0.20574162679425848
Nangate45,NANDX1,NAND2_X1,A2,ZN,fall,130.081,0.00370979,1.1,25.0,31.244799999999998,1.5180722891566267,1.26,0.8299999999999998,0,1,1,4.875815452730412,0.003702925700579529,0.7936507936507936,1.204819277108434,0.002944277777777778,0.004469626506024098,0.004469626506024098,1.204819277108434,0.9090909090909091,0.04,0.20574162679425848
Nangate45,NANDX1,NAND2_X1,A2,ZN,fall,198.535,0.00741959,1.1,25.0,49.7697,1.5180722891566267,1.26,0.8299999999999998,0,1,1,5.295989659538859,0.0073922002392085295,0.7936507936507936,1.204819277108434,0.005888563492063492,0.008939265060240967,0.008939265060240967,1.204819277108434,0.9090909090909091,0.04,0.20574162679425848
Nangate45,NANDX1,NAND2_X1,A1,ZN,rise,78.0596,0.0148392,1.1,25.0,81.8511,1.5180722891566267,1.26,0.8299999999999998,0,1,1,4.370201998407221,0.014730176298079229,0.7936507936507936,1.204819277108434,0.011777142857142858,0.017878554216867477,0.011777142857142858,0.7936507936507936,0.9090909090909091,0.04,0.20574162679425848
Nangate45,NORX1,NOR2_X1,A2,ZN,fall,17.1859,0.0066757299999999995,1.1,25.0,20.0517,1.5180722891566267,1.26,0.8299999999999998,0,1,1,2.900646568553312,0.006653545989397293,0.7936507936507936,1.204819277108434,0.005298198412698412,0.008043048192771086,0.008043048192771086,1.204819277108434,0.9090909090909091,0.04,0.20574162679425848
Nangate45,NORX1,NOR2_X1,A2,ZN,rise,198.535,0.0267029,1.1,25.0,231.89499999999998,1.5180722891566267,1.26,0.8299999999999998,0,1,1,5.295989659538859,0.026352599902410307,0.7936507936507936,1.204819277108434,0.02119277777777778,0.032172168674698805,0.02119277777777778,0.7936507936507936,0.9090909090909091,0.04,0.20574162679425848
Nangate45,NANDX1,NAND2_X1,A2,ZN,fall,4.7239700000000004,0.0018549,1.1,25.0,12.6058,1.5180722891566267,1.26,0.8299999999999998,0,1,1,1.7446626205903233,0.0018531817973962343,0.7936507936507936,1.204819277108434,0.0014721428571428572,0.0022348192771084346,0.0022348192771084346,1.204819277108434,0.9090909090909091,0.04,0.20574162679425848
Nangate45,INVX2,INV_X2,A,ZN,rise,78.0596,0.0151825,1.1,25.0,57.8614,1.5180722891566267,1.26,0.8299999999999998,1,1,1,4.370201998407221,0.015068399286801608,0.7936507936507936,1.204819277108434,0.012049603174603173,0.0182921686746988,0.012049603174603173,0.7936507936507936,0.9090909090909091,0.04,0.20574162679425848
Nangate45,NORX1,NOR2_X1,A2,ZN,fall,130.081,0.0033378600000000002,1.1,25.0,18.7413,1.5180722891566267,1.26,0.8299999999999998,0,1,1,4.875815452730412,0.0033323017104042833,0.7936507936507936,1.204819277108434,0.002649095238095238,0.004021518072289158,0.004021518072289158,1.204819277108434,0.9090909090909091,0.04,0.20574162679425848
Nangate45,NANDX1,NAND2_X1,A1,ZN,fall,198.535,0.00370979,1.1,25.0,31.278,1.5180722891566267,1.26,0.8299999999999998,0,1,1,5.295989659538859,0.003702925700579529,0.7936507936507936,1.204819277108434,0.002944277777777778,0.004469626506024098,0.004469626506024098,1.204819277108434,0.9090909090909091,0.04,0.20574162679425848
Nangate45,NORX1,NOR2_X1,A2,ZN,fall,1.1737799999999998,0.0033378600000000002,1.1,25.0,8.79917,1.5180722891566267,1.26,0.8299999999999998,0,1,1,0.7764675876261998,0.0033323017104042833,0.7936507936507936,1.204819277108434,0.002649095238095238,0.004021518072289158,0.004021518072289158,1.204819277108434,0.9090909090909091,0.04,0.20574162679425848
Nangate45,INVX1,INV_X1,A,ZN,rise,198.535,0.00189781,1.1,25.0,53.5508,1.5180722891566267,0.63,0.4149999999999999,1,1,1,5.295989659538859,0.0018960114338003786,1.5873015873015872,2.409638554216868,0.003012396825396825,0.0045730361445783145,0.003012396825396825,1.5873015873015872,0.9090909090909091,0.04,0.20574162679425848
Nangate45,INVX2,INV_X2,A,ZN,rise,4.7239700000000004,0.030365,1.1,25.0,43.496,1.5180722891566267,1.26,0.8299999999999998,1,1,1,1.7446626205903233,0.029913108399742868,0.7936507936507936,1.204819277108434,0.024099206349206346,0.0365843373493976,0.024099206349206346,0.7936507936507936,0.9090909090909091,0.04,0.20574162679425848
Nangate45,NORX1,NOR2_X1,A1,ZN,fall,130.081,0.0016689300000000001,1.1,25.0,4.41892,1.5180722891566267,1.26,0.8299999999999998,0,1,1,4.875815452730412,0.001667538883896079,0.7936507936507936,1.204819277108434,0.001324547619047619,0.002010759036144579,0.002010759036144579,1.204819277108434,0.9090909090909091,0.04,0.20574162679425848
Nangate45,NORX1,NOR2_X1,A1,ZN,rise,40.9838,0.0267029,1.1,25.0,163.573,1.5180722891566267,1.26,0.8299999999999998,0,1,1,3.737283829590765,0.026352599902410307,0.7936507936507936,1.204819277108434,0.02119277777777778,0.032172168674698805,0.02119277777777778,0.7936507936507936,0.9090909090909091,0.04,0.20574162679425848
Nangate45,INVX2,INV_X2,A,ZN,rise,130.081,0.00759125,1.1,25.0,53.9581,1.5180722891566267,1.26,0.8299999999999998,1,1,1,4.875815452730412,0.0075625814570239825,0.7936507936507936,1.204819277108434,0.0060248015873015865,0.0091460843373494,0.0060248015873015865,0.7936507936507936,0.9090909090909091,0.04,0.20574162679425848
Nangate45,NORX1,NOR2_X1,A1,ZN,fall,40.9838,0.0133515,1.1,25.0,36.028999999999996,1.5180722891566267,1.26,0.8299999999999998,0,1,1,3.737283829590765,0.01326315422090152,0.7936507936507936,1.204819277108434,0.010596428571428571,0.01608614457831326,0.01608614457831326,1.204819277108434,0.9090909090909091,0.04,0.20574162679425848
Nangate45,INVX1,INV_X1,A,ZN,rise,198.535,0.00379562,1.1,25.0,66.4252,1.5180722891566267,0.63,0.4149999999999999,1,1,1,5.295989659538859,0.0037884348101687258,1.5873015873015872,2.409638554216868,0.00602479365079365,0.009146072289156629,0.00602479365079365,1.5873015873015872,0.9090909090909091,0.04,0.20574162679425848
Nangate45,INVX2,INV_X2,A,ZN,fall,40.9838,0.0151825,1.1,25.0,25.0759,1.5180722891566267,1.26,0.8299999999999998,1,1,1,3.737283829590765,0.015068399286801608,0.7936507936507936,1.204819277108434,0.012049603174603173,0.0182921686746988,0.0182921686746988,1.204819277108434,0.9090909090909091,0.04,0.20574162679425848
Nangate45,INVX1,INV_X1,A,ZN,fall,17.1859,0.00379562,1.1,25.0,13.391,1.5180722891566267,0.63,0.4149999999999999,1,1,1,2.900646568553312,0.0037884348101687258,1.5873015873015872,2.409638554216868,0.00602479365079365,0.009146072289156629,0.009146072289156629,2.409638554216868,0.9090909090909091,0.04,0.20574162679425848
Nangate45,NANDX1,NAND2_X1,A1,ZN,fall,198.535,0.00036561600000000003,1.1,25.0,7.72654,1.5180722891566267,1.26,0.8299999999999998,0,1,1,5.295989659538859,0.0003655491787570529,0.7936507936507936,1.204819277108434,0.0002901714285714286,0.00044050120481927725,0.00044050120481927725,1.204819277108434,0.9090909090909091,0.04,0.20574162679425848
Nangate45,INVX1,INV_X1,A,ZN,fall,130.081,0.00379562,1.1,25.0,15.3503,1.5180722891566267,0.63,0.4149999999999999,1,1,1,4.875815452730412,0.0037884348101687258,1.5873015873015872,2.409638554216868,0.00602479365079365,0.009146072289156629,0.009146072289156629,2.409638554216868,0.9090909090909091,0.04,0.20574162679425848
Nangate45,NANDX1,NAND2_X1,A1,ZN,fall,1.1737799999999998,0.0018549,1.1,25.0,10.014199999999999,1.5180722891566267,1.26,0.8299999999999998,0,1,1,0.7764675876261998,0.0018531817973962343,0.7936507936507936,1.204819277108434,0.0014721428571428572,0.0022348192771084346,0.0022348192771084346,1.204819277108434,0.9090909090909091,0.04,0.20574162679425848
Nangate45,INVX2,INV_X2,A,ZN,fall,198.535,0.00379562,1.1,25.0,0.902772,1.5180722891566267,1.26,0.8299999999999998,1,1,1,5.295989659538859,0.0037884348101687258,0.7936507936507936,1.204819277108434,0.003012396825396825,0.0045730361445783145,0.0045730361445783145,1.204819277108434,0.9090909090909091,0.04,0.20574162679425848
Nangate45,NORX1,NOR2_X1,A2,ZN,rise,4.7239700000000004,0.0008344660000000001,1.1,25.0,21.7153,1.5180722891566267,1.26,0.8299999999999998,0,1,1,1.7446626205903233,0.000834118026815161,0.7936507936507936,1.204819277108434,0.0006622746031746032,0.0010053807228915666,0.0006622746031746032,0.7936507936507936,0.9090909090909091,0.04,0.20574162679425848
Nangate45,INVX2,INV_X2,A,ZN,fall,17.1859,0.00036561600000000003,1.1,25.0,5.33566,1.5180722891566267,1.26,0.8299999999999998,1,1,1,2.900646568553312,0.0003655491787570529,0.7936507936507936,1.204819277108434,0.0002901714285714286,0.00044050120481927725,0.00044050120481927725,1.204819277108434,0.9090909090909091,0.04,0.20574162679425848
Nangate45,INVX1,INV_X1,A,ZN,rise,4.7239700000000004,0.030365,1.1,25.0,79.7973,1.5180722891566267,0.63,0.4149999999999999,1,1,1,1.7446626205903233,0.029913108399742868,1.5873015873015872,2.409638554216868,0.04819841269841269,0.0731686746987952,0.04819841269841269,1.5873015873015872,0.9090909090909091,0.04,0.20574162679425848
Nangate45,INVX1,INV_X1,A,ZN,rise,130.081,0.00036561600000000003,1.1,25.0,31.382100000000005,1.5180722891566267,0.63,0.4149999999999999,1,1,1,4.875815452730412,0.0003655491787570529,1.5873015873015872,2.409638554216868,0.0005803428571428572,0.0008810024096385545,0.0005803428571428572,1.5873015873015872,0.9090909090909091,0.04,0.20574162679425848
Nangate45,INVX1,INV_X1,A,ZN,rise,78.0596,0.00036561600000000003,1.1,25.0,23.450200000000002,1.5180722891566267,0.63,0.4149999999999999,1,1,1,4.370201998407221,0.0003655491787570529,1.5873015873015872,2.409638554216868,0.0005803428571428572,0.0008810024096385545,0.0005803428571428572,1.5873015873015872,0.9090909090909091,0.04,0.20574162679425848
Nangate45,INVX2,INV_X2,A,ZN,fall,40.9838,0.030365,1.1,25.0,38.1723,1.5180722891566267,1.26,0.8299999999999998,1,1,1,3.737283829590765,0.029913108399742868,0.7936507936507936,1.204819277108434,0.024099206349206346,0.0365843373493976,0.0365843373493976,1.204819277108434,0.9090909090909091,0.04,0.20574162679425848
Nangate45,INVX2,INV_X2,A,ZN,rise,198.535,0.030365,1.1,25.0,122.715,1.5180722891566267,1.26,0.8299999999999998,1,1,1,5.295989659538859,0.029913108399742868,0.7936507936507936,1.204819277108434,0.024099206349206346,0.0365843373493976,0.024099206349206346,0.7936507936507936,0.9090909090909091,0.04,0.20574162679425848
Nangate45,NORX1,NOR2_X1,A2,ZN,rise,40.9838,0.0066757299999999995,1.1,25.0,66.14829999999999,1.5180722891566267,1.26,0.8299999999999998,0,1,1,3.737283829590765,0.006653545989397293,0.7936507936507936,1.204819277108434,0.005298198412698412,0.008043048192771086,0.005298198412698412,0.7936507936507936,0.9090909090909091,0.04,0.20574162679425848
Nangate45,NORX1,NOR2_X1,A1,ZN,rise,198.535,0.0066757299999999995,1.1,25.0,122.53,1.5180722891566267,1.26,0.8299999999999998,0,1,1,5.295989659538859,0.006653545989397293,0.7936507936507936,1.204819277108434,0.005298198412698412,0.008043048192771086,0.005298198412698412,0.7936507936507936,0.9090909090909091,0.04,0.20574162679425848
Nangate45,NORX1,NOR2_X1,A1,ZN,fall,40.9838,0.0267029,1.1,25.0,53.8992,1.5180722891566267,1.26,0.8299999999999998,0,1,1,3.737283829590765,0.026352599902410307,0.7936507936507936,1.204819277108434,0.02119277777777778,0.032172168674698805,0.032172168674698805,1.204819277108434,0.9090909090909091,0.04,0.20574162679425848
Nangate45,NANDX1,NAND2_X1,A1,ZN,rise,78.0596,0.0018549,1.1,25.0,34.888299999999994,1.5180722891566267,1.26,0.8299999999999998,0,1,1,4.370201998407221,0.0018531817973962343,0.7936507936507936,1.204819277108434,0.0014721428571428572,0.0022348192771084346,0.0014721428571428572,0.7936507936507936,0.9090909090909091,0.04,0.20574162679425848
Nangate45,NORX1,NOR2_X1,A2,ZN,rise,198.535,0.0008344660000000001,1.1,25.0,68.7954,1.5180722891566267,1.26,0.8299999999999998,0,1,1,5.295989659538859,0.000834118026815161,0.7936507936507936,1.204819277108434,0.0006622746031746032,0.0010053807228915666,0.0006622746031746032,0.7936507936507936,0.9090909090909091,0.04,0.20574162679425848
Nangate45,INVX1,INV_X1,A,ZN,fall,198.535,0.06073,1.1,25.0,152.97,1.5180722891566267,0.63,0.4149999999999999,1,1,1,5.295989659538859,0.05895735033852654,1.5873015873015872,2.409638554216868,0.09639682539682538,0.1463373493975904,0.1463373493975904,2.409638554216868,0.9090909090909091,0.04,0.20574162679425848
Nangate45,INVX1,INV_X1,A,ZN,fall,1.1737799999999998,0.00379562,1.1,25.0,7.634250000000001,1.5180722891566267,0.63,0.4149999999999999,1,1,1,0.7764675876261998,0.0037884348101687258,1.5873015873015872,2.409638554216868,0.00602479365079365,0.009146072289156629,0.009146072289156629,2.409638554216868,0.9090909090909091,0.04,0.20574162679425848
Nangate45,NANDX1,NAND2_X1,A1,ZN,rise,198.535,0.0593567,1.1,25.0,253.405,1.5180722891566267,1.26,0.8299999999999998,0,1,1,5.295989659538859,0.05766183710119177,0.7936507936507936,1.204819277108434,0.04710849206349206,0.07151409638554218,0.04710849206349206,0.7936507936507936,0.9090909090909091,0.04,0.20574162679425848
Nangate45,NORX1,NOR2_X1,A2,ZN,fall,17.1859,0.0267029,1.1,25.0,44.5464,1.5180722891566267,1.26,0.8299999999999998,0,1,1,2.900646568553312,0.026352599902410307,0.7936507936507936,1.204819277108434,0.02119277777777778,0.032172168674698805,0.032172168674698805,1.204819277108434,0.9090909090909091,0.04,0.20574162679425848
Nangate45,NANDX1,NAND2_X1,A2,ZN,fall,4.7239700000000004,0.0296783,1.1,25.0,70.6388,1.5180722891566267,1.26,0.8299999999999998,0,1,1,1.7446626205903233,0.02924642335925393,0.7936507936507936,1.204819277108434,0.02355420634920635,0.03575698795180724,0.03575698795180724,1.204819277108434,0.9090909090909091,0.04,0.20574162679425848
Nangate45,NORX1,NOR2_X1,A2,ZN,rise,1.1737799999999998,0.0016689300000000001,1.1,25.0,24.7052,1.5180722891566267,1.26,0.8299999999999998,0,1,1,0.7764675876261998,0.001667538883896079,0.7936507936507936,1.204819277108434,0.001324547619047619,0.002010759036144579,0.001324547619047619,0.7936507936507936,0.9090909090909091,0.04,0.20574162679425848
Nangate45,INVX2,INV_X2,A,ZN,fall,78.0596,0.06073,1.1,25.0,72.301,1.5180722891566267,1.26,0.8299999999999998,1,1,1,4.370201998407221,0.05895735033852654,0.7936507936507936,1.204819277108434,0.04819841269841269,0.0731686746987952,0.0731686746987952,1.204819277108434,0.9090909090909091,0.04,0.20574162679425848
Nangate45,NORX1,NOR2_X1,A2,ZN,rise,17.1859,0.0016689300000000001,1.1,25.0,31.381100000000004,1.5180722891566267,1.26,0.8299999999999998,0,1,1,2.900646568553312,0.001667538883896079,0.7936507936507936,1.204819277108434,0.001324547619047619,0.002010759036144579,0.001324547619047619,0.7936507936507936,0.9090909090909091,0.04,0.20574162679425848
Nangate45,INVX1,INV_X1,A,ZN,rise,130.081,0.06073,1.1,25.0,218.09300000000002,1.5180722891566267,0.63,0.4149999999999999,1,1,1,4.875815452730412,0.05895735033852654,1.5873015873015872,2.409638554216868,0.09639682539682538,0.1463373493975904,0.09639682539682538,1.5873015873015872,0.9090909090909091,0.04,0.20574162679425848
Nangate45,NORX1,NOR2_X1,A2,ZN,fall,1.1737799999999998,0.0066757299999999995,1.1,25.0,13.058,1.5180722891566267,1.26,0.8299999999999998,0,1,1,0.7764675876261998,0.006653545989397293,0.7936507936507936,1.204819277108434,0.005298198412698412,0.008043048192771086,0.008043048192771086,1.204819277108434,0.9090909090909091,0.04,0.20574162679425848
Nangate45,NORX1,NOR2_X1,A2,ZN,rise,4.7239700000000004,0.0133515,1.1,25.0,85.7314,1.5180722891566267,1.26,0.8299999999999998,0,1,1,1.7446626205903233,0.01326315422090152,0.7936507936507936,1.204819277108434,0.010596428571428571,0.01608614457831326,0.010596428571428571,0.7936507936507936,0.9090909090909091,0.04,0.20574162679425848
Nangate45,NANDX1,NAND2_X1,A1,ZN,rise,17.1859,0.00036561600000000003,1.1,25.0,14.1826,1.5180722891566267,1.26,0.8299999999999998,0,1,1,2.900646568553312,0.0003655491787570529,0.7936507936507936,1.204819277108434,0.0002901714285714286,0.00044050120481927725,0.0002901714285714286,0.7936507936507936,0.9090909090909091,0.04,0.20574162679425848
Nangate45,NORX1,NOR2_X1,A1,ZN,rise,1.1737799999999998,0.0066757299999999995,1.1,25.0,46.2805,1.5180722891566267,1.26,0.8299999999999998,0,1,1,0.7764675876261998,0.006653545989397293,0.7936507936507936,1.204819277108434,0.005298198412698412,0.008043048192771086,0.005298198412698412,0.7936507936507936,0.9090909090909091,0.04,0.20574162679425848
Nangate45,NANDX1,NAND2_X1,A1,ZN,fall,130.081,0.0593567,1.1,25.0,182.87900000000002,1.5180722891566267,1.26,0.8299999999999998,0,1,1,4.875815452730412,0.05766183710119177,0.7936507936507936,1.204819277108434,0.04710849206349206,0.07151409638554218,0.07151409638554218,1.204819277108434,0.9090909090909091,0.04,0.20574162679425848
Nangate45,NANDX1,NAND2_X1,A2,ZN,fall,17.1859,0.0296783,1.1,25.0,74.7343,1.5180722891566267,1.26,0.8299999999999998,0,1,1,2.900646568553312,0.02924642335925393,0.7936507936507936,1.204819277108434,0.02355420634920635,0.03575698795180724,0.03575698795180724,1.204819277108434,0.9090909090909091,0.04,0.20574162679425848
Nangate45,NORX1,NOR2_X1,A1,ZN,rise,4.7239700000000004,0.0016689300000000001,1.1,25.0,21.1519,1.5180722891566267,1.26,0.8299999999999998,0,1,1,1.7446626205903233,0.001667538883896079,0.7936507936507936,1.204819277108434,0.001324547619047619,0.002010759036144579,0.001324547619047619,0.7936507936507936,0.9090909090909091,0.04,0.20574162679425848
Nangate45,NANDX1,NAND2_X1,A1,ZN,fall,4.7239700000000004,0.0593567,1.1,25.0,130.935,1.5180722891566267,1.26,0.8299999999999998,0,1,1,1.7446626205903233,0.05766183710119177,0.7936507936507936,1.204819277108434,0.04710849206349206,0.07151409638554218,0.07151409638554218,1.204819277108434,0.9090909090909091,0.04,0.20574162679425848
Nangate45,NANDX1,NAND2_X1,A1,ZN,rise,40.9838,0.0148392,1.1,25.0,62.82319999999999,1.5180722891566267,1.26,0.8299999999999998,0,1,1,3.737283829590765,0.014730176298079229,0.7936507936507936,1.204819277108434,0.011777142857142858,0.017878554216867477,0.011777142857142858,0.7936507936507936,0.9090909090909091,0.04,0.20574162679425848
Nangate45,INVX1,INV_X1,A,ZN,rise,1.1737799999999998,0.0151825,1.1,25.0,41.6815,1.5180722891566267,0.63,0.4149999999999999,1,1,1,0.7764675876261998,0.015068399286801608,1.5873015873015872,2.409638554216868,0.024099206349206346,0.0365843373493976,0.024099206349206346,1.5873015873015872,0.9090909090909091,0.04,0.20574162679425848
Nangate45,NANDX1,NAND2_X1,A1,ZN,fall,17.1859,0.0018549,1.1,25.0,15.5786,1.5180722891566267,1.26,0.8299999999999998,0,1,1,2.900646568553312,0.0018531817973962343,0.7936507936507936,1.204819277108434,0.0014721428571428572,0.0022348192771084346,0.0022348192771084346,1.204819277108434,0.9090909090909091,0.04,0.20574162679425848
Nangate45,NORX1,NOR2_X1,A2,ZN,fall,4.7239700000000004,0.0267029,1.1,25.0,39.108,1.5180722891566267,1.26,0.8299999999999998,0,1,1,1.7446626205903233,0.026352599902410307,0.7936507936507936,1.204819277108434,0.02119277777777778,0.032172168674698805,0.032172168674698805,1.204819277108434,0.9090909090909091,0.04,0.20574162679425848
Nangate45,NORX1,NOR2_X1,A1,ZN,rise,198.535,0.00036561600000000003,1.1,25.0,65.18169999999999,1.5180722891566267,1.26,0.8299999999999998,0,1,1,5.295989659538859,0.0003655491787570529,0.7936507936507936,1.204819277108434,0.0002901714285714286,0.00044050120481927725,0.0002901714285714286,0.7936507936507936,0.9090909090909091,0.04,0.20574162679425848
Nangate45,INVX2,INV_X2,A,ZN,rise,1.1737799999999998,0.030365,1.1,25.0,41.8874,1.5180722891566267,1.26,0.8299999999999998,1,1,1,0.7764675876261998,0.029913108399742868,0.7936507936507936,1.204819277108434,0.024099206349206346,0.0365843373493976,0.024099206349206346,0.7936507936507936,0.9090909090909091,0.04,0.20574162679425848
Nangate45,NANDX1,NAND2_X1,A1,ZN,rise,78.0596,0.0593567,1.1,25.0,188.351,1.5180722891566267,1.26,0.8299999999999998,0,1,1,4.370201998407221,0.05766183710119177,0.7936507936507936,1.204819277108434,0.04710849206349206,0.07151409638554218,0.04710849206349206,0.7936507936507936,0.9090909090909091,0.04,0.20574162679425848
Nangate45,NORX1,NOR2_X1,A1,ZN,fall,4.7239700000000004,0.0066757299999999995,1.1,25.0,13.3237,1.5180722891566267,1.26,0.8299999999999998,0,1,1,1.7446626205903233,0.006653545989397293,0.7936507936507936,1.204819277108434,0.005298198412698412,0.008043048192771086,0.008043048192771086,1.204819277108434,0.9090909090909091,0.04,0.20574162679425848
Nangate45,NORX1,NOR2_X1,A2,ZN,rise,198.535,0.0066757299999999995,1.1,25.0,115.88600000000001,1.5180722891566267,1.26,0.8299999999999998,0,1,1,5.295989659538859,0.006653545989397293,0.7936507936507936,1.204819277108434,0.005298198412698412,0.008043048192771086,0.005298198412698412,0.7936507936507936,0.9090909090909091,0.04,0.20574162679425848
Nangate45,NANDX1,NAND2_X1,A1,ZN,rise,40.9838,0.00036561600000000003,1.1,25.0,19.8673,1.5180722891566267,1.26,0.8299999999999998,0,1,1,3.737283829590765,0.0003655491787570529,0.7936507936507936,1.204819277108434,0.0002901714285714286,0.00044050120481927725,0.0002901714285714286,0.7936507936507936,0.9090909090909091,0.04,0.20574162679425848
Nangate45,NANDX1,NAND2_X1,A2,ZN,fall,17.1859,0.0593567,1.1,25.0,136.442,1.5180722891566267,1.26,0.8299999999999998,0,1,1,2.900646568553312,0.05766183710119177,0.7936507936507936,1.204819277108434,0.04710849206349206,0.07151409638554218,0.07151409638554218,1.204819277108434,0.9090909090909091,0.04,0.20574162679425848
Nangate45,INVX2,INV_X2,A,ZN,fall,40.9838,0.06073,1.1,25.0,57.7346,1.5180722891566267,1.26,0.8299999999999998,1,1,1,3.737283829590765,0.05895735033852654,0.7936507936507936,1.204819277108434,0.04819841269841269,0.0731686746987952,0.0731686746987952,1.204819277108434,0.9090909090909091,0.04,0.20574162679425848
Nangate45,INVX2,INV_X2,A,ZN,rise,1.1737799999999998,0.00759125,1.1,25.0,14.4037,1.5180722891566267,1.26,0.8299999999999998,1,1,1,0.7764675876261998,0.0075625814570239825,0.7936507936507936,1.204819277108434,0.0060248015873015865,0.0091460843373494,0.0060248015873015865,0.7936507936507936,0.9090909090909091,0.04,0.20574162679425848
Nangate45,NANDX1,NAND2_X1,A2,ZN,rise,1.1737799999999998,0.00370979,1.1,25.0,17.8627,1.5180722891566267,1.26,0.8299999999999998,0,1,1,0.7764675876261998,0.003702925700579529,0.7936507936507936,1.204819277108434,0.002944277777777778,0.004469626506024098,0.002944277777777778,0.7936507936507936,0.9090909090909091,0.04,0.20574162679425848
Nangate45,NANDX1,NAND2_X1,A1,ZN,rise,40.9838,0.00370979,1.1,25.0,33.6357,1.5180722891566267,1.26,0.8299999999999998,0,1,1,3.737283829590765,0.003702925700579529,0.7936507936507936,1.204819277108434,0.002944277777777778,0.004469626506024098,0.002944277777777778,0.7936507936507936,0.9090909090909091,0.04,0.20574162679425848
Nangate45,INVX1,INV_X1,A,ZN,fall,4.7239700000000004,0.030365,1.1,25.0,41.399100000000004,1.5180722891566267,0.63,0.4149999999999999,1,1,1,1.7446626205903233,0.029913108399742868,1.5873015873015872,2.409638554216868,0.04819841269841269,0.0731686746987952,0.0731686746987952,2.409638554216868,0.9090909090909091,0.04,0.20574162679425848
Nangate45,NORX1,NOR2_X1,A1,ZN,rise,17.1859,0.0066757299999999995,1.1,25.0,51.9006,1.5180722891566267,1.26,0.8299999999999998,0,1,1,2.900646568553312,0.006653545989397293,0.7936507936507936,1.204819277108434,0.005298198412698412,0.008043048192771086,0.005298198412698412,0.7936507936507936,0.9090909090909091,0.04,0.20574162679425848
Nangate45,INVX1,INV_X1,A,ZN,rise,198.535,0.030365,1.1,25.0,176.146,1.5180722891566267,0.63,0.4149999999999999,1,1,1,5.295989659538859,0.029913108399742868,1.5873015873015872,2.409638554216868,0.04819841269841269,0.0731686746987952,0.04819841269841269,1.5873015873015872,0.9090909090909091,0.04,0.20574162679425848
Nangate45,INVX1,INV_X1,A,ZN,rise,78.0596,0.0151825,1.1,25.0,81.425,1.5180722891566267,0.63,0.4149999999999999,1,1,1,4.370201998407221,0.015068399286801608,1.5873015873015872,2.409638554216868,0.024099206349206346,0.0365843373493976,0.024099206349206346,1.5873015873015872,0.9090909090909091,0.04,0.20574162679425848
Nangate45,NORX1,NOR2_X1,A1,ZN,rise,78.0596,0.0008344660000000001,1.1,25.0,42.2278,1.5180722891566267,1.26,0.8299999999999998,0,1,1,4.370201998407221,0.000834118026815161,0.7936507936507936,1.204819277108434,0.0006622746031746032,0.0010053807228915666,0.0006622746031746032,0.7936507936507936,0.9090909090909091,0.04,0.20574162679425848
Nangate45,NANDX1,NAND2_X1,A1,ZN,fall,40.9838,0.0296783,1.1,25.0,83.9029,1.5180722891566267,1.26,0.8299999999999998,0,1,1,3.737283829590765,0.02924642335925393,0.7936507936507936,1.204819277108434,0.02355420634920635,0.03575698795180724,0.03575698795180724,1.204819277108434,0.9090909090909091,0.04,0.20574162679425848
Nangate45,NANDX1,NAND2_X1,A2,ZN,rise,130.081,0.00370979,1.1,25.0,60.8922,1.5180722891566267,1.26,0.8299999999999998,0,1,1,4.875815452730412,0.003702925700579529,0.7936507936507936,1.204819277108434,0.002944277777777778,0.004469626506024098,0.002944277777777778,0.7936507936507936,0.9090909090909091,0.04,0.20574162679425848
Nangate45,NANDX1,NAND2_X1,A1,ZN,rise,4.7239700000000004,0.0018549,1.1,25.0,12.7084,1.5180722891566267,1.26,0.8299999999999998,0,1,1,1.7446626205903233,0.0018531817973962343,0.7936507936507936,1.204819277108434,0.0014721428571428572,0.0022348192771084346,0.0014721428571428572,0.7936507936507936,0.9090909090909091,0.04,0.20574162679425848
Nangate45,INVX2,INV_X2,A,ZN,rise,130.081,0.0151825,1.1,25.0,72.4326,1.5180722891566267,1.26,0.8299999999999998,1,1,1,4.875815452730412,0.015068399286801608,0.7936507936507936,1.204819277108434,0.012049603174603173,0.0182921686746988,0.012049603174603173,0.7936507936507936,0.9090909090909091,0.04,0.20574162679425848
Nangate45,INVX1,INV_X1,A,ZN,rise,40.9838,0.06073,1.1,25.0,170.74800000000002,1.5180722891566267,0.63,0.4149999999999999,1,1,1,3.737283829590765,0.05895735033852654,1.5873015873015872,2.409638554216868,0.09639682539682538,0.1463373493975904,0.09639682539682538,1.5873015873015872,0.9090909090909091,0.04,0.20574162679425848
Nangate45,NORX1,NOR2_X1,A2,ZN,rise,17.1859,0.00036561600000000003,1.1,25.0,24.6571,1.5180722891566267,1.26,0.8299999999999998,0,1,1,2.900646568553312,0.0003655491787570529,0.7936507936507936,1.204819277108434,0.0002901714285714286,0.00044050120481927725,0.0002901714285714286,0.7936507936507936,0.9090909090909091,0.04,0.20574162679425848
Nangate45,NANDX1,NAND2_X1,A1,ZN,rise,130.081,0.00741959,1.1,25.0,72.7012,1.5180722891566267,1.26,0.8299999999999998,0,1,1,4.875815452730412,0.0073922002392085295,0.7936507936507936,1.204819277108434,0.005888563492063492,0.008939265060240967,0.005888563492063492,0.7936507936507936,0.9090909090909091,0.04,0.20574162679425848
Nangate45,NANDX1,NAND2_X1,A1,ZN,fall,17.1859,0.0296783,1.1,25.0,74.1885,1.5180722891566267,1.26,0.8299999999999998,0,1,1,2.900646568553312,0.02924642335925393,0.7936507936507936,1.204819277108434,0.02355420634920635,0.03575698795180724,0.03575698795180724,1.204819277108434,0.9090909090909091,0.04,0.20574162679425848
Nangate45,NANDX1,NAND2_X1,A2,ZN,fall,130.081,0.0148392,1.1,25.0,70.49719999999999,1.5180722891566267,1.26,0.8299999999999998,0,1,1,4.875815452730412,0.014730176298079229,0.7936507936507936,1.204819277108434,0.011777142857142858,0.017878554216867477,0.017878554216867477,1.204819277108434,0.9090909090909091,0.04,0.20574162679425848
Nangate45,NANDX1,NAND2_X1,A1,ZN,fall,198.535,0.0296783,1.1,25.0,133.996,1.5180722891566267,1.26,0.8299999999999998,0,1,1,5.295989659538859,0.02924642335925393,0.7936507936507936,1.204819277108434,0.02355420634920635,0.03575698795180724,0.03575698795180724,1.204819277108434,0.9090909090909091,0.04,0.20574162679425848
Nangate45,NORX1,NOR2_X1,A1,ZN,rise,78.0596,0.0016689300000000001,1.1,25.0,49.001999999999995,1.5180722891566267,1.26,0.8299999999999998,0,1,1,4.370201998407221,0.001667538883896079,0.7936507936507936,1.204819277108434,0.001324547619047619,0.002010759036144579,0.001324547619047619,0.7936507936507936,0.9090909090909091,0.04,0.20574162679425848
Nangate45,INVX2,INV_X2,A,ZN,fall,17.1859,0.0151825,1.1,25.0,19.3457,1.5180722891566267,1.26,0.8299999999999998,1,1,1,2.900646568553312,0.015068399286801608,0.7936507936507936,1.204819277108434,0.012049603174603173,0.0182921686746988,0.0182921686746988,1.204819277108434,0.9090909090909091,0.04,0.20574162679425848
Nangate45,NORX1,NOR2_X1,A1,ZN,rise,1.1737799999999998,0.0033378600000000002,1.1,25.0,29.233999999999998,1.5180722891566267,1.26,0.8299999999999998,0,1,1,0.7764675876261998,0.0033323017104042833,0.7936507936507936,1.204819277108434,0.002649095238095238,0.004021518072289158,0.002649095238095238,0.7936507936507936,0.9090909090909091,0.04,0.20574162679425848
Nangate45,NORX1,NOR2_X1,A2,ZN,rise,198.535,0.0016689300000000001,1.1,25.0,76.8215,1.5180722891566267,1.26,0.8299999999999998,0,1,1,5.295989659538859,0.001667538883896079,0.7936507936507936,1.204819277108434,0.001324547619047619,0.002010759036144579,0.001324547619047619,0.7936507936507936,0.9090909090909091,0.04,0.20574162679425848
Nangate45,INVX2,INV_X2,A,ZN,rise,198.535,0.00036561600000000003,1.1,25.0,39.8696,1.5180722891566267,1.26,0.8299999999999998,1,1,1,5.295989659538859,0.0003655491787570529,0.7936507936507936,1.204819277108434,0.0002901714285714286,0.00044050120481927725,0.0002901714285714286,0.7936507936507936,0.9090909090909091,0.04,0.20574162679425848
Nangate45,INVX1,INV_X1,A,ZN,fall,4.7239700000000004,0.06073,1.1,25.0,78.1923,1.5180722891566267,0.63,0.4149999999999999,1,1,1,1.7446626205903233,0.05895735033852654,1.5873015873015872,2.409638554216868,0.09639682539682538,0.1463373493975904,0.1463373493975904,2.409638554216868,0.9090909090909091,0.04,0.20574162679425848
Nangate45,NORX1,NOR2_X1,A1,ZN,fall,78.0596,0.0267029,1.1,25.0,67.2757,1.5180722891566267,1.26,0.8299999999999998,0,1,1,4.370201998407221,0.026352599902410307,0.7936507936507936,1.204819277108434,0.02119277777777778,0.032172168674698805,0.032172168674698805,1.204819277108434,0.9090909090909091,0.04,0.20574162679425848
Nangate45,INVX2,INV_X2,A,ZN,rise,130.081,0.030365,1.1,25.0,101.882,1.5180722891566267,1.26,0.8299999999999998,1,1,1,4.875815452730412,0.029913108399742868,0.7936507936507936,1.204819277108434,0.024099206349206346,0.0365843373493976,0.024099206349206346,0.7936507936507936,0.9090909090909091,0.04,0.20574162679425848
Nangate45,INVX2,INV_X2,A,ZN,rise,78.0596,0.030365,1.1,25.0,81.64309999999999,1.5180722891566267,1.26,0.8299999999999998,1,1,1,4.370201998407221,0.029913108399742868,0.7936507936507936,1.204819277108434,0.024099206349206346,0.0365843373493976,0.024099206349206346,0.7936507936507936,0.9090909090909091,0.04,0.20574162679425848
Nangate45,NORX1,NOR2_X1,A2,ZN,fall,78.0596,0.0033378600000000002,1.1,25.0,20.244000000000003,1.5180722891566267,1.26,0.8299999999999998,0,1,1,4.370201998407221,0.0033323017104042833,0.7936507936507936,1.204819277108434,0.002649095238095238,0.004021518072289158,0.004021518072289158,1.204819277108434,0.9090909090909091,0.04,0.20574162679425848
Nangate45,INVX1,INV_X1,A,ZN,rise,4.7239700000000004,0.00189781,1.1,25.0,11.031300000000002,1.5180722891566267,0.63,0.4149999999999999,1,1,1,1.7446626205903233,0.0018960114338003786,1.5873015873015872,2.409638554216868,0.003012396825396825,0.0045730361445783145,0.003012396825396825,1.5873015873015872,0.9090909090909091,0.04,0.20574162679425848
Nangate45,NANDX1,NAND2_X1,A2,ZN,rise,130.081,0.0018549,1.1,25.0,51.0441,1.5180722891566267,1.26,0.8299999999999998,0,1,1,4.875815452730412,0.0018531817973962343,0.7936507936507936,1.204819277108434,0.0014721428571428572,0.0022348192771084346,0.0014721428571428572,0.7936507936507936,0.9090909090909091,0.04,0.20574162679425848
Nangate45,NANDX1,NAND2_X1,A2,ZN,fall,1.1737799999999998,0.0296783,1.1,25.0,69.2203,1.5180722891566267,1.26,0.8299999999999998,0,1,1,0.7764675876261998,0.02924642335925393,0.7936507936507936,1.204819277108434,0.02355420634920635,0.03575698795180724,0.03575698795180724,1.204819277108434,0.9090909090909091,0.04,0.20574162679425848
Nangate45,INVX1,INV_X1,A,ZN,fall,17.1859,0.00189781,1.1,25.0,9.63029,1.5180722891566267,0.63,0.4149999999999999,1,1,1,2.900646568553312,0.0018960114338003786,1.5873015873015872,2.409638554216868,0.003012396825396825,0.0045730361445783145,0.0045730361445783145,2.409638554216868,0.9090909090909091,0.04,0.20574162679425848
Nangate45,NANDX1,NAND2_X1,A2,ZN,rise,4.7239700000000004,0.00741959,1.1,25.0,28.461,1.5180722891566267,1.26,0.8299999999999998,0,1,1,1.7446626205903233,0.0073922002392085295,0.7936507936507936,1.204819277108434,0.005888563492063492,0.008939265060240967,0.005888563492063492,0.7936507936507936,0.9090909090909091,0.04,0.20574162679425848
Nangate45,INVX1,INV_X1,A,ZN,rise,17.1859,0.00036561600000000003,1.1,25.0,11.7593,1.5180722891566267,0.63,0.4149999999999999,1,1,1,2.900646568553312,0.0003655491787570529,1.5873015873015872,2.409638554216868,0.0005803428571428572,0.0008810024096385545,0.0005803428571428572,1.5873015873015872,0.9090909090909091,0.04,0.20574162679425848
Nangate45,INVX2,INV_X2,A,ZN,fall,4.7239700000000004,0.030365,1.1,25.0,23.1189,1.5180722891566267,1.26,0.8299999999999998,1,1,1,1.7446626205903233,0.029913108399742868,0.7936507936507936,1.204819277108434,0.024099206349206346,0.0365843373493976,0.0365843373493976,1.204819277108434,0.9090909090909091,0.04,0.20574162679425848
Nangate45,INVX1,INV_X1,A,ZN,rise,130.081,0.030365,1.1,25.0,146.333,1.5180722891566267,0.63,0.4149999999999999,1,1,1,4.875815452730412,0.029913108399742868,1.5873015873015872,2.409638554216868,0.04819841269841269,0.0731686746987952,0.04819841269841269,1.5873015873015872,0.9090909090909091,0.04,0.20574162679425848
Nangate45,NORX1,NOR2_X1,A2,ZN,rise,4.7239700000000004,0.0066757299999999995,1.1,25.0,51.812799999999996,1.5180722891566267,1.26,0.8299999999999998,0,1,1,1.7446626205903233,0.006653545989397293,0.7936507936507936,1.204819277108434,0.005298198412698412,0.008043048192771086,0.005298198412698412,0.7936507936507936,0.9090909090909091,0.04,0.20574162679425848
Nangate45,NANDX1,NAND2_X1,A2,ZN,fall,130.081,0.0296783,1.1,25.0,108.454,1.5180722891566267,1.26,0.8299999999999998,0,1,1,4.875815452730412,0.02924642335925393,0.7936507936507936,1.204819277108434,0.02355420634920635,0.03575698795180724,0.03575698795180724,1.204819277108434,0.9090909090909091,0.04,0.20574162679425848
Nangate45,INVX2,INV_X2,A,ZN,fall,198.535,0.00759125,1.1,25.0,11.4492,1.5180722891566267,1.26,0.8299999999999998,1,1,1,5.295989659538859,0.0075625814570239825,0.7936507936507936,1.204819277108434,0.0060248015873015865,0.0091460843373494,0.0091460843373494,1.204819277108434,0.9090909090909091,0.04,0.20574162679425848
Nangate45,NORX1,NOR2_X1,A2,ZN,rise,78.0596,0.0033378600000000002,1.1,25.0,60.355399999999996,1.5180722891566267,1.26,0.8299999999999998,0,1,1,4.370201998407221,0.0033323017104042833,0.7936507936507936,1.204819277108434,0.002649095238095238,0.004021518072289158,0.002649095238095238,0.7936507936507936,0.9090909090909091,0.04,0.20574162679425848
Nangate45,NANDX1,NAND2_X1,A1,ZN,rise,40.9838,0.00741959,1.1,25.0,44.885,1.5180722891566267,1.26,0.8299999999999998,0,1,1,3.737283829590765,0.0073922002392085295,0.7936507936507936,1.204819277108434,0.005888563492063492,0.008939265060240967,0.005888563492063492,0.7936507936507936,0.9090909090909091,0.04,0.20574162679425848
Nangate45,NORX1,NOR2_X1,A1,ZN,rise,40.9838,0.00036561600000000003,1.1,25.0,28.221,1.5180722891566267,1.26,0.8299999999999998,0,1,1,3.737283829590765,0.0003655491787570529,0.7936507936507936,1.204819277108434,0.0002901714285714286,0.00044050120481927725,0.0002901714285714286,0.7936507936507936,0.9090909090909091,0.04,0.20574162679425848
Nangate45,NANDX1,NAND2_X1,A1,ZN,fall,130.081,0.00741959,1.1,25.0,48.336200000000005,1.5180722891566267,1.26,0.8299999999999998,0,1,1,4.875815452730412,0.0073922002392085295,0.7936507936507936,1.204819277108434,0.005888563492063492,0.008939265060240967,0.008939265060240967,1.204819277108434,0.9090909090909091,0.04,0.20574162679425848
Nangate45,INVX1,INV_X1,A,ZN,fall,1.1737799999999998,0.00759125,1.1,25.0,12.2592,1.5180722891566267,0.63,0.4149999999999999,1,1,1,0.7764675876261998,0.0075625814570239825,1.5873015873015872,2.409638554216868,0.012049603174603173,0.0182921686746988,0.0182921686746988,2.409638554216868,0.9090909090909091,0.04,0.20574162679425848
Nangate45,NORX1,NOR2_X1,A2,ZN,fall,1.1737799999999998,0.0008344660000000001,1.1,25.0,5.40779,1.5180722891566267,1.26,0.8299999999999998,0,1,1,0.7764675876261998,0.000834118026815161,0.7936507936507936,1.204819277108434,0.0006622746031746032,0.0010053807228915666,0.0010053807228915666,1.204819277108434,0.9090909090909091,0.04,0.20574162679425848
Nangate45,NANDX1,NAND2_X1,A2,ZN,rise,198.535,0.0296783,1.1,25.0,178.209,1.5180722891566267,1.26,0.8299999999999998,0,1,1,5.295989659538859,0.02924642335925393,0.7936507936507936,1.204819277108434,0.02355420634920635,0.03575698795180724,0.02355420634920635,0.7936507936507936,0.9090909090909091,0.04,0.20574162679425848
Nangate45,NANDX1,NAND2_X1,A1,ZN,rise,198.535,0.00370979,1.1,25.0,66.3517,1.5180722891566267,1.26,0.8299999999999998,0,1,1,5.295989659538859,0.003702925700579529,0.7936507936507936,1.204819277108434,0.002944277777777778,0.004469626506024098,0.002944277777777778,0.7936507936507936,0.9090909090909091,0.04,0.20574162679425848
Nangate45,NANDX1,NAND2_X1,A1,ZN,rise,17.1859,0.0018549,1.1,25.0,18.953500000000002,1.5180722891566267,1.26,0.8299999999999998,0,1,1,2.900646568553312,0.0018531817973962343,0.7936507936507936,1.204819277108434,0.0014721428571428572,0.0022348192771084346,0.0014721428571428572,0.7936507936507936,0.9090909090909091,0.04,0.20574162679425848
Nangate45,NANDX1,NAND2_X1,A1,ZN,rise,17.1859,0.0593567,1.1,25.0,157.306,1.5180722891566267,1.26,0.8299999999999998,0,1,1,2.900646568553312,0.05766183710119177,0.7936507936507936,1.204819277108434,0.04710849206349206,0.07151409638554218,0.04710849206349206,0.7936507936507936,0.9090909090909091,0.04,0.20574162679425848
Nangate45,NANDX1,NAND2_X1,A2,ZN,rise,1.1737799999999998,0.0296783,1.1,25.0,80.3975,1.5180722891566267,1.26,0.8299999999999998,0,1,1,0.7764675876261998,0.02924642335925393,0.7936507936507936,1.204819277108434,0.02355420634920635,0.03575698795180724,0.02355420634920635,0.7936507936507936,0.9090909090909091,0.04,0.20574162679425848
Nangate45,NORX1,NOR2_X1,A2,ZN,fall,17.1859,0.0016689300000000001,1.1,25.0,12.130099999999999,1.5180722891566267,1.26,0.8299999999999998,0,1,1,2.900646568553312,0.001667538883896079,0.7936507936507936,1.204819277108434,0.001324547619047619,0.002010759036144579,0.002010759036144579,1.204819277108434,0.9090909090909091,0.04,0.20574162679425848
Nangate45,NORX1,NOR2_X1,A2,ZN,fall,17.1859,0.00036561600000000003,1.1,25.0,9.27083,1.5180722891566267,1.26,0.8299999999999998,0,1,1,2.900646568553312,0.0003655491787570529,0.7936507936507936,1.204819277108434,0.0002901714285714286,0.00044050120481927725,0.00044050120481927725,1.204819277108434,0.9090909090909091,0.04,0.20574162679425848
Nangate45,NANDX1,NAND2_X1,A1,ZN,fall,4.7239700000000004,0.00741959,1.1,25.0,22.9509,1.5180722891566267,1.26,0.8299999999999998,0,1,1,1.7446626205903233,0.0073922002392085295,0.7936507936507936,1.204819277108434,0.005888563492063492,0.008939265060240967,0.008939265060240967,1.204819277108434,0.9090909090909091,0.04,0.20574162679425848
Nangate45,NORX1,NOR2_X1,A1,ZN,fall,40.9838,0.0033378600000000002,1.1,25.0,16.177400000000002,1.5180722891566267,1.26,0.8299999999999998,0,1,1,3.737283829590765,0.0033323017104042833,0.7936507936507936,1.204819277108434,0.002649095238095238,0.004021518072289158,0.004021518072289158,1.204819277108434,0.9090909090909091,0.04,0.20574162679425848
Nangate45,NORX1,NOR2_X1,A1,ZN,fall,17.1859,0.0066757299999999995,1.1,25.0,18.7348,1.5180722891566267,1.26,0.8299999999999998,0,1,1,2.900646568553312,0.006653545989397293,0.7936507936507936,1.204819277108434,0.005298198412698412,0.008043048192771086,0.008043048192771086,1.204819277108434,0.9090909090909091,0.04,0.20574162679425848
Nangate45,NORX1,NOR2_X1,A2,ZN,fall,198.535,0.0066757299999999995,1.1,25.0,29.081200000000003,1.5180722891566267,1.26,0.8299999999999998,0,1,1,5.295989659538859,0.006653545989397293,0.7936507936507936,1.204819277108434,0.005298198412698412,0.008043048192771086,0.008043048192771086,1.204819277108434,0.9090909090909091,0.04,0.20574162679425848
Nangate45,NANDX1,NAND2_X1,A1,ZN,fall,78.0596,0.00036561600000000003,1.1,25.0,12.836,1.5180722891566267,1.26,0.8299999999999998,0,1,1,4.370201998407221,0.0003655491787570529,0.7936507936507936,1.204819277108434,0.0002901714285714286,0.00044050120481927725,0.00044050120481927725,1.204819277108434,0.9090909090909091,0.04,0.20574162679425848
Nangate45,NANDX1,NAND2_X1,A1,ZN,rise,4.7239700000000004,0.00370979,1.1,25.0,17.3,1.5180722891566267,1.26,0.8299999999999998,0,1,1,1.7446626205903233,0.003702925700579529,0.7936507936507936,1.204819277108434,0.002944277777777778,0.004469626506024098,0.002944277777777778,0.7936507936507936,0.9090909090909091,0.04,0.20574162679425848
Nangate45,INVX2,INV_X2,A,ZN,fall,17.1859,0.00759125,1.1,25.0,13.5566,1.5180722891566267,1.26,0.8299999999999998,1,1,1,2.900646568553312,0.0075625814570239825,0.7936507936507936,1.204819277108434,0.0060248015873015865,0.0091460843373494,0.0091460843373494,1.204819277108434,0.9090909090909091,0.04,0.20574162679425848
Nangate45,NORX1,NOR2_X1,A1,ZN,rise,4.7239700000000004,0.0267029,1.1,25.0,148.696,1.5180722891566267,1.26,0.8299999999999998,0,1,1,1.7446626205903233,0.026352599902410307,0.7936507936507936,1.204819277108434,0.02119277777777778,0.032172168674698805,0.02119277777777778,0.7936507936507936,0.9090909090909091,0.04,0.20574162679425848
Nangate45,NORX1,NOR2_X1,A1,ZN,fall,130.081,0.0267029,1.1,25.0,77.92399999999999,1.5180722891566267,1.26,0.8299999999999998,0,1,1,4.875815452730412,0.026352599902410307,0.7936507936507936,1.204819277108434,0.02119277777777778,0.032172168674698805,0.032172168674698805,1.204819277108434,0.9090909090909091,0.04,0.20574162679425848
Nangate45,INVX2,INV_X2,A,ZN,rise,4.7239700000000004,0.00759125,1.1,25.0,15.894200000000001,1.5180722891566267,1.26,0.8299999999999998,1,1,1,1.7446626205903233,0.0075625814570239825,0.7936507936507936,1.204819277108434,0.0060248015873015865,0.0091460843373494,0.0060248015873015865,0.7936507936507936,0.9090909090909091,0.04,0.20574162679425848
Nangate45,NORX1,NOR2_X1,A1,ZN,rise,1.1737799999999998,0.0008344660000000001,1.1,25.0,16.1505,1.5180722891566267,1.26,0.8299999999999998,0,1,1,0.7764675876261998,0.000834118026815161,0.7936507936507936,1.204819277108434,0.0006622746031746032,0.0010053807228915666,0.0006622746031746032,0.7936507936507936,0.9090909090909091,0.04,0.20574162679425848
Nangate45,INVX1,INV_X1,A,ZN,rise,1.1737799999999998,0.00189781,1.1,25.0,9.525469999999999,1.5180722891566267,0.63,0.4149999999999999,1,1,1,0.7764675876261998,0.0018960114338003786,1.5873015873015872,2.409638554216868,0.003012396825396825,0.0045730361445783145,0.003012396825396825,1.5873015873015872,0.9090909090909091,0.04,0.20574162679425848
Nangate45,NORX1,NOR2_X1,A2,ZN,fall,4.7239700000000004,0.0008344660000000001,1.1,25.0,6.93648,1.5180722891566267,1.26,0.8299999999999998,0,1,1,1.7446626205903233,0.000834118026815161,0.7936507936507936,1.204819277108434,0.0006622746031746032,0.0010053807228915666,0.0010053807228915666,1.204819277108434,0.9090909090909091,0.04,0.20574162679425848
Nangate45,INVX1,INV_X1,A,ZN,fall,78.0596,0.00759125,1.1,25.0,28.420399999999997,1.5180722891566267,0.63,0.4149999999999999,1,1,1,4.370201998407221,0.0075625814570239825,1.5873015873015872,2.409638554216868,0.012049603174603173,0.0182921686746988,0.0182921686746988,2.409638554216868,0.9090909090909091,0.04,0.20574162679425848
Nangate45,NANDX1,NAND2_X1,A1,ZN,rise,4.7239700000000004,0.0593567,1.1,25.0,151.20600000000002,1.5180722891566267,1.26,0.8299999999999998,0,1,1,1.7446626205903233,0.05766183710119177,0.7936507936507936,1.204819277108434,0.04710849206349206,0.07151409638554218,0.04710849206349206,0.7936507936507936,0.9090909090909091,0.04,0.20574162679425848
Nangate45,INVX1,INV_X1,A,ZN,rise,78.0596,0.06073,1.1,25.0,190.083,1.5180722891566267,0.63,0.4149999999999999,1,1,1,4.370201998407221,0.05895735033852654,1.5873015873015872,2.409638554216868,0.09639682539682538,0.1463373493975904,0.09639682539682538,1.5873015873015872,0.9090909090909091,0.04,0.20574162679425848
Nangate45,NORX1,NOR2_X1,A2,ZN,rise,40.9838,0.0267029,1.1,25.0,167.564,1.5180722891566267,1.26,0.8299999999999998,0,1,1,3.737283829590765,0.026352599902410307,0.7936507936507936,1.204819277108434,0.02119277777777778,0.032172168674698805,0.02119277777777778,0.7936507936507936,0.9090909090909091,0.04,0.20574162679425848
Nangate45,NORX1,NOR2_X1,A1,ZN,rise,130.081,0.0066757299999999995,1.1,25.0,101.146,1.5180722891566267,1.26,0.8299999999999998,0,1,1,4.875815452730412,0.006653545989397293,0.7936507936507936,1.204819277108434,0.005298198412698412,0.008043048192771086,0.005298198412698412,0.7936507936507936,0.9090909090909091,0.04,0.20574162679425848
Nangate45,NORX1,NOR2_X1,A1,ZN,fall,17.1859,0.0033378600000000002,1.1,25.0,13.5525,1.5180722891566267,1.26,0.8299999999999998,0,1,1,2.900646568553312,0.0033323017104042833,0.7936507936507936,1.204819277108434,0.002649095238095238,0.004021518072289158,0.004021518072289158,1.204819277108434,0.9090909090909091,0.04,0.20574162679425848
Nangate45,NANDX1,NAND2_X1,A2,ZN,fall,40.9838,0.0593567,1.1,25.0,144.225,1.5180722891566267,1.26,0.8299999999999998,0,1,1,3.737283829590765,0.05766183710119177,0.7936507936507936,1.204819277108434,0.04710849206349206,0.07151409638554218,0.07151409638554218,1.204819277108434,0.9090909090909091,0.04,0.20574162679425848
Nangate45,INVX1,INV_X1,A,ZN,fall,198.535,0.00379562,1.1,25.0,11.068,1.5180722891566267,0.63,0.4149999999999999,1,1,1,5.295989659538859,0.0037884348101687258,1.5873015873015872,2.409638554216868,0.00602479365079365,0.009146072289156629,0.009146072289156629,2.409638554216868,0.9090909090909091,0.04,0.20574162679425848
Nangate45,NANDX1,NAND2_X1,A2,ZN,fall,1.1737799999999998,0.00036561600000000003,1.1,25.0,8.17145,1.5180722891566267,1.26,0.8299999999999998,0,1,1,0.7764675876261998,0.0003655491787570529,0.7936507936507936,1.204819277108434,0.0002901714285714286,0.00044050120481927725,0.00044050120481927725,1.204819277108434,0.9090909090909091,0.04,0.20574162679425848
Nangate45,NANDX1,NAND2_X1,A2,ZN,fall,1.1737799999999998,0.0593567,1.1,25.0,130.874,1.5180722891566267,1.26,0.8299999999999998,0,1,1,0.7764675876261998,0.05766183710119177,0.7936507936507936,1.204819277108434,0.04710849206349206,0.07151409638554218,0.07151409638554218,1.204819277108434,0.9090909090909091,0.04,0.20574162679425848
Nangate45,NANDX1,NAND2_X1,A1,ZN,fall,1.1737799999999998,0.00036561600000000003,1.1,25.0,6.8309,1.5180722891566267,1.26,0.8299999999999998,0,1,1,0.7764675876261998,0.0003655491787570529,0.7936507936507936,1.204819277108434,0.0002901714285714286,0.00044050120481927725,0.00044050120481927725,1.204819277108434,0.9090909090909091,0.04,0.20574162679425848
Nangate45,INVX1,INV_X1,A,ZN,rise,4.7239700000000004,0.06073,1.1,25.0,152.68300000000002,1.5180722891566267,0.63,0.4149999999999999,1,1,1,1.7446626205903233,0.05895735033852654,1.5873015873015872,2.409638554216868,0.09639682539682538,0.1463373493975904,0.09639682539682538,1.5873015873015872,0.9090909090909091,0.04,0.20574162679425848
Nangate45,NANDX1,NAND2_X1,A2,ZN,rise,40.9838,0.0148392,1.1,25.0,65.1164,1.5180722891566267,1.26,0.8299999999999998,0,1,1,3.737283829590765,0.014730176298079229,0.7936507936507936,1.204819277108434,0.011777142857142858,0.017878554216867477,0.011777142857142858,0.7936507936507936,0.9090909090909091,0.04,0.20574162679425848
Nangate45,NANDX1,NAND2_X1,A2,ZN,fall,198.535,0.0593567,1.1,25.0,193.697,1.5180722891566267,1.26,0.8299999999999998,0,1,1,5.295989659538859,0.05766183710119177,0.7936507936507936,1.204819277108434,0.04710849206349206,0.07151409638554218,0.07151409638554218,1.204819277108434,0.9090909090909091,0.04,0.20574162679425848
Nangate45,NANDX1,NAND2_X1,A1,ZN,fall,78.0596,0.0148392,1.1,25.0,65.6528,1.5180722891566267,1.26,0.8299999999999998,0,1,1,4.370201998407221,0.014730176298079229,0.7936507936507936,1.204819277108434,0.011777142857142858,0.017878554216867477,0.017878554216867477,1.204819277108434,0.9090909090909091,0.04,0.20574162679425848
Nangate45,INVX2,INV_X2,A,ZN,fall,40.9838,0.00036561600000000003,1.1,25.0,4.5305800000000005,1.5180722891566267,1.26,0.8299999999999998,1,1,1,3.737283829590765,0.0003655491787570529,0.7936507936507936,1.204819277108434,0.0002901714285714286,0.00044050120481927725,0.00044050120481927725,1.204819277108434,0.9090909090909091,0.04,0.20574162679425848
Nangate45,NORX1,NOR2_X1,A2,ZN,fall,198.535,0.0008344660000000001,1.1,25.0,0.0894997,1.5180722891566267,1.26,0.8299999999999998,0,1,1,5.295989659538859,0.000834118026815161,0.7936507936507936,1.204819277108434,0.0006622746031746032,0.0010053807228915666,0.0010053807228915666,1.204819277108434,0.9090909090909091,0.04,0.20574162679425848
Nangate45,NORX1,NOR2_X1,A2,ZN,rise,1.1737799999999998,0.0033378600000000002,1.1,25.0,33.277,1.5180722891566267,1.26,0.8299999999999998,0,1,1,0.7764675876261998,0.0033323017104042833,0.7936507936507936,1.204819277108434,0.002649095238095238,0.004021518072289158,0.002649095238095238,0.7936507936507936,0.9090909090909091,0.04,0.20574162679425848
Nangate45,NORX1,NOR2_X1,A2,ZN,fall,78.0596,0.0133515,1.1,25.0,45.6175,1.5180722891566267,1.26,0.8299999999999998,0,1,1,4.370201998407221,0.01326315422090152,0.7936507936507936,1.204819277108434,0.010596428571428571,0.01608614457831326,0.01608614457831326,1.204819277108434,0.9090909090909091,0.04,0.20574162679425848
Nangate45,NORX1,NOR2_X1,A2,ZN,rise,40.9838,0.0016689300000000001,1.1,25.0,39.5533,1.5180722891566267,1.26,0.8299999999999998,0,1,1,3.737283829590765,0.001667538883896079,0.7936507936507936,1.204819277108434,0.001324547619047619,0.002010759036144579,0.001324547619047619,0.7936507936507936,0.9090909090909091,0.04,0.20574162679425848
Nangate45,NANDX1,NAND2_X1,A1,ZN,fall,1.1737799999999998,0.00370979,1.1,25.0,13.9116,1.5180722891566267,1.26,0.8299999999999998,0,1,1,0.7764675876261998,0.003702925700579529,0.7936507936507936,1.204819277108434,0.002944277777777778,0.004469626506024098,0.004469626506024098,1.204819277108434,0.9090909090909091,0.04,0.20574162679425848
Nangate45,INVX2,INV_X2,A,ZN,fall,198.535,0.030365,1.1,25.0,54.5488,1.5180722891566267,1.26,0.8299999999999998,1,1,1,5.295989659538859,0.029913108399742868,0.7936507936507936,1.204819277108434,0.024099206349206346,0.0365843373493976,0.0365843373493976,1.204819277108434,0.9090909090909091,0.04,0.20574162679425848
Nangate45,NORX1,NOR2_X1,A1,ZN,fall,130.081,0.0133515,1.1,25.0,47.0897,1.5180722891566267,1.26,0.8299999999999998,0,1,1,4.875815452730412,0.01326315422090152,0.7936507936507936,1.204819277108434,0.010596428571428571,0.01608614457831326,0.01608614457831326,1.204819277108434,0.9090909090909091,0.04,0.20574162679425848
Nangate45,NORX1,NOR2_X1,A2,ZN,rise,78.0596,0.0008344660000000001,1.1,25.0,43.0442,1.5180722891566267,1.26,0.8299999999999998,0,1,1,4.370201998407221,0.000834118026815161,0.7936507936507936,1.204819277108434,0.0006622746031746032,0.0010053807228915666,0.0006622746031746032,0.7936507936507936,0.9090909090909091,0.04,0.20574162679425848
Nangate45,INVX1,INV_X1,A,ZN,fall,4.7239700000000004,0.00379562,1.1,25.0,9.12396,1.5180722891566267,0.63,0.4149999999999999,1,1,1,1.7446626205903233,0.0037884348101687258,1.5873015873015872,2.409638554216868,0.00602479365079365,0.009146072289156629,0.009146072289156629,2.409638554216868,0.9090909090909091,0.04,0.20574162679425848
Nangate45,NORX1,NOR2_X1,A1,ZN,fall,130.081,0.0066757299999999995,1.1,25.0,26.415999999999997,1.5180722891566267,1.26,0.8299999999999998,0,1,1,4.875815452730412,0.006653545989397293,0.7936507936507936,1.204819277108434,0.005298198412698412,0.008043048192771086,0.008043048192771086,1.204819277108434,0.9090909090909091,0.04,0.20574162679425848
Nangate45,NANDX1,NAND2_X1,A1,ZN,fall,4.7239700000000004,0.0148392,1.1,25.0,38.4185,1.5180722891566267,1.26,0.8299999999999998,0,1,1,1.7446626205903233,0.014730176298079229,0.7936507936507936,1.204819277108434,0.011777142857142858,0.017878554216867477,0.017878554216867477,1.204819277108434,0.9090909090909091,0.04,0.20574162679425848
Nangate45,INVX1,INV_X1,A,ZN,rise,40.9838,0.00036561600000000003,1.1,25.0,16.9697,1.5180722891566267,0.63,0.4149999999999999,1,1,1,3.737283829590765,0.0003655491787570529,1.5873015873015872,2.409638554216868,0.0005803428571428572,0.0008810024096385545,0.0005803428571428572,1.5873015873015872,0.9090909090909091,0.04,0.20574162679425848
Nangate45,NANDX1,NAND2_X1,A2,ZN,rise,40.9838,0.00370979,1.1,25.0,36.9411,1.5180722891566267,1.26,0.8299999999999998,0,1,1,3.737283829590765,0.003702925700579529,0.7936507936507936,1.204819277108434,0.002944277777777778,0.004469626506024098,0.002944277777777778,0.7936507936507936,0.9090909090909091,0.04,0.20574162679425848
Nangate45,NORX1,NOR2_X1,A1,ZN,fall,40.9838,0.0008344660000000001,1.1,25.0,8.30202,1.5180722891566267,1.26,0.8299999999999998,0,1,1,3.737283829590765,0.000834118026815161,0.7936507936507936,1.204819277108434,0.0006622746031746032,0.0010053807228915666,0.0010053807228915666,1.204819277108434,0.9090909090909091,0.04,0.20574162679425848
Nangate45,INVX2,INV_X2,A,ZN,fall,17.1859,0.00379562,1.1,25.0,9.82667,1.5180722891566267,1.26,0.8299999999999998,1,1,1,2.900646568553312,0.0037884348101687258,0.7936507936507936,1.204819277108434,0.003012396825396825,0.0045730361445783145,0.0045730361445783145,1.204819277108434,0.9090909090909091,0.04,0.20574162679425848
Nangate45,NANDX1,NAND2_X1,A1,ZN,fall,130.081,0.00036561600000000003,1.1,25.0,11.203100000000001,1.5180722891566267,1.26,0.8299999999999998,0,1,1,4.875815452730412,0.0003655491787570529,0.7936507936507936,1.204819277108434,0.0002901714285714286,0.00044050120481927725,0.00044050120481927725,1.204819277108434,0.9090909090909091,0.04,0.20574162679425848
Nangate45,INVX2,INV_X2,A,ZN,fall,198.535,0.12146,1.1,25.0,153.148,1.5180722891566267,1.26,0.8299999999999998,1,1,1,5.295989659538859,0.1146314078240044,0.7936507936507936,1.204819277108434,0.09639682539682538,0.1463373493975904,0.1463373493975904,1.204819277108434,0.9090909090909091,0.04,0.20574162679425848
Nangate45,NANDX1,NAND2_X1,A2,ZN,fall,198.535,0.0148392,1.1,25.0,78.5145,1.5180722891566267,1.26,0.8299999999999998,0,1,1,5.295989659538859,0.014730176298079229,0.7936507936507936,1.204819277108434,0.011777142857142858,0.017878554216867477,0.017878554216867477,1.204819277108434,0.9090909090909091,0.04,0.20574162679425848
Nangate45,NORX1,NOR2_X1,A1,ZN,rise,40.9838,0.0066757299999999995,1.1,25.0,63.464999999999996,1.5180722891566267,1.26,0.8299999999999998,0,1,1,3.737283829590765,0.006653545989397293,0.7936507936507936,1.204819277108434,0.005298198412698412,0.008043048192771086,0.005298198412698412,0.7936507936507936,0.9090909090909091,0.04,0.20574162679425848
Nangate45,NORX1,NOR2_X1,A2,ZN,rise,4.7239700000000004,0.0033378600000000002,1.1,25.0,34.714,1.5180722891566267,1.26,0.8299999999999998,0,1,1,1.7446626205903233,0.0033323017104042833,0.7936507936507936,1.204819277108434,0.002649095238095238,0.004021518072289158,0.002649095238095238,0.7936507936507936,0.9090909090909091,0.04,0.20574162679425848
Nangate45,NANDX1,NAND2_X1,A2,ZN,fall,1.1737799999999998,0.0148392,1.1,25.0,38.388400000000004,1.5180722891566267,1.26,0.8299999999999998,0,1,1,0.7764675876261998,0.014730176298079229,0.7936507936507936,1.204819277108434,0.011777142857142858,0.017878554216867477,0.017878554216867477,1.204819277108434,0.9090909090909091,0.04,0.20574162679425848
Nangate45,NANDX1,NAND2_X1,A2,ZN,rise,17.1859,0.0148392,1.1,25.0,52.5529,1.5180722891566267,1.26,0.8299999999999998,0,1,1,2.900646568553312,0.014730176298079229,0.7936507936507936,1.204819277108434,0.011777142857142858,0.017878554216867477,0.011777142857142858,0.7936507936507936,0.9090909090909091,0.04,0.20574162679425848
Nangate45,INVX2,INV_X2,A,ZN,rise,78.0596,0.12146,1.1,25.0,190.328,1.5180722891566267,1.26,0.8299999999999998,1,1,1,4.370201998407221,0.1146314078240044,0.7936507936507936,1.204819277108434,0.09639682539682538,0.1463373493975904,0.09639682539682538,0.7936507936507936,0.9090909090909091,0.04,0.20574162679425848
Nangate45,INVX2,INV_X2,A,ZN,rise,1.1737799999999998,0.0151825,1.1,25.0,23.6098,1.5180722891566267,1.26,0.8299999999999998,1,1,1,0.7764675876261998,0.015068399286801608,0.7936507936507936,1.204819277108434,0.012049603174603173,0.0182921686746988,0.012049603174603173,0.7936507936507936,0.9090909090909091,0.04,0.20574162679425848
Nangate45,NANDX1,NAND2_X1,A2,ZN,fall,78.0596,0.0296783,1.1,25.0,94.3383,1.5180722891566267,1.26,0.8299999999999998,0,1,1,4.370201998407221,0.02924642335925393,0.7936507936507936,1.204819277108434,0.02355420634920635,0.03575698795180724,0.03575698795180724,1.204819277108434,0.9090909090909091,0.04,0.20574162679425848
Nangate45,INVX1,INV_X1,A,ZN,fall,130.081,0.0151825,1.1,25.0,51.437799999999996,1.5180722891566267,0.63,0.4149999999999999,1,1,1,4.875815452730412,0.015068399286801608,1.5873015873015872,2.409638554216868,0.024099206349206346,0.0365843373493976,0.0365843373493976,2.409638554216868,0.9090909090909091,0.04,0.20574162679425848
Nangate45,NORX1,NOR2_X1,A1,ZN,fall,40.9838,0.00036561600000000003,1.1,25.0,6.4348,1.5180722891566267,1.26,0.8299999999999998,0,1,1,3.737283829590765,0.0003655491787570529,0.7936507936507936,1.204819277108434,0.0002901714285714286,0.00044050120481927725,0.00044050120481927725,1.204819277108434,0.9090909090909091,0.04,0.20574162679425848
Nangate45,NANDX1,NAND2_X1,A2,ZN,rise,130.081,0.0296783,1.1,25.0,148.318,1.5180722891566267,1.26,0.8299999999999998,0,1,1,4.875815452730412,0.02924642335925393,0.7936507936507936,1.204819277108434,0.02355420634920635,0.03575698795180724,0.02355420634920635,0.7936507936507936,0.9090909090909091,0.04,0.20574162679425848
Nangate45,NANDX1,NAND2_X1,A1,ZN,rise,40.9838,0.0018549,1.1,25.0,26.6711,1.5180722891566267,1.26,0.8299999999999998,0,1,1,3.737283829590765,0.0018531817973962343,0.7936507936507936,1.204819277108434,0.0014721428571428572,0.0022348192771084346,0.0014721428571428572,0.7936507936507936,0.9090909090909091,0.04,0.20574162679425848
Nangate45,NORX1,NOR2_X1,A1,ZN,fall,78.0596,0.0008344660000000001,1.1,25.0,5.461139999999999,1.5180722891566267,1.26,0.8299999999999998,0,1,1,4.370201998407221,0.000834118026815161,0.7936507936507936,1.204819277108434,0.0006622746031746032,0.0010053807228915666,0.0010053807228915666,1.204819277108434,0.9090909090909091,0.04,0.20574162679425848
Nangate45,INVX2,INV_X2,A,ZN,rise,40.9838,0.030365,1.1,25.0,62.3247,1.5180722891566267,1.26,0.8299999999999998,1,1,1,3.737283829590765,0.029913108399742868,0.7936507936507936,1.204819277108434,0.024099206349206346,0.0365843373493976,0.024099206349206346,0.7936507936507936,0.9090909090909091,0.04,0.20574162679425848
Nangate45,INVX1,INV_X1,A,ZN,rise,17.1859,0.06073,1.1,25.0,158.767,1.5180722891566267,0.63,0.4149999999999999,1,1,1,2.900646568553312,0.05895735033852654,1.5873015873015872,2.409638554216868,0.09639682539682538,0.1463373493975904,0.09639682539682538,1.5873015873015872,0.9090909090909091,0.04,0.20574162679425848
Nangate45,INVX1,INV_X1,A,ZN,fall,40.9838,0.00189781,1.1,25.0,10.7451,1.5180722891566267,0.63,0.4149999999999999,1,1,1,3.737283829590765,0.0018960114338003786,1.5873015873015872,2.409638554216868,0.003012396825396825,0.0045730361445783145,0.0045730361445783145,2.409638554216868,0.9090909090909091,0.04,0.20574162679425848
Nangate45,INVX2,INV_X2,A,ZN,rise,4.7239700000000004,0.0151825,1.1,25.0,25.148500000000002,1.5180722891566267,1.26,0.8299999999999998,1,1,1,1.7446626205903233,0.015068399286801608,0.7936507936507936,1.204819277108434,0.012049603174603173,0.0182921686746988,0.012049603174603173,0.7936507936507936,0.9090909090909091,0.04,0.20574162679425848
Nangate45,NANDX1,NAND2_X1,A1,ZN,fall,78.0596,0.0018549,1.1,25.0,20.9729,1.5180722891566267,1.26,0.8299999999999998,0,1,1,4.370201998407221,0.0018531817973962343,0.7936507936507936,1.204819277108434,0.0014721428571428572,0.0022348192771084346,0.0022348192771084346,1.204819277108434,0.9090909090909091,0.04,0.20574162679425848
Nangate45,NORX1,NOR2_X1,A1,ZN,rise,198.535,0.0133515,1.1,25.0,168.656,1.5180722891566267,1.26,0.8299999999999998,0,1,1,5.295989659538859,0.01326315422090152,0.7936507936507936,1.204819277108434,0.010596428571428571,0.01608614457831326,0.010596428571428571,0.7936507936507936,0.9090909090909091,0.04,0.20574162679425848
Nangate45,INVX2,INV_X2,A,ZN,rise,1.1737799999999998,0.12146,1.1,25.0,151.234,1.5180722891566267,1.26,0.8299999999999998,1,1,1,0.7764675876261998,0.1146314078240044,0.7936507936507936,1.204819277108434,0.09639682539682538,0.1463373493975904,0.09639682539682538,0.7936507936507936,0.9090909090909091,0.04,0.20574162679425848
