tech,cell_type,cell_name,from_pin,to_pin,pol,slew,cap,voltage,temp,delay,wp_over_wn,wp_sum,wn_sum,is_inv,stack_pu,stack_pd,log_slew,log_cap,req_p,req_n,rc_p,rc_n,rc_eff,req_eff,inv_v,inv_temp,pn_balance,is_labeled
ASAP7,AND3X4,AND3x4_ASAP7_6t_L,C,Y,rise,160.0,0.046079999999999996,0.7,25.0,87.8009,0.7,0.37799999999999995,0.54,0,1,1,5.081404364984463,0.04504984455370874,2.645502645502646,1.8518518518518516,0.12190476190476192,0.08533333333333332,0.12190476190476192,2.645502645502646,1.4285714285714286,0.04,-0.17647058823529424,1
ASAP7,NOR3X2,NOR3x2_ASAP7_6t_L,B,Y,rise,40.0,0.0028799999999999997,0.7,25.0,19.7372,3.0000000000000004,0.9720000000000002,0.324,0,1,1,3.7135720667043075,0.002875860745464264,1.0288065843621397,3.0864197530864197,0.002962962962962962,0.008888888888888887,0.002962962962962962,1.0288065843621397,1.4285714285714286,0.04,0.5,1
ASAP7,INVX8,INVx8_ASAP7_6t_L,A,Y,fall,40.0,0.046079999999999996,0.7,25.0,37.2702,1.0,0.43199999999999994,0.43199999999999994,1,1,1,3.7135720667043075,0.04504984455370874,2.3148148148148153,2.3148148148148153,0.10666666666666669,0.10666666666666669,0.10666666666666669,2.3148148148148153,1.4285714285714286,0.04,0.0,1
ASAP7,OR3X4,OR3x4_ASAP7_6t_L,B,Y,fall,160.0,0.09215999999999999,0.7,25.0,172.023,1.0,0.37799999999999995,0.37799999999999995,0,1,1,5.081404364984463,0.08815738673620517,2.645502645502646,2.645502645502646,0.24380952380952384,0.24380952380952384,0.24380952380952384,2.645502645502646,1.4285714285714286,0.04,0.0,1
ASAP7,NAND3X1,NAND3x1_ASAP7_6t_L,A,Y,rise,160.0,0.023039999999999998,0.7,25.0,169.492,0.3333333333333333,0.162,0.486,0,1,1,5.081404364984463,0.02277858688933957,6.172839506172839,2.05761316872428,0.1422222222222222,0.047407407407407405,0.1422222222222222,6.172839506172839,1.4285714285714286,0.04,-0.4999999999999999,1
ASAP7,XOR2X2,XOR2x2_ASAP7_6t_L,A,Y,fall,40.0,0.0057599999999999995,0.7,25.0,38.3031,1.0,0.37799999999999995,0.37799999999999995,0,1,1,3.7135720667043075,0.005743474627065725,2.645502645502646,2.645502645502646,0.01523809523809524,0.01523809523809524,0.01523809523809524,2.645502645502646,1.4285714285714286,0.04,0.0,1
ASAP7,BUFX4,BUFx4_ASAP7_6t_L,A,Y,fall,5.0,0.0028799999999999997,0.7,25.0,18.4498,1.0,0.27,0.27,0,1,1,1.791759469228055,0.002875860745464264,3.7037037037037033,3.7037037037037033,0.010666666666666665,0.010666666666666665,0.010666666666666665,3.7037037037037033,1.4285714285714286,0.04,0.0,1
ASAP7,XOR2X2,XOR2x2_ASAP7_6t_L,A,Y,rise,160.0,0.0014399999999999999,0.7,25.0,40.9131,1.0,0.37799999999999995,0.37799999999999995,0,1,1,5.081404364984463,0.0014389641942542824,2.645502645502646,2.645502645502646,0.00380952380952381,0.00380952380952381,0.00380952380952381,2.645502645502646,1.4285714285714286,0.04,0.0,1
ASAP7,XOR2X2,XOR2x2_ASAP7_6t_L,B,Y,fall,80.0,0.0014399999999999999,0.7,25.0,28.8886,1.0,0.37799999999999995,0.37799999999999995,0,1,1,4.394449154672438,0.0014389641942542824,2.645502645502646,2.645502645502646,0.00380952380952381,0.00380952380952381,0.00380952380952381,2.645502645502646,1.4285714285714286,0.04,0.0,1
ASAP7,NAND3X1,NAND3x1_ASAP7_6t_L,C,Y,fall,80.0,0.0007199999999999999,0.7,25.0,9.60304,0.3333333333333333,0.162,0.486,0,1,1,4.394449154672438,0.0007197409243488539,6.172839506172839,2.05761316872428,0.004444444444444444,0.0014814814814814814,0.0014814814814814814,2.05761316872428,1.4285714285714286,0.04,-0.4999999999999999,1
ASAP7,OR2X4,OR2x4_ASAP7_6t_L,B,Y,fall,160.0,0.0057599999999999995,0.7,25.0,65.9793,1.0,0.324,0.324,0,1,1,5.081404364984463,0.005743474627065725,3.0864197530864197,3.0864197530864197,0.017777777777777774,0.017777777777777774,0.017777777777777774,3.0864197530864197,1.4285714285714286,0.04,0.0,1
ASAP7,OR3X4,OR3x4_ASAP7_6t_L,A,Y,fall,80.0,0.0028799999999999997,0.7,25.0,60.0234,1.0,0.37799999999999995,0.37799999999999995,0,1,1,4.394449154672438,0.002875860745464264,2.645502645502646,2.645502645502646,0.00761904761904762,0.00761904761904762,0.00761904761904762,2.645502645502646,1.4285714285714286,0.04,0.0,1
ASAP7,NAND3X1,NAND3x1_ASAP7_6t_L,A,Y,fall,160.0,0.0014399999999999999,0.7,25.0,17.0601,0.3333333333333333,0.162,0.486,0,1,1,5.081404364984463,0.0014389641942542824,6.172839506172839,2.05761316872428,0.008888888888888887,0.002962962962962963,0.002962962962962963,2.05761316872428,1.4285714285714286,0.04,-0.4999999999999999,1
ASAP7,NOR3X1,NOR3x1_ASAP7_6t_L,A,Y,fall,80.0,0.023039999999999998,0.7,25.0,122.309,3.0,0.486,0.162,0,1,1,4.394449154672438,0.02277858688933957,2.05761316872428,6.172839506172839,0.047407407407407405,0.1422222222222222,0.1422222222222222,6.172839506172839,1.4285714285714286,0.04,0.4999999999999999,1
ASAP7,INVX2,INVx2_ASAP7_6t_L,A,Y,fall,320.0,0.0057599999999999995,0.7,25.0,44.7426,1.0,0.108,0.108,1,1,1,5.771441123130016,0.005743474627065725,9.25925925925926,9.25925925925926,0.05333333333333333,0.05333333333333333,0.05333333333333333,9.25925925925926,1.4285714285714286,0.04,0.0,1
ASAP7,OR4X1,OR4x1_ASAP7_6t_L,D,Y,rise,40.0,0.0007199999999999999,0.7,25.0,20.8682,1.0,0.27,0.27,0,1,1,3.7135720667043075,0.0007197409243488539,3.7037037037037033,3.7037037037037033,0.002666666666666666,0.002666666666666666,0.002666666666666666,3.7037037037037033,1.4285714285714286,0.04,0.0,1
ASAP7,AND3X4,AND3x4_ASAP7_6t_L,A,Y,rise,40.0,0.0028799999999999997,0.7,25.0,29.3971,0.7,0.37799999999999995,0.54,0,1,1,3.7135720667043075,0.002875860745464264,2.645502645502646,1.8518518518518516,0.00761904761904762,0.005333333333333332,0.00761904761904762,2.645502645502646,1.4285714285714286,0.04,-0.17647058823529424,1
ASAP7,AND4X2,AND4x2_ASAP7_6t_L,A,Y,rise,320.0,0.0014399999999999999,0.7,25.0,70.2167,1.0,0.324,0.324,0,1,1,5.771441123130016,0.0014389641942542824,3.0864197530864197,3.0864197530864197,0.004444444444444444,0.004444444444444444,0.004444444444444444,3.0864197530864197,1.4285714285714286,0.04,0.0,1
ASAP7,AND4X2,AND4x2_ASAP7_6t_L,C,Y,rise,80.0,0.09215999999999999,0.7,25.0,267.379,1.0,0.324,0.324,0,1,1,4.394449154672438,0.08815738673620517,3.0864197530864197,3.0864197530864197,0.2844444444444444,0.2844444444444444,0.2844444444444444,3.0864197530864197,1.4285714285714286,0.04,0.0,1
ASAP7,XOR2X2,XOR2x2_ASAP7_6t_L,B,Y,fall,160.0,0.046079999999999996,0.7,25.0,124.282,1.0,0.37799999999999995,0.37799999999999995,0,1,1,5.081404364984463,0.04504984455370874,2.645502645502646,2.645502645502646,0.12190476190476192,0.12190476190476192,0.12190476190476192,2.645502645502646,1.4285714285714286,0.04,0.0,1
ASAP7,AND3X2,AND3x2_ASAP7_6t_L,B,Y,rise,5.0,0.046079999999999996,0.7,25.0,138.63,1.0,0.27,0.27,0,1,1,1.791759469228055,0.04504984455370874,3.7037037037037033,3.7037037037037033,0.17066666666666663,0.17066666666666663,0.17066666666666663,3.7037037037037033,1.4285714285714286,0.04,0.0,1
ASAP7,OR2X2,OR2x2_ASAP7_6t_L,B,Y,rise,5.0,0.0014399999999999999,0.7,25.0,19.5175,1.3333333333333335,0.216,0.162,0,1,1,1.791759469228055,0.0014389641942542824,4.62962962962963,6.172839506172839,0.006666666666666666,0.008888888888888887,0.006666666666666666,4.62962962962963,1.4285714285714286,0.04,0.14285714285714285,1
ASAP7,NAND3X1,NAND3x1_ASAP7_6t_L,B,Y,rise,10.0,0.0014399999999999999,0.7,25.0,17.2264,0.3333333333333333,0.162,0.486,0,1,1,2.3978952727983707,0.0014389641942542824,6.172839506172839,2.05761316872428,0.008888888888888887,0.002962962962962963,0.008888888888888887,6.172839506172839,1.4285714285714286,0.04,-0.4999999999999999,1
ASAP7,OR2X4,OR2x4_ASAP7_6t_L,A,Y,fall,5.0,0.09215999999999999,0.7,25.0,126.245,1.0,0.324,0.324,0,1,1,1.791759469228055,0.08815738673620517,3.0864197530864197,3.0864197530864197,0.2844444444444444,0.2844444444444444,0.2844444444444444,3.0864197530864197,1.4285714285714286,0.04,0.0,1
ASAP7,AND4X2,AND4x2_ASAP7_6t_L,D,Y,rise,320.0,0.046079999999999996,0.7,25.0,162.953,1.0,0.324,0.324,0,1,1,5.771441123130016,0.04504984455370874,3.0864197530864197,3.0864197530864197,0.1422222222222222,0.1422222222222222,0.1422222222222222,3.0864197530864197,1.4285714285714286,0.04,0.0,1
ASAP7,OR2X4,OR2x4_ASAP7_6t_L,A,Y,rise,160.0,0.0028799999999999997,0.7,25.0,37.3623,1.0,0.324,0.324,0,1,1,5.081404364984463,0.002875860745464264,3.0864197530864197,3.0864197530864197,0.008888888888888887,0.008888888888888887,0.008888888888888887,3.0864197530864197,1.4285714285714286,0.04,0.0,1
ASAP7,AND4X2,AND4x2_ASAP7_6t_L,B,Y,fall,10.0,0.046079999999999996,0.7,25.0,110.194,1.0,0.324,0.324,0,1,1,2.3978952727983707,0.04504984455370874,3.0864197530864197,3.0864197530864197,0.1422222222222222,0.1422222222222222,0.1422222222222222,3.0864197530864197,1.4285714285714286,0.04,0.0,1
ASAP7,XOR2X2,XOR2x2_ASAP7_6t_L,B,Y,rise,160.0,0.0014399999999999999,0.7,25.0,45.1701,1.0,0.37799999999999995,0.37799999999999995,0,1,1,5.081404364984463,0.0014389641942542824,2.645502645502646,2.645502645502646,0.00380952380952381,0.00380952380952381,0.00380952380952381,2.645502645502646,1.4285714285714286,0.04,0.0,1
ASAP7,NOR3X2,NOR3x2_ASAP7_6t_L,A,Y,fall,160.0,0.0014399999999999999,0.7,25.0,25.1271,3.0000000000000004,0.9720000000000002,0.324,0,1,1,5.081404364984463,0.0014389641942542824,1.0288065843621397,3.0864197530864197,0.001481481481481481,0.004444444444444444,0.004444444444444444,3.0864197530864197,1.4285714285714286,0.04,0.5,1
ASAP7,NOR2X2,NOR2x2_ASAP7_6t_L,B,Y,rise,5.0,0.0014399999999999999,0.7,25.0,8.14846,1.9999999999999998,0.43199999999999994,0.216,0,1,1,1.791759469228055,0.0014389641942542824,2.3148148148148153,4.62962962962963,0.003333333333333334,0.006666666666666666,0.003333333333333334,2.3148148148148153,1.4285714285714286,0.04,0.3333333333333333,1
ASAP7,AND3X4,AND3x4_ASAP7_6t_L,C,Y,rise,160.0,0.023039999999999998,0.7,25.0,58.9878,0.7,0.37799999999999995,0.54,0,1,1,5.081404364984463,0.02277858688933957,2.645502645502646,1.8518518518518516,0.06095238095238096,0.04266666666666666,0.06095238095238096,2.645502645502646,1.4285714285714286,0.04,-0.17647058823529424,1
ASAP7,AND4X2,AND4x2_ASAP7_6t_L,B,Y,fall,160.0,0.0028799999999999997,0.7,25.0,41.3606,1.0,0.324,0.324,0,1,1,5.081404364984463,0.002875860745464264,3.0864197530864197,3.0864197530864197,0.008888888888888887,0.008888888888888887,0.008888888888888887,3.0864197530864197,1.4285714285714286,0.04,0.0,1
ASAP7,NAND2X1,NAND2x1_ASAP7_6t_L,A,Y,fall,5.0,0.0028799999999999997,0.7,25.0,14.7103,0.5,0.108,0.216,0,1,1,1.791759469228055,0.002875860745464264,9.25925925925926,4.62962962962963,0.026666666666666665,0.013333333333333332,0.013333333333333332,4.62962962962963,1.4285714285714286,0.04,-0.3333333333333333,1
ASAP7,NAND2X1,NAND2x1_ASAP7_6t_L,B,Y,rise,40.0,0.0007199999999999999,0.7,25.0,16.5261,0.5,0.108,0.216,0,1,1,3.7135720667043075,0.0007197409243488539,9.25925925925926,4.62962962962963,0.006666666666666666,0.003333333333333333,0.006666666666666666,9.25925925925926,1.4285714285714286,0.04,-0.3333333333333333,1
ASAP7,OR2X2,OR2x2_ASAP7_6t_L,A,Y,fall,40.0,0.011519999999999999,0.7,25.0,48.9769,1.3333333333333335,0.216,0.162,0,1,1,3.7135720667043075,0.011454150045115854,4.62962962962963,6.172839506172839,0.05333333333333333,0.0711111111111111,0.0711111111111111,6.172839506172839,1.4285714285714286,0.04,0.14285714285714285,1
ASAP7,NOR3X1,NOR3x1_ASAP7_6t_L,C,Y,rise,40.0,0.0057599999999999995,0.7,25.0,39.9746,3.0,0.486,0.162,0,1,1,3.7135720667043075,0.005743474627065725,2.05761316872428,6.172839506172839,0.011851851851851851,0.03555555555555555,0.011851851851851851,2.05761316872428,1.4285714285714286,0.04,0.4999999999999999,1
ASAP7,NOR2X2,NOR2x2_ASAP7_6t_L,A,Y,rise,320.0,0.011519999999999999,0.7,25.0,69.8254,1.9999999999999998,0.43199999999999994,0.216,0,1,1,5.771441123130016,0.011454150045115854,2.3148148148148153,4.62962962962963,0.026666666666666672,0.05333333333333333,0.026666666666666672,2.3148148148148153,1.4285714285714286,0.04,0.3333333333333333,1
ASAP7,NAND3X2,NAND3x2_ASAP7_6t_L,B,Y,rise,10.0,0.09215999999999999,0.7,25.0,239.767,0.33333333333333326,0.324,0.9720000000000002,0,1,1,2.3978952727983707,0.08815738673620517,3.0864197530864197,1.0288065843621397,0.2844444444444444,0.09481481481481478,0.2844444444444444,3.0864197530864197,1.4285714285714286,0.04,-0.5,1
ASAP7,NAND3X1,NAND3x1_ASAP7_6t_L,A,Y,fall,80.0,0.0007199999999999999,0.7,25.0,10.994,0.3333333333333333,0.162,0.486,0,1,1,4.394449154672438,0.0007197409243488539,6.172839506172839,2.05761316872428,0.004444444444444444,0.0014814814814814814,0.0014814814814814814,2.05761316872428,1.4285714285714286,0.04,-0.4999999999999999,1
ASAP7,NOR3X2,NOR3x2_ASAP7_6t_L,A,Y,fall,10.0,0.023039999999999998,0.7,25.0,55.7334,3.0000000000000004,0.9720000000000002,0.324,0,1,1,2.3978952727983707,0.02277858688933957,1.0288065843621397,3.0864197530864197,0.023703703703703696,0.0711111111111111,0.0711111111111111,3.0864197530864197,1.4285714285714286,0.04,0.5,1
ASAP7,NOR3X2,NOR3x2_ASAP7_6t_L,C,Y,rise,5.0,0.0057599999999999995,0.7,25.0,21.6353,3.0000000000000004,0.9720000000000002,0.324,0,1,1,1.791759469228055,0.005743474627065725,1.0288065843621397,3.0864197530864197,0.005925925925925924,0.017777777777777774,0.005925925925925924,1.0288065843621397,1.4285714285714286,0.04,0.5,1
ASAP7,NAND3X2,NAND3x2_ASAP7_6t_L,C,Y,fall,320.0,0.0028799999999999997,0.7,25.0,2.69057,0.33333333333333326,0.324,0.9720000000000002,0,1,1,5.771441123130016,0.002875860745464264,3.0864197530864197,1.0288065843621397,0.008888888888888887,0.002962962962962962,0.002962962962962962,1.0288065843621397,1.4285714285714286,0.04,-0.5,1
ASAP7,NOR2X2,NOR2x2_ASAP7_6t_L,A,Y,fall,20.0,0.023039999999999998,0.7,25.0,57.4651,1.9999999999999998,0.43199999999999994,0.216,0,1,1,3.044522437723423,0.02277858688933957,2.3148148148148153,4.62962962962963,0.053333333333333344,0.10666666666666666,0.10666666666666666,4.62962962962963,1.4285714285714286,0.04,0.3333333333333333,1
ASAP7,BUFX2,BUFx2_ASAP7_6t_L,A,Y,fall,10.0,0.046079999999999996,0.7,25.0,114.752,1.0,0.135,0.135,0,1,1,2.3978952727983707,0.04504984455370874,7.4074074074074066,7.4074074074074066,0.34133333333333327,0.34133333333333327,0.34133333333333327,7.4074074074074066,1.4285714285714286,0.04,0.0,1
ASAP7,BUFX2,BUFx2_ASAP7_6t_L,A,Y,rise,320.0,0.023039999999999998,0.7,25.0,99.9901,1.0,0.135,0.135,0,1,1,5.771441123130016,0.02277858688933957,7.4074074074074066,7.4074074074074066,0.17066666666666663,0.17066666666666663,0.17066666666666663,7.4074074074074066,1.4285714285714286,0.04,0.0,1
ASAP7,AND3X2,AND3x2_ASAP7_6t_L,A,Y,rise,320.0,0.09215999999999999,0.7,25.0,288.504,1.0,0.27,0.27,0,1,1,5.771441123130016,0.08815738673620517,3.7037037037037033,3.7037037037037033,0.34133333333333327,0.34133333333333327,0.34133333333333327,3.7037037037037033,1.4285714285714286,0.04,0.0,1
ASAP7,NAND3X2,NAND3x2_ASAP7_6t_L,A,Y,rise,160.0,0.046079999999999996,0.7,25.0,171.578,0.33333333333333326,0.324,0.9720000000000002,0,1,1,5.081404364984463,0.04504984455370874,3.0864197530864197,1.0288065843621397,0.1422222222222222,0.04740740740740739,0.1422222222222222,3.0864197530864197,1.4285714285714286,0.04,-0.5,1
ASAP7,XOR2X2,XOR2x2_ASAP7_6t_L,B,Y,rise,320.0,0.0057599999999999995,0.7,25.0,68.5709,1.0,0.37799999999999995,0.37799999999999995,0,1,1,5.771441123130016,0.005743474627065725,2.645502645502646,2.645502645502646,0.01523809523809524,0.01523809523809524,0.01523809523809524,2.645502645502646,1.4285714285714286,0.04,0.0,1
ASAP7,OR3X4,OR3x4_ASAP7_6t_L,A,Y,rise,80.0,0.09215999999999999,0.7,25.0,144.162,1.0,0.37799999999999995,0.37799999999999995,0,1,1,4.394449154672438,0.08815738673620517,2.645502645502646,2.645502645502646,0.24380952380952384,0.24380952380952384,0.24380952380952384,2.645502645502646,1.4285714285714286,0.04,0.0,1
ASAP7,OR3X4,OR3x4_ASAP7_6t_L,A,Y,rise,80.0,0.011519999999999999,0.7,25.0,43.744,1.0,0.37799999999999995,0.37799999999999995,0,1,1,4.394449154672438,0.011454150045115854,2.645502645502646,2.645502645502646,0.03047619047619048,0.03047619047619048,0.03047619047619048,2.645502645502646,1.4285714285714286,0.04,0.0,1
ASAP7,NOR3X2,NOR3x2_ASAP7_6t_L,A,Y,rise,320.0,0.0014399999999999999,0.7,25.0,27.8781,3.0000000000000004,0.9720000000000002,0.324,0,1,1,5.771441123130016,0.0014389641942542824,1.0288065843621397,3.0864197530864197,0.001481481481481481,0.004444444444444444,0.001481481481481481,1.0288065843621397,1.4285714285714286,0.04,0.5,1
ASAP7,OR2X2,OR2x2_ASAP7_6t_L,A,Y,rise,320.0,0.0014399999999999999,0.7,25.0,57.8179,1.3333333333333335,0.216,0.162,0,1,1,5.771441123130016,0.0014389641942542824,4.62962962962963,6.172839506172839,0.006666666666666666,0.008888888888888887,0.006666666666666666,4.62962962962963,1.4285714285714286,0.04,0.14285714285714285,1
ASAP7,NOR3X2,NOR3x2_ASAP7_6t_L,C,Y,rise,40.0,0.011519999999999999,0.7,25.0,40.3445,3.0000000000000004,0.9720000000000002,0.324,0,1,1,3.7135720667043075,0.011454150045115854,1.0288065843621397,3.0864197530864197,0.011851851851851848,0.03555555555555555,0.011851851851851848,1.0288065843621397,1.4285714285714286,0.04,0.5,1
ASAP7,NAND3X2,NAND3x2_ASAP7_6t_L,A,Y,fall,40.0,0.011519999999999999,0.7,25.0,32.7632,0.33333333333333326,0.324,0.9720000000000002,0,1,1,3.7135720667043075,0.011454150045115854,3.0864197530864197,1.0288065843621397,0.03555555555555555,0.011851851851851848,0.011851851851851848,1.0288065843621397,1.4285714285714286,0.04,-0.5,1
ASAP7,AND4X2,AND4x2_ASAP7_6t_L,C,Y,fall,80.0,0.09215999999999999,0.7,25.0,219.407,1.0,0.324,0.324,0,1,1,4.394449154672438,0.08815738673620517,3.0864197530864197,3.0864197530864197,0.2844444444444444,0.2844444444444444,0.2844444444444444,3.0864197530864197,1.4285714285714286,0.04,0.0,1
ASAP7,INVX8,INVx8_ASAP7_6t_L,A,Y,fall,5.0,0.0057599999999999995,0.7,25.0,6.1114,1.0,0.43199999999999994,0.43199999999999994,1,1,1,1.791759469228055,0.005743474627065725,2.3148148148148153,2.3148148148148153,0.013333333333333336,0.013333333333333336,0.013333333333333336,2.3148148148148153,1.4285714285714286,0.04,0.0,1
ASAP7,INVX2,INVx2_ASAP7_6t_L,A,Y,rise,10.0,0.0014399999999999999,0.7,25.0,8.3049,1.0,0.108,0.108,1,1,1,2.3978952727983707,0.0014389641942542824,9.25925925925926,9.25925925925926,0.013333333333333332,0.013333333333333332,0.013333333333333332,9.25925925925926,1.4285714285714286,0.04,0.0,1
ASAP7,XOR2X2,XOR2x2_ASAP7_6t_L,B,Y,fall,160.0,0.0014399999999999999,0.7,25.0,31.8186,1.0,0.37799999999999995,0.37799999999999995,0,1,1,5.081404364984463,0.0014389641942542824,2.645502645502646,2.645502645502646,0.00380952380952381,0.00380952380952381,0.00380952380952381,2.645502645502646,1.4285714285714286,0.04,0.0,1
ASAP7,OR3X4,OR3x4_ASAP7_6t_L,B,Y,fall,80.0,0.046079999999999996,0.7,25.0,109.346,1.0,0.37799999999999995,0.37799999999999995,0,1,1,4.394449154672438,0.04504984455370874,2.645502645502646,2.645502645502646,0.12190476190476192,0.12190476190476192,0.12190476190476192,2.645502645502646,1.4285714285714286,0.04,0.0,1
ASAP7,OR2X2,OR2x2_ASAP7_6t_L,A,Y,fall,10.0,0.0014399999999999999,0.7,25.0,21.2079,1.3333333333333335,0.216,0.162,0,1,1,2.3978952727983707,0.0014389641942542824,4.62962962962963,6.172839506172839,0.006666666666666666,0.008888888888888887,0.008888888888888887,6.172839506172839,1.4285714285714286,0.04,0.14285714285714285,1
ASAP7,OR3X4,OR3x4_ASAP7_6t_L,C,Y,fall,40.0,0.011519999999999999,0.7,25.0,60.3512,1.0,0.37799999999999995,0.37799999999999995,0,1,1,3.7135720667043075,0.011454150045115854,2.645502645502646,2.645502645502646,0.03047619047619048,0.03047619047619048,0.03047619047619048,2.645502645502646,1.4285714285714286,0.04,0.0,1
ASAP7,NAND3X2,NAND3x2_ASAP7_6t_L,B,Y,fall,5.0,0.09215999999999999,0.7,25.0,158.74,0.33333333333333326,0.324,0.9720000000000002,0,1,1,1.791759469228055,0.08815738673620517,3.0864197530864197,1.0288065843621397,0.2844444444444444,0.09481481481481478,0.09481481481481478,1.0288065843621397,1.4285714285714286,0.04,-0.5,1
ASAP7,AND3X4,AND3x4_ASAP7_6t_L,C,Y,fall,20.0,0.18431999999999998,0.7,25.0,219.457,0.7,0.37799999999999995,0.54,0,1,1,3.044522437723423,0.1691687702156541,2.645502645502646,1.8518518518518516,0.4876190476190477,0.34133333333333327,0.34133333333333327,1.8518518518518516,1.4285714285714286,0.04,-0.17647058823529424,1
ASAP7,OR2X4,OR2x4_ASAP7_6t_L,B,Y,rise,10.0,0.0028799999999999997,0.7,25.0,19.2563,1.0,0.324,0.324,0,1,1,2.3978952727983707,0.002875860745464264,3.0864197530864197,3.0864197530864197,0.008888888888888887,0.008888888888888887,0.008888888888888887,3.0864197530864197,1.4285714285714286,0.04,0.0,1
ASAP7,AND3X2,AND3x2_ASAP7_6t_L,B,Y,rise,10.0,0.046079999999999996,0.7,25.0,139.332,1.0,0.27,0.27,0,1,1,2.3978952727983707,0.04504984455370874,3.7037037037037033,3.7037037037037033,0.17066666666666663,0.17066666666666663,0.17066666666666663,3.7037037037037033,1.4285714285714286,0.04,0.0,1
ASAP7,NOR2X2,NOR2x2_ASAP7_6t_L,A,Y,rise,10.0,0.011519999999999999,0.7,25.0,33.8146,1.9999999999999998,0.43199999999999994,0.216,0,1,1,2.3978952727983707,0.011454150045115854,2.3148148148148153,4.62962962962963,0.026666666666666672,0.05333333333333333,0.026666666666666672,2.3148148148148153,1.4285714285714286,0.04,0.3333333333333333,1
ASAP7,OR3X4,OR3x4_ASAP7_6t_L,B,Y,rise,160.0,0.09215999999999999,0.7,25.0,150.685,1.0,0.37799999999999995,0.37799999999999995,0,1,1,5.081404364984463,0.08815738673620517,2.645502645502646,2.645502645502646,0.24380952380952384,0.24380952380952384,0.24380952380952384,2.645502645502646,1.4285714285714286,0.04,0.0,1
ASAP7,AND3X2,AND3x2_ASAP7_6t_L,C,Y,fall,40.0,0.046079999999999996,0.7,25.0,118.429,1.0,0.27,0.27,0,1,1,3.7135720667043075,0.04504984455370874,3.7037037037037033,3.7037037037037033,0.17066666666666663,0.17066666666666663,0.17066666666666663,3.7037037037037033,1.4285714285714286,0.04,0.0,1
ASAP7,OR4X1,OR4x1_ASAP7_6t_L,D,Y,fall,40.0,0.0007199999999999999,0.7,25.0,35.7645,1.0,0.27,0.27,0,1,1,3.7135720667043075,0.0007197409243488539,3.7037037037037033,3.7037037037037033,0.002666666666666666,0.002666666666666666,0.002666666666666666,3.7037037037037033,1.4285714285714286,0.04,0.0,1
ASAP7,BUFX4,BUFx4_ASAP7_6t_L,A,Y,rise,80.0,0.023039999999999998,0.7,25.0,56.1162,1.0,0.27,0.27,0,1,1,4.394449154672438,0.02277858688933957,3.7037037037037033,3.7037037037037033,0.08533333333333332,0.08533333333333332,0.08533333333333332,3.7037037037037033,1.4285714285714286,0.04,0.0,1
ASAP7,OR4X1,OR4x1_ASAP7_6t_L,D,Y,rise,5.0,0.011519999999999999,0.7,25.0,68.2243,1.0,0.27,0.27,0,1,1,1.791759469228055,0.011454150045115854,3.7037037037037033,3.7037037037037033,0.04266666666666666,0.04266666666666666,0.04266666666666666,3.7037037037037033,1.4285714285714286,0.04,0.0,1
ASAP7,NAND3X1,NAND3x1_ASAP7_6t_L,A,Y,fall,10.0,0.023039999999999998,0.7,25.0,81.6368,0.3333333333333333,0.162,0.486,0,1,1,2.3978952727983707,0.02277858688933957,6.172839506172839,2.05761316872428,0.1422222222222222,0.047407407407407405,0.047407407407407405,2.05761316872428,1.4285714285714286,0.04,-0.4999999999999999,1
ASAP7,AND3X2,AND3x2_ASAP7_6t_L,B,Y,fall,10.0,0.0057599999999999995,0.7,25.0,27.0433,1.0,0.27,0.27,0,1,1,2.3978952727983707,0.005743474627065725,3.7037037037037033,3.7037037037037033,0.02133333333333333,0.02133333333333333,0.02133333333333333,3.7037037037037033,1.4285714285714286,0.04,0.0,1
ASAP7,NAND3X1,NAND3x1_ASAP7_6t_L,B,Y,rise,10.0,0.0007199999999999999,0.7,25.0,13.5581,0.3333333333333333,0.162,0.486,0,1,1,2.3978952727983707,0.0007197409243488539,6.172839506172839,2.05761316872428,0.004444444444444444,0.0014814814814814814,0.004444444444444444,6.172839506172839,1.4285714285714286,0.04,-0.4999999999999999,1
ASAP7,OR4X1,OR4x1_ASAP7_6t_L,B,Y,fall,10.0,0.011519999999999999,0.7,25.0,80.7098,1.0,0.27,0.27,0,1,1,2.3978952727983707,0.011454150045115854,3.7037037037037033,3.7037037037037033,0.04266666666666666,0.04266666666666666,0.04266666666666666,3.7037037037037033,1.4285714285714286,0.04,0.0,1
ASAP7,NOR3X1,NOR3x1_ASAP7_6t_L,A,Y,fall,160.0,0.0028799999999999997,0.7,25.0,44.0042,3.0,0.486,0.162,0,1,1,5.081404364984463,0.002875860745464264,2.05761316872428,6.172839506172839,0.005925925925925926,0.017777777777777774,0.017777777777777774,6.172839506172839,1.4285714285714286,0.04,0.4999999999999999,1
ASAP7,XOR2X2,XOR2x2_ASAP7_6t_L,A,Y,fall,80.0,0.0014399999999999999,0.7,25.0,33.0475,1.0,0.37799999999999995,0.37799999999999995,0,1,1,4.394449154672438,0.0014389641942542824,2.645502645502646,2.645502645502646,0.00380952380952381,0.00380952380952381,0.00380952380952381,2.645502645502646,1.4285714285714286,0.04,0.0,1
ASAP7,OR4X1,OR4x1_ASAP7_6t_L,D,Y,rise,160.0,0.011519999999999999,0.7,25.0,80.6576,1.0,0.27,0.27,0,1,1,5.081404364984463,0.011454150045115854,3.7037037037037033,3.7037037037037033,0.04266666666666666,0.04266666666666666,0.04266666666666666,3.7037037037037033,1.4285714285714286,0.04,0.0,1
ASAP7,NOR3X1,NOR3x1_ASAP7_6t_L,C,Y,rise,10.0,0.0057599999999999995,0.7,25.0,35.671,3.0,0.486,0.162,0,1,1,2.3978952727983707,0.005743474627065725,2.05761316872428,6.172839506172839,0.011851851851851851,0.03555555555555555,0.011851851851851851,2.05761316872428,1.4285714285714286,0.04,0.4999999999999999,1
ASAP7,AND3X2,AND3x2_ASAP7_6t_L,B,Y,fall,40.0,0.0014399999999999999,0.7,25.0,24.5006,1.0,0.27,0.27,0,1,1,3.7135720667043075,0.0014389641942542824,3.7037037037037033,3.7037037037037033,0.005333333333333332,0.005333333333333332,0.005333333333333332,3.7037037037037033,1.4285714285714286,0.04,0.0,1
ASAP7,NAND3X2,NAND3x2_ASAP7_6t_L,C,Y,rise,160.0,0.046079999999999996,0.7,25.0,175.745,0.33333333333333326,0.324,0.9720000000000002,0,1,1,5.081404364984463,0.04504984455370874,3.0864197530864197,1.0288065843621397,0.1422222222222222,0.04740740740740739,0.1422222222222222,3.0864197530864197,1.4285714285714286,0.04,-0.5,1
ASAP7,AND4X2,AND4x2_ASAP7_6t_L,D,Y,rise,5.0,0.0028799999999999997,0.7,25.0,37.3447,1.0,0.324,0.324,0,1,1,1.791759469228055,0.002875860745464264,3.0864197530864197,3.0864197530864197,0.008888888888888887,0.008888888888888887,0.008888888888888887,3.0864197530864197,1.4285714285714286,0.04,0.0,1
ASAP7,AND3X4,AND3x4_ASAP7_6t_L,C,Y,rise,10.0,0.18431999999999998,0.7,25.0,252.7,0.7,0.37799999999999995,0.54,0,1,1,2.3978952727983707,0.1691687702156541,2.645502645502646,1.8518518518518516,0.4876190476190477,0.34133333333333327,0.4876190476190477,2.645502645502646,1.4285714285714286,0.04,-0.17647058823529424,1
ASAP7,INVX4,INVx4_ASAP7_6t_L,A,Y,rise,320.0,0.023039999999999998,0.7,25.0,96.5311,1.0,0.216,0.216,1,1,1,5.771441123130016,0.02277858688933957,4.62962962962963,4.62962962962963,0.10666666666666666,0.10666666666666666,0.10666666666666666,4.62962962962963,1.4285714285714286,0.04,0.0,1
ASAP7,NOR3X2,NOR3x2_ASAP7_6t_L,C,Y,fall,10.0,0.09215999999999999,0.7,25.0,201.377,3.0000000000000004,0.9720000000000002,0.324,0,1,1,2.3978952727983707,0.08815738673620517,1.0288065843621397,3.0864197530864197,0.09481481481481478,0.2844444444444444,0.2844444444444444,3.0864197530864197,1.4285714285714286,0.04,0.5,1
ASAP7,NOR3X1,NOR3x1_ASAP7_6t_L,A,Y,rise,5.0,0.0057599999999999995,0.7,25.0,32.349,3.0,0.486,0.162,0,1,1,1.791759469228055,0.005743474627065725,2.05761316872428,6.172839506172839,0.011851851851851851,0.03555555555555555,0.011851851851851851,2.05761316872428,1.4285714285714286,0.04,0.4999999999999999,1
ASAP7,AND4X2,AND4x2_ASAP7_6t_L,B,Y,rise,80.0,0.046079999999999996,0.7,25.0,156.835,1.0,0.324,0.324,0,1,1,4.394449154672438,0.04504984455370874,3.0864197530864197,3.0864197530864197,0.1422222222222222,0.1422222222222222,0.1422222222222222,3.0864197530864197,1.4285714285714286,0.04,0.0,1
ASAP7,OR3X4,OR3x4_ASAP7_6t_L,B,Y,rise,160.0,0.0057599999999999995,0.7,25.0,42.5869,1.0,0.37799999999999995,0.37799999999999995,0,1,1,5.081404364984463,0.005743474627065725,2.645502645502646,2.645502645502646,0.01523809523809524,0.01523809523809524,0.01523809523809524,2.645502645502646,1.4285714285714286,0.04,0.0,1
ASAP7,NAND2X1,NAND2x1_ASAP7_6t_L,A,Y,fall,80.0,0.0057599999999999995,0.7,25.0,34.8688,0.5,0.108,0.216,0,1,1,4.394449154672438,0.005743474627065725,9.25925925925926,4.62962962962963,0.05333333333333333,0.026666666666666665,0.026666666666666665,4.62962962962963,1.4285714285714286,0.04,-0.3333333333333333,1
ASAP7,INVX8,INVx8_ASAP7_6t_L,A,Y,rise,40.0,0.023039999999999998,0.7,25.0,28.6239,1.0,0.43199999999999994,0.43199999999999994,1,1,1,3.7135720667043075,0.02277858688933957,2.3148148148148153,2.3148148148148153,0.053333333333333344,0.053333333333333344,0.053333333333333344,2.3148148148148153,1.4285714285714286,0.04,0.0,1
ASAP7,XOR2X2,XOR2x2_ASAP7_6t_L,A,Y,rise,160.0,0.011519999999999999,0.7,25.0,67.0873,1.0,0.37799999999999995,0.37799999999999995,0,1,1,5.081404364984463,0.011454150045115854,2.645502645502646,2.645502645502646,0.03047619047619048,0.03047619047619048,0.03047619047619048,2.645502645502646,1.4285714285714286,0.04,0.0,1
ASAP7,AND4X2,AND4x2_ASAP7_6t_L,D,Y,rise,160.0,0.0057599999999999995,0.7,25.0,53.3674,1.0,0.324,0.324,0,1,1,5.081404364984463,0.005743474627065725,3.0864197530864197,3.0864197530864197,0.017777777777777774,0.017777777777777774,0.017777777777777774,3.0864197530864197,1.4285714285714286,0.04,0.0,1
ASAP7,NAND3X2,NAND3x2_ASAP7_6t_L,C,Y,rise,80.0,0.0014399999999999999,0.7,25.0,33.4646,0.33333333333333326,0.324,0.9720000000000002,0,1,1,4.394449154672438,0.0014389641942542824,3.0864197530864197,1.0288065843621397,0.004444444444444444,0.001481481481481481,0.004444444444444444,3.0864197530864197,1.4285714285714286,0.04,-0.5,1
ASAP7,XOR2X2,XOR2x2_ASAP7_6t_L,A,Y,fall,20.0,0.046079999999999996,0.7,25.0,118.371,1.0,0.37799999999999995,0.37799999999999995,0,1,1,3.044522437723423,0.04504984455370874,2.645502645502646,2.645502645502646,0.12190476190476192,0.12190476190476192,0.12190476190476192,2.645502645502646,1.4285714285714286,0.04,0.0,1
ASAP7,NAND3X1,NAND3x1_ASAP7_6t_L,C,Y,rise,160.0,0.046079999999999996,0.7,25.0,286.309,0.3333333333333333,0.162,0.486,0,1,1,5.081404364984463,0.04504984455370874,6.172839506172839,2.05761316872428,0.2844444444444444,0.09481481481481481,0.2844444444444444,6.172839506172839,1.4285714285714286,0.04,-0.4999999999999999,1
ASAP7,OR3X4,OR3x4_ASAP7_6t_L,B,Y,fall,5.0,0.046079999999999996,0.7,25.0,95.0257,1.0,0.37799999999999995,0.37799999999999995,0,1,1,1.791759469228055,0.04504984455370874,2.645502645502646,2.645502645502646,0.12190476190476192,0.12190476190476192,0.12190476190476192,2.645502645502646,1.4285714285714286,0.04,0.0,1
ASAP7,OR4X1,OR4x1_ASAP7_6t_L,B,Y,rise,20.0,0.0057599999999999995,0.7,25.0,42.3485,1.0,0.27,0.27,0,1,1,3.044522437723423,0.005743474627065725,3.7037037037037033,3.7037037037037033,0.02133333333333333,0.02133333333333333,0.02133333333333333,3.7037037037037033,1.4285714285714286,0.04,0.0,1
ASAP7,NOR2X2,NOR2x2_ASAP7_6t_L,B,Y,rise,20.0,0.0014399999999999999,0.7,25.0,11.5334,1.9999999999999998,0.43199999999999994,0.216,0,1,1,3.044522437723423,0.0014389641942542824,2.3148148148148153,4.62962962962963,0.003333333333333334,0.006666666666666666,0.003333333333333334,2.3148148148148153,1.4285714285714286,0.04,0.3333333333333333,1
ASAP7,AND3X4,AND3x4_ASAP7_6t_L,C,Y,fall,320.0,0.18431999999999998,0.7,25.0,276.503,0.7,0.37799999999999995,0.54,0,1,1,5.771441123130016,0.1691687702156541,2.645502645502646,1.8518518518518516,0.4876190476190477,0.34133333333333327,0.34133333333333327,1.8518518518518516,1.4285714285714286,0.04,-0.17647058823529424,1
ASAP7,AND3X2,AND3x2_ASAP7_6t_L,C,Y,rise,5.0,0.09215999999999999,0.7,25.0,252.673,1.0,0.27,0.27,0,1,1,1.791759469228055,0.08815738673620517,3.7037037037037033,3.7037037037037033,0.34133333333333327,0.34133333333333327,0.34133333333333327,3.7037037037037033,1.4285714285714286,0.04,0.0,1
ASAP7,AND3X2,AND3x2_ASAP7_6t_L,B,Y,fall,5.0,0.011519999999999999,0.7,25.0,37.5573,1.0,0.27,0.27,0,1,1,1.791759469228055,0.011454150045115854,3.7037037037037033,3.7037037037037033,0.04266666666666666,0.04266666666666666,0.04266666666666666,3.7037037037037033,1.4285714285714286,0.04,0.0,1
ASAP7,OR4X1,OR4x1_ASAP7_6t_L,B,Y,fall,5.0,0.0028799999999999997,0.7,25.0,42.612,1.0,0.27,0.27,0,1,1,1.791759469228055,0.002875860745464264,3.7037037037037033,3.7037037037037033,0.010666666666666665,0.010666666666666665,0.010666666666666665,3.7037037037037033,1.4285714285714286,0.04,0.0,1
ASAP7,INVX1,INVx1_ASAP7_6t_L,A,Y,rise,320.0,0.011519999999999999,0.7,25.0,143.397,1.0,0.054,0.054,1,1,1,5.771441123130016,0.011454150045115854,18.51851851851852,18.51851851851852,0.21333333333333332,0.21333333333333332,0.21333333333333332,18.51851851851852,1.4285714285714286,0.04,0.0,1
ASAP7,INVX8,INVx8_ASAP7_6t_L,A,Y,rise,80.0,0.023039999999999998,0.7,25.0,37.343,1.0,0.43199999999999994,0.43199999999999994,1,1,1,4.394449154672438,0.02277858688933957,2.3148148148148153,2.3148148148148153,0.053333333333333344,0.053333333333333344,0.053333333333333344,2.3148148148148153,1.4285714285714286,0.04,0.0,1
ASAP7,OR4X1,OR4x1_ASAP7_6t_L,D,Y,fall,320.0,0.0014399999999999999,0.7,25.0,66.9161,1.0,0.27,0.27,0,1,1,5.771441123130016,0.0014389641942542824,3.7037037037037033,3.7037037037037033,0.005333333333333332,0.005333333333333332,0.005333333333333332,3.7037037037037033,1.4285714285714286,0.04,0.0,1
ASAP7,NOR3X2,NOR3x2_ASAP7_6t_L,C,Y,rise,10.0,0.0014399999999999999,0.7,25.0,12.4639,3.0000000000000004,0.9720000000000002,0.324,0,1,1,2.3978952727983707,0.0014389641942542824,1.0288065843621397,3.0864197530864197,0.001481481481481481,0.004444444444444444,0.001481481481481481,1.0288065843621397,1.4285714285714286,0.04,0.5,1
ASAP7,AND4X2,AND4x2_ASAP7_6t_L,B,Y,rise,320.0,0.0057599999999999995,0.7,25.0,78.1632,1.0,0.324,0.324,0,1,1,5.771441123130016,0.005743474627065725,3.0864197530864197,3.0864197530864197,0.017777777777777774,0.017777777777777774,0.017777777777777774,3.0864197530864197,1.4285714285714286,0.04,0.0,1
ASAP7,NOR3X1,NOR3x1_ASAP7_6t_L,B,Y,fall,320.0,0.0057599999999999995,0.7,25.0,87.6135,3.0,0.486,0.162,0,1,1,5.771441123130016,0.005743474627065725,2.05761316872428,6.172839506172839,0.011851851851851851,0.03555555555555555,0.03555555555555555,6.172839506172839,1.4285714285714286,0.04,0.4999999999999999,1
ASAP7,NAND3X1,NAND3x1_ASAP7_6t_L,C,Y,rise,5.0,0.0057599999999999995,0.7,25.0,39.2355,0.3333333333333333,0.162,0.486,0,1,1,1.791759469228055,0.005743474627065725,6.172839506172839,2.05761316872428,0.03555555555555555,0.011851851851851851,0.03555555555555555,6.172839506172839,1.4285714285714286,0.04,-0.4999999999999999,1
ASAP7,OR3X4,OR3x4_ASAP7_6t_L,A,Y,fall,5.0,0.011519999999999999,0.7,25.0,55.2508,1.0,0.37799999999999995,0.37799999999999995,0,1,1,1.791759469228055,0.011454150045115854,2.645502645502646,2.645502645502646,0.03047619047619048,0.03047619047619048,0.03047619047619048,2.645502645502646,1.4285714285714286,0.04,0.0,1
ASAP7,INVX8,INVx8_ASAP7_6t_L,A,Y,fall,10.0,0.023039999999999998,0.7,25.0,16.6235,1.0,0.43199999999999994,0.43199999999999994,1,1,1,2.3978952727983707,0.02277858688933957,2.3148148148148153,2.3148148148148153,0.053333333333333344,0.053333333333333344,0.053333333333333344,2.3148148148148153,1.4285714285714286,0.04,0.0,1
ASAP7,NOR3X1,NOR3x1_ASAP7_6t_L,B,Y,fall,10.0,0.0014399999999999999,0.7,25.0,14.8952,3.0,0.486,0.162,0,1,1,2.3978952727983707,0.0014389641942542824,2.05761316872428,6.172839506172839,0.002962962962962963,0.008888888888888887,0.008888888888888887,6.172839506172839,1.4285714285714286,0.04,0.4999999999999999,1
ASAP7,NOR2X2,NOR2x2_ASAP7_6t_L,B,Y,rise,40.0,0.09215999999999999,0.7,25.0,229.19,1.9999999999999998,0.43199999999999994,0.216,0,1,1,3.7135720667043075,0.08815738673620517,2.3148148148148153,4.62962962962963,0.21333333333333337,0.42666666666666664,0.21333333333333337,2.3148148148148153,1.4285714285714286,0.04,0.3333333333333333,1
ASAP7,OR2X2,OR2x2_ASAP7_6t_L,A,Y,rise,160.0,0.0028799999999999997,0.7,25.0,49.3275,1.3333333333333335,0.216,0.162,0,1,1,5.081404364984463,0.002875860745464264,4.62962962962963,6.172839506172839,0.013333333333333332,0.017777777777777774,0.013333333333333332,4.62962962962963,1.4285714285714286,0.04,0.14285714285714285,1
ASAP7,NOR2X2,NOR2x2_ASAP7_6t_L,A,Y,fall,80.0,0.023039999999999998,0.7,25.0,75.3128,1.9999999999999998,0.43199999999999994,0.216,0,1,1,4.394449154672438,0.02277858688933957,2.3148148148148153,4.62962962962963,0.053333333333333344,0.10666666666666666,0.10666666666666666,4.62962962962963,1.4285714285714286,0.04,0.3333333333333333,1
ASAP7,OR2X4,OR2x4_ASAP7_6t_L,B,Y,fall,10.0,0.023039999999999998,0.7,25.0,54.8653,1.0,0.324,0.324,0,1,1,2.3978952727983707,0.02277858688933957,3.0864197530864197,3.0864197530864197,0.0711111111111111,0.0711111111111111,0.0711111111111111,3.0864197530864197,1.4285714285714286,0.04,0.0,1
ASAP7,AND3X4,AND3x4_ASAP7_6t_L,A,Y,fall,80.0,0.0028799999999999997,0.7,25.0,38.9289,0.7,0.37799999999999995,0.54,0,1,1,4.394449154672438,0.002875860745464264,2.645502645502646,1.8518518518518516,0.00761904761904762,0.005333333333333332,0.005333333333333332,1.8518518518518516,1.4285714285714286,0.04,-0.17647058823529424,1
ASAP7,AND4X2,AND4x2_ASAP7_6t_L,D,Y,fall,320.0,0.0028799999999999997,0.7,25.0,59.2347,1.0,0.324,0.324,0,1,1,5.771441123130016,0.002875860745464264,3.0864197530864197,3.0864197530864197,0.008888888888888887,0.008888888888888887,0.008888888888888887,3.0864197530864197,1.4285714285714286,0.04,0.0,1
ASAP7,OR2X4,OR2x4_ASAP7_6t_L,A,Y,fall,160.0,0.023039999999999998,0.7,25.0,78.7559,1.0,0.324,0.324,0,1,1,5.081404364984463,0.02277858688933957,3.0864197530864197,3.0864197530864197,0.0711111111111111,0.0711111111111111,0.0711111111111111,3.0864197530864197,1.4285714285714286,0.04,0.0,1
ASAP7,AND3X2,AND3x2_ASAP7_6t_L,C,Y,rise,320.0,0.09215999999999999,0.7,25.0,270.735,1.0,0.27,0.27,0,1,1,5.771441123130016,0.08815738673620517,3.7037037037037033,3.7037037037037033,0.34133333333333327,0.34133333333333327,0.34133333333333327,3.7037037037037033,1.4285714285714286,0.04,0.0,1
ASAP7,INVX4,INVx4_ASAP7_6t_L,A,Y,rise,5.0,0.011519999999999999,0.7,25.0,17.522,1.0,0.216,0.216,1,1,1,1.791759469228055,0.011454150045115854,4.62962962962963,4.62962962962963,0.05333333333333333,0.05333333333333333,0.05333333333333333,4.62962962962963,1.4285714285714286,0.04,0.0,1
ASAP7,NOR3X2,NOR3x2_ASAP7_6t_L,B,Y,rise,320.0,0.011519999999999999,0.7,25.0,69.9787,3.0000000000000004,0.9720000000000002,0.324,0,1,1,5.771441123130016,0.011454150045115854,1.0288065843621397,3.0864197530864197,0.011851851851851848,0.03555555555555555,0.011851851851851848,1.0288065843621397,1.4285714285714286,0.04,0.5,1
ASAP7,NAND3X1,NAND3x1_ASAP7_6t_L,C,Y,rise,20.0,0.011519999999999999,0.7,25.0,72.0841,0.3333333333333333,0.162,0.486,0,1,1,3.044522437723423,0.011454150045115854,6.172839506172839,2.05761316872428,0.0711111111111111,0.023703703703703703,0.0711111111111111,6.172839506172839,1.4285714285714286,0.04,-0.4999999999999999,1
ASAP7,NAND2X1,NAND2x1_ASAP7_6t_L,A,Y,rise,320.0,0.046079999999999996,0.7,25.0,335.994,0.5,0.108,0.216,0,1,1,5.771441123130016,0.04504984455370874,9.25925925925926,4.62962962962963,0.42666666666666664,0.21333333333333332,0.42666666666666664,9.25925925925926,1.4285714285714286,0.04,-0.3333333333333333,1
ASAP7,XOR2X2,XOR2x2_ASAP7_6t_L,B,Y,rise,5.0,0.0014399999999999999,0.7,25.0,18.3142,1.0,0.37799999999999995,0.37799999999999995,0,1,1,1.791759469228055,0.0014389641942542824,2.645502645502646,2.645502645502646,0.00380952380952381,0.00380952380952381,0.00380952380952381,2.645502645502646,1.4285714285714286,0.04,0.0,1
ASAP7,BUFX2,BUFx2_ASAP7_6t_L,A,Y,rise,320.0,0.09215999999999999,0.7,25.0,270.489,1.0,0.135,0.135,0,1,1,5.771441123130016,0.08815738673620517,7.4074074074074066,7.4074074074074066,0.6826666666666665,0.6826666666666665,0.6826666666666665,7.4074074074074066,1.4285714285714286,0.04,0.0,1
ASAP7,INVX1,INVx1_ASAP7_6t_L,A,Y,rise,5.0,0.0028799999999999997,0.7,25.0,17.8033,1.0,0.054,0.054,1,1,1,1.791759469228055,0.002875860745464264,18.51851851851852,18.51851851851852,0.05333333333333333,0.05333333333333333,0.05333333333333333,18.51851851851852,1.4285714285714286,0.04,0.0,1
ASAP7,OR2X2,OR2x2_ASAP7_6t_L,B,Y,fall,40.0,0.0028799999999999997,0.7,25.0,31.8149,1.3333333333333335,0.216,0.162,0,1,1,3.7135720667043075,0.002875860745464264,4.62962962962963,6.172839506172839,0.013333333333333332,0.017777777777777774,0.017777777777777774,6.172839506172839,1.4285714285714286,0.04,0.14285714285714285,1
ASAP7,AND3X4,AND3x4_ASAP7_6t_L,B,Y,fall,320.0,0.18431999999999998,0.7,25.0,270.033,0.7,0.37799999999999995,0.54,0,1,1,5.771441123130016,0.1691687702156541,2.645502645502646,1.8518518518518516,0.4876190476190477,0.34133333333333327,0.34133333333333327,1.8518518518518516,1.4285714285714286,0.04,-0.17647058823529424,1
ASAP7,OR2X2,OR2x2_ASAP7_6t_L,B,Y,rise,20.0,0.011519999999999999,0.7,25.0,49.342,1.3333333333333335,0.216,0.162,0,1,1,3.044522437723423,0.011454150045115854,4.62962962962963,6.172839506172839,0.05333333333333333,0.0711111111111111,0.05333333333333333,4.62962962962963,1.4285714285714286,0.04,0.14285714285714285,1
ASAP7,NAND2X1,NAND2x1_ASAP7_6t_L,B,Y,rise,160.0,0.023039999999999998,0.7,25.0,168.311,0.5,0.108,0.216,0,1,1,5.081404364984463,0.02277858688933957,9.25925925925926,4.62962962962963,0.21333333333333332,0.10666666666666666,0.21333333333333332,9.25925925925926,1.4285714285714286,0.04,-0.3333333333333333,1
ASAP7,INVX2,INVx2_ASAP7_6t_L,A,Y,fall,80.0,0.0028799999999999997,0.7,25.0,19.4724,1.0,0.108,0.108,1,1,1,4.394449154672438,0.002875860745464264,9.25925925925926,9.25925925925926,0.026666666666666665,0.026666666666666665,0.026666666666666665,9.25925925925926,1.4285714285714286,0.04,0.0,1
ASAP7,AND4X2,AND4x2_ASAP7_6t_L,B,Y,rise,20.0,0.09215999999999999,0.7,25.0,261.223,1.0,0.324,0.324,0,1,1,3.044522437723423,0.08815738673620517,3.0864197530864197,3.0864197530864197,0.2844444444444444,0.2844444444444444,0.2844444444444444,3.0864197530864197,1.4285714285714286,0.04,0.0,1
ASAP7,NOR3X1,NOR3x1_ASAP7_6t_L,A,Y,fall,20.0,0.0007199999999999999,0.7,25.0,12.1223,3.0,0.486,0.162,0,1,1,3.044522437723423,0.0007197409243488539,2.05761316872428,6.172839506172839,0.0014814814814814814,0.004444444444444444,0.004444444444444444,6.172839506172839,1.4285714285714286,0.04,0.4999999999999999,1
ASAP7,NAND3X2,NAND3x2_ASAP7_6t_L,C,Y,fall,10.0,0.0028799999999999997,0.7,25.0,11.6773,0.33333333333333326,0.324,0.9720000000000002,0,1,1,2.3978952727983707,0.002875860745464264,3.0864197530864197,1.0288065843621397,0.008888888888888887,0.002962962962962962,0.002962962962962962,1.0288065843621397,1.4285714285714286,0.04,-0.5,1
ASAP7,NOR3X1,NOR3x1_ASAP7_6t_L,B,Y,rise,320.0,0.046079999999999996,0.7,25.0,281.728,3.0,0.486,0.162,0,1,1,5.771441123130016,0.04504984455370874,2.05761316872428,6.172839506172839,0.09481481481481481,0.2844444444444444,0.09481481481481481,2.05761316872428,1.4285714285714286,0.04,0.4999999999999999,1
ASAP7,AND4X2,AND4x2_ASAP7_6t_L,B,Y,rise,320.0,0.011519999999999999,0.7,25.0,94.0819,1.0,0.324,0.324,0,1,1,5.771441123130016,0.011454150045115854,3.0864197530864197,3.0864197530864197,0.03555555555555555,0.03555555555555555,0.03555555555555555,3.0864197530864197,1.4285714285714286,0.04,0.0,1
ASAP7,AND4X2,AND4x2_ASAP7_6t_L,D,Y,fall,20.0,0.09215999999999999,0.7,25.0,209.049,1.0,0.324,0.324,0,1,1,3.044522437723423,0.08815738673620517,3.0864197530864197,3.0864197530864197,0.2844444444444444,0.2844444444444444,0.2844444444444444,3.0864197530864197,1.4285714285714286,0.04,0.0,1
ASAP7,OR4X1,OR4x1_ASAP7_6t_L,B,Y,fall,320.0,0.011519999999999999,0.7,25.0,130.482,1.0,0.27,0.27,0,1,1,5.771441123130016,0.011454150045115854,3.7037037037037033,3.7037037037037033,0.04266666666666666,0.04266666666666666,0.04266666666666666,3.7037037037037033,1.4285714285714286,0.04,0.0,1
ASAP7,NOR3X2,NOR3x2_ASAP7_6t_L,B,Y,rise,80.0,0.0057599999999999995,0.7,25.0,32.2546,3.0000000000000004,0.9720000000000002,0.324,0,1,1,4.394449154672438,0.005743474627065725,1.0288065843621397,3.0864197530864197,0.005925925925925924,0.017777777777777774,0.005925925925925924,1.0288065843621397,1.4285714285714286,0.04,0.5,1
ASAP7,AND3X2,AND3x2_ASAP7_6t_L,B,Y,fall,160.0,0.0028799999999999997,0.7,25.0,42.015,1.0,0.27,0.27,0,1,1,5.081404364984463,0.002875860745464264,3.7037037037037033,3.7037037037037033,0.010666666666666665,0.010666666666666665,0.010666666666666665,3.7037037037037033,1.4285714285714286,0.04,0.0,1
ASAP7,AND3X2,AND3x2_ASAP7_6t_L,B,Y,fall,40.0,0.0028799999999999997,0.7,25.0,28.1054,1.0,0.27,0.27,0,1,1,3.7135720667043075,0.002875860745464264,3.7037037037037033,3.7037037037037033,0.010666666666666665,0.010666666666666665,0.010666666666666665,3.7037037037037033,1.4285714285714286,0.04,0.0,1
ASAP7,NAND2X1,NAND2x1_ASAP7_6t_L,A,Y,rise,320.0,0.0057599999999999995,0.7,25.0,108.2,0.5,0.108,0.216,0,1,1,5.771441123130016,0.005743474627065725,9.25925925925926,4.62962962962963,0.05333333333333333,0.026666666666666665,0.05333333333333333,9.25925925925926,1.4285714285714286,0.04,-0.3333333333333333,1
ASAP7,NAND3X1,NAND3x1_ASAP7_6t_L,C,Y,fall,5.0,0.0057599999999999995,0.7,25.0,25.0184,0.3333333333333333,0.162,0.486,0,1,1,1.791759469228055,0.005743474627065725,6.172839506172839,2.05761316872428,0.03555555555555555,0.011851851851851851,0.011851851851851851,2.05761316872428,1.4285714285714286,0.04,-0.4999999999999999,1
ASAP7,NOR2X2,NOR2x2_ASAP7_6t_L,B,Y,fall,320.0,0.09215999999999999,0.7,25.0,286.643,1.9999999999999998,0.43199999999999994,0.216,0,1,1,5.771441123130016,0.08815738673620517,2.3148148148148153,4.62962962962963,0.21333333333333337,0.42666666666666664,0.42666666666666664,4.62962962962963,1.4285714285714286,0.04,0.3333333333333333,1
ASAP7,OR2X2,OR2x2_ASAP7_6t_L,A,Y,fall,320.0,0.023039999999999998,0.7,25.0,93.1013,1.3333333333333335,0.216,0.162,0,1,1,5.771441123130016,0.02277858688933957,4.62962962962963,6.172839506172839,0.10666666666666666,0.1422222222222222,0.1422222222222222,6.172839506172839,1.4285714285714286,0.04,0.14285714285714285,1
ASAP7,NOR3X1,NOR3x1_ASAP7_6t_L,C,Y,rise,80.0,0.023039999999999998,0.7,25.0,124.793,3.0,0.486,0.162,0,1,1,4.394449154672438,0.02277858688933957,2.05761316872428,6.172839506172839,0.047407407407407405,0.1422222222222222,0.047407407407407405,2.05761316872428,1.4285714285714286,0.04,0.4999999999999999,1
ASAP7,OR4X1,OR4x1_ASAP7_6t_L,B,Y,fall,320.0,0.023039999999999998,0.7,25.0,178.291,1.0,0.27,0.27,0,1,1,5.771441123130016,0.02277858688933957,3.7037037037037033,3.7037037037037033,0.08533333333333332,0.08533333333333332,0.08533333333333332,3.7037037037037033,1.4285714285714286,0.04,0.0,1
ASAP7,NOR3X1,NOR3x1_ASAP7_6t_L,C,Y,rise,20.0,0.011519999999999999,0.7,25.0,63.928,3.0,0.486,0.162,0,1,1,3.044522437723423,0.011454150045115854,2.05761316872428,6.172839506172839,0.023703703703703703,0.0711111111111111,0.023703703703703703,2.05761316872428,1.4285714285714286,0.04,0.4999999999999999,1
ASAP7,AND4X2,AND4x2_ASAP7_6t_L,C,Y,rise,10.0,0.0014399999999999999,0.7,25.0,32.2735,1.0,0.324,0.324,0,1,1,2.3978952727983707,0.0014389641942542824,3.0864197530864197,3.0864197530864197,0.004444444444444444,0.004444444444444444,0.004444444444444444,3.0864197530864197,1.4285714285714286,0.04,0.0,1
ASAP7,NOR3X2,NOR3x2_ASAP7_6t_L,C,Y,fall,40.0,0.09215999999999999,0.7,25.0,209.689,3.0000000000000004,0.9720000000000002,0.324,0,1,1,3.7135720667043075,0.08815738673620517,1.0288065843621397,3.0864197530864197,0.09481481481481478,0.2844444444444444,0.2844444444444444,3.0864197530864197,1.4285714285714286,0.04,0.5,1
ASAP7,AND4X2,AND4x2_ASAP7_6t_L,B,Y,fall,320.0,0.0014399999999999999,0.7,25.0,45.594,1.0,0.324,0.324,0,1,1,5.771441123130016,0.0014389641942542824,3.0864197530864197,3.0864197530864197,0.004444444444444444,0.004444444444444444,0.004444444444444444,3.0864197530864197,1.4285714285714286,0.04,0.0,1
ASAP7,NAND3X1,NAND3x1_ASAP7_6t_L,C,Y,rise,5.0,0.011519999999999999,0.7,25.0,67.7143,0.3333333333333333,0.162,0.486,0,1,1,1.791759469228055,0.011454150045115854,6.172839506172839,2.05761316872428,0.0711111111111111,0.023703703703703703,0.0711111111111111,6.172839506172839,1.4285714285714286,0.04,-0.4999999999999999,1
ASAP7,AND3X4,AND3x4_ASAP7_6t_L,A,Y,rise,80.0,0.09215999999999999,0.7,25.0,147.37,0.7,0.37799999999999995,0.54,0,1,1,4.394449154672438,0.08815738673620517,2.645502645502646,1.8518518518518516,0.24380952380952384,0.17066666666666663,0.24380952380952384,2.645502645502646,1.4285714285714286,0.04,-0.17647058823529424,1
ASAP7,XOR2X2,XOR2x2_ASAP7_6t_L,B,Y,rise,40.0,0.023039999999999998,0.7,25.0,87.3758,1.0,0.37799999999999995,0.37799999999999995,0,1,1,3.7135720667043075,0.02277858688933957,2.645502645502646,2.645502645502646,0.06095238095238096,0.06095238095238096,0.06095238095238096,2.645502645502646,1.4285714285714286,0.04,0.0,1
ASAP7,OR3X4,OR3x4_ASAP7_6t_L,C,Y,rise,40.0,0.09215999999999999,0.7,25.0,140.52,1.0,0.37799999999999995,0.37799999999999995,0,1,1,3.7135720667043075,0.08815738673620517,2.645502645502646,2.645502645502646,0.24380952380952384,0.24380952380952384,0.24380952380952384,2.645502645502646,1.4285714285714286,0.04,0.0,1
ASAP7,NOR3X1,NOR3x1_ASAP7_6t_L,A,Y,fall,80.0,0.0007199999999999999,0.7,25.0,18.8954,3.0,0.486,0.162,0,1,1,4.394449154672438,0.0007197409243488539,2.05761316872428,6.172839506172839,0.0014814814814814814,0.004444444444444444,0.004444444444444444,6.172839506172839,1.4285714285714286,0.04,0.4999999999999999,1
ASAP7,NAND3X2,NAND3x2_ASAP7_6t_L,B,Y,fall,40.0,0.0028799999999999997,0.7,25.0,14.3945,0.33333333333333326,0.324,0.9720000000000002,0,1,1,3.7135720667043075,0.002875860745464264,3.0864197530864197,1.0288065843621397,0.008888888888888887,0.002962962962962962,0.002962962962962962,1.0288065843621397,1.4285714285714286,0.04,-0.5,1
ASAP7,BUFX2,BUFx2_ASAP7_6t_L,A,Y,fall,320.0,0.09215999999999999,0.7,25.0,255.101,1.0,0.135,0.135,0,1,1,5.771441123130016,0.08815738673620517,7.4074074074074066,7.4074074074074066,0.6826666666666665,0.6826666666666665,0.6826666666666665,7.4074074074074066,1.4285714285714286,0.04,0.0,1
ASAP7,INVX1,INVx1_ASAP7_6t_L,A,Y,fall,20.0,0.0007199999999999999,0.7,25.0,9.18653,1.0,0.054,0.054,1,1,1,3.044522437723423,0.0007197409243488539,18.51851851851852,18.51851851851852,0.013333333333333332,0.013333333333333332,0.013333333333333332,18.51851851851852,1.4285714285714286,0.04,0.0,1
ASAP7,NAND3X1,NAND3x1_ASAP7_6t_L,B,Y,rise,5.0,0.0057599999999999995,0.7,25.0,37.4189,0.3333333333333333,0.162,0.486,0,1,1,1.791759469228055,0.005743474627065725,6.172839506172839,2.05761316872428,0.03555555555555555,0.011851851851851851,0.03555555555555555,6.172839506172839,1.4285714285714286,0.04,-0.4999999999999999,1
ASAP7,NAND3X1,NAND3x1_ASAP7_6t_L,A,Y,rise,20.0,0.046079999999999996,0.7,25.0,238.139,0.3333333333333333,0.162,0.486,0,1,1,3.044522437723423,0.04504984455370874,6.172839506172839,2.05761316872428,0.2844444444444444,0.09481481481481481,0.2844444444444444,6.172839506172839,1.4285714285714286,0.04,-0.4999999999999999,1
ASAP7,OR2X2,OR2x2_ASAP7_6t_L,B,Y,rise,320.0,0.046079999999999996,0.7,25.0,164.569,1.3333333333333335,0.216,0.162,0,1,1,5.771441123130016,0.04504984455370874,4.62962962962963,6.172839506172839,0.21333333333333332,0.2844444444444444,0.21333333333333332,4.62962962962963,1.4285714285714286,0.04,0.14285714285714285,1
ASAP7,OR3X4,OR3x4_ASAP7_6t_L,C,Y,fall,80.0,0.0057599999999999995,0.7,25.0,57.0651,1.0,0.37799999999999995,0.37799999999999995,0,1,1,4.394449154672438,0.005743474627065725,2.645502645502646,2.645502645502646,0.01523809523809524,0.01523809523809524,0.01523809523809524,2.645502645502646,1.4285714285714286,0.04,0.0,1
ASAP7,AND4X2,AND4x2_ASAP7_6t_L,B,Y,rise,80.0,0.0014399999999999999,0.7,25.0,41.46,1.0,0.324,0.324,0,1,1,4.394449154672438,0.0014389641942542824,3.0864197530864197,3.0864197530864197,0.004444444444444444,0.004444444444444444,0.004444444444444444,3.0864197530864197,1.4285714285714286,0.04,0.0,1
ASAP7,NOR3X2,NOR3x2_ASAP7_6t_L,B,Y,fall,10.0,0.023039999999999998,0.7,25.0,56.9721,3.0000000000000004,0.9720000000000002,0.324,0,1,1,2.3978952727983707,0.02277858688933957,1.0288065843621397,3.0864197530864197,0.023703703703703696,0.0711111111111111,0.0711111111111111,3.0864197530864197,1.4285714285714286,0.04,0.5,1
ASAP7,BUFX2,BUFx2_ASAP7_6t_L,A,Y,fall,160.0,0.023039999999999998,0.7,25.0,95.4966,1.0,0.135,0.135,0,1,1,5.081404364984463,0.02277858688933957,7.4074074074074066,7.4074074074074066,0.17066666666666663,0.17066666666666663,0.17066666666666663,7.4074074074074066,1.4285714285714286,0.04,0.0,1
ASAP7,OR3X4,OR3x4_ASAP7_6t_L,C,Y,rise,5.0,0.023039999999999998,0.7,25.0,46.1983,1.0,0.37799999999999995,0.37799999999999995,0,1,1,1.791759469228055,0.02277858688933957,2.645502645502646,2.645502645502646,0.06095238095238096,0.06095238095238096,0.06095238095238096,2.645502645502646,1.4285714285714286,0.04,0.0,1
ASAP7,NAND3X1,NAND3x1_ASAP7_6t_L,B,Y,rise,20.0,0.023039999999999998,0.7,25.0,127.099,0.3333333333333333,0.162,0.486,0,1,1,3.044522437723423,0.02277858688933957,6.172839506172839,2.05761316872428,0.1422222222222222,0.047407407407407405,0.1422222222222222,6.172839506172839,1.4285714285714286,0.04,-0.4999999999999999,1
ASAP7,OR3X4,OR3x4_ASAP7_6t_L,C,Y,rise,160.0,0.046079999999999996,0.7,25.0,94.9241,1.0,0.37799999999999995,0.37799999999999995,0,1,1,5.081404364984463,0.04504984455370874,2.645502645502646,2.645502645502646,0.12190476190476192,0.12190476190476192,0.12190476190476192,2.645502645502646,1.4285714285714286,0.04,0.0,1
ASAP7,NAND3X2,NAND3x2_ASAP7_6t_L,B,Y,fall,10.0,0.011519999999999999,0.7,25.0,25.8885,0.33333333333333326,0.324,0.9720000000000002,0,1,1,2.3978952727983707,0.011454150045115854,3.0864197530864197,1.0288065843621397,0.03555555555555555,0.011851851851851848,0.011851851851851848,1.0288065843621397,1.4285714285714286,0.04,-0.5,1
ASAP7,NOR3X1,NOR3x1_ASAP7_6t_L,A,Y,rise,160.0,0.0007199999999999999,0.7,25.0,21.7936,3.0,0.486,0.162,0,1,1,5.081404364984463,0.0007197409243488539,2.05761316872428,6.172839506172839,0.0014814814814814814,0.004444444444444444,0.0014814814814814814,2.05761316872428,1.4285714285714286,0.04,0.4999999999999999,1
ASAP7,OR3X4,OR3x4_ASAP7_6t_L,A,Y,rise,20.0,0.0057599999999999995,0.7,25.0,27.4373,1.0,0.37799999999999995,0.37799999999999995,0,1,1,3.044522437723423,0.005743474627065725,2.645502645502646,2.645502645502646,0.01523809523809524,0.01523809523809524,0.01523809523809524,2.645502645502646,1.4285714285714286,0.04,0.0,1
ASAP7,NOR2X1,NOR2x1_ASAP7_6t_L,A,Y,fall,20.0,0.023039999999999998,0.7,25.0,104.737,2.0,0.216,0.108,0,1,1,3.044522437723423,0.02277858688933957,4.62962962962963,9.25925925925926,0.10666666666666666,0.21333333333333332,0.21333333333333332,9.25925925925926,1.4285714285714286,0.04,0.3333333333333333,1
ASAP7,NOR3X1,NOR3x1_ASAP7_6t_L,A,Y,rise,20.0,0.0028799999999999997,0.7,25.0,22.6781,3.0,0.486,0.162,0,1,1,3.044522437723423,0.002875860745464264,2.05761316872428,6.172839506172839,0.005925925925925926,0.017777777777777774,0.005925925925925926,2.05761316872428,1.4285714285714286,0.04,0.4999999999999999,1
ASAP7,INVX8,INVx8_ASAP7_6t_L,A,Y,rise,80.0,0.046079999999999996,0.7,25.0,55.448,1.0,0.43199999999999994,0.43199999999999994,1,1,1,4.394449154672438,0.04504984455370874,2.3148148148148153,2.3148148148148153,0.10666666666666669,0.10666666666666669,0.10666666666666669,2.3148148148148153,1.4285714285714286,0.04,0.0,1
ASAP7,XOR2X2,XOR2x2_ASAP7_6t_L,B,Y,rise,10.0,0.023039999999999998,0.7,25.0,73.6234,1.0,0.37799999999999995,0.37799999999999995,0,1,1,2.3978952727983707,0.02277858688933957,2.645502645502646,2.645502645502646,0.06095238095238096,0.06095238095238096,0.06095238095238096,2.645502645502646,1.4285714285714286,0.04,0.0,1
ASAP7,OR2X4,OR2x4_ASAP7_6t_L,A,Y,fall,160.0,0.18431999999999998,0.7,25.0,246.117,1.0,0.324,0.324,0,1,1,5.081404364984463,0.1691687702156541,3.0864197530864197,3.0864197530864197,0.5688888888888888,0.5688888888888888,0.5688888888888888,3.0864197530864197,1.4285714285714286,0.04,0.0,1
ASAP7,OR2X2,OR2x2_ASAP7_6t_L,A,Y,rise,40.0,0.023039999999999998,0.7,25.0,83.8129,1.3333333333333335,0.216,0.162,0,1,1,3.7135720667043075,0.02277858688933957,4.62962962962963,6.172839506172839,0.10666666666666666,0.1422222222222222,0.10666666666666666,4.62962962962963,1.4285714285714286,0.04,0.14285714285714285,1
ASAP7,OR4X1,OR4x1_ASAP7_6t_L,A,Y,rise,20.0,0.0014399999999999999,0.7,25.0,20.2197,1.0,0.27,0.27,0,1,1,3.044522437723423,0.0014389641942542824,3.7037037037037033,3.7037037037037033,0.005333333333333332,0.005333333333333332,0.005333333333333332,3.7037037037037033,1.4285714285714286,0.04,0.0,1
ASAP7,OR2X4,OR2x4_ASAP7_6t_L,B,Y,rise,40.0,0.011519999999999999,0.7,25.0,37.371,1.0,0.324,0.324,0,1,1,3.7135720667043075,0.011454150045115854,3.0864197530864197,3.0864197530864197,0.03555555555555555,0.03555555555555555,0.03555555555555555,3.0864197530864197,1.4285714285714286,0.04,0.0,1
ASAP7,AND3X2,AND3x2_ASAP7_6t_L,C,Y,rise,40.0,0.023039999999999998,0.7,25.0,84.8453,1.0,0.27,0.27,0,1,1,3.7135720667043075,0.02277858688933957,3.7037037037037033,3.7037037037037033,0.08533333333333332,0.08533333333333332,0.08533333333333332,3.7037037037037033,1.4285714285714286,0.04,0.0,1
ASAP7,NAND3X2,NAND3x2_ASAP7_6t_L,B,Y,rise,40.0,0.023039999999999998,0.7,25.0,77.35,0.33333333333333326,0.324,0.9720000000000002,0,1,1,3.7135720667043075,0.02277858688933957,3.0864197530864197,1.0288065843621397,0.0711111111111111,0.023703703703703696,0.0711111111111111,3.0864197530864197,1.4285714285714286,0.04,-0.5,1
ASAP7,XOR2X2,XOR2x2_ASAP7_6t_L,B,Y,fall,160.0,0.0014399999999999999,0.7,25.0,49.0179,1.0,0.37799999999999995,0.37799999999999995,0,1,1,5.081404364984463,0.0014389641942542824,2.645502645502646,2.645502645502646,0.00380952380952381,0.00380952380952381,0.00380952380952381,2.645502645502646,1.4285714285714286,0.04,0.0,1
ASAP7,NOR2X1,NOR2x1_ASAP7_6t_L,B,Y,rise,5.0,0.0007199999999999999,0.7,25.0,8.0647,2.0,0.216,0.108,0,1,1,1.791759469228055,0.0007197409243488539,4.62962962962963,9.25925925925926,0.003333333333333333,0.006666666666666666,0.003333333333333333,4.62962962962963,1.4285714285714286,0.04,0.3333333333333333,1
ASAP7,NAND2X1,NAND2x1_ASAP7_6t_L,A,Y,rise,10.0,0.011519999999999999,0.7,25.0,65.2417,0.5,0.108,0.216,0,1,1,2.3978952727983707,0.011454150045115854,9.25925925925926,4.62962962962963,0.10666666666666666,0.05333333333333333,0.10666666666666666,9.25925925925926,1.4285714285714286,0.04,-0.3333333333333333,1
ASAP7,NAND3X1,NAND3x1_ASAP7_6t_L,C,Y,fall,10.0,0.0007199999999999999,0.7,25.0,8.97404,0.3333333333333333,0.162,0.486,0,1,1,2.3978952727983707,0.0007197409243488539,6.172839506172839,2.05761316872428,0.004444444444444444,0.0014814814814814814,0.0014814814814814814,2.05761316872428,1.4285714285714286,0.04,-0.4999999999999999,1
ASAP7,INVX2,INVx2_ASAP7_6t_L,A,Y,fall,320.0,0.0014399999999999999,0.7,25.0,15.1678,1.0,0.108,0.108,1,1,1,5.771441123130016,0.0014389641942542824,9.25925925925926,9.25925925925926,0.013333333333333332,0.013333333333333332,0.013333333333333332,9.25925925925926,1.4285714285714286,0.04,0.0,1
ASAP7,BUFX4,BUFx4_ASAP7_6t_L,A,Y,rise,40.0,0.0028799999999999997,0.7,25.0,25.3273,1.0,0.27,0.27,0,1,1,3.7135720667043075,0.002875860745464264,3.7037037037037033,3.7037037037037033,0.010666666666666665,0.010666666666666665,0.010666666666666665,3.7037037037037033,1.4285714285714286,0.04,0.0,1
ASAP7,INVX1,INVx1_ASAP7_6t_L,A,Y,rise,5.0,0.011519999999999999,0.7,25.0,60.229,1.0,0.054,0.054,1,1,1,1.791759469228055,0.011454150045115854,18.51851851851852,18.51851851851852,0.21333333333333332,0.21333333333333332,0.21333333333333332,18.51851851851852,1.4285714285714286,0.04,0.0,1
ASAP7,INVX4,INVx4_ASAP7_6t_L,A,Y,fall,5.0,0.0057599999999999995,0.7,25.0,8.87591,1.0,0.216,0.216,1,1,1,1.791759469228055,0.005743474627065725,4.62962962962963,4.62962962962963,0.026666666666666665,0.026666666666666665,0.026666666666666665,4.62962962962963,1.4285714285714286,0.04,0.0,1
ASAP7,AND3X4,AND3x4_ASAP7_6t_L,C,Y,rise,10.0,0.046079999999999996,0.7,25.0,81.8395,0.7,0.37799999999999995,0.54,0,1,1,2.3978952727983707,0.04504984455370874,2.645502645502646,1.8518518518518516,0.12190476190476192,0.08533333333333332,0.12190476190476192,2.645502645502646,1.4285714285714286,0.04,-0.17647058823529424,1
ASAP7,OR3X4,OR3x4_ASAP7_6t_L,A,Y,fall,5.0,0.18431999999999998,0.7,25.0,238.717,1.0,0.37799999999999995,0.37799999999999995,0,1,1,1.791759469228055,0.1691687702156541,2.645502645502646,2.645502645502646,0.4876190476190477,0.4876190476190477,0.4876190476190477,2.645502645502646,1.4285714285714286,0.04,0.0,1
ASAP7,NOR2X1,NOR2x1_ASAP7_6t_L,A,Y,rise,320.0,0.0028799999999999997,0.7,25.0,46.3573,2.0,0.216,0.108,0,1,1,5.771441123130016,0.002875860745464264,4.62962962962963,9.25925925925926,0.013333333333333332,0.026666666666666665,0.013333333333333332,4.62962962962963,1.4285714285714286,0.04,0.3333333333333333,1
ASAP7,AND3X4,AND3x4_ASAP7_6t_L,B,Y,fall,20.0,0.09215999999999999,0.7,25.0,122.363,0.7,0.37799999999999995,0.54,0,1,1,3.044522437723423,0.08815738673620517,2.645502645502646,1.8518518518518516,0.24380952380952384,0.17066666666666663,0.17066666666666663,1.8518518518518516,1.4285714285714286,0.04,-0.17647058823529424,1
ASAP7,OR2X4,OR2x4_ASAP7_6t_L,B,Y,rise,320.0,0.0028799999999999997,0.7,25.0,39.1157,1.0,0.324,0.324,0,1,1,5.771441123130016,0.002875860745464264,3.0864197530864197,3.0864197530864197,0.008888888888888887,0.008888888888888887,0.008888888888888887,3.0864197530864197,1.4285714285714286,0.04,0.0,1
ASAP7,AND3X2,AND3x2_ASAP7_6t_L,C,Y,fall,160.0,0.09215999999999999,0.7,25.0,229.004,1.0,0.27,0.27,0,1,1,5.081404364984463,0.08815738673620517,3.7037037037037033,3.7037037037037033,0.34133333333333327,0.34133333333333327,0.34133333333333327,3.7037037037037033,1.4285714285714286,0.04,0.0,1
ASAP7,OR3X4,OR3x4_ASAP7_6t_L,B,Y,fall,80.0,0.0057599999999999995,0.7,25.0,60.929,1.0,0.37799999999999995,0.37799999999999995,0,1,1,4.394449154672438,0.005743474627065725,2.645502645502646,2.645502645502646,0.01523809523809524,0.01523809523809524,0.01523809523809524,2.645502645502646,1.4285714285714286,0.04,0.0,1
ASAP7,INVX8,INVx8_ASAP7_6t_L,A,Y,rise,80.0,0.0057599999999999995,0.7,25.0,18.5311,1.0,0.43199999999999994,0.43199999999999994,1,1,1,4.394449154672438,0.005743474627065725,2.3148148148148153,2.3148148148148153,0.013333333333333336,0.013333333333333336,0.013333333333333336,2.3148148148148153,1.4285714285714286,0.04,0.0,1
ASAP7,XOR2X2,XOR2x2_ASAP7_6t_L,B,Y,rise,40.0,0.0057599999999999995,0.7,25.0,44.4942,1.0,0.37799999999999995,0.37799999999999995,0,1,1,3.7135720667043075,0.005743474627065725,2.645502645502646,2.645502645502646,0.01523809523809524,0.01523809523809524,0.01523809523809524,2.645502645502646,1.4285714285714286,0.04,0.0,1
ASAP7,OR4X1,OR4x1_ASAP7_6t_L,A,Y,rise,80.0,0.0007199999999999999,0.7,25.0,20.2111,1.0,0.27,0.27,0,1,1,4.394449154672438,0.0007197409243488539,3.7037037037037033,3.7037037037037033,0.002666666666666666,0.002666666666666666,0.002666666666666666,3.7037037037037033,1.4285714285714286,0.04,0.0,1
ASAP7,OR4X1,OR4x1_ASAP7_6t_L,D,Y,rise,10.0,0.0007199999999999999,0.7,25.0,15.9306,1.0,0.27,0.27,0,1,1,2.3978952727983707,0.0007197409243488539,3.7037037037037033,3.7037037037037033,0.002666666666666666,0.002666666666666666,0.002666666666666666,3.7037037037037033,1.4285714285714286,0.04,0.0,1
ASAP7,NAND3X1,NAND3x1_ASAP7_6t_L,C,Y,fall,40.0,0.0028799999999999997,0.7,25.0,18.5334,0.3333333333333333,0.162,0.486,0,1,1,3.7135720667043075,0.002875860745464264,6.172839506172839,2.05761316872428,0.017777777777777774,0.005925925925925926,0.005925925925925926,2.05761316872428,1.4285714285714286,0.04,-0.4999999999999999,1
ASAP7,OR4X1,OR4x1_ASAP7_6t_L,D,Y,rise,80.0,0.046079999999999996,0.7,25.0,247.417,1.0,0.27,0.27,0,1,1,4.394449154672438,0.04504984455370874,3.7037037037037033,3.7037037037037033,0.17066666666666663,0.17066666666666663,0.17066666666666663,3.7037037037037033,1.4285714285714286,0.04,0.0,1
ASAP7,BUFX2,BUFx2_ASAP7_6t_L,A,Y,rise,160.0,0.0057599999999999995,0.7,25.0,49.8335,1.0,0.135,0.135,0,1,1,5.081404364984463,0.005743474627065725,7.4074074074074066,7.4074074074074066,0.04266666666666666,0.04266666666666666,0.04266666666666666,7.4074074074074066,1.4285714285714286,0.04,0.0,1
ASAP7,AND3X2,AND3x2_ASAP7_6t_L,B,Y,rise,40.0,0.046079999999999996,0.7,25.0,143.817,1.0,0.27,0.27,0,1,1,3.7135720667043075,0.04504984455370874,3.7037037037037033,3.7037037037037033,0.17066666666666663,0.17066666666666663,0.17066666666666663,3.7037037037037033,1.4285714285714286,0.04,0.0,1
ASAP7,AND3X4,AND3x4_ASAP7_6t_L,A,Y,rise,10.0,0.09215999999999999,0.7,25.0,136.833,0.7,0.37799999999999995,0.54,0,1,1,2.3978952727983707,0.08815738673620517,2.645502645502646,1.8518518518518516,0.24380952380952384,0.17066666666666663,0.24380952380952384,2.645502645502646,1.4285714285714286,0.04,-0.17647058823529424,1
ASAP7,OR2X2,OR2x2_ASAP7_6t_L,B,Y,fall,5.0,0.011519999999999999,0.7,25.0,42.4765,1.3333333333333335,0.216,0.162,0,1,1,1.791759469228055,0.011454150045115854,4.62962962962963,6.172839506172839,0.05333333333333333,0.0711111111111111,0.0711111111111111,6.172839506172839,1.4285714285714286,0.04,0.14285714285714285,1
ASAP7,BUFX4,BUFx4_ASAP7_6t_L,A,Y,fall,80.0,0.023039999999999998,0.7,25.0,58.141,1.0,0.27,0.27,0,1,1,4.394449154672438,0.02277858688933957,3.7037037037037033,3.7037037037037033,0.08533333333333332,0.08533333333333332,0.08533333333333332,3.7037037037037033,1.4285714285714286,0.04,0.0,1
ASAP7,OR4X1,OR4x1_ASAP7_6t_L,C,Y,fall,160.0,0.0028799999999999997,0.7,25.0,64.278,1.0,0.27,0.27,0,1,1,5.081404364984463,0.002875860745464264,3.7037037037037033,3.7037037037037033,0.010666666666666665,0.010666666666666665,0.010666666666666665,3.7037037037037033,1.4285714285714286,0.04,0.0,1
ASAP7,NAND2X1,NAND2x1_ASAP7_6t_L,A,Y,rise,160.0,0.0007199999999999999,0.7,25.0,38.0205,0.5,0.108,0.216,0,1,1,5.081404364984463,0.0007197409243488539,9.25925925925926,4.62962962962963,0.006666666666666666,0.003333333333333333,0.006666666666666666,9.25925925925926,1.4285714285714286,0.04,-0.3333333333333333,1
ASAP7,OR3X4,OR3x4_ASAP7_6t_L,C,Y,rise,160.0,0.0028799999999999997,0.7,25.0,39.7277,1.0,0.37799999999999995,0.37799999999999995,0,1,1,5.081404364984463,0.002875860745464264,2.645502645502646,2.645502645502646,0.00761904761904762,0.00761904761904762,0.00761904761904762,2.645502645502646,1.4285714285714286,0.04,0.0,1
ASAP7,NAND3X2,NAND3x2_ASAP7_6t_L,C,Y,fall,5.0,0.046079999999999996,0.7,25.0,82.7063,0.33333333333333326,0.324,0.9720000000000002,0,1,1,1.791759469228055,0.04504984455370874,3.0864197530864197,1.0288065843621397,0.1422222222222222,0.04740740740740739,0.04740740740740739,1.0288065843621397,1.4285714285714286,0.04,-0.5,1
ASAP7,NOR3X1,NOR3x1_ASAP7_6t_L,A,Y,fall,40.0,0.011519999999999999,0.7,25.0,63.3176,3.0,0.486,0.162,0,1,1,3.7135720667043075,0.011454150045115854,2.05761316872428,6.172839506172839,0.023703703703703703,0.0711111111111111,0.0711111111111111,6.172839506172839,1.4285714285714286,0.04,0.4999999999999999,1
ASAP7,AND4X2,AND4x2_ASAP7_6t_L,D,Y,rise,160.0,0.09215999999999999,0.7,25.0,268.729,1.0,0.324,0.324,0,1,1,5.081404364984463,0.08815738673620517,3.0864197530864197,3.0864197530864197,0.2844444444444444,0.2844444444444444,0.2844444444444444,3.0864197530864197,1.4285714285714286,0.04,0.0,1
ASAP7,NOR3X2,NOR3x2_ASAP7_6t_L,A,Y,rise,20.0,0.023039999999999998,0.7,25.0,63.3365,3.0000000000000004,0.9720000000000002,0.324,0,1,1,3.044522437723423,0.02277858688933957,1.0288065843621397,3.0864197530864197,0.023703703703703696,0.0711111111111111,0.023703703703703696,1.0288065843621397,1.4285714285714286,0.04,0.5,1
ASAP7,OR2X4,OR2x4_ASAP7_6t_L,A,Y,rise,20.0,0.09215999999999999,0.7,25.0,133.822,1.0,0.324,0.324,0,1,1,3.044522437723423,0.08815738673620517,3.0864197530864197,3.0864197530864197,0.2844444444444444,0.2844444444444444,0.2844444444444444,3.0864197530864197,1.4285714285714286,0.04,0.0,1
ASAP7,NAND3X2,NAND3x2_ASAP7_6t_L,A,Y,fall,80.0,0.011519999999999999,0.7,25.0,39.4957,0.33333333333333326,0.324,0.9720000000000002,0,1,1,4.394449154672438,0.011454150045115854,3.0864197530864197,1.0288065843621397,0.03555555555555555,0.011851851851851848,0.011851851851851848,1.0288065843621397,1.4285714285714286,0.04,-0.5,1
ASAP7,AND4X2,AND4x2_ASAP7_6t_L,A,Y,fall,40.0,0.0028799999999999997,0.7,25.0,27.3112,1.0,0.324,0.324,0,1,1,3.7135720667043075,0.002875860745464264,3.0864197530864197,3.0864197530864197,0.008888888888888887,0.008888888888888887,0.008888888888888887,3.0864197530864197,1.4285714285714286,0.04,0.0,1
ASAP7,NAND3X1,NAND3x1_ASAP7_6t_L,B,Y,rise,10.0,0.0028799999999999997,0.7,25.0,24.556,0.3333333333333333,0.162,0.486,0,1,1,2.3978952727983707,0.002875860745464264,6.172839506172839,2.05761316872428,0.017777777777777774,0.005925925925925926,0.017777777777777774,6.172839506172839,1.4285714285714286,0.04,-0.4999999999999999,1
ASAP7,NAND3X1,NAND3x1_ASAP7_6t_L,B,Y,fall,40.0,0.0007199999999999999,0.7,25.0,10.7123,0.3333333333333333,0.162,0.486,0,1,1,3.7135720667043075,0.0007197409243488539,6.172839506172839,2.05761316872428,0.004444444444444444,0.0014814814814814814,0.0014814814814814814,2.05761316872428,1.4285714285714286,0.04,-0.4999999999999999,1
ASAP7,OR3X4,OR3x4_ASAP7_6t_L,C,Y,rise,80.0,0.011519999999999999,0.7,25.0,45.6959,1.0,0.37799999999999995,0.37799999999999995,0,1,1,4.394449154672438,0.011454150045115854,2.645502645502646,2.645502645502646,0.03047619047619048,0.03047619047619048,0.03047619047619048,2.645502645502646,1.4285714285714286,0.04,0.0,1
ASAP7,NOR2X2,NOR2x2_ASAP7_6t_L,B,Y,rise,5.0,0.023039999999999998,0.7,25.0,58.7125,1.9999999999999998,0.43199999999999994,0.216,0,1,1,1.791759469228055,0.02277858688933957,2.3148148148148153,4.62962962962963,0.053333333333333344,0.10666666666666666,0.053333333333333344,2.3148148148148153,1.4285714285714286,0.04,0.3333333333333333,1
ASAP7,NAND3X2,NAND3x2_ASAP7_6t_L,A,Y,fall,5.0,0.023039999999999998,0.7,25.0,43.176,0.33333333333333326,0.324,0.9720000000000002,0,1,1,1.791759469228055,0.02277858688933957,3.0864197530864197,1.0288065843621397,0.0711111111111111,0.023703703703703696,0.023703703703703696,1.0288065843621397,1.4285714285714286,0.04,-0.5,1
ASAP7,NAND3X2,NAND3x2_ASAP7_6t_L,C,Y,rise,40.0,0.0057599999999999995,0.7,25.0,36.5216,0.33333333333333326,0.324,0.9720000000000002,0,1,1,3.7135720667043075,0.005743474627065725,3.0864197530864197,1.0288065843621397,0.017777777777777774,0.005925925925925924,0.017777777777777774,3.0864197530864197,1.4285714285714286,0.04,-0.5,1
ASAP7,BUFX2,BUFx2_ASAP7_6t_L,A,Y,fall,320.0,0.0014399999999999999,0.7,25.0,63.6172,1.0,0.135,0.135,0,1,1,5.771441123130016,0.0014389641942542824,7.4074074074074066,7.4074074074074066,0.010666666666666665,0.010666666666666665,0.010666666666666665,7.4074074074074066,1.4285714285714286,0.04,0.0,1
ASAP7,OR4X1,OR4x1_ASAP7_6t_L,D,Y,rise,10.0,0.046079999999999996,0.7,25.0,239.172,1.0,0.27,0.27,0,1,1,2.3978952727983707,0.04504984455370874,3.7037037037037033,3.7037037037037033,0.17066666666666663,0.17066666666666663,0.17066666666666663,3.7037037037037033,1.4285714285714286,0.04,0.0,1
ASAP7,AND3X4,AND3x4_ASAP7_6t_L,A,Y,fall,20.0,0.0057599999999999995,0.7,25.0,29.5328,0.7,0.37799999999999995,0.54,0,1,1,3.044522437723423,0.005743474627065725,2.645502645502646,1.8518518518518516,0.01523809523809524,0.010666666666666665,0.010666666666666665,1.8518518518518516,1.4285714285714286,0.04,-0.17647058823529424,1
ASAP7,NOR3X2,NOR3x2_ASAP7_6t_L,B,Y,fall,40.0,0.0014399999999999999,0.7,25.0,18.0926,3.0000000000000004,0.9720000000000002,0.324,0,1,1,3.7135720667043075,0.0014389641942542824,1.0288065843621397,3.0864197530864197,0.001481481481481481,0.004444444444444444,0.004444444444444444,3.0864197530864197,1.4285714285714286,0.04,0.5,1
ASAP7,BUFX2,BUFx2_ASAP7_6t_L,A,Y,rise,20.0,0.09215999999999999,0.7,25.0,246.758,1.0,0.135,0.135,0,1,1,3.044522437723423,0.08815738673620517,7.4074074074074066,7.4074074074074066,0.6826666666666665,0.6826666666666665,0.6826666666666665,7.4074074074074066,1.4285714285714286,0.04,0.0,1
ASAP7,NAND2X1,NAND2x1_ASAP7_6t_L,A,Y,rise,10.0,0.0057599999999999995,0.7,25.0,36.8947,0.5,0.108,0.216,0,1,1,2.3978952727983707,0.005743474627065725,9.25925925925926,4.62962962962963,0.05333333333333333,0.026666666666666665,0.05333333333333333,9.25925925925926,1.4285714285714286,0.04,-0.3333333333333333,1
ASAP7,XOR2X2,XOR2x2_ASAP7_6t_L,B,Y,fall,5.0,0.011519999999999999,0.7,25.0,44.0437,1.0,0.37799999999999995,0.37799999999999995,0,1,1,1.791759469228055,0.011454150045115854,2.645502645502646,2.645502645502646,0.03047619047619048,0.03047619047619048,0.03047619047619048,2.645502645502646,1.4285714285714286,0.04,0.0,1
ASAP7,NOR3X2,NOR3x2_ASAP7_6t_L,C,Y,rise,20.0,0.011519999999999999,0.7,25.0,37.6697,3.0000000000000004,0.9720000000000002,0.324,0,1,1,3.044522437723423,0.011454150045115854,1.0288065843621397,3.0864197530864197,0.011851851851851848,0.03555555555555555,0.011851851851851848,1.0288065843621397,1.4285714285714286,0.04,0.5,1
ASAP7,OR2X2,OR2x2_ASAP7_6t_L,A,Y,fall,80.0,0.011519999999999999,0.7,25.0,53.4842,1.3333333333333335,0.216,0.162,0,1,1,4.394449154672438,0.011454150045115854,4.62962962962963,6.172839506172839,0.05333333333333333,0.0711111111111111,0.0711111111111111,6.172839506172839,1.4285714285714286,0.04,0.14285714285714285,1
ASAP7,NAND3X1,NAND3x1_ASAP7_6t_L,A,Y,fall,20.0,0.0007199999999999999,0.7,25.0,9.09776,0.3333333333333333,0.162,0.486,0,1,1,3.044522437723423,0.0007197409243488539,6.172839506172839,2.05761316872428,0.004444444444444444,0.0014814814814814814,0.0014814814814814814,2.05761316872428,1.4285714285714286,0.04,-0.4999999999999999,1
ASAP7,XOR2X2,XOR2x2_ASAP7_6t_L,B,Y,fall,20.0,0.09215999999999999,0.7,25.0,213.706,1.0,0.37799999999999995,0.37799999999999995,0,1,1,3.044522437723423,0.08815738673620517,2.645502645502646,2.645502645502646,0.24380952380952384,0.24380952380952384,0.24380952380952384,2.645502645502646,1.4285714285714286,0.04,0.0,1
ASAP7,OR4X1,OR4x1_ASAP7_6t_L,C,Y,fall,80.0,0.046079999999999996,0.7,25.0,233.229,1.0,0.27,0.27,0,1,1,4.394449154672438,0.04504984455370874,3.7037037037037033,3.7037037037037033,0.17066666666666663,0.17066666666666663,0.17066666666666663,3.7037037037037033,1.4285714285714286,0.04,0.0,1
ASAP7,NOR3X1,NOR3x1_ASAP7_6t_L,C,Y,rise,5.0,0.023039999999999998,0.7,25.0,114.454,3.0,0.486,0.162,0,1,1,1.791759469228055,0.02277858688933957,2.05761316872428,6.172839506172839,0.047407407407407405,0.1422222222222222,0.047407407407407405,2.05761316872428,1.4285714285714286,0.04,0.4999999999999999,1
ASAP7,NOR3X2,NOR3x2_ASAP7_6t_L,A,Y,rise,10.0,0.0057599999999999995,0.7,25.0,20.6556,3.0000000000000004,0.9720000000000002,0.324,0,1,1,2.3978952727983707,0.005743474627065725,1.0288065843621397,3.0864197530864197,0.005925925925925924,0.017777777777777774,0.005925925925925924,1.0288065843621397,1.4285714285714286,0.04,0.5,1
ASAP7,OR3X4,OR3x4_ASAP7_6t_L,C,Y,fall,10.0,0.18431999999999998,0.7,25.0,240.121,1.0,0.37799999999999995,0.37799999999999995,0,1,1,2.3978952727983707,0.1691687702156541,2.645502645502646,2.645502645502646,0.4876190476190477,0.4876190476190477,0.4876190476190477,2.645502645502646,1.4285714285714286,0.04,0.0,1
ASAP7,OR4X1,OR4x1_ASAP7_6t_L,C,Y,fall,160.0,0.0007199999999999999,0.7,25.0,51.3914,1.0,0.27,0.27,0,1,1,5.081404364984463,0.0007197409243488539,3.7037037037037033,3.7037037037037033,0.002666666666666666,0.002666666666666666,0.002666666666666666,3.7037037037037033,1.4285714285714286,0.04,0.0,1
ASAP7,NOR2X1,NOR2x1_ASAP7_6t_L,A,Y,rise,20.0,0.0028799999999999997,0.7,25.0,22.5152,2.0,0.216,0.108,0,1,1,3.044522437723423,0.002875860745464264,4.62962962962963,9.25925925925926,0.013333333333333332,0.026666666666666665,0.013333333333333332,4.62962962962963,1.4285714285714286,0.04,0.3333333333333333,1
ASAP7,OR4X1,OR4x1_ASAP7_6t_L,A,Y,rise,80.0,0.0057599999999999995,0.7,25.0,45.4111,1.0,0.27,0.27,0,1,1,4.394449154672438,0.005743474627065725,3.7037037037037033,3.7037037037037033,0.02133333333333333,0.02133333333333333,0.02133333333333333,3.7037037037037033,1.4285714285714286,0.04,0.0,1
ASAP7,INVX2,INVx2_ASAP7_6t_L,A,Y,rise,320.0,0.0014399999999999999,0.7,25.0,36.2082,1.0,0.108,0.108,1,1,1,5.771441123130016,0.0014389641942542824,9.25925925925926,9.25925925925926,0.013333333333333332,0.013333333333333332,0.013333333333333332,9.25925925925926,1.4285714285714286,0.04,0.0,1
ASAP7,AND3X4,AND3x4_ASAP7_6t_L,A,Y,fall,10.0,0.0057599999999999995,0.7,25.0,26.4778,0.7,0.37799999999999995,0.54,0,1,1,2.3978952727983707,0.005743474627065725,2.645502645502646,1.8518518518518516,0.01523809523809524,0.010666666666666665,0.010666666666666665,1.8518518518518516,1.4285714285714286,0.04,-0.17647058823529424,1
ASAP7,OR2X2,OR2x2_ASAP7_6t_L,B,Y,rise,40.0,0.011519999999999999,0.7,25.0,53.6968,1.3333333333333335,0.216,0.162,0,1,1,3.7135720667043075,0.011454150045115854,4.62962962962963,6.172839506172839,0.05333333333333333,0.0711111111111111,0.05333333333333333,4.62962962962963,1.4285714285714286,0.04,0.14285714285714285,1
ASAP7,OR4X1,OR4x1_ASAP7_6t_L,A,Y,fall,40.0,0.0007199999999999999,0.7,25.0,36.4082,1.0,0.27,0.27,0,1,1,3.7135720667043075,0.0007197409243488539,3.7037037037037033,3.7037037037037033,0.002666666666666666,0.002666666666666666,0.002666666666666666,3.7037037037037033,1.4285714285714286,0.04,0.0,1
ASAP7,NAND2X1,NAND2x1_ASAP7_6t_L,A,Y,fall,10.0,0.011519999999999999,0.7,25.0,45.5502,0.5,0.108,0.216,0,1,1,2.3978952727983707,0.011454150045115854,9.25925925925926,4.62962962962963,0.10666666666666666,0.05333333333333333,0.05333333333333333,4.62962962962963,1.4285714285714286,0.04,-0.3333333333333333,1
ASAP7,NAND2X1,NAND2x1_ASAP7_6t_L,A,Y,rise,80.0,0.0007199999999999999,0.7,25.0,26.446,0.5,0.108,0.216,0,1,1,4.394449154672438,0.0007197409243488539,9.25925925925926,4.62962962962963,0.006666666666666666,0.003333333333333333,0.006666666666666666,9.25925925925926,1.4285714285714286,0.04,-0.3333333333333333,1
ASAP7,NOR3X1,NOR3x1_ASAP7_6t_L,B,Y,rise,20.0,0.0057599999999999995,0.7,25.0,37.2208,3.0,0.486,0.162,0,1,1,3.044522437723423,0.005743474627065725,2.05761316872428,6.172839506172839,0.011851851851851851,0.03555555555555555,0.011851851851851851,2.05761316872428,1.4285714285714286,0.04,0.4999999999999999,1
ASAP7,INVX8,INVx8_ASAP7_6t_L,A,Y,rise,320.0,0.011519999999999999,0.7,25.0,48.5353,1.0,0.43199999999999994,0.43199999999999994,1,1,1,5.771441123130016,0.011454150045115854,2.3148148148148153,2.3148148148148153,0.026666666666666672,0.026666666666666672,0.026666666666666672,2.3148148148148153,1.4285714285714286,0.04,0.0,1
ASAP7,OR2X4,OR2x4_ASAP7_6t_L,B,Y,fall,80.0,0.046079999999999996,0.7,25.0,97.0131,1.0,0.324,0.324,0,1,1,4.394449154672438,0.04504984455370874,3.0864197530864197,3.0864197530864197,0.1422222222222222,0.1422222222222222,0.1422222222222222,3.0864197530864197,1.4285714285714286,0.04,0.0,1
ASAP7,NAND3X2,NAND3x2_ASAP7_6t_L,A,Y,rise,160.0,0.0028799999999999997,0.7,25.0,44.4723,0.33333333333333326,0.324,0.9720000000000002,0,1,1,5.081404364984463,0.002875860745464264,3.0864197530864197,1.0288065843621397,0.008888888888888887,0.002962962962962962,0.008888888888888887,3.0864197530864197,1.4285714285714286,0.04,-0.5,1
ASAP7,NAND3X2,NAND3x2_ASAP7_6t_L,A,Y,fall,40.0,0.046079999999999996,0.7,25.0,89.8971,0.33333333333333326,0.324,0.9720000000000002,0,1,1,3.7135720667043075,0.04504984455370874,3.0864197530864197,1.0288065843621397,0.1422222222222222,0.04740740740740739,0.04740740740740739,1.0288065843621397,1.4285714285714286,0.04,-0.5,1
ASAP7,NOR3X1,NOR3x1_ASAP7_6t_L,B,Y,rise,80.0,0.0007199999999999999,0.7,25.0,17.2919,3.0,0.486,0.162,0,1,1,4.394449154672438,0.0007197409243488539,2.05761316872428,6.172839506172839,0.0014814814814814814,0.004444444444444444,0.0014814814814814814,2.05761316872428,1.4285714285714286,0.04,0.4999999999999999,1
ASAP7,NAND3X1,NAND3x1_ASAP7_6t_L,C,Y,fall,20.0,0.0057599999999999995,0.7,25.0,26.8409,0.3333333333333333,0.162,0.486,0,1,1,3.044522437723423,0.005743474627065725,6.172839506172839,2.05761316872428,0.03555555555555555,0.011851851851851851,0.011851851851851851,2.05761316872428,1.4285714285714286,0.04,-0.4999999999999999,1
ASAP7,AND3X4,AND3x4_ASAP7_6t_L,B,Y,fall,10.0,0.023039999999999998,0.7,25.0,47.8279,0.7,0.37799999999999995,0.54,0,1,1,2.3978952727983707,0.02277858688933957,2.645502645502646,1.8518518518518516,0.06095238095238096,0.04266666666666666,0.04266666666666666,1.8518518518518516,1.4285714285714286,0.04,-0.17647058823529424,1
ASAP7,OR4X1,OR4x1_ASAP7_6t_L,D,Y,fall,320.0,0.0057599999999999995,0.7,25.0,90.2367,1.0,0.27,0.27,0,1,1,5.771441123130016,0.005743474627065725,3.7037037037037033,3.7037037037037033,0.02133333333333333,0.02133333333333333,0.02133333333333333,3.7037037037037033,1.4285714285714286,0.04,0.0,1
ASAP7,NOR2X1,NOR2x1_ASAP7_6t_L,B,Y,fall,160.0,0.0007199999999999999,0.7,25.0,20.8099,2.0,0.216,0.108,0,1,1,5.081404364984463,0.0007197409243488539,4.62962962962963,9.25925925925926,0.003333333333333333,0.006666666666666666,0.006666666666666666,9.25925925925926,1.4285714285714286,0.04,0.3333333333333333,1
ASAP7,NOR3X1,NOR3x1_ASAP7_6t_L,B,Y,rise,320.0,0.0007199999999999999,0.7,25.0,22.7112,3.0,0.486,0.162,0,1,1,5.771441123130016,0.0007197409243488539,2.05761316872428,6.172839506172839,0.0014814814814814814,0.004444444444444444,0.0014814814814814814,2.05761316872428,1.4285714285714286,0.04,0.4999999999999999,1
ASAP7,NOR3X1,NOR3x1_ASAP7_6t_L,A,Y,rise,80.0,0.046079999999999996,0.7,25.0,237.459,3.0,0.486,0.162,0,1,1,4.394449154672438,0.04504984455370874,2.05761316872428,6.172839506172839,0.09481481481481481,0.2844444444444444,0.09481481481481481,2.05761316872428,1.4285714285714286,0.04,0.4999999999999999,1
ASAP7,NOR2X2,NOR2x2_ASAP7_6t_L,B,Y,fall,160.0,0.0014399999999999999,0.7,25.0,20.9292,1.9999999999999998,0.43199999999999994,0.216,0,1,1,5.081404364984463,0.0014389641942542824,2.3148148148148153,4.62962962962963,0.003333333333333334,0.006666666666666666,0.006666666666666666,4.62962962962963,1.4285714285714286,0.04,0.3333333333333333,1
ASAP7,NOR3X1,NOR3x1_ASAP7_6t_L,A,Y,rise,10.0,0.0014399999999999999,0.7,25.0,13.3553,3.0,0.486,0.162,0,1,1,2.3978952727983707,0.0014389641942542824,2.05761316872428,6.172839506172839,0.002962962962962963,0.008888888888888887,0.002962962962962963,2.05761316872428,1.4285714285714286,0.04,0.4999999999999999,1
ASAP7,OR2X4,OR2x4_ASAP7_6t_L,B,Y,rise,5.0,0.0028799999999999997,0.7,25.0,17.9418,1.0,0.324,0.324,0,1,1,1.791759469228055,0.002875860745464264,3.0864197530864197,3.0864197530864197,0.008888888888888887,0.008888888888888887,0.008888888888888887,3.0864197530864197,1.4285714285714286,0.04,0.0,1
ASAP7,AND3X2,AND3x2_ASAP7_6t_L,B,Y,fall,160.0,0.046079999999999996,0.7,25.0,131.77,1.0,0.27,0.27,0,1,1,5.081404364984463,0.04504984455370874,3.7037037037037033,3.7037037037037033,0.17066666666666663,0.17066666666666663,0.17066666666666663,3.7037037037037033,1.4285714285714286,0.04,0.0,1
ASAP7,XOR2X2,XOR2x2_ASAP7_6t_L,A,Y,rise,80.0,0.09215999999999999,0.7,25.0,251.482,1.0,0.37799999999999995,0.37799999999999995,0,1,1,4.394449154672438,0.08815738673620517,2.645502645502646,2.645502645502646,0.24380952380952384,0.24380952380952384,0.24380952380952384,2.645502645502646,1.4285714285714286,0.04,0.0,1
ASAP7,NOR2X1,NOR2x1_ASAP7_6t_L,B,Y,fall,80.0,0.0014399999999999999,0.7,25.0,22.6452,2.0,0.216,0.108,0,1,1,4.394449154672438,0.0014389641942542824,4.62962962962963,9.25925925925926,0.006666666666666666,0.013333333333333332,0.013333333333333332,9.25925925925926,1.4285714285714286,0.04,0.3333333333333333,1
ASAP7,AND4X2,AND4x2_ASAP7_6t_L,B,Y,rise,10.0,0.046079999999999996,0.7,25.0,146.458,1.0,0.324,0.324,0,1,1,2.3978952727983707,0.04504984455370874,3.0864197530864197,3.0864197530864197,0.1422222222222222,0.1422222222222222,0.1422222222222222,3.0864197530864197,1.4285714285714286,0.04,0.0,1
ASAP7,NAND3X2,NAND3x2_ASAP7_6t_L,C,Y,rise,40.0,0.0014399999999999999,0.7,25.0,24.5576,0.33333333333333326,0.324,0.9720000000000002,0,1,1,3.7135720667043075,0.0014389641942542824,3.0864197530864197,1.0288065843621397,0.004444444444444444,0.001481481481481481,0.004444444444444444,3.0864197530864197,1.4285714285714286,0.04,-0.5,1
ASAP7,INVX8,INVx8_ASAP7_6t_L,A,Y,rise,40.0,0.09215999999999999,0.7,25.0,71.9135,1.0,0.43199999999999994,0.43199999999999994,1,1,1,3.7135720667043075,0.08815738673620517,2.3148148148148153,2.3148148148148153,0.21333333333333337,0.21333333333333337,0.21333333333333337,2.3148148148148153,1.4285714285714286,0.04,0.0,1
ASAP7,NOR3X1,NOR3x1_ASAP7_6t_L,A,Y,rise,10.0,0.011519999999999999,0.7,25.0,60.182,3.0,0.486,0.162,0,1,1,2.3978952727983707,0.011454150045115854,2.05761316872428,6.172839506172839,0.023703703703703703,0.0711111111111111,0.023703703703703703,2.05761316872428,1.4285714285714286,0.04,0.4999999999999999,1
ASAP7,NAND3X1,NAND3x1_ASAP7_6t_L,C,Y,fall,320.0,0.046079999999999996,0.7,25.0,185.189,0.3333333333333333,0.162,0.486,0,1,1,5.771441123130016,0.04504984455370874,6.172839506172839,2.05761316872428,0.2844444444444444,0.09481481481481481,0.09481481481481481,2.05761316872428,1.4285714285714286,0.04,-0.4999999999999999,1
ASAP7,INVX4,INVx4_ASAP7_6t_L,A,Y,rise,5.0,0.046079999999999996,0.7,25.0,60.2311,1.0,0.216,0.216,1,1,1,1.791759469228055,0.04504984455370874,4.62962962962963,4.62962962962963,0.21333333333333332,0.21333333333333332,0.21333333333333332,4.62962962962963,1.4285714285714286,0.04,0.0,1
ASAP7,AND3X4,AND3x4_ASAP7_6t_L,B,Y,rise,20.0,0.09215999999999999,0.7,25.0,140.062,0.7,0.37799999999999995,0.54,0,1,1,3.044522437723423,0.08815738673620517,2.645502645502646,1.8518518518518516,0.24380952380952384,0.17066666666666663,0.24380952380952384,2.645502645502646,1.4285714285714286,0.04,-0.17647058823529424,1
ASAP7,AND3X4,AND3x4_ASAP7_6t_L,B,Y,rise,10.0,0.046079999999999996,0.7,25.0,81.504,0.7,0.37799999999999995,0.54,0,1,1,2.3978952727983707,0.04504984455370874,2.645502645502646,1.8518518518518516,0.12190476190476192,0.08533333333333332,0.12190476190476192,2.645502645502646,1.4285714285714286,0.04,-0.17647058823529424,1
ASAP7,NOR3X1,NOR3x1_ASAP7_6t_L,A,Y,rise,5.0,0.0028799999999999997,0.7,25.0,18.985,3.0,0.486,0.162,0,1,1,1.791759469228055,0.002875860745464264,2.05761316872428,6.172839506172839,0.005925925925925926,0.017777777777777774,0.005925925925925926,2.05761316872428,1.4285714285714286,0.04,0.4999999999999999,1
ASAP7,XOR2X2,XOR2x2_ASAP7_6t_L,A,Y,fall,160.0,0.0014399999999999999,0.7,25.0,41.8235,1.0,0.37799999999999995,0.37799999999999995,0,1,1,5.081404364984463,0.0014389641942542824,2.645502645502646,2.645502645502646,0.00380952380952381,0.00380952380952381,0.00380952380952381,2.645502645502646,1.4285714285714286,0.04,0.0,1
ASAP7,NAND3X2,NAND3x2_ASAP7_6t_L,C,Y,fall,10.0,0.046079999999999996,0.7,25.0,83.4756,0.33333333333333326,0.324,0.9720000000000002,0,1,1,2.3978952727983707,0.04504984455370874,3.0864197530864197,1.0288065843621397,0.1422222222222222,0.04740740740740739,0.04740740740740739,1.0288065843621397,1.4285714285714286,0.04,-0.5,1
ASAP7,BUFX4,BUFx4_ASAP7_6t_L,A,Y,fall,10.0,0.0057599999999999995,0.7,25.0,23.6141,1.0,0.27,0.27,0,1,1,2.3978952727983707,0.005743474627065725,3.7037037037037033,3.7037037037037033,0.02133333333333333,0.02133333333333333,0.02133333333333333,3.7037037037037033,1.4285714285714286,0.04,0.0,1
ASAP7,NAND2X1,NAND2x1_ASAP7_6t_L,A,Y,rise,10.0,0.0028799999999999997,0.7,25.0,22.5784,0.5,0.108,0.216,0,1,1,2.3978952727983707,0.002875860745464264,9.25925925925926,4.62962962962963,0.026666666666666665,0.013333333333333332,0.026666666666666665,9.25925925925926,1.4285714285714286,0.04,-0.3333333333333333,1
ASAP7,XOR2X2,XOR2x2_ASAP7_6t_L,A,Y,rise,160.0,0.0057599999999999995,0.7,25.0,42.2837,1.0,0.37799999999999995,0.37799999999999995,0,1,1,5.081404364984463,0.005743474627065725,2.645502645502646,2.645502645502646,0.01523809523809524,0.01523809523809524,0.01523809523809524,2.645502645502646,1.4285714285714286,0.04,0.0,1
ASAP7,XOR2X2,XOR2x2_ASAP7_6t_L,B,Y,fall,10.0,0.0028799999999999997,0.7,25.0,26.2736,1.0,0.37799999999999995,0.37799999999999995,0,1,1,2.3978952727983707,0.002875860745464264,2.645502645502646,2.645502645502646,0.00761904761904762,0.00761904761904762,0.00761904761904762,2.645502645502646,1.4285714285714286,0.04,0.0,1
ASAP7,NAND2X1,NAND2x1_ASAP7_6t_L,A,Y,fall,160.0,0.011519999999999999,0.7,25.0,65.3966,0.5,0.108,0.216,0,1,1,5.081404364984463,0.011454150045115854,9.25925925925926,4.62962962962963,0.10666666666666666,0.05333333333333333,0.05333333333333333,4.62962962962963,1.4285714285714286,0.04,-0.3333333333333333,1
ASAP7,OR2X2,OR2x2_ASAP7_6t_L,B,Y,rise,5.0,0.0057599999999999995,0.7,25.0,31.1133,1.3333333333333335,0.216,0.162,0,1,1,1.791759469228055,0.005743474627065725,4.62962962962963,6.172839506172839,0.026666666666666665,0.03555555555555555,0.026666666666666665,4.62962962962963,1.4285714285714286,0.04,0.14285714285714285,1
ASAP7,NOR3X2,NOR3x2_ASAP7_6t_L,B,Y,rise,5.0,0.0014399999999999999,0.7,25.0,10.8422,3.0000000000000004,0.9720000000000002,0.324,0,1,1,1.791759469228055,0.0014389641942542824,1.0288065843621397,3.0864197530864197,0.001481481481481481,0.004444444444444444,0.001481481481481481,1.0288065843621397,1.4285714285714286,0.04,0.5,1
ASAP7,NAND3X1,NAND3x1_ASAP7_6t_L,A,Y,fall,160.0,0.023039999999999998,0.7,25.0,119.291,0.3333333333333333,0.162,0.486,0,1,1,5.081404364984463,0.02277858688933957,6.172839506172839,2.05761316872428,0.1422222222222222,0.047407407407407405,0.047407407407407405,2.05761316872428,1.4285714285714286,0.04,-0.4999999999999999,1
ASAP7,NAND3X1,NAND3x1_ASAP7_6t_L,B,Y,rise,320.0,0.0028799999999999997,0.7,25.0,87.8672,0.3333333333333333,0.162,0.486,0,1,1,5.771441123130016,0.002875860745464264,6.172839506172839,2.05761316872428,0.017777777777777774,0.005925925925925926,0.017777777777777774,6.172839506172839,1.4285714285714286,0.04,-0.4999999999999999,1
ASAP7,NOR2X2,NOR2x2_ASAP7_6t_L,B,Y,fall,160.0,0.09215999999999999,0.7,25.0,238.964,1.9999999999999998,0.43199999999999994,0.216,0,1,1,5.081404364984463,0.08815738673620517,2.3148148148148153,4.62962962962963,0.21333333333333337,0.42666666666666664,0.42666666666666664,4.62962962962963,1.4285714285714286,0.04,0.3333333333333333,1
ASAP7,AND3X4,AND3x4_ASAP7_6t_L,C,Y,fall,160.0,0.09215999999999999,0.7,25.0,156.077,0.7,0.37799999999999995,0.54,0,1,1,5.081404364984463,0.08815738673620517,2.645502645502646,1.8518518518518516,0.24380952380952384,0.17066666666666663,0.17066666666666663,1.8518518518518516,1.4285714285714286,0.04,-0.17647058823529424,1
ASAP7,NAND2X1,NAND2x1_ASAP7_6t_L,B,Y,fall,160.0,0.0014399999999999999,0.7,25.0,18.873,0.5,0.108,0.216,0,1,1,5.081404364984463,0.0014389641942542824,9.25925925925926,4.62962962962963,0.013333333333333332,0.006666666666666666,0.006666666666666666,4.62962962962963,1.4285714285714286,0.04,-0.3333333333333333,1
ASAP7,OR3X4,OR3x4_ASAP7_6t_L,C,Y,fall,320.0,0.18431999999999998,0.7,25.0,279.279,1.0,0.37799999999999995,0.37799999999999995,0,1,1,5.771441123130016,0.1691687702156541,2.645502645502646,2.645502645502646,0.4876190476190477,0.4876190476190477,0.4876190476190477,2.645502645502646,1.4285714285714286,0.04,0.0,1
ASAP7,BUFX4,BUFx4_ASAP7_6t_L,A,Y,fall,80.0,0.18431999999999998,0.7,25.0,223.75,1.0,0.27,0.27,0,1,1,4.394449154672438,0.1691687702156541,3.7037037037037033,3.7037037037037033,0.6826666666666665,0.6826666666666665,0.6826666666666665,3.7037037037037033,1.4285714285714286,0.04,0.0,1
ASAP7,NOR2X1,NOR2x1_ASAP7_6t_L,B,Y,fall,80.0,0.0007199999999999999,0.7,25.0,16.5589,2.0,0.216,0.108,0,1,1,4.394449154672438,0.0007197409243488539,4.62962962962963,9.25925925925926,0.003333333333333333,0.006666666666666666,0.006666666666666666,9.25925925925926,1.4285714285714286,0.04,0.3333333333333333,1
ASAP7,NOR3X1,NOR3x1_ASAP7_6t_L,A,Y,rise,320.0,0.011519999999999999,0.7,25.0,121.368,3.0,0.486,0.162,0,1,1,5.771441123130016,0.011454150045115854,2.05761316872428,6.172839506172839,0.023703703703703703,0.0711111111111111,0.023703703703703703,2.05761316872428,1.4285714285714286,0.04,0.4999999999999999,1
ASAP7,NOR2X2,NOR2x2_ASAP7_6t_L,B,Y,fall,80.0,0.023039999999999998,0.7,25.0,74.0633,1.9999999999999998,0.43199999999999994,0.216,0,1,1,4.394449154672438,0.02277858688933957,2.3148148148148153,4.62962962962963,0.053333333333333344,0.10666666666666666,0.10666666666666666,4.62962962962963,1.4285714285714286,0.04,0.3333333333333333,1
ASAP7,XOR2X2,XOR2x2_ASAP7_6t_L,A,Y,rise,5.0,0.09215999999999999,0.7,25.0,243.707,1.0,0.37799999999999995,0.37799999999999995,0,1,1,1.791759469228055,0.08815738673620517,2.645502645502646,2.645502645502646,0.24380952380952384,0.24380952380952384,0.24380952380952384,2.645502645502646,1.4285714285714286,0.04,0.0,1
ASAP7,OR2X4,OR2x4_ASAP7_6t_L,A,Y,rise,80.0,0.011519999999999999,0.7,25.0,43.2497,1.0,0.324,0.324,0,1,1,4.394449154672438,0.011454150045115854,3.0864197530864197,3.0864197530864197,0.03555555555555555,0.03555555555555555,0.03555555555555555,3.0864197530864197,1.4285714285714286,0.04,0.0,1
ASAP7,NOR3X2,NOR3x2_ASAP7_6t_L,C,Y,rise,80.0,0.0028799999999999997,0.7,25.0,21.2072,3.0000000000000004,0.9720000000000002,0.324,0,1,1,4.394449154672438,0.002875860745464264,1.0288065843621397,3.0864197530864197,0.002962962962962962,0.008888888888888887,0.002962962962962962,1.0288065843621397,1.4285714285714286,0.04,0.5,1
ASAP7,NAND3X1,NAND3x1_ASAP7_6t_L,B,Y,fall,40.0,0.0057599999999999995,0.7,25.0,30.5718,0.3333333333333333,0.162,0.486,0,1,1,3.7135720667043075,0.005743474627065725,6.172839506172839,2.05761316872428,0.03555555555555555,0.011851851851851851,0.011851851851851851,2.05761316872428,1.4285714285714286,0.04,-0.4999999999999999,1
ASAP7,AND3X2,AND3x2_ASAP7_6t_L,B,Y,rise,10.0,0.0057599999999999995,0.7,25.0,38.9132,1.0,0.27,0.27,0,1,1,2.3978952727983707,0.005743474627065725,3.7037037037037033,3.7037037037037033,0.02133333333333333,0.02133333333333333,0.02133333333333333,3.7037037037037033,1.4285714285714286,0.04,0.0,1
ASAP7,INVX1,INVx1_ASAP7_6t_L,A,Y,fall,10.0,0.046079999999999996,0.7,25.0,193.388,1.0,0.054,0.054,1,1,1,2.3978952727983707,0.04504984455370874,18.51851851851852,18.51851851851852,0.8533333333333333,0.8533333333333333,0.8533333333333333,18.51851851851852,1.4285714285714286,0.04,0.0,1
ASAP7,AND3X4,AND3x4_ASAP7_6t_L,A,Y,rise,80.0,0.023039999999999998,0.7,25.0,61.6178,0.7,0.37799999999999995,0.54,0,1,1,4.394449154672438,0.02277858688933957,2.645502645502646,1.8518518518518516,0.06095238095238096,0.04266666666666666,0.06095238095238096,2.645502645502646,1.4285714285714286,0.04,-0.17647058823529424,1
ASAP7,NAND3X1,NAND3x1_ASAP7_6t_L,A,Y,rise,320.0,0.046079999999999996,0.7,25.0,334.927,0.3333333333333333,0.162,0.486,0,1,1,5.771441123130016,0.04504984455370874,6.172839506172839,2.05761316872428,0.2844444444444444,0.09481481481481481,0.2844444444444444,6.172839506172839,1.4285714285714286,0.04,-0.4999999999999999,1
ASAP7,NAND3X1,NAND3x1_ASAP7_6t_L,A,Y,fall,320.0,0.0007199999999999999,0.7,25.0,4.63983,0.3333333333333333,0.162,0.486,0,1,1,5.771441123130016,0.0007197409243488539,6.172839506172839,2.05761316872428,0.004444444444444444,0.0014814814814814814,0.0014814814814814814,2.05761316872428,1.4285714285714286,0.04,-0.4999999999999999,1
ASAP7,NOR3X1,NOR3x1_ASAP7_6t_L,A,Y,rise,320.0,0.0007199999999999999,0.7,25.0,27.0404,3.0,0.486,0.162,0,1,1,5.771441123130016,0.0007197409243488539,2.05761316872428,6.172839506172839,0.0014814814814814814,0.004444444444444444,0.0014814814814814814,2.05761316872428,1.4285714285714286,0.04,0.4999999999999999,1
ASAP7,NAND2X1,NAND2x1_ASAP7_6t_L,B,Y,fall,20.0,0.0014399999999999999,0.7,25.0,12.4068,0.5,0.108,0.216,0,1,1,3.044522437723423,0.0014389641942542824,9.25925925925926,4.62962962962963,0.013333333333333332,0.006666666666666666,0.006666666666666666,4.62962962962963,1.4285714285714286,0.04,-0.3333333333333333,1
ASAP7,NOR3X1,NOR3x1_ASAP7_6t_L,C,Y,rise,10.0,0.0007199999999999999,0.7,25.0,12.1948,3.0,0.486,0.162,0,1,1,2.3978952727983707,0.0007197409243488539,2.05761316872428,6.172839506172839,0.0014814814814814814,0.004444444444444444,0.0014814814814814814,2.05761316872428,1.4285714285714286,0.04,0.4999999999999999,1
ASAP7,OR2X2,OR2x2_ASAP7_6t_L,A,Y,rise,320.0,0.046079999999999996,0.7,25.0,170.529,1.3333333333333335,0.216,0.162,0,1,1,5.771441123130016,0.04504984455370874,4.62962962962963,6.172839506172839,0.21333333333333332,0.2844444444444444,0.21333333333333332,4.62962962962963,1.4285714285714286,0.04,0.14285714285714285,1
ASAP7,OR3X4,OR3x4_ASAP7_6t_L,A,Y,fall,160.0,0.0028799999999999997,0.7,25.0,76.4571,1.0,0.37799999999999995,0.37799999999999995,0,1,1,5.081404364984463,0.002875860745464264,2.645502645502646,2.645502645502646,0.00761904761904762,0.00761904761904762,0.00761904761904762,2.645502645502646,1.4285714285714286,0.04,0.0,1
ASAP7,NAND3X2,NAND3x2_ASAP7_6t_L,A,Y,rise,40.0,0.011519999999999999,0.7,25.0,46.8046,0.33333333333333326,0.324,0.9720000000000002,0,1,1,3.7135720667043075,0.011454150045115854,3.0864197530864197,1.0288065843621397,0.03555555555555555,0.011851851851851848,0.03555555555555555,3.0864197530864197,1.4285714285714286,0.04,-0.5,1
ASAP7,NAND3X2,NAND3x2_ASAP7_6t_L,A,Y,rise,320.0,0.0014399999999999999,0.7,25.0,55.4017,0.33333333333333326,0.324,0.9720000000000002,0,1,1,5.771441123130016,0.0014389641942542824,3.0864197530864197,1.0288065843621397,0.004444444444444444,0.001481481481481481,0.004444444444444444,3.0864197530864197,1.4285714285714286,0.04,-0.5,1
ASAP7,INVX4,INVx4_ASAP7_6t_L,A,Y,rise,160.0,0.0028799999999999997,0.7,25.0,25.4357,1.0,0.216,0.216,1,1,1,5.081404364984463,0.002875860745464264,4.62962962962963,4.62962962962963,0.013333333333333332,0.013333333333333332,0.013333333333333332,4.62962962962963,1.4285714285714286,0.04,0.0,1
ASAP7,XOR2X2,XOR2x2_ASAP7_6t_L,A,Y,rise,40.0,0.023039999999999998,0.7,25.0,77.9848,1.0,0.37799999999999995,0.37799999999999995,0,1,1,3.7135720667043075,0.02277858688933957,2.645502645502646,2.645502645502646,0.06095238095238096,0.06095238095238096,0.06095238095238096,2.645502645502646,1.4285714285714286,0.04,0.0,1
ASAP7,XOR2X2,XOR2x2_ASAP7_6t_L,B,Y,fall,320.0,0.0057599999999999995,0.7,25.0,79.9798,1.0,0.37799999999999995,0.37799999999999995,0,1,1,5.771441123130016,0.005743474627065725,2.645502645502646,2.645502645502646,0.01523809523809524,0.01523809523809524,0.01523809523809524,2.645502645502646,1.4285714285714286,0.04,0.0,1
ASAP7,AND4X2,AND4x2_ASAP7_6t_L,C,Y,rise,320.0,0.0057599999999999995,0.7,25.0,69.3793,1.0,0.324,0.324,0,1,1,5.771441123130016,0.005743474627065725,3.0864197530864197,3.0864197530864197,0.017777777777777774,0.017777777777777774,0.017777777777777774,3.0864197530864197,1.4285714285714286,0.04,0.0,1
ASAP7,NAND3X1,NAND3x1_ASAP7_6t_L,B,Y,rise,5.0,0.011519999999999999,0.7,25.0,65.8614,0.3333333333333333,0.162,0.486,0,1,1,1.791759469228055,0.011454150045115854,6.172839506172839,2.05761316872428,0.0711111111111111,0.023703703703703703,0.0711111111111111,6.172839506172839,1.4285714285714286,0.04,-0.4999999999999999,1
ASAP7,NOR3X1,NOR3x1_ASAP7_6t_L,B,Y,rise,320.0,0.0057599999999999995,0.7,25.0,69.4216,3.0,0.486,0.162,0,1,1,5.771441123130016,0.005743474627065725,2.05761316872428,6.172839506172839,0.011851851851851851,0.03555555555555555,0.011851851851851851,2.05761316872428,1.4285714285714286,0.04,0.4999999999999999,1
ASAP7,NOR2X2,NOR2x2_ASAP7_6t_L,A,Y,rise,5.0,0.023039999999999998,0.7,25.0,59.5073,1.9999999999999998,0.43199999999999994,0.216,0,1,1,1.791759469228055,0.02277858688933957,2.3148148148148153,4.62962962962963,0.053333333333333344,0.10666666666666666,0.053333333333333344,2.3148148148148153,1.4285714285714286,0.04,0.3333333333333333,1
ASAP7,NOR3X2,NOR3x2_ASAP7_6t_L,A,Y,rise,160.0,0.0028799999999999997,0.7,25.0,29.9909,3.0000000000000004,0.9720000000000002,0.324,0,1,1,5.081404364984463,0.002875860745464264,1.0288065843621397,3.0864197530864197,0.002962962962962962,0.008888888888888887,0.002962962962962962,1.0288065843621397,1.4285714285714286,0.04,0.5,1
ASAP7,OR2X4,OR2x4_ASAP7_6t_L,A,Y,fall,40.0,0.09215999999999999,0.7,25.0,132.847,1.0,0.324,0.324,0,1,1,3.7135720667043075,0.08815738673620517,3.0864197530864197,3.0864197530864197,0.2844444444444444,0.2844444444444444,0.2844444444444444,3.0864197530864197,1.4285714285714286,0.04,0.0,1
ASAP7,NOR3X2,NOR3x2_ASAP7_6t_L,A,Y,rise,10.0,0.0014399999999999999,0.7,25.0,10.3338,3.0000000000000004,0.9720000000000002,0.324,0,1,1,2.3978952727983707,0.0014389641942542824,1.0288065843621397,3.0864197530864197,0.001481481481481481,0.004444444444444444,0.001481481481481481,1.0288065843621397,1.4285714285714286,0.04,0.5,1
ASAP7,AND3X2,AND3x2_ASAP7_6t_L,C,Y,rise,20.0,0.0028799999999999997,0.7,25.0,31.752,1.0,0.27,0.27,0,1,1,3.044522437723423,0.002875860745464264,3.7037037037037033,3.7037037037037033,0.010666666666666665,0.010666666666666665,0.010666666666666665,3.7037037037037033,1.4285714285714286,0.04,0.0,1
ASAP7,AND3X2,AND3x2_ASAP7_6t_L,A,Y,rise,10.0,0.0028799999999999997,0.7,25.0,30.265,1.0,0.27,0.27,0,1,1,2.3978952727983707,0.002875860745464264,3.7037037037037033,3.7037037037037033,0.010666666666666665,0.010666666666666665,0.010666666666666665,3.7037037037037033,1.4285714285714286,0.04,0.0,1
ASAP7,AND4X2,AND4x2_ASAP7_6t_L,D,Y,rise,40.0,0.0057599999999999995,0.7,25.0,48.0394,1.0,0.324,0.324,0,1,1,3.7135720667043075,0.005743474627065725,3.0864197530864197,3.0864197530864197,0.017777777777777774,0.017777777777777774,0.017777777777777774,3.0864197530864197,1.4285714285714286,0.04,0.0,1
ASAP7,AND3X2,AND3x2_ASAP7_6t_L,A,Y,rise,80.0,0.0028799999999999997,0.7,25.0,42.7335,1.0,0.27,0.27,0,1,1,4.394449154672438,0.002875860745464264,3.7037037037037033,3.7037037037037033,0.010666666666666665,0.010666666666666665,0.010666666666666665,3.7037037037037033,1.4285714285714286,0.04,0.0,1
ASAP7,NOR2X2,NOR2x2_ASAP7_6t_L,B,Y,fall,5.0,0.046079999999999996,0.7,25.0,99.7581,1.9999999999999998,0.43199999999999994,0.216,0,1,1,1.791759469228055,0.04504984455370874,2.3148148148148153,4.62962962962963,0.10666666666666669,0.21333333333333332,0.21333333333333332,4.62962962962963,1.4285714285714286,0.04,0.3333333333333333,1
ASAP7,NAND2X1,NAND2x1_ASAP7_6t_L,B,Y,fall,320.0,0.0007199999999999999,0.7,25.0,7.99536,0.5,0.108,0.216,0,1,1,5.771441123130016,0.0007197409243488539,9.25925925925926,4.62962962962963,0.006666666666666666,0.003333333333333333,0.003333333333333333,4.62962962962963,1.4285714285714286,0.04,-0.3333333333333333,1
ASAP7,AND4X2,AND4x2_ASAP7_6t_L,D,Y,fall,10.0,0.046079999999999996,0.7,25.0,111.605,1.0,0.324,0.324,0,1,1,2.3978952727983707,0.04504984455370874,3.0864197530864197,3.0864197530864197,0.1422222222222222,0.1422222222222222,0.1422222222222222,3.0864197530864197,1.4285714285714286,0.04,0.0,1
ASAP7,XOR2X2,XOR2x2_ASAP7_6t_L,B,Y,fall,40.0,0.09215999999999999,0.7,25.0,213.198,1.0,0.37799999999999995,0.37799999999999995,0,1,1,3.7135720667043075,0.08815738673620517,2.645502645502646,2.645502645502646,0.24380952380952384,0.24380952380952384,0.24380952380952384,2.645502645502646,1.4285714285714286,0.04,0.0,1
ASAP7,AND3X2,AND3x2_ASAP7_6t_L,B,Y,fall,5.0,0.0028799999999999997,0.7,25.0,19.3884,1.0,0.27,0.27,0,1,1,1.791759469228055,0.002875860745464264,3.7037037037037033,3.7037037037037033,0.010666666666666665,0.010666666666666665,0.010666666666666665,3.7037037037037033,1.4285714285714286,0.04,0.0,1
ASAP7,NOR2X2,NOR2x2_ASAP7_6t_L,A,Y,rise,80.0,0.011519999999999999,0.7,25.0,46.9238,1.9999999999999998,0.43199999999999994,0.216,0,1,1,4.394449154672438,0.011454150045115854,2.3148148148148153,4.62962962962963,0.026666666666666672,0.05333333333333333,0.026666666666666672,2.3148148148148153,1.4285714285714286,0.04,0.3333333333333333,1
ASAP7,AND4X2,AND4x2_ASAP7_6t_L,A,Y,fall,320.0,0.0028799999999999997,0.7,25.0,45.9706,1.0,0.324,0.324,0,1,1,5.771441123130016,0.002875860745464264,3.0864197530864197,3.0864197530864197,0.008888888888888887,0.008888888888888887,0.008888888888888887,3.0864197530864197,1.4285714285714286,0.04,0.0,1
ASAP7,OR4X1,OR4x1_ASAP7_6t_L,A,Y,rise,40.0,0.046079999999999996,0.7,25.0,241.565,1.0,0.27,0.27,0,1,1,3.7135720667043075,0.04504984455370874,3.7037037037037033,3.7037037037037033,0.17066666666666663,0.17066666666666663,0.17066666666666663,3.7037037037037033,1.4285714285714286,0.04,0.0,1
ASAP7,XOR2X2,XOR2x2_ASAP7_6t_L,B,Y,fall,10.0,0.011519999999999999,0.7,25.0,45.0981,1.0,0.37799999999999995,0.37799999999999995,0,1,1,2.3978952727983707,0.011454150045115854,2.645502645502646,2.645502645502646,0.03047619047619048,0.03047619047619048,0.03047619047619048,2.645502645502646,1.4285714285714286,0.04,0.0,1
ASAP7,NAND2X1,NAND2x1_ASAP7_6t_L,B,Y,rise,160.0,0.0014399999999999999,0.7,25.0,40.3256,0.5,0.108,0.216,0,1,1,5.081404364984463,0.0014389641942542824,9.25925925925926,4.62962962962963,0.013333333333333332,0.006666666666666666,0.013333333333333332,9.25925925925926,1.4285714285714286,0.04,-0.3333333333333333,1
ASAP7,NOR2X1,NOR2x1_ASAP7_6t_L,A,Y,rise,10.0,0.0028799999999999997,0.7,25.0,20.4739,2.0,0.216,0.108,0,1,1,2.3978952727983707,0.002875860745464264,4.62962962962963,9.25925925925926,0.013333333333333332,0.026666666666666665,0.013333333333333332,4.62962962962963,1.4285714285714286,0.04,0.3333333333333333,1
ASAP7,INVX1,INVx1_ASAP7_6t_L,A,Y,fall,5.0,0.0057599999999999995,0.7,25.0,26.9275,1.0,0.054,0.054,1,1,1,1.791759469228055,0.005743474627065725,18.51851851851852,18.51851851851852,0.10666666666666666,0.10666666666666666,0.10666666666666666,18.51851851851852,1.4285714285714286,0.04,0.0,1
ASAP7,NOR2X2,NOR2x2_ASAP7_6t_L,B,Y,fall,160.0,0.0057599999999999995,0.7,25.0,41.6061,1.9999999999999998,0.43199999999999994,0.216,0,1,1,5.081404364984463,0.005743474627065725,2.3148148148148153,4.62962962962963,0.013333333333333336,0.026666666666666665,0.026666666666666665,4.62962962962963,1.4285714285714286,0.04,0.3333333333333333,1
ASAP7,OR3X4,OR3x4_ASAP7_6t_L,A,Y,fall,20.0,0.011519999999999999,0.7,25.0,58.1013,1.0,0.37799999999999995,0.37799999999999995,0,1,1,3.044522437723423,0.011454150045115854,2.645502645502646,2.645502645502646,0.03047619047619048,0.03047619047619048,0.03047619047619048,2.645502645502646,1.4285714285714286,0.04,0.0,1
ASAP7,INVX2,INVx2_ASAP7_6t_L,A,Y,fall,10.0,0.023039999999999998,0.7,25.0,51.7092,1.0,0.108,0.108,1,1,1,2.3978952727983707,0.02277858688933957,9.25925925925926,9.25925925925926,0.21333333333333332,0.21333333333333332,0.21333333333333332,9.25925925925926,1.4285714285714286,0.04,0.0,1
ASAP7,NOR2X1,NOR2x1_ASAP7_6t_L,B,Y,fall,5.0,0.011519999999999999,0.7,25.0,52.1249,2.0,0.216,0.108,0,1,1,1.791759469228055,0.011454150045115854,4.62962962962963,9.25925925925926,0.05333333333333333,0.10666666666666666,0.10666666666666666,9.25925925925926,1.4285714285714286,0.04,0.3333333333333333,1
ASAP7,AND4X2,AND4x2_ASAP7_6t_L,A,Y,fall,10.0,0.011519999999999999,0.7,25.0,38.5822,1.0,0.324,0.324,0,1,1,2.3978952727983707,0.011454150045115854,3.0864197530864197,3.0864197530864197,0.03555555555555555,0.03555555555555555,0.03555555555555555,3.0864197530864197,1.4285714285714286,0.04,0.0,1
ASAP7,NAND2X1,NAND2x1_ASAP7_6t_L,B,Y,rise,20.0,0.0028799999999999997,0.7,25.0,24.0741,0.5,0.108,0.216,0,1,1,3.044522437723423,0.002875860745464264,9.25925925925926,4.62962962962963,0.026666666666666665,0.013333333333333332,0.026666666666666665,9.25925925925926,1.4285714285714286,0.04,-0.3333333333333333,1
ASAP7,OR3X4,OR3x4_ASAP7_6t_L,A,Y,rise,320.0,0.011519999999999999,0.7,25.0,52.258,1.0,0.37799999999999995,0.37799999999999995,0,1,1,5.771441123130016,0.011454150045115854,2.645502645502646,2.645502645502646,0.03047619047619048,0.03047619047619048,0.03047619047619048,2.645502645502646,1.4285714285714286,0.04,0.0,1
ASAP7,NAND2X1,NAND2x1_ASAP7_6t_L,B,Y,rise,320.0,0.023039999999999998,0.7,25.0,218.459,0.5,0.108,0.216,0,1,1,5.771441123130016,0.02277858688933957,9.25925925925926,4.62962962962963,0.21333333333333332,0.10666666666666666,0.21333333333333332,9.25925925925926,1.4285714285714286,0.04,-0.3333333333333333,1
ASAP7,OR4X1,OR4x1_ASAP7_6t_L,B,Y,fall,80.0,0.023039999999999998,0.7,25.0,140.918,1.0,0.27,0.27,0,1,1,4.394449154672438,0.02277858688933957,3.7037037037037033,3.7037037037037033,0.08533333333333332,0.08533333333333332,0.08533333333333332,3.7037037037037033,1.4285714285714286,0.04,0.0,1
ASAP7,AND3X4,AND3x4_ASAP7_6t_L,B,Y,fall,80.0,0.0028799999999999997,0.7,25.0,42.5063,0.7,0.37799999999999995,0.54,0,1,1,4.394449154672438,0.002875860745464264,2.645502645502646,1.8518518518518516,0.00761904761904762,0.005333333333333332,0.005333333333333332,1.8518518518518516,1.4285714285714286,0.04,-0.17647058823529424,1
ASAP7,OR2X4,OR2x4_ASAP7_6t_L,B,Y,rise,20.0,0.023039999999999998,0.7,25.0,47.7566,1.0,0.324,0.324,0,1,1,3.044522437723423,0.02277858688933957,3.0864197530864197,3.0864197530864197,0.0711111111111111,0.0711111111111111,0.0711111111111111,3.0864197530864197,1.4285714285714286,0.04,0.0,1
ASAP7,NAND2X1,NAND2x1_ASAP7_6t_L,B,Y,fall,5.0,0.0007199999999999999,0.7,25.0,6.44036,0.5,0.108,0.216,0,1,1,1.791759469228055,0.0007197409243488539,9.25925925925926,4.62962962962963,0.006666666666666666,0.003333333333333333,0.003333333333333333,4.62962962962963,1.4285714285714286,0.04,-0.3333333333333333,1
ASAP7,INVX2,INVx2_ASAP7_6t_L,A,Y,fall,5.0,0.0014399999999999999,0.7,25.0,5.90596,1.0,0.108,0.108,1,1,1,1.791759469228055,0.0014389641942542824,9.25925925925926,9.25925925925926,0.013333333333333332,0.013333333333333332,0.013333333333333332,9.25925925925926,1.4285714285714286,0.04,0.0,1
ASAP7,OR2X2,OR2x2_ASAP7_6t_L,B,Y,rise,10.0,0.0028799999999999997,0.7,25.0,25.0401,1.3333333333333335,0.216,0.162,0,1,1,2.3978952727983707,0.002875860745464264,4.62962962962963,6.172839506172839,0.013333333333333332,0.017777777777777774,0.013333333333333332,4.62962962962963,1.4285714285714286,0.04,0.14285714285714285,1
ASAP7,AND3X4,AND3x4_ASAP7_6t_L,B,Y,rise,40.0,0.023039999999999998,0.7,25.0,57.1716,0.7,0.37799999999999995,0.54,0,1,1,3.7135720667043075,0.02277858688933957,2.645502645502646,1.8518518518518516,0.06095238095238096,0.04266666666666666,0.06095238095238096,2.645502645502646,1.4285714285714286,0.04,-0.17647058823529424,1
ASAP7,OR2X4,OR2x4_ASAP7_6t_L,B,Y,fall,160.0,0.0028799999999999997,0.7,25.0,61.2298,1.0,0.324,0.324,0,1,1,5.081404364984463,0.002875860745464264,3.0864197530864197,3.0864197530864197,0.008888888888888887,0.008888888888888887,0.008888888888888887,3.0864197530864197,1.4285714285714286,0.04,0.0,1
ASAP7,OR3X4,OR3x4_ASAP7_6t_L,A,Y,fall,5.0,0.023039999999999998,0.7,25.0,69.5995,1.0,0.37799999999999995,0.37799999999999995,0,1,1,1.791759469228055,0.02277858688933957,2.645502645502646,2.645502645502646,0.06095238095238096,0.06095238095238096,0.06095238095238096,2.645502645502646,1.4285714285714286,0.04,0.0,1
ASAP7,NAND2X1,NAND2x1_ASAP7_6t_L,A,Y,fall,20.0,0.0014399999999999999,0.7,25.0,11.8524,0.5,0.108,0.216,0,1,1,3.044522437723423,0.0014389641942542824,9.25925925925926,4.62962962962963,0.013333333333333332,0.006666666666666666,0.006666666666666666,4.62962962962963,1.4285714285714286,0.04,-0.3333333333333333,1
ASAP7,NOR3X2,NOR3x2_ASAP7_6t_L,B,Y,fall,160.0,0.0014399999999999999,0.7,25.0,30.6126,3.0000000000000004,0.9720000000000002,0.324,0,1,1,5.081404364984463,0.0014389641942542824,1.0288065843621397,3.0864197530864197,0.001481481481481481,0.004444444444444444,0.004444444444444444,3.0864197530864197,1.4285714285714286,0.04,0.5,1
ASAP7,NAND3X2,NAND3x2_ASAP7_6t_L,B,Y,fall,5.0,0.0014399999999999999,0.7,25.0,8.08801,0.33333333333333326,0.324,0.9720000000000002,0,1,1,1.791759469228055,0.0014389641942542824,3.0864197530864197,1.0288065843621397,0.004444444444444444,0.001481481481481481,0.001481481481481481,1.0288065843621397,1.4285714285714286,0.04,-0.5,1
ASAP7,INVX2,INVx2_ASAP7_6t_L,A,Y,fall,160.0,0.046079999999999996,0.7,25.0,142.426,1.0,0.108,0.108,1,1,1,5.081404364984463,0.04504984455370874,9.25925925925926,9.25925925925926,0.42666666666666664,0.42666666666666664,0.42666666666666664,9.25925925925926,1.4285714285714286,0.04,0.0,1
ASAP7,NOR2X2,NOR2x2_ASAP7_6t_L,B,Y,fall,40.0,0.0028799999999999997,0.7,25.0,18.1867,1.9999999999999998,0.43199999999999994,0.216,0,1,1,3.7135720667043075,0.002875860745464264,2.3148148148148153,4.62962962962963,0.006666666666666668,0.013333333333333332,0.013333333333333332,4.62962962962963,1.4285714285714286,0.04,0.3333333333333333,1
ASAP7,AND3X2,AND3x2_ASAP7_6t_L,A,Y,fall,160.0,0.09215999999999999,0.7,25.0,223.413,1.0,0.27,0.27,0,1,1,5.081404364984463,0.08815738673620517,3.7037037037037033,3.7037037037037033,0.34133333333333327,0.34133333333333327,0.34133333333333327,3.7037037037037033,1.4285714285714286,0.04,0.0,1
ASAP7,BUFX2,BUFx2_ASAP7_6t_L,A,Y,rise,10.0,0.011519999999999999,0.7,25.0,45.7985,1.0,0.135,0.135,0,1,1,2.3978952727983707,0.011454150045115854,7.4074074074074066,7.4074074074074066,0.08533333333333332,0.08533333333333332,0.08533333333333332,7.4074074074074066,1.4285714285714286,0.04,0.0,1
ASAP7,OR2X2,OR2x2_ASAP7_6t_L,A,Y,rise,40.0,0.09215999999999999,0.7,25.0,253.912,1.3333333333333335,0.216,0.162,0,1,1,3.7135720667043075,0.08815738673620517,4.62962962962963,6.172839506172839,0.42666666666666664,0.5688888888888888,0.42666666666666664,4.62962962962963,1.4285714285714286,0.04,0.14285714285714285,1
ASAP7,INVX8,INVx8_ASAP7_6t_L,A,Y,fall,5.0,0.023039999999999998,0.7,25.0,15.1802,1.0,0.43199999999999994,0.43199999999999994,1,1,1,1.791759469228055,0.02277858688933957,2.3148148148148153,2.3148148148148153,0.053333333333333344,0.053333333333333344,0.053333333333333344,2.3148148148148153,1.4285714285714286,0.04,0.0,1
ASAP7,OR3X4,OR3x4_ASAP7_6t_L,C,Y,rise,5.0,0.046079999999999996,0.7,25.0,74.9153,1.0,0.37799999999999995,0.37799999999999995,0,1,1,1.791759469228055,0.04504984455370874,2.645502645502646,2.645502645502646,0.12190476190476192,0.12190476190476192,0.12190476190476192,2.645502645502646,1.4285714285714286,0.04,0.0,1
ASAP7,NOR2X2,NOR2x2_ASAP7_6t_L,B,Y,fall,20.0,0.09215999999999999,0.7,25.0,198.473,1.9999999999999998,0.43199999999999994,0.216,0,1,1,3.044522437723423,0.08815738673620517,2.3148148148148153,4.62962962962963,0.21333333333333337,0.42666666666666664,0.42666666666666664,4.62962962962963,1.4285714285714286,0.04,0.3333333333333333,1
ASAP7,OR4X1,OR4x1_ASAP7_6t_L,C,Y,fall,80.0,0.0028799999999999997,0.7,25.0,53.5938,1.0,0.27,0.27,0,1,1,4.394449154672438,0.002875860745464264,3.7037037037037033,3.7037037037037033,0.010666666666666665,0.010666666666666665,0.010666666666666665,3.7037037037037033,1.4285714285714286,0.04,0.0,1
ASAP7,AND4X2,AND4x2_ASAP7_6t_L,B,Y,fall,5.0,0.0057599999999999995,0.7,25.0,25.7805,1.0,0.324,0.324,0,1,1,1.791759469228055,0.005743474627065725,3.0864197530864197,3.0864197530864197,0.017777777777777774,0.017777777777777774,0.017777777777777774,3.0864197530864197,1.4285714285714286,0.04,0.0,1
ASAP7,AND4X2,AND4x2_ASAP7_6t_L,B,Y,fall,320.0,0.0028799999999999997,0.7,25.0,50.2933,1.0,0.324,0.324,0,1,1,5.771441123130016,0.002875860745464264,3.0864197530864197,3.0864197530864197,0.008888888888888887,0.008888888888888887,0.008888888888888887,3.0864197530864197,1.4285714285714286,0.04,0.0,1
ASAP7,NOR3X1,NOR3x1_ASAP7_6t_L,A,Y,fall,320.0,0.011519999999999999,0.7,25.0,122.955,3.0,0.486,0.162,0,1,1,5.771441123130016,0.011454150045115854,2.05761316872428,6.172839506172839,0.023703703703703703,0.0711111111111111,0.0711111111111111,6.172839506172839,1.4285714285714286,0.04,0.4999999999999999,1
ASAP7,OR4X1,OR4x1_ASAP7_6t_L,A,Y,fall,160.0,0.023039999999999998,0.7,25.0,157.06,1.0,0.27,0.27,0,1,1,5.081404364984463,0.02277858688933957,3.7037037037037033,3.7037037037037033,0.08533333333333332,0.08533333333333332,0.08533333333333332,3.7037037037037033,1.4285714285714286,0.04,0.0,1
ASAP7,OR3X4,OR3x4_ASAP7_6t_L,B,Y,rise,320.0,0.011519999999999999,0.7,25.0,55.1415,1.0,0.37799999999999995,0.37799999999999995,0,1,1,5.771441123130016,0.011454150045115854,2.645502645502646,2.645502645502646,0.03047619047619048,0.03047619047619048,0.03047619047619048,2.645502645502646,1.4285714285714286,0.04,0.0,1
ASAP7,XOR2X2,XOR2x2_ASAP7_6t_L,B,Y,fall,160.0,0.0028799999999999997,0.7,25.0,35.2486,1.0,0.37799999999999995,0.37799999999999995,0,1,1,5.081404364984463,0.002875860745464264,2.645502645502646,2.645502645502646,0.00761904761904762,0.00761904761904762,0.00761904761904762,2.645502645502646,1.4285714285714286,0.04,0.0,1
ASAP7,NAND3X1,NAND3x1_ASAP7_6t_L,C,Y,rise,10.0,0.0014399999999999999,0.7,25.0,19.1409,0.3333333333333333,0.162,0.486,0,1,1,2.3978952727983707,0.0014389641942542824,6.172839506172839,2.05761316872428,0.008888888888888887,0.002962962962962963,0.008888888888888887,6.172839506172839,1.4285714285714286,0.04,-0.4999999999999999,1
ASAP7,OR4X1,OR4x1_ASAP7_6t_L,D,Y,rise,80.0,0.0057599999999999995,0.7,25.0,49.3591,1.0,0.27,0.27,0,1,1,4.394449154672438,0.005743474627065725,3.7037037037037033,3.7037037037037033,0.02133333333333333,0.02133333333333333,0.02133333333333333,3.7037037037037033,1.4285714285714286,0.04,0.0,1
ASAP7,OR3X4,OR3x4_ASAP7_6t_L,A,Y,fall,5.0,0.09215999999999999,0.7,25.0,143.336,1.0,0.37799999999999995,0.37799999999999995,0,1,1,1.791759469228055,0.08815738673620517,2.645502645502646,2.645502645502646,0.24380952380952384,0.24380952380952384,0.24380952380952384,2.645502645502646,1.4285714285714286,0.04,0.0,1
ASAP7,NOR2X1,NOR2x1_ASAP7_6t_L,B,Y,fall,40.0,0.0007199999999999999,0.7,25.0,13.305,2.0,0.216,0.108,0,1,1,3.7135720667043075,0.0007197409243488539,4.62962962962963,9.25925925925926,0.003333333333333333,0.006666666666666666,0.006666666666666666,9.25925925925926,1.4285714285714286,0.04,0.3333333333333333,1
ASAP7,NAND3X1,NAND3x1_ASAP7_6t_L,B,Y,rise,40.0,0.0057599999999999995,0.7,25.0,48.2239,0.3333333333333333,0.162,0.486,0,1,1,3.7135720667043075,0.005743474627065725,6.172839506172839,2.05761316872428,0.03555555555555555,0.011851851851851851,0.03555555555555555,6.172839506172839,1.4285714285714286,0.04,-0.4999999999999999,1
ASAP7,AND3X2,AND3x2_ASAP7_6t_L,B,Y,fall,40.0,0.011519999999999999,0.7,25.0,46.3712,1.0,0.27,0.27,0,1,1,3.7135720667043075,0.011454150045115854,3.7037037037037033,3.7037037037037033,0.04266666666666666,0.04266666666666666,0.04266666666666666,3.7037037037037033,1.4285714285714286,0.04,0.0,1
ASAP7,AND4X2,AND4x2_ASAP7_6t_L,B,Y,fall,80.0,0.0014399999999999999,0.7,25.0,30.2162,1.0,0.324,0.324,0,1,1,4.394449154672438,0.0014389641942542824,3.0864197530864197,3.0864197530864197,0.004444444444444444,0.004444444444444444,0.004444444444444444,3.0864197530864197,1.4285714285714286,0.04,0.0,1
ASAP7,OR4X1,OR4x1_ASAP7_6t_L,C,Y,rise,20.0,0.0028799999999999997,0.7,25.0,28.7,1.0,0.27,0.27,0,1,1,3.044522437723423,0.002875860745464264,3.7037037037037033,3.7037037037037033,0.010666666666666665,0.010666666666666665,0.010666666666666665,3.7037037037037033,1.4285714285714286,0.04,0.0,1
ASAP7,AND4X2,AND4x2_ASAP7_6t_L,A,Y,rise,320.0,0.09215999999999999,0.7,25.0,300.428,1.0,0.324,0.324,0,1,1,5.771441123130016,0.08815738673620517,3.0864197530864197,3.0864197530864197,0.2844444444444444,0.2844444444444444,0.2844444444444444,3.0864197530864197,1.4285714285714286,0.04,0.0,1
ASAP7,OR4X1,OR4x1_ASAP7_6t_L,C,Y,fall,40.0,0.0014399999999999999,0.7,25.0,40.795,1.0,0.27,0.27,0,1,1,3.7135720667043075,0.0014389641942542824,3.7037037037037033,3.7037037037037033,0.005333333333333332,0.005333333333333332,0.005333333333333332,3.7037037037037033,1.4285714285714286,0.04,0.0,1
ASAP7,NAND2X1,NAND2x1_ASAP7_6t_L,A,Y,rise,160.0,0.0028799999999999997,0.7,25.0,57.8221,0.5,0.108,0.216,0,1,1,5.081404364984463,0.002875860745464264,9.25925925925926,4.62962962962963,0.026666666666666665,0.013333333333333332,0.026666666666666665,9.25925925925926,1.4285714285714286,0.04,-0.3333333333333333,1
ASAP7,OR2X2,OR2x2_ASAP7_6t_L,B,Y,rise,10.0,0.0057599999999999995,0.7,25.0,32.4721,1.3333333333333335,0.216,0.162,0,1,1,2.3978952727983707,0.005743474627065725,4.62962962962963,6.172839506172839,0.026666666666666665,0.03555555555555555,0.026666666666666665,4.62962962962963,1.4285714285714286,0.04,0.14285714285714285,1
ASAP7,NOR2X2,NOR2x2_ASAP7_6t_L,B,Y,fall,40.0,0.023039999999999998,0.7,25.0,62.1528,1.9999999999999998,0.43199999999999994,0.216,0,1,1,3.7135720667043075,0.02277858688933957,2.3148148148148153,4.62962962962963,0.053333333333333344,0.10666666666666666,0.10666666666666666,4.62962962962963,1.4285714285714286,0.04,0.3333333333333333,1
ASAP7,AND4X2,AND4x2_ASAP7_6t_L,B,Y,fall,160.0,0.09215999999999999,0.7,25.0,225.403,1.0,0.324,0.324,0,1,1,5.081404364984463,0.08815738673620517,3.0864197530864197,3.0864197530864197,0.2844444444444444,0.2844444444444444,0.2844444444444444,3.0864197530864197,1.4285714285714286,0.04,0.0,1
ASAP7,NOR2X1,NOR2x1_ASAP7_6t_L,B,Y,rise,20.0,0.046079999999999996,0.7,25.0,222.752,2.0,0.216,0.108,0,1,1,3.044522437723423,0.04504984455370874,4.62962962962963,9.25925925925926,0.21333333333333332,0.42666666666666664,0.21333333333333332,4.62962962962963,1.4285714285714286,0.04,0.3333333333333333,1
ASAP7,OR4X1,OR4x1_ASAP7_6t_L,B,Y,rise,80.0,0.0057599999999999995,0.7,25.0,46.9086,1.0,0.27,0.27,0,1,1,4.394449154672438,0.005743474627065725,3.7037037037037033,3.7037037037037033,0.02133333333333333,0.02133333333333333,0.02133333333333333,3.7037037037037033,1.4285714285714286,0.04,0.0,1
ASAP7,AND4X2,AND4x2_ASAP7_6t_L,C,Y,rise,10.0,0.011519999999999999,0.7,25.0,61.5375,1.0,0.324,0.324,0,1,1,2.3978952727983707,0.011454150045115854,3.0864197530864197,3.0864197530864197,0.03555555555555555,0.03555555555555555,0.03555555555555555,3.0864197530864197,1.4285714285714286,0.04,0.0,1
ASAP7,BUFX2,BUFx2_ASAP7_6t_L,A,Y,fall,5.0,0.0014399999999999999,0.7,25.0,19.6903,1.0,0.135,0.135,0,1,1,1.791759469228055,0.0014389641942542824,7.4074074074074066,7.4074074074074066,0.010666666666666665,0.010666666666666665,0.010666666666666665,7.4074074074074066,1.4285714285714286,0.04,0.0,1
ASAP7,INVX8,INVx8_ASAP7_6t_L,A,Y,rise,160.0,0.18431999999999998,0.7,25.0,168.079,1.0,0.43199999999999994,0.43199999999999994,1,1,1,5.081404364984463,0.1691687702156541,2.3148148148148153,2.3148148148148153,0.42666666666666675,0.42666666666666675,0.42666666666666675,2.3148148148148153,1.4285714285714286,0.04,0.0,1
ASAP7,NAND2X1,NAND2x1_ASAP7_6t_L,A,Y,fall,5.0,0.046079999999999996,0.7,25.0,164.275,0.5,0.108,0.216,0,1,1,1.791759469228055,0.04504984455370874,9.25925925925926,4.62962962962963,0.42666666666666664,0.21333333333333332,0.21333333333333332,4.62962962962963,1.4285714285714286,0.04,-0.3333333333333333,1
ASAP7,NOR3X1,NOR3x1_ASAP7_6t_L,A,Y,rise,5.0,0.046079999999999996,0.7,25.0,218.572,3.0,0.486,0.162,0,1,1,1.791759469228055,0.04504984455370874,2.05761316872428,6.172839506172839,0.09481481481481481,0.2844444444444444,0.09481481481481481,2.05761316872428,1.4285714285714286,0.04,0.4999999999999999,1
ASAP7,NAND2X1,NAND2x1_ASAP7_6t_L,A,Y,rise,5.0,0.0014399999999999999,0.7,25.0,13.9903,0.5,0.108,0.216,0,1,1,1.791759469228055,0.0014389641942542824,9.25925925925926,4.62962962962963,0.013333333333333332,0.006666666666666666,0.013333333333333332,9.25925925925926,1.4285714285714286,0.04,-0.3333333333333333,1
ASAP7,XOR2X2,XOR2x2_ASAP7_6t_L,A,Y,fall,20.0,0.09215999999999999,0.7,25.0,212.418,1.0,0.37799999999999995,0.37799999999999995,0,1,1,3.044522437723423,0.08815738673620517,2.645502645502646,2.645502645502646,0.24380952380952384,0.24380952380952384,0.24380952380952384,2.645502645502646,1.4285714285714286,0.04,0.0,1
ASAP7,NOR2X2,NOR2x2_ASAP7_6t_L,A,Y,fall,5.0,0.011519999999999999,0.7,25.0,29.7547,1.9999999999999998,0.43199999999999994,0.216,0,1,1,1.791759469228055,0.011454150045115854,2.3148148148148153,4.62962962962963,0.026666666666666672,0.05333333333333333,0.05333333333333333,4.62962962962963,1.4285714285714286,0.04,0.3333333333333333,1
ASAP7,AND4X2,AND4x2_ASAP7_6t_L,D,Y,rise,10.0,0.0057599999999999995,0.7,25.0,46.4279,1.0,0.324,0.324,0,1,1,2.3978952727983707,0.005743474627065725,3.0864197530864197,3.0864197530864197,0.017777777777777774,0.017777777777777774,0.017777777777777774,3.0864197530864197,1.4285714285714286,0.04,0.0,1
ASAP7,AND3X2,AND3x2_ASAP7_6t_L,C,Y,rise,40.0,0.0014399999999999999,0.7,25.0,28.3779,1.0,0.27,0.27,0,1,1,3.7135720667043075,0.0014389641942542824,3.7037037037037033,3.7037037037037033,0.005333333333333332,0.005333333333333332,0.005333333333333332,3.7037037037037033,1.4285714285714286,0.04,0.0,1
ASAP7,AND3X2,AND3x2_ASAP7_6t_L,C,Y,fall,160.0,0.011519999999999999,0.7,25.0,63.4205,1.0,0.27,0.27,0,1,1,5.081404364984463,0.011454150045115854,3.7037037037037033,3.7037037037037033,0.04266666666666666,0.04266666666666666,0.04266666666666666,3.7037037037037033,1.4285714285714286,0.04,0.0,1
ASAP7,AND3X2,AND3x2_ASAP7_6t_L,A,Y,fall,10.0,0.023039999999999998,0.7,25.0,62.1062,1.0,0.27,0.27,0,1,1,2.3978952727983707,0.02277858688933957,3.7037037037037033,3.7037037037037033,0.08533333333333332,0.08533333333333332,0.08533333333333332,3.7037037037037033,1.4285714285714286,0.04,0.0,1
ASAP7,NOR3X1,NOR3x1_ASAP7_6t_L,A,Y,fall,5.0,0.0028799999999999997,0.7,25.0,17.9559,3.0,0.486,0.162,0,1,1,1.791759469228055,0.002875860745464264,2.05761316872428,6.172839506172839,0.005925925925925926,0.017777777777777774,0.017777777777777774,6.172839506172839,1.4285714285714286,0.04,0.4999999999999999,1
ASAP7,NOR3X2,NOR3x2_ASAP7_6t_L,B,Y,rise,320.0,0.0028799999999999997,0.7,25.0,32.032,3.0000000000000004,0.9720000000000002,0.324,0,1,1,5.771441123130016,0.002875860745464264,1.0288065843621397,3.0864197530864197,0.002962962962962962,0.008888888888888887,0.002962962962962962,1.0288065843621397,1.4285714285714286,0.04,0.5,1
ASAP7,OR4X1,OR4x1_ASAP7_6t_L,D,Y,fall,5.0,0.023039999999999998,0.7,25.0,129.436,1.0,0.27,0.27,0,1,1,1.791759469228055,0.02277858688933957,3.7037037037037033,3.7037037037037033,0.08533333333333332,0.08533333333333332,0.08533333333333332,3.7037037037037033,1.4285714285714286,0.04,0.0,1
ASAP7,NAND3X1,NAND3x1_ASAP7_6t_L,C,Y,rise,80.0,0.0057599999999999995,0.7,25.0,63.4698,0.3333333333333333,0.162,0.486,0,1,1,4.394449154672438,0.005743474627065725,6.172839506172839,2.05761316872428,0.03555555555555555,0.011851851851851851,0.03555555555555555,6.172839506172839,1.4285714285714286,0.04,-0.4999999999999999,1
ASAP7,AND4X2,AND4x2_ASAP7_6t_L,D,Y,fall,5.0,0.0014399999999999999,0.7,25.0,17.3253,1.0,0.324,0.324,0,1,1,1.791759469228055,0.0014389641942542824,3.0864197530864197,3.0864197530864197,0.004444444444444444,0.004444444444444444,0.004444444444444444,3.0864197530864197,1.4285714285714286,0.04,0.0,1
ASAP7,NOR2X2,NOR2x2_ASAP7_6t_L,A,Y,fall,5.0,0.09215999999999999,0.7,25.0,195.628,1.9999999999999998,0.43199999999999994,0.216,0,1,1,1.791759469228055,0.08815738673620517,2.3148148148148153,4.62962962962963,0.21333333333333337,0.42666666666666664,0.42666666666666664,4.62962962962963,1.4285714285714286,0.04,0.3333333333333333,1
ASAP7,NOR3X1,NOR3x1_ASAP7_6t_L,C,Y,rise,5.0,0.011519999999999999,0.7,25.0,61.2505,3.0,0.486,0.162,0,1,1,1.791759469228055,0.011454150045115854,2.05761316872428,6.172839506172839,0.023703703703703703,0.0711111111111111,0.023703703703703703,2.05761316872428,1.4285714285714286,0.04,0.4999999999999999,1
ASAP7,XOR2X2,XOR2x2_ASAP7_6t_L,B,Y,rise,20.0,0.0028799999999999997,0.7,25.0,33.5977,1.0,0.37799999999999995,0.37799999999999995,0,1,1,3.044522437723423,0.002875860745464264,2.645502645502646,2.645502645502646,0.00761904761904762,0.00761904761904762,0.00761904761904762,2.645502645502646,1.4285714285714286,0.04,0.0,1
ASAP7,OR3X4,OR3x4_ASAP7_6t_L,B,Y,rise,10.0,0.18431999999999998,0.7,25.0,247.473,1.0,0.37799999999999995,0.37799999999999995,0,1,1,2.3978952727983707,0.1691687702156541,2.645502645502646,2.645502645502646,0.4876190476190477,0.4876190476190477,0.4876190476190477,2.645502645502646,1.4285714285714286,0.04,0.0,1
ASAP7,AND3X4,AND3x4_ASAP7_6t_L,C,Y,rise,20.0,0.011519999999999999,0.7,25.0,39.3838,0.7,0.37799999999999995,0.54,0,1,1,3.044522437723423,0.011454150045115854,2.645502645502646,1.8518518518518516,0.03047619047619048,0.02133333333333333,0.03047619047619048,2.645502645502646,1.4285714285714286,0.04,-0.17647058823529424,1
ASAP7,NOR3X1,NOR3x1_ASAP7_6t_L,A,Y,fall,40.0,0.0057599999999999995,0.7,25.0,39.4991,3.0,0.486,0.162,0,1,1,3.7135720667043075,0.005743474627065725,2.05761316872428,6.172839506172839,0.011851851851851851,0.03555555555555555,0.03555555555555555,6.172839506172839,1.4285714285714286,0.04,0.4999999999999999,1
ASAP7,AND4X2,AND4x2_ASAP7_6t_L,D,Y,rise,40.0,0.023039999999999998,0.7,25.0,92.291,1.0,0.324,0.324,0,1,1,3.7135720667043075,0.02277858688933957,3.0864197530864197,3.0864197530864197,0.0711111111111111,0.0711111111111111,0.0711111111111111,3.0864197530864197,1.4285714285714286,0.04,0.0,1
ASAP7,OR4X1,OR4x1_ASAP7_6t_L,A,Y,fall,320.0,0.011519999999999999,0.7,25.0,134.957,1.0,0.27,0.27,0,1,1,5.771441123130016,0.011454150045115854,3.7037037037037033,3.7037037037037033,0.04266666666666666,0.04266666666666666,0.04266666666666666,3.7037037037037033,1.4285714285714286,0.04,0.0,1
ASAP7,AND3X4,AND3x4_ASAP7_6t_L,B,Y,rise,80.0,0.09215999999999999,0.7,25.0,146.332,0.7,0.37799999999999995,0.54,0,1,1,4.394449154672438,0.08815738673620517,2.645502645502646,1.8518518518518516,0.24380952380952384,0.17066666666666663,0.24380952380952384,2.645502645502646,1.4285714285714286,0.04,-0.17647058823529424,1
ASAP7,AND3X4,AND3x4_ASAP7_6t_L,A,Y,rise,40.0,0.011519999999999999,0.7,25.0,42.1971,0.7,0.37799999999999995,0.54,0,1,1,3.7135720667043075,0.011454150045115854,2.645502645502646,1.8518518518518516,0.03047619047619048,0.02133333333333333,0.03047619047619048,2.645502645502646,1.4285714285714286,0.04,-0.17647058823529424,1
ASAP7,NOR3X1,NOR3x1_ASAP7_6t_L,A,Y,rise,80.0,0.0014399999999999999,0.7,25.0,23.4859,3.0,0.486,0.162,0,1,1,4.394449154672438,0.0014389641942542824,2.05761316872428,6.172839506172839,0.002962962962962963,0.008888888888888887,0.002962962962962963,2.05761316872428,1.4285714285714286,0.04,0.4999999999999999,1
ASAP7,NOR3X2,NOR3x2_ASAP7_6t_L,C,Y,rise,80.0,0.09215999999999999,0.7,25.0,232.503,3.0000000000000004,0.9720000000000002,0.324,0,1,1,4.394449154672438,0.08815738673620517,1.0288065843621397,3.0864197530864197,0.09481481481481478,0.2844444444444444,0.09481481481481478,1.0288065843621397,1.4285714285714286,0.04,0.5,1
ASAP7,NAND2X1,NAND2x1_ASAP7_6t_L,A,Y,rise,40.0,0.0028799999999999997,0.7,25.0,32.3011,0.5,0.108,0.216,0,1,1,3.7135720667043075,0.002875860745464264,9.25925925925926,4.62962962962963,0.026666666666666665,0.013333333333333332,0.026666666666666665,9.25925925925926,1.4285714285714286,0.04,-0.3333333333333333,1
ASAP7,AND3X4,AND3x4_ASAP7_6t_L,A,Y,fall,5.0,0.011519999999999999,0.7,25.0,31.7772,0.7,0.37799999999999995,0.54,0,1,1,1.791759469228055,0.011454150045115854,2.645502645502646,1.8518518518518516,0.03047619047619048,0.02133333333333333,0.02133333333333333,1.8518518518518516,1.4285714285714286,0.04,-0.17647058823529424,1
ASAP7,OR2X2,OR2x2_ASAP7_6t_L,B,Y,rise,40.0,0.09215999999999999,0.7,25.0,252.075,1.3333333333333335,0.216,0.162,0,1,1,3.7135720667043075,0.08815738673620517,4.62962962962963,6.172839506172839,0.42666666666666664,0.5688888888888888,0.42666666666666664,4.62962962962963,1.4285714285714286,0.04,0.14285714285714285,1
ASAP7,NOR3X1,NOR3x1_ASAP7_6t_L,B,Y,fall,40.0,0.0028799999999999997,0.7,25.0,29.2194,3.0,0.486,0.162,0,1,1,3.7135720667043075,0.002875860745464264,2.05761316872428,6.172839506172839,0.005925925925925926,0.017777777777777774,0.017777777777777774,6.172839506172839,1.4285714285714286,0.04,0.4999999999999999,1
ASAP7,NAND3X2,NAND3x2_ASAP7_6t_L,C,Y,fall,20.0,0.0028799999999999997,0.7,25.0,12.5677,0.33333333333333326,0.324,0.9720000000000002,0,1,1,3.044522437723423,0.002875860745464264,3.0864197530864197,1.0288065843621397,0.008888888888888887,0.002962962962962962,0.002962962962962962,1.0288065843621397,1.4285714285714286,0.04,-0.5,1
ASAP7,NAND2X1,NAND2x1_ASAP7_6t_L,B,Y,fall,160.0,0.0028799999999999997,0.7,25.0,30.982,0.5,0.108,0.216,0,1,1,5.081404364984463,0.002875860745464264,9.25925925925926,4.62962962962963,0.026666666666666665,0.013333333333333332,0.013333333333333332,4.62962962962963,1.4285714285714286,0.04,-0.3333333333333333,1
ASAP7,OR4X1,OR4x1_ASAP7_6t_L,A,Y,fall,160.0,0.0057599999999999995,0.7,25.0,84.7436,1.0,0.27,0.27,0,1,1,5.081404364984463,0.005743474627065725,3.7037037037037033,3.7037037037037033,0.02133333333333333,0.02133333333333333,0.02133333333333333,3.7037037037037033,1.4285714285714286,0.04,0.0,1
ASAP7,AND4X2,AND4x2_ASAP7_6t_L,A,Y,rise,80.0,0.0057599999999999995,0.7,25.0,57.6983,1.0,0.324,0.324,0,1,1,4.394449154672438,0.005743474627065725,3.0864197530864197,3.0864197530864197,0.017777777777777774,0.017777777777777774,0.017777777777777774,3.0864197530864197,1.4285714285714286,0.04,0.0,1
ASAP7,AND3X2,AND3x2_ASAP7_6t_L,A,Y,rise,5.0,0.0028799999999999997,0.7,25.0,29.2667,1.0,0.27,0.27,0,1,1,1.791759469228055,0.002875860745464264,3.7037037037037033,3.7037037037037033,0.010666666666666665,0.010666666666666665,0.010666666666666665,3.7037037037037033,1.4285714285714286,0.04,0.0,1
ASAP7,NOR3X2,NOR3x2_ASAP7_6t_L,A,Y,fall,10.0,0.0057599999999999995,0.7,25.0,19.7508,3.0000000000000004,0.9720000000000002,0.324,0,1,1,2.3978952727983707,0.005743474627065725,1.0288065843621397,3.0864197530864197,0.005925925925925924,0.017777777777777774,0.017777777777777774,3.0864197530864197,1.4285714285714286,0.04,0.5,1
ASAP7,INVX1,INVx1_ASAP7_6t_L,A,Y,fall,80.0,0.0014399999999999999,0.7,25.0,19.917,1.0,0.054,0.054,1,1,1,4.394449154672438,0.0014389641942542824,18.51851851851852,18.51851851851852,0.026666666666666665,0.026666666666666665,0.026666666666666665,18.51851851851852,1.4285714285714286,0.04,0.0,1
ASAP7,AND4X2,AND4x2_ASAP7_6t_L,B,Y,fall,20.0,0.0014399999999999999,0.7,25.0,20.4598,1.0,0.324,0.324,0,1,1,3.044522437723423,0.0014389641942542824,3.0864197530864197,3.0864197530864197,0.004444444444444444,0.004444444444444444,0.004444444444444444,3.0864197530864197,1.4285714285714286,0.04,0.0,1
ASAP7,XOR2X2,XOR2x2_ASAP7_6t_L,A,Y,rise,5.0,0.011519999999999999,0.7,25.0,45.0088,1.0,0.37799999999999995,0.37799999999999995,0,1,1,1.791759469228055,0.011454150045115854,2.645502645502646,2.645502645502646,0.03047619047619048,0.03047619047619048,0.03047619047619048,2.645502645502646,1.4285714285714286,0.04,0.0,1
ASAP7,NAND2X1,NAND2x1_ASAP7_6t_L,A,Y,rise,320.0,0.011519999999999999,0.7,25.0,151.411,0.5,0.108,0.216,0,1,1,5.771441123130016,0.011454150045115854,9.25925925925926,4.62962962962963,0.10666666666666666,0.05333333333333333,0.10666666666666666,9.25925925925926,1.4285714285714286,0.04,-0.3333333333333333,1
ASAP7,INVX1,INVx1_ASAP7_6t_L,A,Y,fall,10.0,0.023039999999999998,0.7,25.0,99.0484,1.0,0.054,0.054,1,1,1,2.3978952727983707,0.02277858688933957,18.51851851851852,18.51851851851852,0.42666666666666664,0.42666666666666664,0.42666666666666664,18.51851851851852,1.4285714285714286,0.04,0.0,1
ASAP7,NOR3X1,NOR3x1_ASAP7_6t_L,B,Y,fall,10.0,0.011519999999999999,0.7,25.0,56.6028,3.0,0.486,0.162,0,1,1,2.3978952727983707,0.011454150045115854,2.05761316872428,6.172839506172839,0.023703703703703703,0.0711111111111111,0.0711111111111111,6.172839506172839,1.4285714285714286,0.04,0.4999999999999999,1
ASAP7,AND3X2,AND3x2_ASAP7_6t_L,A,Y,fall,80.0,0.0057599999999999995,0.7,25.0,38.8619,1.0,0.27,0.27,0,1,1,4.394449154672438,0.005743474627065725,3.7037037037037033,3.7037037037037033,0.02133333333333333,0.02133333333333333,0.02133333333333333,3.7037037037037033,1.4285714285714286,0.04,0.0,1
ASAP7,NOR2X2,NOR2x2_ASAP7_6t_L,A,Y,rise,20.0,0.011519999999999999,0.7,25.0,35.9021,1.9999999999999998,0.43199999999999994,0.216,0,1,1,3.044522437723423,0.011454150045115854,2.3148148148148153,4.62962962962963,0.026666666666666672,0.05333333333333333,0.026666666666666672,2.3148148148148153,1.4285714285714286,0.04,0.3333333333333333,1
ASAP7,NOR2X2,NOR2x2_ASAP7_6t_L,B,Y,fall,10.0,0.011519999999999999,0.7,25.0,30.0184,1.9999999999999998,0.43199999999999994,0.216,0,1,1,2.3978952727983707,0.011454150045115854,2.3148148148148153,4.62962962962963,0.026666666666666672,0.05333333333333333,0.05333333333333333,4.62962962962963,1.4285714285714286,0.04,0.3333333333333333,1
ASAP7,INVX1,INVx1_ASAP7_6t_L,A,Y,rise,5.0,0.046079999999999996,0.7,25.0,229.894,1.0,0.054,0.054,1,1,1,1.791759469228055,0.04504984455370874,18.51851851851852,18.51851851851852,0.8533333333333333,0.8533333333333333,0.8533333333333333,18.51851851851852,1.4285714285714286,0.04,0.0,1
ASAP7,OR4X1,OR4x1_ASAP7_6t_L,B,Y,rise,10.0,0.0028799999999999997,0.7,25.0,25.9655,1.0,0.27,0.27,0,1,1,2.3978952727983707,0.002875860745464264,3.7037037037037033,3.7037037037037033,0.010666666666666665,0.010666666666666665,0.010666666666666665,3.7037037037037033,1.4285714285714286,0.04,0.0,1
ASAP7,OR2X2,OR2x2_ASAP7_6t_L,B,Y,rise,10.0,0.09215999999999999,0.7,25.0,245.425,1.3333333333333335,0.216,0.162,0,1,1,2.3978952727983707,0.08815738673620517,4.62962962962963,6.172839506172839,0.42666666666666664,0.5688888888888888,0.42666666666666664,4.62962962962963,1.4285714285714286,0.04,0.14285714285714285,1
ASAP7,XOR2X2,XOR2x2_ASAP7_6t_L,B,Y,rise,10.0,0.09215999999999999,0.7,25.0,251.951,1.0,0.37799999999999995,0.37799999999999995,0,1,1,2.3978952727983707,0.08815738673620517,2.645502645502646,2.645502645502646,0.24380952380952384,0.24380952380952384,0.24380952380952384,2.645502645502646,1.4285714285714286,0.04,0.0,1
ASAP7,NAND3X2,NAND3x2_ASAP7_6t_L,A,Y,fall,160.0,0.011519999999999999,0.7,25.0,47.0231,0.33333333333333326,0.324,0.9720000000000002,0,1,1,5.081404364984463,0.011454150045115854,3.0864197530864197,1.0288065843621397,0.03555555555555555,0.011851851851851848,0.011851851851851848,1.0288065843621397,1.4285714285714286,0.04,-0.5,1
ASAP7,INVX4,INVx4_ASAP7_6t_L,A,Y,rise,20.0,0.0028799999999999997,0.7,25.0,10.5703,1.0,0.216,0.216,1,1,1,3.044522437723423,0.002875860745464264,4.62962962962963,4.62962962962963,0.013333333333333332,0.013333333333333332,0.013333333333333332,4.62962962962963,1.4285714285714286,0.04,0.0,1
ASAP7,BUFX2,BUFx2_ASAP7_6t_L,A,Y,fall,5.0,0.011519999999999999,0.7,25.0,42.2202,1.0,0.135,0.135,0,1,1,1.791759469228055,0.011454150045115854,7.4074074074074066,7.4074074074074066,0.08533333333333332,0.08533333333333332,0.08533333333333332,7.4074074074074066,1.4285714285714286,0.04,0.0,1
ASAP7,INVX1,INVx1_ASAP7_6t_L,A,Y,rise,10.0,0.046079999999999996,0.7,25.0,231.35,1.0,0.054,0.054,1,1,1,2.3978952727983707,0.04504984455370874,18.51851851851852,18.51851851851852,0.8533333333333333,0.8533333333333333,0.8533333333333333,18.51851851851852,1.4285714285714286,0.04,0.0,1
ASAP7,NOR3X2,NOR3x2_ASAP7_6t_L,C,Y,rise,80.0,0.011519999999999999,0.7,25.0,44.6823,3.0000000000000004,0.9720000000000002,0.324,0,1,1,4.394449154672438,0.011454150045115854,1.0288065843621397,3.0864197530864197,0.011851851851851848,0.03555555555555555,0.011851851851851848,1.0288065843621397,1.4285714285714286,0.04,0.5,1
ASAP7,XOR2X2,XOR2x2_ASAP7_6t_L,B,Y,fall,80.0,0.046079999999999996,0.7,25.0,131.599,1.0,0.37799999999999995,0.37799999999999995,0,1,1,4.394449154672438,0.04504984455370874,2.645502645502646,2.645502645502646,0.12190476190476192,0.12190476190476192,0.12190476190476192,2.645502645502646,1.4285714285714286,0.04,0.0,1
ASAP7,NAND2X1,NAND2x1_ASAP7_6t_L,A,Y,fall,40.0,0.046079999999999996,0.7,25.0,169.944,0.5,0.108,0.216,0,1,1,3.7135720667043075,0.04504984455370874,9.25925925925926,4.62962962962963,0.42666666666666664,0.21333333333333332,0.21333333333333332,4.62962962962963,1.4285714285714286,0.04,-0.3333333333333333,1
ASAP7,AND4X2,AND4x2_ASAP7_6t_L,D,Y,fall,20.0,0.046079999999999996,0.7,25.0,114.608,1.0,0.324,0.324,0,1,1,3.044522437723423,0.04504984455370874,3.0864197530864197,3.0864197530864197,0.1422222222222222,0.1422222222222222,0.1422222222222222,3.0864197530864197,1.4285714285714286,0.04,0.0,1
ASAP7,OR4X1,OR4x1_ASAP7_6t_L,C,Y,fall,20.0,0.0007199999999999999,0.7,25.0,33.6681,1.0,0.27,0.27,0,1,1,3.044522437723423,0.0007197409243488539,3.7037037037037033,3.7037037037037033,0.002666666666666666,0.002666666666666666,0.002666666666666666,3.7037037037037033,1.4285714285714286,0.04,0.0,1
ASAP7,NOR2X1,NOR2x1_ASAP7_6t_L,B,Y,rise,40.0,0.0007199999999999999,0.7,25.0,14.064,2.0,0.216,0.108,0,1,1,3.7135720667043075,0.0007197409243488539,4.62962962962963,9.25925925925926,0.003333333333333333,0.006666666666666666,0.003333333333333333,4.62962962962963,1.4285714285714286,0.04,0.3333333333333333,1
ASAP7,OR2X4,OR2x4_ASAP7_6t_L,A,Y,rise,80.0,0.0028799999999999997,0.7,25.0,31.564,1.0,0.324,0.324,0,1,1,4.394449154672438,0.002875860745464264,3.0864197530864197,3.0864197530864197,0.008888888888888887,0.008888888888888887,0.008888888888888887,3.0864197530864197,1.4285714285714286,0.04,0.0,1
ASAP7,NOR3X1,NOR3x1_ASAP7_6t_L,B,Y,fall,20.0,0.0007199999999999999,0.7,25.0,14.2634,3.0,0.486,0.162,0,1,1,3.044522437723423,0.0007197409243488539,2.05761316872428,6.172839506172839,0.0014814814814814814,0.004444444444444444,0.004444444444444444,6.172839506172839,1.4285714285714286,0.04,0.4999999999999999,1
ASAP7,NOR3X2,NOR3x2_ASAP7_6t_L,A,Y,fall,80.0,0.0028799999999999997,0.7,25.0,25.3484,3.0000000000000004,0.9720000000000002,0.324,0,1,1,4.394449154672438,0.002875860745464264,1.0288065843621397,3.0864197530864197,0.002962962962962962,0.008888888888888887,0.008888888888888887,3.0864197530864197,1.4285714285714286,0.04,0.5,1
ASAP7,INVX2,INVx2_ASAP7_6t_L,A,Y,fall,40.0,0.0057599999999999995,0.7,25.0,23.9757,1.0,0.108,0.108,1,1,1,3.7135720667043075,0.005743474627065725,9.25925925925926,9.25925925925926,0.05333333333333333,0.05333333333333333,0.05333333333333333,9.25925925925926,1.4285714285714286,0.04,0.0,1
ASAP7,AND3X4,AND3x4_ASAP7_6t_L,B,Y,fall,10.0,0.0028799999999999997,0.7,25.0,24.7516,0.7,0.37799999999999995,0.54,0,1,1,2.3978952727983707,0.002875860745464264,2.645502645502646,1.8518518518518516,0.00761904761904762,0.005333333333333332,0.005333333333333332,1.8518518518518516,1.4285714285714286,0.04,-0.17647058823529424,1
ASAP7,BUFX4,BUFx4_ASAP7_6t_L,A,Y,rise,80.0,0.0057599999999999995,0.7,25.0,34.3062,1.0,0.27,0.27,0,1,1,4.394449154672438,0.005743474627065725,3.7037037037037033,3.7037037037037033,0.02133333333333333,0.02133333333333333,0.02133333333333333,3.7037037037037033,1.4285714285714286,0.04,0.0,1
ASAP7,BUFX4,BUFx4_ASAP7_6t_L,A,Y,fall,5.0,0.046079999999999996,0.7,25.0,64.6273,1.0,0.27,0.27,0,1,1,1.791759469228055,0.04504984455370874,3.7037037037037033,3.7037037037037033,0.17066666666666663,0.17066666666666663,0.17066666666666663,3.7037037037037033,1.4285714285714286,0.04,0.0,1
ASAP7,OR4X1,OR4x1_ASAP7_6t_L,B,Y,fall,40.0,0.046079999999999996,0.7,25.0,227.662,1.0,0.27,0.27,0,1,1,3.7135720667043075,0.04504984455370874,3.7037037037037033,3.7037037037037033,0.17066666666666663,0.17066666666666663,0.17066666666666663,3.7037037037037033,1.4285714285714286,0.04,0.0,1
ASAP7,NOR2X2,NOR2x2_ASAP7_6t_L,B,Y,rise,40.0,0.023039999999999998,0.7,25.0,68.2837,1.9999999999999998,0.43199999999999994,0.216,0,1,1,3.7135720667043075,0.02277858688933957,2.3148148148148153,4.62962962962963,0.053333333333333344,0.10666666666666666,0.053333333333333344,2.3148148148148153,1.4285714285714286,0.04,0.3333333333333333,1
ASAP7,NOR2X1,NOR2x1_ASAP7_6t_L,B,Y,rise,80.0,0.011519999999999999,0.7,25.0,79.9471,2.0,0.216,0.108,0,1,1,4.394449154672438,0.011454150045115854,4.62962962962963,9.25925925925926,0.05333333333333333,0.10666666666666666,0.05333333333333333,4.62962962962963,1.4285714285714286,0.04,0.3333333333333333,1
ASAP7,AND3X2,AND3x2_ASAP7_6t_L,B,Y,rise,20.0,0.023039999999999998,0.7,25.0,83.9197,1.0,0.27,0.27,0,1,1,3.044522437723423,0.02277858688933957,3.7037037037037033,3.7037037037037033,0.08533333333333332,0.08533333333333332,0.08533333333333332,3.7037037037037033,1.4285714285714286,0.04,0.0,1
ASAP7,XOR2X2,XOR2x2_ASAP7_6t_L,A,Y,rise,320.0,0.023039999999999998,0.7,25.0,103.945,1.0,0.37799999999999995,0.37799999999999995,0,1,1,5.771441123130016,0.02277858688933957,2.645502645502646,2.645502645502646,0.06095238095238096,0.06095238095238096,0.06095238095238096,2.645502645502646,1.4285714285714286,0.04,0.0,1
ASAP7,NOR3X1,NOR3x1_ASAP7_6t_L,A,Y,fall,5.0,0.011519999999999999,0.7,25.0,53.5989,3.0,0.486,0.162,0,1,1,1.791759469228055,0.011454150045115854,2.05761316872428,6.172839506172839,0.023703703703703703,0.0711111111111111,0.0711111111111111,6.172839506172839,1.4285714285714286,0.04,0.4999999999999999,1
ASAP7,BUFX2,BUFx2_ASAP7_6t_L,A,Y,fall,20.0,0.0014399999999999999,0.7,25.0,24.1606,1.0,0.135,0.135,0,1,1,3.044522437723423,0.0014389641942542824,7.4074074074074066,7.4074074074074066,0.010666666666666665,0.010666666666666665,0.010666666666666665,7.4074074074074066,1.4285714285714286,0.04,0.0,1
ASAP7,AND3X4,AND3x4_ASAP7_6t_L,B,Y,fall,5.0,0.046079999999999996,0.7,25.0,70.3865,0.7,0.37799999999999995,0.54,0,1,1,1.791759469228055,0.04504984455370874,2.645502645502646,1.8518518518518516,0.12190476190476192,0.08533333333333332,0.08533333333333332,1.8518518518518516,1.4285714285714286,0.04,-0.17647058823529424,1
ASAP7,INVX2,INVx2_ASAP7_6t_L,A,Y,rise,320.0,0.0028799999999999997,0.7,25.0,48.3684,1.0,0.108,0.108,1,1,1,5.771441123130016,0.002875860745464264,9.25925925925926,9.25925925925926,0.026666666666666665,0.026666666666666665,0.026666666666666665,9.25925925925926,1.4285714285714286,0.04,0.0,1
ASAP7,OR3X4,OR3x4_ASAP7_6t_L,A,Y,fall,160.0,0.09215999999999999,0.7,25.0,178.548,1.0,0.37799999999999995,0.37799999999999995,0,1,1,5.081404364984463,0.08815738673620517,2.645502645502646,2.645502645502646,0.24380952380952384,0.24380952380952384,0.24380952380952384,2.645502645502646,1.4285714285714286,0.04,0.0,1
ASAP7,OR3X4,OR3x4_ASAP7_6t_L,C,Y,rise,80.0,0.0028799999999999997,0.7,25.0,33.6532,1.0,0.37799999999999995,0.37799999999999995,0,1,1,4.394449154672438,0.002875860745464264,2.645502645502646,2.645502645502646,0.00761904761904762,0.00761904761904762,0.00761904761904762,2.645502645502646,1.4285714285714286,0.04,0.0,1
ASAP7,NOR3X1,NOR3x1_ASAP7_6t_L,B,Y,rise,10.0,0.023039999999999998,0.7,25.0,115.028,3.0,0.486,0.162,0,1,1,2.3978952727983707,0.02277858688933957,2.05761316872428,6.172839506172839,0.047407407407407405,0.1422222222222222,0.047407407407407405,2.05761316872428,1.4285714285714286,0.04,0.4999999999999999,1
ASAP7,NAND3X1,NAND3x1_ASAP7_6t_L,A,Y,rise,20.0,0.023039999999999998,0.7,25.0,124.976,0.3333333333333333,0.162,0.486,0,1,1,3.044522437723423,0.02277858688933957,6.172839506172839,2.05761316872428,0.1422222222222222,0.047407407407407405,0.1422222222222222,6.172839506172839,1.4285714285714286,0.04,-0.4999999999999999,1
ASAP7,NAND3X1,NAND3x1_ASAP7_6t_L,A,Y,fall,40.0,0.046079999999999996,0.7,25.0,164.99,0.3333333333333333,0.162,0.486,0,1,1,3.7135720667043075,0.04504984455370874,6.172839506172839,2.05761316872428,0.2844444444444444,0.09481481481481481,0.09481481481481481,2.05761316872428,1.4285714285714286,0.04,-0.4999999999999999,1
ASAP7,XOR2X2,XOR2x2_ASAP7_6t_L,B,Y,fall,80.0,0.023039999999999998,0.7,25.0,74.0018,1.0,0.37799999999999995,0.37799999999999995,0,1,1,4.394449154672438,0.02277858688933957,2.645502645502646,2.645502645502646,0.06095238095238096,0.06095238095238096,0.06095238095238096,2.645502645502646,1.4285714285714286,0.04,0.0,1
ASAP7,NAND2X1,NAND2x1_ASAP7_6t_L,A,Y,rise,40.0,0.011519999999999999,0.7,25.0,74.4761,0.5,0.108,0.216,0,1,1,3.7135720667043075,0.011454150045115854,9.25925925925926,4.62962962962963,0.10666666666666666,0.05333333333333333,0.10666666666666666,9.25925925925926,1.4285714285714286,0.04,-0.3333333333333333,1
ASAP7,OR4X1,OR4x1_ASAP7_6t_L,C,Y,fall,160.0,0.011519999999999999,0.7,25.0,102.721,1.0,0.27,0.27,0,1,1,5.081404364984463,0.011454150045115854,3.7037037037037033,3.7037037037037033,0.04266666666666666,0.04266666666666666,0.04266666666666666,3.7037037037037033,1.4285714285714286,0.04,0.0,1
ASAP7,NAND3X2,NAND3x2_ASAP7_6t_L,C,Y,fall,80.0,0.023039999999999998,0.7,25.0,51.4859,0.33333333333333326,0.324,0.9720000000000002,0,1,1,4.394449154672438,0.02277858688933957,3.0864197530864197,1.0288065843621397,0.0711111111111111,0.023703703703703696,0.023703703703703696,1.0288065843621397,1.4285714285714286,0.04,-0.5,1
ASAP7,NAND3X2,NAND3x2_ASAP7_6t_L,A,Y,fall,160.0,0.023039999999999998,0.7,25.0,75.4669,0.33333333333333326,0.324,0.9720000000000002,0,1,1,5.081404364984463,0.02277858688933957,3.0864197530864197,1.0288065843621397,0.0711111111111111,0.023703703703703696,0.023703703703703696,1.0288065843621397,1.4285714285714286,0.04,-0.5,1
ASAP7,OR4X1,OR4x1_ASAP7_6t_L,B,Y,rise,10.0,0.0057599999999999995,0.7,25.0,40.1675,1.0,0.27,0.27,0,1,1,2.3978952727983707,0.005743474627065725,3.7037037037037033,3.7037037037037033,0.02133333333333333,0.02133333333333333,0.02133333333333333,3.7037037037037033,1.4285714285714286,0.04,0.0,1
ASAP7,OR4X1,OR4x1_ASAP7_6t_L,C,Y,rise,10.0,0.0014399999999999999,0.7,25.0,19.2978,1.0,0.27,0.27,0,1,1,2.3978952727983707,0.0014389641942542824,3.7037037037037033,3.7037037037037033,0.005333333333333332,0.005333333333333332,0.005333333333333332,3.7037037037037033,1.4285714285714286,0.04,0.0,1
ASAP7,NOR3X1,NOR3x1_ASAP7_6t_L,B,Y,rise,5.0,0.046079999999999996,0.7,25.0,220.226,3.0,0.486,0.162,0,1,1,1.791759469228055,0.04504984455370874,2.05761316872428,6.172839506172839,0.09481481481481481,0.2844444444444444,0.09481481481481481,2.05761316872428,1.4285714285714286,0.04,0.4999999999999999,1
ASAP7,NAND3X1,NAND3x1_ASAP7_6t_L,A,Y,fall,160.0,0.0057599999999999995,0.7,25.0,46.4197,0.3333333333333333,0.162,0.486,0,1,1,5.081404364984463,0.005743474627065725,6.172839506172839,2.05761316872428,0.03555555555555555,0.011851851851851851,0.011851851851851851,2.05761316872428,1.4285714285714286,0.04,-0.4999999999999999,1
ASAP7,NAND3X1,NAND3x1_ASAP7_6t_L,B,Y,rise,320.0,0.0007199999999999999,0.7,25.0,64.272,0.3333333333333333,0.162,0.486,0,1,1,5.771441123130016,0.0007197409243488539,6.172839506172839,2.05761316872428,0.004444444444444444,0.0014814814814814814,0.004444444444444444,6.172839506172839,1.4285714285714286,0.04,-0.4999999999999999,1
ASAP7,NOR3X2,NOR3x2_ASAP7_6t_L,A,Y,rise,10.0,0.09215999999999999,0.7,25.0,221.255,3.0000000000000004,0.9720000000000002,0.324,0,1,1,2.3978952727983707,0.08815738673620517,1.0288065843621397,3.0864197530864197,0.09481481481481478,0.2844444444444444,0.09481481481481478,1.0288065843621397,1.4285714285714286,0.04,0.5,1
ASAP7,NOR3X1,NOR3x1_ASAP7_6t_L,A,Y,fall,40.0,0.0007199999999999999,0.7,25.0,14.9538,3.0,0.486,0.162,0,1,1,3.7135720667043075,0.0007197409243488539,2.05761316872428,6.172839506172839,0.0014814814814814814,0.004444444444444444,0.004444444444444444,6.172839506172839,1.4285714285714286,0.04,0.4999999999999999,1
ASAP7,OR4X1,OR4x1_ASAP7_6t_L,D,Y,rise,40.0,0.0014399999999999999,0.7,25.0,24.6836,1.0,0.27,0.27,0,1,1,3.7135720667043075,0.0014389641942542824,3.7037037037037033,3.7037037037037033,0.005333333333333332,0.005333333333333332,0.005333333333333332,3.7037037037037033,1.4285714285714286,0.04,0.0,1
ASAP7,NAND2X1,NAND2x1_ASAP7_6t_L,B,Y,fall,40.0,0.011519999999999999,0.7,25.0,53.1019,0.5,0.108,0.216,0,1,1,3.7135720667043075,0.011454150045115854,9.25925925925926,4.62962962962963,0.10666666666666666,0.05333333333333333,0.05333333333333333,4.62962962962963,1.4285714285714286,0.04,-0.3333333333333333,1
ASAP7,AND4X2,AND4x2_ASAP7_6t_L,B,Y,rise,40.0,0.0057599999999999995,0.7,25.0,50.0899,1.0,0.324,0.324,0,1,1,3.7135720667043075,0.005743474627065725,3.0864197530864197,3.0864197530864197,0.017777777777777774,0.017777777777777774,0.017777777777777774,3.0864197530864197,1.4285714285714286,0.04,0.0,1
ASAP7,NAND2X1,NAND2x1_ASAP7_6t_L,A,Y,fall,80.0,0.0028799999999999997,0.7,25.0,22.2923,0.5,0.108,0.216,0,1,1,4.394449154672438,0.002875860745464264,9.25925925925926,4.62962962962963,0.026666666666666665,0.013333333333333332,0.013333333333333332,4.62962962962963,1.4285714285714286,0.04,-0.3333333333333333,1
ASAP7,AND3X4,AND3x4_ASAP7_6t_L,C,Y,rise,40.0,0.046079999999999996,0.7,25.0,84.293,0.7,0.37799999999999995,0.54,0,1,1,3.7135720667043075,0.04504984455370874,2.645502645502646,1.8518518518518516,0.12190476190476192,0.08533333333333332,0.12190476190476192,2.645502645502646,1.4285714285714286,0.04,-0.17647058823529424,1
ASAP7,XOR2X2,XOR2x2_ASAP7_6t_L,B,Y,rise,5.0,0.023039999999999998,0.7,25.0,72.933,1.0,0.37799999999999995,0.37799999999999995,0,1,1,1.791759469228055,0.02277858688933957,2.645502645502646,2.645502645502646,0.06095238095238096,0.06095238095238096,0.06095238095238096,2.645502645502646,1.4285714285714286,0.04,0.0,1
ASAP7,OR4X1,OR4x1_ASAP7_6t_L,B,Y,rise,160.0,0.0028799999999999997,0.7,25.0,34.2151,1.0,0.27,0.27,0,1,1,5.081404364984463,0.002875860745464264,3.7037037037037033,3.7037037037037033,0.010666666666666665,0.010666666666666665,0.010666666666666665,3.7037037037037033,1.4285714285714286,0.04,0.0,1
ASAP7,AND4X2,AND4x2_ASAP7_6t_L,C,Y,fall,5.0,0.0057599999999999995,0.7,25.0,26.5439,1.0,0.324,0.324,0,1,1,1.791759469228055,0.005743474627065725,3.0864197530864197,3.0864197530864197,0.017777777777777774,0.017777777777777774,0.017777777777777774,3.0864197530864197,1.4285714285714286,0.04,0.0,1
ASAP7,NOR2X1,NOR2x1_ASAP7_6t_L,B,Y,fall,320.0,0.0057599999999999995,0.7,25.0,78.9206,2.0,0.216,0.108,0,1,1,5.771441123130016,0.005743474627065725,4.62962962962963,9.25925925925926,0.026666666666666665,0.05333333333333333,0.05333333333333333,9.25925925925926,1.4285714285714286,0.04,0.3333333333333333,1
ASAP7,AND3X4,AND3x4_ASAP7_6t_L,B,Y,fall,5.0,0.011519999999999999,0.7,25.0,34.1288,0.7,0.37799999999999995,0.54,0,1,1,1.791759469228055,0.011454150045115854,2.645502645502646,1.8518518518518516,0.03047619047619048,0.02133333333333333,0.02133333333333333,1.8518518518518516,1.4285714285714286,0.04,-0.17647058823529424,1
ASAP7,AND4X2,AND4x2_ASAP7_6t_L,C,Y,rise,20.0,0.023039999999999998,0.7,25.0,91.3789,1.0,0.324,0.324,0,1,1,3.044522437723423,0.02277858688933957,3.0864197530864197,3.0864197530864197,0.0711111111111111,0.0711111111111111,0.0711111111111111,3.0864197530864197,1.4285714285714286,0.04,0.0,1
ASAP7,NOR2X1,NOR2x1_ASAP7_6t_L,A,Y,rise,5.0,0.023039999999999998,0.7,25.0,112.908,2.0,0.216,0.108,0,1,1,1.791759469228055,0.02277858688933957,4.62962962962963,9.25925925925926,0.10666666666666666,0.21333333333333332,0.10666666666666666,4.62962962962963,1.4285714285714286,0.04,0.3333333333333333,1
ASAP7,NOR2X1,NOR2x1_ASAP7_6t_L,A,Y,fall,320.0,0.0007199999999999999,0.7,25.0,34.5588,2.0,0.216,0.108,0,1,1,5.771441123130016,0.0007197409243488539,4.62962962962963,9.25925925925926,0.003333333333333333,0.006666666666666666,0.006666666666666666,9.25925925925926,1.4285714285714286,0.04,0.3333333333333333,1
ASAP7,OR3X4,OR3x4_ASAP7_6t_L,B,Y,fall,80.0,0.023039999999999998,0.7,25.0,83.8065,1.0,0.37799999999999995,0.37799999999999995,0,1,1,4.394449154672438,0.02277858688933957,2.645502645502646,2.645502645502646,0.06095238095238096,0.06095238095238096,0.06095238095238096,2.645502645502646,1.4285714285714286,0.04,0.0,1
ASAP7,NAND2X1,NAND2x1_ASAP7_6t_L,B,Y,rise,160.0,0.011519999999999999,0.7,25.0,111.064,0.5,0.108,0.216,0,1,1,5.081404364984463,0.011454150045115854,9.25925925925926,4.62962962962963,0.10666666666666666,0.05333333333333333,0.10666666666666666,9.25925925925926,1.4285714285714286,0.04,-0.3333333333333333,1
ASAP7,INVX1,INVx1_ASAP7_6t_L,A,Y,rise,20.0,0.046079999999999996,0.7,25.0,234.322,1.0,0.054,0.054,1,1,1,3.044522437723423,0.04504984455370874,18.51851851851852,18.51851851851852,0.8533333333333333,0.8533333333333333,0.8533333333333333,18.51851851851852,1.4285714285714286,0.04,0.0,1
ASAP7,OR2X4,OR2x4_ASAP7_6t_L,A,Y,fall,20.0,0.023039999999999998,0.7,25.0,57.0238,1.0,0.324,0.324,0,1,1,3.044522437723423,0.02277858688933957,3.0864197530864197,3.0864197530864197,0.0711111111111111,0.0711111111111111,0.0711111111111111,3.0864197530864197,1.4285714285714286,0.04,0.0,1
ASAP7,AND3X2,AND3x2_ASAP7_6t_L,B,Y,fall,160.0,0.0014399999999999999,0.7,25.0,37.8831,1.0,0.27,0.27,0,1,1,5.081404364984463,0.0014389641942542824,3.7037037037037033,3.7037037037037033,0.005333333333333332,0.005333333333333332,0.005333333333333332,3.7037037037037033,1.4285714285714286,0.04,0.0,1
ASAP7,NAND2X1,NAND2x1_ASAP7_6t_L,B,Y,fall,5.0,0.0028799999999999997,0.7,25.0,13.9838,0.5,0.108,0.216,0,1,1,1.791759469228055,0.002875860745464264,9.25925925925926,4.62962962962963,0.026666666666666665,0.013333333333333332,0.013333333333333332,4.62962962962963,1.4285714285714286,0.04,-0.3333333333333333,1
ASAP7,AND4X2,AND4x2_ASAP7_6t_L,C,Y,fall,80.0,0.046079999999999996,0.7,25.0,124.988,1.0,0.324,0.324,0,1,1,4.394449154672438,0.04504984455370874,3.0864197530864197,3.0864197530864197,0.1422222222222222,0.1422222222222222,0.1422222222222222,3.0864197530864197,1.4285714285714286,0.04,0.0,1
ASAP7,AND4X2,AND4x2_ASAP7_6t_L,C,Y,rise,80.0,0.023039999999999998,0.7,25.0,97.258,1.0,0.324,0.324,0,1,1,4.394449154672438,0.02277858688933957,3.0864197530864197,3.0864197530864197,0.0711111111111111,0.0711111111111111,0.0711111111111111,3.0864197530864197,1.4285714285714286,0.04,0.0,1
ASAP7,AND3X4,AND3x4_ASAP7_6t_L,A,Y,fall,160.0,0.09215999999999999,0.7,25.0,146.945,0.7,0.37799999999999995,0.54,0,1,1,5.081404364984463,0.08815738673620517,2.645502645502646,1.8518518518518516,0.24380952380952384,0.17066666666666663,0.17066666666666663,1.8518518518518516,1.4285714285714286,0.04,-0.17647058823529424,1
ASAP7,AND4X2,AND4x2_ASAP7_6t_L,B,Y,rise,160.0,0.0014399999999999999,0.7,25.0,50.0618,1.0,0.324,0.324,0,1,1,5.081404364984463,0.0014389641942542824,3.0864197530864197,3.0864197530864197,0.004444444444444444,0.004444444444444444,0.004444444444444444,3.0864197530864197,1.4285714285714286,0.04,0.0,1
ASAP7,AND3X4,AND3x4_ASAP7_6t_L,B,Y,rise,320.0,0.0028799999999999997,0.7,25.0,38.5698,0.7,0.37799999999999995,0.54,0,1,1,5.771441123130016,0.002875860745464264,2.645502645502646,1.8518518518518516,0.00761904761904762,0.005333333333333332,0.00761904761904762,2.645502645502646,1.4285714285714286,0.04,-0.17647058823529424,1
ASAP7,NOR2X1,NOR2x1_ASAP7_6t_L,A,Y,fall,320.0,0.011519999999999999,0.7,25.0,122.429,2.0,0.216,0.108,0,1,1,5.771441123130016,0.011454150045115854,4.62962962962963,9.25925925925926,0.05333333333333333,0.10666666666666666,0.10666666666666666,9.25925925925926,1.4285714285714286,0.04,0.3333333333333333,1
ASAP7,NAND2X1,NAND2x1_ASAP7_6t_L,B,Y,rise,20.0,0.0057599999999999995,0.7,25.0,38.3203,0.5,0.108,0.216,0,1,1,3.044522437723423,0.005743474627065725,9.25925925925926,4.62962962962963,0.05333333333333333,0.026666666666666665,0.05333333333333333,9.25925925925926,1.4285714285714286,0.04,-0.3333333333333333,1
ASAP7,NOR3X1,NOR3x1_ASAP7_6t_L,B,Y,rise,5.0,0.0028799999999999997,0.7,25.0,20.7474,3.0,0.486,0.162,0,1,1,1.791759469228055,0.002875860745464264,2.05761316872428,6.172839506172839,0.005925925925925926,0.017777777777777774,0.005925925925925926,2.05761316872428,1.4285714285714286,0.04,0.4999999999999999,1
ASAP7,NOR3X1,NOR3x1_ASAP7_6t_L,C,Y,fall,20.0,0.046079999999999996,0.7,25.0,202.736,3.0,0.486,0.162,0,1,1,3.044522437723423,0.04504984455370874,2.05761316872428,6.172839506172839,0.09481481481481481,0.2844444444444444,0.2844444444444444,6.172839506172839,1.4285714285714286,0.04,0.4999999999999999,1
ASAP7,BUFX4,BUFx4_ASAP7_6t_L,A,Y,rise,5.0,0.09215999999999999,0.7,25.0,129.087,1.0,0.27,0.27,0,1,1,1.791759469228055,0.08815738673620517,3.7037037037037033,3.7037037037037033,0.34133333333333327,0.34133333333333327,0.34133333333333327,3.7037037037037033,1.4285714285714286,0.04,0.0,1
ASAP7,AND3X4,AND3x4_ASAP7_6t_L,B,Y,fall,80.0,0.046079999999999996,0.7,25.0,90.043,0.7,0.37799999999999995,0.54,0,1,1,4.394449154672438,0.04504984455370874,2.645502645502646,1.8518518518518516,0.12190476190476192,0.08533333333333332,0.08533333333333332,1.8518518518518516,1.4285714285714286,0.04,-0.17647058823529424,1
ASAP7,AND4X2,AND4x2_ASAP7_6t_L,D,Y,rise,80.0,0.011519999999999999,0.7,25.0,65.36,1.0,0.324,0.324,0,1,1,4.394449154672438,0.011454150045115854,3.0864197530864197,3.0864197530864197,0.03555555555555555,0.03555555555555555,0.03555555555555555,3.0864197530864197,1.4285714285714286,0.04,0.0,1
ASAP7,NOR2X1,NOR2x1_ASAP7_6t_L,B,Y,rise,20.0,0.011519999999999999,0.7,25.0,62.4432,2.0,0.216,0.108,0,1,1,3.044522437723423,0.011454150045115854,4.62962962962963,9.25925925925926,0.05333333333333333,0.10666666666666666,0.05333333333333333,4.62962962962963,1.4285714285714286,0.04,0.3333333333333333,1
ASAP7,AND3X4,AND3x4_ASAP7_6t_L,B,Y,fall,160.0,0.0057599999999999995,0.7,25.0,60.3876,0.7,0.37799999999999995,0.54,0,1,1,5.081404364984463,0.005743474627065725,2.645502645502646,1.8518518518518516,0.01523809523809524,0.010666666666666665,0.010666666666666665,1.8518518518518516,1.4285714285714286,0.04,-0.17647058823529424,1
ASAP7,AND4X2,AND4x2_ASAP7_6t_L,B,Y,fall,20.0,0.023039999999999998,0.7,25.0,65.8296,1.0,0.324,0.324,0,1,1,3.044522437723423,0.02277858688933957,3.0864197530864197,3.0864197530864197,0.0711111111111111,0.0711111111111111,0.0711111111111111,3.0864197530864197,1.4285714285714286,0.04,0.0,1
ASAP7,NOR3X2,NOR3x2_ASAP7_6t_L,B,Y,rise,80.0,0.0014399999999999999,0.7,25.0,17.6045,3.0000000000000004,0.9720000000000002,0.324,0,1,1,4.394449154672438,0.0014389641942542824,1.0288065843621397,3.0864197530864197,0.001481481481481481,0.004444444444444444,0.001481481481481481,1.0288065843621397,1.4285714285714286,0.04,0.5,1
ASAP7,NAND3X2,NAND3x2_ASAP7_6t_L,C,Y,fall,20.0,0.0057599999999999995,0.7,25.0,17.5974,0.33333333333333326,0.324,0.9720000000000002,0,1,1,3.044522437723423,0.005743474627065725,3.0864197530864197,1.0288065843621397,0.017777777777777774,0.005925925925925924,0.005925925925925924,1.0288065843621397,1.4285714285714286,0.04,-0.5,1
ASAP7,NOR3X2,NOR3x2_ASAP7_6t_L,C,Y,fall,320.0,0.09215999999999999,0.7,25.0,293.323,3.0000000000000004,0.9720000000000002,0.324,0,1,1,5.771441123130016,0.08815738673620517,1.0288065843621397,3.0864197530864197,0.09481481481481478,0.2844444444444444,0.2844444444444444,3.0864197530864197,1.4285714285714286,0.04,0.5,1
ASAP7,OR4X1,OR4x1_ASAP7_6t_L,D,Y,fall,160.0,0.011519999999999999,0.7,25.0,98.1975,1.0,0.27,0.27,0,1,1,5.081404364984463,0.011454150045115854,3.7037037037037033,3.7037037037037033,0.04266666666666666,0.04266666666666666,0.04266666666666666,3.7037037037037033,1.4285714285714286,0.04,0.0,1
ASAP7,OR4X1,OR4x1_ASAP7_6t_L,C,Y,rise,10.0,0.0007199999999999999,0.7,25.0,15.5415,1.0,0.27,0.27,0,1,1,2.3978952727983707,0.0007197409243488539,3.7037037037037033,3.7037037037037033,0.002666666666666666,0.002666666666666666,0.002666666666666666,3.7037037037037033,1.4285714285714286,0.04,0.0,1
ASAP7,NAND3X1,NAND3x1_ASAP7_6t_L,C,Y,rise,320.0,0.0057599999999999995,0.7,25.0,118.44,0.3333333333333333,0.162,0.486,0,1,1,5.771441123130016,0.005743474627065725,6.172839506172839,2.05761316872428,0.03555555555555555,0.011851851851851851,0.03555555555555555,6.172839506172839,1.4285714285714286,0.04,-0.4999999999999999,1
ASAP7,NOR3X2,NOR3x2_ASAP7_6t_L,B,Y,fall,20.0,0.011519999999999999,0.7,25.0,35.9146,3.0000000000000004,0.9720000000000002,0.324,0,1,1,3.044522437723423,0.011454150045115854,1.0288065843621397,3.0864197530864197,0.011851851851851848,0.03555555555555555,0.03555555555555555,3.0864197530864197,1.4285714285714286,0.04,0.5,1
ASAP7,INVX8,INVx8_ASAP7_6t_L,A,Y,fall,10.0,0.046079999999999996,0.7,25.0,28.544,1.0,0.43199999999999994,0.43199999999999994,1,1,1,2.3978952727983707,0.04504984455370874,2.3148148148148153,2.3148148148148153,0.10666666666666669,0.10666666666666669,0.10666666666666669,2.3148148148148153,1.4285714285714286,0.04,0.0,1
ASAP7,NAND3X1,NAND3x1_ASAP7_6t_L,A,Y,fall,5.0,0.046079999999999996,0.7,25.0,156.447,0.3333333333333333,0.162,0.486,0,1,1,1.791759469228055,0.04504984455370874,6.172839506172839,2.05761316872428,0.2844444444444444,0.09481481481481481,0.09481481481481481,2.05761316872428,1.4285714285714286,0.04,-0.4999999999999999,1
ASAP7,AND4X2,AND4x2_ASAP7_6t_L,B,Y,rise,80.0,0.09215999999999999,0.7,25.0,270.13,1.0,0.324,0.324,0,1,1,4.394449154672438,0.08815738673620517,3.0864197530864197,3.0864197530864197,0.2844444444444444,0.2844444444444444,0.2844444444444444,3.0864197530864197,1.4285714285714286,0.04,0.0,1
ASAP7,INVX4,INVx4_ASAP7_6t_L,A,Y,rise,160.0,0.18431999999999998,0.7,25.0,279.403,1.0,0.216,0.216,1,1,1,5.081404364984463,0.1691687702156541,4.62962962962963,4.62962962962963,0.8533333333333333,0.8533333333333333,0.8533333333333333,4.62962962962963,1.4285714285714286,0.04,0.0,1
ASAP7,OR2X4,OR2x4_ASAP7_6t_L,B,Y,fall,5.0,0.0057599999999999995,0.7,25.0,33.1739,1.0,0.324,0.324,0,1,1,1.791759469228055,0.005743474627065725,3.0864197530864197,3.0864197530864197,0.017777777777777774,0.017777777777777774,0.017777777777777774,3.0864197530864197,1.4285714285714286,0.04,0.0,1
ASAP7,AND4X2,AND4x2_ASAP7_6t_L,C,Y,fall,160.0,0.0014399999999999999,0.7,25.0,39.4402,1.0,0.324,0.324,0,1,1,5.081404364984463,0.0014389641942542824,3.0864197530864197,3.0864197530864197,0.004444444444444444,0.004444444444444444,0.004444444444444444,3.0864197530864197,1.4285714285714286,0.04,0.0,1
ASAP7,NOR2X1,NOR2x1_ASAP7_6t_L,A,Y,fall,5.0,0.023039999999999998,0.7,25.0,100.644,2.0,0.216,0.108,0,1,1,1.791759469228055,0.02277858688933957,4.62962962962963,9.25925925925926,0.10666666666666666,0.21333333333333332,0.21333333333333332,9.25925925925926,1.4285714285714286,0.04,0.3333333333333333,1
ASAP7,NAND3X1,NAND3x1_ASAP7_6t_L,B,Y,rise,160.0,0.0057599999999999995,0.7,25.0,81.7875,0.3333333333333333,0.162,0.486,0,1,1,5.081404364984463,0.005743474627065725,6.172839506172839,2.05761316872428,0.03555555555555555,0.011851851851851851,0.03555555555555555,6.172839506172839,1.4285714285714286,0.04,-0.4999999999999999,1
ASAP7,OR4X1,OR4x1_ASAP7_6t_L,A,Y,rise,320.0,0.011519999999999999,0.7,25.0,71.2475,1.0,0.27,0.27,0,1,1,5.771441123130016,0.011454150045115854,3.7037037037037033,3.7037037037037033,0.04266666666666666,0.04266666666666666,0.04266666666666666,3.7037037037037033,1.4285714285714286,0.04,0.0,1
ASAP7,OR3X4,OR3x4_ASAP7_6t_L,B,Y,fall,160.0,0.023039999999999998,0.7,25.0,97.9189,1.0,0.37799999999999995,0.37799999999999995,0,1,1,5.081404364984463,0.02277858688933957,2.645502645502646,2.645502645502646,0.06095238095238096,0.06095238095238096,0.06095238095238096,2.645502645502646,1.4285714285714286,0.04,0.0,1
ASAP7,NAND2X1,NAND2x1_ASAP7_6t_L,A,Y,fall,5.0,0.0014399999999999999,0.7,25.0,9.69037,0.5,0.108,0.216,0,1,1,1.791759469228055,0.0014389641942542824,9.25925925925926,4.62962962962963,0.013333333333333332,0.006666666666666666,0.006666666666666666,4.62962962962963,1.4285714285714286,0.04,-0.3333333333333333,1
ASAP7,OR4X1,OR4x1_ASAP7_6t_L,B,Y,fall,10.0,0.023039999999999998,0.7,25.0,128.067,1.0,0.27,0.27,0,1,1,2.3978952727983707,0.02277858688933957,3.7037037037037033,3.7037037037037033,0.08533333333333332,0.08533333333333332,0.08533333333333332,3.7037037037037033,1.4285714285714286,0.04,0.0,1
ASAP7,INVX2,INVx2_ASAP7_6t_L,A,Y,rise,80.0,0.0057599999999999995,0.7,25.0,37.0636,1.0,0.108,0.108,1,1,1,4.394449154672438,0.005743474627065725,9.25925925925926,9.25925925925926,0.05333333333333333,0.05333333333333333,0.05333333333333333,9.25925925925926,1.4285714285714286,0.04,0.0,1
ASAP7,NAND3X1,NAND3x1_ASAP7_6t_L,B,Y,rise,20.0,0.0057599999999999995,0.7,25.0,41.8249,0.3333333333333333,0.162,0.486,0,1,1,3.044522437723423,0.005743474627065725,6.172839506172839,2.05761316872428,0.03555555555555555,0.011851851851851851,0.03555555555555555,6.172839506172839,1.4285714285714286,0.04,-0.4999999999999999,1
ASAP7,NOR2X2,NOR2x2_ASAP7_6t_L,B,Y,fall,20.0,0.011519999999999999,0.7,25.0,32.6895,1.9999999999999998,0.43199999999999994,0.216,0,1,1,3.044522437723423,0.011454150045115854,2.3148148148148153,4.62962962962963,0.026666666666666672,0.05333333333333333,0.05333333333333333,4.62962962962963,1.4285714285714286,0.04,0.3333333333333333,1
ASAP7,XOR2X2,XOR2x2_ASAP7_6t_L,A,Y,fall,160.0,0.046079999999999996,0.7,25.0,137.22,1.0,0.37799999999999995,0.37799999999999995,0,1,1,5.081404364984463,0.04504984455370874,2.645502645502646,2.645502645502646,0.12190476190476192,0.12190476190476192,0.12190476190476192,2.645502645502646,1.4285714285714286,0.04,0.0,1
ASAP7,OR4X1,OR4x1_ASAP7_6t_L,A,Y,rise,160.0,0.0028799999999999997,0.7,25.0,31.8814,1.0,0.27,0.27,0,1,1,5.081404364984463,0.002875860745464264,3.7037037037037033,3.7037037037037033,0.010666666666666665,0.010666666666666665,0.010666666666666665,3.7037037037037033,1.4285714285714286,0.04,0.0,1
ASAP7,BUFX4,BUFx4_ASAP7_6t_L,A,Y,rise,80.0,0.09215999999999999,0.7,25.0,141.719,1.0,0.27,0.27,0,1,1,4.394449154672438,0.08815738673620517,3.7037037037037033,3.7037037037037033,0.34133333333333327,0.34133333333333327,0.34133333333333327,3.7037037037037033,1.4285714285714286,0.04,0.0,1
ASAP7,OR4X1,OR4x1_ASAP7_6t_L,D,Y,fall,320.0,0.046079999999999996,0.7,25.0,258.07,1.0,0.27,0.27,0,1,1,5.771441123130016,0.04504984455370874,3.7037037037037033,3.7037037037037033,0.17066666666666663,0.17066666666666663,0.17066666666666663,3.7037037037037033,1.4285714285714286,0.04,0.0,1
ASAP7,NOR2X1,NOR2x1_ASAP7_6t_L,B,Y,fall,20.0,0.0028799999999999997,0.7,25.0,20.792,2.0,0.216,0.108,0,1,1,3.044522437723423,0.002875860745464264,4.62962962962963,9.25925925925926,0.013333333333333332,0.026666666666666665,0.026666666666666665,9.25925925925926,1.4285714285714286,0.04,0.3333333333333333,1
ASAP7,AND3X4,AND3x4_ASAP7_6t_L,B,Y,rise,5.0,0.18431999999999998,0.7,25.0,251.423,0.7,0.37799999999999995,0.54,0,1,1,1.791759469228055,0.1691687702156541,2.645502645502646,1.8518518518518516,0.4876190476190477,0.34133333333333327,0.4876190476190477,2.645502645502646,1.4285714285714286,0.04,-0.17647058823529424,1
ASAP7,AND3X4,AND3x4_ASAP7_6t_L,C,Y,rise,80.0,0.0057599999999999995,0.7,25.0,34.238,0.7,0.37799999999999995,0.54,0,1,1,4.394449154672438,0.005743474627065725,2.645502645502646,1.8518518518518516,0.01523809523809524,0.010666666666666665,0.01523809523809524,2.645502645502646,1.4285714285714286,0.04,-0.17647058823529424,1
ASAP7,OR3X4,OR3x4_ASAP7_6t_L,B,Y,rise,20.0,0.18431999999999998,0.7,25.0,250.185,1.0,0.37799999999999995,0.37799999999999995,0,1,1,3.044522437723423,0.1691687702156541,2.645502645502646,2.645502645502646,0.4876190476190477,0.4876190476190477,0.4876190476190477,2.645502645502646,1.4285714285714286,0.04,0.0,1
ASAP7,OR2X2,OR2x2_ASAP7_6t_L,A,Y,rise,80.0,0.011519999999999999,0.7,25.0,61.9246,1.3333333333333335,0.216,0.162,0,1,1,4.394449154672438,0.011454150045115854,4.62962962962963,6.172839506172839,0.05333333333333333,0.0711111111111111,0.05333333333333333,4.62962962962963,1.4285714285714286,0.04,0.14285714285714285,1
ASAP7,NOR2X1,NOR2x1_ASAP7_6t_L,A,Y,rise,5.0,0.046079999999999996,0.7,25.0,219.79,2.0,0.216,0.108,0,1,1,1.791759469228055,0.04504984455370874,4.62962962962963,9.25925925925926,0.21333333333333332,0.42666666666666664,0.21333333333333332,4.62962962962963,1.4285714285714286,0.04,0.3333333333333333,1
ASAP7,OR3X4,OR3x4_ASAP7_6t_L,B,Y,rise,320.0,0.046079999999999996,0.7,25.0,98.3623,1.0,0.37799999999999995,0.37799999999999995,0,1,1,5.771441123130016,0.04504984455370874,2.645502645502646,2.645502645502646,0.12190476190476192,0.12190476190476192,0.12190476190476192,2.645502645502646,1.4285714285714286,0.04,0.0,1
ASAP7,BUFX4,BUFx4_ASAP7_6t_L,A,Y,rise,80.0,0.18431999999999998,0.7,25.0,255.684,1.0,0.27,0.27,0,1,1,4.394449154672438,0.1691687702156541,3.7037037037037033,3.7037037037037033,0.6826666666666665,0.6826666666666665,0.6826666666666665,3.7037037037037033,1.4285714285714286,0.04,0.0,1
ASAP7,XOR2X2,XOR2x2_ASAP7_6t_L,B,Y,rise,80.0,0.0014399999999999999,0.7,25.0,24.8129,1.0,0.37799999999999995,0.37799999999999995,0,1,1,4.394449154672438,0.0014389641942542824,2.645502645502646,2.645502645502646,0.00380952380952381,0.00380952380952381,0.00380952380952381,2.645502645502646,1.4285714285714286,0.04,0.0,1
ASAP7,NAND3X1,NAND3x1_ASAP7_6t_L,A,Y,fall,5.0,0.011519999999999999,0.7,25.0,42.4689,0.3333333333333333,0.162,0.486,0,1,1,1.791759469228055,0.011454150045115854,6.172839506172839,2.05761316872428,0.0711111111111111,0.023703703703703703,0.023703703703703703,2.05761316872428,1.4285714285714286,0.04,-0.4999999999999999,1
ASAP7,AND3X4,AND3x4_ASAP7_6t_L,B,Y,rise,5.0,0.0028799999999999997,0.7,25.0,24.319,0.7,0.37799999999999995,0.54,0,1,1,1.791759469228055,0.002875860745464264,2.645502645502646,1.8518518518518516,0.00761904761904762,0.005333333333333332,0.00761904761904762,2.645502645502646,1.4285714285714286,0.04,-0.17647058823529424,1
ASAP7,AND3X4,AND3x4_ASAP7_6t_L,B,Y,rise,40.0,0.0028799999999999997,0.7,25.0,29.4587,0.7,0.37799999999999995,0.54,0,1,1,3.7135720667043075,0.002875860745464264,2.645502645502646,1.8518518518518516,0.00761904761904762,0.005333333333333332,0.00761904761904762,2.645502645502646,1.4285714285714286,0.04,-0.17647058823529424,1
ASAP7,NAND2X1,NAND2x1_ASAP7_6t_L,B,Y,fall,5.0,0.011519999999999999,0.7,25.0,43.9094,0.5,0.108,0.216,0,1,1,1.791759469228055,0.011454150045115854,9.25925925925926,4.62962962962963,0.10666666666666666,0.05333333333333333,0.05333333333333333,4.62962962962963,1.4285714285714286,0.04,-0.3333333333333333,1
ASAP7,OR3X4,OR3x4_ASAP7_6t_L,A,Y,fall,40.0,0.09215999999999999,0.7,25.0,151.683,1.0,0.37799999999999995,0.37799999999999995,0,1,1,3.7135720667043075,0.08815738673620517,2.645502645502646,2.645502645502646,0.24380952380952384,0.24380952380952384,0.24380952380952384,2.645502645502646,1.4285714285714286,0.04,0.0,1
ASAP7,OR2X2,OR2x2_ASAP7_6t_L,B,Y,fall,20.0,0.0014399999999999999,0.7,25.0,23.5966,1.3333333333333335,0.216,0.162,0,1,1,3.044522437723423,0.0014389641942542824,4.62962962962963,6.172839506172839,0.006666666666666666,0.008888888888888887,0.008888888888888887,6.172839506172839,1.4285714285714286,0.04,0.14285714285714285,1
ASAP7,AND4X2,AND4x2_ASAP7_6t_L,D,Y,fall,5.0,0.046079999999999996,0.7,25.0,110.215,1.0,0.324,0.324,0,1,1,1.791759469228055,0.04504984455370874,3.0864197530864197,3.0864197530864197,0.1422222222222222,0.1422222222222222,0.1422222222222222,3.0864197530864197,1.4285714285714286,0.04,0.0,1
ASAP7,NAND2X1,NAND2x1_ASAP7_6t_L,A,Y,fall,20.0,0.0057599999999999995,0.7,25.0,27.1906,0.5,0.108,0.216,0,1,1,3.044522437723423,0.005743474627065725,9.25925925925926,4.62962962962963,0.05333333333333333,0.026666666666666665,0.026666666666666665,4.62962962962963,1.4285714285714286,0.04,-0.3333333333333333,1
ASAP7,AND3X2,AND3x2_ASAP7_6t_L,B,Y,rise,40.0,0.011519999999999999,0.7,25.0,58.2502,1.0,0.27,0.27,0,1,1,3.7135720667043075,0.011454150045115854,3.7037037037037033,3.7037037037037033,0.04266666666666666,0.04266666666666666,0.04266666666666666,3.7037037037037033,1.4285714285714286,0.04,0.0,1
ASAP7,XOR2X2,XOR2x2_ASAP7_6t_L,A,Y,fall,160.0,0.09215999999999999,0.7,25.0,231.634,1.0,0.37799999999999995,0.37799999999999995,0,1,1,5.081404364984463,0.08815738673620517,2.645502645502646,2.645502645502646,0.24380952380952384,0.24380952380952384,0.24380952380952384,2.645502645502646,1.4285714285714286,0.04,0.0,1
ASAP7,NAND3X2,NAND3x2_ASAP7_6t_L,A,Y,rise,5.0,0.09215999999999999,0.7,25.0,236.118,0.33333333333333326,0.324,0.9720000000000002,0,1,1,1.791759469228055,0.08815738673620517,3.0864197530864197,1.0288065843621397,0.2844444444444444,0.09481481481481478,0.2844444444444444,3.0864197530864197,1.4285714285714286,0.04,-0.5,1
ASAP7,NOR2X1,NOR2x1_ASAP7_6t_L,A,Y,rise,5.0,0.0014399999999999999,0.7,25.0,12.5709,2.0,0.216,0.108,0,1,1,1.791759469228055,0.0014389641942542824,4.62962962962963,9.25925925925926,0.006666666666666666,0.013333333333333332,0.006666666666666666,4.62962962962963,1.4285714285714286,0.04,0.3333333333333333,1
ASAP7,AND3X2,AND3x2_ASAP7_6t_L,B,Y,fall,20.0,0.0057599999999999995,0.7,25.0,29.9426,1.0,0.27,0.27,0,1,1,3.044522437723423,0.005743474627065725,3.7037037037037033,3.7037037037037033,0.02133333333333333,0.02133333333333333,0.02133333333333333,3.7037037037037033,1.4285714285714286,0.04,0.0,1
ASAP7,OR3X4,OR3x4_ASAP7_6t_L,B,Y,rise,160.0,0.023039999999999998,0.7,25.0,64.7108,1.0,0.37799999999999995,0.37799999999999995,0,1,1,5.081404364984463,0.02277858688933957,2.645502645502646,2.645502645502646,0.06095238095238096,0.06095238095238096,0.06095238095238096,2.645502645502646,1.4285714285714286,0.04,0.0,1
ASAP7,NAND3X1,NAND3x1_ASAP7_6t_L,C,Y,rise,160.0,0.0014399999999999999,0.7,25.0,53.8544,0.3333333333333333,0.162,0.486,0,1,1,5.081404364984463,0.0014389641942542824,6.172839506172839,2.05761316872428,0.008888888888888887,0.002962962962962963,0.008888888888888887,6.172839506172839,1.4285714285714286,0.04,-0.4999999999999999,1
ASAP7,NOR3X2,NOR3x2_ASAP7_6t_L,B,Y,rise,160.0,0.0028799999999999997,0.7,25.0,27.1146,3.0000000000000004,0.9720000000000002,0.324,0,1,1,5.081404364984463,0.002875860745464264,1.0288065843621397,3.0864197530864197,0.002962962962962962,0.008888888888888887,0.002962962962962962,1.0288065843621397,1.4285714285714286,0.04,0.5,1
ASAP7,XOR2X2,XOR2x2_ASAP7_6t_L,A,Y,rise,20.0,0.011519999999999999,0.7,25.0,54.0596,1.0,0.37799999999999995,0.37799999999999995,0,1,1,3.044522437723423,0.011454150045115854,2.645502645502646,2.645502645502646,0.03047619047619048,0.03047619047619048,0.03047619047619048,2.645502645502646,1.4285714285714286,0.04,0.0,1
ASAP7,OR4X1,OR4x1_ASAP7_6t_L,C,Y,fall,10.0,0.0007199999999999999,0.7,25.0,32.437,1.0,0.27,0.27,0,1,1,2.3978952727983707,0.0007197409243488539,3.7037037037037033,3.7037037037037033,0.002666666666666666,0.002666666666666666,0.002666666666666666,3.7037037037037033,1.4285714285714286,0.04,0.0,1
ASAP7,INVX2,INVx2_ASAP7_6t_L,A,Y,fall,20.0,0.0014399999999999999,0.7,25.0,8.76818,1.0,0.108,0.108,1,1,1,3.044522437723423,0.0014389641942542824,9.25925925925926,9.25925925925926,0.013333333333333332,0.013333333333333332,0.013333333333333332,9.25925925925926,1.4285714285714286,0.04,0.0,1
ASAP7,NOR2X1,NOR2x1_ASAP7_6t_L,A,Y,fall,80.0,0.0007199999999999999,0.7,25.0,20.0917,2.0,0.216,0.108,0,1,1,4.394449154672438,0.0007197409243488539,4.62962962962963,9.25925925925926,0.003333333333333333,0.006666666666666666,0.006666666666666666,9.25925925925926,1.4285714285714286,0.04,0.3333333333333333,1
ASAP7,NOR3X2,NOR3x2_ASAP7_6t_L,C,Y,fall,160.0,0.011519999999999999,0.7,25.0,70.2136,3.0000000000000004,0.9720000000000002,0.324,0,1,1,5.081404364984463,0.011454150045115854,1.0288065843621397,3.0864197530864197,0.011851851851851848,0.03555555555555555,0.03555555555555555,3.0864197530864197,1.4285714285714286,0.04,0.5,1
ASAP7,OR2X4,OR2x4_ASAP7_6t_L,A,Y,fall,5.0,0.011519999999999999,0.7,25.0,41.1753,1.0,0.324,0.324,0,1,1,1.791759469228055,0.011454150045115854,3.0864197530864197,3.0864197530864197,0.03555555555555555,0.03555555555555555,0.03555555555555555,3.0864197530864197,1.4285714285714286,0.04,0.0,1
ASAP7,NOR2X2,NOR2x2_ASAP7_6t_L,A,Y,rise,10.0,0.046079999999999996,0.7,25.0,114.316,1.9999999999999998,0.43199999999999994,0.216,0,1,1,2.3978952727983707,0.04504984455370874,2.3148148148148153,4.62962962962963,0.10666666666666669,0.21333333333333332,0.10666666666666669,2.3148148148148153,1.4285714285714286,0.04,0.3333333333333333,1
ASAP7,NOR2X2,NOR2x2_ASAP7_6t_L,B,Y,rise,40.0,0.0028799999999999997,0.7,25.0,19.389,1.9999999999999998,0.43199999999999994,0.216,0,1,1,3.7135720667043075,0.002875860745464264,2.3148148148148153,4.62962962962963,0.006666666666666668,0.013333333333333332,0.006666666666666668,2.3148148148148153,1.4285714285714286,0.04,0.3333333333333333,1
ASAP7,OR4X1,OR4x1_ASAP7_6t_L,B,Y,fall,80.0,0.0028799999999999997,0.7,25.0,55.5881,1.0,0.27,0.27,0,1,1,4.394449154672438,0.002875860745464264,3.7037037037037033,3.7037037037037033,0.010666666666666665,0.010666666666666665,0.010666666666666665,3.7037037037037033,1.4285714285714286,0.04,0.0,1
ASAP7,OR3X4,OR3x4_ASAP7_6t_L,B,Y,fall,5.0,0.011519999999999999,0.7,25.0,55.2492,1.0,0.37799999999999995,0.37799999999999995,0,1,1,1.791759469228055,0.011454150045115854,2.645502645502646,2.645502645502646,0.03047619047619048,0.03047619047619048,0.03047619047619048,2.645502645502646,1.4285714285714286,0.04,0.0,1
ASAP7,NOR3X1,NOR3x1_ASAP7_6t_L,A,Y,rise,160.0,0.0014399999999999999,0.7,25.0,29.3622,3.0,0.486,0.162,0,1,1,5.081404364984463,0.0014389641942542824,2.05761316872428,6.172839506172839,0.002962962962962963,0.008888888888888887,0.002962962962962963,2.05761316872428,1.4285714285714286,0.04,0.4999999999999999,1
ASAP7,XOR2X2,XOR2x2_ASAP7_6t_L,B,Y,rise,10.0,0.023039999999999998,0.7,25.0,81.7226,1.0,0.37799999999999995,0.37799999999999995,0,1,1,2.3978952727983707,0.02277858688933957,2.645502645502646,2.645502645502646,0.06095238095238096,0.06095238095238096,0.06095238095238096,2.645502645502646,1.4285714285714286,0.04,0.0,1
ASAP7,INVX2,INVx2_ASAP7_6t_L,A,Y,rise,20.0,0.0014399999999999999,0.7,25.0,10.5957,1.0,0.108,0.108,1,1,1,3.044522437723423,0.0014389641942542824,9.25925925925926,9.25925925925926,0.013333333333333332,0.013333333333333332,0.013333333333333332,9.25925925925926,1.4285714285714286,0.04,0.0,1
ASAP7,NOR2X2,NOR2x2_ASAP7_6t_L,A,Y,fall,20.0,0.011519999999999999,0.7,25.0,33.8755,1.9999999999999998,0.43199999999999994,0.216,0,1,1,3.044522437723423,0.011454150045115854,2.3148148148148153,4.62962962962963,0.026666666666666672,0.05333333333333333,0.05333333333333333,4.62962962962963,1.4285714285714286,0.04,0.3333333333333333,1
ASAP7,OR2X2,OR2x2_ASAP7_6t_L,A,Y,rise,320.0,0.0057599999999999995,0.7,25.0,70.7443,1.3333333333333335,0.216,0.162,0,1,1,5.771441123130016,0.005743474627065725,4.62962962962963,6.172839506172839,0.026666666666666665,0.03555555555555555,0.026666666666666665,4.62962962962963,1.4285714285714286,0.04,0.14285714285714285,1
ASAP7,NOR3X2,NOR3x2_ASAP7_6t_L,B,Y,rise,160.0,0.0057599999999999995,0.7,25.0,38.658,3.0000000000000004,0.9720000000000002,0.324,0,1,1,5.081404364984463,0.005743474627065725,1.0288065843621397,3.0864197530864197,0.005925925925925924,0.017777777777777774,0.005925925925925924,1.0288065843621397,1.4285714285714286,0.04,0.5,1
ASAP7,XOR2X2,XOR2x2_ASAP7_6t_L,A,Y,fall,10.0,0.011519999999999999,0.7,25.0,45.4301,1.0,0.37799999999999995,0.37799999999999995,0,1,1,2.3978952727983707,0.011454150045115854,2.645502645502646,2.645502645502646,0.03047619047619048,0.03047619047619048,0.03047619047619048,2.645502645502646,1.4285714285714286,0.04,0.0,1
ASAP7,AND3X2,AND3x2_ASAP7_6t_L,C,Y,fall,160.0,0.0028799999999999997,0.7,25.0,44.5707,1.0,0.27,0.27,0,1,1,5.081404364984463,0.002875860745464264,3.7037037037037033,3.7037037037037033,0.010666666666666665,0.010666666666666665,0.010666666666666665,3.7037037037037033,1.4285714285714286,0.04,0.0,1
ASAP7,NOR3X1,NOR3x1_ASAP7_6t_L,C,Y,fall,5.0,0.046079999999999996,0.7,25.0,198.777,3.0,0.486,0.162,0,1,1,1.791759469228055,0.04504984455370874,2.05761316872428,6.172839506172839,0.09481481481481481,0.2844444444444444,0.2844444444444444,6.172839506172839,1.4285714285714286,0.04,0.4999999999999999,1
ASAP7,AND4X2,AND4x2_ASAP7_6t_L,B,Y,rise,80.0,0.011519999999999999,0.7,25.0,71.0538,1.0,0.324,0.324,0,1,1,4.394449154672438,0.011454150045115854,3.0864197530864197,3.0864197530864197,0.03555555555555555,0.03555555555555555,0.03555555555555555,3.0864197530864197,1.4285714285714286,0.04,0.0,1
ASAP7,NOR3X1,NOR3x1_ASAP7_6t_L,B,Y,fall,80.0,0.046079999999999996,0.7,25.0,218.34,3.0,0.486,0.162,0,1,1,4.394449154672438,0.04504984455370874,2.05761316872428,6.172839506172839,0.09481481481481481,0.2844444444444444,0.2844444444444444,6.172839506172839,1.4285714285714286,0.04,0.4999999999999999,1
ASAP7,OR4X1,OR4x1_ASAP7_6t_L,C,Y,fall,10.0,0.0057599999999999995,0.7,25.0,57.7742,1.0,0.27,0.27,0,1,1,2.3978952727983707,0.005743474627065725,3.7037037037037033,3.7037037037037033,0.02133333333333333,0.02133333333333333,0.02133333333333333,3.7037037037037033,1.4285714285714286,0.04,0.0,1
ASAP7,NAND3X1,NAND3x1_ASAP7_6t_L,A,Y,rise,10.0,0.0014399999999999999,0.7,25.0,15.0001,0.3333333333333333,0.162,0.486,0,1,1,2.3978952727983707,0.0014389641942542824,6.172839506172839,2.05761316872428,0.008888888888888887,0.002962962962962963,0.008888888888888887,6.172839506172839,1.4285714285714286,0.04,-0.4999999999999999,1
ASAP7,AND4X2,AND4x2_ASAP7_6t_L,D,Y,fall,40.0,0.0057599999999999995,0.7,25.0,36.5515,1.0,0.324,0.324,0,1,1,3.7135720667043075,0.005743474627065725,3.0864197530864197,3.0864197530864197,0.017777777777777774,0.017777777777777774,0.017777777777777774,3.0864197530864197,1.4285714285714286,0.04,0.0,1
ASAP7,NAND2X1,NAND2x1_ASAP7_6t_L,B,Y,fall,5.0,0.046079999999999996,0.7,25.0,163.598,0.5,0.108,0.216,0,1,1,1.791759469228055,0.04504984455370874,9.25925925925926,4.62962962962963,0.42666666666666664,0.21333333333333332,0.21333333333333332,4.62962962962963,1.4285714285714286,0.04,-0.3333333333333333,1
ASAP7,OR2X4,OR2x4_ASAP7_6t_L,A,Y,fall,40.0,0.18431999999999998,0.7,25.0,227.928,1.0,0.324,0.324,0,1,1,3.7135720667043075,0.1691687702156541,3.0864197530864197,3.0864197530864197,0.5688888888888888,0.5688888888888888,0.5688888888888888,3.0864197530864197,1.4285714285714286,0.04,0.0,1
ASAP7,OR4X1,OR4x1_ASAP7_6t_L,C,Y,rise,5.0,0.0057599999999999995,0.7,25.0,39.462,1.0,0.27,0.27,0,1,1,1.791759469228055,0.005743474627065725,3.7037037037037033,3.7037037037037033,0.02133333333333333,0.02133333333333333,0.02133333333333333,3.7037037037037033,1.4285714285714286,0.04,0.0,1
ASAP7,AND4X2,AND4x2_ASAP7_6t_L,A,Y,rise,80.0,0.0028799999999999997,0.7,25.0,48.9052,1.0,0.324,0.324,0,1,1,4.394449154672438,0.002875860745464264,3.0864197530864197,3.0864197530864197,0.008888888888888887,0.008888888888888887,0.008888888888888887,3.0864197530864197,1.4285714285714286,0.04,0.0,1
ASAP7,AND4X2,AND4x2_ASAP7_6t_L,C,Y,fall,5.0,0.0028799999999999997,0.7,25.0,20.277,1.0,0.324,0.324,0,1,1,1.791759469228055,0.002875860745464264,3.0864197530864197,3.0864197530864197,0.008888888888888887,0.008888888888888887,0.008888888888888887,3.0864197530864197,1.4285714285714286,0.04,0.0,1
ASAP7,OR2X2,OR2x2_ASAP7_6t_L,A,Y,rise,5.0,0.09215999999999999,0.7,25.0,245.334,1.3333333333333335,0.216,0.162,0,1,1,1.791759469228055,0.08815738673620517,4.62962962962963,6.172839506172839,0.42666666666666664,0.5688888888888888,0.42666666666666664,4.62962962962963,1.4285714285714286,0.04,0.14285714285714285,1
ASAP7,NAND2X1,NAND2x1_ASAP7_6t_L,B,Y,rise,160.0,0.0028799999999999997,0.7,25.0,53.8927,0.5,0.108,0.216,0,1,1,5.081404364984463,0.002875860745464264,9.25925925925926,4.62962962962963,0.026666666666666665,0.013333333333333332,0.026666666666666665,9.25925925925926,1.4285714285714286,0.04,-0.3333333333333333,1
ASAP7,NOR3X2,NOR3x2_ASAP7_6t_L,C,Y,rise,320.0,0.023039999999999998,0.7,25.0,92.1564,3.0000000000000004,0.9720000000000002,0.324,0,1,1,5.771441123130016,0.02277858688933957,1.0288065843621397,3.0864197530864197,0.023703703703703696,0.0711111111111111,0.023703703703703696,1.0288065843621397,1.4285714285714286,0.04,0.5,1
ASAP7,NAND2X1,NAND2x1_ASAP7_6t_L,A,Y,fall,5.0,0.0007199999999999999,0.7,25.0,7.15661,0.5,0.108,0.216,0,1,1,1.791759469228055,0.0007197409243488539,9.25925925925926,4.62962962962963,0.006666666666666666,0.003333333333333333,0.003333333333333333,4.62962962962963,1.4285714285714286,0.04,-0.3333333333333333,1
ASAP7,NOR2X1,NOR2x1_ASAP7_6t_L,B,Y,fall,80.0,0.0057599999999999995,0.7,25.0,48.5502,2.0,0.216,0.108,0,1,1,4.394449154672438,0.005743474627065725,4.62962962962963,9.25925925925926,0.026666666666666665,0.05333333333333333,0.05333333333333333,9.25925925925926,1.4285714285714286,0.04,0.3333333333333333,1
ASAP7,XOR2X2,XOR2x2_ASAP7_6t_L,B,Y,rise,320.0,0.0014399999999999999,0.7,25.0,56.8381,1.0,0.37799999999999995,0.37799999999999995,0,1,1,5.771441123130016,0.0014389641942542824,2.645502645502646,2.645502645502646,0.00380952380952381,0.00380952380952381,0.00380952380952381,2.645502645502646,1.4285714285714286,0.04,0.0,1
ASAP7,OR3X4,OR3x4_ASAP7_6t_L,C,Y,rise,40.0,0.0028799999999999997,0.7,25.0,28.2787,1.0,0.37799999999999995,0.37799999999999995,0,1,1,3.7135720667043075,0.002875860745464264,2.645502645502646,2.645502645502646,0.00761904761904762,0.00761904761904762,0.00761904761904762,2.645502645502646,1.4285714285714286,0.04,0.0,1
ASAP7,NAND3X2,NAND3x2_ASAP7_6t_L,B,Y,fall,40.0,0.0057599999999999995,0.7,25.0,20.3712,0.33333333333333326,0.324,0.9720000000000002,0,1,1,3.7135720667043075,0.005743474627065725,3.0864197530864197,1.0288065843621397,0.017777777777777774,0.005925925925925924,0.005925925925925924,1.0288065843621397,1.4285714285714286,0.04,-0.5,1
ASAP7,XOR2X2,XOR2x2_ASAP7_6t_L,B,Y,fall,5.0,0.0028799999999999997,0.7,25.0,25.029,1.0,0.37799999999999995,0.37799999999999995,0,1,1,1.791759469228055,0.002875860745464264,2.645502645502646,2.645502645502646,0.00761904761904762,0.00761904761904762,0.00761904761904762,2.645502645502646,1.4285714285714286,0.04,0.0,1
ASAP7,NAND2X1,NAND2x1_ASAP7_6t_L,A,Y,fall,10.0,0.0007199999999999999,0.7,25.0,7.97068,0.5,0.108,0.216,0,1,1,2.3978952727983707,0.0007197409243488539,9.25925925925926,4.62962962962963,0.006666666666666666,0.003333333333333333,0.003333333333333333,4.62962962962963,1.4285714285714286,0.04,-0.3333333333333333,1
ASAP7,AND3X4,AND3x4_ASAP7_6t_L,B,Y,rise,20.0,0.046079999999999996,0.7,25.0,83.0598,0.7,0.37799999999999995,0.54,0,1,1,3.044522437723423,0.04504984455370874,2.645502645502646,1.8518518518518516,0.12190476190476192,0.08533333333333332,0.12190476190476192,2.645502645502646,1.4285714285714286,0.04,-0.17647058823529424,1
ASAP7,OR4X1,OR4x1_ASAP7_6t_L,A,Y,rise,160.0,0.0007199999999999999,0.7,25.0,20.51,1.0,0.27,0.27,0,1,1,5.081404364984463,0.0007197409243488539,3.7037037037037033,3.7037037037037033,0.002666666666666666,0.002666666666666666,0.002666666666666666,3.7037037037037033,1.4285714285714286,0.04,0.0,1
ASAP7,NOR2X1,NOR2x1_ASAP7_6t_L,A,Y,rise,10.0,0.0057599999999999995,0.7,25.0,33.8971,2.0,0.216,0.108,0,1,1,2.3978952727983707,0.005743474627065725,4.62962962962963,9.25925925925926,0.026666666666666665,0.05333333333333333,0.026666666666666665,4.62962962962963,1.4285714285714286,0.04,0.3333333333333333,1
ASAP7,NOR2X2,NOR2x2_ASAP7_6t_L,B,Y,rise,10.0,0.09215999999999999,0.7,25.0,221.052,1.9999999999999998,0.43199999999999994,0.216,0,1,1,2.3978952727983707,0.08815738673620517,2.3148148148148153,4.62962962962963,0.21333333333333337,0.42666666666666664,0.21333333333333337,2.3148148148148153,1.4285714285714286,0.04,0.3333333333333333,1
ASAP7,OR3X4,OR3x4_ASAP7_6t_L,B,Y,rise,10.0,0.0028799999999999997,0.7,25.0,20.6461,1.0,0.37799999999999995,0.37799999999999995,0,1,1,2.3978952727983707,0.002875860745464264,2.645502645502646,2.645502645502646,0.00761904761904762,0.00761904761904762,0.00761904761904762,2.645502645502646,1.4285714285714286,0.04,0.0,1
ASAP7,AND4X2,AND4x2_ASAP7_6t_L,C,Y,fall,5.0,0.09215999999999999,0.7,25.0,203.892,1.0,0.324,0.324,0,1,1,1.791759469228055,0.08815738673620517,3.0864197530864197,3.0864197530864197,0.2844444444444444,0.2844444444444444,0.2844444444444444,3.0864197530864197,1.4285714285714286,0.04,0.0,1
ASAP7,NAND3X1,NAND3x1_ASAP7_6t_L,B,Y,rise,20.0,0.0014399999999999999,0.7,25.0,20.3425,0.3333333333333333,0.162,0.486,0,1,1,3.044522437723423,0.0014389641942542824,6.172839506172839,2.05761316872428,0.008888888888888887,0.002962962962962963,0.008888888888888887,6.172839506172839,1.4285714285714286,0.04,-0.4999999999999999,1
ASAP7,AND3X2,AND3x2_ASAP7_6t_L,B,Y,rise,40.0,0.0014399999999999999,0.7,25.0,30.3468,1.0,0.27,0.27,0,1,1,3.7135720667043075,0.0014389641942542824,3.7037037037037033,3.7037037037037033,0.005333333333333332,0.005333333333333332,0.005333333333333332,3.7037037037037033,1.4285714285714286,0.04,0.0,1
ASAP7,NOR3X2,NOR3x2_ASAP7_6t_L,B,Y,rise,160.0,0.011519999999999999,0.7,25.0,57.5791,3.0000000000000004,0.9720000000000002,0.324,0,1,1,5.081404364984463,0.011454150045115854,1.0288065843621397,3.0864197530864197,0.011851851851851848,0.03555555555555555,0.011851851851851848,1.0288065843621397,1.4285714285714286,0.04,0.5,1
ASAP7,OR3X4,OR3x4_ASAP7_6t_L,A,Y,rise,160.0,0.0057599999999999995,0.7,25.0,41.1694,1.0,0.37799999999999995,0.37799999999999995,0,1,1,5.081404364984463,0.005743474627065725,2.645502645502646,2.645502645502646,0.01523809523809524,0.01523809523809524,0.01523809523809524,2.645502645502646,1.4285714285714286,0.04,0.0,1
ASAP7,AND4X2,AND4x2_ASAP7_6t_L,D,Y,fall,160.0,0.09215999999999999,0.7,25.0,230.459,1.0,0.324,0.324,0,1,1,5.081404364984463,0.08815738673620517,3.0864197530864197,3.0864197530864197,0.2844444444444444,0.2844444444444444,0.2844444444444444,3.0864197530864197,1.4285714285714286,0.04,0.0,1
ASAP7,INVX4,INVx4_ASAP7_6t_L,A,Y,fall,320.0,0.09215999999999999,0.7,25.0,180.74,1.0,0.216,0.216,1,1,1,5.771441123130016,0.08815738673620517,4.62962962962963,4.62962962962963,0.42666666666666664,0.42666666666666664,0.42666666666666664,4.62962962962963,1.4285714285714286,0.04,0.0,1
ASAP7,NAND3X1,NAND3x1_ASAP7_6t_L,A,Y,fall,320.0,0.0028799999999999997,0.7,25.0,28.7385,0.3333333333333333,0.162,0.486,0,1,1,5.771441123130016,0.002875860745464264,6.172839506172839,2.05761316872428,0.017777777777777774,0.005925925925925926,0.005925925925925926,2.05761316872428,1.4285714285714286,0.04,-0.4999999999999999,1
ASAP7,AND4X2,AND4x2_ASAP7_6t_L,D,Y,fall,320.0,0.046079999999999996,0.7,25.0,150.328,1.0,0.324,0.324,0,1,1,5.771441123130016,0.04504984455370874,3.0864197530864197,3.0864197530864197,0.1422222222222222,0.1422222222222222,0.1422222222222222,3.0864197530864197,1.4285714285714286,0.04,0.0,1
ASAP7,INVX2,INVx2_ASAP7_6t_L,A,Y,fall,10.0,0.0014399999999999999,0.7,25.0,7.16287,1.0,0.108,0.108,1,1,1,2.3978952727983707,0.0014389641942542824,9.25925925925926,9.25925925925926,0.013333333333333332,0.013333333333333332,0.013333333333333332,9.25925925925926,1.4285714285714286,0.04,0.0,1
ASAP7,INVX2,INVx2_ASAP7_6t_L,A,Y,rise,40.0,0.09215999999999999,0.7,25.0,240.76,1.0,0.108,0.108,1,1,1,3.7135720667043075,0.08815738673620517,9.25925925925926,9.25925925925926,0.8533333333333333,0.8533333333333333,0.8533333333333333,9.25925925925926,1.4285714285714286,0.04,0.0,1
ASAP7,OR2X2,OR2x2_ASAP7_6t_L,B,Y,fall,5.0,0.023039999999999998,0.7,25.0,66.2802,1.3333333333333335,0.216,0.162,0,1,1,1.791759469228055,0.02277858688933957,4.62962962962963,6.172839506172839,0.10666666666666666,0.1422222222222222,0.1422222222222222,6.172839506172839,1.4285714285714286,0.04,0.14285714285714285,1
ASAP7,NOR2X1,NOR2x1_ASAP7_6t_L,B,Y,rise,160.0,0.0007199999999999999,0.7,25.0,22.9009,2.0,0.216,0.108,0,1,1,5.081404364984463,0.0007197409243488539,4.62962962962963,9.25925925925926,0.003333333333333333,0.006666666666666666,0.003333333333333333,4.62962962962963,1.4285714285714286,0.04,0.3333333333333333,1
ASAP7,AND4X2,AND4x2_ASAP7_6t_L,D,Y,fall,40.0,0.0028799999999999997,0.7,25.0,30.1717,1.0,0.324,0.324,0,1,1,3.7135720667043075,0.002875860745464264,3.0864197530864197,3.0864197530864197,0.008888888888888887,0.008888888888888887,0.008888888888888887,3.0864197530864197,1.4285714285714286,0.04,0.0,1
ASAP7,OR4X1,OR4x1_ASAP7_6t_L,A,Y,rise,160.0,0.011519999999999999,0.7,25.0,74.4857,1.0,0.27,0.27,0,1,1,5.081404364984463,0.011454150045115854,3.7037037037037033,3.7037037037037033,0.04266666666666666,0.04266666666666666,0.04266666666666666,3.7037037037037033,1.4285714285714286,0.04,0.0,1
ASAP7,BUFX4,BUFx4_ASAP7_6t_L,A,Y,fall,40.0,0.0057599999999999995,0.7,25.0,31.8792,1.0,0.27,0.27,0,1,1,3.7135720667043075,0.005743474627065725,3.7037037037037033,3.7037037037037033,0.02133333333333333,0.02133333333333333,0.02133333333333333,3.7037037037037033,1.4285714285714286,0.04,0.0,1
ASAP7,XOR2X2,XOR2x2_ASAP7_6t_L,B,Y,rise,20.0,0.0057599999999999995,0.7,25.0,41.1569,1.0,0.37799999999999995,0.37799999999999995,0,1,1,3.044522437723423,0.005743474627065725,2.645502645502646,2.645502645502646,0.01523809523809524,0.01523809523809524,0.01523809523809524,2.645502645502646,1.4285714285714286,0.04,0.0,1
ASAP7,NOR3X2,NOR3x2_ASAP7_6t_L,B,Y,fall,40.0,0.011519999999999999,0.7,25.0,41.6655,3.0000000000000004,0.9720000000000002,0.324,0,1,1,3.7135720667043075,0.011454150045115854,1.0288065843621397,3.0864197530864197,0.011851851851851848,0.03555555555555555,0.03555555555555555,3.0864197530864197,1.4285714285714286,0.04,0.5,1
ASAP7,OR4X1,OR4x1_ASAP7_6t_L,B,Y,fall,160.0,0.0028799999999999997,0.7,25.0,68.4725,1.0,0.27,0.27,0,1,1,5.081404364984463,0.002875860745464264,3.7037037037037033,3.7037037037037033,0.010666666666666665,0.010666666666666665,0.010666666666666665,3.7037037037037033,1.4285714285714286,0.04,0.0,1
ASAP7,INVX4,INVx4_ASAP7_6t_L,A,Y,fall,160.0,0.0057599999999999995,0.7,25.0,23.4033,1.0,0.216,0.216,1,1,1,5.081404364984463,0.005743474627065725,4.62962962962963,4.62962962962963,0.026666666666666665,0.026666666666666665,0.026666666666666665,4.62962962962963,1.4285714285714286,0.04,0.0,1
ASAP7,NAND3X2,NAND3x2_ASAP7_6t_L,B,Y,fall,10.0,0.0057599999999999995,0.7,25.0,16.2841,0.33333333333333326,0.324,0.9720000000000002,0,1,1,2.3978952727983707,0.005743474627065725,3.0864197530864197,1.0288065843621397,0.017777777777777774,0.005925925925925924,0.005925925925925924,1.0288065843621397,1.4285714285714286,0.04,-0.5,1
ASAP7,NOR2X1,NOR2x1_ASAP7_6t_L,A,Y,fall,20.0,0.0007199999999999999,0.7,25.0,12.5609,2.0,0.216,0.108,0,1,1,3.044522437723423,0.0007197409243488539,4.62962962962963,9.25925925925926,0.003333333333333333,0.006666666666666666,0.006666666666666666,9.25925925925926,1.4285714285714286,0.04,0.3333333333333333,1
ASAP7,OR2X2,OR2x2_ASAP7_6t_L,B,Y,rise,5.0,0.023039999999999998,0.7,25.0,73.9434,1.3333333333333335,0.216,0.162,0,1,1,1.791759469228055,0.02277858688933957,4.62962962962963,6.172839506172839,0.10666666666666666,0.1422222222222222,0.10666666666666666,4.62962962962963,1.4285714285714286,0.04,0.14285714285714285,1
ASAP7,NOR2X2,NOR2x2_ASAP7_6t_L,B,Y,fall,320.0,0.0028799999999999997,0.7,25.0,36.3735,1.9999999999999998,0.43199999999999994,0.216,0,1,1,5.771441123130016,0.002875860745464264,2.3148148148148153,4.62962962962963,0.006666666666666668,0.013333333333333332,0.013333333333333332,4.62962962962963,1.4285714285714286,0.04,0.3333333333333333,1
ASAP7,AND4X2,AND4x2_ASAP7_6t_L,C,Y,fall,20.0,0.023039999999999998,0.7,25.0,66.4799,1.0,0.324,0.324,0,1,1,3.044522437723423,0.02277858688933957,3.0864197530864197,3.0864197530864197,0.0711111111111111,0.0711111111111111,0.0711111111111111,3.0864197530864197,1.4285714285714286,0.04,0.0,1
ASAP7,OR4X1,OR4x1_ASAP7_6t_L,A,Y,fall,80.0,0.0007199999999999999,0.7,25.0,44.6051,1.0,0.27,0.27,0,1,1,4.394449154672438,0.0007197409243488539,3.7037037037037033,3.7037037037037033,0.002666666666666666,0.002666666666666666,0.002666666666666666,3.7037037037037033,1.4285714285714286,0.04,0.0,1
ASAP7,INVX2,INVx2_ASAP7_6t_L,A,Y,fall,160.0,0.0028799999999999997,0.7,25.0,23.4424,1.0,0.108,0.108,1,1,1,5.081404364984463,0.002875860745464264,9.25925925925926,9.25925925925926,0.026666666666666665,0.026666666666666665,0.026666666666666665,9.25925925925926,1.4285714285714286,0.04,0.0,1
ASAP7,XOR2X2,XOR2x2_ASAP7_6t_L,A,Y,rise,320.0,0.011519999999999999,0.7,25.0,75.4555,1.0,0.37799999999999995,0.37799999999999995,0,1,1,5.771441123130016,0.011454150045115854,2.645502645502646,2.645502645502646,0.03047619047619048,0.03047619047619048,0.03047619047619048,2.645502645502646,1.4285714285714286,0.04,0.0,1
ASAP7,NAND3X1,NAND3x1_ASAP7_6t_L,B,Y,fall,20.0,0.0028799999999999997,0.7,25.0,17.7556,0.3333333333333333,0.162,0.486,0,1,1,3.044522437723423,0.002875860745464264,6.172839506172839,2.05761316872428,0.017777777777777774,0.005925925925925926,0.005925925925925926,2.05761316872428,1.4285714285714286,0.04,-0.4999999999999999,1
ASAP7,NAND3X2,NAND3x2_ASAP7_6t_L,A,Y,rise,80.0,0.023039999999999998,0.7,25.0,88.1993,0.33333333333333326,0.324,0.9720000000000002,0,1,1,4.394449154672438,0.02277858688933957,3.0864197530864197,1.0288065843621397,0.0711111111111111,0.023703703703703696,0.0711111111111111,3.0864197530864197,1.4285714285714286,0.04,-0.5,1
ASAP7,AND3X4,AND3x4_ASAP7_6t_L,A,Y,fall,10.0,0.0028799999999999997,0.7,25.0,22.5799,0.7,0.37799999999999995,0.54,0,1,1,2.3978952727983707,0.002875860745464264,2.645502645502646,1.8518518518518516,0.00761904761904762,0.005333333333333332,0.005333333333333332,1.8518518518518516,1.4285714285714286,0.04,-0.17647058823529424,1
ASAP7,NAND3X1,NAND3x1_ASAP7_6t_L,B,Y,rise,160.0,0.0028799999999999997,0.7,25.0,61.3202,0.3333333333333333,0.162,0.486,0,1,1,5.081404364984463,0.002875860745464264,6.172839506172839,2.05761316872428,0.017777777777777774,0.005925925925925926,0.017777777777777774,6.172839506172839,1.4285714285714286,0.04,-0.4999999999999999,1
ASAP7,NAND3X1,NAND3x1_ASAP7_6t_L,B,Y,fall,5.0,0.0028799999999999997,0.7,25.0,15.1319,0.3333333333333333,0.162,0.486,0,1,1,1.791759469228055,0.002875860745464264,6.172839506172839,2.05761316872428,0.017777777777777774,0.005925925925925926,0.005925925925925926,2.05761316872428,1.4285714285714286,0.04,-0.4999999999999999,1
ASAP7,NAND2X1,NAND2x1_ASAP7_6t_L,B,Y,rise,10.0,0.0014399999999999999,0.7,25.0,13.7443,0.5,0.108,0.216,0,1,1,2.3978952727983707,0.0014389641942542824,9.25925925925926,4.62962962962963,0.013333333333333332,0.006666666666666666,0.013333333333333332,9.25925925925926,1.4285714285714286,0.04,-0.3333333333333333,1
ASAP7,INVX4,INVx4_ASAP7_6t_L,A,Y,fall,320.0,0.023039999999999998,0.7,25.0,72.0121,1.0,0.216,0.216,1,1,1,5.771441123130016,0.02277858688933957,4.62962962962963,4.62962962962963,0.10666666666666666,0.10666666666666666,0.10666666666666666,4.62962962962963,1.4285714285714286,0.04,0.0,1
ASAP7,XOR2X2,XOR2x2_ASAP7_6t_L,B,Y,rise,320.0,0.09215999999999999,0.7,25.0,281.973,1.0,0.37799999999999995,0.37799999999999995,0,1,1,5.771441123130016,0.08815738673620517,2.645502645502646,2.645502645502646,0.24380952380952384,0.24380952380952384,0.24380952380952384,2.645502645502646,1.4285714285714286,0.04,0.0,1
ASAP7,INVX1,INVx1_ASAP7_6t_L,A,Y,rise,20.0,0.0028799999999999997,0.7,25.0,22.492,1.0,0.054,0.054,1,1,1,3.044522437723423,0.002875860745464264,18.51851851851852,18.51851851851852,0.05333333333333333,0.05333333333333333,0.05333333333333333,18.51851851851852,1.4285714285714286,0.04,0.0,1
ASAP7,INVX8,INVx8_ASAP7_6t_L,A,Y,fall,320.0,0.011519999999999999,0.7,25.0,26.791,1.0,0.43199999999999994,0.43199999999999994,1,1,1,5.771441123130016,0.011454150045115854,2.3148148148148153,2.3148148148148153,0.026666666666666672,0.026666666666666672,0.026666666666666672,2.3148148148148153,1.4285714285714286,0.04,0.0,1
ASAP7,BUFX2,BUFx2_ASAP7_6t_L,A,Y,rise,5.0,0.023039999999999998,0.7,25.0,72.9708,1.0,0.135,0.135,0,1,1,1.791759469228055,0.02277858688933957,7.4074074074074066,7.4074074074074066,0.17066666666666663,0.17066666666666663,0.17066666666666663,7.4074074074074066,1.4285714285714286,0.04,0.0,1
ASAP7,NAND3X1,NAND3x1_ASAP7_6t_L,A,Y,fall,40.0,0.0057599999999999995,0.7,25.0,32.234,0.3333333333333333,0.162,0.486,0,1,1,3.7135720667043075,0.005743474627065725,6.172839506172839,2.05761316872428,0.03555555555555555,0.011851851851851851,0.011851851851851851,2.05761316872428,1.4285714285714286,0.04,-0.4999999999999999,1
ASAP7,AND4X2,AND4x2_ASAP7_6t_L,D,Y,rise,20.0,0.0014399999999999999,0.7,25.0,33.1228,1.0,0.324,0.324,0,1,1,3.044522437723423,0.0014389641942542824,3.0864197530864197,3.0864197530864197,0.004444444444444444,0.004444444444444444,0.004444444444444444,3.0864197530864197,1.4285714285714286,0.04,0.0,1
ASAP7,BUFX2,BUFx2_ASAP7_6t_L,A,Y,fall,5.0,0.0028799999999999997,0.7,25.0,23.4902,1.0,0.135,0.135,0,1,1,1.791759469228055,0.002875860745464264,7.4074074074074066,7.4074074074074066,0.02133333333333333,0.02133333333333333,0.02133333333333333,7.4074074074074066,1.4285714285714286,0.04,0.0,1
ASAP7,XOR2X2,XOR2x2_ASAP7_6t_L,A,Y,rise,10.0,0.0057599999999999995,0.7,25.0,37.4491,1.0,0.37799999999999995,0.37799999999999995,0,1,1,2.3978952727983707,0.005743474627065725,2.645502645502646,2.645502645502646,0.01523809523809524,0.01523809523809524,0.01523809523809524,2.645502645502646,1.4285714285714286,0.04,0.0,1
ASAP7,NAND3X2,NAND3x2_ASAP7_6t_L,C,Y,rise,10.0,0.0014399999999999999,0.7,25.0,15.6272,0.33333333333333326,0.324,0.9720000000000002,0,1,1,2.3978952727983707,0.0014389641942542824,3.0864197530864197,1.0288065843621397,0.004444444444444444,0.001481481481481481,0.004444444444444444,3.0864197530864197,1.4285714285714286,0.04,-0.5,1
ASAP7,XOR2X2,XOR2x2_ASAP7_6t_L,A,Y,rise,5.0,0.0028799999999999997,0.7,25.0,28.5841,1.0,0.37799999999999995,0.37799999999999995,0,1,1,1.791759469228055,0.002875860745464264,2.645502645502646,2.645502645502646,0.00761904761904762,0.00761904761904762,0.00761904761904762,2.645502645502646,1.4285714285714286,0.04,0.0,1
ASAP7,OR4X1,OR4x1_ASAP7_6t_L,C,Y,rise,20.0,0.0007199999999999999,0.7,25.0,17.7436,1.0,0.27,0.27,0,1,1,3.044522437723423,0.0007197409243488539,3.7037037037037033,3.7037037037037033,0.002666666666666666,0.002666666666666666,0.002666666666666666,3.7037037037037033,1.4285714285714286,0.04,0.0,1
ASAP7,INVX1,INVx1_ASAP7_6t_L,A,Y,fall,320.0,0.046079999999999996,0.7,25.0,283.305,1.0,0.054,0.054,1,1,1,5.771441123130016,0.04504984455370874,18.51851851851852,18.51851851851852,0.8533333333333333,0.8533333333333333,0.8533333333333333,18.51851851851852,1.4285714285714286,0.04,0.0,1
ASAP7,OR2X2,OR2x2_ASAP7_6t_L,B,Y,fall,40.0,0.09215999999999999,0.7,25.0,216.593,1.3333333333333335,0.216,0.162,0,1,1,3.7135720667043075,0.08815738673620517,4.62962962962963,6.172839506172839,0.42666666666666664,0.5688888888888888,0.5688888888888888,6.172839506172839,1.4285714285714286,0.04,0.14285714285714285,1
ASAP7,AND3X2,AND3x2_ASAP7_6t_L,A,Y,fall,160.0,0.046079999999999996,0.7,25.0,128.998,1.0,0.27,0.27,0,1,1,5.081404364984463,0.04504984455370874,3.7037037037037033,3.7037037037037033,0.17066666666666663,0.17066666666666663,0.17066666666666663,3.7037037037037033,1.4285714285714286,0.04,0.0,1
ASAP7,NOR3X2,NOR3x2_ASAP7_6t_L,A,Y,fall,320.0,0.0014399999999999999,0.7,25.0,33.0001,3.0000000000000004,0.9720000000000002,0.324,0,1,1,5.771441123130016,0.0014389641942542824,1.0288065843621397,3.0864197530864197,0.001481481481481481,0.004444444444444444,0.004444444444444444,3.0864197530864197,1.4285714285714286,0.04,0.5,1
ASAP7,NAND3X1,NAND3x1_ASAP7_6t_L,A,Y,fall,160.0,0.0007199999999999999,0.7,25.0,9.98586,0.3333333333333333,0.162,0.486,0,1,1,5.081404364984463,0.0007197409243488539,6.172839506172839,2.05761316872428,0.004444444444444444,0.0014814814814814814,0.0014814814814814814,2.05761316872428,1.4285714285714286,0.04,-0.4999999999999999,1
ASAP7,OR2X2,OR2x2_ASAP7_6t_L,B,Y,fall,5.0,0.0057599999999999995,0.7,25.0,30.2227,1.3333333333333335,0.216,0.162,0,1,1,1.791759469228055,0.005743474627065725,4.62962962962963,6.172839506172839,0.026666666666666665,0.03555555555555555,0.03555555555555555,6.172839506172839,1.4285714285714286,0.04,0.14285714285714285,1
ASAP7,AND4X2,AND4x2_ASAP7_6t_L,A,Y,rise,10.0,0.0028799999999999997,0.7,25.0,35.4409,1.0,0.324,0.324,0,1,1,2.3978952727983707,0.002875860745464264,3.0864197530864197,3.0864197530864197,0.008888888888888887,0.008888888888888887,0.008888888888888887,3.0864197530864197,1.4285714285714286,0.04,0.0,1
ASAP7,NOR2X1,NOR2x1_ASAP7_6t_L,A,Y,fall,20.0,0.0014399999999999999,0.7,25.0,16.0477,2.0,0.216,0.108,0,1,1,3.044522437723423,0.0014389641942542824,4.62962962962963,9.25925925925926,0.006666666666666666,0.013333333333333332,0.013333333333333332,9.25925925925926,1.4285714285714286,0.04,0.3333333333333333,1
ASAP7,BUFX4,BUFx4_ASAP7_6t_L,A,Y,fall,40.0,0.011519999999999999,0.7,25.0,38.4086,1.0,0.27,0.27,0,1,1,3.7135720667043075,0.011454150045115854,3.7037037037037033,3.7037037037037033,0.04266666666666666,0.04266666666666666,0.04266666666666666,3.7037037037037033,1.4285714285714286,0.04,0.0,1
ASAP7,OR2X4,OR2x4_ASAP7_6t_L,B,Y,fall,5.0,0.09215999999999999,0.7,25.0,125.752,1.0,0.324,0.324,0,1,1,1.791759469228055,0.08815738673620517,3.0864197530864197,3.0864197530864197,0.2844444444444444,0.2844444444444444,0.2844444444444444,3.0864197530864197,1.4285714285714286,0.04,0.0,1
ASAP7,AND3X4,AND3x4_ASAP7_6t_L,A,Y,fall,80.0,0.023039999999999998,0.7,25.0,62.4696,0.7,0.37799999999999995,0.54,0,1,1,4.394449154672438,0.02277858688933957,2.645502645502646,1.8518518518518516,0.06095238095238096,0.04266666666666666,0.04266666666666666,1.8518518518518516,1.4285714285714286,0.04,-0.17647058823529424,1
ASAP7,NOR3X1,NOR3x1_ASAP7_6t_L,B,Y,fall,40.0,0.0014399999999999999,0.7,25.0,22.1413,3.0,0.486,0.162,0,1,1,3.7135720667043075,0.0014389641942542824,2.05761316872428,6.172839506172839,0.002962962962962963,0.008888888888888887,0.008888888888888887,6.172839506172839,1.4285714285714286,0.04,0.4999999999999999,1
ASAP7,AND3X2,AND3x2_ASAP7_6t_L,A,Y,rise,20.0,0.046079999999999996,0.7,25.0,141.135,1.0,0.27,0.27,0,1,1,3.044522437723423,0.04504984455370874,3.7037037037037033,3.7037037037037033,0.17066666666666663,0.17066666666666663,0.17066666666666663,3.7037037037037033,1.4285714285714286,0.04,0.0,1
ASAP7,NAND3X2,NAND3x2_ASAP7_6t_L,A,Y,rise,20.0,0.011519999999999999,0.7,25.0,40.4123,0.33333333333333326,0.324,0.9720000000000002,0,1,1,3.044522437723423,0.011454150045115854,3.0864197530864197,1.0288065843621397,0.03555555555555555,0.011851851851851848,0.03555555555555555,3.0864197530864197,1.4285714285714286,0.04,-0.5,1
ASAP7,NAND3X2,NAND3x2_ASAP7_6t_L,C,Y,rise,160.0,0.0057599999999999995,0.7,25.0,65.7461,0.33333333333333326,0.324,0.9720000000000002,0,1,1,5.081404364984463,0.005743474627065725,3.0864197530864197,1.0288065843621397,0.017777777777777774,0.005925925925925924,0.017777777777777774,3.0864197530864197,1.4285714285714286,0.04,-0.5,1
ASAP7,OR4X1,OR4x1_ASAP7_6t_L,A,Y,fall,5.0,0.011519999999999999,0.7,25.0,77.7789,1.0,0.27,0.27,0,1,1,1.791759469228055,0.011454150045115854,3.7037037037037033,3.7037037037037033,0.04266666666666666,0.04266666666666666,0.04266666666666666,3.7037037037037033,1.4285714285714286,0.04,0.0,1
ASAP7,XOR2X2,XOR2x2_ASAP7_6t_L,A,Y,rise,5.0,0.023039999999999998,0.7,25.0,78.995,1.0,0.37799999999999995,0.37799999999999995,0,1,1,1.791759469228055,0.02277858688933957,2.645502645502646,2.645502645502646,0.06095238095238096,0.06095238095238096,0.06095238095238096,2.645502645502646,1.4285714285714286,0.04,0.0,1
ASAP7,AND4X2,AND4x2_ASAP7_6t_L,A,Y,rise,10.0,0.0057599999999999995,0.7,25.0,44.1372,1.0,0.324,0.324,0,1,1,2.3978952727983707,0.005743474627065725,3.0864197530864197,3.0864197530864197,0.017777777777777774,0.017777777777777774,0.017777777777777774,3.0864197530864197,1.4285714285714286,0.04,0.0,1
ASAP7,AND3X4,AND3x4_ASAP7_6t_L,B,Y,rise,5.0,0.011519999999999999,0.7,25.0,37.0713,0.7,0.37799999999999995,0.54,0,1,1,1.791759469228055,0.011454150045115854,2.645502645502646,1.8518518518518516,0.03047619047619048,0.02133333333333333,0.03047619047619048,2.645502645502646,1.4285714285714286,0.04,-0.17647058823529424,1
ASAP7,BUFX4,BUFx4_ASAP7_6t_L,A,Y,rise,20.0,0.09215999999999999,0.7,25.0,132.82,1.0,0.27,0.27,0,1,1,3.044522437723423,0.08815738673620517,3.7037037037037033,3.7037037037037033,0.34133333333333327,0.34133333333333327,0.34133333333333327,3.7037037037037033,1.4285714285714286,0.04,0.0,1
ASAP7,AND4X2,AND4x2_ASAP7_6t_L,B,Y,fall,40.0,0.09215999999999999,0.7,25.0,212.005,1.0,0.324,0.324,0,1,1,3.7135720667043075,0.08815738673620517,3.0864197530864197,3.0864197530864197,0.2844444444444444,0.2844444444444444,0.2844444444444444,3.0864197530864197,1.4285714285714286,0.04,0.0,1
ASAP7,NAND3X1,NAND3x1_ASAP7_6t_L,A,Y,rise,80.0,0.0028799999999999997,0.7,25.0,41.5458,0.3333333333333333,0.162,0.486,0,1,1,4.394449154672438,0.002875860745464264,6.172839506172839,2.05761316872428,0.017777777777777774,0.005925925925925926,0.017777777777777774,6.172839506172839,1.4285714285714286,0.04,-0.4999999999999999,1
ASAP7,BUFX4,BUFx4_ASAP7_6t_L,A,Y,fall,20.0,0.18431999999999998,0.7,25.0,211.287,1.0,0.27,0.27,0,1,1,3.044522437723423,0.1691687702156541,3.7037037037037033,3.7037037037037033,0.6826666666666665,0.6826666666666665,0.6826666666666665,3.7037037037037033,1.4285714285714286,0.04,0.0,1
ASAP7,OR4X1,OR4x1_ASAP7_6t_L,A,Y,rise,320.0,0.0007199999999999999,0.7,25.0,16.2115,1.0,0.27,0.27,0,1,1,5.771441123130016,0.0007197409243488539,3.7037037037037033,3.7037037037037033,0.002666666666666666,0.002666666666666666,0.002666666666666666,3.7037037037037033,1.4285714285714286,0.04,0.0,1
ASAP7,NAND3X1,NAND3x1_ASAP7_6t_L,C,Y,fall,5.0,0.0028799999999999997,0.7,25.0,15.4878,0.3333333333333333,0.162,0.486,0,1,1,1.791759469228055,0.002875860745464264,6.172839506172839,2.05761316872428,0.017777777777777774,0.005925925925925926,0.005925925925925926,2.05761316872428,1.4285714285714286,0.04,-0.4999999999999999,1
ASAP7,INVX8,INVx8_ASAP7_6t_L,A,Y,fall,80.0,0.0057599999999999995,0.7,25.0,12.9623,1.0,0.43199999999999994,0.43199999999999994,1,1,1,4.394449154672438,0.005743474627065725,2.3148148148148153,2.3148148148148153,0.013333333333333336,0.013333333333333336,0.013333333333333336,2.3148148148148153,1.4285714285714286,0.04,0.0,1
ASAP7,INVX1,INVx1_ASAP7_6t_L,A,Y,rise,40.0,0.0028799999999999997,0.7,25.0,28.6262,1.0,0.054,0.054,1,1,1,3.7135720667043075,0.002875860745464264,18.51851851851852,18.51851851851852,0.05333333333333333,0.05333333333333333,0.05333333333333333,18.51851851851852,1.4285714285714286,0.04,0.0,1
ASAP7,NAND3X1,NAND3x1_ASAP7_6t_L,B,Y,rise,80.0,0.046079999999999996,0.7,25.0,258.766,0.3333333333333333,0.162,0.486,0,1,1,4.394449154672438,0.04504984455370874,6.172839506172839,2.05761316872428,0.2844444444444444,0.09481481481481481,0.2844444444444444,6.172839506172839,1.4285714285714286,0.04,-0.4999999999999999,1
ASAP7,AND3X4,AND3x4_ASAP7_6t_L,B,Y,rise,40.0,0.011519999999999999,0.7,25.0,42.3256,0.7,0.37799999999999995,0.54,0,1,1,3.7135720667043075,0.011454150045115854,2.645502645502646,1.8518518518518516,0.03047619047619048,0.02133333333333333,0.03047619047619048,2.645502645502646,1.4285714285714286,0.04,-0.17647058823529424,1
ASAP7,NOR2X1,NOR2x1_ASAP7_6t_L,B,Y,fall,80.0,0.023039999999999998,0.7,25.0,120.835,2.0,0.216,0.108,0,1,1,4.394449154672438,0.02277858688933957,4.62962962962963,9.25925925925926,0.10666666666666666,0.21333333333333332,0.21333333333333332,9.25925925925926,1.4285714285714286,0.04,0.3333333333333333,1
ASAP7,INVX2,INVx2_ASAP7_6t_L,A,Y,rise,40.0,0.0028799999999999997,0.7,25.0,19.4389,1.0,0.108,0.108,1,1,1,3.7135720667043075,0.002875860745464264,9.25925925925926,9.25925925925926,0.026666666666666665,0.026666666666666665,0.026666666666666665,9.25925925925926,1.4285714285714286,0.04,0.0,1
ASAP7,NOR3X2,NOR3x2_ASAP7_6t_L,A,Y,rise,320.0,0.011519999999999999,0.7,25.0,79.8915,3.0000000000000004,0.9720000000000002,0.324,0,1,1,5.771441123130016,0.011454150045115854,1.0288065843621397,3.0864197530864197,0.011851851851851848,0.03555555555555555,0.011851851851851848,1.0288065843621397,1.4285714285714286,0.04,0.5,1
ASAP7,INVX4,INVx4_ASAP7_6t_L,A,Y,rise,20.0,0.09215999999999999,0.7,25.0,121.661,1.0,0.216,0.216,1,1,1,3.044522437723423,0.08815738673620517,4.62962962962963,4.62962962962963,0.42666666666666664,0.42666666666666664,0.42666666666666664,4.62962962962963,1.4285714285714286,0.04,0.0,1
ASAP7,NOR3X2,NOR3x2_ASAP7_6t_L,B,Y,fall,20.0,0.0028799999999999997,0.7,25.0,17.8256,3.0000000000000004,0.9720000000000002,0.324,0,1,1,3.044522437723423,0.002875860745464264,1.0288065843621397,3.0864197530864197,0.002962962962962962,0.008888888888888887,0.008888888888888887,3.0864197530864197,1.4285714285714286,0.04,0.5,1
ASAP7,NOR2X2,NOR2x2_ASAP7_6t_L,A,Y,rise,80.0,0.023039999999999998,0.7,25.0,74.8238,1.9999999999999998,0.43199999999999994,0.216,0,1,1,4.394449154672438,0.02277858688933957,2.3148148148148153,4.62962962962963,0.053333333333333344,0.10666666666666666,0.053333333333333344,2.3148148148148153,1.4285714285714286,0.04,0.3333333333333333,1
ASAP7,BUFX4,BUFx4_ASAP7_6t_L,A,Y,rise,10.0,0.023039999999999998,0.7,25.0,44.744,1.0,0.27,0.27,0,1,1,2.3978952727983707,0.02277858688933957,3.7037037037037033,3.7037037037037033,0.08533333333333332,0.08533333333333332,0.08533333333333332,3.7037037037037033,1.4285714285714286,0.04,0.0,1
ASAP7,AND4X2,AND4x2_ASAP7_6t_L,A,Y,fall,320.0,0.011519999999999999,0.7,25.0,66.1818,1.0,0.324,0.324,0,1,1,5.771441123130016,0.011454150045115854,3.0864197530864197,3.0864197530864197,0.03555555555555555,0.03555555555555555,0.03555555555555555,3.0864197530864197,1.4285714285714286,0.04,0.0,1
ASAP7,INVX4,INVx4_ASAP7_6t_L,A,Y,rise,10.0,0.046079999999999996,0.7,25.0,61.7102,1.0,0.216,0.216,1,1,1,2.3978952727983707,0.04504984455370874,4.62962962962963,4.62962962962963,0.21333333333333332,0.21333333333333332,0.21333333333333332,4.62962962962963,1.4285714285714286,0.04,0.0,1
ASAP7,AND3X4,AND3x4_ASAP7_6t_L,A,Y,rise,320.0,0.046079999999999996,0.7,25.0,101.97,0.7,0.37799999999999995,0.54,0,1,1,5.771441123130016,0.04504984455370874,2.645502645502646,1.8518518518518516,0.12190476190476192,0.08533333333333332,0.12190476190476192,2.645502645502646,1.4285714285714286,0.04,-0.17647058823529424,1
ASAP7,NOR2X2,NOR2x2_ASAP7_6t_L,B,Y,rise,80.0,0.011519999999999999,0.7,25.0,52.2966,1.9999999999999998,0.43199999999999994,0.216,0,1,1,4.394449154672438,0.011454150045115854,2.3148148148148153,4.62962962962963,0.026666666666666672,0.05333333333333333,0.026666666666666672,2.3148148148148153,1.4285714285714286,0.04,0.3333333333333333,1
ASAP7,OR2X4,OR2x4_ASAP7_6t_L,A,Y,fall,160.0,0.046079999999999996,0.7,25.0,103.409,1.0,0.324,0.324,0,1,1,5.081404364984463,0.04504984455370874,3.0864197530864197,3.0864197530864197,0.1422222222222222,0.1422222222222222,0.1422222222222222,3.0864197530864197,1.4285714285714286,0.04,0.0,1
ASAP7,NOR3X1,NOR3x1_ASAP7_6t_L,B,Y,fall,160.0,0.0007199999999999999,0.7,25.0,30.2693,3.0,0.486,0.162,0,1,1,5.081404364984463,0.0007197409243488539,2.05761316872428,6.172839506172839,0.0014814814814814814,0.004444444444444444,0.004444444444444444,6.172839506172839,1.4285714285714286,0.04,0.4999999999999999,1
ASAP7,OR2X4,OR2x4_ASAP7_6t_L,B,Y,fall,40.0,0.046079999999999996,0.7,25.0,87.5435,1.0,0.324,0.324,0,1,1,3.7135720667043075,0.04504984455370874,3.0864197530864197,3.0864197530864197,0.1422222222222222,0.1422222222222222,0.1422222222222222,3.0864197530864197,1.4285714285714286,0.04,0.0,1
ASAP7,NOR2X1,NOR2x1_ASAP7_6t_L,A,Y,rise,40.0,0.023039999999999998,0.7,25.0,120.337,2.0,0.216,0.108,0,1,1,3.7135720667043075,0.02277858688933957,4.62962962962963,9.25925925925926,0.10666666666666666,0.21333333333333332,0.10666666666666666,4.62962962962963,1.4285714285714286,0.04,0.3333333333333333,1
ASAP7,AND3X4,AND3x4_ASAP7_6t_L,A,Y,fall,40.0,0.18431999999999998,0.7,25.0,220.02,0.7,0.37799999999999995,0.54,0,1,1,3.7135720667043075,0.1691687702156541,2.645502645502646,1.8518518518518516,0.4876190476190477,0.34133333333333327,0.34133333333333327,1.8518518518518516,1.4285714285714286,0.04,-0.17647058823529424,1
ASAP7,NAND3X2,NAND3x2_ASAP7_6t_L,C,Y,rise,10.0,0.046079999999999996,0.7,25.0,127.221,0.33333333333333326,0.324,0.9720000000000002,0,1,1,2.3978952727983707,0.04504984455370874,3.0864197530864197,1.0288065843621397,0.1422222222222222,0.04740740740740739,0.1422222222222222,3.0864197530864197,1.4285714285714286,0.04,-0.5,1
ASAP7,NOR3X2,NOR3x2_ASAP7_6t_L,B,Y,fall,320.0,0.09215999999999999,0.7,25.0,290.6,3.0000000000000004,0.9720000000000002,0.324,0,1,1,5.771441123130016,0.08815738673620517,1.0288065843621397,3.0864197530864197,0.09481481481481478,0.2844444444444444,0.2844444444444444,3.0864197530864197,1.4285714285714286,0.04,0.5,1
ASAP7,NAND2X1,NAND2x1_ASAP7_6t_L,B,Y,fall,320.0,0.011519999999999999,0.7,25.0,96.4922,0.5,0.108,0.216,0,1,1,5.771441123130016,0.011454150045115854,9.25925925925926,4.62962962962963,0.10666666666666666,0.05333333333333333,0.05333333333333333,4.62962962962963,1.4285714285714286,0.04,-0.3333333333333333,1
ASAP7,OR3X4,OR3x4_ASAP7_6t_L,A,Y,rise,5.0,0.023039999999999998,0.7,25.0,45.5172,1.0,0.37799999999999995,0.37799999999999995,0,1,1,1.791759469228055,0.02277858688933957,2.645502645502646,2.645502645502646,0.06095238095238096,0.06095238095238096,0.06095238095238096,2.645502645502646,1.4285714285714286,0.04,0.0,1
ASAP7,AND3X4,AND3x4_ASAP7_6t_L,A,Y,rise,5.0,0.023039999999999998,0.7,25.0,50.1254,0.7,0.37799999999999995,0.54,0,1,1,1.791759469228055,0.02277858688933957,2.645502645502646,1.8518518518518516,0.06095238095238096,0.04266666666666666,0.06095238095238096,2.645502645502646,1.4285714285714286,0.04,-0.17647058823529424,1
ASAP7,NOR2X1,NOR2x1_ASAP7_6t_L,B,Y,rise,20.0,0.0028799999999999997,0.7,25.0,22.3897,2.0,0.216,0.108,0,1,1,3.044522437723423,0.002875860745464264,4.62962962962963,9.25925925925926,0.013333333333333332,0.026666666666666665,0.013333333333333332,4.62962962962963,1.4285714285714286,0.04,0.3333333333333333,1
ASAP7,AND4X2,AND4x2_ASAP7_6t_L,B,Y,fall,20.0,0.09215999999999999,0.7,25.0,207.502,1.0,0.324,0.324,0,1,1,3.044522437723423,0.08815738673620517,3.0864197530864197,3.0864197530864197,0.2844444444444444,0.2844444444444444,0.2844444444444444,3.0864197530864197,1.4285714285714286,0.04,0.0,1
ASAP7,NOR2X1,NOR2x1_ASAP7_6t_L,B,Y,rise,160.0,0.0028799999999999997,0.7,25.0,44.5547,2.0,0.216,0.108,0,1,1,5.081404364984463,0.002875860745464264,4.62962962962963,9.25925925925926,0.013333333333333332,0.026666666666666665,0.013333333333333332,4.62962962962963,1.4285714285714286,0.04,0.3333333333333333,1
ASAP7,XOR2X2,XOR2x2_ASAP7_6t_L,A,Y,fall,10.0,0.0028799999999999997,0.7,25.0,26.0155,1.0,0.37799999999999995,0.37799999999999995,0,1,1,2.3978952727983707,0.002875860745464264,2.645502645502646,2.645502645502646,0.00761904761904762,0.00761904761904762,0.00761904761904762,2.645502645502646,1.4285714285714286,0.04,0.0,1
ASAP7,NOR3X2,NOR3x2_ASAP7_6t_L,C,Y,rise,40.0,0.0057599999999999995,0.7,25.0,26.6404,3.0000000000000004,0.9720000000000002,0.324,0,1,1,3.7135720667043075,0.005743474627065725,1.0288065843621397,3.0864197530864197,0.005925925925925924,0.017777777777777774,0.005925925925925924,1.0288065843621397,1.4285714285714286,0.04,0.5,1
ASAP7,NAND3X1,NAND3x1_ASAP7_6t_L,A,Y,rise,80.0,0.0007199999999999999,0.7,25.0,24.837,0.3333333333333333,0.162,0.486,0,1,1,4.394449154672438,0.0007197409243488539,6.172839506172839,2.05761316872428,0.004444444444444444,0.0014814814814814814,0.004444444444444444,6.172839506172839,1.4285714285714286,0.04,-0.4999999999999999,1
ASAP7,AND3X4,AND3x4_ASAP7_6t_L,C,Y,rise,160.0,0.0057599999999999995,0.7,25.0,35.3663,0.7,0.37799999999999995,0.54,0,1,1,5.081404364984463,0.005743474627065725,2.645502645502646,1.8518518518518516,0.01523809523809524,0.010666666666666665,0.01523809523809524,2.645502645502646,1.4285714285714286,0.04,-0.17647058823529424,1
ASAP7,AND4X2,AND4x2_ASAP7_6t_L,B,Y,fall,40.0,0.0014399999999999999,0.7,25.0,24.744,1.0,0.324,0.324,0,1,1,3.7135720667043075,0.0014389641942542824,3.0864197530864197,3.0864197530864197,0.004444444444444444,0.004444444444444444,0.004444444444444444,3.0864197530864197,1.4285714285714286,0.04,0.0,1
ASAP7,OR2X2,OR2x2_ASAP7_6t_L,A,Y,rise,320.0,0.011519999999999999,0.7,25.0,85.1672,1.3333333333333335,0.216,0.162,0,1,1,5.771441123130016,0.011454150045115854,4.62962962962963,6.172839506172839,0.05333333333333333,0.0711111111111111,0.05333333333333333,4.62962962962963,1.4285714285714286,0.04,0.14285714285714285,1
ASAP7,OR3X4,OR3x4_ASAP7_6t_L,B,Y,fall,40.0,0.09215999999999999,0.7,25.0,149.737,1.0,0.37799999999999995,0.37799999999999995,0,1,1,3.7135720667043075,0.08815738673620517,2.645502645502646,2.645502645502646,0.24380952380952384,0.24380952380952384,0.24380952380952384,2.645502645502646,1.4285714285714286,0.04,0.0,1
ASAP7,XOR2X2,XOR2x2_ASAP7_6t_L,B,Y,fall,40.0,0.046079999999999996,0.7,25.0,118.775,1.0,0.37799999999999995,0.37799999999999995,0,1,1,3.7135720667043075,0.04504984455370874,2.645502645502646,2.645502645502646,0.12190476190476192,0.12190476190476192,0.12190476190476192,2.645502645502646,1.4285714285714286,0.04,0.0,1
ASAP7,INVX2,INVx2_ASAP7_6t_L,A,Y,rise,10.0,0.0057599999999999995,0.7,25.0,19.0318,1.0,0.108,0.108,1,1,1,2.3978952727983707,0.005743474627065725,9.25925925925926,9.25925925925926,0.05333333333333333,0.05333333333333333,0.05333333333333333,9.25925925925926,1.4285714285714286,0.04,0.0,1
ASAP7,NAND3X2,NAND3x2_ASAP7_6t_L,A,Y,rise,320.0,0.0057599999999999995,0.7,25.0,81.9024,0.33333333333333326,0.324,0.9720000000000002,0,1,1,5.771441123130016,0.005743474627065725,3.0864197530864197,1.0288065843621397,0.017777777777777774,0.005925925925925924,0.017777777777777774,3.0864197530864197,1.4285714285714286,0.04,-0.5,1
ASAP7,AND3X4,AND3x4_ASAP7_6t_L,C,Y,fall,10.0,0.0028799999999999997,0.7,25.0,26.5279,0.7,0.37799999999999995,0.54,0,1,1,2.3978952727983707,0.002875860745464264,2.645502645502646,1.8518518518518516,0.00761904761904762,0.005333333333333332,0.005333333333333332,1.8518518518518516,1.4285714285714286,0.04,-0.17647058823529424,1
ASAP7,NOR2X2,NOR2x2_ASAP7_6t_L,A,Y,rise,10.0,0.0057599999999999995,0.7,25.0,20.3483,1.9999999999999998,0.43199999999999994,0.216,0,1,1,2.3978952727983707,0.005743474627065725,2.3148148148148153,4.62962962962963,0.013333333333333336,0.026666666666666665,0.013333333333333336,2.3148148148148153,1.4285714285714286,0.04,0.3333333333333333,1
ASAP7,AND3X4,AND3x4_ASAP7_6t_L,A,Y,fall,5.0,0.0057599999999999995,0.7,25.0,25.0891,0.7,0.37799999999999995,0.54,0,1,1,1.791759469228055,0.005743474627065725,2.645502645502646,1.8518518518518516,0.01523809523809524,0.010666666666666665,0.010666666666666665,1.8518518518518516,1.4285714285714286,0.04,-0.17647058823529424,1
ASAP7,AND4X2,AND4x2_ASAP7_6t_L,D,Y,rise,40.0,0.0014399999999999999,0.7,25.0,34.1366,1.0,0.324,0.324,0,1,1,3.7135720667043075,0.0014389641942542824,3.0864197530864197,3.0864197530864197,0.004444444444444444,0.004444444444444444,0.004444444444444444,3.0864197530864197,1.4285714285714286,0.04,0.0,1
ASAP7,OR3X4,OR3x4_ASAP7_6t_L,C,Y,rise,10.0,0.0057599999999999995,0.7,25.0,25.3482,1.0,0.37799999999999995,0.37799999999999995,0,1,1,2.3978952727983707,0.005743474627065725,2.645502645502646,2.645502645502646,0.01523809523809524,0.01523809523809524,0.01523809523809524,2.645502645502646,1.4285714285714286,0.04,0.0,1
ASAP7,AND3X4,AND3x4_ASAP7_6t_L,A,Y,fall,320.0,0.046079999999999996,0.7,25.0,119.463,0.7,0.37799999999999995,0.54,0,1,1,5.771441123130016,0.04504984455370874,2.645502645502646,1.8518518518518516,0.12190476190476192,0.08533333333333332,0.08533333333333332,1.8518518518518516,1.4285714285714286,0.04,-0.17647058823529424,1
ASAP7,NOR2X1,NOR2x1_ASAP7_6t_L,A,Y,rise,20.0,0.023039999999999998,0.7,25.0,116.153,2.0,0.216,0.108,0,1,1,3.044522437723423,0.02277858688933957,4.62962962962963,9.25925925925926,0.10666666666666666,0.21333333333333332,0.10666666666666666,4.62962962962963,1.4285714285714286,0.04,0.3333333333333333,1
ASAP7,INVX1,INVx1_ASAP7_6t_L,A,Y,rise,160.0,0.011519999999999999,0.7,25.0,108.695,1.0,0.054,0.054,1,1,1,5.081404364984463,0.011454150045115854,18.51851851851852,18.51851851851852,0.21333333333333332,0.21333333333333332,0.21333333333333332,18.51851851851852,1.4285714285714286,0.04,0.0,1
ASAP7,OR2X2,OR2x2_ASAP7_6t_L,B,Y,fall,160.0,0.0028799999999999997,0.7,25.0,46.0171,1.3333333333333335,0.216,0.162,0,1,1,5.081404364984463,0.002875860745464264,4.62962962962963,6.172839506172839,0.013333333333333332,0.017777777777777774,0.017777777777777774,6.172839506172839,1.4285714285714286,0.04,0.14285714285714285,1
ASAP7,AND3X2,AND3x2_ASAP7_6t_L,B,Y,fall,20.0,0.0014399999999999999,0.7,25.0,20.2589,1.0,0.27,0.27,0,1,1,3.044522437723423,0.0014389641942542824,3.7037037037037033,3.7037037037037033,0.005333333333333332,0.005333333333333332,0.005333333333333332,3.7037037037037033,1.4285714285714286,0.04,0.0,1
ASAP7,NOR2X1,NOR2x1_ASAP7_6t_L,A,Y,rise,10.0,0.0007199999999999999,0.7,25.0,10.2674,2.0,0.216,0.108,0,1,1,2.3978952727983707,0.0007197409243488539,4.62962962962963,9.25925925925926,0.003333333333333333,0.006666666666666666,0.003333333333333333,4.62962962962963,1.4285714285714286,0.04,0.3333333333333333,1
ASAP7,OR3X4,OR3x4_ASAP7_6t_L,B,Y,fall,160.0,0.0028799999999999997,0.7,25.0,69.2066,1.0,0.37799999999999995,0.37799999999999995,0,1,1,5.081404364984463,0.002875860745464264,2.645502645502646,2.645502645502646,0.00761904761904762,0.00761904761904762,0.00761904761904762,2.645502645502646,1.4285714285714286,0.04,0.0,1
ASAP7,NOR3X1,NOR3x1_ASAP7_6t_L,C,Y,fall,5.0,0.0057599999999999995,0.7,25.0,32.9075,3.0,0.486,0.162,0,1,1,1.791759469228055,0.005743474627065725,2.05761316872428,6.172839506172839,0.011851851851851851,0.03555555555555555,0.03555555555555555,6.172839506172839,1.4285714285714286,0.04,0.4999999999999999,1
ASAP7,OR4X1,OR4x1_ASAP7_6t_L,B,Y,fall,5.0,0.046079999999999996,0.7,25.0,221.771,1.0,0.27,0.27,0,1,1,1.791759469228055,0.04504984455370874,3.7037037037037033,3.7037037037037033,0.17066666666666663,0.17066666666666663,0.17066666666666663,3.7037037037037033,1.4285714285714286,0.04,0.0,1
ASAP7,OR4X1,OR4x1_ASAP7_6t_L,C,Y,rise,40.0,0.0028799999999999997,0.7,25.0,31.3062,1.0,0.27,0.27,0,1,1,3.7135720667043075,0.002875860745464264,3.7037037037037033,3.7037037037037033,0.010666666666666665,0.010666666666666665,0.010666666666666665,3.7037037037037033,1.4285714285714286,0.04,0.0,1
ASAP7,XOR2X2,XOR2x2_ASAP7_6t_L,B,Y,fall,160.0,0.0057599999999999995,0.7,25.0,60.4754,1.0,0.37799999999999995,0.37799999999999995,0,1,1,5.081404364984463,0.005743474627065725,2.645502645502646,2.645502645502646,0.01523809523809524,0.01523809523809524,0.01523809523809524,2.645502645502646,1.4285714285714286,0.04,0.0,1
ASAP7,BUFX2,BUFx2_ASAP7_6t_L,A,Y,rise,160.0,0.011519999999999999,0.7,25.0,64.1515,1.0,0.135,0.135,0,1,1,5.081404364984463,0.011454150045115854,7.4074074074074066,7.4074074074074066,0.08533333333333332,0.08533333333333332,0.08533333333333332,7.4074074074074066,1.4285714285714286,0.04,0.0,1
ASAP7,INVX4,INVx4_ASAP7_6t_L,A,Y,rise,20.0,0.011519999999999999,0.7,25.0,22.1702,1.0,0.216,0.216,1,1,1,3.044522437723423,0.011454150045115854,4.62962962962963,4.62962962962963,0.05333333333333333,0.05333333333333333,0.05333333333333333,4.62962962962963,1.4285714285714286,0.04,0.0,1
ASAP7,XOR2X2,XOR2x2_ASAP7_6t_L,A,Y,fall,40.0,0.046079999999999996,0.7,25.0,121.647,1.0,0.37799999999999995,0.37799999999999995,0,1,1,3.7135720667043075,0.04504984455370874,2.645502645502646,2.645502645502646,0.12190476190476192,0.12190476190476192,0.12190476190476192,2.645502645502646,1.4285714285714286,0.04,0.0,1
ASAP7,OR2X2,OR2x2_ASAP7_6t_L,B,Y,rise,320.0,0.0028799999999999997,0.7,25.0,56.6782,1.3333333333333335,0.216,0.162,0,1,1,5.771441123130016,0.002875860745464264,4.62962962962963,6.172839506172839,0.013333333333333332,0.017777777777777774,0.013333333333333332,4.62962962962963,1.4285714285714286,0.04,0.14285714285714285,1
ASAP7,AND4X2,AND4x2_ASAP7_6t_L,B,Y,rise,80.0,0.023039999999999998,0.7,25.0,100.039,1.0,0.324,0.324,0,1,1,4.394449154672438,0.02277858688933957,3.0864197530864197,3.0864197530864197,0.0711111111111111,0.0711111111111111,0.0711111111111111,3.0864197530864197,1.4285714285714286,0.04,0.0,1
ASAP7,NOR3X2,NOR3x2_ASAP7_6t_L,A,Y,fall,10.0,0.09215999999999999,0.7,25.0,198.265,3.0000000000000004,0.9720000000000002,0.324,0,1,1,2.3978952727983707,0.08815738673620517,1.0288065843621397,3.0864197530864197,0.09481481481481478,0.2844444444444444,0.2844444444444444,3.0864197530864197,1.4285714285714286,0.04,0.5,1
ASAP7,NOR2X1,NOR2x1_ASAP7_6t_L,A,Y,rise,40.0,0.011519999999999999,0.7,25.0,66.7786,2.0,0.216,0.108,0,1,1,3.7135720667043075,0.011454150045115854,4.62962962962963,9.25925925925926,0.05333333333333333,0.10666666666666666,0.05333333333333333,4.62962962962963,1.4285714285714286,0.04,0.3333333333333333,1
ASAP7,AND3X2,AND3x2_ASAP7_6t_L,A,Y,rise,5.0,0.09215999999999999,0.7,25.0,251.485,1.0,0.27,0.27,0,1,1,1.791759469228055,0.08815738673620517,3.7037037037037033,3.7037037037037033,0.34133333333333327,0.34133333333333327,0.34133333333333327,3.7037037037037033,1.4285714285714286,0.04,0.0,1
ASAP7,NAND3X2,NAND3x2_ASAP7_6t_L,A,Y,fall,40.0,0.0014399999999999999,0.7,25.0,10.8112,0.33333333333333326,0.324,0.9720000000000002,0,1,1,3.7135720667043075,0.0014389641942542824,3.0864197530864197,1.0288065843621397,0.004444444444444444,0.001481481481481481,0.001481481481481481,1.0288065843621397,1.4285714285714286,0.04,-0.5,1
ASAP7,INVX8,INVx8_ASAP7_6t_L,A,Y,fall,40.0,0.09215999999999999,0.7,25.0,61.3021,1.0,0.43199999999999994,0.43199999999999994,1,1,1,3.7135720667043075,0.08815738673620517,2.3148148148148153,2.3148148148148153,0.21333333333333337,0.21333333333333337,0.21333333333333337,2.3148148148148153,1.4285714285714286,0.04,0.0,1
ASAP7,INVX1,INVx1_ASAP7_6t_L,A,Y,fall,320.0,0.011519999999999999,0.7,25.0,114.341,1.0,0.054,0.054,1,1,1,5.771441123130016,0.011454150045115854,18.51851851851852,18.51851851851852,0.21333333333333332,0.21333333333333332,0.21333333333333332,18.51851851851852,1.4285714285714286,0.04,0.0,1
ASAP7,NAND3X1,NAND3x1_ASAP7_6t_L,C,Y,fall,10.0,0.011519999999999999,0.7,25.0,44.7479,0.3333333333333333,0.162,0.486,0,1,1,2.3978952727983707,0.011454150045115854,6.172839506172839,2.05761316872428,0.0711111111111111,0.023703703703703703,0.023703703703703703,2.05761316872428,1.4285714285714286,0.04,-0.4999999999999999,1
ASAP7,NAND3X2,NAND3x2_ASAP7_6t_L,C,Y,rise,320.0,0.046079999999999996,0.7,25.0,227.463,0.33333333333333326,0.324,0.9720000000000002,0,1,1,5.771441123130016,0.04504984455370874,3.0864197530864197,1.0288065843621397,0.1422222222222222,0.04740740740740739,0.1422222222222222,3.0864197530864197,1.4285714285714286,0.04,-0.5,1
ASAP7,AND3X2,AND3x2_ASAP7_6t_L,C,Y,rise,160.0,0.023039999999999998,0.7,25.0,92.3434,1.0,0.27,0.27,0,1,1,5.081404364984463,0.02277858688933957,3.7037037037037033,3.7037037037037033,0.08533333333333332,0.08533333333333332,0.08533333333333332,3.7037037037037033,1.4285714285714286,0.04,0.0,1
ASAP7,OR4X1,OR4x1_ASAP7_6t_L,B,Y,fall,40.0,0.0014399999999999999,0.7,25.0,40.9089,1.0,0.27,0.27,0,1,1,3.7135720667043075,0.0014389641942542824,3.7037037037037033,3.7037037037037033,0.005333333333333332,0.005333333333333332,0.005333333333333332,3.7037037037037033,1.4285714285714286,0.04,0.0,1
ASAP7,INVX8,INVx8_ASAP7_6t_L,A,Y,fall,5.0,0.36863999999999997,0.7,25.0,195.676,1.0,0.43199999999999994,0.43199999999999994,1,1,1,1.791759469228055,0.31381754605640666,2.3148148148148153,2.3148148148148153,0.8533333333333335,0.8533333333333335,0.8533333333333335,2.3148148148148153,1.4285714285714286,0.04,0.0,1
ASAP7,NAND3X2,NAND3x2_ASAP7_6t_L,A,Y,fall,320.0,0.0014399999999999999,0.7,25.0,5.40373,0.33333333333333326,0.324,0.9720000000000002,0,1,1,5.771441123130016,0.0014389641942542824,3.0864197530864197,1.0288065843621397,0.004444444444444444,0.001481481481481481,0.001481481481481481,1.0288065843621397,1.4285714285714286,0.04,-0.5,1
ASAP7,OR2X4,OR2x4_ASAP7_6t_L,B,Y,rise,10.0,0.0057599999999999995,0.7,25.0,23.3279,1.0,0.324,0.324,0,1,1,2.3978952727983707,0.005743474627065725,3.0864197530864197,3.0864197530864197,0.017777777777777774,0.017777777777777774,0.017777777777777774,3.0864197530864197,1.4285714285714286,0.04,0.0,1
ASAP7,NOR2X1,NOR2x1_ASAP7_6t_L,B,Y,rise,160.0,0.0057599999999999995,0.7,25.0,66.0813,2.0,0.216,0.108,0,1,1,5.081404364984463,0.005743474627065725,4.62962962962963,9.25925925925926,0.026666666666666665,0.05333333333333333,0.026666666666666665,4.62962962962963,1.4285714285714286,0.04,0.3333333333333333,1
ASAP7,NAND3X2,NAND3x2_ASAP7_6t_L,A,Y,rise,10.0,0.011519999999999999,0.7,25.0,37.5393,0.33333333333333326,0.324,0.9720000000000002,0,1,1,2.3978952727983707,0.011454150045115854,3.0864197530864197,1.0288065843621397,0.03555555555555555,0.011851851851851848,0.03555555555555555,3.0864197530864197,1.4285714285714286,0.04,-0.5,1
ASAP7,OR4X1,OR4x1_ASAP7_6t_L,A,Y,rise,320.0,0.046079999999999996,0.7,25.0,241.345,1.0,0.27,0.27,0,1,1,5.771441123130016,0.04504984455370874,3.7037037037037033,3.7037037037037033,0.17066666666666663,0.17066666666666663,0.17066666666666663,3.7037037037037033,1.4285714285714286,0.04,0.0,1
ASAP7,NAND3X1,NAND3x1_ASAP7_6t_L,A,Y,fall,20.0,0.023039999999999998,0.7,25.0,84.1346,0.3333333333333333,0.162,0.486,0,1,1,3.044522437723423,0.02277858688933957,6.172839506172839,2.05761316872428,0.1422222222222222,0.047407407407407405,0.047407407407407405,2.05761316872428,1.4285714285714286,0.04,-0.4999999999999999,1
ASAP7,INVX4,INVx4_ASAP7_6t_L,A,Y,fall,5.0,0.09215999999999999,0.7,25.0,98.0816,1.0,0.216,0.216,1,1,1,1.791759469228055,0.08815738673620517,4.62962962962963,4.62962962962963,0.42666666666666664,0.42666666666666664,0.42666666666666664,4.62962962962963,1.4285714285714286,0.04,0.0,1
ASAP7,AND3X4,AND3x4_ASAP7_6t_L,C,Y,fall,40.0,0.023039999999999998,0.7,25.0,58.8997,0.7,0.37799999999999995,0.54,0,1,1,3.7135720667043075,0.02277858688933957,2.645502645502646,1.8518518518518516,0.06095238095238096,0.04266666666666666,0.04266666666666666,1.8518518518518516,1.4285714285714286,0.04,-0.17647058823529424,1
ASAP7,XOR2X2,XOR2x2_ASAP7_6t_L,A,Y,fall,40.0,0.046079999999999996,0.7,25.0,120.918,1.0,0.37799999999999995,0.37799999999999995,0,1,1,3.7135720667043075,0.04504984455370874,2.645502645502646,2.645502645502646,0.12190476190476192,0.12190476190476192,0.12190476190476192,2.645502645502646,1.4285714285714286,0.04,0.0,1
ASAP7,NOR3X1,NOR3x1_ASAP7_6t_L,C,Y,rise,10.0,0.0028799999999999997,0.7,25.0,22.3261,3.0,0.486,0.162,0,1,1,2.3978952727983707,0.002875860745464264,2.05761316872428,6.172839506172839,0.005925925925925926,0.017777777777777774,0.005925925925925926,2.05761316872428,1.4285714285714286,0.04,0.4999999999999999,1
ASAP7,XOR2X2,XOR2x2_ASAP7_6t_L,B,Y,rise,20.0,0.046079999999999996,0.7,25.0,140.83,1.0,0.37799999999999995,0.37799999999999995,0,1,1,3.044522437723423,0.04504984455370874,2.645502645502646,2.645502645502646,0.12190476190476192,0.12190476190476192,0.12190476190476192,2.645502645502646,1.4285714285714286,0.04,0.0,1
ASAP7,AND4X2,AND4x2_ASAP7_6t_L,A,Y,rise,40.0,0.011519999999999999,0.7,25.0,66.2326,1.0,0.324,0.324,0,1,1,3.7135720667043075,0.011454150045115854,3.0864197530864197,3.0864197530864197,0.03555555555555555,0.03555555555555555,0.03555555555555555,3.0864197530864197,1.4285714285714286,0.04,0.0,1
ASAP7,INVX4,INVx4_ASAP7_6t_L,A,Y,rise,5.0,0.09215999999999999,0.7,25.0,117.244,1.0,0.216,0.216,1,1,1,1.791759469228055,0.08815738673620517,4.62962962962963,4.62962962962963,0.42666666666666664,0.42666666666666664,0.42666666666666664,4.62962962962963,1.4285714285714286,0.04,0.0,1
ASAP7,AND3X2,AND3x2_ASAP7_6t_L,A,Y,fall,160.0,0.0014399999999999999,0.7,25.0,35.2803,1.0,0.27,0.27,0,1,1,5.081404364984463,0.0014389641942542824,3.7037037037037033,3.7037037037037033,0.005333333333333332,0.005333333333333332,0.005333333333333332,3.7037037037037033,1.4285714285714286,0.04,0.0,1
ASAP7,AND3X2,AND3x2_ASAP7_6t_L,B,Y,rise,320.0,0.0014399999999999999,0.7,25.0,50.758,1.0,0.27,0.27,0,1,1,5.771441123130016,0.0014389641942542824,3.7037037037037033,3.7037037037037033,0.005333333333333332,0.005333333333333332,0.005333333333333332,3.7037037037037033,1.4285714285714286,0.04,0.0,1
ASAP7,XOR2X2,XOR2x2_ASAP7_6t_L,B,Y,fall,10.0,0.046079999999999996,0.7,25.0,116.024,1.0,0.37799999999999995,0.37799999999999995,0,1,1,2.3978952727983707,0.04504984455370874,2.645502645502646,2.645502645502646,0.12190476190476192,0.12190476190476192,0.12190476190476192,2.645502645502646,1.4285714285714286,0.04,0.0,1
ASAP7,INVX4,INVx4_ASAP7_6t_L,A,Y,fall,80.0,0.011519999999999999,0.7,25.0,29.9373,1.0,0.216,0.216,1,1,1,4.394449154672438,0.011454150045115854,4.62962962962963,4.62962962962963,0.05333333333333333,0.05333333333333333,0.05333333333333333,4.62962962962963,1.4285714285714286,0.04,0.0,1
ASAP7,AND3X2,AND3x2_ASAP7_6t_L,B,Y,rise,10.0,0.0014399999999999999,0.7,25.0,26.0085,1.0,0.27,0.27,0,1,1,2.3978952727983707,0.0014389641942542824,3.7037037037037033,3.7037037037037033,0.005333333333333332,0.005333333333333332,0.005333333333333332,3.7037037037037033,1.4285714285714286,0.04,0.0,1
ASAP7,NAND2X1,NAND2x1_ASAP7_6t_L,B,Y,rise,20.0,0.0014399999999999999,0.7,25.0,16.8547,0.5,0.108,0.216,0,1,1,3.044522437723423,0.0014389641942542824,9.25925925925926,4.62962962962963,0.013333333333333332,0.006666666666666666,0.013333333333333332,9.25925925925926,1.4285714285714286,0.04,-0.3333333333333333,1
ASAP7,INVX8,INVx8_ASAP7_6t_L,A,Y,fall,10.0,0.011519999999999999,0.7,25.0,10.5827,1.0,0.43199999999999994,0.43199999999999994,1,1,1,2.3978952727983707,0.011454150045115854,2.3148148148148153,2.3148148148148153,0.026666666666666672,0.026666666666666672,0.026666666666666672,2.3148148148148153,1.4285714285714286,0.04,0.0,1
ASAP7,AND3X4,AND3x4_ASAP7_6t_L,A,Y,fall,40.0,0.023039999999999998,0.7,25.0,53.8684,0.7,0.37799999999999995,0.54,0,1,1,3.7135720667043075,0.02277858688933957,2.645502645502646,1.8518518518518516,0.06095238095238096,0.04266666666666666,0.04266666666666666,1.8518518518518516,1.4285714285714286,0.04,-0.17647058823529424,1
ASAP7,BUFX4,BUFx4_ASAP7_6t_L,A,Y,fall,320.0,0.18431999999999998,0.7,25.0,252.591,1.0,0.27,0.27,0,1,1,5.771441123130016,0.1691687702156541,3.7037037037037033,3.7037037037037033,0.6826666666666665,0.6826666666666665,0.6826666666666665,3.7037037037037033,1.4285714285714286,0.04,0.0,1
ASAP7,NAND3X2,NAND3x2_ASAP7_6t_L,B,Y,rise,20.0,0.046079999999999996,0.7,25.0,128.241,0.33333333333333326,0.324,0.9720000000000002,0,1,1,3.044522437723423,0.04504984455370874,3.0864197530864197,1.0288065843621397,0.1422222222222222,0.04740740740740739,0.1422222222222222,3.0864197530864197,1.4285714285714286,0.04,-0.5,1
ASAP7,BUFX4,BUFx4_ASAP7_6t_L,A,Y,fall,40.0,0.09215999999999999,0.7,25.0,121.443,1.0,0.27,0.27,0,1,1,3.7135720667043075,0.08815738673620517,3.7037037037037033,3.7037037037037033,0.34133333333333327,0.34133333333333327,0.34133333333333327,3.7037037037037033,1.4285714285714286,0.04,0.0,1
ASAP7,NOR3X2,NOR3x2_ASAP7_6t_L,B,Y,rise,320.0,0.0014399999999999999,0.7,25.0,23.2432,3.0000000000000004,0.9720000000000002,0.324,0,1,1,5.771441123130016,0.0014389641942542824,1.0288065843621397,3.0864197530864197,0.001481481481481481,0.004444444444444444,0.001481481481481481,1.0288065843621397,1.4285714285714286,0.04,0.5,1
ASAP7,OR2X4,OR2x4_ASAP7_6t_L,A,Y,rise,5.0,0.0057599999999999995,0.7,25.0,22.5394,1.0,0.324,0.324,0,1,1,1.791759469228055,0.005743474627065725,3.0864197530864197,3.0864197530864197,0.017777777777777774,0.017777777777777774,0.017777777777777774,3.0864197530864197,1.4285714285714286,0.04,0.0,1
ASAP7,NAND3X1,NAND3x1_ASAP7_6t_L,A,Y,fall,10.0,0.0028799999999999997,0.7,25.0,15.2026,0.3333333333333333,0.162,0.486,0,1,1,2.3978952727983707,0.002875860745464264,6.172839506172839,2.05761316872428,0.017777777777777774,0.005925925925925926,0.005925925925925926,2.05761316872428,1.4285714285714286,0.04,-0.4999999999999999,1
ASAP7,BUFX4,BUFx4_ASAP7_6t_L,A,Y,fall,10.0,0.046079999999999996,0.7,25.0,66.1127,1.0,0.27,0.27,0,1,1,2.3978952727983707,0.04504984455370874,3.7037037037037033,3.7037037037037033,0.17066666666666663,0.17066666666666663,0.17066666666666663,3.7037037037037033,1.4285714285714286,0.04,0.0,1
ASAP7,INVX8,INVx8_ASAP7_6t_L,A,Y,rise,160.0,0.09215999999999999,0.7,25.0,108.856,1.0,0.43199999999999994,0.43199999999999994,1,1,1,5.081404364984463,0.08815738673620517,2.3148148148148153,2.3148148148148153,0.21333333333333337,0.21333333333333337,0.21333333333333337,2.3148148148148153,1.4285714285714286,0.04,0.0,1
ASAP7,OR4X1,OR4x1_ASAP7_6t_L,A,Y,fall,80.0,0.0014399999999999999,0.7,25.0,49.2013,1.0,0.27,0.27,0,1,1,4.394449154672438,0.0014389641942542824,3.7037037037037033,3.7037037037037033,0.005333333333333332,0.005333333333333332,0.005333333333333332,3.7037037037037033,1.4285714285714286,0.04,0.0,1
ASAP7,NOR3X2,NOR3x2_ASAP7_6t_L,B,Y,fall,80.0,0.0028799999999999997,0.7,25.0,28.5021,3.0000000000000004,0.9720000000000002,0.324,0,1,1,4.394449154672438,0.002875860745464264,1.0288065843621397,3.0864197530864197,0.002962962962962962,0.008888888888888887,0.008888888888888887,3.0864197530864197,1.4285714285714286,0.04,0.5,1
ASAP7,INVX8,INVx8_ASAP7_6t_L,A,Y,fall,80.0,0.18431999999999998,0.7,25.0,120.334,1.0,0.43199999999999994,0.43199999999999994,1,1,1,4.394449154672438,0.1691687702156541,2.3148148148148153,2.3148148148148153,0.42666666666666675,0.42666666666666675,0.42666666666666675,2.3148148148148153,1.4285714285714286,0.04,0.0,1
ASAP7,INVX8,INVx8_ASAP7_6t_L,A,Y,fall,20.0,0.18431999999999998,0.7,25.0,103.478,1.0,0.43199999999999994,0.43199999999999994,1,1,1,3.044522437723423,0.1691687702156541,2.3148148148148153,2.3148148148148153,0.42666666666666675,0.42666666666666675,0.42666666666666675,2.3148148148148153,1.4285714285714286,0.04,0.0,1
ASAP7,OR4X1,OR4x1_ASAP7_6t_L,C,Y,rise,10.0,0.0028799999999999997,0.7,25.0,26.5152,1.0,0.27,0.27,0,1,1,2.3978952727983707,0.002875860745464264,3.7037037037037033,3.7037037037037033,0.010666666666666665,0.010666666666666665,0.010666666666666665,3.7037037037037033,1.4285714285714286,0.04,0.0,1
ASAP7,AND4X2,AND4x2_ASAP7_6t_L,A,Y,fall,5.0,0.09215999999999999,0.7,25.0,202.372,1.0,0.324,0.324,0,1,1,1.791759469228055,0.08815738673620517,3.0864197530864197,3.0864197530864197,0.2844444444444444,0.2844444444444444,0.2844444444444444,3.0864197530864197,1.4285714285714286,0.04,0.0,1
ASAP7,NOR3X2,NOR3x2_ASAP7_6t_L,C,Y,rise,40.0,0.023039999999999998,0.7,25.0,67.1195,3.0000000000000004,0.9720000000000002,0.324,0,1,1,3.7135720667043075,0.02277858688933957,1.0288065843621397,3.0864197530864197,0.023703703703703696,0.0711111111111111,0.023703703703703696,1.0288065843621397,1.4285714285714286,0.04,0.5,1
ASAP7,OR3X4,OR3x4_ASAP7_6t_L,B,Y,rise,20.0,0.0057599999999999995,0.7,25.0,27.563,1.0,0.37799999999999995,0.37799999999999995,0,1,1,3.044522437723423,0.005743474627065725,2.645502645502646,2.645502645502646,0.01523809523809524,0.01523809523809524,0.01523809523809524,2.645502645502646,1.4285714285714286,0.04,0.0,1
ASAP7,XOR2X2,XOR2x2_ASAP7_6t_L,B,Y,fall,20.0,0.0028799999999999997,0.7,25.0,29.1724,1.0,0.37799999999999995,0.37799999999999995,0,1,1,3.044522437723423,0.002875860745464264,2.645502645502646,2.645502645502646,0.00761904761904762,0.00761904761904762,0.00761904761904762,2.645502645502646,1.4285714285714286,0.04,0.0,1
ASAP7,BUFX4,BUFx4_ASAP7_6t_L,A,Y,rise,80.0,0.046079999999999996,0.7,25.0,84.717,1.0,0.27,0.27,0,1,1,4.394449154672438,0.04504984455370874,3.7037037037037033,3.7037037037037033,0.17066666666666663,0.17066666666666663,0.17066666666666663,3.7037037037037033,1.4285714285714286,0.04,0.0,1
ASAP7,OR3X4,OR3x4_ASAP7_6t_L,C,Y,rise,160.0,0.0057599999999999995,0.7,25.0,44.2873,1.0,0.37799999999999995,0.37799999999999995,0,1,1,5.081404364984463,0.005743474627065725,2.645502645502646,2.645502645502646,0.01523809523809524,0.01523809523809524,0.01523809523809524,2.645502645502646,1.4285714285714286,0.04,0.0,1
ASAP7,NOR3X2,NOR3x2_ASAP7_6t_L,A,Y,rise,320.0,0.046079999999999996,0.7,25.0,192.018,3.0000000000000004,0.9720000000000002,0.324,0,1,1,5.771441123130016,0.04504984455370874,1.0288065843621397,3.0864197530864197,0.04740740740740739,0.1422222222222222,0.04740740740740739,1.0288065843621397,1.4285714285714286,0.04,0.5,1
ASAP7,OR2X4,OR2x4_ASAP7_6t_L,B,Y,fall,80.0,0.09215999999999999,0.7,25.0,144.668,1.0,0.324,0.324,0,1,1,4.394449154672438,0.08815738673620517,3.0864197530864197,3.0864197530864197,0.2844444444444444,0.2844444444444444,0.2844444444444444,3.0864197530864197,1.4285714285714286,0.04,0.0,1
ASAP7,OR3X4,OR3x4_ASAP7_6t_L,B,Y,rise,40.0,0.0028799999999999997,0.7,25.0,27.5917,1.0,0.37799999999999995,0.37799999999999995,0,1,1,3.7135720667043075,0.002875860745464264,2.645502645502646,2.645502645502646,0.00761904761904762,0.00761904761904762,0.00761904761904762,2.645502645502646,1.4285714285714286,0.04,0.0,1
ASAP7,OR2X4,OR2x4_ASAP7_6t_L,A,Y,rise,10.0,0.09215999999999999,0.7,25.0,131.24,1.0,0.324,0.324,0,1,1,2.3978952727983707,0.08815738673620517,3.0864197530864197,3.0864197530864197,0.2844444444444444,0.2844444444444444,0.2844444444444444,3.0864197530864197,1.4285714285714286,0.04,0.0,1
ASAP7,NOR3X2,NOR3x2_ASAP7_6t_L,A,Y,fall,5.0,0.0057599999999999995,0.7,25.0,18.3884,3.0000000000000004,0.9720000000000002,0.324,0,1,1,1.791759469228055,0.005743474627065725,1.0288065843621397,3.0864197530864197,0.005925925925925924,0.017777777777777774,0.017777777777777774,3.0864197530864197,1.4285714285714286,0.04,0.5,1
ASAP7,XOR2X2,XOR2x2_ASAP7_6t_L,A,Y,fall,10.0,0.0014399999999999999,0.7,25.0,23.9236,1.0,0.37799999999999995,0.37799999999999995,0,1,1,2.3978952727983707,0.0014389641942542824,2.645502645502646,2.645502645502646,0.00380952380952381,0.00380952380952381,0.00380952380952381,2.645502645502646,1.4285714285714286,0.04,0.0,1
ASAP7,INVX1,INVx1_ASAP7_6t_L,A,Y,rise,80.0,0.0057599999999999995,0.7,25.0,55.3109,1.0,0.054,0.054,1,1,1,4.394449154672438,0.005743474627065725,18.51851851851852,18.51851851851852,0.10666666666666666,0.10666666666666666,0.10666666666666666,18.51851851851852,1.4285714285714286,0.04,0.0,1
ASAP7,NOR2X1,NOR2x1_ASAP7_6t_L,B,Y,rise,5.0,0.0057599999999999995,0.7,25.0,31.7133,2.0,0.216,0.108,0,1,1,1.791759469228055,0.005743474627065725,4.62962962962963,9.25925925925926,0.026666666666666665,0.05333333333333333,0.026666666666666665,4.62962962962963,1.4285714285714286,0.04,0.3333333333333333,1
ASAP7,NOR3X2,NOR3x2_ASAP7_6t_L,C,Y,rise,20.0,0.0057599999999999995,0.7,25.0,24.235,3.0000000000000004,0.9720000000000002,0.324,0,1,1,3.044522437723423,0.005743474627065725,1.0288065843621397,3.0864197530864197,0.005925925925925924,0.017777777777777774,0.005925925925925924,1.0288065843621397,1.4285714285714286,0.04,0.5,1
ASAP7,NAND3X2,NAND3x2_ASAP7_6t_L,B,Y,fall,160.0,0.0014399999999999999,0.7,25.0,8.97289,0.33333333333333326,0.324,0.9720000000000002,0,1,1,5.081404364984463,0.0014389641942542824,3.0864197530864197,1.0288065843621397,0.004444444444444444,0.001481481481481481,0.001481481481481481,1.0288065843621397,1.4285714285714286,0.04,-0.5,1
ASAP7,INVX4,INVx4_ASAP7_6t_L,A,Y,rise,80.0,0.046079999999999996,0.7,25.0,84.0077,1.0,0.216,0.216,1,1,1,4.394449154672438,0.04504984455370874,4.62962962962963,4.62962962962963,0.21333333333333332,0.21333333333333332,0.21333333333333332,4.62962962962963,1.4285714285714286,0.04,0.0,1
ASAP7,NAND2X1,NAND2x1_ASAP7_6t_L,B,Y,fall,20.0,0.0057599999999999995,0.7,25.0,27.974,0.5,0.108,0.216,0,1,1,3.044522437723423,0.005743474627065725,9.25925925925926,4.62962962962963,0.05333333333333333,0.026666666666666665,0.026666666666666665,4.62962962962963,1.4285714285714286,0.04,-0.3333333333333333,1
ASAP7,NOR3X1,NOR3x1_ASAP7_6t_L,B,Y,rise,160.0,0.0028799999999999997,0.7,25.0,38.2923,3.0,0.486,0.162,0,1,1,5.081404364984463,0.002875860745464264,2.05761316872428,6.172839506172839,0.005925925925925926,0.017777777777777774,0.005925925925925926,2.05761316872428,1.4285714285714286,0.04,0.4999999999999999,1
ASAP7,AND3X2,AND3x2_ASAP7_6t_L,A,Y,fall,40.0,0.0028799999999999997,0.7,25.0,27.0386,1.0,0.27,0.27,0,1,1,3.7135720667043075,0.002875860745464264,3.7037037037037033,3.7037037037037033,0.010666666666666665,0.010666666666666665,0.010666666666666665,3.7037037037037033,1.4285714285714286,0.04,0.0,1
ASAP7,NOR2X2,NOR2x2_ASAP7_6t_L,B,Y,fall,10.0,0.0014399999999999999,0.7,25.0,8.95789,1.9999999999999998,0.43199999999999994,0.216,0,1,1,2.3978952727983707,0.0014389641942542824,2.3148148148148153,4.62962962962963,0.003333333333333334,0.006666666666666666,0.006666666666666666,4.62962962962963,1.4285714285714286,0.04,0.3333333333333333,1
ASAP7,INVX2,INVx2_ASAP7_6t_L,A,Y,fall,160.0,0.0057599999999999995,0.7,25.0,36.9804,1.0,0.108,0.108,1,1,1,5.081404364984463,0.005743474627065725,9.25925925925926,9.25925925925926,0.05333333333333333,0.05333333333333333,0.05333333333333333,9.25925925925926,1.4285714285714286,0.04,0.0,1
ASAP7,XOR2X2,XOR2x2_ASAP7_6t_L,A,Y,fall,80.0,0.046079999999999996,0.7,25.0,124.549,1.0,0.37799999999999995,0.37799999999999995,0,1,1,4.394449154672438,0.04504984455370874,2.645502645502646,2.645502645502646,0.12190476190476192,0.12190476190476192,0.12190476190476192,2.645502645502646,1.4285714285714286,0.04,0.0,1
ASAP7,XOR2X2,XOR2x2_ASAP7_6t_L,A,Y,fall,5.0,0.0057599999999999995,0.7,25.0,31.761,1.0,0.37799999999999995,0.37799999999999995,0,1,1,1.791759469228055,0.005743474627065725,2.645502645502646,2.645502645502646,0.01523809523809524,0.01523809523809524,0.01523809523809524,2.645502645502646,1.4285714285714286,0.04,0.0,1
ASAP7,NAND3X2,NAND3x2_ASAP7_6t_L,A,Y,fall,20.0,0.09215999999999999,0.7,25.0,161.234,0.33333333333333326,0.324,0.9720000000000002,0,1,1,3.044522437723423,0.08815738673620517,3.0864197530864197,1.0288065843621397,0.2844444444444444,0.09481481481481478,0.09481481481481478,1.0288065843621397,1.4285714285714286,0.04,-0.5,1
ASAP7,AND3X2,AND3x2_ASAP7_6t_L,C,Y,rise,160.0,0.0028799999999999997,0.7,25.0,39.6532,1.0,0.27,0.27,0,1,1,5.081404364984463,0.002875860745464264,3.7037037037037033,3.7037037037037033,0.010666666666666665,0.010666666666666665,0.010666666666666665,3.7037037037037033,1.4285714285714286,0.04,0.0,1
ASAP7,NOR2X2,NOR2x2_ASAP7_6t_L,A,Y,rise,320.0,0.0014399999999999999,0.7,25.0,22.5518,1.9999999999999998,0.43199999999999994,0.216,0,1,1,5.771441123130016,0.0014389641942542824,2.3148148148148153,4.62962962962963,0.003333333333333334,0.006666666666666666,0.003333333333333334,2.3148148148148153,1.4285714285714286,0.04,0.3333333333333333,1
ASAP7,XOR2X2,XOR2x2_ASAP7_6t_L,B,Y,rise,40.0,0.09215999999999999,0.7,25.0,257.606,1.0,0.37799999999999995,0.37799999999999995,0,1,1,3.7135720667043075,0.08815738673620517,2.645502645502646,2.645502645502646,0.24380952380952384,0.24380952380952384,0.24380952380952384,2.645502645502646,1.4285714285714286,0.04,0.0,1
ASAP7,AND4X2,AND4x2_ASAP7_6t_L,B,Y,fall,10.0,0.0028799999999999997,0.7,25.0,21.0569,1.0,0.324,0.324,0,1,1,2.3978952727983707,0.002875860745464264,3.0864197530864197,3.0864197530864197,0.008888888888888887,0.008888888888888887,0.008888888888888887,3.0864197530864197,1.4285714285714286,0.04,0.0,1
ASAP7,AND3X2,AND3x2_ASAP7_6t_L,C,Y,rise,80.0,0.0014399999999999999,0.7,25.0,30.7722,1.0,0.27,0.27,0,1,1,4.394449154672438,0.0014389641942542824,3.7037037037037033,3.7037037037037033,0.005333333333333332,0.005333333333333332,0.005333333333333332,3.7037037037037033,1.4285714285714286,0.04,0.0,1
ASAP7,AND3X4,AND3x4_ASAP7_6t_L,C,Y,fall,10.0,0.023039999999999998,0.7,25.0,49.7996,0.7,0.37799999999999995,0.54,0,1,1,2.3978952727983707,0.02277858688933957,2.645502645502646,1.8518518518518516,0.06095238095238096,0.04266666666666666,0.04266666666666666,1.8518518518518516,1.4285714285714286,0.04,-0.17647058823529424,1
ASAP7,OR4X1,OR4x1_ASAP7_6t_L,D,Y,fall,40.0,0.011519999999999999,0.7,25.0,85.3717,1.0,0.27,0.27,0,1,1,3.7135720667043075,0.011454150045115854,3.7037037037037033,3.7037037037037033,0.04266666666666666,0.04266666666666666,0.04266666666666666,3.7037037037037033,1.4285714285714286,0.04,0.0,1
ASAP7,NOR2X1,NOR2x1_ASAP7_6t_L,A,Y,rise,160.0,0.023039999999999998,0.7,25.0,144.377,2.0,0.216,0.108,0,1,1,5.081404364984463,0.02277858688933957,4.62962962962963,9.25925925925926,0.10666666666666666,0.21333333333333332,0.10666666666666666,4.62962962962963,1.4285714285714286,0.04,0.3333333333333333,1
ASAP7,NAND3X1,NAND3x1_ASAP7_6t_L,C,Y,fall,40.0,0.0057599999999999995,0.7,25.0,28.609,0.3333333333333333,0.162,0.486,0,1,1,3.7135720667043075,0.005743474627065725,6.172839506172839,2.05761316872428,0.03555555555555555,0.011851851851851851,0.011851851851851851,2.05761316872428,1.4285714285714286,0.04,-0.4999999999999999,1
ASAP7,INVX1,INVx1_ASAP7_6t_L,A,Y,fall,40.0,0.023039999999999998,0.7,25.0,107.515,1.0,0.054,0.054,1,1,1,3.7135720667043075,0.02277858688933957,18.51851851851852,18.51851851851852,0.42666666666666664,0.42666666666666664,0.42666666666666664,18.51851851851852,1.4285714285714286,0.04,0.0,1
ASAP7,AND3X4,AND3x4_ASAP7_6t_L,A,Y,fall,20.0,0.0028799999999999997,0.7,25.0,25.6453,0.7,0.37799999999999995,0.54,0,1,1,3.044522437723423,0.002875860745464264,2.645502645502646,1.8518518518518516,0.00761904761904762,0.005333333333333332,0.005333333333333332,1.8518518518518516,1.4285714285714286,0.04,-0.17647058823529424,1
ASAP7,NOR2X2,NOR2x2_ASAP7_6t_L,B,Y,fall,40.0,0.046079999999999996,0.7,25.0,109.482,1.9999999999999998,0.43199999999999994,0.216,0,1,1,3.7135720667043075,0.04504984455370874,2.3148148148148153,4.62962962962963,0.10666666666666669,0.21333333333333332,0.21333333333333332,4.62962962962963,1.4285714285714286,0.04,0.3333333333333333,1
ASAP7,INVX2,INVx2_ASAP7_6t_L,A,Y,fall,10.0,0.09215999999999999,0.7,25.0,193.546,1.0,0.108,0.108,1,1,1,2.3978952727983707,0.08815738673620517,9.25925925925926,9.25925925925926,0.8533333333333333,0.8533333333333333,0.8533333333333333,9.25925925925926,1.4285714285714286,0.04,0.0,1
ASAP7,INVX2,INVx2_ASAP7_6t_L,A,Y,fall,5.0,0.046079999999999996,0.7,25.0,97.6197,1.0,0.108,0.108,1,1,1,1.791759469228055,0.04504984455370874,9.25925925925926,9.25925925925926,0.42666666666666664,0.42666666666666664,0.42666666666666664,9.25925925925926,1.4285714285714286,0.04,0.0,1
ASAP7,OR4X1,OR4x1_ASAP7_6t_L,C,Y,fall,5.0,0.011519999999999999,0.7,25.0,81.5156,1.0,0.27,0.27,0,1,1,1.791759469228055,0.011454150045115854,3.7037037037037033,3.7037037037037033,0.04266666666666666,0.04266666666666666,0.04266666666666666,3.7037037037037033,1.4285714285714286,0.04,0.0,1
ASAP7,AND3X4,AND3x4_ASAP7_6t_L,B,Y,rise,10.0,0.09215999999999999,0.7,25.0,138.503,0.7,0.37799999999999995,0.54,0,1,1,2.3978952727983707,0.08815738673620517,2.645502645502646,1.8518518518518516,0.24380952380952384,0.17066666666666663,0.24380952380952384,2.645502645502646,1.4285714285714286,0.04,-0.17647058823529424,1
ASAP7,NAND2X1,NAND2x1_ASAP7_6t_L,B,Y,fall,10.0,0.046079999999999996,0.7,25.0,164.742,0.5,0.108,0.216,0,1,1,2.3978952727983707,0.04504984455370874,9.25925925925926,4.62962962962963,0.42666666666666664,0.21333333333333332,0.21333333333333332,4.62962962962963,1.4285714285714286,0.04,-0.3333333333333333,1
ASAP7,NAND3X1,NAND3x1_ASAP7_6t_L,C,Y,fall,320.0,0.0028799999999999997,0.7,25.0,13.502,0.3333333333333333,0.162,0.486,0,1,1,5.771441123130016,0.002875860745464264,6.172839506172839,2.05761316872428,0.017777777777777774,0.005925925925925926,0.005925925925925926,2.05761316872428,1.4285714285714286,0.04,-0.4999999999999999,1
ASAP7,NAND3X1,NAND3x1_ASAP7_6t_L,C,Y,rise,160.0,0.0007199999999999999,0.7,25.0,47.7516,0.3333333333333333,0.162,0.486,0,1,1,5.081404364984463,0.0007197409243488539,6.172839506172839,2.05761316872428,0.004444444444444444,0.0014814814814814814,0.004444444444444444,6.172839506172839,1.4285714285714286,0.04,-0.4999999999999999,1
ASAP7,NOR3X1,NOR3x1_ASAP7_6t_L,A,Y,rise,80.0,0.0007199999999999999,0.7,25.0,17.4099,3.0,0.486,0.162,0,1,1,4.394449154672438,0.0007197409243488539,2.05761316872428,6.172839506172839,0.0014814814814814814,0.004444444444444444,0.0014814814814814814,2.05761316872428,1.4285714285714286,0.04,0.4999999999999999,1
ASAP7,NOR3X1,NOR3x1_ASAP7_6t_L,B,Y,rise,160.0,0.0014399999999999999,0.7,25.0,26.7285,3.0,0.486,0.162,0,1,1,5.081404364984463,0.0014389641942542824,2.05761316872428,6.172839506172839,0.002962962962962963,0.008888888888888887,0.002962962962962963,2.05761316872428,1.4285714285714286,0.04,0.4999999999999999,1
ASAP7,NOR2X1,NOR2x1_ASAP7_6t_L,B,Y,rise,10.0,0.0014399999999999999,0.7,25.0,12.8254,2.0,0.216,0.108,0,1,1,2.3978952727983707,0.0014389641942542824,4.62962962962963,9.25925925925926,0.006666666666666666,0.013333333333333332,0.006666666666666666,4.62962962962963,1.4285714285714286,0.04,0.3333333333333333,1
ASAP7,NOR2X2,NOR2x2_ASAP7_6t_L,A,Y,fall,80.0,0.0014399999999999999,0.7,25.0,19.9047,1.9999999999999998,0.43199999999999994,0.216,0,1,1,4.394449154672438,0.0014389641942542824,2.3148148148148153,4.62962962962963,0.003333333333333334,0.006666666666666666,0.006666666666666666,4.62962962962963,1.4285714285714286,0.04,0.3333333333333333,1
ASAP7,OR2X4,OR2x4_ASAP7_6t_L,B,Y,rise,160.0,0.09215999999999999,0.7,25.0,146.881,1.0,0.324,0.324,0,1,1,5.081404364984463,0.08815738673620517,3.0864197530864197,3.0864197530864197,0.2844444444444444,0.2844444444444444,0.2844444444444444,3.0864197530864197,1.4285714285714286,0.04,0.0,1
ASAP7,XOR2X2,XOR2x2_ASAP7_6t_L,A,Y,fall,80.0,0.046079999999999996,0.7,25.0,127.685,1.0,0.37799999999999995,0.37799999999999995,0,1,1,4.394449154672438,0.04504984455370874,2.645502645502646,2.645502645502646,0.12190476190476192,0.12190476190476192,0.12190476190476192,2.645502645502646,1.4285714285714286,0.04,0.0,1
ASAP7,NOR3X1,NOR3x1_ASAP7_6t_L,B,Y,fall,320.0,0.046079999999999996,0.7,25.0,289.352,3.0,0.486,0.162,0,1,1,5.771441123130016,0.04504984455370874,2.05761316872428,6.172839506172839,0.09481481481481481,0.2844444444444444,0.2844444444444444,6.172839506172839,1.4285714285714286,0.04,0.4999999999999999,1
ASAP7,NOR2X2,NOR2x2_ASAP7_6t_L,A,Y,fall,160.0,0.0014399999999999999,0.7,25.0,25.7653,1.9999999999999998,0.43199999999999994,0.216,0,1,1,5.081404364984463,0.0014389641942542824,2.3148148148148153,4.62962962962963,0.003333333333333334,0.006666666666666666,0.006666666666666666,4.62962962962963,1.4285714285714286,0.04,0.3333333333333333,1
ASAP7,NOR3X2,NOR3x2_ASAP7_6t_L,B,Y,rise,80.0,0.09215999999999999,0.7,25.0,236.36,3.0000000000000004,0.9720000000000002,0.324,0,1,1,4.394449154672438,0.08815738673620517,1.0288065843621397,3.0864197530864197,0.09481481481481478,0.2844444444444444,0.09481481481481478,1.0288065843621397,1.4285714285714286,0.04,0.5,1
ASAP7,NAND3X1,NAND3x1_ASAP7_6t_L,A,Y,fall,5.0,0.0014399999999999999,0.7,25.0,9.13999,0.3333333333333333,0.162,0.486,0,1,1,1.791759469228055,0.0014389641942542824,6.172839506172839,2.05761316872428,0.008888888888888887,0.002962962962962963,0.002962962962962963,2.05761316872428,1.4285714285714286,0.04,-0.4999999999999999,1
ASAP7,OR2X4,OR2x4_ASAP7_6t_L,A,Y,rise,5.0,0.18431999999999998,0.7,25.0,243.735,1.0,0.324,0.324,0,1,1,1.791759469228055,0.1691687702156541,3.0864197530864197,3.0864197530864197,0.5688888888888888,0.5688888888888888,0.5688888888888888,3.0864197530864197,1.4285714285714286,0.04,0.0,1
ASAP7,NOR3X2,NOR3x2_ASAP7_6t_L,A,Y,rise,20.0,0.0028799999999999997,0.7,25.0,16.374,3.0000000000000004,0.9720000000000002,0.324,0,1,1,3.044522437723423,0.002875860745464264,1.0288065843621397,3.0864197530864197,0.002962962962962962,0.008888888888888887,0.002962962962962962,1.0288065843621397,1.4285714285714286,0.04,0.5,1
ASAP7,OR3X4,OR3x4_ASAP7_6t_L,C,Y,fall,20.0,0.09215999999999999,0.7,25.0,145.961,1.0,0.37799999999999995,0.37799999999999995,0,1,1,3.044522437723423,0.08815738673620517,2.645502645502646,2.645502645502646,0.24380952380952384,0.24380952380952384,0.24380952380952384,2.645502645502646,1.4285714285714286,0.04,0.0,1
ASAP7,AND3X2,AND3x2_ASAP7_6t_L,A,Y,fall,5.0,0.0028799999999999997,0.7,25.0,18.705,1.0,0.27,0.27,0,1,1,1.791759469228055,0.002875860745464264,3.7037037037037033,3.7037037037037033,0.010666666666666665,0.010666666666666665,0.010666666666666665,3.7037037037037033,1.4285714285714286,0.04,0.0,1
ASAP7,AND3X4,AND3x4_ASAP7_6t_L,C,Y,fall,5.0,0.09215999999999999,0.7,25.0,120.017,0.7,0.37799999999999995,0.54,0,1,1,1.791759469228055,0.08815738673620517,2.645502645502646,1.8518518518518516,0.24380952380952384,0.17066666666666663,0.17066666666666663,1.8518518518518516,1.4285714285714286,0.04,-0.17647058823529424,1
ASAP7,OR2X2,OR2x2_ASAP7_6t_L,A,Y,rise,40.0,0.011519999999999999,0.7,25.0,55.3855,1.3333333333333335,0.216,0.162,0,1,1,3.7135720667043075,0.011454150045115854,4.62962962962963,6.172839506172839,0.05333333333333333,0.0711111111111111,0.05333333333333333,4.62962962962963,1.4285714285714286,0.04,0.14285714285714285,1
ASAP7,NOR2X2,NOR2x2_ASAP7_6t_L,A,Y,fall,320.0,0.09215999999999999,0.7,25.0,287.766,1.9999999999999998,0.43199999999999994,0.216,0,1,1,5.771441123130016,0.08815738673620517,2.3148148148148153,4.62962962962963,0.21333333333333337,0.42666666666666664,0.42666666666666664,4.62962962962963,1.4285714285714286,0.04,0.3333333333333333,1
ASAP7,NOR3X2,NOR3x2_ASAP7_6t_L,C,Y,fall,10.0,0.046079999999999996,0.7,25.0,106.225,3.0000000000000004,0.9720000000000002,0.324,0,1,1,2.3978952727983707,0.04504984455370874,1.0288065843621397,3.0864197530864197,0.04740740740740739,0.1422222222222222,0.1422222222222222,3.0864197530864197,1.4285714285714286,0.04,0.5,1
ASAP7,NOR2X2,NOR2x2_ASAP7_6t_L,B,Y,rise,160.0,0.09215999999999999,0.7,25.0,263.7,1.9999999999999998,0.43199999999999994,0.216,0,1,1,5.081404364984463,0.08815738673620517,2.3148148148148153,4.62962962962963,0.21333333333333337,0.42666666666666664,0.21333333333333337,2.3148148148148153,1.4285714285714286,0.04,0.3333333333333333,1
ASAP7,NOR2X1,NOR2x1_ASAP7_6t_L,A,Y,rise,40.0,0.046079999999999996,0.7,25.0,227.149,2.0,0.216,0.108,0,1,1,3.7135720667043075,0.04504984455370874,4.62962962962963,9.25925925925926,0.21333333333333332,0.42666666666666664,0.21333333333333332,4.62962962962963,1.4285714285714286,0.04,0.3333333333333333,1
ASAP7,AND3X4,AND3x4_ASAP7_6t_L,A,Y,fall,40.0,0.0057599999999999995,0.7,25.0,34.9429,0.7,0.37799999999999995,0.54,0,1,1,3.7135720667043075,0.005743474627065725,2.645502645502646,1.8518518518518516,0.01523809523809524,0.010666666666666665,0.010666666666666665,1.8518518518518516,1.4285714285714286,0.04,-0.17647058823529424,1
ASAP7,NOR3X2,NOR3x2_ASAP7_6t_L,C,Y,rise,40.0,0.046079999999999996,0.7,25.0,120.646,3.0000000000000004,0.9720000000000002,0.324,0,1,1,3.7135720667043075,0.04504984455370874,1.0288065843621397,3.0864197530864197,0.04740740740740739,0.1422222222222222,0.04740740740740739,1.0288065843621397,1.4285714285714286,0.04,0.5,1
ASAP7,AND4X2,AND4x2_ASAP7_6t_L,A,Y,rise,80.0,0.011519999999999999,0.7,25.0,73.2971,1.0,0.324,0.324,0,1,1,4.394449154672438,0.011454150045115854,3.0864197530864197,3.0864197530864197,0.03555555555555555,0.03555555555555555,0.03555555555555555,3.0864197530864197,1.4285714285714286,0.04,0.0,1
ASAP7,NOR3X1,NOR3x1_ASAP7_6t_L,A,Y,fall,40.0,0.023039999999999998,0.7,25.0,110.519,3.0,0.486,0.162,0,1,1,3.7135720667043075,0.02277858688933957,2.05761316872428,6.172839506172839,0.047407407407407405,0.1422222222222222,0.1422222222222222,6.172839506172839,1.4285714285714286,0.04,0.4999999999999999,1
ASAP7,NAND3X1,NAND3x1_ASAP7_6t_L,B,Y,fall,160.0,0.0028799999999999997,0.7,25.0,24.7248,0.3333333333333333,0.162,0.486,0,1,1,5.081404364984463,0.002875860745464264,6.172839506172839,2.05761316872428,0.017777777777777774,0.005925925925925926,0.005925925925925926,2.05761316872428,1.4285714285714286,0.04,-0.4999999999999999,1
ASAP7,OR2X4,OR2x4_ASAP7_6t_L,A,Y,rise,160.0,0.023039999999999998,0.7,25.0,63.6669,1.0,0.324,0.324,0,1,1,5.081404364984463,0.02277858688933957,3.0864197530864197,3.0864197530864197,0.0711111111111111,0.0711111111111111,0.0711111111111111,3.0864197530864197,1.4285714285714286,0.04,0.0,1
ASAP7,OR3X4,OR3x4_ASAP7_6t_L,A,Y,fall,10.0,0.046079999999999996,0.7,25.0,95.8193,1.0,0.37799999999999995,0.37799999999999995,0,1,1,2.3978952727983707,0.04504984455370874,2.645502645502646,2.645502645502646,0.12190476190476192,0.12190476190476192,0.12190476190476192,2.645502645502646,1.4285714285714286,0.04,0.0,1
ASAP7,AND3X2,AND3x2_ASAP7_6t_L,B,Y,rise,20.0,0.046079999999999996,0.7,25.0,140.824,1.0,0.27,0.27,0,1,1,3.044522437723423,0.04504984455370874,3.7037037037037033,3.7037037037037033,0.17066666666666663,0.17066666666666663,0.17066666666666663,3.7037037037037033,1.4285714285714286,0.04,0.0,1
ASAP7,BUFX4,BUFx4_ASAP7_6t_L,A,Y,fall,160.0,0.0057599999999999995,0.7,25.0,49.8613,1.0,0.27,0.27,0,1,1,5.081404364984463,0.005743474627065725,3.7037037037037033,3.7037037037037033,0.02133333333333333,0.02133333333333333,0.02133333333333333,3.7037037037037033,1.4285714285714286,0.04,0.0,1
ASAP7,OR3X4,OR3x4_ASAP7_6t_L,A,Y,fall,5.0,0.0057599999999999995,0.7,25.0,46.7118,1.0,0.37799999999999995,0.37799999999999995,0,1,1,1.791759469228055,0.005743474627065725,2.645502645502646,2.645502645502646,0.01523809523809524,0.01523809523809524,0.01523809523809524,2.645502645502646,1.4285714285714286,0.04,0.0,1
ASAP7,OR2X2,OR2x2_ASAP7_6t_L,A,Y,fall,20.0,0.046079999999999996,0.7,25.0,116.927,1.3333333333333335,0.216,0.162,0,1,1,3.044522437723423,0.04504984455370874,4.62962962962963,6.172839506172839,0.21333333333333332,0.2844444444444444,0.2844444444444444,6.172839506172839,1.4285714285714286,0.04,0.14285714285714285,1
ASAP7,AND3X2,AND3x2_ASAP7_6t_L,C,Y,rise,5.0,0.0057599999999999995,0.7,25.0,38.6094,1.0,0.27,0.27,0,1,1,1.791759469228055,0.005743474627065725,3.7037037037037033,3.7037037037037033,0.02133333333333333,0.02133333333333333,0.02133333333333333,3.7037037037037033,1.4285714285714286,0.04,0.0,1
ASAP7,AND4X2,AND4x2_ASAP7_6t_L,B,Y,fall,10.0,0.0014399999999999999,0.7,25.0,17.5669,1.0,0.324,0.324,0,1,1,2.3978952727983707,0.0014389641942542824,3.0864197530864197,3.0864197530864197,0.004444444444444444,0.004444444444444444,0.004444444444444444,3.0864197530864197,1.4285714285714286,0.04,0.0,1
ASAP7,AND3X2,AND3x2_ASAP7_6t_L,A,Y,rise,5.0,0.023039999999999998,0.7,25.0,80.9257,1.0,0.27,0.27,0,1,1,1.791759469228055,0.02277858688933957,3.7037037037037033,3.7037037037037033,0.08533333333333332,0.08533333333333332,0.08533333333333332,3.7037037037037033,1.4285714285714286,0.04,0.0,1
ASAP7,NOR2X1,NOR2x1_ASAP7_6t_L,A,Y,rise,320.0,0.0057599999999999995,0.7,25.0,69.9876,2.0,0.216,0.108,0,1,1,5.771441123130016,0.005743474627065725,4.62962962962963,9.25925925925926,0.026666666666666665,0.05333333333333333,0.026666666666666665,4.62962962962963,1.4285714285714286,0.04,0.3333333333333333,1
ASAP7,NAND3X1,NAND3x1_ASAP7_6t_L,C,Y,fall,5.0,0.0007199999999999999,0.7,25.0,8.29394,0.3333333333333333,0.162,0.486,0,1,1,1.791759469228055,0.0007197409243488539,6.172839506172839,2.05761316872428,0.004444444444444444,0.0014814814814814814,0.0014814814814814814,2.05761316872428,1.4285714285714286,0.04,-0.4999999999999999,1
ASAP7,OR3X4,OR3x4_ASAP7_6t_L,B,Y,rise,5.0,0.023039999999999998,0.7,25.0,45.5655,1.0,0.37799999999999995,0.37799999999999995,0,1,1,1.791759469228055,0.02277858688933957,2.645502645502646,2.645502645502646,0.06095238095238096,0.06095238095238096,0.06095238095238096,2.645502645502646,1.4285714285714286,0.04,0.0,1
ASAP7,XOR2X2,XOR2x2_ASAP7_6t_L,B,Y,rise,40.0,0.046079999999999996,0.7,25.0,133.784,1.0,0.37799999999999995,0.37799999999999995,0,1,1,3.7135720667043075,0.04504984455370874,2.645502645502646,2.645502645502646,0.12190476190476192,0.12190476190476192,0.12190476190476192,2.645502645502646,1.4285714285714286,0.04,0.0,1
ASAP7,NOR2X2,NOR2x2_ASAP7_6t_L,B,Y,rise,20.0,0.046079999999999996,0.7,25.0,116.35,1.9999999999999998,0.43199999999999994,0.216,0,1,1,3.044522437723423,0.04504984455370874,2.3148148148148153,4.62962962962963,0.10666666666666669,0.21333333333333332,0.10666666666666669,2.3148148148148153,1.4285714285714286,0.04,0.3333333333333333,1
ASAP7,AND3X2,AND3x2_ASAP7_6t_L,C,Y,fall,80.0,0.0057599999999999995,0.7,25.0,41.9574,1.0,0.27,0.27,0,1,1,4.394449154672438,0.005743474627065725,3.7037037037037033,3.7037037037037033,0.02133333333333333,0.02133333333333333,0.02133333333333333,3.7037037037037033,1.4285714285714286,0.04,0.0,1
ASAP7,INVX8,INVx8_ASAP7_6t_L,A,Y,rise,20.0,0.046079999999999996,0.7,25.0,37.0077,1.0,0.43199999999999994,0.43199999999999994,1,1,1,3.044522437723423,0.04504984455370874,2.3148148148148153,2.3148148148148153,0.10666666666666669,0.10666666666666669,0.10666666666666669,2.3148148148148153,1.4285714285714286,0.04,0.0,1
ASAP7,NOR3X1,NOR3x1_ASAP7_6t_L,B,Y,rise,5.0,0.011519999999999999,0.7,25.0,60.7176,3.0,0.486,0.162,0,1,1,1.791759469228055,0.011454150045115854,2.05761316872428,6.172839506172839,0.023703703703703703,0.0711111111111111,0.023703703703703703,2.05761316872428,1.4285714285714286,0.04,0.4999999999999999,1
ASAP7,AND3X2,AND3x2_ASAP7_6t_L,B,Y,fall,5.0,0.023039999999999998,0.7,25.0,61.2548,1.0,0.27,0.27,0,1,1,1.791759469228055,0.02277858688933957,3.7037037037037033,3.7037037037037033,0.08533333333333332,0.08533333333333332,0.08533333333333332,3.7037037037037033,1.4285714285714286,0.04,0.0,1
ASAP7,OR3X4,OR3x4_ASAP7_6t_L,B,Y,rise,5.0,0.0028799999999999997,0.7,25.0,19.3645,1.0,0.37799999999999995,0.37799999999999995,0,1,1,1.791759469228055,0.002875860745464264,2.645502645502646,2.645502645502646,0.00761904761904762,0.00761904761904762,0.00761904761904762,2.645502645502646,1.4285714285714286,0.04,0.0,1
ASAP7,NAND3X1,NAND3x1_ASAP7_6t_L,B,Y,fall,10.0,0.023039999999999998,0.7,25.0,82.5761,0.3333333333333333,0.162,0.486,0,1,1,2.3978952727983707,0.02277858688933957,6.172839506172839,2.05761316872428,0.1422222222222222,0.047407407407407405,0.047407407407407405,2.05761316872428,1.4285714285714286,0.04,-0.4999999999999999,1
ASAP7,AND4X2,AND4x2_ASAP7_6t_L,D,Y,fall,10.0,0.0028799999999999997,0.7,25.0,22.2717,1.0,0.324,0.324,0,1,1,2.3978952727983707,0.002875860745464264,3.0864197530864197,3.0864197530864197,0.008888888888888887,0.008888888888888887,0.008888888888888887,3.0864197530864197,1.4285714285714286,0.04,0.0,1
ASAP7,OR2X2,OR2x2_ASAP7_6t_L,A,Y,rise,10.0,0.0028799999999999997,0.7,25.0,26.2471,1.3333333333333335,0.216,0.162,0,1,1,2.3978952727983707,0.002875860745464264,4.62962962962963,6.172839506172839,0.013333333333333332,0.017777777777777774,0.013333333333333332,4.62962962962963,1.4285714285714286,0.04,0.14285714285714285,1
ASAP7,AND3X4,AND3x4_ASAP7_6t_L,B,Y,rise,10.0,0.0057599999999999995,0.7,25.0,29.9365,0.7,0.37799999999999995,0.54,0,1,1,2.3978952727983707,0.005743474627065725,2.645502645502646,1.8518518518518516,0.01523809523809524,0.010666666666666665,0.01523809523809524,2.645502645502646,1.4285714285714286,0.04,-0.17647058823529424,1
ASAP7,OR4X1,OR4x1_ASAP7_6t_L,A,Y,fall,320.0,0.0014399999999999999,0.7,25.0,88.2413,1.0,0.27,0.27,0,1,1,5.771441123130016,0.0014389641942542824,3.7037037037037033,3.7037037037037033,0.005333333333333332,0.005333333333333332,0.005333333333333332,3.7037037037037033,1.4285714285714286,0.04,0.0,1
ASAP7,AND3X2,AND3x2_ASAP7_6t_L,B,Y,rise,80.0,0.011519999999999999,0.7,25.0,62.8647,1.0,0.27,0.27,0,1,1,4.394449154672438,0.011454150045115854,3.7037037037037033,3.7037037037037033,0.04266666666666666,0.04266666666666666,0.04266666666666666,3.7037037037037033,1.4285714285714286,0.04,0.0,1
ASAP7,INVX1,INVx1_ASAP7_6t_L,A,Y,rise,80.0,0.0028799999999999997,0.7,25.0,37.4775,1.0,0.054,0.054,1,1,1,4.394449154672438,0.002875860745464264,18.51851851851852,18.51851851851852,0.05333333333333333,0.05333333333333333,0.05333333333333333,18.51851851851852,1.4285714285714286,0.04,0.0,1
ASAP7,AND4X2,AND4x2_ASAP7_6t_L,D,Y,rise,80.0,0.0014399999999999999,0.7,25.0,35.6591,1.0,0.324,0.324,0,1,1,4.394449154672438,0.0014389641942542824,3.0864197530864197,3.0864197530864197,0.004444444444444444,0.004444444444444444,0.004444444444444444,3.0864197530864197,1.4285714285714286,0.04,0.0,1
ASAP7,OR4X1,OR4x1_ASAP7_6t_L,C,Y,rise,80.0,0.046079999999999996,0.7,25.0,246.321,1.0,0.27,0.27,0,1,1,4.394449154672438,0.04504984455370874,3.7037037037037033,3.7037037037037033,0.17066666666666663,0.17066666666666663,0.17066666666666663,3.7037037037037033,1.4285714285714286,0.04,0.0,1
ASAP7,INVX4,INVx4_ASAP7_6t_L,A,Y,fall,10.0,0.18431999999999998,0.7,25.0,194.301,1.0,0.216,0.216,1,1,1,2.3978952727983707,0.1691687702156541,4.62962962962963,4.62962962962963,0.8533333333333333,0.8533333333333333,0.8533333333333333,4.62962962962963,1.4285714285714286,0.04,0.0,1
ASAP7,AND4X2,AND4x2_ASAP7_6t_L,B,Y,fall,80.0,0.011519999999999999,0.7,25.0,52.6206,1.0,0.324,0.324,0,1,1,4.394449154672438,0.011454150045115854,3.0864197530864197,3.0864197530864197,0.03555555555555555,0.03555555555555555,0.03555555555555555,3.0864197530864197,1.4285714285714286,0.04,0.0,1
ASAP7,OR2X2,OR2x2_ASAP7_6t_L,B,Y,rise,10.0,0.046079999999999996,0.7,25.0,131.999,1.3333333333333335,0.216,0.162,0,1,1,2.3978952727983707,0.04504984455370874,4.62962962962963,6.172839506172839,0.21333333333333332,0.2844444444444444,0.21333333333333332,4.62962962962963,1.4285714285714286,0.04,0.14285714285714285,1
ASAP7,XOR2X2,XOR2x2_ASAP7_6t_L,B,Y,fall,80.0,0.011519999999999999,0.7,25.0,50.5027,1.0,0.37799999999999995,0.37799999999999995,0,1,1,4.394449154672438,0.011454150045115854,2.645502645502646,2.645502645502646,0.03047619047619048,0.03047619047619048,0.03047619047619048,2.645502645502646,1.4285714285714286,0.04,0.0,1
ASAP7,AND4X2,AND4x2_ASAP7_6t_L,D,Y,fall,20.0,0.023039999999999998,0.7,25.0,67.3164,1.0,0.324,0.324,0,1,1,3.044522437723423,0.02277858688933957,3.0864197530864197,3.0864197530864197,0.0711111111111111,0.0711111111111111,0.0711111111111111,3.0864197530864197,1.4285714285714286,0.04,0.0,1
ASAP7,NAND3X1,NAND3x1_ASAP7_6t_L,A,Y,fall,5.0,0.0028799999999999997,0.7,25.0,13.9346,0.3333333333333333,0.162,0.486,0,1,1,1.791759469228055,0.002875860745464264,6.172839506172839,2.05761316872428,0.017777777777777774,0.005925925925925926,0.005925925925925926,2.05761316872428,1.4285714285714286,0.04,-0.4999999999999999,1
ASAP7,OR3X4,OR3x4_ASAP7_6t_L,A,Y,rise,5.0,0.0028799999999999997,0.7,25.0,19.2409,1.0,0.37799999999999995,0.37799999999999995,0,1,1,1.791759469228055,0.002875860745464264,2.645502645502646,2.645502645502646,0.00761904761904762,0.00761904761904762,0.00761904761904762,2.645502645502646,1.4285714285714286,0.04,0.0,1
ASAP7,XOR2X2,XOR2x2_ASAP7_6t_L,A,Y,rise,5.0,0.046079999999999996,0.7,25.0,135.765,1.0,0.37799999999999995,0.37799999999999995,0,1,1,1.791759469228055,0.04504984455370874,2.645502645502646,2.645502645502646,0.12190476190476192,0.12190476190476192,0.12190476190476192,2.645502645502646,1.4285714285714286,0.04,0.0,1
ASAP7,OR3X4,OR3x4_ASAP7_6t_L,B,Y,rise,320.0,0.18431999999999998,0.7,25.0,270.694,1.0,0.37799999999999995,0.37799999999999995,0,1,1,5.771441123130016,0.1691687702156541,2.645502645502646,2.645502645502646,0.4876190476190477,0.4876190476190477,0.4876190476190477,2.645502645502646,1.4285714285714286,0.04,0.0,1
ASAP7,NOR2X2,NOR2x2_ASAP7_6t_L,A,Y,fall,80.0,0.011519999999999999,0.7,25.0,50.2311,1.9999999999999998,0.43199999999999994,0.216,0,1,1,4.394449154672438,0.011454150045115854,2.3148148148148153,4.62962962962963,0.026666666666666672,0.05333333333333333,0.05333333333333333,4.62962962962963,1.4285714285714286,0.04,0.3333333333333333,1
ASAP7,INVX1,INVx1_ASAP7_6t_L,A,Y,fall,5.0,0.0007199999999999999,0.7,25.0,6.11541,1.0,0.054,0.054,1,1,1,1.791759469228055,0.0007197409243488539,18.51851851851852,18.51851851851852,0.013333333333333332,0.013333333333333332,0.013333333333333332,18.51851851851852,1.4285714285714286,0.04,0.0,1
ASAP7,AND3X4,AND3x4_ASAP7_6t_L,C,Y,fall,80.0,0.0057599999999999995,0.7,25.0,49.4714,0.7,0.37799999999999995,0.54,0,1,1,4.394449154672438,0.005743474627065725,2.645502645502646,1.8518518518518516,0.01523809523809524,0.010666666666666665,0.010666666666666665,1.8518518518518516,1.4285714285714286,0.04,-0.17647058823529424,1
ASAP7,NAND3X1,NAND3x1_ASAP7_6t_L,C,Y,fall,10.0,0.046079999999999996,0.7,25.0,158.758,0.3333333333333333,0.162,0.486,0,1,1,2.3978952727983707,0.04504984455370874,6.172839506172839,2.05761316872428,0.2844444444444444,0.09481481481481481,0.09481481481481481,2.05761316872428,1.4285714285714286,0.04,-0.4999999999999999,1
ASAP7,XOR2X2,XOR2x2_ASAP7_6t_L,A,Y,rise,10.0,0.023039999999999998,0.7,25.0,80.307,1.0,0.37799999999999995,0.37799999999999995,0,1,1,2.3978952727983707,0.02277858688933957,2.645502645502646,2.645502645502646,0.06095238095238096,0.06095238095238096,0.06095238095238096,2.645502645502646,1.4285714285714286,0.04,0.0,1
ASAP7,NOR3X2,NOR3x2_ASAP7_6t_L,B,Y,rise,5.0,0.023039999999999998,0.7,25.0,61.1962,3.0000000000000004,0.9720000000000002,0.324,0,1,1,1.791759469228055,0.02277858688933957,1.0288065843621397,3.0864197530864197,0.023703703703703696,0.0711111111111111,0.023703703703703696,1.0288065843621397,1.4285714285714286,0.04,0.5,1
ASAP7,AND3X4,AND3x4_ASAP7_6t_L,A,Y,rise,320.0,0.023039999999999998,0.7,25.0,72.8693,0.7,0.37799999999999995,0.54,0,1,1,5.771441123130016,0.02277858688933957,2.645502645502646,1.8518518518518516,0.06095238095238096,0.04266666666666666,0.06095238095238096,2.645502645502646,1.4285714285714286,0.04,-0.17647058823529424,1
ASAP7,NAND3X2,NAND3x2_ASAP7_6t_L,A,Y,rise,80.0,0.0014399999999999999,0.7,25.0,25.4109,0.33333333333333326,0.324,0.9720000000000002,0,1,1,4.394449154672438,0.0014389641942542824,3.0864197530864197,1.0288065843621397,0.004444444444444444,0.001481481481481481,0.004444444444444444,3.0864197530864197,1.4285714285714286,0.04,-0.5,1
ASAP7,OR3X4,OR3x4_ASAP7_6t_L,B,Y,fall,320.0,0.046079999999999996,0.7,25.0,147.573,1.0,0.37799999999999995,0.37799999999999995,0,1,1,5.771441123130016,0.04504984455370874,2.645502645502646,2.645502645502646,0.12190476190476192,0.12190476190476192,0.12190476190476192,2.645502645502646,1.4285714285714286,0.04,0.0,1
ASAP7,AND3X2,AND3x2_ASAP7_6t_L,C,Y,fall,5.0,0.0057599999999999995,0.7,25.0,26.3484,1.0,0.27,0.27,0,1,1,1.791759469228055,0.005743474627065725,3.7037037037037033,3.7037037037037033,0.02133333333333333,0.02133333333333333,0.02133333333333333,3.7037037037037033,1.4285714285714286,0.04,0.0,1
ASAP7,NOR2X2,NOR2x2_ASAP7_6t_L,A,Y,rise,160.0,0.0057599999999999995,0.7,25.0,37.5646,1.9999999999999998,0.43199999999999994,0.216,0,1,1,5.081404364984463,0.005743474627065725,2.3148148148148153,4.62962962962963,0.013333333333333336,0.026666666666666665,0.013333333333333336,2.3148148148148153,1.4285714285714286,0.04,0.3333333333333333,1
ASAP7,OR4X1,OR4x1_ASAP7_6t_L,B,Y,fall,160.0,0.011519999999999999,0.7,25.0,106.888,1.0,0.27,0.27,0,1,1,5.081404364984463,0.011454150045115854,3.7037037037037033,3.7037037037037033,0.04266666666666666,0.04266666666666666,0.04266666666666666,3.7037037037037033,1.4285714285714286,0.04,0.0,1
ASAP7,AND3X4,AND3x4_ASAP7_6t_L,A,Y,fall,5.0,0.0028799999999999997,0.7,25.0,21.1855,0.7,0.37799999999999995,0.54,0,1,1,1.791759469228055,0.002875860745464264,2.645502645502646,1.8518518518518516,0.00761904761904762,0.005333333333333332,0.005333333333333332,1.8518518518518516,1.4285714285714286,0.04,-0.17647058823529424,1
ASAP7,NAND3X2,NAND3x2_ASAP7_6t_L,A,Y,fall,160.0,0.09215999999999999,0.7,25.0,196.842,0.33333333333333326,0.324,0.9720000000000002,0,1,1,5.081404364984463,0.08815738673620517,3.0864197530864197,1.0288065843621397,0.2844444444444444,0.09481481481481478,0.09481481481481478,1.0288065843621397,1.4285714285714286,0.04,-0.5,1
ASAP7,AND3X4,AND3x4_ASAP7_6t_L,C,Y,fall,160.0,0.18431999999999998,0.7,25.0,251.104,0.7,0.37799999999999995,0.54,0,1,1,5.081404364984463,0.1691687702156541,2.645502645502646,1.8518518518518516,0.4876190476190477,0.34133333333333327,0.34133333333333327,1.8518518518518516,1.4285714285714286,0.04,-0.17647058823529424,1
ASAP7,INVX4,INVx4_ASAP7_6t_L,A,Y,rise,10.0,0.0028799999999999997,0.7,25.0,8.29696,1.0,0.216,0.216,1,1,1,2.3978952727983707,0.002875860745464264,4.62962962962963,4.62962962962963,0.013333333333333332,0.013333333333333332,0.013333333333333332,4.62962962962963,1.4285714285714286,0.04,0.0,1
ASAP7,OR3X4,OR3x4_ASAP7_6t_L,B,Y,rise,80.0,0.09215999999999999,0.7,25.0,144.956,1.0,0.37799999999999995,0.37799999999999995,0,1,1,4.394449154672438,0.08815738673620517,2.645502645502646,2.645502645502646,0.24380952380952384,0.24380952380952384,0.24380952380952384,2.645502645502646,1.4285714285714286,0.04,0.0,1
ASAP7,INVX1,INVx1_ASAP7_6t_L,A,Y,fall,5.0,0.011519999999999999,0.7,25.0,50.5069,1.0,0.054,0.054,1,1,1,1.791759469228055,0.011454150045115854,18.51851851851852,18.51851851851852,0.21333333333333332,0.21333333333333332,0.21333333333333332,18.51851851851852,1.4285714285714286,0.04,0.0,1
ASAP7,INVX2,INVx2_ASAP7_6t_L,A,Y,fall,40.0,0.046079999999999996,0.7,25.0,107.522,1.0,0.108,0.108,1,1,1,3.7135720667043075,0.04504984455370874,9.25925925925926,9.25925925925926,0.42666666666666664,0.42666666666666664,0.42666666666666664,9.25925925925926,1.4285714285714286,0.04,0.0,1
ASAP7,NOR2X2,NOR2x2_ASAP7_6t_L,A,Y,rise,10.0,0.023039999999999998,0.7,25.0,60.6718,1.9999999999999998,0.43199999999999994,0.216,0,1,1,2.3978952727983707,0.02277858688933957,2.3148148148148153,4.62962962962963,0.053333333333333344,0.10666666666666666,0.053333333333333344,2.3148148148148153,1.4285714285714286,0.04,0.3333333333333333,1
ASAP7,NOR3X2,NOR3x2_ASAP7_6t_L,B,Y,rise,80.0,0.046079999999999996,0.7,25.0,129.732,3.0000000000000004,0.9720000000000002,0.324,0,1,1,4.394449154672438,0.04504984455370874,1.0288065843621397,3.0864197530864197,0.04740740740740739,0.1422222222222222,0.04740740740740739,1.0288065843621397,1.4285714285714286,0.04,0.5,1
ASAP7,NAND3X1,NAND3x1_ASAP7_6t_L,A,Y,rise,320.0,0.0014399999999999999,0.7,25.0,64.5931,0.3333333333333333,0.162,0.486,0,1,1,5.771441123130016,0.0014389641942542824,6.172839506172839,2.05761316872428,0.008888888888888887,0.002962962962962963,0.008888888888888887,6.172839506172839,1.4285714285714286,0.04,-0.4999999999999999,1
ASAP7,NAND2X1,NAND2x1_ASAP7_6t_L,A,Y,rise,320.0,0.023039999999999998,0.7,25.0,220.591,0.5,0.108,0.216,0,1,1,5.771441123130016,0.02277858688933957,9.25925925925926,4.62962962962963,0.21333333333333332,0.10666666666666666,0.21333333333333332,9.25925925925926,1.4285714285714286,0.04,-0.3333333333333333,1
ASAP7,NOR3X2,NOR3x2_ASAP7_6t_L,A,Y,rise,160.0,0.0014399999999999999,0.7,25.0,22.48,3.0000000000000004,0.9720000000000002,0.324,0,1,1,5.081404364984463,0.0014389641942542824,1.0288065843621397,3.0864197530864197,0.001481481481481481,0.004444444444444444,0.001481481481481481,1.0288065843621397,1.4285714285714286,0.04,0.5,1
ASAP7,XOR2X2,XOR2x2_ASAP7_6t_L,B,Y,rise,40.0,0.023039999999999998,0.7,25.0,77.038,1.0,0.37799999999999995,0.37799999999999995,0,1,1,3.7135720667043075,0.02277858688933957,2.645502645502646,2.645502645502646,0.06095238095238096,0.06095238095238096,0.06095238095238096,2.645502645502646,1.4285714285714286,0.04,0.0,1
ASAP7,AND3X2,AND3x2_ASAP7_6t_L,B,Y,fall,160.0,0.09215999999999999,0.7,25.0,226.286,1.0,0.27,0.27,0,1,1,5.081404364984463,0.08815738673620517,3.7037037037037033,3.7037037037037033,0.34133333333333327,0.34133333333333327,0.34133333333333327,3.7037037037037033,1.4285714285714286,0.04,0.0,1
ASAP7,OR4X1,OR4x1_ASAP7_6t_L,A,Y,rise,20.0,0.0007199999999999999,0.7,25.0,16.4638,1.0,0.27,0.27,0,1,1,3.044522437723423,0.0007197409243488539,3.7037037037037033,3.7037037037037033,0.002666666666666666,0.002666666666666666,0.002666666666666666,3.7037037037037033,1.4285714285714286,0.04,0.0,1
ASAP7,AND4X2,AND4x2_ASAP7_6t_L,D,Y,rise,5.0,0.09215999999999999,0.7,25.0,260.44,1.0,0.324,0.324,0,1,1,1.791759469228055,0.08815738673620517,3.0864197530864197,3.0864197530864197,0.2844444444444444,0.2844444444444444,0.2844444444444444,3.0864197530864197,1.4285714285714286,0.04,0.0,1
ASAP7,NOR3X2,NOR3x2_ASAP7_6t_L,A,Y,rise,160.0,0.011519999999999999,0.7,25.0,63.7638,3.0000000000000004,0.9720000000000002,0.324,0,1,1,5.081404364984463,0.011454150045115854,1.0288065843621397,3.0864197530864197,0.011851851851851848,0.03555555555555555,0.011851851851851848,1.0288065843621397,1.4285714285714286,0.04,0.5,1
ASAP7,OR2X2,OR2x2_ASAP7_6t_L,B,Y,fall,80.0,0.09215999999999999,0.7,25.0,222.462,1.3333333333333335,0.216,0.162,0,1,1,4.394449154672438,0.08815738673620517,4.62962962962963,6.172839506172839,0.42666666666666664,0.5688888888888888,0.5688888888888888,6.172839506172839,1.4285714285714286,0.04,0.14285714285714285,1
ASAP7,OR2X4,OR2x4_ASAP7_6t_L,B,Y,rise,320.0,0.18431999999999998,0.7,25.0,265.737,1.0,0.324,0.324,0,1,1,5.771441123130016,0.1691687702156541,3.0864197530864197,3.0864197530864197,0.5688888888888888,0.5688888888888888,0.5688888888888888,3.0864197530864197,1.4285714285714286,0.04,0.0,1
ASAP7,NAND3X1,NAND3x1_ASAP7_6t_L,B,Y,rise,160.0,0.023039999999999998,0.7,25.0,172.172,0.3333333333333333,0.162,0.486,0,1,1,5.081404364984463,0.02277858688933957,6.172839506172839,2.05761316872428,0.1422222222222222,0.047407407407407405,0.1422222222222222,6.172839506172839,1.4285714285714286,0.04,-0.4999999999999999,1
ASAP7,XOR2X2,XOR2x2_ASAP7_6t_L,B,Y,rise,320.0,0.0028799999999999997,0.7,25.0,33.3778,1.0,0.37799999999999995,0.37799999999999995,0,1,1,5.771441123130016,0.002875860745464264,2.645502645502646,2.645502645502646,0.00761904761904762,0.00761904761904762,0.00761904761904762,2.645502645502646,1.4285714285714286,0.04,0.0,1
ASAP7,XOR2X2,XOR2x2_ASAP7_6t_L,A,Y,fall,80.0,0.0057599999999999995,0.7,25.0,41.7473,1.0,0.37799999999999995,0.37799999999999995,0,1,1,4.394449154672438,0.005743474627065725,2.645502645502646,2.645502645502646,0.01523809523809524,0.01523809523809524,0.01523809523809524,2.645502645502646,1.4285714285714286,0.04,0.0,1
ASAP7,OR2X4,OR2x4_ASAP7_6t_L,B,Y,fall,320.0,0.046079999999999996,0.7,25.0,134.419,1.0,0.324,0.324,0,1,1,5.771441123130016,0.04504984455370874,3.0864197530864197,3.0864197530864197,0.1422222222222222,0.1422222222222222,0.1422222222222222,3.0864197530864197,1.4285714285714286,0.04,0.0,1
ASAP7,XOR2X2,XOR2x2_ASAP7_6t_L,B,Y,rise,40.0,0.0014399999999999999,0.7,25.0,32.7456,1.0,0.37799999999999995,0.37799999999999995,0,1,1,3.7135720667043075,0.0014389641942542824,2.645502645502646,2.645502645502646,0.00380952380952381,0.00380952380952381,0.00380952380952381,2.645502645502646,1.4285714285714286,0.04,0.0,1
ASAP7,NOR2X2,NOR2x2_ASAP7_6t_L,A,Y,fall,80.0,0.09215999999999999,0.7,25.0,216.866,1.9999999999999998,0.43199999999999994,0.216,0,1,1,4.394449154672438,0.08815738673620517,2.3148148148148153,4.62962962962963,0.21333333333333337,0.42666666666666664,0.42666666666666664,4.62962962962963,1.4285714285714286,0.04,0.3333333333333333,1
ASAP7,AND4X2,AND4x2_ASAP7_6t_L,C,Y,rise,160.0,0.0028799999999999997,0.7,25.0,50.1565,1.0,0.324,0.324,0,1,1,5.081404364984463,0.002875860745464264,3.0864197530864197,3.0864197530864197,0.008888888888888887,0.008888888888888887,0.008888888888888887,3.0864197530864197,1.4285714285714286,0.04,0.0,1
ASAP7,OR3X4,OR3x4_ASAP7_6t_L,A,Y,fall,160.0,0.011519999999999999,0.7,25.0,90.4596,1.0,0.37799999999999995,0.37799999999999995,0,1,1,5.081404364984463,0.011454150045115854,2.645502645502646,2.645502645502646,0.03047619047619048,0.03047619047619048,0.03047619047619048,2.645502645502646,1.4285714285714286,0.04,0.0,1
ASAP7,XOR2X2,XOR2x2_ASAP7_6t_L,A,Y,rise,320.0,0.023039999999999998,0.7,25.0,90.2887,1.0,0.37799999999999995,0.37799999999999995,0,1,1,5.771441123130016,0.02277858688933957,2.645502645502646,2.645502645502646,0.06095238095238096,0.06095238095238096,0.06095238095238096,2.645502645502646,1.4285714285714286,0.04,0.0,1
ASAP7,OR4X1,OR4x1_ASAP7_6t_L,B,Y,fall,80.0,0.0007199999999999999,0.7,25.0,43.1012,1.0,0.27,0.27,0,1,1,4.394449154672438,0.0007197409243488539,3.7037037037037033,3.7037037037037033,0.002666666666666666,0.002666666666666666,0.002666666666666666,3.7037037037037033,1.4285714285714286,0.04,0.0,1
ASAP7,INVX1,INVx1_ASAP7_6t_L,A,Y,fall,160.0,0.0057599999999999995,0.7,25.0,58.5861,1.0,0.054,0.054,1,1,1,5.081404364984463,0.005743474627065725,18.51851851851852,18.51851851851852,0.10666666666666666,0.10666666666666666,0.10666666666666666,18.51851851851852,1.4285714285714286,0.04,0.0,1
ASAP7,NOR3X1,NOR3x1_ASAP7_6t_L,A,Y,rise,80.0,0.023039999999999998,0.7,25.0,131.333,3.0,0.486,0.162,0,1,1,4.394449154672438,0.02277858688933957,2.05761316872428,6.172839506172839,0.047407407407407405,0.1422222222222222,0.047407407407407405,2.05761316872428,1.4285714285714286,0.04,0.4999999999999999,1
ASAP7,OR4X1,OR4x1_ASAP7_6t_L,C,Y,rise,5.0,0.0028799999999999997,0.7,25.0,25.2251,1.0,0.27,0.27,0,1,1,1.791759469228055,0.002875860745464264,3.7037037037037033,3.7037037037037033,0.010666666666666665,0.010666666666666665,0.010666666666666665,3.7037037037037033,1.4285714285714286,0.04,0.0,1
ASAP7,BUFX2,BUFx2_ASAP7_6t_L,A,Y,rise,10.0,0.0014399999999999999,0.7,25.0,19.9186,1.0,0.135,0.135,0,1,1,2.3978952727983707,0.0014389641942542824,7.4074074074074066,7.4074074074074066,0.010666666666666665,0.010666666666666665,0.010666666666666665,7.4074074074074066,1.4285714285714286,0.04,0.0,1
ASAP7,OR2X4,OR2x4_ASAP7_6t_L,A,Y,rise,80.0,0.0057599999999999995,0.7,25.0,35.7399,1.0,0.324,0.324,0,1,1,4.394449154672438,0.005743474627065725,3.0864197530864197,3.0864197530864197,0.017777777777777774,0.017777777777777774,0.017777777777777774,3.0864197530864197,1.4285714285714286,0.04,0.0,1
ASAP7,NOR3X2,NOR3x2_ASAP7_6t_L,A,Y,fall,20.0,0.023039999999999998,0.7,25.0,58.2938,3.0000000000000004,0.9720000000000002,0.324,0,1,1,3.044522437723423,0.02277858688933957,1.0288065843621397,3.0864197530864197,0.023703703703703696,0.0711111111111111,0.0711111111111111,3.0864197530864197,1.4285714285714286,0.04,0.5,1
ASAP7,OR2X4,OR2x4_ASAP7_6t_L,B,Y,rise,320.0,0.09215999999999999,0.7,25.0,151.872,1.0,0.324,0.324,0,1,1,5.771441123130016,0.08815738673620517,3.0864197530864197,3.0864197530864197,0.2844444444444444,0.2844444444444444,0.2844444444444444,3.0864197530864197,1.4285714285714286,0.04,0.0,1
ASAP7,NAND3X1,NAND3x1_ASAP7_6t_L,B,Y,fall,320.0,0.046079999999999996,0.7,25.0,210.844,0.3333333333333333,0.162,0.486,0,1,1,5.771441123130016,0.04504984455370874,6.172839506172839,2.05761316872428,0.2844444444444444,0.09481481481481481,0.09481481481481481,2.05761316872428,1.4285714285714286,0.04,-0.4999999999999999,1
ASAP7,OR2X2,OR2x2_ASAP7_6t_L,A,Y,rise,10.0,0.0057599999999999995,0.7,25.0,33.7071,1.3333333333333335,0.216,0.162,0,1,1,2.3978952727983707,0.005743474627065725,4.62962962962963,6.172839506172839,0.026666666666666665,0.03555555555555555,0.026666666666666665,4.62962962962963,1.4285714285714286,0.04,0.14285714285714285,1
ASAP7,INVX4,INVx4_ASAP7_6t_L,A,Y,fall,10.0,0.046079999999999996,0.7,25.0,51.8638,1.0,0.216,0.216,1,1,1,2.3978952727983707,0.04504984455370874,4.62962962962963,4.62962962962963,0.21333333333333332,0.21333333333333332,0.21333333333333332,4.62962962962963,1.4285714285714286,0.04,0.0,1
ASAP7,NAND3X2,NAND3x2_ASAP7_6t_L,C,Y,fall,80.0,0.09215999999999999,0.7,25.0,166.291,0.33333333333333326,0.324,0.9720000000000002,0,1,1,4.394449154672438,0.08815738673620517,3.0864197530864197,1.0288065843621397,0.2844444444444444,0.09481481481481478,0.09481481481481478,1.0288065843621397,1.4285714285714286,0.04,-0.5,1
ASAP7,OR4X1,OR4x1_ASAP7_6t_L,A,Y,fall,320.0,0.0028799999999999997,0.7,25.0,96.3629,1.0,0.27,0.27,0,1,1,5.771441123130016,0.002875860745464264,3.7037037037037033,3.7037037037037033,0.010666666666666665,0.010666666666666665,0.010666666666666665,3.7037037037037033,1.4285714285714286,0.04,0.0,1
ASAP7,INVX8,INVx8_ASAP7_6t_L,A,Y,rise,160.0,0.0057599999999999995,0.7,25.0,25.6618,1.0,0.43199999999999994,0.43199999999999994,1,1,1,5.081404364984463,0.005743474627065725,2.3148148148148153,2.3148148148148153,0.013333333333333336,0.013333333333333336,0.013333333333333336,2.3148148148148153,1.4285714285714286,0.04,0.0,1
ASAP7,NOR2X1,NOR2x1_ASAP7_6t_L,A,Y,rise,160.0,0.0028799999999999997,0.7,25.0,37.7085,2.0,0.216,0.108,0,1,1,5.081404364984463,0.002875860745464264,4.62962962962963,9.25925925925926,0.013333333333333332,0.026666666666666665,0.013333333333333332,4.62962962962963,1.4285714285714286,0.04,0.3333333333333333,1
ASAP7,OR2X4,OR2x4_ASAP7_6t_L,B,Y,fall,160.0,0.023039999999999998,0.7,25.0,87.1574,1.0,0.324,0.324,0,1,1,5.081404364984463,0.02277858688933957,3.0864197530864197,3.0864197530864197,0.0711111111111111,0.0711111111111111,0.0711111111111111,3.0864197530864197,1.4285714285714286,0.04,0.0,1
ASAP7,OR4X1,OR4x1_ASAP7_6t_L,A,Y,fall,20.0,0.0007199999999999999,0.7,25.0,31.1991,1.0,0.27,0.27,0,1,1,3.044522437723423,0.0007197409243488539,3.7037037037037033,3.7037037037037033,0.002666666666666666,0.002666666666666666,0.002666666666666666,3.7037037037037033,1.4285714285714286,0.04,0.0,1
ASAP7,NAND2X1,NAND2x1_ASAP7_6t_L,A,Y,fall,320.0,0.046079999999999996,0.7,25.0,214.501,0.5,0.108,0.216,0,1,1,5.771441123130016,0.04504984455370874,9.25925925925926,4.62962962962963,0.42666666666666664,0.21333333333333332,0.21333333333333332,4.62962962962963,1.4285714285714286,0.04,-0.3333333333333333,1
ASAP7,AND3X2,AND3x2_ASAP7_6t_L,B,Y,fall,10.0,0.011519999999999999,0.7,25.0,38.9942,1.0,0.27,0.27,0,1,1,2.3978952727983707,0.011454150045115854,3.7037037037037033,3.7037037037037033,0.04266666666666666,0.04266666666666666,0.04266666666666666,3.7037037037037033,1.4285714285714286,0.04,0.0,1
ASAP7,OR4X1,OR4x1_ASAP7_6t_L,A,Y,fall,10.0,0.0007199999999999999,0.7,25.0,28.8702,1.0,0.27,0.27,0,1,1,2.3978952727983707,0.0007197409243488539,3.7037037037037033,3.7037037037037033,0.002666666666666666,0.002666666666666666,0.002666666666666666,3.7037037037037033,1.4285714285714286,0.04,0.0,1
ASAP7,NOR3X2,NOR3x2_ASAP7_6t_L,B,Y,rise,40.0,0.09215999999999999,0.7,25.0,228.609,3.0000000000000004,0.9720000000000002,0.324,0,1,1,3.7135720667043075,0.08815738673620517,1.0288065843621397,3.0864197530864197,0.09481481481481478,0.2844444444444444,0.09481481481481478,1.0288065843621397,1.4285714285714286,0.04,0.5,1
ASAP7,OR2X4,OR2x4_ASAP7_6t_L,B,Y,fall,10.0,0.09215999999999999,0.7,25.0,126.93,1.0,0.324,0.324,0,1,1,2.3978952727983707,0.08815738673620517,3.0864197530864197,3.0864197530864197,0.2844444444444444,0.2844444444444444,0.2844444444444444,3.0864197530864197,1.4285714285714286,0.04,0.0,1
ASAP7,OR4X1,OR4x1_ASAP7_6t_L,D,Y,rise,20.0,0.0007199999999999999,0.7,25.0,18.1495,1.0,0.27,0.27,0,1,1,3.044522437723423,0.0007197409243488539,3.7037037037037033,3.7037037037037033,0.002666666666666666,0.002666666666666666,0.002666666666666666,3.7037037037037033,1.4285714285714286,0.04,0.0,1
ASAP7,OR2X4,OR2x4_ASAP7_6t_L,B,Y,rise,5.0,0.0057599999999999995,0.7,25.0,22.0125,1.0,0.324,0.324,0,1,1,1.791759469228055,0.005743474627065725,3.0864197530864197,3.0864197530864197,0.017777777777777774,0.017777777777777774,0.017777777777777774,3.0864197530864197,1.4285714285714286,0.04,0.0,1
ASAP7,NAND3X2,NAND3x2_ASAP7_6t_L,C,Y,fall,320.0,0.09215999999999999,0.7,25.0,185.983,0.33333333333333326,0.324,0.9720000000000002,0,1,1,5.771441123130016,0.08815738673620517,3.0864197530864197,1.0288065843621397,0.2844444444444444,0.09481481481481478,0.09481481481481478,1.0288065843621397,1.4285714285714286,0.04,-0.5,1
ASAP7,NAND3X2,NAND3x2_ASAP7_6t_L,C,Y,rise,5.0,0.0014399999999999999,0.7,25.0,14.2152,0.33333333333333326,0.324,0.9720000000000002,0,1,1,1.791759469228055,0.0014389641942542824,3.0864197530864197,1.0288065843621397,0.004444444444444444,0.001481481481481481,0.004444444444444444,3.0864197530864197,1.4285714285714286,0.04,-0.5,1
ASAP7,BUFX4,BUFx4_ASAP7_6t_L,A,Y,rise,40.0,0.046079999999999996,0.7,25.0,79.7724,1.0,0.27,0.27,0,1,1,3.7135720667043075,0.04504984455370874,3.7037037037037033,3.7037037037037033,0.17066666666666663,0.17066666666666663,0.17066666666666663,3.7037037037037033,1.4285714285714286,0.04,0.0,1
ASAP7,NAND3X1,NAND3x1_ASAP7_6t_L,B,Y,fall,160.0,0.046079999999999996,0.7,25.0,184.213,0.3333333333333333,0.162,0.486,0,1,1,5.081404364984463,0.04504984455370874,6.172839506172839,2.05761316872428,0.2844444444444444,0.09481481481481481,0.09481481481481481,2.05761316872428,1.4285714285714286,0.04,-0.4999999999999999,1
ASAP7,BUFX2,BUFx2_ASAP7_6t_L,A,Y,rise,40.0,0.0057599999999999995,0.7,25.0,38.2332,1.0,0.135,0.135,0,1,1,3.7135720667043075,0.005743474627065725,7.4074074074074066,7.4074074074074066,0.04266666666666666,0.04266666666666666,0.04266666666666666,7.4074074074074066,1.4285714285714286,0.04,0.0,1
ASAP7,XOR2X2,XOR2x2_ASAP7_6t_L,A,Y,rise,80.0,0.0057599999999999995,0.7,25.0,38.1448,1.0,0.37799999999999995,0.37799999999999995,0,1,1,4.394449154672438,0.005743474627065725,2.645502645502646,2.645502645502646,0.01523809523809524,0.01523809523809524,0.01523809523809524,2.645502645502646,1.4285714285714286,0.04,0.0,1
ASAP7,NOR3X2,NOR3x2_ASAP7_6t_L,C,Y,fall,160.0,0.09215999999999999,0.7,25.0,244.657,3.0000000000000004,0.9720000000000002,0.324,0,1,1,5.081404364984463,0.08815738673620517,1.0288065843621397,3.0864197530864197,0.09481481481481478,0.2844444444444444,0.2844444444444444,3.0864197530864197,1.4285714285714286,0.04,0.5,1
ASAP7,AND3X2,AND3x2_ASAP7_6t_L,B,Y,rise,80.0,0.0028799999999999997,0.7,25.0,39.558,1.0,0.27,0.27,0,1,1,4.394449154672438,0.002875860745464264,3.7037037037037033,3.7037037037037033,0.010666666666666665,0.010666666666666665,0.010666666666666665,3.7037037037037033,1.4285714285714286,0.04,0.0,1
ASAP7,XOR2X2,XOR2x2_ASAP7_6t_L,A,Y,fall,80.0,0.011519999999999999,0.7,25.0,53.6494,1.0,0.37799999999999995,0.37799999999999995,0,1,1,4.394449154672438,0.011454150045115854,2.645502645502646,2.645502645502646,0.03047619047619048,0.03047619047619048,0.03047619047619048,2.645502645502646,1.4285714285714286,0.04,0.0,1
ASAP7,NAND3X2,NAND3x2_ASAP7_6t_L,B,Y,fall,160.0,0.09215999999999999,0.7,25.0,185.342,0.33333333333333326,0.324,0.9720000000000002,0,1,1,5.081404364984463,0.08815738673620517,3.0864197530864197,1.0288065843621397,0.2844444444444444,0.09481481481481478,0.09481481481481478,1.0288065843621397,1.4285714285714286,0.04,-0.5,1
ASAP7,OR4X1,OR4x1_ASAP7_6t_L,D,Y,fall,20.0,0.0028799999999999997,0.7,25.0,46.0703,1.0,0.27,0.27,0,1,1,3.044522437723423,0.002875860745464264,3.7037037037037033,3.7037037037037033,0.010666666666666665,0.010666666666666665,0.010666666666666665,3.7037037037037033,1.4285714285714286,0.04,0.0,1
ASAP7,AND3X2,AND3x2_ASAP7_6t_L,A,Y,fall,20.0,0.023039999999999998,0.7,25.0,64.8585,1.0,0.27,0.27,0,1,1,3.044522437723423,0.02277858688933957,3.7037037037037033,3.7037037037037033,0.08533333333333332,0.08533333333333332,0.08533333333333332,3.7037037037037033,1.4285714285714286,0.04,0.0,1
ASAP7,NOR3X1,NOR3x1_ASAP7_6t_L,A,Y,fall,5.0,0.0007199999999999999,0.7,25.0,8.65856,3.0,0.486,0.162,0,1,1,1.791759469228055,0.0007197409243488539,2.05761316872428,6.172839506172839,0.0014814814814814814,0.004444444444444444,0.004444444444444444,6.172839506172839,1.4285714285714286,0.04,0.4999999999999999,1
ASAP7,OR3X4,OR3x4_ASAP7_6t_L,C,Y,rise,10.0,0.046079999999999996,0.7,25.0,76.1839,1.0,0.37799999999999995,0.37799999999999995,0,1,1,2.3978952727983707,0.04504984455370874,2.645502645502646,2.645502645502646,0.12190476190476192,0.12190476190476192,0.12190476190476192,2.645502645502646,1.4285714285714286,0.04,0.0,1
ASAP7,XOR2X2,XOR2x2_ASAP7_6t_L,B,Y,rise,160.0,0.09215999999999999,0.7,25.0,270.179,1.0,0.37799999999999995,0.37799999999999995,0,1,1,5.081404364984463,0.08815738673620517,2.645502645502646,2.645502645502646,0.24380952380952384,0.24380952380952384,0.24380952380952384,2.645502645502646,1.4285714285714286,0.04,0.0,1
ASAP7,XOR2X2,XOR2x2_ASAP7_6t_L,A,Y,fall,80.0,0.09215999999999999,0.7,25.0,218.985,1.0,0.37799999999999995,0.37799999999999995,0,1,1,4.394449154672438,0.08815738673620517,2.645502645502646,2.645502645502646,0.24380952380952384,0.24380952380952384,0.24380952380952384,2.645502645502646,1.4285714285714286,0.04,0.0,1
ASAP7,OR4X1,OR4x1_ASAP7_6t_L,B,Y,rise,20.0,0.0007199999999999999,0.7,25.0,17.1791,1.0,0.27,0.27,0,1,1,3.044522437723423,0.0007197409243488539,3.7037037037037033,3.7037037037037033,0.002666666666666666,0.002666666666666666,0.002666666666666666,3.7037037037037033,1.4285714285714286,0.04,0.0,1
ASAP7,NOR3X1,NOR3x1_ASAP7_6t_L,A,Y,fall,10.0,0.0028799999999999997,0.7,25.0,19.2194,3.0,0.486,0.162,0,1,1,2.3978952727983707,0.002875860745464264,2.05761316872428,6.172839506172839,0.005925925925925926,0.017777777777777774,0.017777777777777774,6.172839506172839,1.4285714285714286,0.04,0.4999999999999999,1
ASAP7,AND3X2,AND3x2_ASAP7_6t_L,B,Y,fall,20.0,0.011519999999999999,0.7,25.0,41.8784,1.0,0.27,0.27,0,1,1,3.044522437723423,0.011454150045115854,3.7037037037037033,3.7037037037037033,0.04266666666666666,0.04266666666666666,0.04266666666666666,3.7037037037037033,1.4285714285714286,0.04,0.0,1
ASAP7,NAND2X1,NAND2x1_ASAP7_6t_L,A,Y,fall,160.0,0.023039999999999998,0.7,25.0,109.046,0.5,0.108,0.216,0,1,1,5.081404364984463,0.02277858688933957,9.25925925925926,4.62962962962963,0.21333333333333332,0.10666666666666666,0.10666666666666666,4.62962962962963,1.4285714285714286,0.04,-0.3333333333333333,1
ASAP7,NAND3X2,NAND3x2_ASAP7_6t_L,A,Y,fall,40.0,0.023039999999999998,0.7,25.0,51.7047,0.33333333333333326,0.324,0.9720000000000002,0,1,1,3.7135720667043075,0.02277858688933957,3.0864197530864197,1.0288065843621397,0.0711111111111111,0.023703703703703696,0.023703703703703696,1.0288065843621397,1.4285714285714286,0.04,-0.5,1
ASAP7,AND3X2,AND3x2_ASAP7_6t_L,A,Y,fall,80.0,0.09215999999999999,0.7,25.0,216.298,1.0,0.27,0.27,0,1,1,4.394449154672438,0.08815738673620517,3.7037037037037033,3.7037037037037033,0.34133333333333327,0.34133333333333327,0.34133333333333327,3.7037037037037033,1.4285714285714286,0.04,0.0,1
ASAP7,AND3X2,AND3x2_ASAP7_6t_L,B,Y,fall,160.0,0.0057599999999999995,0.7,25.0,48.8391,1.0,0.27,0.27,0,1,1,5.081404364984463,0.005743474627065725,3.7037037037037033,3.7037037037037033,0.02133333333333333,0.02133333333333333,0.02133333333333333,3.7037037037037033,1.4285714285714286,0.04,0.0,1
ASAP7,XOR2X2,XOR2x2_ASAP7_6t_L,A,Y,rise,20.0,0.0057599999999999995,0.7,25.0,39.6602,1.0,0.37799999999999995,0.37799999999999995,0,1,1,3.044522437723423,0.005743474627065725,2.645502645502646,2.645502645502646,0.01523809523809524,0.01523809523809524,0.01523809523809524,2.645502645502646,1.4285714285714286,0.04,0.0,1
ASAP7,OR4X1,OR4x1_ASAP7_6t_L,A,Y,rise,20.0,0.0057599999999999995,0.7,25.0,41.5301,1.0,0.27,0.27,0,1,1,3.044522437723423,0.005743474627065725,3.7037037037037033,3.7037037037037033,0.02133333333333333,0.02133333333333333,0.02133333333333333,3.7037037037037033,1.4285714285714286,0.04,0.0,1
ASAP7,OR4X1,OR4x1_ASAP7_6t_L,C,Y,rise,40.0,0.0057599999999999995,0.7,25.0,45.5835,1.0,0.27,0.27,0,1,1,3.7135720667043075,0.005743474627065725,3.7037037037037033,3.7037037037037033,0.02133333333333333,0.02133333333333333,0.02133333333333333,3.7037037037037033,1.4285714285714286,0.04,0.0,1
ASAP7,OR2X4,OR2x4_ASAP7_6t_L,A,Y,rise,20.0,0.023039999999999998,0.7,25.0,48.3126,1.0,0.324,0.324,0,1,1,3.044522437723423,0.02277858688933957,3.0864197530864197,3.0864197530864197,0.0711111111111111,0.0711111111111111,0.0711111111111111,3.0864197530864197,1.4285714285714286,0.04,0.0,1
ASAP7,INVX1,INVx1_ASAP7_6t_L,A,Y,rise,320.0,0.046079999999999996,0.7,25.0,330.706,1.0,0.054,0.054,1,1,1,5.771441123130016,0.04504984455370874,18.51851851851852,18.51851851851852,0.8533333333333333,0.8533333333333333,0.8533333333333333,18.51851851851852,1.4285714285714286,0.04,0.0,1
ASAP7,OR3X4,OR3x4_ASAP7_6t_L,C,Y,fall,320.0,0.0028799999999999997,0.7,25.0,78.9053,1.0,0.37799999999999995,0.37799999999999995,0,1,1,5.771441123130016,0.002875860745464264,2.645502645502646,2.645502645502646,0.00761904761904762,0.00761904761904762,0.00761904761904762,2.645502645502646,1.4285714285714286,0.04,0.0,1
ASAP7,INVX1,INVx1_ASAP7_6t_L,A,Y,rise,20.0,0.023039999999999998,0.7,25.0,121.298,1.0,0.054,0.054,1,1,1,3.044522437723423,0.02277858688933957,18.51851851851852,18.51851851851852,0.42666666666666664,0.42666666666666664,0.42666666666666664,18.51851851851852,1.4285714285714286,0.04,0.0,1
ASAP7,NOR3X2,NOR3x2_ASAP7_6t_L,B,Y,rise,40.0,0.011519999999999999,0.7,25.0,41.4402,3.0000000000000004,0.9720000000000002,0.324,0,1,1,3.7135720667043075,0.011454150045115854,1.0288065843621397,3.0864197530864197,0.011851851851851848,0.03555555555555555,0.011851851851851848,1.0288065843621397,1.4285714285714286,0.04,0.5,1
ASAP7,AND3X4,AND3x4_ASAP7_6t_L,B,Y,rise,40.0,0.046079999999999996,0.7,25.0,85.8523,0.7,0.37799999999999995,0.54,0,1,1,3.7135720667043075,0.04504984455370874,2.645502645502646,1.8518518518518516,0.12190476190476192,0.08533333333333332,0.12190476190476192,2.645502645502646,1.4285714285714286,0.04,-0.17647058823529424,1
ASAP7,NAND2X1,NAND2x1_ASAP7_6t_L,B,Y,fall,80.0,0.023039999999999998,0.7,25.0,103.875,0.5,0.108,0.216,0,1,1,4.394449154672438,0.02277858688933957,9.25925925925926,4.62962962962963,0.21333333333333332,0.10666666666666666,0.10666666666666666,4.62962962962963,1.4285714285714286,0.04,-0.3333333333333333,1
ASAP7,NAND3X1,NAND3x1_ASAP7_6t_L,C,Y,rise,320.0,0.0014399999999999999,0.7,25.0,80.4404,0.3333333333333333,0.162,0.486,0,1,1,5.771441123130016,0.0014389641942542824,6.172839506172839,2.05761316872428,0.008888888888888887,0.002962962962962963,0.008888888888888887,6.172839506172839,1.4285714285714286,0.04,-0.4999999999999999,1
ASAP7,XOR2X2,XOR2x2_ASAP7_6t_L,A,Y,fall,5.0,0.0028799999999999997,0.7,25.0,25.0258,1.0,0.37799999999999995,0.37799999999999995,0,1,1,1.791759469228055,0.002875860745464264,2.645502645502646,2.645502645502646,0.00761904761904762,0.00761904761904762,0.00761904761904762,2.645502645502646,1.4285714285714286,0.04,0.0,1
ASAP7,NAND2X1,NAND2x1_ASAP7_6t_L,A,Y,fall,80.0,0.023039999999999998,0.7,25.0,96.6944,0.5,0.108,0.216,0,1,1,4.394449154672438,0.02277858688933957,9.25925925925926,4.62962962962963,0.21333333333333332,0.10666666666666666,0.10666666666666666,4.62962962962963,1.4285714285714286,0.04,-0.3333333333333333,1
ASAP7,NAND2X1,NAND2x1_ASAP7_6t_L,A,Y,fall,80.0,0.011519999999999999,0.7,25.0,56.7655,0.5,0.108,0.216,0,1,1,4.394449154672438,0.011454150045115854,9.25925925925926,4.62962962962963,0.10666666666666666,0.05333333333333333,0.05333333333333333,4.62962962962963,1.4285714285714286,0.04,-0.3333333333333333,1
ASAP7,NOR3X2,NOR3x2_ASAP7_6t_L,B,Y,rise,40.0,0.023039999999999998,0.7,25.0,68.2125,3.0000000000000004,0.9720000000000002,0.324,0,1,1,3.7135720667043075,0.02277858688933957,1.0288065843621397,3.0864197530864197,0.023703703703703696,0.0711111111111111,0.023703703703703696,1.0288065843621397,1.4285714285714286,0.04,0.5,1
ASAP7,NOR3X1,NOR3x1_ASAP7_6t_L,B,Y,fall,5.0,0.046079999999999996,0.7,25.0,197.136,3.0,0.486,0.162,0,1,1,1.791759469228055,0.04504984455370874,2.05761316872428,6.172839506172839,0.09481481481481481,0.2844444444444444,0.2844444444444444,6.172839506172839,1.4285714285714286,0.04,0.4999999999999999,1
ASAP7,OR2X2,OR2x2_ASAP7_6t_L,B,Y,fall,10.0,0.0014399999999999999,0.7,25.0,20.8729,1.3333333333333335,0.216,0.162,0,1,1,2.3978952727983707,0.0014389641942542824,4.62962962962963,6.172839506172839,0.006666666666666666,0.008888888888888887,0.008888888888888887,6.172839506172839,1.4285714285714286,0.04,0.14285714285714285,1
ASAP7,NOR2X2,NOR2x2_ASAP7_6t_L,B,Y,rise,320.0,0.0057599999999999995,0.7,25.0,57.8958,1.9999999999999998,0.43199999999999994,0.216,0,1,1,5.771441123130016,0.005743474627065725,2.3148148148148153,4.62962962962963,0.013333333333333336,0.026666666666666665,0.013333333333333336,2.3148148148148153,1.4285714285714286,0.04,0.3333333333333333,1
ASAP7,NOR2X1,NOR2x1_ASAP7_6t_L,B,Y,rise,160.0,0.011519999999999999,0.7,25.0,100.999,2.0,0.216,0.108,0,1,1,5.081404364984463,0.011454150045115854,4.62962962962963,9.25925925925926,0.05333333333333333,0.10666666666666666,0.05333333333333333,4.62962962962963,1.4285714285714286,0.04,0.3333333333333333,1
ASAP7,XOR2X2,XOR2x2_ASAP7_6t_L,A,Y,rise,160.0,0.011519999999999999,0.7,25.0,56.8159,1.0,0.37799999999999995,0.37799999999999995,0,1,1,5.081404364984463,0.011454150045115854,2.645502645502646,2.645502645502646,0.03047619047619048,0.03047619047619048,0.03047619047619048,2.645502645502646,1.4285714285714286,0.04,0.0,1
ASAP7,NAND3X2,NAND3x2_ASAP7_6t_L,C,Y,fall,80.0,0.046079999999999996,0.7,25.0,89.8756,0.33333333333333326,0.324,0.9720000000000002,0,1,1,4.394449154672438,0.04504984455370874,3.0864197530864197,1.0288065843621397,0.1422222222222222,0.04740740740740739,0.04740740740740739,1.0288065843621397,1.4285714285714286,0.04,-0.5,1
ASAP7,NOR3X1,NOR3x1_ASAP7_6t_L,A,Y,fall,320.0,0.0007199999999999999,0.7,25.0,31.9641,3.0,0.486,0.162,0,1,1,5.771441123130016,0.0007197409243488539,2.05761316872428,6.172839506172839,0.0014814814814814814,0.004444444444444444,0.004444444444444444,6.172839506172839,1.4285714285714286,0.04,0.4999999999999999,1
ASAP7,OR4X1,OR4x1_ASAP7_6t_L,D,Y,fall,160.0,0.0014399999999999999,0.7,25.0,51.6666,1.0,0.27,0.27,0,1,1,5.081404364984463,0.0014389641942542824,3.7037037037037033,3.7037037037037033,0.005333333333333332,0.005333333333333332,0.005333333333333332,3.7037037037037033,1.4285714285714286,0.04,0.0,1
ASAP7,NOR3X2,NOR3x2_ASAP7_6t_L,B,Y,fall,160.0,0.09215999999999999,0.7,25.0,242.354,3.0000000000000004,0.9720000000000002,0.324,0,1,1,5.081404364984463,0.08815738673620517,1.0288065843621397,3.0864197530864197,0.09481481481481478,0.2844444444444444,0.2844444444444444,3.0864197530864197,1.4285714285714286,0.04,0.5,1
ASAP7,AND4X2,AND4x2_ASAP7_6t_L,C,Y,rise,10.0,0.0057599999999999995,0.7,25.0,46.1708,1.0,0.324,0.324,0,1,1,2.3978952727983707,0.005743474627065725,3.0864197530864197,3.0864197530864197,0.017777777777777774,0.017777777777777774,0.017777777777777774,3.0864197530864197,1.4285714285714286,0.04,0.0,1
ASAP7,NAND3X1,NAND3x1_ASAP7_6t_L,A,Y,rise,160.0,0.0057599999999999995,0.7,25.0,78.0901,0.3333333333333333,0.162,0.486,0,1,1,5.081404364984463,0.005743474627065725,6.172839506172839,2.05761316872428,0.03555555555555555,0.011851851851851851,0.03555555555555555,6.172839506172839,1.4285714285714286,0.04,-0.4999999999999999,1
ASAP7,XOR2X2,XOR2x2_ASAP7_6t_L,A,Y,fall,80.0,0.023039999999999998,0.7,25.0,77.3589,1.0,0.37799999999999995,0.37799999999999995,0,1,1,4.394449154672438,0.02277858688933957,2.645502645502646,2.645502645502646,0.06095238095238096,0.06095238095238096,0.06095238095238096,2.645502645502646,1.4285714285714286,0.04,0.0,1
ASAP7,NOR3X2,NOR3x2_ASAP7_6t_L,A,Y,fall,160.0,0.0057599999999999995,0.7,25.0,44.7122,3.0000000000000004,0.9720000000000002,0.324,0,1,1,5.081404364984463,0.005743474627065725,1.0288065843621397,3.0864197530864197,0.005925925925925924,0.017777777777777774,0.017777777777777774,3.0864197530864197,1.4285714285714286,0.04,0.5,1
ASAP7,XOR2X2,XOR2x2_ASAP7_6t_L,A,Y,rise,160.0,0.023039999999999998,0.7,25.0,95.5731,1.0,0.37799999999999995,0.37799999999999995,0,1,1,5.081404364984463,0.02277858688933957,2.645502645502646,2.645502645502646,0.06095238095238096,0.06095238095238096,0.06095238095238096,2.645502645502646,1.4285714285714286,0.04,0.0,1
ASAP7,NOR2X1,NOR2x1_ASAP7_6t_L,B,Y,fall,20.0,0.0014399999999999999,0.7,25.0,14.5852,2.0,0.216,0.108,0,1,1,3.044522437723423,0.0014389641942542824,4.62962962962963,9.25925925925926,0.006666666666666666,0.013333333333333332,0.013333333333333332,9.25925925925926,1.4285714285714286,0.04,0.3333333333333333,1
ASAP7,AND3X4,AND3x4_ASAP7_6t_L,A,Y,rise,80.0,0.0057599999999999995,0.7,25.0,38.3885,0.7,0.37799999999999995,0.54,0,1,1,4.394449154672438,0.005743474627065725,2.645502645502646,1.8518518518518516,0.01523809523809524,0.010666666666666665,0.01523809523809524,2.645502645502646,1.4285714285714286,0.04,-0.17647058823529424,1
ASAP7,OR4X1,OR4x1_ASAP7_6t_L,D,Y,rise,20.0,0.0028799999999999997,0.7,25.0,29.1882,1.0,0.27,0.27,0,1,1,3.044522437723423,0.002875860745464264,3.7037037037037033,3.7037037037037033,0.010666666666666665,0.010666666666666665,0.010666666666666665,3.7037037037037033,1.4285714285714286,0.04,0.0,1
ASAP7,AND4X2,AND4x2_ASAP7_6t_L,D,Y,fall,5.0,0.09215999999999999,0.7,25.0,204.658,1.0,0.324,0.324,0,1,1,1.791759469228055,0.08815738673620517,3.0864197530864197,3.0864197530864197,0.2844444444444444,0.2844444444444444,0.2844444444444444,3.0864197530864197,1.4285714285714286,0.04,0.0,1
ASAP7,AND3X2,AND3x2_ASAP7_6t_L,A,Y,rise,20.0,0.0028799999999999997,0.7,25.0,32.569,1.0,0.27,0.27,0,1,1,3.044522437723423,0.002875860745464264,3.7037037037037033,3.7037037037037033,0.010666666666666665,0.010666666666666665,0.010666666666666665,3.7037037037037033,1.4285714285714286,0.04,0.0,1
ASAP7,NOR3X1,NOR3x1_ASAP7_6t_L,C,Y,fall,20.0,0.011519999999999999,0.7,25.0,60.6887,3.0,0.486,0.162,0,1,1,3.044522437723423,0.011454150045115854,2.05761316872428,6.172839506172839,0.023703703703703703,0.0711111111111111,0.0711111111111111,6.172839506172839,1.4285714285714286,0.04,0.4999999999999999,1
ASAP7,AND3X4,AND3x4_ASAP7_6t_L,C,Y,rise,160.0,0.0028799999999999997,0.7,25.0,30.3823,0.7,0.37799999999999995,0.54,0,1,1,5.081404364984463,0.002875860745464264,2.645502645502646,1.8518518518518516,0.00761904761904762,0.005333333333333332,0.00761904761904762,2.645502645502646,1.4285714285714286,0.04,-0.17647058823529424,1
ASAP7,INVX1,INVx1_ASAP7_6t_L,A,Y,fall,10.0,0.0057599999999999995,0.7,25.0,28.2127,1.0,0.054,0.054,1,1,1,2.3978952727983707,0.005743474627065725,18.51851851851852,18.51851851851852,0.10666666666666666,0.10666666666666666,0.10666666666666666,18.51851851851852,1.4285714285714286,0.04,0.0,1
ASAP7,OR2X4,OR2x4_ASAP7_6t_L,A,Y,rise,40.0,0.023039999999999998,0.7,25.0,52.4926,1.0,0.324,0.324,0,1,1,3.7135720667043075,0.02277858688933957,3.0864197530864197,3.0864197530864197,0.0711111111111111,0.0711111111111111,0.0711111111111111,3.0864197530864197,1.4285714285714286,0.04,0.0,1
ASAP7,NOR2X2,NOR2x2_ASAP7_6t_L,A,Y,rise,5.0,0.046079999999999996,0.7,25.0,113.146,1.9999999999999998,0.43199999999999994,0.216,0,1,1,1.791759469228055,0.04504984455370874,2.3148148148148153,4.62962962962963,0.10666666666666669,0.21333333333333332,0.10666666666666669,2.3148148148148153,1.4285714285714286,0.04,0.3333333333333333,1
ASAP7,OR4X1,OR4x1_ASAP7_6t_L,C,Y,rise,20.0,0.046079999999999996,0.7,25.0,240.805,1.0,0.27,0.27,0,1,1,3.044522437723423,0.04504984455370874,3.7037037037037033,3.7037037037037033,0.17066666666666663,0.17066666666666663,0.17066666666666663,3.7037037037037033,1.4285714285714286,0.04,0.0,1
ASAP7,AND3X4,AND3x4_ASAP7_6t_L,A,Y,rise,10.0,0.18431999999999998,0.7,25.0,250.702,0.7,0.37799999999999995,0.54,0,1,1,2.3978952727983707,0.1691687702156541,2.645502645502646,1.8518518518518516,0.4876190476190477,0.34133333333333327,0.4876190476190477,2.645502645502646,1.4285714285714286,0.04,-0.17647058823529424,1
ASAP7,NOR3X1,NOR3x1_ASAP7_6t_L,B,Y,rise,160.0,0.0007199999999999999,0.7,25.0,19.9415,3.0,0.486,0.162,0,1,1,5.081404364984463,0.0007197409243488539,2.05761316872428,6.172839506172839,0.0014814814814814814,0.004444444444444444,0.0014814814814814814,2.05761316872428,1.4285714285714286,0.04,0.4999999999999999,1
ASAP7,OR4X1,OR4x1_ASAP7_6t_L,D,Y,rise,40.0,0.023039999999999998,0.7,25.0,131.164,1.0,0.27,0.27,0,1,1,3.7135720667043075,0.02277858688933957,3.7037037037037033,3.7037037037037033,0.08533333333333332,0.08533333333333332,0.08533333333333332,3.7037037037037033,1.4285714285714286,0.04,0.0,1
ASAP7,AND4X2,AND4x2_ASAP7_6t_L,A,Y,rise,20.0,0.09215999999999999,0.7,25.0,260.646,1.0,0.324,0.324,0,1,1,3.044522437723423,0.08815738673620517,3.0864197530864197,3.0864197530864197,0.2844444444444444,0.2844444444444444,0.2844444444444444,3.0864197530864197,1.4285714285714286,0.04,0.0,1
ASAP7,OR3X4,OR3x4_ASAP7_6t_L,C,Y,fall,160.0,0.0028799999999999997,0.7,25.0,61.4677,1.0,0.37799999999999995,0.37799999999999995,0,1,1,5.081404364984463,0.002875860745464264,2.645502645502646,2.645502645502646,0.00761904761904762,0.00761904761904762,0.00761904761904762,2.645502645502646,1.4285714285714286,0.04,0.0,1
ASAP7,OR2X4,OR2x4_ASAP7_6t_L,B,Y,rise,80.0,0.0057599999999999995,0.7,25.0,34.5676,1.0,0.324,0.324,0,1,1,4.394449154672438,0.005743474627065725,3.0864197530864197,3.0864197530864197,0.017777777777777774,0.017777777777777774,0.017777777777777774,3.0864197530864197,1.4285714285714286,0.04,0.0,1
ASAP7,AND3X4,AND3x4_ASAP7_6t_L,C,Y,fall,160.0,0.011519999999999999,0.7,25.0,71.878,0.7,0.37799999999999995,0.54,0,1,1,5.081404364984463,0.011454150045115854,2.645502645502646,1.8518518518518516,0.03047619047619048,0.02133333333333333,0.02133333333333333,1.8518518518518516,1.4285714285714286,0.04,-0.17647058823529424,1
ASAP7,XOR2X2,XOR2x2_ASAP7_6t_L,A,Y,rise,80.0,0.046079999999999996,0.7,25.0,146.49,1.0,0.37799999999999995,0.37799999999999995,0,1,1,4.394449154672438,0.04504984455370874,2.645502645502646,2.645502645502646,0.12190476190476192,0.12190476190476192,0.12190476190476192,2.645502645502646,1.4285714285714286,0.04,0.0,1
ASAP7,NOR2X1,NOR2x1_ASAP7_6t_L,B,Y,fall,5.0,0.023039999999999998,0.7,25.0,99.4169,2.0,0.216,0.108,0,1,1,1.791759469228055,0.02277858688933957,4.62962962962963,9.25925925925926,0.10666666666666666,0.21333333333333332,0.21333333333333332,9.25925925925926,1.4285714285714286,0.04,0.3333333333333333,1
ASAP7,OR4X1,OR4x1_ASAP7_6t_L,A,Y,fall,10.0,0.011519999999999999,0.7,25.0,78.5177,1.0,0.27,0.27,0,1,1,2.3978952727983707,0.011454150045115854,3.7037037037037033,3.7037037037037033,0.04266666666666666,0.04266666666666666,0.04266666666666666,3.7037037037037033,1.4285714285714286,0.04,0.0,1
ASAP7,AND4X2,AND4x2_ASAP7_6t_L,D,Y,fall,20.0,0.0014399999999999999,0.7,25.0,21.7393,1.0,0.324,0.324,0,1,1,3.044522437723423,0.0014389641942542824,3.0864197530864197,3.0864197530864197,0.004444444444444444,0.004444444444444444,0.004444444444444444,3.0864197530864197,1.4285714285714286,0.04,0.0,1
ASAP7,XOR2X2,XOR2x2_ASAP7_6t_L,B,Y,fall,10.0,0.023039999999999998,0.7,25.0,68.7655,1.0,0.37799999999999995,0.37799999999999995,0,1,1,2.3978952727983707,0.02277858688933957,2.645502645502646,2.645502645502646,0.06095238095238096,0.06095238095238096,0.06095238095238096,2.645502645502646,1.4285714285714286,0.04,0.0,1
ASAP7,NAND3X1,NAND3x1_ASAP7_6t_L,C,Y,rise,40.0,0.0028799999999999997,0.7,25.0,36.12,0.3333333333333333,0.162,0.486,0,1,1,3.7135720667043075,0.002875860745464264,6.172839506172839,2.05761316872428,0.017777777777777774,0.005925925925925926,0.017777777777777774,6.172839506172839,1.4285714285714286,0.04,-0.4999999999999999,1
ASAP7,XOR2X2,XOR2x2_ASAP7_6t_L,B,Y,rise,5.0,0.0057599999999999995,0.7,25.0,30.072,1.0,0.37799999999999995,0.37799999999999995,0,1,1,1.791759469228055,0.005743474627065725,2.645502645502646,2.645502645502646,0.01523809523809524,0.01523809523809524,0.01523809523809524,2.645502645502646,1.4285714285714286,0.04,0.0,1
ASAP7,INVX8,INVx8_ASAP7_6t_L,A,Y,fall,20.0,0.023039999999999998,0.7,25.0,19.3999,1.0,0.43199999999999994,0.43199999999999994,1,1,1,3.044522437723423,0.02277858688933957,2.3148148148148153,2.3148148148148153,0.053333333333333344,0.053333333333333344,0.053333333333333344,2.3148148148148153,1.4285714285714286,0.04,0.0,1
ASAP7,NAND3X1,NAND3x1_ASAP7_6t_L,A,Y,fall,5.0,0.0007199999999999999,0.7,25.0,6.68262,0.3333333333333333,0.162,0.486,0,1,1,1.791759469228055,0.0007197409243488539,6.172839506172839,2.05761316872428,0.004444444444444444,0.0014814814814814814,0.0014814814814814814,2.05761316872428,1.4285714285714286,0.04,-0.4999999999999999,1
ASAP7,BUFX2,BUFx2_ASAP7_6t_L,A,Y,rise,80.0,0.046079999999999996,0.7,25.0,142.528,1.0,0.135,0.135,0,1,1,4.394449154672438,0.04504984455370874,7.4074074074074066,7.4074074074074066,0.34133333333333327,0.34133333333333327,0.34133333333333327,7.4074074074074066,1.4285714285714286,0.04,0.0,1
ASAP7,OR2X4,OR2x4_ASAP7_6t_L,A,Y,fall,80.0,0.18431999999999998,0.7,25.0,234.684,1.0,0.324,0.324,0,1,1,4.394449154672438,0.1691687702156541,3.0864197530864197,3.0864197530864197,0.5688888888888888,0.5688888888888888,0.5688888888888888,3.0864197530864197,1.4285714285714286,0.04,0.0,1
ASAP7,XOR2X2,XOR2x2_ASAP7_6t_L,B,Y,fall,80.0,0.011519999999999999,0.7,25.0,60.8534,1.0,0.37799999999999995,0.37799999999999995,0,1,1,4.394449154672438,0.011454150045115854,2.645502645502646,2.645502645502646,0.03047619047619048,0.03047619047619048,0.03047619047619048,2.645502645502646,1.4285714285714286,0.04,0.0,1
ASAP7,AND3X4,AND3x4_ASAP7_6t_L,B,Y,rise,80.0,0.023039999999999998,0.7,25.0,60.5636,0.7,0.37799999999999995,0.54,0,1,1,4.394449154672438,0.02277858688933957,2.645502645502646,1.8518518518518516,0.06095238095238096,0.04266666666666666,0.06095238095238096,2.645502645502646,1.4285714285714286,0.04,-0.17647058823529424,1
ASAP7,INVX8,INVx8_ASAP7_6t_L,A,Y,rise,5.0,0.023039999999999998,0.7,25.0,17.8853,1.0,0.43199999999999994,0.43199999999999994,1,1,1,1.791759469228055,0.02277858688933957,2.3148148148148153,2.3148148148148153,0.053333333333333344,0.053333333333333344,0.053333333333333344,2.3148148148148153,1.4285714285714286,0.04,0.0,1
ASAP7,OR3X4,OR3x4_ASAP7_6t_L,C,Y,fall,5.0,0.18431999999999998,0.7,25.0,239.429,1.0,0.37799999999999995,0.37799999999999995,0,1,1,1.791759469228055,0.1691687702156541,2.645502645502646,2.645502645502646,0.4876190476190477,0.4876190476190477,0.4876190476190477,2.645502645502646,1.4285714285714286,0.04,0.0,1
ASAP7,INVX1,INVx1_ASAP7_6t_L,A,Y,fall,320.0,0.0007199999999999999,0.7,25.0,16.2929,1.0,0.054,0.054,1,1,1,5.771441123130016,0.0007197409243488539,18.51851851851852,18.51851851851852,0.013333333333333332,0.013333333333333332,0.013333333333333332,18.51851851851852,1.4285714285714286,0.04,0.0,1
ASAP7,AND3X2,AND3x2_ASAP7_6t_L,C,Y,fall,40.0,0.011519999999999999,0.7,25.0,47.4307,1.0,0.27,0.27,0,1,1,3.7135720667043075,0.011454150045115854,3.7037037037037033,3.7037037037037033,0.04266666666666666,0.04266666666666666,0.04266666666666666,3.7037037037037033,1.4285714285714286,0.04,0.0,1
ASAP7,INVX4,INVx4_ASAP7_6t_L,A,Y,fall,10.0,0.09215999999999999,0.7,25.0,99.3552,1.0,0.216,0.216,1,1,1,2.3978952727983707,0.08815738673620517,4.62962962962963,4.62962962962963,0.42666666666666664,0.42666666666666664,0.42666666666666664,4.62962962962963,1.4285714285714286,0.04,0.0,1
ASAP7,OR4X1,OR4x1_ASAP7_6t_L,D,Y,fall,10.0,0.0014399999999999999,0.7,25.0,37.4663,1.0,0.27,0.27,0,1,1,2.3978952727983707,0.0014389641942542824,3.7037037037037033,3.7037037037037033,0.005333333333333332,0.005333333333333332,0.005333333333333332,3.7037037037037033,1.4285714285714286,0.04,0.0,1
ASAP7,NOR2X1,NOR2x1_ASAP7_6t_L,A,Y,fall,5.0,0.046079999999999996,0.7,25.0,195.075,2.0,0.216,0.108,0,1,1,1.791759469228055,0.04504984455370874,4.62962962962963,9.25925925925926,0.21333333333333332,0.42666666666666664,0.42666666666666664,9.25925925925926,1.4285714285714286,0.04,0.3333333333333333,1
ASAP7,AND3X2,AND3x2_ASAP7_6t_L,C,Y,fall,80.0,0.046079999999999996,0.7,25.0,125.047,1.0,0.27,0.27,0,1,1,4.394449154672438,0.04504984455370874,3.7037037037037033,3.7037037037037033,0.17066666666666663,0.17066666666666663,0.17066666666666663,3.7037037037037033,1.4285714285714286,0.04,0.0,1
ASAP7,NOR2X2,NOR2x2_ASAP7_6t_L,A,Y,rise,20.0,0.0057599999999999995,0.7,25.0,22.3978,1.9999999999999998,0.43199999999999994,0.216,0,1,1,3.044522437723423,0.005743474627065725,2.3148148148148153,4.62962962962963,0.013333333333333336,0.026666666666666665,0.013333333333333336,2.3148148148148153,1.4285714285714286,0.04,0.3333333333333333,1
ASAP7,AND4X2,AND4x2_ASAP7_6t_L,A,Y,fall,80.0,0.046079999999999996,0.7,25.0,121.933,1.0,0.324,0.324,0,1,1,4.394449154672438,0.04504984455370874,3.0864197530864197,3.0864197530864197,0.1422222222222222,0.1422222222222222,0.1422222222222222,3.0864197530864197,1.4285714285714286,0.04,0.0,1
ASAP7,NAND3X2,NAND3x2_ASAP7_6t_L,C,Y,rise,320.0,0.0057599999999999995,0.7,25.0,95.0753,0.33333333333333326,0.324,0.9720000000000002,0,1,1,5.771441123130016,0.005743474627065725,3.0864197530864197,1.0288065843621397,0.017777777777777774,0.005925925925925924,0.017777777777777774,3.0864197530864197,1.4285714285714286,0.04,-0.5,1
ASAP7,INVX8,INVx8_ASAP7_6t_L,A,Y,rise,5.0,0.36863999999999997,0.7,25.0,234.212,1.0,0.43199999999999994,0.43199999999999994,1,1,1,1.791759469228055,0.31381754605640666,2.3148148148148153,2.3148148148148153,0.8533333333333335,0.8533333333333335,0.8533333333333335,2.3148148148148153,1.4285714285714286,0.04,0.0,1
ASAP7,NOR3X1,NOR3x1_ASAP7_6t_L,A,Y,rise,80.0,0.011519999999999999,0.7,25.0,78.6898,3.0,0.486,0.162,0,1,1,4.394449154672438,0.011454150045115854,2.05761316872428,6.172839506172839,0.023703703703703703,0.0711111111111111,0.023703703703703703,2.05761316872428,1.4285714285714286,0.04,0.4999999999999999,1
ASAP7,OR3X4,OR3x4_ASAP7_6t_L,B,Y,rise,320.0,0.023039999999999998,0.7,25.0,69.7986,1.0,0.37799999999999995,0.37799999999999995,0,1,1,5.771441123130016,0.02277858688933957,2.645502645502646,2.645502645502646,0.06095238095238096,0.06095238095238096,0.06095238095238096,2.645502645502646,1.4285714285714286,0.04,0.0,1
ASAP7,AND3X4,AND3x4_ASAP7_6t_L,C,Y,fall,40.0,0.046079999999999996,0.7,25.0,82.9686,0.7,0.37799999999999995,0.54,0,1,1,3.7135720667043075,0.04504984455370874,2.645502645502646,1.8518518518518516,0.12190476190476192,0.08533333333333332,0.08533333333333332,1.8518518518518516,1.4285714285714286,0.04,-0.17647058823529424,1
ASAP7,INVX8,INVx8_ASAP7_6t_L,A,Y,rise,40.0,0.0057599999999999995,0.7,25.0,13.9451,1.0,0.43199999999999994,0.43199999999999994,1,1,1,3.7135720667043075,0.005743474627065725,2.3148148148148153,2.3148148148148153,0.013333333333333336,0.013333333333333336,0.013333333333333336,2.3148148148148153,1.4285714285714286,0.04,0.0,1
ASAP7,AND3X2,AND3x2_ASAP7_6t_L,A,Y,rise,40.0,0.09215999999999999,0.7,25.0,259.025,1.0,0.27,0.27,0,1,1,3.7135720667043075,0.08815738673620517,3.7037037037037033,3.7037037037037033,0.34133333333333327,0.34133333333333327,0.34133333333333327,3.7037037037037033,1.4285714285714286,0.04,0.0,1
ASAP7,OR4X1,OR4x1_ASAP7_6t_L,D,Y,rise,5.0,0.0028799999999999997,0.7,25.0,25.603,1.0,0.27,0.27,0,1,1,1.791759469228055,0.002875860745464264,3.7037037037037033,3.7037037037037033,0.010666666666666665,0.010666666666666665,0.010666666666666665,3.7037037037037033,1.4285714285714286,0.04,0.0,1
ASAP7,NOR3X2,NOR3x2_ASAP7_6t_L,B,Y,rise,40.0,0.046079999999999996,0.7,25.0,121.755,3.0000000000000004,0.9720000000000002,0.324,0,1,1,3.7135720667043075,0.04504984455370874,1.0288065843621397,3.0864197530864197,0.04740740740740739,0.1422222222222222,0.04740740740740739,1.0288065843621397,1.4285714285714286,0.04,0.5,1
ASAP7,AND3X4,AND3x4_ASAP7_6t_L,B,Y,rise,5.0,0.023039999999999998,0.7,25.0,51.8815,0.7,0.37799999999999995,0.54,0,1,1,1.791759469228055,0.02277858688933957,2.645502645502646,1.8518518518518516,0.06095238095238096,0.04266666666666666,0.06095238095238096,2.645502645502646,1.4285714285714286,0.04,-0.17647058823529424,1
ASAP7,AND3X2,AND3x2_ASAP7_6t_L,B,Y,fall,5.0,0.09215999999999999,0.7,25.0,203.038,1.0,0.27,0.27,0,1,1,1.791759469228055,0.08815738673620517,3.7037037037037033,3.7037037037037033,0.34133333333333327,0.34133333333333327,0.34133333333333327,3.7037037037037033,1.4285714285714286,0.04,0.0,1
ASAP7,NOR2X2,NOR2x2_ASAP7_6t_L,B,Y,fall,160.0,0.023039999999999998,0.7,25.0,94.0357,1.9999999999999998,0.43199999999999994,0.216,0,1,1,5.081404364984463,0.02277858688933957,2.3148148148148153,4.62962962962963,0.053333333333333344,0.10666666666666666,0.10666666666666666,4.62962962962963,1.4285714285714286,0.04,0.3333333333333333,1
ASAP7,XOR2X2,XOR2x2_ASAP7_6t_L,B,Y,fall,20.0,0.046079999999999996,0.7,25.0,117.188,1.0,0.37799999999999995,0.37799999999999995,0,1,1,3.044522437723423,0.04504984455370874,2.645502645502646,2.645502645502646,0.12190476190476192,0.12190476190476192,0.12190476190476192,2.645502645502646,1.4285714285714286,0.04,0.0,1
ASAP7,NAND2X1,NAND2x1_ASAP7_6t_L,A,Y,fall,10.0,0.023039999999999998,0.7,25.0,85.4303,0.5,0.108,0.216,0,1,1,2.3978952727983707,0.02277858688933957,9.25925925925926,4.62962962962963,0.21333333333333332,0.10666666666666666,0.10666666666666666,4.62962962962963,1.4285714285714286,0.04,-0.3333333333333333,1
ASAP7,NOR3X2,NOR3x2_ASAP7_6t_L,C,Y,rise,80.0,0.0057599999999999995,0.7,25.0,29.5229,3.0000000000000004,0.9720000000000002,0.324,0,1,1,4.394449154672438,0.005743474627065725,1.0288065843621397,3.0864197530864197,0.005925925925925924,0.017777777777777774,0.005925925925925924,1.0288065843621397,1.4285714285714286,0.04,0.5,1
ASAP7,AND3X2,AND3x2_ASAP7_6t_L,A,Y,rise,160.0,0.023039999999999998,0.7,25.0,103.619,1.0,0.27,0.27,0,1,1,5.081404364984463,0.02277858688933957,3.7037037037037033,3.7037037037037033,0.08533333333333332,0.08533333333333332,0.08533333333333332,3.7037037037037033,1.4285714285714286,0.04,0.0,1
ASAP7,NAND3X2,NAND3x2_ASAP7_6t_L,C,Y,fall,160.0,0.046079999999999996,0.7,25.0,96.0976,0.33333333333333326,0.324,0.9720000000000002,0,1,1,5.081404364984463,0.04504984455370874,3.0864197530864197,1.0288065843621397,0.1422222222222222,0.04740740740740739,0.04740740740740739,1.0288065843621397,1.4285714285714286,0.04,-0.5,1
ASAP7,AND3X2,AND3x2_ASAP7_6t_L,A,Y,rise,5.0,0.011519999999999999,0.7,25.0,52.2743,1.0,0.27,0.27,0,1,1,1.791759469228055,0.011454150045115854,3.7037037037037033,3.7037037037037033,0.04266666666666666,0.04266666666666666,0.04266666666666666,3.7037037037037033,1.4285714285714286,0.04,0.0,1
ASAP7,OR4X1,OR4x1_ASAP7_6t_L,B,Y,rise,20.0,0.023039999999999998,0.7,25.0,127.169,1.0,0.27,0.27,0,1,1,3.044522437723423,0.02277858688933957,3.7037037037037033,3.7037037037037033,0.08533333333333332,0.08533333333333332,0.08533333333333332,3.7037037037037033,1.4285714285714286,0.04,0.0,1
ASAP7,OR2X4,OR2x4_ASAP7_6t_L,A,Y,rise,320.0,0.023039999999999998,0.7,25.0,70.227,1.0,0.324,0.324,0,1,1,5.771441123130016,0.02277858688933957,3.0864197530864197,3.0864197530864197,0.0711111111111111,0.0711111111111111,0.0711111111111111,3.0864197530864197,1.4285714285714286,0.04,0.0,1
ASAP7,AND4X2,AND4x2_ASAP7_6t_L,D,Y,rise,10.0,0.046079999999999996,0.7,25.0,147.49,1.0,0.324,0.324,0,1,1,2.3978952727983707,0.04504984455370874,3.0864197530864197,3.0864197530864197,0.1422222222222222,0.1422222222222222,0.1422222222222222,3.0864197530864197,1.4285714285714286,0.04,0.0,1
ASAP7,INVX1,INVx1_ASAP7_6t_L,A,Y,rise,5.0,0.0014399999999999999,0.7,25.0,10.697,1.0,0.054,0.054,1,1,1,1.791759469228055,0.0014389641942542824,18.51851851851852,18.51851851851852,0.026666666666666665,0.026666666666666665,0.026666666666666665,18.51851851851852,1.4285714285714286,0.04,0.0,1
ASAP7,NAND2X1,NAND2x1_ASAP7_6t_L,B,Y,fall,5.0,0.0057599999999999995,0.7,25.0,23.9849,0.5,0.108,0.216,0,1,1,1.791759469228055,0.005743474627065725,9.25925925925926,4.62962962962963,0.05333333333333333,0.026666666666666665,0.026666666666666665,4.62962962962963,1.4285714285714286,0.04,-0.3333333333333333,1
ASAP7,BUFX2,BUFx2_ASAP7_6t_L,A,Y,rise,320.0,0.011519999999999999,0.7,25.0,71.5278,1.0,0.135,0.135,0,1,1,5.771441123130016,0.011454150045115854,7.4074074074074066,7.4074074074074066,0.08533333333333332,0.08533333333333332,0.08533333333333332,7.4074074074074066,1.4285714285714286,0.04,0.0,1
ASAP7,INVX4,INVx4_ASAP7_6t_L,A,Y,rise,10.0,0.0057599999999999995,0.7,25.0,11.9313,1.0,0.216,0.216,1,1,1,2.3978952727983707,0.005743474627065725,4.62962962962963,4.62962962962963,0.026666666666666665,0.026666666666666665,0.026666666666666665,4.62962962962963,1.4285714285714286,0.04,0.0,1
ASAP7,AND4X2,AND4x2_ASAP7_6t_L,A,Y,fall,80.0,0.0028799999999999997,0.7,25.0,32.5193,1.0,0.324,0.324,0,1,1,4.394449154672438,0.002875860745464264,3.0864197530864197,3.0864197530864197,0.008888888888888887,0.008888888888888887,0.008888888888888887,3.0864197530864197,1.4285714285714286,0.04,0.0,1
ASAP7,BUFX4,BUFx4_ASAP7_6t_L,A,Y,rise,320.0,0.011519999999999999,0.7,25.0,54.5277,1.0,0.27,0.27,0,1,1,5.771441123130016,0.011454150045115854,3.7037037037037033,3.7037037037037033,0.04266666666666666,0.04266666666666666,0.04266666666666666,3.7037037037037033,1.4285714285714286,0.04,0.0,1
ASAP7,NOR3X1,NOR3x1_ASAP7_6t_L,A,Y,fall,10.0,0.0057599999999999995,0.7,25.0,31.1661,3.0,0.486,0.162,0,1,1,2.3978952727983707,0.005743474627065725,2.05761316872428,6.172839506172839,0.011851851851851851,0.03555555555555555,0.03555555555555555,6.172839506172839,1.4285714285714286,0.04,0.4999999999999999,1
ASAP7,NOR3X1,NOR3x1_ASAP7_6t_L,C,Y,fall,20.0,0.0057599999999999995,0.7,25.0,36.9973,3.0,0.486,0.162,0,1,1,3.044522437723423,0.005743474627065725,2.05761316872428,6.172839506172839,0.011851851851851851,0.03555555555555555,0.03555555555555555,6.172839506172839,1.4285714285714286,0.04,0.4999999999999999,1
ASAP7,AND4X2,AND4x2_ASAP7_6t_L,A,Y,fall,40.0,0.09215999999999999,0.7,25.0,210.932,1.0,0.324,0.324,0,1,1,3.7135720667043075,0.08815738673620517,3.0864197530864197,3.0864197530864197,0.2844444444444444,0.2844444444444444,0.2844444444444444,3.0864197530864197,1.4285714285714286,0.04,0.0,1
ASAP7,AND3X4,AND3x4_ASAP7_6t_L,A,Y,fall,320.0,0.0028799999999999997,0.7,25.0,69.0669,0.7,0.37799999999999995,0.54,0,1,1,5.771441123130016,0.002875860745464264,2.645502645502646,1.8518518518518516,0.00761904761904762,0.005333333333333332,0.005333333333333332,1.8518518518518516,1.4285714285714286,0.04,-0.17647058823529424,1
ASAP7,AND3X4,AND3x4_ASAP7_6t_L,B,Y,fall,5.0,0.09215999999999999,0.7,25.0,117.993,0.7,0.37799999999999995,0.54,0,1,1,1.791759469228055,0.08815738673620517,2.645502645502646,1.8518518518518516,0.24380952380952384,0.17066666666666663,0.17066666666666663,1.8518518518518516,1.4285714285714286,0.04,-0.17647058823529424,1
ASAP7,AND3X4,AND3x4_ASAP7_6t_L,C,Y,fall,20.0,0.046079999999999996,0.7,25.0,76.7235,0.7,0.37799999999999995,0.54,0,1,1,3.044522437723423,0.04504984455370874,2.645502645502646,1.8518518518518516,0.12190476190476192,0.08533333333333332,0.08533333333333332,1.8518518518518516,1.4285714285714286,0.04,-0.17647058823529424,1
ASAP7,INVX2,INVx2_ASAP7_6t_L,A,Y,rise,320.0,0.046079999999999996,0.7,25.0,214.879,1.0,0.108,0.108,1,1,1,5.771441123130016,0.04504984455370874,9.25925925925926,9.25925925925926,0.42666666666666664,0.42666666666666664,0.42666666666666664,9.25925925925926,1.4285714285714286,0.04,0.0,1
ASAP7,NOR3X2,NOR3x2_ASAP7_6t_L,C,Y,fall,160.0,0.0057599999999999995,0.7,25.0,51.9718,3.0000000000000004,0.9720000000000002,0.324,0,1,1,5.081404364984463,0.005743474627065725,1.0288065843621397,3.0864197530864197,0.005925925925925924,0.017777777777777774,0.017777777777777774,3.0864197530864197,1.4285714285714286,0.04,0.5,1
ASAP7,NOR2X1,NOR2x1_ASAP7_6t_L,A,Y,rise,10.0,0.023039999999999998,0.7,25.0,114.111,2.0,0.216,0.108,0,1,1,2.3978952727983707,0.02277858688933957,4.62962962962963,9.25925925925926,0.10666666666666666,0.21333333333333332,0.10666666666666666,4.62962962962963,1.4285714285714286,0.04,0.3333333333333333,1
ASAP7,BUFX2,BUFx2_ASAP7_6t_L,A,Y,rise,20.0,0.023039999999999998,0.7,25.0,76.6494,1.0,0.135,0.135,0,1,1,3.044522437723423,0.02277858688933957,7.4074074074074066,7.4074074074074066,0.17066666666666663,0.17066666666666663,0.17066666666666663,7.4074074074074066,1.4285714285714286,0.04,0.0,1
ASAP7,XOR2X2,XOR2x2_ASAP7_6t_L,B,Y,rise,80.0,0.09215999999999999,0.7,25.0,250.116,1.0,0.37799999999999995,0.37799999999999995,0,1,1,4.394449154672438,0.08815738673620517,2.645502645502646,2.645502645502646,0.24380952380952384,0.24380952380952384,0.24380952380952384,2.645502645502646,1.4285714285714286,0.04,0.0,1
ASAP7,NOR2X1,NOR2x1_ASAP7_6t_L,A,Y,rise,80.0,0.011519999999999999,0.7,25.0,74.7564,2.0,0.216,0.108,0,1,1,4.394449154672438,0.011454150045115854,4.62962962962963,9.25925925925926,0.05333333333333333,0.10666666666666666,0.05333333333333333,4.62962962962963,1.4285714285714286,0.04,0.3333333333333333,1
ASAP7,NOR2X2,NOR2x2_ASAP7_6t_L,B,Y,rise,320.0,0.011519999999999999,0.7,25.0,85.4161,1.9999999999999998,0.43199999999999994,0.216,0,1,1,5.771441123130016,0.011454150045115854,2.3148148148148153,4.62962962962963,0.026666666666666672,0.05333333333333333,0.026666666666666672,2.3148148148148153,1.4285714285714286,0.04,0.3333333333333333,1
ASAP7,NAND3X2,NAND3x2_ASAP7_6t_L,A,Y,fall,10.0,0.011519999999999999,0.7,25.0,25.1152,0.33333333333333326,0.324,0.9720000000000002,0,1,1,2.3978952727983707,0.011454150045115854,3.0864197530864197,1.0288065843621397,0.03555555555555555,0.011851851851851848,0.011851851851851848,1.0288065843621397,1.4285714285714286,0.04,-0.5,1
ASAP7,BUFX4,BUFx4_ASAP7_6t_L,A,Y,rise,5.0,0.046079999999999996,0.7,25.0,72.0593,1.0,0.27,0.27,0,1,1,1.791759469228055,0.04504984455370874,3.7037037037037033,3.7037037037037033,0.17066666666666663,0.17066666666666663,0.17066666666666663,3.7037037037037033,1.4285714285714286,0.04,0.0,1
ASAP7,AND3X2,AND3x2_ASAP7_6t_L,A,Y,fall,40.0,0.09215999999999999,0.7,25.0,210.785,1.0,0.27,0.27,0,1,1,3.7135720667043075,0.08815738673620517,3.7037037037037033,3.7037037037037033,0.34133333333333327,0.34133333333333327,0.34133333333333327,3.7037037037037033,1.4285714285714286,0.04,0.0,1
ASAP7,AND4X2,AND4x2_ASAP7_6t_L,D,Y,fall,80.0,0.09215999999999999,0.7,25.0,220.848,1.0,0.324,0.324,0,1,1,4.394449154672438,0.08815738673620517,3.0864197530864197,3.0864197530864197,0.2844444444444444,0.2844444444444444,0.2844444444444444,3.0864197530864197,1.4285714285714286,0.04,0.0,1
ASAP7,INVX2,INVx2_ASAP7_6t_L,A,Y,fall,80.0,0.0057599999999999995,0.7,25.0,29.9771,1.0,0.108,0.108,1,1,1,4.394449154672438,0.005743474627065725,9.25925925925926,9.25925925925926,0.05333333333333333,0.05333333333333333,0.05333333333333333,9.25925925925926,1.4285714285714286,0.04,0.0,1
ASAP7,NAND3X1,NAND3x1_ASAP7_6t_L,A,Y,rise,5.0,0.023039999999999998,0.7,25.0,120.487,0.3333333333333333,0.162,0.486,0,1,1,1.791759469228055,0.02277858688933957,6.172839506172839,2.05761316872428,0.1422222222222222,0.047407407407407405,0.1422222222222222,6.172839506172839,1.4285714285714286,0.04,-0.4999999999999999,1
ASAP7,BUFX2,BUFx2_ASAP7_6t_L,A,Y,rise,80.0,0.0028799999999999997,0.7,25.0,35.7479,1.0,0.135,0.135,0,1,1,4.394449154672438,0.002875860745464264,7.4074074074074066,7.4074074074074066,0.02133333333333333,0.02133333333333333,0.02133333333333333,7.4074074074074066,1.4285714285714286,0.04,0.0,1
ASAP7,AND4X2,AND4x2_ASAP7_6t_L,D,Y,fall,20.0,0.0028799999999999997,0.7,25.0,25.3097,1.0,0.324,0.324,0,1,1,3.044522437723423,0.002875860745464264,3.0864197530864197,3.0864197530864197,0.008888888888888887,0.008888888888888887,0.008888888888888887,3.0864197530864197,1.4285714285714286,0.04,0.0,1
ASAP7,NOR2X1,NOR2x1_ASAP7_6t_L,B,Y,rise,40.0,0.0028799999999999997,0.7,25.0,27.7208,2.0,0.216,0.108,0,1,1,3.7135720667043075,0.002875860745464264,4.62962962962963,9.25925925925926,0.013333333333333332,0.026666666666666665,0.013333333333333332,4.62962962962963,1.4285714285714286,0.04,0.3333333333333333,1
ASAP7,OR4X1,OR4x1_ASAP7_6t_L,A,Y,rise,10.0,0.0007199999999999999,0.7,25.0,14.5836,1.0,0.27,0.27,0,1,1,2.3978952727983707,0.0007197409243488539,3.7037037037037033,3.7037037037037033,0.002666666666666666,0.002666666666666666,0.002666666666666666,3.7037037037037033,1.4285714285714286,0.04,0.0,1
ASAP7,NOR2X2,NOR2x2_ASAP7_6t_L,A,Y,rise,80.0,0.0028799999999999997,0.7,25.0,21.4338,1.9999999999999998,0.43199999999999994,0.216,0,1,1,4.394449154672438,0.002875860745464264,2.3148148148148153,4.62962962962963,0.006666666666666668,0.013333333333333332,0.006666666666666668,2.3148148148148153,1.4285714285714286,0.04,0.3333333333333333,1
ASAP7,OR3X4,OR3x4_ASAP7_6t_L,A,Y,rise,20.0,0.18431999999999998,0.7,25.0,249.796,1.0,0.37799999999999995,0.37799999999999995,0,1,1,3.044522437723423,0.1691687702156541,2.645502645502646,2.645502645502646,0.4876190476190477,0.4876190476190477,0.4876190476190477,2.645502645502646,1.4285714285714286,0.04,0.0,1
ASAP7,NOR3X2,NOR3x2_ASAP7_6t_L,B,Y,fall,5.0,0.046079999999999996,0.7,25.0,103.255,3.0000000000000004,0.9720000000000002,0.324,0,1,1,1.791759469228055,0.04504984455370874,1.0288065843621397,3.0864197530864197,0.04740740740740739,0.1422222222222222,0.1422222222222222,3.0864197530864197,1.4285714285714286,0.04,0.5,1
ASAP7,NAND3X2,NAND3x2_ASAP7_6t_L,C,Y,fall,40.0,0.0028799999999999997,0.7,25.0,13.3617,0.33333333333333326,0.324,0.9720000000000002,0,1,1,3.7135720667043075,0.002875860745464264,3.0864197530864197,1.0288065843621397,0.008888888888888887,0.002962962962962962,0.002962962962962962,1.0288065843621397,1.4285714285714286,0.04,-0.5,1
ASAP7,AND3X4,AND3x4_ASAP7_6t_L,C,Y,rise,160.0,0.011519999999999999,0.7,25.0,43.7704,0.7,0.37799999999999995,0.54,0,1,1,5.081404364984463,0.011454150045115854,2.645502645502646,1.8518518518518516,0.03047619047619048,0.02133333333333333,0.03047619047619048,2.645502645502646,1.4285714285714286,0.04,-0.17647058823529424,1
ASAP7,NAND3X1,NAND3x1_ASAP7_6t_L,B,Y,rise,20.0,0.046079999999999996,0.7,25.0,240.505,0.3333333333333333,0.162,0.486,0,1,1,3.044522437723423,0.04504984455370874,6.172839506172839,2.05761316872428,0.2844444444444444,0.09481481481481481,0.2844444444444444,6.172839506172839,1.4285714285714286,0.04,-0.4999999999999999,1
ASAP7,AND3X2,AND3x2_ASAP7_6t_L,A,Y,rise,80.0,0.023039999999999998,0.7,25.0,94.6473,1.0,0.27,0.27,0,1,1,4.394449154672438,0.02277858688933957,3.7037037037037033,3.7037037037037033,0.08533333333333332,0.08533333333333332,0.08533333333333332,3.7037037037037033,1.4285714285714286,0.04,0.0,1
ASAP7,AND3X2,AND3x2_ASAP7_6t_L,A,Y,fall,10.0,0.0014399999999999999,0.7,25.0,16.8302,1.0,0.27,0.27,0,1,1,2.3978952727983707,0.0014389641942542824,3.7037037037037033,3.7037037037037033,0.005333333333333332,0.005333333333333332,0.005333333333333332,3.7037037037037033,1.4285714285714286,0.04,0.0,1
ASAP7,OR3X4,OR3x4_ASAP7_6t_L,C,Y,fall,320.0,0.011519999999999999,0.7,25.0,93.7207,1.0,0.37799999999999995,0.37799999999999995,0,1,1,5.771441123130016,0.011454150045115854,2.645502645502646,2.645502645502646,0.03047619047619048,0.03047619047619048,0.03047619047619048,2.645502645502646,1.4285714285714286,0.04,0.0,1
ASAP7,NAND3X1,NAND3x1_ASAP7_6t_L,A,Y,fall,320.0,0.0014399999999999999,0.7,25.0,13.7499,0.3333333333333333,0.162,0.486,0,1,1,5.771441123130016,0.0014389641942542824,6.172839506172839,2.05761316872428,0.008888888888888887,0.002962962962962963,0.002962962962962963,2.05761316872428,1.4285714285714286,0.04,-0.4999999999999999,1
ASAP7,OR3X4,OR3x4_ASAP7_6t_L,B,Y,fall,20.0,0.023039999999999998,0.7,25.0,72.1596,1.0,0.37799999999999995,0.37799999999999995,0,1,1,3.044522437723423,0.02277858688933957,2.645502645502646,2.645502645502646,0.06095238095238096,0.06095238095238096,0.06095238095238096,2.645502645502646,1.4285714285714286,0.04,0.0,1
ASAP7,OR4X1,OR4x1_ASAP7_6t_L,B,Y,rise,20.0,0.0014399999999999999,0.7,25.0,20.9178,1.0,0.27,0.27,0,1,1,3.044522437723423,0.0014389641942542824,3.7037037037037033,3.7037037037037033,0.005333333333333332,0.005333333333333332,0.005333333333333332,3.7037037037037033,1.4285714285714286,0.04,0.0,1
ASAP7,NAND3X1,NAND3x1_ASAP7_6t_L,A,Y,fall,40.0,0.0028799999999999997,0.7,25.0,21.1513,0.3333333333333333,0.162,0.486,0,1,1,3.7135720667043075,0.002875860745464264,6.172839506172839,2.05761316872428,0.017777777777777774,0.005925925925925926,0.005925925925925926,2.05761316872428,1.4285714285714286,0.04,-0.4999999999999999,1
ASAP7,OR4X1,OR4x1_ASAP7_6t_L,D,Y,fall,80.0,0.0007199999999999999,0.7,25.0,38.9792,1.0,0.27,0.27,0,1,1,4.394449154672438,0.0007197409243488539,3.7037037037037033,3.7037037037037033,0.002666666666666666,0.002666666666666666,0.002666666666666666,3.7037037037037033,1.4285714285714286,0.04,0.0,1
ASAP7,XOR2X2,XOR2x2_ASAP7_6t_L,B,Y,rise,40.0,0.011519999999999999,0.7,25.0,48.575,1.0,0.37799999999999995,0.37799999999999995,0,1,1,3.7135720667043075,0.011454150045115854,2.645502645502646,2.645502645502646,0.03047619047619048,0.03047619047619048,0.03047619047619048,2.645502645502646,1.4285714285714286,0.04,0.0,1
ASAP7,NOR3X1,NOR3x1_ASAP7_6t_L,A,Y,fall,160.0,0.011519999999999999,0.7,25.0,95.3349,3.0,0.486,0.162,0,1,1,5.081404364984463,0.011454150045115854,2.05761316872428,6.172839506172839,0.023703703703703703,0.0711111111111111,0.0711111111111111,6.172839506172839,1.4285714285714286,0.04,0.4999999999999999,1
ASAP7,NAND2X1,NAND2x1_ASAP7_6t_L,A,Y,fall,5.0,0.011519999999999999,0.7,25.0,44.6396,0.5,0.108,0.216,0,1,1,1.791759469228055,0.011454150045115854,9.25925925925926,4.62962962962963,0.10666666666666666,0.05333333333333333,0.05333333333333333,4.62962962962963,1.4285714285714286,0.04,-0.3333333333333333,1
ASAP7,XOR2X2,XOR2x2_ASAP7_6t_L,B,Y,fall,80.0,0.0057599999999999995,0.7,25.0,48.4926,1.0,0.37799999999999995,0.37799999999999995,0,1,1,4.394449154672438,0.005743474627065725,2.645502645502646,2.645502645502646,0.01523809523809524,0.01523809523809524,0.01523809523809524,2.645502645502646,1.4285714285714286,0.04,0.0,1
ASAP7,AND3X4,AND3x4_ASAP7_6t_L,A,Y,fall,20.0,0.09215999999999999,0.7,25.0,119.787,0.7,0.37799999999999995,0.54,0,1,1,3.044522437723423,0.08815738673620517,2.645502645502646,1.8518518518518516,0.24380952380952384,0.17066666666666663,0.17066666666666663,1.8518518518518516,1.4285714285714286,0.04,-0.17647058823529424,1
ASAP7,NOR3X1,NOR3x1_ASAP7_6t_L,B,Y,fall,40.0,0.046079999999999996,0.7,25.0,207.172,3.0,0.486,0.162,0,1,1,3.7135720667043075,0.04504984455370874,2.05761316872428,6.172839506172839,0.09481481481481481,0.2844444444444444,0.2844444444444444,6.172839506172839,1.4285714285714286,0.04,0.4999999999999999,1
ASAP7,OR4X1,OR4x1_ASAP7_6t_L,D,Y,fall,40.0,0.0057599999999999995,0.7,25.0,61.0675,1.0,0.27,0.27,0,1,1,3.7135720667043075,0.005743474627065725,3.7037037037037033,3.7037037037037033,0.02133333333333333,0.02133333333333333,0.02133333333333333,3.7037037037037033,1.4285714285714286,0.04,0.0,1
ASAP7,OR3X4,OR3x4_ASAP7_6t_L,B,Y,rise,5.0,0.18431999999999998,0.7,25.0,246.202,1.0,0.37799999999999995,0.37799999999999995,0,1,1,1.791759469228055,0.1691687702156541,2.645502645502646,2.645502645502646,0.4876190476190477,0.4876190476190477,0.4876190476190477,2.645502645502646,1.4285714285714286,0.04,0.0,1
ASAP7,OR2X2,OR2x2_ASAP7_6t_L,B,Y,rise,40.0,0.023039999999999998,0.7,25.0,82.0359,1.3333333333333335,0.216,0.162,0,1,1,3.7135720667043075,0.02277858688933957,4.62962962962963,6.172839506172839,0.10666666666666666,0.1422222222222222,0.10666666666666666,4.62962962962963,1.4285714285714286,0.04,0.14285714285714285,1
ASAP7,NAND2X1,NAND2x1_ASAP7_6t_L,A,Y,rise,40.0,0.0057599999999999995,0.7,25.0,46.4017,0.5,0.108,0.216,0,1,1,3.7135720667043075,0.005743474627065725,9.25925925925926,4.62962962962963,0.05333333333333333,0.026666666666666665,0.05333333333333333,9.25925925925926,1.4285714285714286,0.04,-0.3333333333333333,1
ASAP7,AND3X2,AND3x2_ASAP7_6t_L,C,Y,fall,20.0,0.0014399999999999999,0.7,25.0,20.9514,1.0,0.27,0.27,0,1,1,3.044522437723423,0.0014389641942542824,3.7037037037037033,3.7037037037037033,0.005333333333333332,0.005333333333333332,0.005333333333333332,3.7037037037037033,1.4285714285714286,0.04,0.0,1
ASAP7,NOR3X2,NOR3x2_ASAP7_6t_L,B,Y,fall,80.0,0.011519999999999999,0.7,25.0,52.4891,3.0000000000000004,0.9720000000000002,0.324,0,1,1,4.394449154672438,0.011454150045115854,1.0288065843621397,3.0864197530864197,0.011851851851851848,0.03555555555555555,0.03555555555555555,3.0864197530864197,1.4285714285714286,0.04,0.5,1
ASAP7,NAND3X1,NAND3x1_ASAP7_6t_L,B,Y,fall,5.0,0.0007199999999999999,0.7,25.0,7.92496,0.3333333333333333,0.162,0.486,0,1,1,1.791759469228055,0.0007197409243488539,6.172839506172839,2.05761316872428,0.004444444444444444,0.0014814814814814814,0.0014814814814814814,2.05761316872428,1.4285714285714286,0.04,-0.4999999999999999,1
ASAP7,NAND3X2,NAND3x2_ASAP7_6t_L,C,Y,fall,320.0,0.046079999999999996,0.7,25.0,104.182,0.33333333333333326,0.324,0.9720000000000002,0,1,1,5.771441123130016,0.04504984455370874,3.0864197530864197,1.0288065843621397,0.1422222222222222,0.04740740740740739,0.04740740740740739,1.0288065843621397,1.4285714285714286,0.04,-0.5,1
ASAP7,OR3X4,OR3x4_ASAP7_6t_L,A,Y,fall,20.0,0.023039999999999998,0.7,25.0,72.449,1.0,0.37799999999999995,0.37799999999999995,0,1,1,3.044522437723423,0.02277858688933957,2.645502645502646,2.645502645502646,0.06095238095238096,0.06095238095238096,0.06095238095238096,2.645502645502646,1.4285714285714286,0.04,0.0,1
ASAP7,NOR3X2,NOR3x2_ASAP7_6t_L,C,Y,fall,320.0,0.0028799999999999997,0.7,25.0,56.8022,3.0000000000000004,0.9720000000000002,0.324,0,1,1,5.771441123130016,0.002875860745464264,1.0288065843621397,3.0864197530864197,0.002962962962962962,0.008888888888888887,0.008888888888888887,3.0864197530864197,1.4285714285714286,0.04,0.5,1
ASAP7,NOR3X2,NOR3x2_ASAP7_6t_L,C,Y,fall,20.0,0.09215999999999999,0.7,25.0,204.119,3.0000000000000004,0.9720000000000002,0.324,0,1,1,3.044522437723423,0.08815738673620517,1.0288065843621397,3.0864197530864197,0.09481481481481478,0.2844444444444444,0.2844444444444444,3.0864197530864197,1.4285714285714286,0.04,0.5,1
ASAP7,AND3X4,AND3x4_ASAP7_6t_L,A,Y,fall,10.0,0.18431999999999998,0.7,25.0,211.961,0.7,0.37799999999999995,0.54,0,1,1,2.3978952727983707,0.1691687702156541,2.645502645502646,1.8518518518518516,0.4876190476190477,0.34133333333333327,0.34133333333333327,1.8518518518518516,1.4285714285714286,0.04,-0.17647058823529424,1
ASAP7,XOR2X2,XOR2x2_ASAP7_6t_L,B,Y,fall,5.0,0.0014399999999999999,0.7,25.0,22.9854,1.0,0.37799999999999995,0.37799999999999995,0,1,1,1.791759469228055,0.0014389641942542824,2.645502645502646,2.645502645502646,0.00380952380952381,0.00380952380952381,0.00380952380952381,2.645502645502646,1.4285714285714286,0.04,0.0,1
ASAP7,NOR3X1,NOR3x1_ASAP7_6t_L,C,Y,rise,10.0,0.046079999999999996,0.7,25.0,221.842,3.0,0.486,0.162,0,1,1,2.3978952727983707,0.04504984455370874,2.05761316872428,6.172839506172839,0.09481481481481481,0.2844444444444444,0.09481481481481481,2.05761316872428,1.4285714285714286,0.04,0.4999999999999999,1
ASAP7,NAND3X2,NAND3x2_ASAP7_6t_L,C,Y,rise,5.0,0.011519999999999999,0.7,25.0,39.8139,0.33333333333333326,0.324,0.9720000000000002,0,1,1,1.791759469228055,0.011454150045115854,3.0864197530864197,1.0288065843621397,0.03555555555555555,0.011851851851851848,0.03555555555555555,3.0864197530864197,1.4285714285714286,0.04,-0.5,1
ASAP7,OR2X4,OR2x4_ASAP7_6t_L,A,Y,fall,160.0,0.09215999999999999,0.7,25.0,151.214,1.0,0.324,0.324,0,1,1,5.081404364984463,0.08815738673620517,3.0864197530864197,3.0864197530864197,0.2844444444444444,0.2844444444444444,0.2844444444444444,3.0864197530864197,1.4285714285714286,0.04,0.0,1
ASAP7,OR2X2,OR2x2_ASAP7_6t_L,A,Y,rise,160.0,0.0057599999999999995,0.7,25.0,56.9596,1.3333333333333335,0.216,0.162,0,1,1,5.081404364984463,0.005743474627065725,4.62962962962963,6.172839506172839,0.026666666666666665,0.03555555555555555,0.026666666666666665,4.62962962962963,1.4285714285714286,0.04,0.14285714285714285,1
ASAP7,NOR3X2,NOR3x2_ASAP7_6t_L,C,Y,rise,320.0,0.011519999999999999,0.7,25.0,56.9913,3.0000000000000004,0.9720000000000002,0.324,0,1,1,5.771441123130016,0.011454150045115854,1.0288065843621397,3.0864197530864197,0.011851851851851848,0.03555555555555555,0.011851851851851848,1.0288065843621397,1.4285714285714286,0.04,0.5,1
ASAP7,NOR2X2,NOR2x2_ASAP7_6t_L,B,Y,fall,10.0,0.0057599999999999995,0.7,25.0,18.0795,1.9999999999999998,0.43199999999999994,0.216,0,1,1,2.3978952727983707,0.005743474627065725,2.3148148148148153,4.62962962962963,0.013333333333333336,0.026666666666666665,0.026666666666666665,4.62962962962963,1.4285714285714286,0.04,0.3333333333333333,1
ASAP7,AND4X2,AND4x2_ASAP7_6t_L,C,Y,fall,320.0,0.023039999999999998,0.7,25.0,98.7077,1.0,0.324,0.324,0,1,1,5.771441123130016,0.02277858688933957,3.0864197530864197,3.0864197530864197,0.0711111111111111,0.0711111111111111,0.0711111111111111,3.0864197530864197,1.4285714285714286,0.04,0.0,1
ASAP7,XOR2X2,XOR2x2_ASAP7_6t_L,A,Y,fall,40.0,0.0014399999999999999,0.7,25.0,28.5129,1.0,0.37799999999999995,0.37799999999999995,0,1,1,3.7135720667043075,0.0014389641942542824,2.645502645502646,2.645502645502646,0.00380952380952381,0.00380952380952381,0.00380952380952381,2.645502645502646,1.4285714285714286,0.04,0.0,1
ASAP7,BUFX2,BUFx2_ASAP7_6t_L,A,Y,rise,80.0,0.011519999999999999,0.7,25.0,57.6858,1.0,0.135,0.135,0,1,1,4.394449154672438,0.011454150045115854,7.4074074074074066,7.4074074074074066,0.08533333333333332,0.08533333333333332,0.08533333333333332,7.4074074074074066,1.4285714285714286,0.04,0.0,1
ASAP7,NOR2X1,NOR2x1_ASAP7_6t_L,B,Y,fall,20.0,0.0057599999999999995,0.7,25.0,32.5356,2.0,0.216,0.108,0,1,1,3.044522437723423,0.005743474627065725,4.62962962962963,9.25925925925926,0.026666666666666665,0.05333333333333333,0.05333333333333333,9.25925925925926,1.4285714285714286,0.04,0.3333333333333333,1
ASAP7,OR3X4,OR3x4_ASAP7_6t_L,A,Y,fall,20.0,0.09215999999999999,0.7,25.0,146.247,1.0,0.37799999999999995,0.37799999999999995,0,1,1,3.044522437723423,0.08815738673620517,2.645502645502646,2.645502645502646,0.24380952380952384,0.24380952380952384,0.24380952380952384,2.645502645502646,1.4285714285714286,0.04,0.0,1
ASAP7,AND3X2,AND3x2_ASAP7_6t_L,A,Y,rise,5.0,0.0057599999999999995,0.7,25.0,37.4237,1.0,0.27,0.27,0,1,1,1.791759469228055,0.005743474627065725,3.7037037037037033,3.7037037037037033,0.02133333333333333,0.02133333333333333,0.02133333333333333,3.7037037037037033,1.4285714285714286,0.04,0.0,1
ASAP7,OR2X2,OR2x2_ASAP7_6t_L,B,Y,fall,40.0,0.011519999999999999,0.7,25.0,50.8173,1.3333333333333335,0.216,0.162,0,1,1,3.7135720667043075,0.011454150045115854,4.62962962962963,6.172839506172839,0.05333333333333333,0.0711111111111111,0.0711111111111111,6.172839506172839,1.4285714285714286,0.04,0.14285714285714285,1
ASAP7,AND3X4,AND3x4_ASAP7_6t_L,A,Y,fall,40.0,0.011519999999999999,0.7,25.0,41.6306,0.7,0.37799999999999995,0.54,0,1,1,3.7135720667043075,0.011454150045115854,2.645502645502646,1.8518518518518516,0.03047619047619048,0.02133333333333333,0.02133333333333333,1.8518518518518516,1.4285714285714286,0.04,-0.17647058823529424,1
ASAP7,NAND3X1,NAND3x1_ASAP7_6t_L,A,Y,rise,20.0,0.0014399999999999999,0.7,25.0,18.0245,0.3333333333333333,0.162,0.486,0,1,1,3.044522437723423,0.0014389641942542824,6.172839506172839,2.05761316872428,0.008888888888888887,0.002962962962962963,0.008888888888888887,6.172839506172839,1.4285714285714286,0.04,-0.4999999999999999,1
ASAP7,NOR2X1,NOR2x1_ASAP7_6t_L,B,Y,rise,320.0,0.023039999999999998,0.7,25.0,198.022,2.0,0.216,0.108,0,1,1,5.771441123130016,0.02277858688933957,4.62962962962963,9.25925925925926,0.10666666666666666,0.21333333333333332,0.10666666666666666,4.62962962962963,1.4285714285714286,0.04,0.3333333333333333,1
ASAP7,AND4X2,AND4x2_ASAP7_6t_L,B,Y,rise,5.0,0.046079999999999996,0.7,25.0,145.752,1.0,0.324,0.324,0,1,1,1.791759469228055,0.04504984455370874,3.0864197530864197,3.0864197530864197,0.1422222222222222,0.1422222222222222,0.1422222222222222,3.0864197530864197,1.4285714285714286,0.04,0.0,1
ASAP7,OR4X1,OR4x1_ASAP7_6t_L,D,Y,rise,320.0,0.011519999999999999,0.7,25.0,82.5934,1.0,0.27,0.27,0,1,1,5.771441123130016,0.011454150045115854,3.7037037037037033,3.7037037037037033,0.04266666666666666,0.04266666666666666,0.04266666666666666,3.7037037037037033,1.4285714285714286,0.04,0.0,1
ASAP7,NOR3X2,NOR3x2_ASAP7_6t_L,B,Y,rise,5.0,0.011519999999999999,0.7,25.0,34.4354,3.0000000000000004,0.9720000000000002,0.324,0,1,1,1.791759469228055,0.011454150045115854,1.0288065843621397,3.0864197530864197,0.011851851851851848,0.03555555555555555,0.011851851851851848,1.0288065843621397,1.4285714285714286,0.04,0.5,1
ASAP7,INVX8,INVx8_ASAP7_6t_L,A,Y,rise,10.0,0.023039999999999998,0.7,25.0,19.3975,1.0,0.43199999999999994,0.43199999999999994,1,1,1,2.3978952727983707,0.02277858688933957,2.3148148148148153,2.3148148148148153,0.053333333333333344,0.053333333333333344,0.053333333333333344,2.3148148148148153,1.4285714285714286,0.04,0.0,1
ASAP7,NOR3X1,NOR3x1_ASAP7_6t_L,B,Y,fall,320.0,0.023039999999999998,0.7,25.0,188.851,3.0,0.486,0.162,0,1,1,5.771441123130016,0.02277858688933957,2.05761316872428,6.172839506172839,0.047407407407407405,0.1422222222222222,0.1422222222222222,6.172839506172839,1.4285714285714286,0.04,0.4999999999999999,1
ASAP7,XOR2X2,XOR2x2_ASAP7_6t_L,B,Y,fall,20.0,0.046079999999999996,0.7,25.0,119.231,1.0,0.37799999999999995,0.37799999999999995,0,1,1,3.044522437723423,0.04504984455370874,2.645502645502646,2.645502645502646,0.12190476190476192,0.12190476190476192,0.12190476190476192,2.645502645502646,1.4285714285714286,0.04,0.0,1
ASAP7,NAND3X2,NAND3x2_ASAP7_6t_L,A,Y,rise,40.0,0.0057599999999999995,0.7,25.0,32.2566,0.33333333333333326,0.324,0.9720000000000002,0,1,1,3.7135720667043075,0.005743474627065725,3.0864197530864197,1.0288065843621397,0.017777777777777774,0.005925925925925924,0.017777777777777774,3.0864197530864197,1.4285714285714286,0.04,-0.5,1
ASAP7,NAND2X1,NAND2x1_ASAP7_6t_L,B,Y,fall,80.0,0.011519999999999999,0.7,25.0,64.0761,0.5,0.108,0.216,0,1,1,4.394449154672438,0.011454150045115854,9.25925925925926,4.62962962962963,0.10666666666666666,0.05333333333333333,0.05333333333333333,4.62962962962963,1.4285714285714286,0.04,-0.3333333333333333,1
ASAP7,AND3X2,AND3x2_ASAP7_6t_L,B,Y,rise,160.0,0.0028799999999999997,0.7,25.0,46.3937,1.0,0.27,0.27,0,1,1,5.081404364984463,0.002875860745464264,3.7037037037037033,3.7037037037037033,0.010666666666666665,0.010666666666666665,0.010666666666666665,3.7037037037037033,1.4285714285714286,0.04,0.0,1
ASAP7,NOR3X2,NOR3x2_ASAP7_6t_L,C,Y,rise,10.0,0.011519999999999999,0.7,25.0,36.1018,3.0000000000000004,0.9720000000000002,0.324,0,1,1,2.3978952727983707,0.011454150045115854,1.0288065843621397,3.0864197530864197,0.011851851851851848,0.03555555555555555,0.011851851851851848,1.0288065843621397,1.4285714285714286,0.04,0.5,1
ASAP7,BUFX2,BUFx2_ASAP7_6t_L,A,Y,fall,320.0,0.011519999999999999,0.7,25.0,89.2039,1.0,0.135,0.135,0,1,1,5.771441123130016,0.011454150045115854,7.4074074074074066,7.4074074074074066,0.08533333333333332,0.08533333333333332,0.08533333333333332,7.4074074074074066,1.4285714285714286,0.04,0.0,1
ASAP7,AND3X2,AND3x2_ASAP7_6t_L,C,Y,fall,20.0,0.0028799999999999997,0.7,25.0,24.4448,1.0,0.27,0.27,0,1,1,3.044522437723423,0.002875860745464264,3.7037037037037033,3.7037037037037033,0.010666666666666665,0.010666666666666665,0.010666666666666665,3.7037037037037033,1.4285714285714286,0.04,0.0,1
ASAP7,OR3X4,OR3x4_ASAP7_6t_L,B,Y,rise,10.0,0.046079999999999996,0.7,25.0,75.5814,1.0,0.37799999999999995,0.37799999999999995,0,1,1,2.3978952727983707,0.04504984455370874,2.645502645502646,2.645502645502646,0.12190476190476192,0.12190476190476192,0.12190476190476192,2.645502645502646,1.4285714285714286,0.04,0.0,1
ASAP7,NAND3X1,NAND3x1_ASAP7_6t_L,C,Y,rise,20.0,0.0028799999999999997,0.7,25.0,29.4899,0.3333333333333333,0.162,0.486,0,1,1,3.044522437723423,0.002875860745464264,6.172839506172839,2.05761316872428,0.017777777777777774,0.005925925925925926,0.017777777777777774,6.172839506172839,1.4285714285714286,0.04,-0.4999999999999999,1
ASAP7,XOR2X2,XOR2x2_ASAP7_6t_L,A,Y,rise,160.0,0.09215999999999999,0.7,25.0,265.938,1.0,0.37799999999999995,0.37799999999999995,0,1,1,5.081404364984463,0.08815738673620517,2.645502645502646,2.645502645502646,0.24380952380952384,0.24380952380952384,0.24380952380952384,2.645502645502646,1.4285714285714286,0.04,0.0,1
ASAP7,NOR2X2,NOR2x2_ASAP7_6t_L,A,Y,rise,40.0,0.011519999999999999,0.7,25.0,39.8842,1.9999999999999998,0.43199999999999994,0.216,0,1,1,3.7135720667043075,0.011454150045115854,2.3148148148148153,4.62962962962963,0.026666666666666672,0.05333333333333333,0.026666666666666672,2.3148148148148153,1.4285714285714286,0.04,0.3333333333333333,1
ASAP7,NOR3X2,NOR3x2_ASAP7_6t_L,C,Y,rise,80.0,0.023039999999999998,0.7,25.0,72.3242,3.0000000000000004,0.9720000000000002,0.324,0,1,1,4.394449154672438,0.02277858688933957,1.0288065843621397,3.0864197530864197,0.023703703703703696,0.0711111111111111,0.023703703703703696,1.0288065843621397,1.4285714285714286,0.04,0.5,1
ASAP7,OR2X2,OR2x2_ASAP7_6t_L,B,Y,rise,160.0,0.09215999999999999,0.7,25.0,266.3,1.3333333333333335,0.216,0.162,0,1,1,5.081404364984463,0.08815738673620517,4.62962962962963,6.172839506172839,0.42666666666666664,0.5688888888888888,0.42666666666666664,4.62962962962963,1.4285714285714286,0.04,0.14285714285714285,1
ASAP7,NOR2X2,NOR2x2_ASAP7_6t_L,A,Y,rise,5.0,0.0057599999999999995,0.7,25.0,19.2267,1.9999999999999998,0.43199999999999994,0.216,0,1,1,1.791759469228055,0.005743474627065725,2.3148148148148153,4.62962962962963,0.013333333333333336,0.026666666666666665,0.013333333333333336,2.3148148148148153,1.4285714285714286,0.04,0.3333333333333333,1
ASAP7,NAND2X1,NAND2x1_ASAP7_6t_L,A,Y,fall,160.0,0.0014399999999999999,0.7,25.0,14.4211,0.5,0.108,0.216,0,1,1,5.081404364984463,0.0014389641942542824,9.25925925925926,4.62962962962963,0.013333333333333332,0.006666666666666666,0.006666666666666666,4.62962962962963,1.4285714285714286,0.04,-0.3333333333333333,1
ASAP7,BUFX2,BUFx2_ASAP7_6t_L,A,Y,fall,160.0,0.046079999999999996,0.7,25.0,142.878,1.0,0.135,0.135,0,1,1,5.081404364984463,0.04504984455370874,7.4074074074074066,7.4074074074074066,0.34133333333333327,0.34133333333333327,0.34133333333333327,7.4074074074074066,1.4285714285714286,0.04,0.0,1
ASAP7,NOR2X2,NOR2x2_ASAP7_6t_L,B,Y,rise,20.0,0.0028799999999999997,0.7,25.0,15.6405,1.9999999999999998,0.43199999999999994,0.216,0,1,1,3.044522437723423,0.002875860745464264,2.3148148148148153,4.62962962962963,0.006666666666666668,0.013333333333333332,0.006666666666666668,2.3148148148148153,1.4285714285714286,0.04,0.3333333333333333,1
ASAP7,AND3X2,AND3x2_ASAP7_6t_L,B,Y,rise,320.0,0.046079999999999996,0.7,25.0,166.844,1.0,0.27,0.27,0,1,1,5.771441123130016,0.04504984455370874,3.7037037037037033,3.7037037037037033,0.17066666666666663,0.17066666666666663,0.17066666666666663,3.7037037037037033,1.4285714285714286,0.04,0.0,1
ASAP7,NAND3X1,NAND3x1_ASAP7_6t_L,A,Y,rise,20.0,0.0007199999999999999,0.7,25.0,14.0502,0.3333333333333333,0.162,0.486,0,1,1,3.044522437723423,0.0007197409243488539,6.172839506172839,2.05761316872428,0.004444444444444444,0.0014814814814814814,0.004444444444444444,6.172839506172839,1.4285714285714286,0.04,-0.4999999999999999,1
ASAP7,AND3X2,AND3x2_ASAP7_6t_L,C,Y,rise,5.0,0.023039999999999998,0.7,25.0,82.1255,1.0,0.27,0.27,0,1,1,1.791759469228055,0.02277858688933957,3.7037037037037033,3.7037037037037033,0.08533333333333332,0.08533333333333332,0.08533333333333332,3.7037037037037033,1.4285714285714286,0.04,0.0,1
ASAP7,INVX2,INVx2_ASAP7_6t_L,A,Y,fall,80.0,0.046079999999999996,0.7,25.0,118.991,1.0,0.108,0.108,1,1,1,4.394449154672438,0.04504984455370874,9.25925925925926,9.25925925925926,0.42666666666666664,0.42666666666666664,0.42666666666666664,9.25925925925926,1.4285714285714286,0.04,0.0,1
ASAP7,NAND3X2,NAND3x2_ASAP7_6t_L,C,Y,rise,80.0,0.0028799999999999997,0.7,25.0,38.7317,0.33333333333333326,0.324,0.9720000000000002,0,1,1,4.394449154672438,0.002875860745464264,3.0864197530864197,1.0288065843621397,0.008888888888888887,0.002962962962962962,0.008888888888888887,3.0864197530864197,1.4285714285714286,0.04,-0.5,1
ASAP7,NAND3X2,NAND3x2_ASAP7_6t_L,C,Y,fall,160.0,0.0028799999999999997,0.7,25.0,11.3988,0.33333333333333326,0.324,0.9720000000000002,0,1,1,5.081404364984463,0.002875860745464264,3.0864197530864197,1.0288065843621397,0.008888888888888887,0.002962962962962962,0.002962962962962962,1.0288065843621397,1.4285714285714286,0.04,-0.5,1
ASAP7,AND4X2,AND4x2_ASAP7_6t_L,C,Y,rise,80.0,0.0014399999999999999,0.7,25.0,38.6086,1.0,0.324,0.324,0,1,1,4.394449154672438,0.0014389641942542824,3.0864197530864197,3.0864197530864197,0.004444444444444444,0.004444444444444444,0.004444444444444444,3.0864197530864197,1.4285714285714286,0.04,0.0,1
ASAP7,NAND3X2,NAND3x2_ASAP7_6t_L,B,Y,rise,80.0,0.011519999999999999,0.7,25.0,61.7421,0.33333333333333326,0.324,0.9720000000000002,0,1,1,4.394449154672438,0.011454150045115854,3.0864197530864197,1.0288065843621397,0.03555555555555555,0.011851851851851848,0.03555555555555555,3.0864197530864197,1.4285714285714286,0.04,-0.5,1
ASAP7,OR2X2,OR2x2_ASAP7_6t_L,B,Y,fall,160.0,0.09215999999999999,0.7,25.0,231.516,1.3333333333333335,0.216,0.162,0,1,1,5.081404364984463,0.08815738673620517,4.62962962962963,6.172839506172839,0.42666666666666664,0.5688888888888888,0.5688888888888888,6.172839506172839,1.4285714285714286,0.04,0.14285714285714285,1
ASAP7,NAND2X1,NAND2x1_ASAP7_6t_L,A,Y,fall,20.0,0.0007199999999999999,0.7,25.0,8.8529,0.5,0.108,0.216,0,1,1,3.044522437723423,0.0007197409243488539,9.25925925925926,4.62962962962963,0.006666666666666666,0.003333333333333333,0.003333333333333333,4.62962962962963,1.4285714285714286,0.04,-0.3333333333333333,1
ASAP7,NOR3X1,NOR3x1_ASAP7_6t_L,C,Y,fall,160.0,0.0014399999999999999,0.7,25.0,41.0336,3.0,0.486,0.162,0,1,1,5.081404364984463,0.0014389641942542824,2.05761316872428,6.172839506172839,0.002962962962962963,0.008888888888888887,0.008888888888888887,6.172839506172839,1.4285714285714286,0.04,0.4999999999999999,1
ASAP7,NAND3X2,NAND3x2_ASAP7_6t_L,A,Y,fall,5.0,0.046079999999999996,0.7,25.0,81.3351,0.33333333333333326,0.324,0.9720000000000002,0,1,1,1.791759469228055,0.04504984455370874,3.0864197530864197,1.0288065843621397,0.1422222222222222,0.04740740740740739,0.04740740740740739,1.0288065843621397,1.4285714285714286,0.04,-0.5,1
ASAP7,NAND3X2,NAND3x2_ASAP7_6t_L,B,Y,fall,320.0,0.0014399999999999999,0.7,25.0,1.52844,0.33333333333333326,0.324,0.9720000000000002,0,1,1,5.771441123130016,0.0014389641942542824,3.0864197530864197,1.0288065843621397,0.004444444444444444,0.001481481481481481,0.001481481481481481,1.0288065843621397,1.4285714285714286,0.04,-0.5,1
ASAP7,NOR3X2,NOR3x2_ASAP7_6t_L,A,Y,rise,80.0,0.0028799999999999997,0.7,25.0,23.9707,3.0000000000000004,0.9720000000000002,0.324,0,1,1,4.394449154672438,0.002875860745464264,1.0288065843621397,3.0864197530864197,0.002962962962962962,0.008888888888888887,0.002962962962962962,1.0288065843621397,1.4285714285714286,0.04,0.5,1
ASAP7,NOR3X1,NOR3x1_ASAP7_6t_L,C,Y,fall,40.0,0.046079999999999996,0.7,25.0,208.162,3.0,0.486,0.162,0,1,1,3.7135720667043075,0.04504984455370874,2.05761316872428,6.172839506172839,0.09481481481481481,0.2844444444444444,0.2844444444444444,6.172839506172839,1.4285714285714286,0.04,0.4999999999999999,1
ASAP7,NAND2X1,NAND2x1_ASAP7_6t_L,A,Y,fall,40.0,0.0028799999999999997,0.7,25.0,19.5486,0.5,0.108,0.216,0,1,1,3.7135720667043075,0.002875860745464264,9.25925925925926,4.62962962962963,0.026666666666666665,0.013333333333333332,0.013333333333333332,4.62962962962963,1.4285714285714286,0.04,-0.3333333333333333,1
ASAP7,NOR3X2,NOR3x2_ASAP7_6t_L,B,Y,rise,10.0,0.0057599999999999995,0.7,25.0,22.1149,3.0000000000000004,0.9720000000000002,0.324,0,1,1,2.3978952727983707,0.005743474627065725,1.0288065843621397,3.0864197530864197,0.005925925925925924,0.017777777777777774,0.005925925925925924,1.0288065843621397,1.4285714285714286,0.04,0.5,1
ASAP7,AND4X2,AND4x2_ASAP7_6t_L,C,Y,rise,40.0,0.0028799999999999997,0.7,25.0,40.3594,1.0,0.324,0.324,0,1,1,3.7135720667043075,0.002875860745464264,3.0864197530864197,3.0864197530864197,0.008888888888888887,0.008888888888888887,0.008888888888888887,3.0864197530864197,1.4285714285714286,0.04,0.0,1
ASAP7,BUFX4,BUFx4_ASAP7_6t_L,A,Y,rise,10.0,0.046079999999999996,0.7,25.0,73.3341,1.0,0.27,0.27,0,1,1,2.3978952727983707,0.04504984455370874,3.7037037037037033,3.7037037037037033,0.17066666666666663,0.17066666666666663,0.17066666666666663,3.7037037037037033,1.4285714285714286,0.04,0.0,1
ASAP7,INVX1,INVx1_ASAP7_6t_L,A,Y,fall,20.0,0.0014399999999999999,0.7,25.0,13.1164,1.0,0.054,0.054,1,1,1,3.044522437723423,0.0014389641942542824,18.51851851851852,18.51851851851852,0.026666666666666665,0.026666666666666665,0.026666666666666665,18.51851851851852,1.4285714285714286,0.04,0.0,1
ASAP7,NAND2X1,NAND2x1_ASAP7_6t_L,B,Y,rise,5.0,0.0028799999999999997,0.7,25.0,19.5922,0.5,0.108,0.216,0,1,1,1.791759469228055,0.002875860745464264,9.25925925925926,4.62962962962963,0.026666666666666665,0.013333333333333332,0.026666666666666665,9.25925925925926,1.4285714285714286,0.04,-0.3333333333333333,1
ASAP7,XOR2X2,XOR2x2_ASAP7_6t_L,A,Y,fall,160.0,0.011519999999999999,0.7,25.0,58.8249,1.0,0.37799999999999995,0.37799999999999995,0,1,1,5.081404364984463,0.011454150045115854,2.645502645502646,2.645502645502646,0.03047619047619048,0.03047619047619048,0.03047619047619048,2.645502645502646,1.4285714285714286,0.04,0.0,1
ASAP7,OR2X2,OR2x2_ASAP7_6t_L,A,Y,fall,40.0,0.046079999999999996,0.7,25.0,120.163,1.3333333333333335,0.216,0.162,0,1,1,3.7135720667043075,0.04504984455370874,4.62962962962963,6.172839506172839,0.21333333333333332,0.2844444444444444,0.2844444444444444,6.172839506172839,1.4285714285714286,0.04,0.14285714285714285,1
ASAP7,AND3X2,AND3x2_ASAP7_6t_L,B,Y,rise,20.0,0.09215999999999999,0.7,25.0,254.475,1.0,0.27,0.27,0,1,1,3.044522437723423,0.08815738673620517,3.7037037037037033,3.7037037037037033,0.34133333333333327,0.34133333333333327,0.34133333333333327,3.7037037037037033,1.4285714285714286,0.04,0.0,1
ASAP7,AND4X2,AND4x2_ASAP7_6t_L,B,Y,fall,10.0,0.09215999999999999,0.7,25.0,204.604,1.0,0.324,0.324,0,1,1,2.3978952727983707,0.08815738673620517,3.0864197530864197,3.0864197530864197,0.2844444444444444,0.2844444444444444,0.2844444444444444,3.0864197530864197,1.4285714285714286,0.04,0.0,1
ASAP7,OR3X4,OR3x4_ASAP7_6t_L,A,Y,fall,40.0,0.023039999999999998,0.7,25.0,77.9762,1.0,0.37799999999999995,0.37799999999999995,0,1,1,3.7135720667043075,0.02277858688933957,2.645502645502646,2.645502645502646,0.06095238095238096,0.06095238095238096,0.06095238095238096,2.645502645502646,1.4285714285714286,0.04,0.0,1
ASAP7,NAND3X1,NAND3x1_ASAP7_6t_L,C,Y,rise,20.0,0.0014399999999999999,0.7,25.0,22.2219,0.3333333333333333,0.162,0.486,0,1,1,3.044522437723423,0.0014389641942542824,6.172839506172839,2.05761316872428,0.008888888888888887,0.002962962962962963,0.008888888888888887,6.172839506172839,1.4285714285714286,0.04,-0.4999999999999999,1
ASAP7,XOR2X2,XOR2x2_ASAP7_6t_L,A,Y,rise,320.0,0.09215999999999999,0.7,25.0,261.098,1.0,0.37799999999999995,0.37799999999999995,0,1,1,5.771441123130016,0.08815738673620517,2.645502645502646,2.645502645502646,0.24380952380952384,0.24380952380952384,0.24380952380952384,2.645502645502646,1.4285714285714286,0.04,0.0,1
ASAP7,NAND3X1,NAND3x1_ASAP7_6t_L,B,Y,fall,10.0,0.046079999999999996,0.7,25.0,158.544,0.3333333333333333,0.162,0.486,0,1,1,2.3978952727983707,0.04504984455370874,6.172839506172839,2.05761316872428,0.2844444444444444,0.09481481481481481,0.09481481481481481,2.05761316872428,1.4285714285714286,0.04,-0.4999999999999999,1
ASAP7,XOR2X2,XOR2x2_ASAP7_6t_L,A,Y,fall,320.0,0.023039999999999998,0.7,25.0,89.2279,1.0,0.37799999999999995,0.37799999999999995,0,1,1,5.771441123130016,0.02277858688933957,2.645502645502646,2.645502645502646,0.06095238095238096,0.06095238095238096,0.06095238095238096,2.645502645502646,1.4285714285714286,0.04,0.0,1
ASAP7,NAND2X1,NAND2x1_ASAP7_6t_L,B,Y,rise,320.0,0.0057599999999999995,0.7,25.0,103.912,0.5,0.108,0.216,0,1,1,5.771441123130016,0.005743474627065725,9.25925925925926,4.62962962962963,0.05333333333333333,0.026666666666666665,0.05333333333333333,9.25925925925926,1.4285714285714286,0.04,-0.3333333333333333,1
ASAP7,NAND3X1,NAND3x1_ASAP7_6t_L,B,Y,rise,80.0,0.0014399999999999999,0.7,25.0,35.0016,0.3333333333333333,0.162,0.486,0,1,1,4.394449154672438,0.0014389641942542824,6.172839506172839,2.05761316872428,0.008888888888888887,0.002962962962962963,0.008888888888888887,6.172839506172839,1.4285714285714286,0.04,-0.4999999999999999,1
ASAP7,NOR3X2,NOR3x2_ASAP7_6t_L,C,Y,rise,5.0,0.011519999999999999,0.7,25.0,35.0423,3.0000000000000004,0.9720000000000002,0.324,0,1,1,1.791759469228055,0.011454150045115854,1.0288065843621397,3.0864197530864197,0.011851851851851848,0.03555555555555555,0.011851851851851848,1.0288065843621397,1.4285714285714286,0.04,0.5,1
ASAP7,AND3X2,AND3x2_ASAP7_6t_L,B,Y,rise,320.0,0.0057599999999999995,0.7,25.0,64.9246,1.0,0.27,0.27,0,1,1,5.771441123130016,0.005743474627065725,3.7037037037037033,3.7037037037037033,0.02133333333333333,0.02133333333333333,0.02133333333333333,3.7037037037037033,1.4285714285714286,0.04,0.0,1
ASAP7,NOR3X1,NOR3x1_ASAP7_6t_L,B,Y,fall,20.0,0.046079999999999996,0.7,25.0,201.184,3.0,0.486,0.162,0,1,1,3.044522437723423,0.04504984455370874,2.05761316872428,6.172839506172839,0.09481481481481481,0.2844444444444444,0.2844444444444444,6.172839506172839,1.4285714285714286,0.04,0.4999999999999999,1
ASAP7,OR3X4,OR3x4_ASAP7_6t_L,A,Y,rise,20.0,0.011519999999999999,0.7,25.0,34.932,1.0,0.37799999999999995,0.37799999999999995,0,1,1,3.044522437723423,0.011454150045115854,2.645502645502646,2.645502645502646,0.03047619047619048,0.03047619047619048,0.03047619047619048,2.645502645502646,1.4285714285714286,0.04,0.0,1
ASAP7,INVX1,INVx1_ASAP7_6t_L,A,Y,fall,10.0,0.0028799999999999997,0.7,25.0,16.4968,1.0,0.054,0.054,1,1,1,2.3978952727983707,0.002875860745464264,18.51851851851852,18.51851851851852,0.05333333333333333,0.05333333333333333,0.05333333333333333,18.51851851851852,1.4285714285714286,0.04,0.0,1
ASAP7,INVX8,INVx8_ASAP7_6t_L,A,Y,fall,320.0,0.18431999999999998,0.7,25.0,181.57,1.0,0.43199999999999994,0.43199999999999994,1,1,1,5.771441123130016,0.1691687702156541,2.3148148148148153,2.3148148148148153,0.42666666666666675,0.42666666666666675,0.42666666666666675,2.3148148148148153,1.4285714285714286,0.04,0.0,1
ASAP7,NOR3X1,NOR3x1_ASAP7_6t_L,A,Y,rise,40.0,0.0014399999999999999,0.7,25.0,19.1455,3.0,0.486,0.162,0,1,1,3.7135720667043075,0.0014389641942542824,2.05761316872428,6.172839506172839,0.002962962962962963,0.008888888888888887,0.002962962962962963,2.05761316872428,1.4285714285714286,0.04,0.4999999999999999,1
ASAP7,OR4X1,OR4x1_ASAP7_6t_L,D,Y,fall,5.0,0.0007199999999999999,0.7,25.0,32.4416,1.0,0.27,0.27,0,1,1,1.791759469228055,0.0007197409243488539,3.7037037037037033,3.7037037037037033,0.002666666666666666,0.002666666666666666,0.002666666666666666,3.7037037037037033,1.4285714285714286,0.04,0.0,1
ASAP7,NOR2X1,NOR2x1_ASAP7_6t_L,B,Y,fall,10.0,0.011519999999999999,0.7,25.0,53.4863,2.0,0.216,0.108,0,1,1,2.3978952727983707,0.011454150045115854,4.62962962962963,9.25925925925926,0.05333333333333333,0.10666666666666666,0.10666666666666666,9.25925925925926,1.4285714285714286,0.04,0.3333333333333333,1
ASAP7,NAND3X2,NAND3x2_ASAP7_6t_L,A,Y,rise,80.0,0.0057599999999999995,0.7,25.0,42.201,0.33333333333333326,0.324,0.9720000000000002,0,1,1,4.394449154672438,0.005743474627065725,3.0864197530864197,1.0288065843621397,0.017777777777777774,0.005925925925925924,0.017777777777777774,3.0864197530864197,1.4285714285714286,0.04,-0.5,1
ASAP7,OR3X4,OR3x4_ASAP7_6t_L,C,Y,rise,5.0,0.011519999999999999,0.7,25.0,31.6498,1.0,0.37799999999999995,0.37799999999999995,0,1,1,1.791759469228055,0.011454150045115854,2.645502645502646,2.645502645502646,0.03047619047619048,0.03047619047619048,0.03047619047619048,2.645502645502646,1.4285714285714286,0.04,0.0,1
ASAP7,NOR3X1,NOR3x1_ASAP7_6t_L,C,Y,fall,160.0,0.011519999999999999,0.7,25.0,99.766,3.0,0.486,0.162,0,1,1,5.081404364984463,0.011454150045115854,2.05761316872428,6.172839506172839,0.023703703703703703,0.0711111111111111,0.0711111111111111,6.172839506172839,1.4285714285714286,0.04,0.4999999999999999,1
ASAP7,OR4X1,OR4x1_ASAP7_6t_L,B,Y,fall,160.0,0.0057599999999999995,0.7,25.0,82.1038,1.0,0.27,0.27,0,1,1,5.081404364984463,0.005743474627065725,3.7037037037037033,3.7037037037037033,0.02133333333333333,0.02133333333333333,0.02133333333333333,3.7037037037037033,1.4285714285714286,0.04,0.0,1
ASAP7,AND3X2,AND3x2_ASAP7_6t_L,C,Y,rise,80.0,0.0057599999999999995,0.7,25.0,43.9743,1.0,0.27,0.27,0,1,1,4.394449154672438,0.005743474627065725,3.7037037037037033,3.7037037037037033,0.02133333333333333,0.02133333333333333,0.02133333333333333,3.7037037037037033,1.4285714285714286,0.04,0.0,1
ASAP7,AND3X2,AND3x2_ASAP7_6t_L,A,Y,fall,5.0,0.046079999999999996,0.7,25.0,107.831,1.0,0.27,0.27,0,1,1,1.791759469228055,0.04504984455370874,3.7037037037037033,3.7037037037037033,0.17066666666666663,0.17066666666666663,0.17066666666666663,3.7037037037037033,1.4285714285714286,0.04,0.0,1
ASAP7,OR2X4,OR2x4_ASAP7_6t_L,B,Y,fall,320.0,0.09215999999999999,0.7,25.0,182.23,1.0,0.324,0.324,0,1,1,5.771441123130016,0.08815738673620517,3.0864197530864197,3.0864197530864197,0.2844444444444444,0.2844444444444444,0.2844444444444444,3.0864197530864197,1.4285714285714286,0.04,0.0,1
ASAP7,AND3X2,AND3x2_ASAP7_6t_L,B,Y,rise,320.0,0.0028799999999999997,0.7,25.0,56.0387,1.0,0.27,0.27,0,1,1,5.771441123130016,0.002875860745464264,3.7037037037037033,3.7037037037037033,0.010666666666666665,0.010666666666666665,0.010666666666666665,3.7037037037037033,1.4285714285714286,0.04,0.0,1
ASAP7,NAND3X2,NAND3x2_ASAP7_6t_L,A,Y,rise,20.0,0.046079999999999996,0.7,25.0,126.39,0.33333333333333326,0.324,0.9720000000000002,0,1,1,3.044522437723423,0.04504984455370874,3.0864197530864197,1.0288065843621397,0.1422222222222222,0.04740740740740739,0.1422222222222222,3.0864197530864197,1.4285714285714286,0.04,-0.5,1
ASAP7,NAND3X2,NAND3x2_ASAP7_6t_L,A,Y,rise,40.0,0.046079999999999996,0.7,25.0,132.328,0.33333333333333326,0.324,0.9720000000000002,0,1,1,3.7135720667043075,0.04504984455370874,3.0864197530864197,1.0288065843621397,0.1422222222222222,0.04740740740740739,0.1422222222222222,3.0864197530864197,1.4285714285714286,0.04,-0.5,1
ASAP7,OR3X4,OR3x4_ASAP7_6t_L,B,Y,fall,10.0,0.18431999999999998,0.7,25.0,239.551,1.0,0.37799999999999995,0.37799999999999995,0,1,1,2.3978952727983707,0.1691687702156541,2.645502645502646,2.645502645502646,0.4876190476190477,0.4876190476190477,0.4876190476190477,2.645502645502646,1.4285714285714286,0.04,0.0,1
ASAP7,NOR2X1,NOR2x1_ASAP7_6t_L,A,Y,rise,80.0,0.0057599999999999995,0.7,25.0,47.0498,2.0,0.216,0.108,0,1,1,4.394449154672438,0.005743474627065725,4.62962962962963,9.25925925925926,0.026666666666666665,0.05333333333333333,0.026666666666666665,4.62962962962963,1.4285714285714286,0.04,0.3333333333333333,1
ASAP7,BUFX4,BUFx4_ASAP7_6t_L,A,Y,fall,40.0,0.18431999999999998,0.7,25.0,216.337,1.0,0.27,0.27,0,1,1,3.7135720667043075,0.1691687702156541,3.7037037037037033,3.7037037037037033,0.6826666666666665,0.6826666666666665,0.6826666666666665,3.7037037037037033,1.4285714285714286,0.04,0.0,1
ASAP7,NOR3X2,NOR3x2_ASAP7_6t_L,B,Y,fall,320.0,0.046079999999999996,0.7,25.0,189.926,3.0000000000000004,0.9720000000000002,0.324,0,1,1,5.771441123130016,0.04504984455370874,1.0288065843621397,3.0864197530864197,0.04740740740740739,0.1422222222222222,0.1422222222222222,3.0864197530864197,1.4285714285714286,0.04,0.5,1
ASAP7,OR3X4,OR3x4_ASAP7_6t_L,B,Y,rise,40.0,0.011519999999999999,0.7,25.0,39.3307,1.0,0.37799999999999995,0.37799999999999995,0,1,1,3.7135720667043075,0.011454150045115854,2.645502645502646,2.645502645502646,0.03047619047619048,0.03047619047619048,0.03047619047619048,2.645502645502646,1.4285714285714286,0.04,0.0,1
ASAP7,OR3X4,OR3x4_ASAP7_6t_L,B,Y,fall,80.0,0.18431999999999998,0.7,25.0,252.519,1.0,0.37799999999999995,0.37799999999999995,0,1,1,4.394449154672438,0.1691687702156541,2.645502645502646,2.645502645502646,0.4876190476190477,0.4876190476190477,0.4876190476190477,2.645502645502646,1.4285714285714286,0.04,0.0,1
ASAP7,NAND3X2,NAND3x2_ASAP7_6t_L,C,Y,fall,20.0,0.09215999999999999,0.7,25.0,160.966,0.33333333333333326,0.324,0.9720000000000002,0,1,1,3.044522437723423,0.08815738673620517,3.0864197530864197,1.0288065843621397,0.2844444444444444,0.09481481481481478,0.09481481481481478,1.0288065843621397,1.4285714285714286,0.04,-0.5,1
ASAP7,XOR2X2,XOR2x2_ASAP7_6t_L,A,Y,rise,40.0,0.011519999999999999,0.7,25.0,49.5236,1.0,0.37799999999999995,0.37799999999999995,0,1,1,3.7135720667043075,0.011454150045115854,2.645502645502646,2.645502645502646,0.03047619047619048,0.03047619047619048,0.03047619047619048,2.645502645502646,1.4285714285714286,0.04,0.0,1
ASAP7,NOR3X1,NOR3x1_ASAP7_6t_L,C,Y,rise,5.0,0.0007199999999999999,0.7,25.0,11.2036,3.0,0.486,0.162,0,1,1,1.791759469228055,0.0007197409243488539,2.05761316872428,6.172839506172839,0.0014814814814814814,0.004444444444444444,0.0014814814814814814,2.05761316872428,1.4285714285714286,0.04,0.4999999999999999,1
ASAP7,NOR2X2,NOR2x2_ASAP7_6t_L,A,Y,fall,40.0,0.046079999999999996,0.7,25.0,110.755,1.9999999999999998,0.43199999999999994,0.216,0,1,1,3.7135720667043075,0.04504984455370874,2.3148148148148153,4.62962962962963,0.10666666666666669,0.21333333333333332,0.21333333333333332,4.62962962962963,1.4285714285714286,0.04,0.3333333333333333,1
ASAP7,OR3X4,OR3x4_ASAP7_6t_L,A,Y,fall,80.0,0.046079999999999996,0.7,25.0,113.431,1.0,0.37799999999999995,0.37799999999999995,0,1,1,4.394449154672438,0.04504984455370874,2.645502645502646,2.645502645502646,0.12190476190476192,0.12190476190476192,0.12190476190476192,2.645502645502646,1.4285714285714286,0.04,0.0,1
ASAP7,OR4X1,OR4x1_ASAP7_6t_L,B,Y,rise,320.0,0.011519999999999999,0.7,25.0,75.2311,1.0,0.27,0.27,0,1,1,5.771441123130016,0.011454150045115854,3.7037037037037033,3.7037037037037033,0.04266666666666666,0.04266666666666666,0.04266666666666666,3.7037037037037033,1.4285714285714286,0.04,0.0,1
ASAP7,BUFX2,BUFx2_ASAP7_6t_L,A,Y,fall,10.0,0.09215999999999999,0.7,25.0,209.468,1.0,0.135,0.135,0,1,1,2.3978952727983707,0.08815738673620517,7.4074074074074066,7.4074074074074066,0.6826666666666665,0.6826666666666665,0.6826666666666665,7.4074074074074066,1.4285714285714286,0.04,0.0,1
ASAP7,NOR2X1,NOR2x1_ASAP7_6t_L,B,Y,rise,320.0,0.011519999999999999,0.7,25.0,128.642,2.0,0.216,0.108,0,1,1,5.771441123130016,0.011454150045115854,4.62962962962963,9.25925925925926,0.05333333333333333,0.10666666666666666,0.05333333333333333,4.62962962962963,1.4285714285714286,0.04,0.3333333333333333,1
ASAP7,INVX2,INVx2_ASAP7_6t_L,A,Y,rise,160.0,0.011519999999999999,0.7,25.0,72.2421,1.0,0.108,0.108,1,1,1,5.081404364984463,0.011454150045115854,9.25925925925926,9.25925925925926,0.10666666666666666,0.10666666666666666,0.10666666666666666,9.25925925925926,1.4285714285714286,0.04,0.0,1
ASAP7,INVX1,INVx1_ASAP7_6t_L,A,Y,fall,5.0,0.0028799999999999997,0.7,25.0,15.0684,1.0,0.054,0.054,1,1,1,1.791759469228055,0.002875860745464264,18.51851851851852,18.51851851851852,0.05333333333333333,0.05333333333333333,0.05333333333333333,18.51851851851852,1.4285714285714286,0.04,0.0,1
ASAP7,INVX8,INVx8_ASAP7_6t_L,A,Y,fall,20.0,0.36863999999999997,0.7,25.0,199.695,1.0,0.43199999999999994,0.43199999999999994,1,1,1,3.044522437723423,0.31381754605640666,2.3148148148148153,2.3148148148148153,0.8533333333333335,0.8533333333333335,0.8533333333333335,2.3148148148148153,1.4285714285714286,0.04,0.0,1
ASAP7,NOR2X1,NOR2x1_ASAP7_6t_L,B,Y,fall,40.0,0.0014399999999999999,0.7,25.0,18.0841,2.0,0.216,0.108,0,1,1,3.7135720667043075,0.0014389641942542824,4.62962962962963,9.25925925925926,0.006666666666666666,0.013333333333333332,0.013333333333333332,9.25925925925926,1.4285714285714286,0.04,0.3333333333333333,1
ASAP7,XOR2X2,XOR2x2_ASAP7_6t_L,B,Y,rise,160.0,0.09215999999999999,0.7,25.0,253.201,1.0,0.37799999999999995,0.37799999999999995,0,1,1,5.081404364984463,0.08815738673620517,2.645502645502646,2.645502645502646,0.24380952380952384,0.24380952380952384,0.24380952380952384,2.645502645502646,1.4285714285714286,0.04,0.0,1
ASAP7,AND3X2,AND3x2_ASAP7_6t_L,C,Y,fall,80.0,0.09215999999999999,0.7,25.0,219.551,1.0,0.27,0.27,0,1,1,4.394449154672438,0.08815738673620517,3.7037037037037033,3.7037037037037033,0.34133333333333327,0.34133333333333327,0.34133333333333327,3.7037037037037033,1.4285714285714286,0.04,0.0,1
ASAP7,AND4X2,AND4x2_ASAP7_6t_L,A,Y,fall,5.0,0.023039999999999998,0.7,25.0,60.6873,1.0,0.324,0.324,0,1,1,1.791759469228055,0.02277858688933957,3.0864197530864197,3.0864197530864197,0.0711111111111111,0.0711111111111111,0.0711111111111111,3.0864197530864197,1.4285714285714286,0.04,0.0,1
ASAP7,AND3X4,AND3x4_ASAP7_6t_L,A,Y,fall,160.0,0.023039999999999998,0.7,25.0,75.3593,0.7,0.37799999999999995,0.54,0,1,1,5.081404364984463,0.02277858688933957,2.645502645502646,1.8518518518518516,0.06095238095238096,0.04266666666666666,0.04266666666666666,1.8518518518518516,1.4285714285714286,0.04,-0.17647058823529424,1
ASAP7,NOR2X1,NOR2x1_ASAP7_6t_L,B,Y,rise,80.0,0.0014399999999999999,0.7,25.0,24.1124,2.0,0.216,0.108,0,1,1,4.394449154672438,0.0014389641942542824,4.62962962962963,9.25925925925926,0.006666666666666666,0.013333333333333332,0.006666666666666666,4.62962962962963,1.4285714285714286,0.04,0.3333333333333333,1
ASAP7,NOR3X1,NOR3x1_ASAP7_6t_L,A,Y,rise,20.0,0.0057599999999999995,0.7,25.0,36.0303,3.0,0.486,0.162,0,1,1,3.044522437723423,0.005743474627065725,2.05761316872428,6.172839506172839,0.011851851851851851,0.03555555555555555,0.011851851851851851,2.05761316872428,1.4285714285714286,0.04,0.4999999999999999,1
ASAP7,AND3X4,AND3x4_ASAP7_6t_L,A,Y,rise,160.0,0.011519999999999999,0.7,25.0,52.0765,0.7,0.37799999999999995,0.54,0,1,1,5.081404364984463,0.011454150045115854,2.645502645502646,1.8518518518518516,0.03047619047619048,0.02133333333333333,0.03047619047619048,2.645502645502646,1.4285714285714286,0.04,-0.17647058823529424,1
ASAP7,NOR3X2,NOR3x2_ASAP7_6t_L,A,Y,rise,10.0,0.0028799999999999997,0.7,25.0,13.8395,3.0000000000000004,0.9720000000000002,0.324,0,1,1,2.3978952727983707,0.002875860745464264,1.0288065843621397,3.0864197530864197,0.002962962962962962,0.008888888888888887,0.002962962962962962,1.0288065843621397,1.4285714285714286,0.04,0.5,1
ASAP7,OR3X4,OR3x4_ASAP7_6t_L,B,Y,fall,320.0,0.0028799999999999997,0.7,25.0,91.7403,1.0,0.37799999999999995,0.37799999999999995,0,1,1,5.771441123130016,0.002875860745464264,2.645502645502646,2.645502645502646,0.00761904761904762,0.00761904761904762,0.00761904761904762,2.645502645502646,1.4285714285714286,0.04,0.0,1
ASAP7,AND3X2,AND3x2_ASAP7_6t_L,A,Y,rise,40.0,0.046079999999999996,0.7,25.0,145.375,1.0,0.27,0.27,0,1,1,3.7135720667043075,0.04504984455370874,3.7037037037037033,3.7037037037037033,0.17066666666666663,0.17066666666666663,0.17066666666666663,3.7037037037037033,1.4285714285714286,0.04,0.0,1
ASAP7,NOR3X2,NOR3x2_ASAP7_6t_L,A,Y,rise,10.0,0.046079999999999996,0.7,25.0,114.402,3.0000000000000004,0.9720000000000002,0.324,0,1,1,2.3978952727983707,0.04504984455370874,1.0288065843621397,3.0864197530864197,0.04740740740740739,0.1422222222222222,0.04740740740740739,1.0288065843621397,1.4285714285714286,0.04,0.5,1
ASAP7,NAND2X1,NAND2x1_ASAP7_6t_L,B,Y,fall,160.0,0.023039999999999998,0.7,25.0,125.409,0.5,0.108,0.216,0,1,1,5.081404364984463,0.02277858688933957,9.25925925925926,4.62962962962963,0.21333333333333332,0.10666666666666666,0.10666666666666666,4.62962962962963,1.4285714285714286,0.04,-0.3333333333333333,1
ASAP7,INVX4,INVx4_ASAP7_6t_L,A,Y,fall,40.0,0.0028799999999999997,0.7,25.0,10.6617,1.0,0.216,0.216,1,1,1,3.7135720667043075,0.002875860745464264,4.62962962962963,4.62962962962963,0.013333333333333332,0.013333333333333332,0.013333333333333332,4.62962962962963,1.4285714285714286,0.04,0.0,1
ASAP7,AND4X2,AND4x2_ASAP7_6t_L,A,Y,rise,320.0,0.023039999999999998,0.7,25.0,129.368,1.0,0.324,0.324,0,1,1,5.771441123130016,0.02277858688933957,3.0864197530864197,3.0864197530864197,0.0711111111111111,0.0711111111111111,0.0711111111111111,3.0864197530864197,1.4285714285714286,0.04,0.0,1
ASAP7,AND3X4,AND3x4_ASAP7_6t_L,B,Y,fall,10.0,0.0057599999999999995,0.7,25.0,28.7423,0.7,0.37799999999999995,0.54,0,1,1,2.3978952727983707,0.005743474627065725,2.645502645502646,1.8518518518518516,0.01523809523809524,0.010666666666666665,0.010666666666666665,1.8518518518518516,1.4285714285714286,0.04,-0.17647058823529424,1
ASAP7,NOR2X1,NOR2x1_ASAP7_6t_L,B,Y,fall,320.0,0.046079999999999996,0.7,25.0,285.885,2.0,0.216,0.108,0,1,1,5.771441123130016,0.04504984455370874,4.62962962962963,9.25925925925926,0.21333333333333332,0.42666666666666664,0.42666666666666664,9.25925925925926,1.4285714285714286,0.04,0.3333333333333333,1
ASAP7,NAND3X1,NAND3x1_ASAP7_6t_L,B,Y,fall,40.0,0.046079999999999996,0.7,25.0,163.736,0.3333333333333333,0.162,0.486,0,1,1,3.7135720667043075,0.04504984455370874,6.172839506172839,2.05761316872428,0.2844444444444444,0.09481481481481481,0.09481481481481481,2.05761316872428,1.4285714285714286,0.04,-0.4999999999999999,1
ASAP7,INVX1,INVx1_ASAP7_6t_L,A,Y,fall,10.0,0.0007199999999999999,0.7,25.0,7.47306,1.0,0.054,0.054,1,1,1,2.3978952727983707,0.0007197409243488539,18.51851851851852,18.51851851851852,0.013333333333333332,0.013333333333333332,0.013333333333333332,18.51851851851852,1.4285714285714286,0.04,0.0,1
ASAP7,XOR2X2,XOR2x2_ASAP7_6t_L,B,Y,rise,5.0,0.011519999999999999,0.7,25.0,51.9095,1.0,0.37799999999999995,0.37799999999999995,0,1,1,1.791759469228055,0.011454150045115854,2.645502645502646,2.645502645502646,0.03047619047619048,0.03047619047619048,0.03047619047619048,2.645502645502646,1.4285714285714286,0.04,0.0,1
ASAP7,NOR3X1,NOR3x1_ASAP7_6t_L,C,Y,fall,40.0,0.011519999999999999,0.7,25.0,66.4103,3.0,0.486,0.162,0,1,1,3.7135720667043075,0.011454150045115854,2.05761316872428,6.172839506172839,0.023703703703703703,0.0711111111111111,0.0711111111111111,6.172839506172839,1.4285714285714286,0.04,0.4999999999999999,1
ASAP7,OR3X4,OR3x4_ASAP7_6t_L,A,Y,fall,80.0,0.18431999999999998,0.7,25.0,256.991,1.0,0.37799999999999995,0.37799999999999995,0,1,1,4.394449154672438,0.1691687702156541,2.645502645502646,2.645502645502646,0.4876190476190477,0.4876190476190477,0.4876190476190477,2.645502645502646,1.4285714285714286,0.04,0.0,1
ASAP7,AND4X2,AND4x2_ASAP7_6t_L,D,Y,rise,20.0,0.0028799999999999997,0.7,25.0,38.2714,1.0,0.324,0.324,0,1,1,3.044522437723423,0.002875860745464264,3.0864197530864197,3.0864197530864197,0.008888888888888887,0.008888888888888887,0.008888888888888887,3.0864197530864197,1.4285714285714286,0.04,0.0,1
ASAP7,OR2X2,OR2x2_ASAP7_6t_L,A,Y,rise,5.0,0.0014399999999999999,0.7,25.0,20.7007,1.3333333333333335,0.216,0.162,0,1,1,1.791759469228055,0.0014389641942542824,4.62962962962963,6.172839506172839,0.006666666666666666,0.008888888888888887,0.006666666666666666,4.62962962962963,1.4285714285714286,0.04,0.14285714285714285,1
ASAP7,NAND3X2,NAND3x2_ASAP7_6t_L,B,Y,rise,160.0,0.0014399999999999999,0.7,25.0,42.7343,0.33333333333333326,0.324,0.9720000000000002,0,1,1,5.081404364984463,0.0014389641942542824,3.0864197530864197,1.0288065843621397,0.004444444444444444,0.001481481481481481,0.004444444444444444,3.0864197530864197,1.4285714285714286,0.04,-0.5,1
ASAP7,BUFX4,BUFx4_ASAP7_6t_L,A,Y,fall,5.0,0.09215999999999999,0.7,25.0,112.168,1.0,0.27,0.27,0,1,1,1.791759469228055,0.08815738673620517,3.7037037037037033,3.7037037037037033,0.34133333333333327,0.34133333333333327,0.34133333333333327,3.7037037037037033,1.4285714285714286,0.04,0.0,1
ASAP7,INVX1,INVx1_ASAP7_6t_L,A,Y,rise,80.0,0.0014399999999999999,0.7,25.0,26.2328,1.0,0.054,0.054,1,1,1,4.394449154672438,0.0014389641942542824,18.51851851851852,18.51851851851852,0.026666666666666665,0.026666666666666665,0.026666666666666665,18.51851851851852,1.4285714285714286,0.04,0.0,1
ASAP7,OR3X4,OR3x4_ASAP7_6t_L,B,Y,fall,20.0,0.011519999999999999,0.7,25.0,57.793,1.0,0.37799999999999995,0.37799999999999995,0,1,1,3.044522437723423,0.011454150045115854,2.645502645502646,2.645502645502646,0.03047619047619048,0.03047619047619048,0.03047619047619048,2.645502645502646,1.4285714285714286,0.04,0.0,1
ASAP7,XOR2X2,XOR2x2_ASAP7_6t_L,B,Y,rise,160.0,0.011519999999999999,0.7,25.0,71.338,1.0,0.37799999999999995,0.37799999999999995,0,1,1,5.081404364984463,0.011454150045115854,2.645502645502646,2.645502645502646,0.03047619047619048,0.03047619047619048,0.03047619047619048,2.645502645502646,1.4285714285714286,0.04,0.0,1
ASAP7,NOR3X1,NOR3x1_ASAP7_6t_L,B,Y,fall,80.0,0.0014399999999999999,0.7,25.0,28.1793,3.0,0.486,0.162,0,1,1,4.394449154672438,0.0014389641942542824,2.05761316872428,6.172839506172839,0.002962962962962963,0.008888888888888887,0.008888888888888887,6.172839506172839,1.4285714285714286,0.04,0.4999999999999999,1
ASAP7,AND4X2,AND4x2_ASAP7_6t_L,B,Y,rise,5.0,0.011519999999999999,0.7,25.0,60.0639,1.0,0.324,0.324,0,1,1,1.791759469228055,0.011454150045115854,3.0864197530864197,3.0864197530864197,0.03555555555555555,0.03555555555555555,0.03555555555555555,3.0864197530864197,1.4285714285714286,0.04,0.0,1
ASAP7,NAND3X2,NAND3x2_ASAP7_6t_L,A,Y,rise,40.0,0.09215999999999999,0.7,25.0,246.402,0.33333333333333326,0.324,0.9720000000000002,0,1,1,3.7135720667043075,0.08815738673620517,3.0864197530864197,1.0288065843621397,0.2844444444444444,0.09481481481481478,0.2844444444444444,3.0864197530864197,1.4285714285714286,0.04,-0.5,1
ASAP7,NOR2X2,NOR2x2_ASAP7_6t_L,B,Y,rise,5.0,0.046079999999999996,0.7,25.0,112.38,1.9999999999999998,0.43199999999999994,0.216,0,1,1,1.791759469228055,0.04504984455370874,2.3148148148148153,4.62962962962963,0.10666666666666669,0.21333333333333332,0.10666666666666669,2.3148148148148153,1.4285714285714286,0.04,0.3333333333333333,1
ASAP7,NAND2X1,NAND2x1_ASAP7_6t_L,A,Y,rise,160.0,0.011519999999999999,0.7,25.0,113.064,0.5,0.108,0.216,0,1,1,5.081404364984463,0.011454150045115854,9.25925925925926,4.62962962962963,0.10666666666666666,0.05333333333333333,0.10666666666666666,9.25925925925926,1.4285714285714286,0.04,-0.3333333333333333,1
ASAP7,AND3X2,AND3x2_ASAP7_6t_L,C,Y,rise,320.0,0.046079999999999996,0.7,25.0,156.39,1.0,0.27,0.27,0,1,1,5.771441123130016,0.04504984455370874,3.7037037037037033,3.7037037037037033,0.17066666666666663,0.17066666666666663,0.17066666666666663,3.7037037037037033,1.4285714285714286,0.04,0.0,1
ASAP7,NAND3X2,NAND3x2_ASAP7_6t_L,B,Y,fall,10.0,0.046079999999999996,0.7,25.0,83.2139,0.33333333333333326,0.324,0.9720000000000002,0,1,1,2.3978952727983707,0.04504984455370874,3.0864197530864197,1.0288065843621397,0.1422222222222222,0.04740740740740739,0.04740740740740739,1.0288065843621397,1.4285714285714286,0.04,-0.5,1
ASAP7,XOR2X2,XOR2x2_ASAP7_6t_L,B,Y,rise,10.0,0.011519999999999999,0.7,25.0,53.2524,1.0,0.37799999999999995,0.37799999999999995,0,1,1,2.3978952727983707,0.011454150045115854,2.645502645502646,2.645502645502646,0.03047619047619048,0.03047619047619048,0.03047619047619048,2.645502645502646,1.4285714285714286,0.04,0.0,1
ASAP7,OR4X1,OR4x1_ASAP7_6t_L,B,Y,rise,160.0,0.046079999999999996,0.7,25.0,246.711,1.0,0.27,0.27,0,1,1,5.081404364984463,0.04504984455370874,3.7037037037037033,3.7037037037037033,0.17066666666666663,0.17066666666666663,0.17066666666666663,3.7037037037037033,1.4285714285714286,0.04,0.0,1
ASAP7,OR4X1,OR4x1_ASAP7_6t_L,D,Y,fall,40.0,0.046079999999999996,0.7,25.0,227.013,1.0,0.27,0.27,0,1,1,3.7135720667043075,0.04504984455370874,3.7037037037037033,3.7037037037037033,0.17066666666666663,0.17066666666666663,0.17066666666666663,3.7037037037037033,1.4285714285714286,0.04,0.0,1
ASAP7,OR2X4,OR2x4_ASAP7_6t_L,A,Y,fall,20.0,0.011519999999999999,0.7,25.0,43.962,1.0,0.324,0.324,0,1,1,3.044522437723423,0.011454150045115854,3.0864197530864197,3.0864197530864197,0.03555555555555555,0.03555555555555555,0.03555555555555555,3.0864197530864197,1.4285714285714286,0.04,0.0,1
ASAP7,XOR2X2,XOR2x2_ASAP7_6t_L,A,Y,fall,320.0,0.046079999999999996,0.7,25.0,153.285,1.0,0.37799999999999995,0.37799999999999995,0,1,1,5.771441123130016,0.04504984455370874,2.645502645502646,2.645502645502646,0.12190476190476192,0.12190476190476192,0.12190476190476192,2.645502645502646,1.4285714285714286,0.04,0.0,1
ASAP7,NOR2X1,NOR2x1_ASAP7_6t_L,B,Y,rise,5.0,0.023039999999999998,0.7,25.0,111.924,2.0,0.216,0.108,0,1,1,1.791759469228055,0.02277858688933957,4.62962962962963,9.25925925925926,0.10666666666666666,0.21333333333333332,0.10666666666666666,4.62962962962963,1.4285714285714286,0.04,0.3333333333333333,1
ASAP7,OR2X4,OR2x4_ASAP7_6t_L,A,Y,fall,320.0,0.0057599999999999995,0.7,25.0,74.6327,1.0,0.324,0.324,0,1,1,5.771441123130016,0.005743474627065725,3.0864197530864197,3.0864197530864197,0.017777777777777774,0.017777777777777774,0.017777777777777774,3.0864197530864197,1.4285714285714286,0.04,0.0,1
ASAP7,NAND3X1,NAND3x1_ASAP7_6t_L,C,Y,rise,80.0,0.0028799999999999997,0.7,25.0,47.6576,0.3333333333333333,0.162,0.486,0,1,1,4.394449154672438,0.002875860745464264,6.172839506172839,2.05761316872428,0.017777777777777774,0.005925925925925926,0.017777777777777774,6.172839506172839,1.4285714285714286,0.04,-0.4999999999999999,1
ASAP7,AND4X2,AND4x2_ASAP7_6t_L,C,Y,rise,10.0,0.09215999999999999,0.7,25.0,260.541,1.0,0.324,0.324,0,1,1,2.3978952727983707,0.08815738673620517,3.0864197530864197,3.0864197530864197,0.2844444444444444,0.2844444444444444,0.2844444444444444,3.0864197530864197,1.4285714285714286,0.04,0.0,1
ASAP7,NOR2X1,NOR2x1_ASAP7_6t_L,B,Y,fall,10.0,0.0057599999999999995,0.7,25.0,29.8749,2.0,0.216,0.108,0,1,1,2.3978952727983707,0.005743474627065725,4.62962962962963,9.25925925925926,0.026666666666666665,0.05333333333333333,0.05333333333333333,9.25925925925926,1.4285714285714286,0.04,0.3333333333333333,1
ASAP7,NAND3X1,NAND3x1_ASAP7_6t_L,B,Y,rise,80.0,0.0007199999999999999,0.7,25.0,29.4653,0.3333333333333333,0.162,0.486,0,1,1,4.394449154672438,0.0007197409243488539,6.172839506172839,2.05761316872428,0.004444444444444444,0.0014814814814814814,0.004444444444444444,6.172839506172839,1.4285714285714286,0.04,-0.4999999999999999,1
ASAP7,INVX8,INVx8_ASAP7_6t_L,A,Y,rise,80.0,0.011519999999999999,0.7,25.0,25.8287,1.0,0.43199999999999994,0.43199999999999994,1,1,1,4.394449154672438,0.011454150045115854,2.3148148148148153,2.3148148148148153,0.026666666666666672,0.026666666666666672,0.026666666666666672,2.3148148148148153,1.4285714285714286,0.04,0.0,1
ASAP7,NAND3X1,NAND3x1_ASAP7_6t_L,C,Y,rise,40.0,0.011519999999999999,0.7,25.0,78.535,0.3333333333333333,0.162,0.486,0,1,1,3.7135720667043075,0.011454150045115854,6.172839506172839,2.05761316872428,0.0711111111111111,0.023703703703703703,0.0711111111111111,6.172839506172839,1.4285714285714286,0.04,-0.4999999999999999,1
ASAP7,AND4X2,AND4x2_ASAP7_6t_L,B,Y,rise,5.0,0.0014399999999999999,0.7,25.0,30.8069,1.0,0.324,0.324,0,1,1,1.791759469228055,0.0014389641942542824,3.0864197530864197,3.0864197530864197,0.004444444444444444,0.004444444444444444,0.004444444444444444,3.0864197530864197,1.4285714285714286,0.04,0.0,1
ASAP7,AND4X2,AND4x2_ASAP7_6t_L,C,Y,fall,5.0,0.046079999999999996,0.7,25.0,109.482,1.0,0.324,0.324,0,1,1,1.791759469228055,0.04504984455370874,3.0864197530864197,3.0864197530864197,0.1422222222222222,0.1422222222222222,0.1422222222222222,3.0864197530864197,1.4285714285714286,0.04,0.0,1
ASAP7,XOR2X2,XOR2x2_ASAP7_6t_L,A,Y,fall,40.0,0.0028799999999999997,0.7,25.0,31.9249,1.0,0.37799999999999995,0.37799999999999995,0,1,1,3.7135720667043075,0.002875860745464264,2.645502645502646,2.645502645502646,0.00761904761904762,0.00761904761904762,0.00761904761904762,2.645502645502646,1.4285714285714286,0.04,0.0,1
ASAP7,NAND3X1,NAND3x1_ASAP7_6t_L,A,Y,rise,320.0,0.0007199999999999999,0.7,25.0,54.518,0.3333333333333333,0.162,0.486,0,1,1,5.771441123130016,0.0007197409243488539,6.172839506172839,2.05761316872428,0.004444444444444444,0.0014814814814814814,0.004444444444444444,6.172839506172839,1.4285714285714286,0.04,-0.4999999999999999,1
ASAP7,OR2X4,OR2x4_ASAP7_6t_L,A,Y,fall,10.0,0.023039999999999998,0.7,25.0,55.1397,1.0,0.324,0.324,0,1,1,2.3978952727983707,0.02277858688933957,3.0864197530864197,3.0864197530864197,0.0711111111111111,0.0711111111111111,0.0711111111111111,3.0864197530864197,1.4285714285714286,0.04,0.0,1
ASAP7,OR4X1,OR4x1_ASAP7_6t_L,C,Y,rise,5.0,0.011519999999999999,0.7,25.0,67.7715,1.0,0.27,0.27,0,1,1,1.791759469228055,0.011454150045115854,3.7037037037037033,3.7037037037037033,0.04266666666666666,0.04266666666666666,0.04266666666666666,3.7037037037037033,1.4285714285714286,0.04,0.0,1
ASAP7,AND4X2,AND4x2_ASAP7_6t_L,B,Y,fall,20.0,0.0057599999999999995,0.7,25.0,30.2056,1.0,0.324,0.324,0,1,1,3.044522437723423,0.005743474627065725,3.0864197530864197,3.0864197530864197,0.017777777777777774,0.017777777777777774,0.017777777777777774,3.0864197530864197,1.4285714285714286,0.04,0.0,1
ASAP7,NOR2X2,NOR2x2_ASAP7_6t_L,B,Y,fall,320.0,0.011519999999999999,0.7,25.0,78.7528,1.9999999999999998,0.43199999999999994,0.216,0,1,1,5.771441123130016,0.011454150045115854,2.3148148148148153,4.62962962962963,0.026666666666666672,0.05333333333333333,0.05333333333333333,4.62962962962963,1.4285714285714286,0.04,0.3333333333333333,1
ASAP7,NOR3X1,NOR3x1_ASAP7_6t_L,B,Y,fall,320.0,0.0014399999999999999,0.7,25.0,49.6955,3.0,0.486,0.162,0,1,1,5.771441123130016,0.0014389641942542824,2.05761316872428,6.172839506172839,0.002962962962962963,0.008888888888888887,0.008888888888888887,6.172839506172839,1.4285714285714286,0.04,0.4999999999999999,1
ASAP7,OR2X2,OR2x2_ASAP7_6t_L,A,Y,fall,10.0,0.09215999999999999,0.7,25.0,209.893,1.3333333333333335,0.216,0.162,0,1,1,2.3978952727983707,0.08815738673620517,4.62962962962963,6.172839506172839,0.42666666666666664,0.5688888888888888,0.5688888888888888,6.172839506172839,1.4285714285714286,0.04,0.14285714285714285,1
ASAP7,OR2X2,OR2x2_ASAP7_6t_L,B,Y,rise,10.0,0.0014399999999999999,0.7,25.0,20.8655,1.3333333333333335,0.216,0.162,0,1,1,2.3978952727983707,0.0014389641942542824,4.62962962962963,6.172839506172839,0.006666666666666666,0.008888888888888887,0.006666666666666666,4.62962962962963,1.4285714285714286,0.04,0.14285714285714285,1
ASAP7,NOR3X2,NOR3x2_ASAP7_6t_L,C,Y,rise,5.0,0.09215999999999999,0.7,25.0,222.18,3.0000000000000004,0.9720000000000002,0.324,0,1,1,1.791759469228055,0.08815738673620517,1.0288065843621397,3.0864197530864197,0.09481481481481478,0.2844444444444444,0.09481481481481478,1.0288065843621397,1.4285714285714286,0.04,0.5,1
ASAP7,NOR3X1,NOR3x1_ASAP7_6t_L,B,Y,fall,20.0,0.023039999999999998,0.7,25.0,106.555,3.0,0.486,0.162,0,1,1,3.044522437723423,0.02277858688933957,2.05761316872428,6.172839506172839,0.047407407407407405,0.1422222222222222,0.1422222222222222,6.172839506172839,1.4285714285714286,0.04,0.4999999999999999,1
ASAP7,NOR3X1,NOR3x1_ASAP7_6t_L,A,Y,fall,10.0,0.046079999999999996,0.7,25.0,196.542,3.0,0.486,0.162,0,1,1,2.3978952727983707,0.04504984455370874,2.05761316872428,6.172839506172839,0.09481481481481481,0.2844444444444444,0.2844444444444444,6.172839506172839,1.4285714285714286,0.04,0.4999999999999999,1
ASAP7,BUFX4,BUFx4_ASAP7_6t_L,A,Y,fall,320.0,0.046079999999999996,0.7,25.0,110.29,1.0,0.27,0.27,0,1,1,5.771441123130016,0.04504984455370874,3.7037037037037033,3.7037037037037033,0.17066666666666663,0.17066666666666663,0.17066666666666663,3.7037037037037033,1.4285714285714286,0.04,0.0,1
ASAP7,OR4X1,OR4x1_ASAP7_6t_L,B,Y,rise,320.0,0.0007199999999999999,0.7,25.0,20.3506,1.0,0.27,0.27,0,1,1,5.771441123130016,0.0007197409243488539,3.7037037037037033,3.7037037037037033,0.002666666666666666,0.002666666666666666,0.002666666666666666,3.7037037037037033,1.4285714285714286,0.04,0.0,1
ASAP7,OR2X2,OR2x2_ASAP7_6t_L,B,Y,fall,10.0,0.023039999999999998,0.7,25.0,67.5245,1.3333333333333335,0.216,0.162,0,1,1,2.3978952727983707,0.02277858688933957,4.62962962962963,6.172839506172839,0.10666666666666666,0.1422222222222222,0.1422222222222222,6.172839506172839,1.4285714285714286,0.04,0.14285714285714285,1
ASAP7,AND4X2,AND4x2_ASAP7_6t_L,D,Y,rise,320.0,0.0057599999999999995,0.7,25.0,58.8576,1.0,0.324,0.324,0,1,1,5.771441123130016,0.005743474627065725,3.0864197530864197,3.0864197530864197,0.017777777777777774,0.017777777777777774,0.017777777777777774,3.0864197530864197,1.4285714285714286,0.04,0.0,1
ASAP7,OR3X4,OR3x4_ASAP7_6t_L,B,Y,fall,5.0,0.0057599999999999995,0.7,25.0,46.7183,1.0,0.37799999999999995,0.37799999999999995,0,1,1,1.791759469228055,0.005743474627065725,2.645502645502646,2.645502645502646,0.01523809523809524,0.01523809523809524,0.01523809523809524,2.645502645502646,1.4285714285714286,0.04,0.0,1
ASAP7,AND3X4,AND3x4_ASAP7_6t_L,A,Y,rise,40.0,0.023039999999999998,0.7,25.0,57.1225,0.7,0.37799999999999995,0.54,0,1,1,3.7135720667043075,0.02277858688933957,2.645502645502646,1.8518518518518516,0.06095238095238096,0.04266666666666666,0.06095238095238096,2.645502645502646,1.4285714285714286,0.04,-0.17647058823529424,1
ASAP7,AND4X2,AND4x2_ASAP7_6t_L,D,Y,fall,320.0,0.023039999999999998,0.7,25.0,103.058,1.0,0.324,0.324,0,1,1,5.771441123130016,0.02277858688933957,3.0864197530864197,3.0864197530864197,0.0711111111111111,0.0711111111111111,0.0711111111111111,3.0864197530864197,1.4285714285714286,0.04,0.0,1
ASAP7,AND3X4,AND3x4_ASAP7_6t_L,A,Y,fall,320.0,0.09215999999999999,0.7,25.0,167.0,0.7,0.37799999999999995,0.54,0,1,1,5.771441123130016,0.08815738673620517,2.645502645502646,1.8518518518518516,0.24380952380952384,0.17066666666666663,0.17066666666666663,1.8518518518518516,1.4285714285714286,0.04,-0.17647058823529424,1
ASAP7,AND3X4,AND3x4_ASAP7_6t_L,A,Y,rise,160.0,0.09215999999999999,0.7,25.0,153.125,0.7,0.37799999999999995,0.54,0,1,1,5.081404364984463,0.08815738673620517,2.645502645502646,1.8518518518518516,0.24380952380952384,0.17066666666666663,0.24380952380952384,2.645502645502646,1.4285714285714286,0.04,-0.17647058823529424,1
ASAP7,NOR2X2,NOR2x2_ASAP7_6t_L,A,Y,fall,10.0,0.0057599999999999995,0.7,25.0,19.2181,1.9999999999999998,0.43199999999999994,0.216,0,1,1,2.3978952727983707,0.005743474627065725,2.3148148148148153,4.62962962962963,0.013333333333333336,0.026666666666666665,0.026666666666666665,4.62962962962963,1.4285714285714286,0.04,0.3333333333333333,1
ASAP7,NOR3X1,NOR3x1_ASAP7_6t_L,A,Y,rise,20.0,0.0014399999999999999,0.7,25.0,15.8548,3.0,0.486,0.162,0,1,1,3.044522437723423,0.0014389641942542824,2.05761316872428,6.172839506172839,0.002962962962962963,0.008888888888888887,0.002962962962962963,2.05761316872428,1.4285714285714286,0.04,0.4999999999999999,1
ASAP7,OR4X1,OR4x1_ASAP7_6t_L,D,Y,fall,5.0,0.0057599999999999995,0.7,25.0,57.7992,1.0,0.27,0.27,0,1,1,1.791759469228055,0.005743474627065725,3.7037037037037033,3.7037037037037033,0.02133333333333333,0.02133333333333333,0.02133333333333333,3.7037037037037033,1.4285714285714286,0.04,0.0,1
ASAP7,OR3X4,OR3x4_ASAP7_6t_L,C,Y,rise,320.0,0.011519999999999999,0.7,25.0,58.5498,1.0,0.37799999999999995,0.37799999999999995,0,1,1,5.771441123130016,0.011454150045115854,2.645502645502646,2.645502645502646,0.03047619047619048,0.03047619047619048,0.03047619047619048,2.645502645502646,1.4285714285714286,0.04,0.0,1
ASAP7,AND4X2,AND4x2_ASAP7_6t_L,C,Y,rise,320.0,0.046079999999999996,0.7,25.0,172.428,1.0,0.324,0.324,0,1,1,5.771441123130016,0.04504984455370874,3.0864197530864197,3.0864197530864197,0.1422222222222222,0.1422222222222222,0.1422222222222222,3.0864197530864197,1.4285714285714286,0.04,0.0,1
ASAP7,OR3X4,OR3x4_ASAP7_6t_L,B,Y,fall,5.0,0.0028799999999999997,0.7,25.0,41.5441,1.0,0.37799999999999995,0.37799999999999995,0,1,1,1.791759469228055,0.002875860745464264,2.645502645502646,2.645502645502646,0.00761904761904762,0.00761904761904762,0.00761904761904762,2.645502645502646,1.4285714285714286,0.04,0.0,1
ASAP7,NAND2X1,NAND2x1_ASAP7_6t_L,B,Y,rise,80.0,0.0057599999999999995,0.7,25.0,57.1135,0.5,0.108,0.216,0,1,1,4.394449154672438,0.005743474627065725,9.25925925925926,4.62962962962963,0.05333333333333333,0.026666666666666665,0.05333333333333333,9.25925925925926,1.4285714285714286,0.04,-0.3333333333333333,1
ASAP7,NOR3X1,NOR3x1_ASAP7_6t_L,B,Y,rise,5.0,0.0007199999999999999,0.7,25.0,10.6459,3.0,0.486,0.162,0,1,1,1.791759469228055,0.0007197409243488539,2.05761316872428,6.172839506172839,0.0014814814814814814,0.004444444444444444,0.0014814814814814814,2.05761316872428,1.4285714285714286,0.04,0.4999999999999999,1
ASAP7,NAND3X1,NAND3x1_ASAP7_6t_L,C,Y,rise,5.0,0.023039999999999998,0.7,25.0,124.529,0.3333333333333333,0.162,0.486,0,1,1,1.791759469228055,0.02277858688933957,6.172839506172839,2.05761316872428,0.1422222222222222,0.047407407407407405,0.1422222222222222,6.172839506172839,1.4285714285714286,0.04,-0.4999999999999999,1
ASAP7,NOR3X2,NOR3x2_ASAP7_6t_L,C,Y,fall,320.0,0.0057599999999999995,0.7,25.0,70.1075,3.0000000000000004,0.9720000000000002,0.324,0,1,1,5.771441123130016,0.005743474627065725,1.0288065843621397,3.0864197530864197,0.005925925925925924,0.017777777777777774,0.017777777777777774,3.0864197530864197,1.4285714285714286,0.04,0.5,1
ASAP7,NAND2X1,NAND2x1_ASAP7_6t_L,B,Y,rise,40.0,0.0014399999999999999,0.7,25.0,21.7379,0.5,0.108,0.216,0,1,1,3.7135720667043075,0.0014389641942542824,9.25925925925926,4.62962962962963,0.013333333333333332,0.006666666666666666,0.013333333333333332,9.25925925925926,1.4285714285714286,0.04,-0.3333333333333333,1
ASAP7,INVX4,INVx4_ASAP7_6t_L,A,Y,fall,160.0,0.09215999999999999,0.7,25.0,142.692,1.0,0.216,0.216,1,1,1,5.081404364984463,0.08815738673620517,4.62962962962963,4.62962962962963,0.42666666666666664,0.42666666666666664,0.42666666666666664,4.62962962962963,1.4285714285714286,0.04,0.0,1
ASAP7,OR4X1,OR4x1_ASAP7_6t_L,B,Y,fall,5.0,0.011519999999999999,0.7,25.0,80.0809,1.0,0.27,0.27,0,1,1,1.791759469228055,0.011454150045115854,3.7037037037037033,3.7037037037037033,0.04266666666666666,0.04266666666666666,0.04266666666666666,3.7037037037037033,1.4285714285714286,0.04,0.0,1
ASAP7,NOR2X1,NOR2x1_ASAP7_6t_L,A,Y,rise,5.0,0.0057599999999999995,0.7,25.0,32.7103,2.0,0.216,0.108,0,1,1,1.791759469228055,0.005743474627065725,4.62962962962963,9.25925925925926,0.026666666666666665,0.05333333333333333,0.026666666666666665,4.62962962962963,1.4285714285714286,0.04,0.3333333333333333,1
ASAP7,AND3X2,AND3x2_ASAP7_6t_L,A,Y,fall,40.0,0.046079999999999996,0.7,25.0,116.269,1.0,0.27,0.27,0,1,1,3.7135720667043075,0.04504984455370874,3.7037037037037033,3.7037037037037033,0.17066666666666663,0.17066666666666663,0.17066666666666663,3.7037037037037033,1.4285714285714286,0.04,0.0,1
ASAP7,NOR3X1,NOR3x1_ASAP7_6t_L,B,Y,fall,5.0,0.0057599999999999995,0.7,25.0,31.4638,3.0,0.486,0.162,0,1,1,1.791759469228055,0.005743474627065725,2.05761316872428,6.172839506172839,0.011851851851851851,0.03555555555555555,0.03555555555555555,6.172839506172839,1.4285714285714286,0.04,0.4999999999999999,1
ASAP7,XOR2X2,XOR2x2_ASAP7_6t_L,B,Y,rise,160.0,0.0028799999999999997,0.7,25.0,49.3563,1.0,0.37799999999999995,0.37799999999999995,0,1,1,5.081404364984463,0.002875860745464264,2.645502645502646,2.645502645502646,0.00761904761904762,0.00761904761904762,0.00761904761904762,2.645502645502646,1.4285714285714286,0.04,0.0,1
ASAP7,XOR2X2,XOR2x2_ASAP7_6t_L,A,Y,fall,20.0,0.0014399999999999999,0.7,25.0,23.9839,1.0,0.37799999999999995,0.37799999999999995,0,1,1,3.044522437723423,0.0014389641942542824,2.645502645502646,2.645502645502646,0.00380952380952381,0.00380952380952381,0.00380952380952381,2.645502645502646,1.4285714285714286,0.04,0.0,1
ASAP7,OR2X4,OR2x4_ASAP7_6t_L,A,Y,rise,40.0,0.09215999999999999,0.7,25.0,138.023,1.0,0.324,0.324,0,1,1,3.7135720667043075,0.08815738673620517,3.0864197530864197,3.0864197530864197,0.2844444444444444,0.2844444444444444,0.2844444444444444,3.0864197530864197,1.4285714285714286,0.04,0.0,1
ASAP7,NAND2X1,NAND2x1_ASAP7_6t_L,B,Y,fall,40.0,0.046079999999999996,0.7,25.0,172.555,0.5,0.108,0.216,0,1,1,3.7135720667043075,0.04504984455370874,9.25925925925926,4.62962962962963,0.42666666666666664,0.21333333333333332,0.21333333333333332,4.62962962962963,1.4285714285714286,0.04,-0.3333333333333333,1
ASAP7,XOR2X2,XOR2x2_ASAP7_6t_L,A,Y,rise,10.0,0.011519999999999999,0.7,25.0,45.7668,1.0,0.37799999999999995,0.37799999999999995,0,1,1,2.3978952727983707,0.011454150045115854,2.645502645502646,2.645502645502646,0.03047619047619048,0.03047619047619048,0.03047619047619048,2.645502645502646,1.4285714285714286,0.04,0.0,1
ASAP7,AND3X4,AND3x4_ASAP7_6t_L,B,Y,fall,5.0,0.023039999999999998,0.7,25.0,46.4577,0.7,0.37799999999999995,0.54,0,1,1,1.791759469228055,0.02277858688933957,2.645502645502646,1.8518518518518516,0.06095238095238096,0.04266666666666666,0.04266666666666666,1.8518518518518516,1.4285714285714286,0.04,-0.17647058823529424,1
ASAP7,XOR2X2,XOR2x2_ASAP7_6t_L,A,Y,fall,160.0,0.046079999999999996,0.7,25.0,129.733,1.0,0.37799999999999995,0.37799999999999995,0,1,1,5.081404364984463,0.04504984455370874,2.645502645502646,2.645502645502646,0.12190476190476192,0.12190476190476192,0.12190476190476192,2.645502645502646,1.4285714285714286,0.04,0.0,1
ASAP7,INVX1,INVx1_ASAP7_6t_L,A,Y,rise,80.0,0.011519999999999999,0.7,25.0,84.1453,1.0,0.054,0.054,1,1,1,4.394449154672438,0.011454150045115854,18.51851851851852,18.51851851851852,0.21333333333333332,0.21333333333333332,0.21333333333333332,18.51851851851852,1.4285714285714286,0.04,0.0,1
ASAP7,OR4X1,OR4x1_ASAP7_6t_L,A,Y,rise,20.0,0.0028799999999999997,0.7,25.0,27.4002,1.0,0.27,0.27,0,1,1,3.044522437723423,0.002875860745464264,3.7037037037037033,3.7037037037037033,0.010666666666666665,0.010666666666666665,0.010666666666666665,3.7037037037037033,1.4285714285714286,0.04,0.0,1
ASAP7,NAND3X2,NAND3x2_ASAP7_6t_L,C,Y,rise,10.0,0.0028799999999999997,0.7,25.0,19.4332,0.33333333333333326,0.324,0.9720000000000002,0,1,1,2.3978952727983707,0.002875860745464264,3.0864197530864197,1.0288065843621397,0.008888888888888887,0.002962962962962962,0.008888888888888887,3.0864197530864197,1.4285714285714286,0.04,-0.5,1
ASAP7,AND4X2,AND4x2_ASAP7_6t_L,C,Y,rise,80.0,0.0028799999999999997,0.7,25.0,43.8363,1.0,0.324,0.324,0,1,1,4.394449154672438,0.002875860745464264,3.0864197530864197,3.0864197530864197,0.008888888888888887,0.008888888888888887,0.008888888888888887,3.0864197530864197,1.4285714285714286,0.04,0.0,1
ASAP7,OR2X4,OR2x4_ASAP7_6t_L,B,Y,rise,5.0,0.023039999999999998,0.7,25.0,43.8411,1.0,0.324,0.324,0,1,1,1.791759469228055,0.02277858688933957,3.0864197530864197,3.0864197530864197,0.0711111111111111,0.0711111111111111,0.0711111111111111,3.0864197530864197,1.4285714285714286,0.04,0.0,1
ASAP7,NAND3X2,NAND3x2_ASAP7_6t_L,A,Y,fall,320.0,0.0028799999999999997,0.7,25.0,14.4581,0.33333333333333326,0.324,0.9720000000000002,0,1,1,5.771441123130016,0.002875860745464264,3.0864197530864197,1.0288065843621397,0.008888888888888887,0.002962962962962962,0.002962962962962962,1.0288065843621397,1.4285714285714286,0.04,-0.5,1
ASAP7,NOR3X1,NOR3x1_ASAP7_6t_L,C,Y,fall,80.0,0.023039999999999998,0.7,25.0,125.674,3.0,0.486,0.162,0,1,1,4.394449154672438,0.02277858688933957,2.05761316872428,6.172839506172839,0.047407407407407405,0.1422222222222222,0.1422222222222222,6.172839506172839,1.4285714285714286,0.04,0.4999999999999999,1
ASAP7,INVX4,INVx4_ASAP7_6t_L,A,Y,fall,10.0,0.0057599999999999995,0.7,25.0,10.2647,1.0,0.216,0.216,1,1,1,2.3978952727983707,0.005743474627065725,4.62962962962963,4.62962962962963,0.026666666666666665,0.026666666666666665,0.026666666666666665,4.62962962962963,1.4285714285714286,0.04,0.0,1
ASAP7,BUFX2,BUFx2_ASAP7_6t_L,A,Y,fall,40.0,0.011519999999999999,0.7,25.0,52.0516,1.0,0.135,0.135,0,1,1,3.7135720667043075,0.011454150045115854,7.4074074074074066,7.4074074074074066,0.08533333333333332,0.08533333333333332,0.08533333333333332,7.4074074074074066,1.4285714285714286,0.04,0.0,1
ASAP7,NOR3X1,NOR3x1_ASAP7_6t_L,C,Y,fall,80.0,0.046079999999999996,0.7,25.0,219.994,3.0,0.486,0.162,0,1,1,4.394449154672438,0.04504984455370874,2.05761316872428,6.172839506172839,0.09481481481481481,0.2844444444444444,0.2844444444444444,6.172839506172839,1.4285714285714286,0.04,0.4999999999999999,1
ASAP7,NAND3X2,NAND3x2_ASAP7_6t_L,A,Y,rise,5.0,0.0057599999999999995,0.7,25.0,21.6229,0.33333333333333326,0.324,0.9720000000000002,0,1,1,1.791759469228055,0.005743474627065725,3.0864197530864197,1.0288065843621397,0.017777777777777774,0.005925925925925924,0.017777777777777774,3.0864197530864197,1.4285714285714286,0.04,-0.5,1
ASAP7,XOR2X2,XOR2x2_ASAP7_6t_L,A,Y,rise,40.0,0.0057599999999999995,0.7,25.0,35.0887,1.0,0.37799999999999995,0.37799999999999995,0,1,1,3.7135720667043075,0.005743474627065725,2.645502645502646,2.645502645502646,0.01523809523809524,0.01523809523809524,0.01523809523809524,2.645502645502646,1.4285714285714286,0.04,0.0,1
ASAP7,NAND3X2,NAND3x2_ASAP7_6t_L,B,Y,rise,320.0,0.0028799999999999997,0.7,25.0,73.5595,0.33333333333333326,0.324,0.9720000000000002,0,1,1,5.771441123130016,0.002875860745464264,3.0864197530864197,1.0288065843621397,0.008888888888888887,0.002962962962962962,0.008888888888888887,3.0864197530864197,1.4285714285714286,0.04,-0.5,1
ASAP7,NOR3X1,NOR3x1_ASAP7_6t_L,C,Y,rise,320.0,0.0057599999999999995,0.7,25.0,56.51,3.0,0.486,0.162,0,1,1,5.771441123130016,0.005743474627065725,2.05761316872428,6.172839506172839,0.011851851851851851,0.03555555555555555,0.011851851851851851,2.05761316872428,1.4285714285714286,0.04,0.4999999999999999,1
ASAP7,INVX1,INVx1_ASAP7_6t_L,A,Y,fall,5.0,0.0014399999999999999,0.7,25.0,9.13391,1.0,0.054,0.054,1,1,1,1.791759469228055,0.0014389641942542824,18.51851851851852,18.51851851851852,0.026666666666666665,0.026666666666666665,0.026666666666666665,18.51851851851852,1.4285714285714286,0.04,0.0,1
ASAP7,OR4X1,OR4x1_ASAP7_6t_L,D,Y,rise,20.0,0.0014399999999999999,0.7,25.0,21.9387,1.0,0.27,0.27,0,1,1,3.044522437723423,0.0014389641942542824,3.7037037037037033,3.7037037037037033,0.005333333333333332,0.005333333333333332,0.005333333333333332,3.7037037037037033,1.4285714285714286,0.04,0.0,1
ASAP7,INVX8,INVx8_ASAP7_6t_L,A,Y,fall,40.0,0.023039999999999998,0.7,25.0,24.2284,1.0,0.43199999999999994,0.43199999999999994,1,1,1,3.7135720667043075,0.02277858688933957,2.3148148148148153,2.3148148148148153,0.053333333333333344,0.053333333333333344,0.053333333333333344,2.3148148148148153,1.4285714285714286,0.04,0.0,1
ASAP7,NOR3X2,NOR3x2_ASAP7_6t_L,C,Y,fall,20.0,0.0028799999999999997,0.7,25.0,19.1278,3.0000000000000004,0.9720000000000002,0.324,0,1,1,3.044522437723423,0.002875860745464264,1.0288065843621397,3.0864197530864197,0.002962962962962962,0.008888888888888887,0.008888888888888887,3.0864197530864197,1.4285714285714286,0.04,0.5,1
ASAP7,OR4X1,OR4x1_ASAP7_6t_L,A,Y,rise,320.0,0.0028799999999999997,0.7,25.0,28.2625,1.0,0.27,0.27,0,1,1,5.771441123130016,0.002875860745464264,3.7037037037037033,3.7037037037037033,0.010666666666666665,0.010666666666666665,0.010666666666666665,3.7037037037037033,1.4285714285714286,0.04,0.0,1
ASAP7,AND4X2,AND4x2_ASAP7_6t_L,A,Y,fall,20.0,0.0028799999999999997,0.7,25.0,23.1876,1.0,0.324,0.324,0,1,1,3.044522437723423,0.002875860745464264,3.0864197530864197,3.0864197530864197,0.008888888888888887,0.008888888888888887,0.008888888888888887,3.0864197530864197,1.4285714285714286,0.04,0.0,1
ASAP7,XOR2X2,XOR2x2_ASAP7_6t_L,B,Y,rise,320.0,0.0057599999999999995,0.7,25.0,41.6605,1.0,0.37799999999999995,0.37799999999999995,0,1,1,5.771441123130016,0.005743474627065725,2.645502645502646,2.645502645502646,0.01523809523809524,0.01523809523809524,0.01523809523809524,2.645502645502646,1.4285714285714286,0.04,0.0,1
ASAP7,OR3X4,OR3x4_ASAP7_6t_L,A,Y,rise,20.0,0.09215999999999999,0.7,25.0,135.26,1.0,0.37799999999999995,0.37799999999999995,0,1,1,3.044522437723423,0.08815738673620517,2.645502645502646,2.645502645502646,0.24380952380952384,0.24380952380952384,0.24380952380952384,2.645502645502646,1.4285714285714286,0.04,0.0,1
ASAP7,NAND2X1,NAND2x1_ASAP7_6t_L,B,Y,fall,40.0,0.0057599999999999995,0.7,25.0,33.3293,0.5,0.108,0.216,0,1,1,3.7135720667043075,0.005743474627065725,9.25925925925926,4.62962962962963,0.05333333333333333,0.026666666666666665,0.026666666666666665,4.62962962962963,1.4285714285714286,0.04,-0.3333333333333333,1
ASAP7,OR4X1,OR4x1_ASAP7_6t_L,C,Y,fall,20.0,0.023039999999999998,0.7,25.0,130.652,1.0,0.27,0.27,0,1,1,3.044522437723423,0.02277858688933957,3.7037037037037033,3.7037037037037033,0.08533333333333332,0.08533333333333332,0.08533333333333332,3.7037037037037033,1.4285714285714286,0.04,0.0,1
ASAP7,OR4X1,OR4x1_ASAP7_6t_L,A,Y,fall,320.0,0.023039999999999998,0.7,25.0,182.75,1.0,0.27,0.27,0,1,1,5.771441123130016,0.02277858688933957,3.7037037037037033,3.7037037037037033,0.08533333333333332,0.08533333333333332,0.08533333333333332,3.7037037037037033,1.4285714285714286,0.04,0.0,1
ASAP7,OR3X4,OR3x4_ASAP7_6t_L,A,Y,rise,80.0,0.0028799999999999997,0.7,25.0,31.8451,1.0,0.37799999999999995,0.37799999999999995,0,1,1,4.394449154672438,0.002875860745464264,2.645502645502646,2.645502645502646,0.00761904761904762,0.00761904761904762,0.00761904761904762,2.645502645502646,1.4285714285714286,0.04,0.0,1
ASAP7,BUFX2,BUFx2_ASAP7_6t_L,A,Y,fall,80.0,0.046079999999999996,0.7,25.0,130.714,1.0,0.135,0.135,0,1,1,4.394449154672438,0.04504984455370874,7.4074074074074066,7.4074074074074066,0.34133333333333327,0.34133333333333327,0.34133333333333327,7.4074074074074066,1.4285714285714286,0.04,0.0,1
ASAP7,NOR3X2,NOR3x2_ASAP7_6t_L,C,Y,fall,320.0,0.011519999999999999,0.7,25.0,92.2444,3.0000000000000004,0.9720000000000002,0.324,0,1,1,5.771441123130016,0.011454150045115854,1.0288065843621397,3.0864197530864197,0.011851851851851848,0.03555555555555555,0.03555555555555555,3.0864197530864197,1.4285714285714286,0.04,0.5,1
ASAP7,NAND3X2,NAND3x2_ASAP7_6t_L,A,Y,rise,160.0,0.0057599999999999995,0.7,25.0,57.507,0.33333333333333326,0.324,0.9720000000000002,0,1,1,5.081404364984463,0.005743474627065725,3.0864197530864197,1.0288065843621397,0.017777777777777774,0.005925925925925924,0.017777777777777774,3.0864197530864197,1.4285714285714286,0.04,-0.5,1
ASAP7,OR2X2,OR2x2_ASAP7_6t_L,A,Y,fall,40.0,0.0014399999999999999,0.7,25.0,25.9217,1.3333333333333335,0.216,0.162,0,1,1,3.7135720667043075,0.0014389641942542824,4.62962962962963,6.172839506172839,0.006666666666666666,0.008888888888888887,0.008888888888888887,6.172839506172839,1.4285714285714286,0.04,0.14285714285714285,1
ASAP7,OR2X2,OR2x2_ASAP7_6t_L,A,Y,fall,160.0,0.0014399999999999999,0.7,25.0,35.7176,1.3333333333333335,0.216,0.162,0,1,1,5.081404364984463,0.0014389641942542824,4.62962962962963,6.172839506172839,0.006666666666666666,0.008888888888888887,0.008888888888888887,6.172839506172839,1.4285714285714286,0.04,0.14285714285714285,1
ASAP7,OR2X4,OR2x4_ASAP7_6t_L,A,Y,fall,5.0,0.046079999999999996,0.7,25.0,78.5381,1.0,0.324,0.324,0,1,1,1.791759469228055,0.04504984455370874,3.0864197530864197,3.0864197530864197,0.1422222222222222,0.1422222222222222,0.1422222222222222,3.0864197530864197,1.4285714285714286,0.04,0.0,1
ASAP7,NOR3X1,NOR3x1_ASAP7_6t_L,A,Y,fall,40.0,0.046079999999999996,0.7,25.0,204.856,3.0,0.486,0.162,0,1,1,3.7135720667043075,0.04504984455370874,2.05761316872428,6.172839506172839,0.09481481481481481,0.2844444444444444,0.2844444444444444,6.172839506172839,1.4285714285714286,0.04,0.4999999999999999,1
ASAP7,INVX1,INVx1_ASAP7_6t_L,A,Y,fall,20.0,0.023039999999999998,0.7,25.0,101.674,1.0,0.054,0.054,1,1,1,3.044522437723423,0.02277858688933957,18.51851851851852,18.51851851851852,0.42666666666666664,0.42666666666666664,0.42666666666666664,18.51851851851852,1.4285714285714286,0.04,0.0,1
ASAP7,XOR2X2,XOR2x2_ASAP7_6t_L,A,Y,fall,160.0,0.023039999999999998,0.7,25.0,82.5116,1.0,0.37799999999999995,0.37799999999999995,0,1,1,5.081404364984463,0.02277858688933957,2.645502645502646,2.645502645502646,0.06095238095238096,0.06095238095238096,0.06095238095238096,2.645502645502646,1.4285714285714286,0.04,0.0,1
ASAP7,XOR2X2,XOR2x2_ASAP7_6t_L,A,Y,fall,10.0,0.0014399999999999999,0.7,25.0,22.0502,1.0,0.37799999999999995,0.37799999999999995,0,1,1,2.3978952727983707,0.0014389641942542824,2.645502645502646,2.645502645502646,0.00380952380952381,0.00380952380952381,0.00380952380952381,2.645502645502646,1.4285714285714286,0.04,0.0,1
ASAP7,INVX8,INVx8_ASAP7_6t_L,A,Y,rise,40.0,0.18431999999999998,0.7,25.0,129.377,1.0,0.43199999999999994,0.43199999999999994,1,1,1,3.7135720667043075,0.1691687702156541,2.3148148148148153,2.3148148148148153,0.42666666666666675,0.42666666666666675,0.42666666666666675,2.3148148148148153,1.4285714285714286,0.04,0.0,1
ASAP7,AND4X2,AND4x2_ASAP7_6t_L,A,Y,rise,5.0,0.0057599999999999995,0.7,25.0,43.2727,1.0,0.324,0.324,0,1,1,1.791759469228055,0.005743474627065725,3.0864197530864197,3.0864197530864197,0.017777777777777774,0.017777777777777774,0.017777777777777774,3.0864197530864197,1.4285714285714286,0.04,0.0,1
ASAP7,XOR2X2,XOR2x2_ASAP7_6t_L,A,Y,fall,10.0,0.023039999999999998,0.7,25.0,68.8214,1.0,0.37799999999999995,0.37799999999999995,0,1,1,2.3978952727983707,0.02277858688933957,2.645502645502646,2.645502645502646,0.06095238095238096,0.06095238095238096,0.06095238095238096,2.645502645502646,1.4285714285714286,0.04,0.0,1
ASAP7,NAND2X1,NAND2x1_ASAP7_6t_L,B,Y,fall,320.0,0.0014399999999999999,0.7,25.0,17.8768,0.5,0.108,0.216,0,1,1,5.771441123130016,0.0014389641942542824,9.25925925925926,4.62962962962963,0.013333333333333332,0.006666666666666666,0.006666666666666666,4.62962962962963,1.4285714285714286,0.04,-0.3333333333333333,1
ASAP7,XOR2X2,XOR2x2_ASAP7_6t_L,B,Y,fall,160.0,0.011519999999999999,0.7,25.0,53.4012,1.0,0.37799999999999995,0.37799999999999995,0,1,1,5.081404364984463,0.011454150045115854,2.645502645502646,2.645502645502646,0.03047619047619048,0.03047619047619048,0.03047619047619048,2.645502645502646,1.4285714285714286,0.04,0.0,1
ASAP7,OR4X1,OR4x1_ASAP7_6t_L,A,Y,fall,5.0,0.0028799999999999997,0.7,25.0,40.3028,1.0,0.27,0.27,0,1,1,1.791759469228055,0.002875860745464264,3.7037037037037033,3.7037037037037033,0.010666666666666665,0.010666666666666665,0.010666666666666665,3.7037037037037033,1.4285714285714286,0.04,0.0,1
ASAP7,OR2X2,OR2x2_ASAP7_6t_L,B,Y,rise,320.0,0.023039999999999998,0.7,25.0,107.501,1.3333333333333335,0.216,0.162,0,1,1,5.771441123130016,0.02277858688933957,4.62962962962963,6.172839506172839,0.10666666666666666,0.1422222222222222,0.10666666666666666,4.62962962962963,1.4285714285714286,0.04,0.14285714285714285,1
ASAP7,NAND3X1,NAND3x1_ASAP7_6t_L,B,Y,rise,10.0,0.0057599999999999995,0.7,25.0,38.8332,0.3333333333333333,0.162,0.486,0,1,1,2.3978952727983707,0.005743474627065725,6.172839506172839,2.05761316872428,0.03555555555555555,0.011851851851851851,0.03555555555555555,6.172839506172839,1.4285714285714286,0.04,-0.4999999999999999,1
ASAP7,NOR2X2,NOR2x2_ASAP7_6t_L,A,Y,fall,10.0,0.0028799999999999997,0.7,25.0,13.1345,1.9999999999999998,0.43199999999999994,0.216,0,1,1,2.3978952727983707,0.002875860745464264,2.3148148148148153,4.62962962962963,0.006666666666666668,0.013333333333333332,0.013333333333333332,4.62962962962963,1.4285714285714286,0.04,0.3333333333333333,1
ASAP7,AND3X2,AND3x2_ASAP7_6t_L,B,Y,fall,40.0,0.09215999999999999,0.7,25.0,211.847,1.0,0.27,0.27,0,1,1,3.7135720667043075,0.08815738673620517,3.7037037037037033,3.7037037037037033,0.34133333333333327,0.34133333333333327,0.34133333333333327,3.7037037037037033,1.4285714285714286,0.04,0.0,1
ASAP7,OR4X1,OR4x1_ASAP7_6t_L,D,Y,rise,40.0,0.0028799999999999997,0.7,25.0,31.9328,1.0,0.27,0.27,0,1,1,3.7135720667043075,0.002875860745464264,3.7037037037037033,3.7037037037037033,0.010666666666666665,0.010666666666666665,0.010666666666666665,3.7037037037037033,1.4285714285714286,0.04,0.0,1
ASAP7,AND4X2,AND4x2_ASAP7_6t_L,D,Y,rise,10.0,0.0028799999999999997,0.7,25.0,37.6775,1.0,0.324,0.324,0,1,1,2.3978952727983707,0.002875860745464264,3.0864197530864197,3.0864197530864197,0.008888888888888887,0.008888888888888887,0.008888888888888887,3.0864197530864197,1.4285714285714286,0.04,0.0,1
ASAP7,AND4X2,AND4x2_ASAP7_6t_L,C,Y,rise,40.0,0.09215999999999999,0.7,25.0,263.505,1.0,0.324,0.324,0,1,1,3.7135720667043075,0.08815738673620517,3.0864197530864197,3.0864197530864197,0.2844444444444444,0.2844444444444444,0.2844444444444444,3.0864197530864197,1.4285714285714286,0.04,0.0,1
ASAP7,BUFX2,BUFx2_ASAP7_6t_L,A,Y,fall,5.0,0.09215999999999999,0.7,25.0,208.094,1.0,0.135,0.135,0,1,1,1.791759469228055,0.08815738673620517,7.4074074074074066,7.4074074074074066,0.6826666666666665,0.6826666666666665,0.6826666666666665,7.4074074074074066,1.4285714285714286,0.04,0.0,1
ASAP7,OR2X2,OR2x2_ASAP7_6t_L,A,Y,fall,20.0,0.011519999999999999,0.7,25.0,45.7656,1.3333333333333335,0.216,0.162,0,1,1,3.044522437723423,0.011454150045115854,4.62962962962963,6.172839506172839,0.05333333333333333,0.0711111111111111,0.0711111111111111,6.172839506172839,1.4285714285714286,0.04,0.14285714285714285,1
ASAP7,INVX8,INVx8_ASAP7_6t_L,A,Y,fall,160.0,0.36863999999999997,0.7,25.0,239.224,1.0,0.43199999999999994,0.43199999999999994,1,1,1,5.081404364984463,0.31381754605640666,2.3148148148148153,2.3148148148148153,0.8533333333333335,0.8533333333333335,0.8533333333333335,2.3148148148148153,1.4285714285714286,0.04,0.0,1
ASAP7,NOR3X2,NOR3x2_ASAP7_6t_L,C,Y,rise,10.0,0.0057599999999999995,0.7,25.0,22.6714,3.0000000000000004,0.9720000000000002,0.324,0,1,1,2.3978952727983707,0.005743474627065725,1.0288065843621397,3.0864197530864197,0.005925925925925924,0.017777777777777774,0.005925925925925924,1.0288065843621397,1.4285714285714286,0.04,0.5,1
ASAP7,XOR2X2,XOR2x2_ASAP7_6t_L,B,Y,rise,10.0,0.011519999999999999,0.7,25.0,45.1552,1.0,0.37799999999999995,0.37799999999999995,0,1,1,2.3978952727983707,0.011454150045115854,2.645502645502646,2.645502645502646,0.03047619047619048,0.03047619047619048,0.03047619047619048,2.645502645502646,1.4285714285714286,0.04,0.0,1
ASAP7,OR2X4,OR2x4_ASAP7_6t_L,A,Y,fall,40.0,0.023039999999999998,0.7,25.0,60.8794,1.0,0.324,0.324,0,1,1,3.7135720667043075,0.02277858688933957,3.0864197530864197,3.0864197530864197,0.0711111111111111,0.0711111111111111,0.0711111111111111,3.0864197530864197,1.4285714285714286,0.04,0.0,1
ASAP7,NOR3X2,NOR3x2_ASAP7_6t_L,B,Y,rise,80.0,0.011519999999999999,0.7,25.0,48.3136,3.0000000000000004,0.9720000000000002,0.324,0,1,1,4.394449154672438,0.011454150045115854,1.0288065843621397,3.0864197530864197,0.011851851851851848,0.03555555555555555,0.011851851851851848,1.0288065843621397,1.4285714285714286,0.04,0.5,1
ASAP7,NOR3X1,NOR3x1_ASAP7_6t_L,B,Y,fall,20.0,0.0028799999999999997,0.7,25.0,23.6755,3.0,0.486,0.162,0,1,1,3.044522437723423,0.002875860745464264,2.05761316872428,6.172839506172839,0.005925925925925926,0.017777777777777774,0.017777777777777774,6.172839506172839,1.4285714285714286,0.04,0.4999999999999999,1
ASAP7,AND4X2,AND4x2_ASAP7_6t_L,C,Y,rise,160.0,0.046079999999999996,0.7,25.0,161.343,1.0,0.324,0.324,0,1,1,5.081404364984463,0.04504984455370874,3.0864197530864197,3.0864197530864197,0.1422222222222222,0.1422222222222222,0.1422222222222222,3.0864197530864197,1.4285714285714286,0.04,0.0,1
ASAP7,OR3X4,OR3x4_ASAP7_6t_L,C,Y,fall,80.0,0.046079999999999996,0.7,25.0,105.58,1.0,0.37799999999999995,0.37799999999999995,0,1,1,4.394449154672438,0.04504984455370874,2.645502645502646,2.645502645502646,0.12190476190476192,0.12190476190476192,0.12190476190476192,2.645502645502646,1.4285714285714286,0.04,0.0,1
ASAP7,AND3X4,AND3x4_ASAP7_6t_L,C,Y,rise,20.0,0.09215999999999999,0.7,25.0,139.846,0.7,0.37799999999999995,0.54,0,1,1,3.044522437723423,0.08815738673620517,2.645502645502646,1.8518518518518516,0.24380952380952384,0.17066666666666663,0.24380952380952384,2.645502645502646,1.4285714285714286,0.04,-0.17647058823529424,1
ASAP7,NOR2X2,NOR2x2_ASAP7_6t_L,B,Y,fall,80.0,0.0028799999999999997,0.7,25.0,22.758,1.9999999999999998,0.43199999999999994,0.216,0,1,1,4.394449154672438,0.002875860745464264,2.3148148148148153,4.62962962962963,0.006666666666666668,0.013333333333333332,0.013333333333333332,4.62962962962963,1.4285714285714286,0.04,0.3333333333333333,1
ASAP7,OR2X2,OR2x2_ASAP7_6t_L,B,Y,fall,20.0,0.011519999999999999,0.7,25.0,46.3145,1.3333333333333335,0.216,0.162,0,1,1,3.044522437723423,0.011454150045115854,4.62962962962963,6.172839506172839,0.05333333333333333,0.0711111111111111,0.0711111111111111,6.172839506172839,1.4285714285714286,0.04,0.14285714285714285,1
ASAP7,NAND3X1,NAND3x1_ASAP7_6t_L,A,Y,fall,20.0,0.011519999999999999,0.7,25.0,46.2155,0.3333333333333333,0.162,0.486,0,1,1,3.044522437723423,0.011454150045115854,6.172839506172839,2.05761316872428,0.0711111111111111,0.023703703703703703,0.023703703703703703,2.05761316872428,1.4285714285714286,0.04,-0.4999999999999999,1
ASAP7,NOR2X1,NOR2x1_ASAP7_6t_L,A,Y,rise,10.0,0.046079999999999996,0.7,25.0,221.02,2.0,0.216,0.108,0,1,1,2.3978952727983707,0.04504984455370874,4.62962962962963,9.25925925925926,0.21333333333333332,0.42666666666666664,0.21333333333333332,4.62962962962963,1.4285714285714286,0.04,0.3333333333333333,1
ASAP7,OR2X4,OR2x4_ASAP7_6t_L,B,Y,rise,5.0,0.011519999999999999,0.7,25.0,29.4565,1.0,0.324,0.324,0,1,1,1.791759469228055,0.011454150045115854,3.0864197530864197,3.0864197530864197,0.03555555555555555,0.03555555555555555,0.03555555555555555,3.0864197530864197,1.4285714285714286,0.04,0.0,1
ASAP7,XOR2X2,XOR2x2_ASAP7_6t_L,B,Y,fall,40.0,0.011519999999999999,0.7,25.0,47.8796,1.0,0.37799999999999995,0.37799999999999995,0,1,1,3.7135720667043075,0.011454150045115854,2.645502645502646,2.645502645502646,0.03047619047619048,0.03047619047619048,0.03047619047619048,2.645502645502646,1.4285714285714286,0.04,0.0,1
ASAP7,NAND3X1,NAND3x1_ASAP7_6t_L,B,Y,rise,10.0,0.046079999999999996,0.7,25.0,237.612,0.3333333333333333,0.162,0.486,0,1,1,2.3978952727983707,0.04504984455370874,6.172839506172839,2.05761316872428,0.2844444444444444,0.09481481481481481,0.2844444444444444,6.172839506172839,1.4285714285714286,0.04,-0.4999999999999999,1
ASAP7,OR2X2,OR2x2_ASAP7_6t_L,B,Y,rise,80.0,0.046079999999999996,0.7,25.0,144.791,1.3333333333333335,0.216,0.162,0,1,1,4.394449154672438,0.04504984455370874,4.62962962962963,6.172839506172839,0.21333333333333332,0.2844444444444444,0.21333333333333332,4.62962962962963,1.4285714285714286,0.04,0.14285714285714285,1
ASAP7,AND4X2,AND4x2_ASAP7_6t_L,B,Y,rise,320.0,0.046079999999999996,0.7,25.0,180.732,1.0,0.324,0.324,0,1,1,5.771441123130016,0.04504984455370874,3.0864197530864197,3.0864197530864197,0.1422222222222222,0.1422222222222222,0.1422222222222222,3.0864197530864197,1.4285714285714286,0.04,0.0,1
ASAP7,NAND3X1,NAND3x1_ASAP7_6t_L,A,Y,rise,160.0,0.0028799999999999997,0.7,25.0,56.6121,0.3333333333333333,0.162,0.486,0,1,1,5.081404364984463,0.002875860745464264,6.172839506172839,2.05761316872428,0.017777777777777774,0.005925925925925926,0.017777777777777774,6.172839506172839,1.4285714285714286,0.04,-0.4999999999999999,1
ASAP7,NOR3X1,NOR3x1_ASAP7_6t_L,A,Y,rise,10.0,0.0028799999999999997,0.7,25.0,20.1465,3.0,0.486,0.162,0,1,1,2.3978952727983707,0.002875860745464264,2.05761316872428,6.172839506172839,0.005925925925925926,0.017777777777777774,0.005925925925925926,2.05761316872428,1.4285714285714286,0.04,0.4999999999999999,1
ASAP7,AND4X2,AND4x2_ASAP7_6t_L,C,Y,rise,5.0,0.0028799999999999997,0.7,25.0,36.9168,1.0,0.324,0.324,0,1,1,1.791759469228055,0.002875860745464264,3.0864197530864197,3.0864197530864197,0.008888888888888887,0.008888888888888887,0.008888888888888887,3.0864197530864197,1.4285714285714286,0.04,0.0,1
ASAP7,NOR2X2,NOR2x2_ASAP7_6t_L,A,Y,rise,10.0,0.0028799999999999997,0.7,25.0,13.5634,1.9999999999999998,0.43199999999999994,0.216,0,1,1,2.3978952727983707,0.002875860745464264,2.3148148148148153,4.62962962962963,0.006666666666666668,0.013333333333333332,0.006666666666666668,2.3148148148148153,1.4285714285714286,0.04,0.3333333333333333,1
ASAP7,OR4X1,OR4x1_ASAP7_6t_L,D,Y,fall,80.0,0.011519999999999999,0.7,25.0,89.3272,1.0,0.27,0.27,0,1,1,4.394449154672438,0.011454150045115854,3.7037037037037033,3.7037037037037033,0.04266666666666666,0.04266666666666666,0.04266666666666666,3.7037037037037033,1.4285714285714286,0.04,0.0,1
ASAP7,XOR2X2,XOR2x2_ASAP7_6t_L,B,Y,fall,5.0,0.023039999999999998,0.7,25.0,68.1241,1.0,0.37799999999999995,0.37799999999999995,0,1,1,1.791759469228055,0.02277858688933957,2.645502645502646,2.645502645502646,0.06095238095238096,0.06095238095238096,0.06095238095238096,2.645502645502646,1.4285714285714286,0.04,0.0,1
ASAP7,OR3X4,OR3x4_ASAP7_6t_L,B,Y,rise,40.0,0.0057599999999999995,0.7,25.0,31.7748,1.0,0.37799999999999995,0.37799999999999995,0,1,1,3.7135720667043075,0.005743474627065725,2.645502645502646,2.645502645502646,0.01523809523809524,0.01523809523809524,0.01523809523809524,2.645502645502646,1.4285714285714286,0.04,0.0,1
ASAP7,INVX2,INVx2_ASAP7_6t_L,A,Y,rise,20.0,0.023039999999999998,0.7,25.0,64.6293,1.0,0.108,0.108,1,1,1,3.044522437723423,0.02277858688933957,9.25925925925926,9.25925925925926,0.21333333333333332,0.21333333333333332,0.21333333333333332,9.25925925925926,1.4285714285714286,0.04,0.0,1
ASAP7,OR4X1,OR4x1_ASAP7_6t_L,B,Y,rise,40.0,0.046079999999999996,0.7,25.0,242.575,1.0,0.27,0.27,0,1,1,3.7135720667043075,0.04504984455370874,3.7037037037037033,3.7037037037037033,0.17066666666666663,0.17066666666666663,0.17066666666666663,3.7037037037037033,1.4285714285714286,0.04,0.0,1
ASAP7,NAND3X2,NAND3x2_ASAP7_6t_L,A,Y,rise,160.0,0.09215999999999999,0.7,25.0,285.071,0.33333333333333326,0.324,0.9720000000000002,0,1,1,5.081404364984463,0.08815738673620517,3.0864197530864197,1.0288065843621397,0.2844444444444444,0.09481481481481478,0.2844444444444444,3.0864197530864197,1.4285714285714286,0.04,-0.5,1
ASAP7,NOR2X2,NOR2x2_ASAP7_6t_L,A,Y,fall,40.0,0.09215999999999999,0.7,25.0,205.1,1.9999999999999998,0.43199999999999994,0.216,0,1,1,3.7135720667043075,0.08815738673620517,2.3148148148148153,4.62962962962963,0.21333333333333337,0.42666666666666664,0.42666666666666664,4.62962962962963,1.4285714285714286,0.04,0.3333333333333333,1
ASAP7,AND3X2,AND3x2_ASAP7_6t_L,C,Y,rise,5.0,0.0028799999999999997,0.7,25.0,30.4558,1.0,0.27,0.27,0,1,1,1.791759469228055,0.002875860745464264,3.7037037037037033,3.7037037037037033,0.010666666666666665,0.010666666666666665,0.010666666666666665,3.7037037037037033,1.4285714285714286,0.04,0.0,1
ASAP7,OR4X1,OR4x1_ASAP7_6t_L,B,Y,fall,10.0,0.046079999999999996,0.7,25.0,222.4,1.0,0.27,0.27,0,1,1,2.3978952727983707,0.04504984455370874,3.7037037037037033,3.7037037037037033,0.17066666666666663,0.17066666666666663,0.17066666666666663,3.7037037037037033,1.4285714285714286,0.04,0.0,1
ASAP7,OR3X4,OR3x4_ASAP7_6t_L,A,Y,fall,20.0,0.046079999999999996,0.7,25.0,97.9204,1.0,0.37799999999999995,0.37799999999999995,0,1,1,3.044522437723423,0.04504984455370874,2.645502645502646,2.645502645502646,0.12190476190476192,0.12190476190476192,0.12190476190476192,2.645502645502646,1.4285714285714286,0.04,0.0,1
ASAP7,AND3X2,AND3x2_ASAP7_6t_L,A,Y,rise,5.0,0.046079999999999996,0.7,25.0,137.837,1.0,0.27,0.27,0,1,1,1.791759469228055,0.04504984455370874,3.7037037037037033,3.7037037037037033,0.17066666666666663,0.17066666666666663,0.17066666666666663,3.7037037037037033,1.4285714285714286,0.04,0.0,1
ASAP7,OR2X4,OR2x4_ASAP7_6t_L,B,Y,rise,320.0,0.046079999999999996,0.7,25.0,94.9122,1.0,0.324,0.324,0,1,1,5.771441123130016,0.04504984455370874,3.0864197530864197,3.0864197530864197,0.1422222222222222,0.1422222222222222,0.1422222222222222,3.0864197530864197,1.4285714285714286,0.04,0.0,1
ASAP7,AND3X2,AND3x2_ASAP7_6t_L,A,Y,rise,80.0,0.046079999999999996,0.7,25.0,151.537,1.0,0.27,0.27,0,1,1,4.394449154672438,0.04504984455370874,3.7037037037037033,3.7037037037037033,0.17066666666666663,0.17066666666666663,0.17066666666666663,3.7037037037037033,1.4285714285714286,0.04,0.0,1
ASAP7,NAND3X1,NAND3x1_ASAP7_6t_L,A,Y,fall,20.0,0.0057599999999999995,0.7,25.0,27.2381,0.3333333333333333,0.162,0.486,0,1,1,3.044522437723423,0.005743474627065725,6.172839506172839,2.05761316872428,0.03555555555555555,0.011851851851851851,0.011851851851851851,2.05761316872428,1.4285714285714286,0.04,-0.4999999999999999,1
ASAP7,AND4X2,AND4x2_ASAP7_6t_L,B,Y,rise,5.0,0.023039999999999998,0.7,25.0,88.9549,1.0,0.324,0.324,0,1,1,1.791759469228055,0.02277858688933957,3.0864197530864197,3.0864197530864197,0.0711111111111111,0.0711111111111111,0.0711111111111111,3.0864197530864197,1.4285714285714286,0.04,0.0,1
ASAP7,NOR2X2,NOR2x2_ASAP7_6t_L,A,Y,rise,40.0,0.0014399999999999999,0.7,25.0,13.4937,1.9999999999999998,0.43199999999999994,0.216,0,1,1,3.7135720667043075,0.0014389641942542824,2.3148148148148153,4.62962962962963,0.003333333333333334,0.006666666666666666,0.003333333333333334,2.3148148148148153,1.4285714285714286,0.04,0.3333333333333333,1
ASAP7,OR3X4,OR3x4_ASAP7_6t_L,B,Y,rise,5.0,0.011519999999999999,0.7,25.0,31.069,1.0,0.37799999999999995,0.37799999999999995,0,1,1,1.791759469228055,0.011454150045115854,2.645502645502646,2.645502645502646,0.03047619047619048,0.03047619047619048,0.03047619047619048,2.645502645502646,1.4285714285714286,0.04,0.0,1
ASAP7,INVX4,INVx4_ASAP7_6t_L,A,Y,fall,20.0,0.011519999999999999,0.7,25.0,19.1064,1.0,0.216,0.216,1,1,1,3.044522437723423,0.011454150045115854,4.62962962962963,4.62962962962963,0.05333333333333333,0.05333333333333333,0.05333333333333333,4.62962962962963,1.4285714285714286,0.04,0.0,1
ASAP7,OR2X2,OR2x2_ASAP7_6t_L,A,Y,fall,10.0,0.046079999999999996,0.7,25.0,115.239,1.3333333333333335,0.216,0.162,0,1,1,2.3978952727983707,0.04504984455370874,4.62962962962963,6.172839506172839,0.21333333333333332,0.2844444444444444,0.2844444444444444,6.172839506172839,1.4285714285714286,0.04,0.14285714285714285,1
ASAP7,AND3X4,AND3x4_ASAP7_6t_L,C,Y,rise,20.0,0.0028799999999999997,0.7,25.0,26.636,0.7,0.37799999999999995,0.54,0,1,1,3.044522437723423,0.002875860745464264,2.645502645502646,1.8518518518518516,0.00761904761904762,0.005333333333333332,0.00761904761904762,2.645502645502646,1.4285714285714286,0.04,-0.17647058823529424,1
ASAP7,OR4X1,OR4x1_ASAP7_6t_L,A,Y,fall,5.0,0.0007199999999999999,0.7,25.0,28.1399,1.0,0.27,0.27,0,1,1,1.791759469228055,0.0007197409243488539,3.7037037037037033,3.7037037037037033,0.002666666666666666,0.002666666666666666,0.002666666666666666,3.7037037037037033,1.4285714285714286,0.04,0.0,1
ASAP7,AND3X2,AND3x2_ASAP7_6t_L,B,Y,rise,160.0,0.023039999999999998,0.7,25.0,98.7038,1.0,0.27,0.27,0,1,1,5.081404364984463,0.02277858688933957,3.7037037037037033,3.7037037037037033,0.08533333333333332,0.08533333333333332,0.08533333333333332,3.7037037037037033,1.4285714285714286,0.04,0.0,1
ASAP7,NAND3X2,NAND3x2_ASAP7_6t_L,B,Y,rise,10.0,0.0057599999999999995,0.7,25.0,24.8596,0.33333333333333326,0.324,0.9720000000000002,0,1,1,2.3978952727983707,0.005743474627065725,3.0864197530864197,1.0288065843621397,0.017777777777777774,0.005925925925925924,0.017777777777777774,3.0864197530864197,1.4285714285714286,0.04,-0.5,1
ASAP7,NAND3X1,NAND3x1_ASAP7_6t_L,A,Y,fall,20.0,0.046079999999999996,0.7,25.0,159.955,0.3333333333333333,0.162,0.486,0,1,1,3.044522437723423,0.04504984455370874,6.172839506172839,2.05761316872428,0.2844444444444444,0.09481481481481481,0.09481481481481481,2.05761316872428,1.4285714285714286,0.04,-0.4999999999999999,1
ASAP7,INVX2,INVx2_ASAP7_6t_L,A,Y,rise,5.0,0.0057599999999999995,0.7,25.0,17.4941,1.0,0.108,0.108,1,1,1,1.791759469228055,0.005743474627065725,9.25925925925926,9.25925925925926,0.05333333333333333,0.05333333333333333,0.05333333333333333,9.25925925925926,1.4285714285714286,0.04,0.0,1
ASAP7,NOR2X2,NOR2x2_ASAP7_6t_L,B,Y,fall,320.0,0.0057599999999999995,0.7,25.0,52.8825,1.9999999999999998,0.43199999999999994,0.216,0,1,1,5.771441123130016,0.005743474627065725,2.3148148148148153,4.62962962962963,0.013333333333333336,0.026666666666666665,0.026666666666666665,4.62962962962963,1.4285714285714286,0.04,0.3333333333333333,1
ASAP7,NAND3X2,NAND3x2_ASAP7_6t_L,A,Y,fall,40.0,0.0057599999999999995,0.7,25.0,21.6396,0.33333333333333326,0.324,0.9720000000000002,0,1,1,3.7135720667043075,0.005743474627065725,3.0864197530864197,1.0288065843621397,0.017777777777777774,0.005925925925925924,0.005925925925925924,1.0288065843621397,1.4285714285714286,0.04,-0.5,1
ASAP7,NOR2X2,NOR2x2_ASAP7_6t_L,A,Y,rise,320.0,0.0028799999999999997,0.7,25.0,31.562,1.9999999999999998,0.43199999999999994,0.216,0,1,1,5.771441123130016,0.002875860745464264,2.3148148148148153,4.62962962962963,0.006666666666666668,0.013333333333333332,0.006666666666666668,2.3148148148148153,1.4285714285714286,0.04,0.3333333333333333,1
ASAP7,INVX4,INVx4_ASAP7_6t_L,A,Y,rise,10.0,0.023039999999999998,0.7,25.0,33.3007,1.0,0.216,0.216,1,1,1,2.3978952727983707,0.02277858688933957,4.62962962962963,4.62962962962963,0.10666666666666666,0.10666666666666666,0.10666666666666666,4.62962962962963,1.4285714285714286,0.04,0.0,1
ASAP7,OR2X4,OR2x4_ASAP7_6t_L,A,Y,fall,80.0,0.046079999999999996,0.7,25.0,92.0061,1.0,0.324,0.324,0,1,1,4.394449154672438,0.04504984455370874,3.0864197530864197,3.0864197530864197,0.1422222222222222,0.1422222222222222,0.1422222222222222,3.0864197530864197,1.4285714285714286,0.04,0.0,1
ASAP7,NOR3X1,NOR3x1_ASAP7_6t_L,B,Y,fall,160.0,0.0014399999999999999,0.7,25.0,36.9171,3.0,0.486,0.162,0,1,1,5.081404364984463,0.0014389641942542824,2.05761316872428,6.172839506172839,0.002962962962962963,0.008888888888888887,0.008888888888888887,6.172839506172839,1.4285714285714286,0.04,0.4999999999999999,1
ASAP7,AND3X2,AND3x2_ASAP7_6t_L,C,Y,fall,10.0,0.0057599999999999995,0.7,25.0,27.7275,1.0,0.27,0.27,0,1,1,2.3978952727983707,0.005743474627065725,3.7037037037037033,3.7037037037037033,0.02133333333333333,0.02133333333333333,0.02133333333333333,3.7037037037037033,1.4285714285714286,0.04,0.0,1
ASAP7,INVX1,INVx1_ASAP7_6t_L,A,Y,rise,320.0,0.023039999999999998,0.7,25.0,214.735,1.0,0.054,0.054,1,1,1,5.771441123130016,0.02277858688933957,18.51851851851852,18.51851851851852,0.42666666666666664,0.42666666666666664,0.42666666666666664,18.51851851851852,1.4285714285714286,0.04,0.0,1
