tech,cell_type,cell_name,from_pin,to_pin,pol,slew,cap,voltage,temp,delay,wp_over_wn,wp_sum,wn_sum,is_inv,stack_pu,stack_pd,log_slew,log_cap,req_p,req_n,rc_p,rc_n,rc_eff,req_eff,inv_v,inv_temp,pn_balance,is_labeled
ASAP7,OR4X1,OR4x1_ASAP7_6t_L,A,Y,fall,20.0,0.0028799999999999997,0.7,25.0,43.3483,1.0,0.27,0.27,0,1,1,3.044522437723423,0.002875860745464264,3.7037037037037033,3.7037037037037033,0.010666666666666665,0.010666666666666665,0.010666666666666665,3.7037037037037033,1.4285714285714286,0.04,0.0,1
ASAP7,NAND3X2,NAND3x2_ASAP7_6t_L,C,Y,fall,10.0,0.023039999999999998,0.7,25.0,45.2311,0.33333333333333326,0.324,0.9720000000000002,0,1,1,2.3978952727983707,0.022778586889339574,3.0864197530864197,1.0288065843621397,0.0711111111111111,0.023703703703703696,0.023703703703703696,1.0288065843621397,1.4285714285714286,0.04,-0.5,1
ASAP7,OR4X1,OR4x1_ASAP7_6t_L,C,Y,rise,320.0,0.0028799999999999997,0.7,25.0,35.8356,1.0,0.27,0.27,0,1,1,5.771441123130016,0.002875860745464264,3.7037037037037033,3.7037037037037033,0.010666666666666665,0.010666666666666665,0.010666666666666665,3.7037037037037033,1.4285714285714286,0.04,0.0,1
ASAP7,AND4X2,AND4x2_ASAP7_6t_L,B,Y,fall,20.0,0.011519999999999999,0.7,25.0,42.1521,1.0,0.324,0.324,0,1,1,3.044522437723423,0.011454150045115854,3.0864197530864197,3.0864197530864197,0.03555555555555555,0.03555555555555555,0.03555555555555555,3.0864197530864197,1.4285714285714286,0.04,0.0,1
ASAP7,NAND3X1,NAND3x1_ASAP7_6t_L,B,Y,rise,80.0,0.046079999999999996,0.7,25.0,258.766,0.3333333333333333,0.162,0.486,0,1,1,4.394449154672439,0.04504984455370874,6.172839506172839,2.05761316872428,0.2844444444444444,0.09481481481481481,0.2844444444444444,6.172839506172839,1.4285714285714286,0.04,-0.4999999999999999,1
ASAP7,OR3X4,OR3x4_ASAP7_6t_L,C,Y,rise,40.0,0.046079999999999996,0.7,25.0,83.1311,1.0,0.37799999999999995,0.37799999999999995,0,1,1,3.713572066704308,0.04504984455370874,2.645502645502646,2.645502645502646,0.12190476190476192,0.12190476190476192,0.12190476190476192,2.645502645502646,1.4285714285714286,0.04,0.0,1
ASAP7,OR2X2,OR2x2_ASAP7_6t_L,B,Y,rise,160.0,0.046079999999999996,0.7,25.0,152.793,1.3333333333333335,0.216,0.162,0,1,1,5.081404364984463,0.04504984455370874,4.62962962962963,6.172839506172839,0.21333333333333332,0.2844444444444444,0.21333333333333332,4.62962962962963,1.4285714285714286,0.04,0.14285714285714285,1
ASAP7,BUFX8,BUFx8_ASAP7_6t_L,A,Y,rise,320.0,0.011519999999999999,0.7,25.0,45.566,1.0,0.54,0.54,0,1,1,5.771441123130016,0.011454150045115854,1.8518518518518516,1.8518518518518516,0.02133333333333333,0.02133333333333333,0.02133333333333333,1.8518518518518516,1.4285714285714286,0.04,0.0,1
ASAP7,OR3X4,OR3x4_ASAP7_6t_L,A,Y,fall,20.0,0.0057599999999999995,0.7,25.0,49.5716,1.0,0.37799999999999995,0.37799999999999995,0,1,1,3.044522437723423,0.005743474627065725,2.645502645502646,2.645502645502646,0.01523809523809524,0.01523809523809524,0.01523809523809524,2.645502645502646,1.4285714285714286,0.04,0.0,1
ASAP7,NAND2X2,NAND2x2_ASAP7_6t_L,A,Y,rise,320.0,0.023039999999999998,0.7,25.0,151.514,0.5000000000000001,0.216,0.43199999999999994,0,1,1,5.771441123130016,0.022778586889339574,4.62962962962963,2.3148148148148153,0.10666666666666666,0.053333333333333344,0.10666666666666666,4.62962962962963,1.4285714285714286,0.04,-0.3333333333333333,1
ASAP7,AND3X4,AND3x4_ASAP7_6t_L,B,Y,rise,5.0,0.0057599999999999995,0.7,25.0,28.9807,0.7,0.37799999999999995,0.54,0,1,1,1.791759469228055,0.005743474627065725,2.645502645502646,1.8518518518518516,0.01523809523809524,0.010666666666666665,0.01523809523809524,2.645502645502646,1.4285714285714286,0.04,-0.17647058823529424,1
ASAP7,AND3X4,AND3x4_ASAP7_6t_L,A,Y,rise,5.0,0.046079999999999996,0.7,25.0,78.8039,0.7,0.37799999999999995,0.54,0,1,1,1.791759469228055,0.04504984455370874,2.645502645502646,1.8518518518518516,0.12190476190476192,0.08533333333333332,0.12190476190476192,2.645502645502646,1.4285714285714286,0.04,-0.17647058823529424,1
ASAP7,INVX8,INVx8_ASAP7_6t_L,A,Y,fall,160.0,0.09215999999999999,0.7,25.0,91.6993,1.0,0.43199999999999994,0.43199999999999994,1,1,1,5.081404364984463,0.08815738673620516,2.3148148148148153,2.3148148148148153,0.21333333333333337,0.21333333333333337,0.21333333333333337,2.3148148148148153,1.4285714285714286,0.04,0.0,1
ASAP7,AND4X1,AND4x1_ASAP7_6t_L,C,Y,rise,80.0,0.023039999999999998,0.7,25.0,146.391,1.0,0.27,0.27,0,1,1,4.394449154672439,0.022778586889339574,3.7037037037037033,3.7037037037037033,0.08533333333333332,0.08533333333333332,0.08533333333333332,3.7037037037037033,1.4285714285714286,0.04,0.0,1
ASAP7,INVX4,INVx4_ASAP7_6t_L,A,Y,fall,5.0,0.09215999999999999,0.7,25.0,98.0816,1.0,0.216,0.216,1,1,1,1.791759469228055,0.08815738673620516,4.62962962962963,4.62962962962963,0.42666666666666664,0.42666666666666664,0.42666666666666664,4.62962962962963,1.4285714285714286,0.04,0.0,1
ASAP7,NAND2X1,NAND2x1_ASAP7_6t_L,B,Y,rise,160.0,0.011519999999999999,0.7,25.0,111.064,0.5,0.108,0.216,0,1,1,5.081404364984463,0.011454150045115854,9.25925925925926,4.62962962962963,0.10666666666666666,0.05333333333333333,0.10666666666666666,9.25925925925926,1.4285714285714286,0.04,-0.3333333333333333,1
ASAP7,AND3X2,AND3x2_ASAP7_6t_L,B,Y,rise,80.0,0.0014399999999999999,0.7,25.0,34.7688,1.0,0.27,0.27,0,1,1,4.394449154672439,0.0014389641942542826,3.7037037037037033,3.7037037037037033,0.005333333333333332,0.005333333333333332,0.005333333333333332,3.7037037037037033,1.4285714285714286,0.04,0.0,1
ASAP7,OR3X1,OR3x1_ASAP7_6t_L,A,Y,fall,40.0,0.011519999999999999,0.7,25.0,79.58,1.0,0.216,0.216,0,1,1,3.713572066704308,0.011454150045115854,4.62962962962963,4.62962962962963,0.05333333333333333,0.05333333333333333,0.05333333333333333,4.62962962962963,1.4285714285714286,0.04,0.0,1
ASAP7,BUFX2,BUFx2_ASAP7_6t_L,A,Y,fall,80.0,0.0057599999999999995,0.7,25.0,47.7439,1.0,0.135,0.135,0,1,1,4.394449154672439,0.005743474627065725,7.4074074074074066,7.4074074074074066,0.04266666666666666,0.04266666666666666,0.04266666666666666,7.4074074074074066,1.4285714285714286,0.04,0.0,1
ASAP7,AND4X1,AND4x1_ASAP7_6t_L,B,Y,fall,80.0,0.0057599999999999995,0.7,25.0,48.0615,1.0,0.27,0.27,0,1,1,4.394449154672439,0.005743474627065725,3.7037037037037033,3.7037037037037033,0.02133333333333333,0.02133333333333333,0.02133333333333333,3.7037037037037033,1.4285714285714286,0.04,0.0,1
ASAP7,NAND3X1,NAND3x1_ASAP7_6t_L,C,Y,fall,80.0,0.0007199999999999999,0.7,25.0,9.60304,0.3333333333333333,0.162,0.486,0,1,1,4.394449154672439,0.0007197409243488539,6.172839506172839,2.05761316872428,0.004444444444444444,0.0014814814814814814,0.0014814814814814814,2.05761316872428,1.4285714285714286,0.04,-0.4999999999999999,1
ASAP7,BUFX4,BUFx4_ASAP7_6t_L,A,Y,rise,5.0,0.023039999999999998,0.7,25.0,43.4382,1.0,0.27,0.27,0,1,1,1.791759469228055,0.022778586889339574,3.7037037037037033,3.7037037037037033,0.08533333333333332,0.08533333333333332,0.08533333333333332,3.7037037037037033,1.4285714285714286,0.04,0.0,1
ASAP7,OR2X4,OR2x4_ASAP7_6t_L,B,Y,rise,40.0,0.046079999999999996,0.7,25.0,80.2622,1.0,0.324,0.324,0,1,1,3.713572066704308,0.04504984455370874,3.0864197530864197,3.0864197530864197,0.1422222222222222,0.1422222222222222,0.1422222222222222,3.0864197530864197,1.4285714285714286,0.04,0.0,1
ASAP7,OR3X4,OR3x4_ASAP7_6t_L,B,Y,fall,5.0,0.18431999999999998,0.7,25.0,238.751,1.0,0.37799999999999995,0.37799999999999995,0,1,1,1.791759469228055,0.16916877021565407,2.645502645502646,2.645502645502646,0.4876190476190477,0.4876190476190477,0.4876190476190477,2.645502645502646,1.4285714285714286,0.04,0.0,1
ASAP7,AND4X2,AND4x2_ASAP7_6t_L,D,Y,rise,320.0,0.023039999999999998,0.7,25.0,105.492,1.0,0.324,0.324,0,1,1,5.771441123130016,0.022778586889339574,3.0864197530864197,3.0864197530864197,0.0711111111111111,0.0711111111111111,0.0711111111111111,3.0864197530864197,1.4285714285714286,0.04,0.0,1
ASAP7,OR3X2,OR3x2_ASAP7_6t_L,B,Y,fall,160.0,0.011519999999999999,0.7,25.0,80.8436,1.0,0.27,0.27,0,1,1,5.081404364984463,0.011454150045115854,3.7037037037037033,3.7037037037037033,0.04266666666666666,0.04266666666666666,0.04266666666666666,3.7037037037037033,1.4285714285714286,0.04,0.0,1
ASAP7,OR4X2,OR4x2_ASAP7_6t_L,B,Y,rise,40.0,0.09215999999999999,0.7,25.0,245.99,1.3333333333333335,0.216,0.162,0,1,1,3.713572066704308,0.08815738673620516,4.62962962962963,6.172839506172839,0.42666666666666664,0.5688888888888888,0.42666666666666664,4.62962962962963,1.4285714285714286,0.04,0.14285714285714285,1
ASAP7,OR3X4,OR3x4_ASAP7_6t_L,A,Y,rise,5.0,0.011519999999999999,0.7,25.0,30.9734,1.0,0.37799999999999995,0.37799999999999995,0,1,1,1.791759469228055,0.011454150045115854,2.645502645502646,2.645502645502646,0.03047619047619048,0.03047619047619048,0.03047619047619048,2.645502645502646,1.4285714285714286,0.04,0.0,1
ASAP7,OR4X2,OR4x2_ASAP7_6t_L,C,Y,fall,80.0,0.023039999999999998,0.7,25.0,101.272,1.3333333333333335,0.216,0.162,0,1,1,4.394449154672439,0.022778586889339574,4.62962962962963,6.172839506172839,0.10666666666666666,0.1422222222222222,0.1422222222222222,6.172839506172839,1.4285714285714286,0.04,0.14285714285714285,1
ASAP7,OR4X1,OR4x1_ASAP7_6t_L,A,Y,fall,80.0,0.0007199999999999999,0.7,25.0,44.6051,1.0,0.27,0.27,0,1,1,4.394449154672439,0.0007197409243488539,3.7037037037037033,3.7037037037037033,0.002666666666666666,0.002666666666666666,0.002666666666666666,3.7037037037037033,1.4285714285714286,0.04,0.0,1
ASAP7,AND3X1,AND3x1_ASAP7_6t_L,B,Y,rise,80.0,0.046079999999999996,0.7,25.0,254.846,1.0,0.216,0.216,0,1,1,4.394449154672439,0.04504984455370874,4.62962962962963,4.62962962962963,0.21333333333333332,0.21333333333333332,0.21333333333333332,4.62962962962963,1.4285714285714286,0.04,0.0,1
ASAP7,AND4X2,AND4x2_ASAP7_6t_L,D,Y,rise,160.0,0.011519999999999999,0.7,25.0,69.1676,1.0,0.324,0.324,0,1,1,5.081404364984463,0.011454150045115854,3.0864197530864197,3.0864197530864197,0.03555555555555555,0.03555555555555555,0.03555555555555555,3.0864197530864197,1.4285714285714286,0.04,0.0,1
ASAP7,AND4X2,AND4x2_ASAP7_6t_L,D,Y,rise,5.0,0.023039999999999998,0.7,25.0,90.3335,1.0,0.324,0.324,0,1,1,1.791759469228055,0.022778586889339574,3.0864197530864197,3.0864197530864197,0.0711111111111111,0.0711111111111111,0.0711111111111111,3.0864197530864197,1.4285714285714286,0.04,0.0,1
ASAP7,OR3X4,OR3x4_ASAP7_6t_L,A,Y,fall,5.0,0.09215999999999999,0.7,25.0,143.336,1.0,0.37799999999999995,0.37799999999999995,0,1,1,1.791759469228055,0.08815738673620516,2.645502645502646,2.645502645502646,0.24380952380952384,0.24380952380952384,0.24380952380952384,2.645502645502646,1.4285714285714286,0.04,0.0,1
ASAP7,AND3X2,AND3x2_ASAP7_6t_L,C,Y,rise,40.0,0.023039999999999998,0.7,25.0,84.8453,1.0,0.27,0.27,0,1,1,3.713572066704308,0.022778586889339574,3.7037037037037033,3.7037037037037033,0.08533333333333332,0.08533333333333332,0.08533333333333332,3.7037037037037033,1.4285714285714286,0.04,0.0,1
ASAP7,NOR2X2,NOR2x2_ASAP7_6t_L,A,Y,rise,20.0,0.0014399999999999999,0.7,25.0,11.6243,1.9999999999999998,0.43199999999999994,0.216,0,1,1,3.044522437723423,0.0014389641942542826,2.3148148148148153,4.62962962962963,0.003333333333333334,0.006666666666666666,0.003333333333333334,2.3148148148148153,1.4285714285714286,0.04,0.3333333333333333,1
ASAP7,AND4X2,AND4x2_ASAP7_6t_L,B,Y,rise,320.0,0.09215999999999999,0.7,25.0,293.998,1.0,0.324,0.324,0,1,1,5.771441123130016,0.08815738673620516,3.0864197530864197,3.0864197530864197,0.2844444444444444,0.2844444444444444,0.2844444444444444,3.0864197530864197,1.4285714285714286,0.04,0.0,1
ASAP7,AND3X2,AND3x2_ASAP7_6t_L,C,Y,fall,20.0,0.011519999999999999,0.7,25.0,42.6668,1.0,0.27,0.27,0,1,1,3.044522437723423,0.011454150045115854,3.7037037037037033,3.7037037037037033,0.04266666666666666,0.04266666666666666,0.04266666666666666,3.7037037037037033,1.4285714285714286,0.04,0.0,1
ASAP7,AND3X2,AND3x2_ASAP7_6t_L,B,Y,fall,20.0,0.09215999999999999,0.7,25.0,207.331,1.0,0.27,0.27,0,1,1,3.044522437723423,0.08815738673620516,3.7037037037037033,3.7037037037037033,0.34133333333333327,0.34133333333333327,0.34133333333333327,3.7037037037037033,1.4285714285714286,0.04,0.0,1
ASAP7,NAND2X1,NAND2x1_ASAP7_6t_L,A,Y,fall,160.0,0.023039999999999998,0.7,25.0,109.046,0.5,0.108,0.216,0,1,1,5.081404364984463,0.022778586889339574,9.25925925925926,4.62962962962963,0.21333333333333332,0.10666666666666666,0.10666666666666666,4.62962962962963,1.4285714285714286,0.04,-0.3333333333333333,1
ASAP7,AND3X1,AND3x1_ASAP7_6t_L,A,Y,fall,320.0,0.0057599999999999995,0.7,25.0,60.0406,1.0,0.216,0.216,0,1,1,5.771441123130016,0.005743474627065725,4.62962962962963,4.62962962962963,0.026666666666666665,0.026666666666666665,0.026666666666666665,4.62962962962963,1.4285714285714286,0.04,0.0,1
ASAP7,OR3X1,OR3x1_ASAP7_6t_L,A,Y,rise,320.0,0.0028799999999999997,0.7,25.0,30.0269,1.0,0.216,0.216,0,1,1,5.771441123130016,0.002875860745464264,4.62962962962963,4.62962962962963,0.013333333333333332,0.013333333333333332,0.013333333333333332,4.62962962962963,1.4285714285714286,0.04,0.0,1
ASAP7,XOR2X2,XOR2x2_ASAP7_6t_L,B,Y,fall,160.0,0.0014399999999999999,0.7,25.0,49.0179,1.0,0.37799999999999995,0.37799999999999995,0,1,1,5.081404364984463,0.0014389641942542826,2.645502645502646,2.645502645502646,0.00380952380952381,0.00380952380952381,0.00380952380952381,2.645502645502646,1.4285714285714286,0.04,0.0,1
ASAP7,NOR3X1,NOR3x1_ASAP7_6t_L,A,Y,fall,80.0,0.0014399999999999999,0.7,25.0,24.7416,3.0,0.486,0.162,0,1,1,4.394449154672439,0.0014389641942542826,2.05761316872428,6.172839506172839,0.002962962962962963,0.008888888888888887,0.008888888888888887,6.172839506172839,1.4285714285714286,0.04,0.4999999999999999,1
ASAP7,OR3X1,OR3x1_ASAP7_6t_L,A,Y,fall,20.0,0.0057599999999999995,0.7,25.0,51.0086,1.0,0.216,0.216,0,1,1,3.044522437723423,0.005743474627065725,4.62962962962963,4.62962962962963,0.026666666666666665,0.026666666666666665,0.026666666666666665,4.62962962962963,1.4285714285714286,0.04,0.0,1
ASAP7,NAND3X2,NAND3x2_ASAP7_6t_L,A,Y,fall,40.0,0.046079999999999996,0.7,25.0,89.8971,0.33333333333333326,0.324,0.9720000000000002,0,1,1,3.713572066704308,0.04504984455370874,3.0864197530864197,1.0288065843621397,0.1422222222222222,0.04740740740740739,0.04740740740740739,1.0288065843621397,1.4285714285714286,0.04,-0.5,1
ASAP7,OR2X4,OR2x4_ASAP7_6t_L,A,Y,rise,320.0,0.011519999999999999,0.7,25.0,55.9138,1.0,0.324,0.324,0,1,1,5.771441123130016,0.011454150045115854,3.0864197530864197,3.0864197530864197,0.03555555555555555,0.03555555555555555,0.03555555555555555,3.0864197530864197,1.4285714285714286,0.04,0.0,1
ASAP7,OR4X1,OR4x1_ASAP7_6t_L,C,Y,rise,80.0,0.0057599999999999995,0.7,25.0,48.333,1.0,0.27,0.27,0,1,1,4.394449154672439,0.005743474627065725,3.7037037037037033,3.7037037037037033,0.02133333333333333,0.02133333333333333,0.02133333333333333,3.7037037037037033,1.4285714285714286,0.04,0.0,1
ASAP7,XOR2X2,XOR2x2_ASAP7_6t_L,B,Y,fall,20.0,0.046079999999999996,0.7,25.0,119.231,1.0,0.37799999999999995,0.37799999999999995,0,1,1,3.044522437723423,0.04504984455370874,2.645502645502646,2.645502645502646,0.12190476190476192,0.12190476190476192,0.12190476190476192,2.645502645502646,1.4285714285714286,0.04,0.0,1
ASAP7,AND4X1,AND4x1_ASAP7_6t_L,B,Y,rise,40.0,0.011519999999999999,0.7,25.0,87.0477,1.0,0.27,0.27,0,1,1,3.713572066704308,0.011454150045115854,3.7037037037037033,3.7037037037037033,0.04266666666666666,0.04266666666666666,0.04266666666666666,3.7037037037037033,1.4285714285714286,0.04,0.0,1
ASAP7,BUFX8,BUFx8_ASAP7_6t_L,A,Y,fall,5.0,0.0057599999999999995,0.7,25.0,17.9942,1.0,0.54,0.54,0,1,1,1.791759469228055,0.005743474627065725,1.8518518518518516,1.8518518518518516,0.010666666666666665,0.010666666666666665,0.010666666666666665,1.8518518518518516,1.4285714285714286,0.04,0.0,1
ASAP7,OR2X4,OR2x4_ASAP7_6t_L,A,Y,rise,5.0,0.011519999999999999,0.7,25.0,29.9821,1.0,0.324,0.324,0,1,1,1.791759469228055,0.011454150045115854,3.0864197530864197,3.0864197530864197,0.03555555555555555,0.03555555555555555,0.03555555555555555,3.0864197530864197,1.4285714285714286,0.04,0.0,1
ASAP7,NOR3X2,NOR3x2_ASAP7_6t_L,A,Y,fall,40.0,0.046079999999999996,0.7,25.0,111.322,3.0000000000000004,0.9720000000000002,0.324,0,1,1,3.713572066704308,0.04504984455370874,1.0288065843621397,3.0864197530864197,0.04740740740740739,0.1422222222222222,0.1422222222222222,3.0864197530864197,1.4285714285714286,0.04,0.5,1
ASAP7,AND4X1,AND4x1_ASAP7_6t_L,A,Y,rise,5.0,0.046079999999999996,0.7,25.0,250.067,1.0,0.27,0.27,0,1,1,1.791759469228055,0.04504984455370874,3.7037037037037033,3.7037037037037033,0.17066666666666663,0.17066666666666663,0.17066666666666663,3.7037037037037033,1.4285714285714286,0.04,0.0,1
ASAP7,OR2X2,OR2x2_ASAP7_6t_L,B,Y,rise,80.0,0.0028799999999999997,0.7,25.0,37.8261,1.3333333333333335,0.216,0.162,0,1,1,4.394449154672439,0.002875860745464264,4.62962962962963,6.172839506172839,0.013333333333333332,0.017777777777777774,0.013333333333333332,4.62962962962963,1.4285714285714286,0.04,0.14285714285714285,1
ASAP7,OR4X1,OR4x1_ASAP7_6t_L,B,Y,rise,40.0,0.0028799999999999997,0.7,25.0,30.4733,1.0,0.27,0.27,0,1,1,3.713572066704308,0.002875860745464264,3.7037037037037033,3.7037037037037033,0.010666666666666665,0.010666666666666665,0.010666666666666665,3.7037037037037033,1.4285714285714286,0.04,0.0,1
ASAP7,INVX2,INVx2_ASAP7_6t_L,A,Y,fall,80.0,0.011519999999999999,0.7,25.0,46.4204,1.0,0.108,0.108,1,1,1,4.394449154672439,0.011454150045115854,9.25925925925926,9.25925925925926,0.10666666666666666,0.10666666666666666,0.10666666666666666,9.25925925925926,1.4285714285714286,0.04,0.0,1
ASAP7,AND2X4,AND2x4_ASAP7_6t_L,A,Y,fall,80.0,0.0057599999999999995,0.7,25.0,32.0235,1.0,0.43199999999999994,0.43199999999999994,0,1,1,4.394449154672439,0.005743474627065725,2.3148148148148153,2.3148148148148153,0.013333333333333336,0.013333333333333336,0.013333333333333336,2.3148148148148153,1.4285714285714286,0.04,0.0,1
ASAP7,OR4X1,OR4x1_ASAP7_6t_L,C,Y,fall,20.0,0.011519999999999999,0.7,25.0,83.298,1.0,0.27,0.27,0,1,1,3.044522437723423,0.011454150045115854,3.7037037037037033,3.7037037037037033,0.04266666666666666,0.04266666666666666,0.04266666666666666,3.7037037037037033,1.4285714285714286,0.04,0.0,1
ASAP7,OR4X2,OR4x2_ASAP7_6t_L,D,Y,fall,320.0,0.046079999999999996,0.7,25.0,174.509,1.3333333333333335,0.216,0.162,0,1,1,5.771441123130016,0.04504984455370874,4.62962962962963,6.172839506172839,0.21333333333333332,0.2844444444444444,0.2844444444444444,6.172839506172839,1.4285714285714286,0.04,0.14285714285714285,1
ASAP7,NAND2X2,NAND2x2_ASAP7_6t_L,B,Y,rise,20.0,0.09215999999999999,0.7,25.0,237.506,0.5000000000000001,0.216,0.43199999999999994,0,1,1,3.044522437723423,0.08815738673620516,4.62962962962963,2.3148148148148153,0.42666666666666664,0.21333333333333337,0.42666666666666664,4.62962962962963,1.4285714285714286,0.04,-0.3333333333333333,1
ASAP7,OR3X2,OR3x2_ASAP7_6t_L,A,Y,fall,10.0,0.0057599999999999995,0.7,25.0,41.7476,1.0,0.27,0.27,0,1,1,2.3978952727983707,0.005743474627065725,3.7037037037037033,3.7037037037037033,0.02133333333333333,0.02133333333333333,0.02133333333333333,3.7037037037037033,1.4285714285714286,0.04,0.0,1
ASAP7,BUFX8,BUFx8_ASAP7_6t_L,A,Y,fall,5.0,0.36863999999999997,0.7,25.0,208.729,1.0,0.54,0.54,0,1,1,1.791759469228055,0.31381754605640677,1.8518518518518516,1.8518518518518516,0.6826666666666665,0.6826666666666665,0.6826666666666665,1.8518518518518516,1.4285714285714286,0.04,0.0,1
ASAP7,INVX1,INVx1_ASAP7_6t_L,A,Y,fall,160.0,0.0057599999999999995,0.7,25.0,58.5861,1.0,0.054,0.054,1,1,1,5.081404364984463,0.005743474627065725,18.51851851851852,18.51851851851852,0.10666666666666666,0.10666666666666666,0.10666666666666666,18.51851851851852,1.4285714285714286,0.04,0.0,1
ASAP7,AND4X2,AND4x2_ASAP7_6t_L,B,Y,rise,40.0,0.09215999999999999,0.7,25.0,264.407,1.0,0.324,0.324,0,1,1,3.713572066704308,0.08815738673620516,3.0864197530864197,3.0864197530864197,0.2844444444444444,0.2844444444444444,0.2844444444444444,3.0864197530864197,1.4285714285714286,0.04,0.0,1
ASAP7,AND3X2,AND3x2_ASAP7_6t_L,B,Y,rise,160.0,0.023039999999999998,0.7,25.0,98.7038,1.0,0.27,0.27,0,1,1,5.081404364984463,0.022778586889339574,3.7037037037037033,3.7037037037037033,0.08533333333333332,0.08533333333333332,0.08533333333333332,3.7037037037037033,1.4285714285714286,0.04,0.0,1
ASAP7,OR3X2,OR3x2_ASAP7_6t_L,B,Y,rise,5.0,0.046079999999999996,0.7,25.0,125.712,1.0,0.27,0.27,0,1,1,1.791759469228055,0.04504984455370874,3.7037037037037033,3.7037037037037033,0.17066666666666663,0.17066666666666663,0.17066666666666663,3.7037037037037033,1.4285714285714286,0.04,0.0,1
ASAP7,NOR2X1,NOR2x1_ASAP7_6t_L,B,Y,fall,160.0,0.046079999999999996,0.7,25.0,238.006,2.0,0.216,0.108,0,1,1,5.081404364984463,0.04504984455370874,4.62962962962963,9.25925925925926,0.21333333333333332,0.42666666666666664,0.42666666666666664,9.25925925925926,1.4285714285714286,0.04,0.3333333333333333,1
ASAP7,AND2X4,AND2x4_ASAP7_6t_L,B,Y,fall,320.0,0.023039999999999998,0.7,25.0,67.3888,1.0,0.43199999999999994,0.43199999999999994,0,1,1,5.771441123130016,0.022778586889339574,2.3148148148148153,2.3148148148148153,0.053333333333333344,0.053333333333333344,0.053333333333333344,2.3148148148148153,1.4285714285714286,0.04,0.0,1
ASAP7,OR2X2,OR2x2_ASAP7_6t_L,B,Y,rise,320.0,0.011519999999999999,0.7,25.0,79.2249,1.3333333333333335,0.216,0.162,0,1,1,5.771441123130016,0.011454150045115854,4.62962962962963,6.172839506172839,0.05333333333333333,0.0711111111111111,0.05333333333333333,4.62962962962963,1.4285714285714286,0.04,0.14285714285714285,1
ASAP7,NOR2X2,NOR2x2_ASAP7_6t_L,B,Y,fall,10.0,0.023039999999999998,0.7,25.0,53.7073,1.9999999999999998,0.43199999999999994,0.216,0,1,1,2.3978952727983707,0.022778586889339574,2.3148148148148153,4.62962962962963,0.053333333333333344,0.10666666666666666,0.10666666666666666,4.62962962962963,1.4285714285714286,0.04,0.3333333333333333,1
ASAP7,OR4X1,OR4x1_ASAP7_6t_L,A,Y,rise,80.0,0.0014399999999999999,0.7,25.0,23.9566,1.0,0.27,0.27,0,1,1,4.394449154672439,0.0014389641942542826,3.7037037037037033,3.7037037037037033,0.005333333333333332,0.005333333333333332,0.005333333333333332,3.7037037037037033,1.4285714285714286,0.04,0.0,1
ASAP7,NOR3X1,NOR3x1_ASAP7_6t_L,C,Y,fall,320.0,0.011519999999999999,0.7,25.0,129.552,3.0,0.486,0.162,0,1,1,5.771441123130016,0.011454150045115854,2.05761316872428,6.172839506172839,0.023703703703703703,0.0711111111111111,0.0711111111111111,6.172839506172839,1.4285714285714286,0.04,0.4999999999999999,1
ASAP7,AND3X2,AND3x2_ASAP7_6t_L,C,Y,rise,40.0,0.09215999999999999,0.7,25.0,255.382,1.0,0.27,0.27,0,1,1,3.713572066704308,0.08815738673620516,3.7037037037037033,3.7037037037037033,0.34133333333333327,0.34133333333333327,0.34133333333333327,3.7037037037037033,1.4285714285714286,0.04,0.0,1
ASAP7,NAND3X1,NAND3x1_ASAP7_6t_L,B,Y,fall,320.0,0.0057599999999999995,0.7,25.0,43.0126,0.3333333333333333,0.162,0.486,0,1,1,5.771441123130016,0.005743474627065725,6.172839506172839,2.05761316872428,0.03555555555555555,0.011851851851851851,0.011851851851851851,2.05761316872428,1.4285714285714286,0.04,-0.4999999999999999,1
ASAP7,OR2X2,OR2x2_ASAP7_6t_L,A,Y,rise,5.0,0.0057599999999999995,0.7,25.0,32.3322,1.3333333333333335,0.216,0.162,0,1,1,1.791759469228055,0.005743474627065725,4.62962962962963,6.172839506172839,0.026666666666666665,0.03555555555555555,0.026666666666666665,4.62962962962963,1.4285714285714286,0.04,0.14285714285714285,1
ASAP7,NOR3X2,NOR3x2_ASAP7_6t_L,C,Y,fall,10.0,0.0014399999999999999,0.7,25.0,13.0793,3.0000000000000004,0.9720000000000002,0.324,0,1,1,2.3978952727983707,0.0014389641942542826,1.0288065843621397,3.0864197530864197,0.001481481481481481,0.004444444444444444,0.004444444444444444,3.0864197530864197,1.4285714285714286,0.04,0.5,1
ASAP7,INVX8,INVx8_ASAP7_6t_L,A,Y,fall,5.0,0.18431999999999998,0.7,25.0,99.4031,1.0,0.43199999999999994,0.43199999999999994,1,1,1,1.791759469228055,0.16916877021565407,2.3148148148148153,2.3148148148148153,0.42666666666666675,0.42666666666666675,0.42666666666666675,2.3148148148148153,1.4285714285714286,0.04,0.0,1
ASAP7,OR4X1,OR4x1_ASAP7_6t_L,C,Y,fall,10.0,0.046079999999999996,0.7,25.0,223.769,1.0,0.27,0.27,0,1,1,2.3978952727983707,0.04504984455370874,3.7037037037037033,3.7037037037037033,0.17066666666666663,0.17066666666666663,0.17066666666666663,3.7037037037037033,1.4285714285714286,0.04,0.0,1
ASAP7,XOR2X2,XOR2x2_ASAP7_6t_L,A,Y,fall,40.0,0.0057599999999999995,0.7,25.0,38.1163,1.0,0.37799999999999995,0.37799999999999995,0,1,1,3.713572066704308,0.005743474627065725,2.645502645502646,2.645502645502646,0.01523809523809524,0.01523809523809524,0.01523809523809524,2.645502645502646,1.4285714285714286,0.04,0.0,1
ASAP7,AND4X1,AND4x1_ASAP7_6t_L,B,Y,fall,10.0,0.023039999999999998,0.7,25.0,107.725,1.0,0.27,0.27,0,1,1,2.3978952727983707,0.022778586889339574,3.7037037037037033,3.7037037037037033,0.08533333333333332,0.08533333333333332,0.08533333333333332,3.7037037037037033,1.4285714285714286,0.04,0.0,1
ASAP7,AND3X2,AND3x2_ASAP7_6t_L,A,Y,rise,160.0,0.011519999999999999,0.7,25.0,74.7969,1.0,0.27,0.27,0,1,1,5.081404364984463,0.011454150045115854,3.7037037037037033,3.7037037037037033,0.04266666666666666,0.04266666666666666,0.04266666666666666,3.7037037037037033,1.4285714285714286,0.04,0.0,1
ASAP7,NOR2X1,NOR2x1_ASAP7_6t_L,A,Y,fall,40.0,0.0057599999999999995,0.7,25.0,39.7967,2.0,0.216,0.108,0,1,1,3.713572066704308,0.005743474627065725,4.62962962962963,9.25925925925926,0.026666666666666665,0.05333333333333333,0.05333333333333333,9.25925925925926,1.4285714285714286,0.04,0.3333333333333333,1
ASAP7,NAND3X2,NAND3x2_ASAP7_6t_L,C,Y,fall,5.0,0.09215999999999999,0.7,25.0,159.129,0.33333333333333326,0.324,0.9720000000000002,0,1,1,1.791759469228055,0.08815738673620516,3.0864197530864197,1.0288065843621397,0.2844444444444444,0.09481481481481478,0.09481481481481478,1.0288065843621397,1.4285714285714286,0.04,-0.5,1
ASAP7,AND3X4,AND3x4_ASAP7_6t_L,B,Y,fall,20.0,0.09215999999999999,0.7,25.0,122.363,0.7,0.37799999999999995,0.54,0,1,1,3.044522437723423,0.08815738673620516,2.645502645502646,1.8518518518518516,0.24380952380952384,0.17066666666666663,0.17066666666666663,1.8518518518518516,1.4285714285714286,0.04,-0.17647058823529424,1
ASAP7,BUFX8,BUFx8_ASAP7_6t_L,A,Y,rise,80.0,0.36863999999999997,0.7,25.0,258.275,1.0,0.54,0.54,0,1,1,4.394449154672439,0.31381754605640677,1.8518518518518516,1.8518518518518516,0.6826666666666665,0.6826666666666665,0.6826666666666665,1.8518518518518516,1.4285714285714286,0.04,0.0,1
ASAP7,AND2X4,AND2x4_ASAP7_6t_L,B,Y,rise,320.0,0.0028799999999999997,0.7,25.0,43.1629,1.0,0.43199999999999994,0.43199999999999994,0,1,1,5.771441123130016,0.002875860745464264,2.3148148148148153,2.3148148148148153,0.006666666666666668,0.006666666666666668,0.006666666666666668,2.3148148148148153,1.4285714285714286,0.04,0.0,1
ASAP7,NOR3X2,NOR3x2_ASAP7_6t_L,A,Y,fall,20.0,0.0028799999999999997,0.7,25.0,16.2412,3.0000000000000004,0.9720000000000002,0.324,0,1,1,3.044522437723423,0.002875860745464264,1.0288065843621397,3.0864197530864197,0.002962962962962962,0.008888888888888887,0.008888888888888887,3.0864197530864197,1.4285714285714286,0.04,0.5,1
ASAP7,NOR3X1,NOR3x1_ASAP7_6t_L,B,Y,fall,5.0,0.046079999999999996,0.7,25.0,197.136,3.0,0.486,0.162,0,1,1,1.791759469228055,0.04504984455370874,2.05761316872428,6.172839506172839,0.09481481481481481,0.2844444444444444,0.2844444444444444,6.172839506172839,1.4285714285714286,0.04,0.4999999999999999,1
ASAP7,AND4X2,AND4x2_ASAP7_6t_L,D,Y,rise,80.0,0.0057599999999999995,0.7,25.0,49.7804,1.0,0.324,0.324,0,1,1,4.394449154672439,0.005743474627065725,3.0864197530864197,3.0864197530864197,0.017777777777777774,0.017777777777777774,0.017777777777777774,3.0864197530864197,1.4285714285714286,0.04,0.0,1
ASAP7,OR3X2,OR3x2_ASAP7_6t_L,B,Y,fall,320.0,0.0057599999999999995,0.7,25.0,88.1194,1.0,0.27,0.27,0,1,1,5.771441123130016,0.005743474627065725,3.7037037037037033,3.7037037037037033,0.02133333333333333,0.02133333333333333,0.02133333333333333,3.7037037037037033,1.4285714285714286,0.04,0.0,1
ASAP7,NOR3X1,NOR3x1_ASAP7_6t_L,C,Y,rise,20.0,0.0028799999999999997,0.7,25.0,23.8922,3.0,0.486,0.162,0,1,1,3.044522437723423,0.002875860745464264,2.05761316872428,6.172839506172839,0.005925925925925926,0.017777777777777774,0.005925925925925926,2.05761316872428,1.4285714285714286,0.04,0.4999999999999999,1
ASAP7,AND2X2,AND2x2_ASAP7_6t_L,A,Y,fall,10.0,0.0014399999999999999,0.7,25.0,23.3345,0.75,0.162,0.216,0,1,1,2.3978952727983707,0.0014389641942542826,6.172839506172839,4.62962962962963,0.008888888888888887,0.006666666666666666,0.006666666666666666,4.62962962962963,1.4285714285714286,0.04,-0.14285714285714285,1
ASAP7,AND4X2,AND4x2_ASAP7_6t_L,D,Y,rise,20.0,0.0057599999999999995,0.7,25.0,46.9872,1.0,0.324,0.324,0,1,1,3.044522437723423,0.005743474627065725,3.0864197530864197,3.0864197530864197,0.017777777777777774,0.017777777777777774,0.017777777777777774,3.0864197530864197,1.4285714285714286,0.04,0.0,1
ASAP7,NAND2X1,NAND2x1_ASAP7_6t_L,A,Y,fall,40.0,0.011519999999999999,0.7,25.0,50.3899,0.5,0.108,0.216,0,1,1,3.713572066704308,0.011454150045115854,9.25925925925926,4.62962962962963,0.10666666666666666,0.05333333333333333,0.05333333333333333,4.62962962962963,1.4285714285714286,0.04,-0.3333333333333333,1
ASAP7,AND4X2,AND4x2_ASAP7_6t_L,B,Y,rise,10.0,0.0014399999999999999,0.7,25.0,31.4956,1.0,0.324,0.324,0,1,1,2.3978952727983707,0.0014389641942542826,3.0864197530864197,3.0864197530864197,0.004444444444444444,0.004444444444444444,0.004444444444444444,3.0864197530864197,1.4285714285714286,0.04,0.0,1
ASAP7,BUFX8,BUFx8_ASAP7_6t_L,A,Y,fall,20.0,0.09215999999999999,0.7,25.0,68.9829,1.0,0.54,0.54,0,1,1,3.044522437723423,0.08815738673620516,1.8518518518518516,1.8518518518518516,0.17066666666666663,0.17066666666666663,0.17066666666666663,1.8518518518518516,1.4285714285714286,0.04,0.0,1
ASAP7,OR2X2,OR2x2_ASAP7_6t_L,A,Y,fall,20.0,0.09215999999999999,0.7,25.0,211.571,1.3333333333333335,0.216,0.162,0,1,1,3.044522437723423,0.08815738673620516,4.62962962962963,6.172839506172839,0.42666666666666664,0.5688888888888888,0.5688888888888888,6.172839506172839,1.4285714285714286,0.04,0.14285714285714285,1
ASAP7,OR3X2,OR3x2_ASAP7_6t_L,A,Y,rise,40.0,0.0057599999999999995,0.7,25.0,32.2475,1.0,0.27,0.27,0,1,1,3.713572066704308,0.005743474627065725,3.7037037037037033,3.7037037037037033,0.02133333333333333,0.02133333333333333,0.02133333333333333,3.7037037037037033,1.4285714285714286,0.04,0.0,1
ASAP7,OR4X1,OR4x1_ASAP7_6t_L,D,Y,fall,320.0,0.0007199999999999999,0.7,25.0,61.5711,1.0,0.27,0.27,0,1,1,5.771441123130016,0.0007197409243488539,3.7037037037037033,3.7037037037037033,0.002666666666666666,0.002666666666666666,0.002666666666666666,3.7037037037037033,1.4285714285714286,0.04,0.0,1
ASAP7,NAND3X2,NAND3x2_ASAP7_6t_L,B,Y,rise,20.0,0.0028799999999999997,0.7,25.0,20.6083,0.33333333333333326,0.324,0.9720000000000002,0,1,1,3.044522437723423,0.002875860745464264,3.0864197530864197,1.0288065843621397,0.008888888888888887,0.002962962962962962,0.008888888888888887,3.0864197530864197,1.4285714285714286,0.04,-0.5,1
ASAP7,AND2X4,AND2x4_ASAP7_6t_L,A,Y,rise,320.0,0.023039999999999998,0.7,25.0,60.5736,1.0,0.43199999999999994,0.43199999999999994,0,1,1,5.771441123130016,0.022778586889339574,2.3148148148148153,2.3148148148148153,0.053333333333333344,0.053333333333333344,0.053333333333333344,2.3148148148148153,1.4285714285714286,0.04,0.0,1
ASAP7,OR4X1,OR4x1_ASAP7_6t_L,C,Y,fall,5.0,0.011519999999999999,0.7,25.0,81.5156,1.0,0.27,0.27,0,1,1,1.791759469228055,0.011454150045115854,3.7037037037037033,3.7037037037037033,0.04266666666666666,0.04266666666666666,0.04266666666666666,3.7037037037037033,1.4285714285714286,0.04,0.0,1
ASAP7,NOR3X2,NOR3x2_ASAP7_6t_L,C,Y,fall,320.0,0.0057599999999999995,0.7,25.0,70.1075,3.0000000000000004,0.9720000000000002,0.324,0,1,1,5.771441123130016,0.005743474627065725,1.0288065843621397,3.0864197530864197,0.005925925925925924,0.017777777777777774,0.017777777777777774,3.0864197530864197,1.4285714285714286,0.04,0.5,1
ASAP7,NAND3X2,NAND3x2_ASAP7_6t_L,B,Y,fall,160.0,0.0057599999999999995,0.7,25.0,25.0562,0.33333333333333326,0.324,0.9720000000000002,0,1,1,5.081404364984463,0.005743474627065725,3.0864197530864197,1.0288065843621397,0.017777777777777774,0.005925925925925924,0.005925925925925924,1.0288065843621397,1.4285714285714286,0.04,-0.5,1
ASAP7,NAND3X1,NAND3x1_ASAP7_6t_L,C,Y,rise,5.0,0.023039999999999998,0.7,25.0,124.529,0.3333333333333333,0.162,0.486,0,1,1,1.791759469228055,0.022778586889339574,6.172839506172839,2.05761316872428,0.1422222222222222,0.047407407407407405,0.1422222222222222,6.172839506172839,1.4285714285714286,0.04,-0.4999999999999999,1
ASAP7,AND3X4,AND3x4_ASAP7_6t_L,C,Y,rise,20.0,0.046079999999999996,0.7,25.0,82.8395,0.7,0.37799999999999995,0.54,0,1,1,3.044522437723423,0.04504984455370874,2.645502645502646,1.8518518518518516,0.12190476190476192,0.08533333333333332,0.12190476190476192,2.645502645502646,1.4285714285714286,0.04,-0.17647058823529424,1
ASAP7,XOR2X2,XOR2x2_ASAP7_6t_L,B,Y,fall,80.0,0.0014399999999999999,0.7,25.0,28.8886,1.0,0.37799999999999995,0.37799999999999995,0,1,1,4.394449154672439,0.0014389641942542826,2.645502645502646,2.645502645502646,0.00380952380952381,0.00380952380952381,0.00380952380952381,2.645502645502646,1.4285714285714286,0.04,0.0,1
ASAP7,XOR2X2,XOR2x2_ASAP7_6t_L,A,Y,rise,40.0,0.023039999999999998,0.7,25.0,85.4708,1.0,0.37799999999999995,0.37799999999999995,0,1,1,3.713572066704308,0.022778586889339574,2.645502645502646,2.645502645502646,0.06095238095238096,0.06095238095238096,0.06095238095238096,2.645502645502646,1.4285714285714286,0.04,0.0,1
ASAP7,NOR3X1,NOR3x1_ASAP7_6t_L,B,Y,rise,80.0,0.023039999999999998,0.7,25.0,128.607,3.0,0.486,0.162,0,1,1,4.394449154672439,0.022778586889339574,2.05761316872428,6.172839506172839,0.047407407407407405,0.1422222222222222,0.047407407407407405,2.05761316872428,1.4285714285714286,0.04,0.4999999999999999,1
ASAP7,OR3X2,OR3x2_ASAP7_6t_L,A,Y,rise,10.0,0.0028799999999999997,0.7,25.0,19.9262,1.0,0.27,0.27,0,1,1,2.3978952727983707,0.002875860745464264,3.7037037037037033,3.7037037037037033,0.010666666666666665,0.010666666666666665,0.010666666666666665,3.7037037037037033,1.4285714285714286,0.04,0.0,1
ASAP7,OR3X1,OR3x1_ASAP7_6t_L,B,Y,fall,80.0,0.023039999999999998,0.7,25.0,132.018,1.0,0.216,0.216,0,1,1,4.394449154672439,0.022778586889339574,4.62962962962963,4.62962962962963,0.10666666666666666,0.10666666666666666,0.10666666666666666,4.62962962962963,1.4285714285714286,0.04,0.0,1
ASAP7,NAND3X2,NAND3x2_ASAP7_6t_L,C,Y,rise,5.0,0.0014399999999999999,0.7,25.0,14.2152,0.33333333333333326,0.324,0.9720000000000002,0,1,1,1.791759469228055,0.0014389641942542826,3.0864197530864197,1.0288065843621397,0.004444444444444444,0.001481481481481481,0.004444444444444444,3.0864197530864197,1.4285714285714286,0.04,-0.5,1
ASAP7,OR4X1,OR4x1_ASAP7_6t_L,C,Y,fall,10.0,0.0028799999999999997,0.7,25.0,44.6049,1.0,0.27,0.27,0,1,1,2.3978952727983707,0.002875860745464264,3.7037037037037033,3.7037037037037033,0.010666666666666665,0.010666666666666665,0.010666666666666665,3.7037037037037033,1.4285714285714286,0.04,0.0,1
ASAP7,NOR3X1,NOR3x1_ASAP7_6t_L,B,Y,fall,10.0,0.046079999999999996,0.7,25.0,198.518,3.0,0.486,0.162,0,1,1,2.3978952727983707,0.04504984455370874,2.05761316872428,6.172839506172839,0.09481481481481481,0.2844444444444444,0.2844444444444444,6.172839506172839,1.4285714285714286,0.04,0.4999999999999999,1
ASAP7,AND2X2,AND2x2_ASAP7_6t_L,A,Y,fall,5.0,0.0028799999999999997,0.7,25.0,25.876,0.75,0.162,0.216,0,1,1,1.791759469228055,0.002875860745464264,6.172839506172839,4.62962962962963,0.017777777777777774,0.013333333333333332,0.013333333333333332,4.62962962962963,1.4285714285714286,0.04,-0.14285714285714285,1
ASAP7,OR3X2,OR3x2_ASAP7_6t_L,B,Y,fall,160.0,0.023039999999999998,0.7,25.0,105.454,1.0,0.27,0.27,0,1,1,5.081404364984463,0.022778586889339574,3.7037037037037033,3.7037037037037033,0.08533333333333332,0.08533333333333332,0.08533333333333332,3.7037037037037033,1.4285714285714286,0.04,0.0,1
ASAP7,BUFX4,BUFx4_ASAP7_6t_L,A,Y,fall,80.0,0.011519999999999999,0.7,25.0,45.9506,1.0,0.27,0.27,0,1,1,4.394449154672439,0.011454150045115854,3.7037037037037033,3.7037037037037033,0.04266666666666666,0.04266666666666666,0.04266666666666666,3.7037037037037033,1.4285714285714286,0.04,0.0,1
ASAP7,XOR2X2,XOR2x2_ASAP7_6t_L,B,Y,fall,160.0,0.0028799999999999997,0.7,25.0,35.2486,1.0,0.37799999999999995,0.37799999999999995,0,1,1,5.081404364984463,0.002875860745464264,2.645502645502646,2.645502645502646,0.00761904761904762,0.00761904761904762,0.00761904761904762,2.645502645502646,1.4285714285714286,0.04,0.0,1
ASAP7,AND2X4,AND2x4_ASAP7_6t_L,B,Y,rise,20.0,0.011519999999999999,0.7,25.0,32.9578,1.0,0.43199999999999994,0.43199999999999994,0,1,1,3.044522437723423,0.011454150045115854,2.3148148148148153,2.3148148148148153,0.026666666666666672,0.026666666666666672,0.026666666666666672,2.3148148148148153,1.4285714285714286,0.04,0.0,1
ASAP7,BUFX4,BUFx4_ASAP7_6t_L,A,Y,rise,80.0,0.18431999999999998,0.7,25.0,255.684,1.0,0.27,0.27,0,1,1,4.394449154672439,0.16916877021565407,3.7037037037037033,3.7037037037037033,0.6826666666666665,0.6826666666666665,0.6826666666666665,3.7037037037037033,1.4285714285714286,0.04,0.0,1
ASAP7,XOR2X2,XOR2x2_ASAP7_6t_L,B,Y,fall,5.0,0.023039999999999998,0.7,25.0,68.1241,1.0,0.37799999999999995,0.37799999999999995,0,1,1,1.791759469228055,0.022778586889339574,2.645502645502646,2.645502645502646,0.06095238095238096,0.06095238095238096,0.06095238095238096,2.645502645502646,1.4285714285714286,0.04,0.0,1
ASAP7,AND3X1,AND3x1_ASAP7_6t_L,B,Y,rise,320.0,0.0014399999999999999,0.7,25.0,47.5688,1.0,0.216,0.216,0,1,1,5.771441123130016,0.0014389641942542826,4.62962962962963,4.62962962962963,0.006666666666666666,0.006666666666666666,0.006666666666666666,4.62962962962963,1.4285714285714286,0.04,0.0,1
ASAP7,NAND3X1,NAND3x1_ASAP7_6t_L,C,Y,rise,80.0,0.046079999999999996,0.7,25.0,260.937,0.3333333333333333,0.162,0.486,0,1,1,4.394449154672439,0.04504984455370874,6.172839506172839,2.05761316872428,0.2844444444444444,0.09481481481481481,0.2844444444444444,6.172839506172839,1.4285714285714286,0.04,-0.4999999999999999,1
ASAP7,AND4X2,AND4x2_ASAP7_6t_L,B,Y,rise,20.0,0.0014399999999999999,0.7,25.0,32.9822,1.0,0.324,0.324,0,1,1,3.044522437723423,0.0014389641942542826,3.0864197530864197,3.0864197530864197,0.004444444444444444,0.004444444444444444,0.004444444444444444,3.0864197530864197,1.4285714285714286,0.04,0.0,1
ASAP7,AND3X4,AND3x4_ASAP7_6t_L,C,Y,fall,5.0,0.0057599999999999995,0.7,25.0,29.1792,0.7,0.37799999999999995,0.54,0,1,1,1.791759469228055,0.005743474627065725,2.645502645502646,1.8518518518518516,0.01523809523809524,0.010666666666666665,0.010666666666666665,1.8518518518518516,1.4285714285714286,0.04,-0.17647058823529424,1
ASAP7,NAND3X1,NAND3x1_ASAP7_6t_L,B,Y,fall,20.0,0.046079999999999996,0.7,25.0,160.376,0.3333333333333333,0.162,0.486,0,1,1,3.044522437723423,0.04504984455370874,6.172839506172839,2.05761316872428,0.2844444444444444,0.09481481481481481,0.09481481481481481,2.05761316872428,1.4285714285714286,0.04,-0.4999999999999999,1
ASAP7,INVX1,INVx1_ASAP7_6t_L,A,Y,rise,20.0,0.0007199999999999999,0.7,25.0,11.0337,1.0,0.054,0.054,1,1,1,3.044522437723423,0.0007197409243488539,18.51851851851852,18.51851851851852,0.013333333333333332,0.013333333333333332,0.013333333333333332,18.51851851851852,1.4285714285714286,0.04,0.0,1
ASAP7,XOR2X2,XOR2x2_ASAP7_6t_L,B,Y,fall,10.0,0.0014399999999999999,0.7,25.0,23.6208,1.0,0.37799999999999995,0.37799999999999995,0,1,1,2.3978952727983707,0.0014389641942542826,2.645502645502646,2.645502645502646,0.00380952380952381,0.00380952380952381,0.00380952380952381,2.645502645502646,1.4285714285714286,0.04,0.0,1
ASAP7,NAND3X2,NAND3x2_ASAP7_6t_L,A,Y,rise,160.0,0.011519999999999999,0.7,25.0,78.9194,0.33333333333333326,0.324,0.9720000000000002,0,1,1,5.081404364984463,0.011454150045115854,3.0864197530864197,1.0288065843621397,0.03555555555555555,0.011851851851851848,0.03555555555555555,3.0864197530864197,1.4285714285714286,0.04,-0.5,1
ASAP7,OR4X1,OR4x1_ASAP7_6t_L,B,Y,fall,160.0,0.011519999999999999,0.7,25.0,106.888,1.0,0.27,0.27,0,1,1,5.081404364984463,0.011454150045115854,3.7037037037037033,3.7037037037037033,0.04266666666666666,0.04266666666666666,0.04266666666666666,3.7037037037037033,1.4285714285714286,0.04,0.0,1
ASAP7,NOR2X2,NOR2x2_ASAP7_6t_L,A,Y,fall,80.0,0.0028799999999999997,0.7,25.0,25.3258,1.9999999999999998,0.43199999999999994,0.216,0,1,1,4.394449154672439,0.002875860745464264,2.3148148148148153,4.62962962962963,0.006666666666666668,0.013333333333333332,0.013333333333333332,4.62962962962963,1.4285714285714286,0.04,0.3333333333333333,1
ASAP7,BUFX4,BUFx4_ASAP7_6t_L,A,Y,fall,160.0,0.023039999999999998,0.7,25.0,69.2252,1.0,0.27,0.27,0,1,1,5.081404364984463,0.022778586889339574,3.7037037037037033,3.7037037037037033,0.08533333333333332,0.08533333333333332,0.08533333333333332,3.7037037037037033,1.4285714285714286,0.04,0.0,1
ASAP7,AND3X4,AND3x4_ASAP7_6t_L,B,Y,rise,40.0,0.0057599999999999995,0.7,25.0,34.1547,0.7,0.37799999999999995,0.54,0,1,1,3.713572066704308,0.005743474627065725,2.645502645502646,1.8518518518518516,0.01523809523809524,0.010666666666666665,0.01523809523809524,2.645502645502646,1.4285714285714286,0.04,-0.17647058823529424,1
ASAP7,AND3X1,AND3x1_ASAP7_6t_L,A,Y,fall,160.0,0.0014399999999999999,0.7,25.0,33.7071,1.0,0.216,0.216,0,1,1,5.081404364984463,0.0014389641942542826,4.62962962962963,4.62962962962963,0.006666666666666666,0.006666666666666666,0.006666666666666666,4.62962962962963,1.4285714285714286,0.04,0.0,1
ASAP7,INVX4,INVx4_ASAP7_6t_L,A,Y,rise,10.0,0.023039999999999998,0.7,25.0,33.3007,1.0,0.216,0.216,1,1,1,2.3978952727983707,0.022778586889339574,4.62962962962963,4.62962962962963,0.10666666666666666,0.10666666666666666,0.10666666666666666,4.62962962962963,1.4285714285714286,0.04,0.0,1
ASAP7,BUFX2,BUFx2_ASAP7_6t_L,A,Y,rise,20.0,0.046079999999999996,0.7,25.0,133.381,1.0,0.135,0.135,0,1,1,3.044522437723423,0.04504984455370874,7.4074074074074066,7.4074074074074066,0.34133333333333327,0.34133333333333327,0.34133333333333327,7.4074074074074066,1.4285714285714286,0.04,0.0,1
ASAP7,NOR3X2,NOR3x2_ASAP7_6t_L,B,Y,fall,10.0,0.0057599999999999995,0.7,25.0,21.1171,3.0000000000000004,0.9720000000000002,0.324,0,1,1,2.3978952727983707,0.005743474627065725,1.0288065843621397,3.0864197530864197,0.005925925925925924,0.017777777777777774,0.017777777777777774,3.0864197530864197,1.4285714285714286,0.04,0.5,1
ASAP7,NAND3X1,NAND3x1_ASAP7_6t_L,A,Y,rise,40.0,0.0028799999999999997,0.7,25.0,31.7212,0.3333333333333333,0.162,0.486,0,1,1,3.713572066704308,0.002875860745464264,6.172839506172839,2.05761316872428,0.017777777777777774,0.005925925925925926,0.017777777777777774,6.172839506172839,1.4285714285714286,0.04,-0.4999999999999999,1
ASAP7,NOR2X1,NOR2x1_ASAP7_6t_L,B,Y,rise,40.0,0.0014399999999999999,0.7,25.0,19.2852,2.0,0.216,0.108,0,1,1,3.713572066704308,0.0014389641942542826,4.62962962962963,9.25925925925926,0.006666666666666666,0.013333333333333332,0.006666666666666666,4.62962962962963,1.4285714285714286,0.04,0.3333333333333333,1
ASAP7,NOR3X1,NOR3x1_ASAP7_6t_L,C,Y,rise,320.0,0.0014399999999999999,0.7,25.0,22.9436,3.0,0.486,0.162,0,1,1,5.771441123130016,0.0014389641942542826,2.05761316872428,6.172839506172839,0.002962962962962963,0.008888888888888887,0.002962962962962963,2.05761316872428,1.4285714285714286,0.04,0.4999999999999999,1
ASAP7,AND4X2,AND4x2_ASAP7_6t_L,C,Y,fall,320.0,0.0057599999999999995,0.7,25.0,62.2494,1.0,0.324,0.324,0,1,1,5.771441123130016,0.005743474627065725,3.0864197530864197,3.0864197530864197,0.017777777777777774,0.017777777777777774,0.017777777777777774,3.0864197530864197,1.4285714285714286,0.04,0.0,1
ASAP7,AND4X2,AND4x2_ASAP7_6t_L,D,Y,fall,320.0,0.046079999999999996,0.7,25.0,150.328,1.0,0.324,0.324,0,1,1,5.771441123130016,0.04504984455370874,3.0864197530864197,3.0864197530864197,0.1422222222222222,0.1422222222222222,0.1422222222222222,3.0864197530864197,1.4285714285714286,0.04,0.0,1
ASAP7,XOR2X2,XOR2x2_ASAP7_6t_L,A,Y,rise,160.0,0.0057599999999999995,0.7,25.0,52.6698,1.0,0.37799999999999995,0.37799999999999995,0,1,1,5.081404364984463,0.005743474627065725,2.645502645502646,2.645502645502646,0.01523809523809524,0.01523809523809524,0.01523809523809524,2.645502645502646,1.4285714285714286,0.04,0.0,1
ASAP7,AND4X1,AND4x1_ASAP7_6t_L,A,Y,fall,320.0,0.046079999999999996,0.7,25.0,223.506,1.0,0.27,0.27,0,1,1,5.771441123130016,0.04504984455370874,3.7037037037037033,3.7037037037037033,0.17066666666666663,0.17066666666666663,0.17066666666666663,3.7037037037037033,1.4285714285714286,0.04,0.0,1
ASAP7,AND2X2,AND2x2_ASAP7_6t_L,A,Y,rise,40.0,0.023039999999999998,0.7,25.0,76.7471,0.75,0.162,0.216,0,1,1,3.713572066704308,0.022778586889339574,6.172839506172839,4.62962962962963,0.1422222222222222,0.10666666666666666,0.1422222222222222,6.172839506172839,1.4285714285714286,0.04,-0.14285714285714285,1
ASAP7,NOR2X1,NOR2x1_ASAP7_6t_L,A,Y,fall,80.0,0.011519999999999999,0.7,25.0,75.2476,2.0,0.216,0.108,0,1,1,4.394449154672439,0.011454150045115854,4.62962962962963,9.25925925925926,0.05333333333333333,0.10666666666666666,0.10666666666666666,9.25925925925926,1.4285714285714286,0.04,0.3333333333333333,1
ASAP7,AND4X1,AND4x1_ASAP7_6t_L,D,Y,rise,10.0,0.023039999999999998,0.7,25.0,140.16,1.0,0.27,0.27,0,1,1,2.3978952727983707,0.022778586889339574,3.7037037037037033,3.7037037037037033,0.08533333333333332,0.08533333333333332,0.08533333333333332,3.7037037037037033,1.4285714285714286,0.04,0.0,1
ASAP7,OR4X1,OR4x1_ASAP7_6t_L,B,Y,fall,10.0,0.0007199999999999999,0.7,25.0,31.0546,1.0,0.27,0.27,0,1,1,2.3978952727983707,0.0007197409243488539,3.7037037037037033,3.7037037037037033,0.002666666666666666,0.002666666666666666,0.002666666666666666,3.7037037037037033,1.4285714285714286,0.04,0.0,1
ASAP7,AND4X2,AND4x2_ASAP7_6t_L,D,Y,rise,10.0,0.0014399999999999999,0.7,25.0,32.5242,1.0,0.324,0.324,0,1,1,2.3978952727983707,0.0014389641942542826,3.0864197530864197,3.0864197530864197,0.004444444444444444,0.004444444444444444,0.004444444444444444,3.0864197530864197,1.4285714285714286,0.04,0.0,1
ASAP7,NAND3X1,NAND3x1_ASAP7_6t_L,C,Y,rise,320.0,0.0057599999999999995,0.7,25.0,118.44,0.3333333333333333,0.162,0.486,0,1,1,5.771441123130016,0.005743474627065725,6.172839506172839,2.05761316872428,0.03555555555555555,0.011851851851851851,0.03555555555555555,6.172839506172839,1.4285714285714286,0.04,-0.4999999999999999,1
ASAP7,OR4X1,OR4x1_ASAP7_6t_L,B,Y,rise,80.0,0.011519999999999999,0.7,25.0,75.2945,1.0,0.27,0.27,0,1,1,4.394449154672439,0.011454150045115854,3.7037037037037033,3.7037037037037033,0.04266666666666666,0.04266666666666666,0.04266666666666666,3.7037037037037033,1.4285714285714286,0.04,0.0,1
ASAP7,XOR2X2,XOR2x2_ASAP7_6t_L,B,Y,rise,10.0,0.023039999999999998,0.7,25.0,73.6234,1.0,0.37799999999999995,0.37799999999999995,0,1,1,2.3978952727983707,0.022778586889339574,2.645502645502646,2.645502645502646,0.06095238095238096,0.06095238095238096,0.06095238095238096,2.645502645502646,1.4285714285714286,0.04,0.0,1
ASAP7,NOR3X1,NOR3x1_ASAP7_6t_L,C,Y,rise,10.0,0.023039999999999998,0.7,25.0,115.521,3.0,0.486,0.162,0,1,1,2.3978952727983707,0.022778586889339574,2.05761316872428,6.172839506172839,0.047407407407407405,0.1422222222222222,0.047407407407407405,2.05761316872428,1.4285714285714286,0.04,0.4999999999999999,1
ASAP7,AND3X4,AND3x4_ASAP7_6t_L,C,Y,rise,10.0,0.011519999999999999,0.7,25.0,38.3511,0.7,0.37799999999999995,0.54,0,1,1,2.3978952727983707,0.011454150045115854,2.645502645502646,1.8518518518518516,0.03047619047619048,0.02133333333333333,0.03047619047619048,2.645502645502646,1.4285714285714286,0.04,-0.17647058823529424,1
ASAP7,AND4X1,AND4x1_ASAP7_6t_L,D,Y,rise,20.0,0.023039999999999998,0.7,25.0,140.718,1.0,0.27,0.27,0,1,1,3.044522437723423,0.022778586889339574,3.7037037037037033,3.7037037037037033,0.08533333333333332,0.08533333333333332,0.08533333333333332,3.7037037037037033,1.4285714285714286,0.04,0.0,1
ASAP7,AND4X2,AND4x2_ASAP7_6t_L,B,Y,rise,20.0,0.09215999999999999,0.7,25.0,261.223,1.0,0.324,0.324,0,1,1,3.044522437723423,0.08815738673620516,3.0864197530864197,3.0864197530864197,0.2844444444444444,0.2844444444444444,0.2844444444444444,3.0864197530864197,1.4285714285714286,0.04,0.0,1
ASAP7,OR3X1,OR3x1_ASAP7_6t_L,B,Y,fall,160.0,0.0028799999999999997,0.7,25.0,58.9332,1.0,0.216,0.216,0,1,1,5.081404364984463,0.002875860745464264,4.62962962962963,4.62962962962963,0.013333333333333332,0.013333333333333332,0.013333333333333332,4.62962962962963,1.4285714285714286,0.04,0.0,1
ASAP7,AND3X2,AND3x2_ASAP7_6t_L,B,Y,rise,20.0,0.011519999999999999,0.7,25.0,55.2694,1.0,0.27,0.27,0,1,1,3.044522437723423,0.011454150045115854,3.7037037037037033,3.7037037037037033,0.04266666666666666,0.04266666666666666,0.04266666666666666,3.7037037037037033,1.4285714285714286,0.04,0.0,1
ASAP7,XOR2X2,XOR2x2_ASAP7_6t_L,A,Y,fall,40.0,0.011519999999999999,0.7,25.0,50.033,1.0,0.37799999999999995,0.37799999999999995,0,1,1,3.713572066704308,0.011454150045115854,2.645502645502646,2.645502645502646,0.03047619047619048,0.03047619047619048,0.03047619047619048,2.645502645502646,1.4285714285714286,0.04,0.0,1
ASAP7,AND2X2,AND2x2_ASAP7_6t_L,B,Y,rise,320.0,0.0057599999999999995,0.7,25.0,45.371,0.75,0.162,0.216,0,1,1,5.771441123130016,0.005743474627065725,6.172839506172839,4.62962962962963,0.03555555555555555,0.026666666666666665,0.03555555555555555,6.172839506172839,1.4285714285714286,0.04,-0.14285714285714285,1
ASAP7,AND3X1,AND3x1_ASAP7_6t_L,A,Y,fall,320.0,0.046079999999999996,0.7,25.0,226.185,1.0,0.216,0.216,0,1,1,5.771441123130016,0.04504984455370874,4.62962962962963,4.62962962962963,0.21333333333333332,0.21333333333333332,0.21333333333333332,4.62962962962963,1.4285714285714286,0.04,0.0,1
ASAP7,AND3X1,AND3x1_ASAP7_6t_L,A,Y,fall,80.0,0.0057599999999999995,0.7,25.0,46.2964,1.0,0.216,0.216,0,1,1,4.394449154672439,0.005743474627065725,4.62962962962963,4.62962962962963,0.026666666666666665,0.026666666666666665,0.026666666666666665,4.62962962962963,1.4285714285714286,0.04,0.0,1
ASAP7,INVX2,INVx2_ASAP7_6t_L,A,Y,rise,20.0,0.0057599999999999995,0.7,25.0,22.2,1.0,0.108,0.108,1,1,1,3.044522437723423,0.005743474627065725,9.25925925925926,9.25925925925926,0.05333333333333333,0.05333333333333333,0.05333333333333333,9.25925925925926,1.4285714285714286,0.04,0.0,1
ASAP7,OR2X4,OR2x4_ASAP7_6t_L,A,Y,rise,20.0,0.09215999999999999,0.7,25.0,133.822,1.0,0.324,0.324,0,1,1,3.044522437723423,0.08815738673620516,3.0864197530864197,3.0864197530864197,0.2844444444444444,0.2844444444444444,0.2844444444444444,3.0864197530864197,1.4285714285714286,0.04,0.0,1
ASAP7,INVX1,INVx1_ASAP7_6t_L,A,Y,rise,160.0,0.0057599999999999995,0.7,25.0,72.6879,1.0,0.054,0.054,1,1,1,5.081404364984463,0.005743474627065725,18.51851851851852,18.51851851851852,0.10666666666666666,0.10666666666666666,0.10666666666666666,18.51851851851852,1.4285714285714286,0.04,0.0,1
ASAP7,XOR2X2,XOR2x2_ASAP7_6t_L,B,Y,rise,80.0,0.0057599999999999995,0.7,25.0,49.4843,1.0,0.37799999999999995,0.37799999999999995,0,1,1,4.394449154672439,0.005743474627065725,2.645502645502646,2.645502645502646,0.01523809523809524,0.01523809523809524,0.01523809523809524,2.645502645502646,1.4285714285714286,0.04,0.0,1
ASAP7,OR2X4,OR2x4_ASAP7_6t_L,A,Y,rise,160.0,0.0057599999999999995,0.7,25.0,41.7775,1.0,0.324,0.324,0,1,1,5.081404364984463,0.005743474627065725,3.0864197530864197,3.0864197530864197,0.017777777777777774,0.017777777777777774,0.017777777777777774,3.0864197530864197,1.4285714285714286,0.04,0.0,1
ASAP7,NOR2X1,NOR2x1_ASAP7_6t_L,A,Y,rise,40.0,0.0028799999999999997,0.7,25.0,26.0774,2.0,0.216,0.108,0,1,1,3.713572066704308,0.002875860745464264,4.62962962962963,9.25925925925926,0.013333333333333332,0.026666666666666665,0.013333333333333332,4.62962962962963,1.4285714285714286,0.04,0.3333333333333333,1
ASAP7,OR4X2,OR4x2_ASAP7_6t_L,D,Y,fall,10.0,0.046079999999999996,0.7,25.0,139.963,1.3333333333333335,0.216,0.162,0,1,1,2.3978952727983707,0.04504984455370874,4.62962962962963,6.172839506172839,0.21333333333333332,0.2844444444444444,0.2844444444444444,6.172839506172839,1.4285714285714286,0.04,0.14285714285714285,1
ASAP7,AND3X4,AND3x4_ASAP7_6t_L,C,Y,rise,320.0,0.0057599999999999995,0.7,25.0,33.7075,0.7,0.37799999999999995,0.54,0,1,1,5.771441123130016,0.005743474627065725,2.645502645502646,1.8518518518518516,0.01523809523809524,0.010666666666666665,0.01523809523809524,2.645502645502646,1.4285714285714286,0.04,-0.17647058823529424,1
ASAP7,AND2X4,AND2x4_ASAP7_6t_L,A,Y,fall,160.0,0.046079999999999996,0.7,25.0,83.0191,1.0,0.43199999999999994,0.43199999999999994,0,1,1,5.081404364984463,0.04504984455370874,2.3148148148148153,2.3148148148148153,0.10666666666666669,0.10666666666666669,0.10666666666666669,2.3148148148148153,1.4285714285714286,0.04,0.0,1
ASAP7,OR4X1,OR4x1_ASAP7_6t_L,C,Y,rise,160.0,0.0014399999999999999,0.7,25.0,28.9705,1.0,0.27,0.27,0,1,1,5.081404364984463,0.0014389641942542826,3.7037037037037033,3.7037037037037033,0.005333333333333332,0.005333333333333332,0.005333333333333332,3.7037037037037033,1.4285714285714286,0.04,0.0,1
ASAP7,INVX8,INVx8_ASAP7_6t_L,A,Y,fall,320.0,0.09215999999999999,0.7,25.0,115.3,1.0,0.43199999999999994,0.43199999999999994,1,1,1,5.771441123130016,0.08815738673620516,2.3148148148148153,2.3148148148148153,0.21333333333333337,0.21333333333333337,0.21333333333333337,2.3148148148148153,1.4285714285714286,0.04,0.0,1
ASAP7,AND3X4,AND3x4_ASAP7_6t_L,A,Y,fall,10.0,0.046079999999999996,0.7,25.0,69.3408,0.7,0.37799999999999995,0.54,0,1,1,2.3978952727983707,0.04504984455370874,2.645502645502646,1.8518518518518516,0.12190476190476192,0.08533333333333332,0.08533333333333332,1.8518518518518516,1.4285714285714286,0.04,-0.17647058823529424,1
ASAP7,AND3X1,AND3x1_ASAP7_6t_L,B,Y,rise,20.0,0.023039999999999998,0.7,25.0,134.89,1.0,0.216,0.216,0,1,1,3.044522437723423,0.022778586889339574,4.62962962962963,4.62962962962963,0.10666666666666666,0.10666666666666666,0.10666666666666666,4.62962962962963,1.4285714285714286,0.04,0.0,1
ASAP7,NAND3X2,NAND3x2_ASAP7_6t_L,C,Y,rise,320.0,0.0028799999999999997,0.7,25.0,81.0301,0.33333333333333326,0.324,0.9720000000000002,0,1,1,5.771441123130016,0.002875860745464264,3.0864197530864197,1.0288065843621397,0.008888888888888887,0.002962962962962962,0.008888888888888887,3.0864197530864197,1.4285714285714286,0.04,-0.5,1
ASAP7,OR4X2,OR4x2_ASAP7_6t_L,C,Y,rise,80.0,0.0028799999999999997,0.7,25.0,30.5467,1.3333333333333335,0.216,0.162,0,1,1,4.394449154672439,0.002875860745464264,4.62962962962963,6.172839506172839,0.013333333333333332,0.017777777777777774,0.013333333333333332,4.62962962962963,1.4285714285714286,0.04,0.14285714285714285,1
ASAP7,NAND2X2,NAND2x2_ASAP7_6t_L,B,Y,fall,10.0,0.09215999999999999,0.7,25.0,165.503,0.5000000000000001,0.216,0.43199999999999994,0,1,1,2.3978952727983707,0.08815738673620516,4.62962962962963,2.3148148148148153,0.42666666666666664,0.21333333333333337,0.21333333333333337,2.3148148148148153,1.4285714285714286,0.04,-0.3333333333333333,1
ASAP7,NAND2X2,NAND2x2_ASAP7_6t_L,A,Y,fall,10.0,0.09215999999999999,0.7,25.0,165.615,0.5000000000000001,0.216,0.43199999999999994,0,1,1,2.3978952727983707,0.08815738673620516,4.62962962962963,2.3148148148148153,0.42666666666666664,0.21333333333333337,0.21333333333333337,2.3148148148148153,1.4285714285714286,0.04,-0.3333333333333333,1
ASAP7,OR3X4,OR3x4_ASAP7_6t_L,C,Y,fall,320.0,0.18431999999999998,0.7,25.0,279.279,1.0,0.37799999999999995,0.37799999999999995,0,1,1,5.771441123130016,0.16916877021565407,2.645502645502646,2.645502645502646,0.4876190476190477,0.4876190476190477,0.4876190476190477,2.645502645502646,1.4285714285714286,0.04,0.0,1
ASAP7,AND2X4,AND2x4_ASAP7_6t_L,B,Y,rise,160.0,0.09215999999999999,0.7,25.0,146.872,1.0,0.43199999999999994,0.43199999999999994,0,1,1,5.081404364984463,0.08815738673620516,2.3148148148148153,2.3148148148148153,0.21333333333333337,0.21333333333333337,0.21333333333333337,2.3148148148148153,1.4285714285714286,0.04,0.0,1
ASAP7,NOR2X2,NOR2x2_ASAP7_6t_L,B,Y,rise,160.0,0.0057599999999999995,0.7,25.0,44.6785,1.9999999999999998,0.43199999999999994,0.216,0,1,1,5.081404364984463,0.005743474627065725,2.3148148148148153,4.62962962962963,0.013333333333333336,0.026666666666666665,0.013333333333333336,2.3148148148148153,1.4285714285714286,0.04,0.3333333333333333,1
ASAP7,NAND2X2,NAND2x2_ASAP7_6t_L,B,Y,fall,320.0,0.09215999999999999,0.7,25.0,249.274,0.5000000000000001,0.216,0.43199999999999994,0,1,1,5.771441123130016,0.08815738673620516,4.62962962962963,2.3148148148148153,0.42666666666666664,0.21333333333333337,0.21333333333333337,2.3148148148148153,1.4285714285714286,0.04,-0.3333333333333333,1
ASAP7,AND4X1,AND4x1_ASAP7_6t_L,A,Y,rise,10.0,0.011519999999999999,0.7,25.0,81.3385,1.0,0.27,0.27,0,1,1,2.3978952727983707,0.011454150045115854,3.7037037037037033,3.7037037037037033,0.04266666666666666,0.04266666666666666,0.04266666666666666,3.7037037037037033,1.4285714285714286,0.04,0.0,1
ASAP7,BUFX2,BUFx2_ASAP7_6t_L,A,Y,rise,160.0,0.0057599999999999995,0.7,25.0,49.8335,1.0,0.135,0.135,0,1,1,5.081404364984463,0.005743474627065725,7.4074074074074066,7.4074074074074066,0.04266666666666666,0.04266666666666666,0.04266666666666666,7.4074074074074066,1.4285714285714286,0.04,0.0,1
ASAP7,OR3X1,OR3x1_ASAP7_6t_L,A,Y,rise,5.0,0.0014399999999999999,0.7,25.0,17.059,1.0,0.216,0.216,0,1,1,1.791759469228055,0.0014389641942542826,4.62962962962963,4.62962962962963,0.006666666666666666,0.006666666666666666,0.006666666666666666,4.62962962962963,1.4285714285714286,0.04,0.0,1
ASAP7,NAND3X2,NAND3x2_ASAP7_6t_L,C,Y,fall,160.0,0.0028799999999999997,0.7,25.0,11.3988,0.33333333333333326,0.324,0.9720000000000002,0,1,1,5.081404364984463,0.002875860745464264,3.0864197530864197,1.0288065843621397,0.008888888888888887,0.002962962962962962,0.002962962962962962,1.0288065843621397,1.4285714285714286,0.04,-0.5,1
ASAP7,NOR2X1,NOR2x1_ASAP7_6t_L,B,Y,rise,10.0,0.023039999999999998,0.7,25.0,113.216,2.0,0.216,0.108,0,1,1,2.3978952727983707,0.022778586889339574,4.62962962962963,9.25925925925926,0.10666666666666666,0.21333333333333332,0.10666666666666666,4.62962962962963,1.4285714285714286,0.04,0.3333333333333333,1
ASAP7,OR4X1,OR4x1_ASAP7_6t_L,D,Y,fall,320.0,0.0057599999999999995,0.7,25.0,90.2367,1.0,0.27,0.27,0,1,1,5.771441123130016,0.005743474627065725,3.7037037037037033,3.7037037037037033,0.02133333333333333,0.02133333333333333,0.02133333333333333,3.7037037037037033,1.4285714285714286,0.04,0.0,1
ASAP7,OR4X2,OR4x2_ASAP7_6t_L,C,Y,fall,40.0,0.046079999999999996,0.7,25.0,143.285,1.3333333333333335,0.216,0.162,0,1,1,3.713572066704308,0.04504984455370874,4.62962962962963,6.172839506172839,0.21333333333333332,0.2844444444444444,0.2844444444444444,6.172839506172839,1.4285714285714286,0.04,0.14285714285714285,1
ASAP7,AND3X4,AND3x4_ASAP7_6t_L,A,Y,fall,5.0,0.18431999999999998,0.7,25.0,210.566,0.7,0.37799999999999995,0.54,0,1,1,1.791759469228055,0.16916877021565407,2.645502645502646,1.8518518518518516,0.4876190476190477,0.34133333333333327,0.34133333333333327,1.8518518518518516,1.4285714285714286,0.04,-0.17647058823529424,1
ASAP7,NAND3X1,NAND3x1_ASAP7_6t_L,B,Y,fall,20.0,0.0014399999999999999,0.7,25.0,12.6108,0.3333333333333333,0.162,0.486,0,1,1,3.044522437723423,0.0014389641942542826,6.172839506172839,2.05761316872428,0.008888888888888887,0.002962962962962963,0.002962962962962963,2.05761316872428,1.4285714285714286,0.04,-0.4999999999999999,1
ASAP7,AND4X2,AND4x2_ASAP7_6t_L,C,Y,rise,80.0,0.0028799999999999997,0.7,25.0,43.8363,1.0,0.324,0.324,0,1,1,4.394449154672439,0.002875860745464264,3.0864197530864197,3.0864197530864197,0.008888888888888887,0.008888888888888887,0.008888888888888887,3.0864197530864197,1.4285714285714286,0.04,0.0,1
ASAP7,NOR3X2,NOR3x2_ASAP7_6t_L,B,Y,rise,5.0,0.046079999999999996,0.7,25.0,114.677,3.0000000000000004,0.9720000000000002,0.324,0,1,1,1.791759469228055,0.04504984455370874,1.0288065843621397,3.0864197530864197,0.04740740740740739,0.1422222222222222,0.04740740740740739,1.0288065843621397,1.4285714285714286,0.04,0.5,1
ASAP7,XOR2X2,XOR2x2_ASAP7_6t_L,A,Y,rise,10.0,0.046079999999999996,0.7,25.0,137.079,1.0,0.37799999999999995,0.37799999999999995,0,1,1,2.3978952727983707,0.04504984455370874,2.645502645502646,2.645502645502646,0.12190476190476192,0.12190476190476192,0.12190476190476192,2.645502645502646,1.4285714285714286,0.04,0.0,1
ASAP7,NAND3X2,NAND3x2_ASAP7_6t_L,B,Y,fall,5.0,0.0057599999999999995,0.7,25.0,15.3611,0.33333333333333326,0.324,0.9720000000000002,0,1,1,1.791759469228055,0.005743474627065725,3.0864197530864197,1.0288065843621397,0.017777777777777774,0.005925925925925924,0.005925925925925924,1.0288065843621397,1.4285714285714286,0.04,-0.5,1
ASAP7,NAND2X2,NAND2x2_ASAP7_6t_L,B,Y,rise,160.0,0.023039999999999998,0.7,25.0,111.242,0.5000000000000001,0.216,0.43199999999999994,0,1,1,5.081404364984463,0.022778586889339574,4.62962962962963,2.3148148148148153,0.10666666666666666,0.053333333333333344,0.10666666666666666,4.62962962962963,1.4285714285714286,0.04,-0.3333333333333333,1
ASAP7,AND3X2,AND3x2_ASAP7_6t_L,A,Y,fall,20.0,0.011519999999999999,0.7,25.0,41.1239,1.0,0.27,0.27,0,1,1,3.044522437723423,0.011454150045115854,3.7037037037037033,3.7037037037037033,0.04266666666666666,0.04266666666666666,0.04266666666666666,3.7037037037037033,1.4285714285714286,0.04,0.0,1
ASAP7,AND3X2,AND3x2_ASAP7_6t_L,B,Y,rise,80.0,0.0028799999999999997,0.7,25.0,39.558,1.0,0.27,0.27,0,1,1,4.394449154672439,0.002875860745464264,3.7037037037037033,3.7037037037037033,0.010666666666666665,0.010666666666666665,0.010666666666666665,3.7037037037037033,1.4285714285714286,0.04,0.0,1
ASAP7,AND4X2,AND4x2_ASAP7_6t_L,C,Y,fall,320.0,0.046079999999999996,0.7,25.0,146.489,1.0,0.324,0.324,0,1,1,5.771441123130016,0.04504984455370874,3.0864197530864197,3.0864197530864197,0.1422222222222222,0.1422222222222222,0.1422222222222222,3.0864197530864197,1.4285714285714286,0.04,0.0,1
ASAP7,NOR2X2,NOR2x2_ASAP7_6t_L,A,Y,rise,5.0,0.0014399999999999999,0.7,25.0,9.02766,1.9999999999999998,0.43199999999999994,0.216,0,1,1,1.791759469228055,0.0014389641942542826,2.3148148148148153,4.62962962962963,0.003333333333333334,0.006666666666666666,0.003333333333333334,2.3148148148148153,1.4285714285714286,0.04,0.3333333333333333,1
ASAP7,XOR2X2,XOR2x2_ASAP7_6t_L,B,Y,rise,320.0,0.09215999999999999,0.7,25.0,256.33,1.0,0.37799999999999995,0.37799999999999995,0,1,1,5.771441123130016,0.08815738673620516,2.645502645502646,2.645502645502646,0.24380952380952384,0.24380952380952384,0.24380952380952384,2.645502645502646,1.4285714285714286,0.04,0.0,1
ASAP7,AND3X2,AND3x2_ASAP7_6t_L,A,Y,rise,320.0,0.09215999999999999,0.7,25.0,288.504,1.0,0.27,0.27,0,1,1,5.771441123130016,0.08815738673620516,3.7037037037037033,3.7037037037037033,0.34133333333333327,0.34133333333333327,0.34133333333333327,3.7037037037037033,1.4285714285714286,0.04,0.0,1
ASAP7,NOR3X1,NOR3x1_ASAP7_6t_L,A,Y,fall,80.0,0.011519999999999999,0.7,25.0,75.0923,3.0,0.486,0.162,0,1,1,4.394449154672439,0.011454150045115854,2.05761316872428,6.172839506172839,0.023703703703703703,0.0711111111111111,0.0711111111111111,6.172839506172839,1.4285714285714286,0.04,0.4999999999999999,1
ASAP7,XOR2X2,XOR2x2_ASAP7_6t_L,A,Y,rise,5.0,0.09215999999999999,0.7,25.0,243.707,1.0,0.37799999999999995,0.37799999999999995,0,1,1,1.791759469228055,0.08815738673620516,2.645502645502646,2.645502645502646,0.24380952380952384,0.24380952380952384,0.24380952380952384,2.645502645502646,1.4285714285714286,0.04,0.0,1
ASAP7,INVX2,INVx2_ASAP7_6t_L,A,Y,rise,5.0,0.0028799999999999997,0.7,25.0,10.3748,1.0,0.108,0.108,1,1,1,1.791759469228055,0.002875860745464264,9.25925925925926,9.25925925925926,0.026666666666666665,0.026666666666666665,0.026666666666666665,9.25925925925926,1.4285714285714286,0.04,0.0,1
ASAP7,AND3X1,AND3x1_ASAP7_6t_L,C,Y,rise,320.0,0.0014399999999999999,0.7,25.0,37.311,1.0,0.216,0.216,0,1,1,5.771441123130016,0.0014389641942542826,4.62962962962963,4.62962962962963,0.006666666666666666,0.006666666666666666,0.006666666666666666,4.62962962962963,1.4285714285714286,0.04,0.0,1
ASAP7,OR4X2,OR4x2_ASAP7_6t_L,B,Y,rise,5.0,0.0014399999999999999,0.7,25.0,15.3289,1.3333333333333335,0.216,0.162,0,1,1,1.791759469228055,0.0014389641942542826,4.62962962962963,6.172839506172839,0.006666666666666666,0.008888888888888887,0.006666666666666666,4.62962962962963,1.4285714285714286,0.04,0.14285714285714285,1
ASAP7,NAND3X1,NAND3x1_ASAP7_6t_L,B,Y,fall,160.0,0.0014399999999999999,0.7,25.0,14.6472,0.3333333333333333,0.162,0.486,0,1,1,5.081404364984463,0.0014389641942542826,6.172839506172839,2.05761316872428,0.008888888888888887,0.002962962962962963,0.002962962962962963,2.05761316872428,1.4285714285714286,0.04,-0.4999999999999999,1
ASAP7,INVX2,INVx2_ASAP7_6t_L,A,Y,fall,40.0,0.09215999999999999,0.7,25.0,201.811,1.0,0.108,0.108,1,1,1,3.713572066704308,0.08815738673620516,9.25925925925926,9.25925925925926,0.8533333333333333,0.8533333333333333,0.8533333333333333,9.25925925925926,1.4285714285714286,0.04,0.0,1
ASAP7,AND3X1,AND3x1_ASAP7_6t_L,A,Y,fall,5.0,0.0014399999999999999,0.7,25.0,16.8198,1.0,0.216,0.216,0,1,1,1.791759469228055,0.0014389641942542826,4.62962962962963,4.62962962962963,0.006666666666666666,0.006666666666666666,0.006666666666666666,4.62962962962963,1.4285714285714286,0.04,0.0,1
ASAP7,OR4X1,OR4x1_ASAP7_6t_L,D,Y,fall,320.0,0.0014399999999999999,0.7,25.0,66.9161,1.0,0.27,0.27,0,1,1,5.771441123130016,0.0014389641942542826,3.7037037037037033,3.7037037037037033,0.005333333333333332,0.005333333333333332,0.005333333333333332,3.7037037037037033,1.4285714285714286,0.04,0.0,1
ASAP7,XOR2X2,XOR2x2_ASAP7_6t_L,B,Y,fall,40.0,0.011519999999999999,0.7,25.0,47.8796,1.0,0.37799999999999995,0.37799999999999995,0,1,1,3.713572066704308,0.011454150045115854,2.645502645502646,2.645502645502646,0.03047619047619048,0.03047619047619048,0.03047619047619048,2.645502645502646,1.4285714285714286,0.04,0.0,1
ASAP7,NOR3X2,NOR3x2_ASAP7_6t_L,C,Y,fall,5.0,0.0057599999999999995,0.7,25.0,21.2083,3.0000000000000004,0.9720000000000002,0.324,0,1,1,1.791759469228055,0.005743474627065725,1.0288065843621397,3.0864197530864197,0.005925925925925924,0.017777777777777774,0.017777777777777774,3.0864197530864197,1.4285714285714286,0.04,0.5,1
ASAP7,NAND2X1,NAND2x1_ASAP7_6t_L,A,Y,fall,10.0,0.011519999999999999,0.7,25.0,45.5502,0.5,0.108,0.216,0,1,1,2.3978952727983707,0.011454150045115854,9.25925925925926,4.62962962962963,0.10666666666666666,0.05333333333333333,0.05333333333333333,4.62962962962963,1.4285714285714286,0.04,-0.3333333333333333,1
ASAP7,AND4X1,AND4x1_ASAP7_6t_L,C,Y,fall,160.0,0.023039999999999998,0.7,25.0,128.019,1.0,0.27,0.27,0,1,1,5.081404364984463,0.022778586889339574,3.7037037037037033,3.7037037037037033,0.08533333333333332,0.08533333333333332,0.08533333333333332,3.7037037037037033,1.4285714285714286,0.04,0.0,1
ASAP7,OR3X1,OR3x1_ASAP7_6t_L,A,Y,fall,320.0,0.0014399999999999999,0.7,25.0,77.6287,1.0,0.216,0.216,0,1,1,5.771441123130016,0.0014389641942542826,4.62962962962963,4.62962962962963,0.006666666666666666,0.006666666666666666,0.006666666666666666,4.62962962962963,1.4285714285714286,0.04,0.0,1
ASAP7,AND4X2,AND4x2_ASAP7_6t_L,A,Y,rise,5.0,0.046079999999999996,0.7,25.0,144.338,1.0,0.324,0.324,0,1,1,1.791759469228055,0.04504984455370874,3.0864197530864197,3.0864197530864197,0.1422222222222222,0.1422222222222222,0.1422222222222222,3.0864197530864197,1.4285714285714286,0.04,0.0,1
ASAP7,NOR2X2,NOR2x2_ASAP7_6t_L,A,Y,fall,10.0,0.011519999999999999,0.7,25.0,31.0742,1.9999999999999998,0.43199999999999994,0.216,0,1,1,2.3978952727983707,0.011454150045115854,2.3148148148148153,4.62962962962963,0.026666666666666672,0.05333333333333333,0.05333333333333333,4.62962962962963,1.4285714285714286,0.04,0.3333333333333333,1
ASAP7,AND2X2,AND2x2_ASAP7_6t_L,A,Y,rise,10.0,0.011519999999999999,0.7,25.0,44.8657,0.75,0.162,0.216,0,1,1,2.3978952727983707,0.011454150045115854,6.172839506172839,4.62962962962963,0.0711111111111111,0.05333333333333333,0.0711111111111111,6.172839506172839,1.4285714285714286,0.04,-0.14285714285714285,1
ASAP7,AND3X4,AND3x4_ASAP7_6t_L,C,Y,rise,5.0,0.011519999999999999,0.7,25.0,37.672,0.7,0.37799999999999995,0.54,0,1,1,1.791759469228055,0.011454150045115854,2.645502645502646,1.8518518518518516,0.03047619047619048,0.02133333333333333,0.03047619047619048,2.645502645502646,1.4285714285714286,0.04,-0.17647058823529424,1
ASAP7,AND2X4,AND2x4_ASAP7_6t_L,A,Y,fall,40.0,0.09215999999999999,0.7,25.0,115.742,1.0,0.43199999999999994,0.43199999999999994,0,1,1,3.713572066704308,0.08815738673620516,2.3148148148148153,2.3148148148148153,0.21333333333333337,0.21333333333333337,0.21333333333333337,2.3148148148148153,1.4285714285714286,0.04,0.0,1
ASAP7,AND4X1,AND4x1_ASAP7_6t_L,C,Y,rise,80.0,0.0007199999999999999,0.7,25.0,32.7937,1.0,0.27,0.27,0,1,1,4.394449154672439,0.0007197409243488539,3.7037037037037033,3.7037037037037033,0.002666666666666666,0.002666666666666666,0.002666666666666666,3.7037037037037033,1.4285714285714286,0.04,0.0,1
ASAP7,AND4X2,AND4x2_ASAP7_6t_L,B,Y,fall,320.0,0.0028799999999999997,0.7,25.0,50.2933,1.0,0.324,0.324,0,1,1,5.771441123130016,0.002875860745464264,3.0864197530864197,3.0864197530864197,0.008888888888888887,0.008888888888888887,0.008888888888888887,3.0864197530864197,1.4285714285714286,0.04,0.0,1
ASAP7,AND3X2,AND3x2_ASAP7_6t_L,C,Y,fall,80.0,0.023039999999999998,0.7,25.0,77.7866,1.0,0.27,0.27,0,1,1,4.394449154672439,0.022778586889339574,3.7037037037037033,3.7037037037037033,0.08533333333333332,0.08533333333333332,0.08533333333333332,3.7037037037037033,1.4285714285714286,0.04,0.0,1
ASAP7,OR3X4,OR3x4_ASAP7_6t_L,C,Y,fall,5.0,0.011519999999999999,0.7,25.0,55.9517,1.0,0.37799999999999995,0.37799999999999995,0,1,1,1.791759469228055,0.011454150045115854,2.645502645502646,2.645502645502646,0.03047619047619048,0.03047619047619048,0.03047619047619048,2.645502645502646,1.4285714285714286,0.04,0.0,1
ASAP7,NAND3X2,NAND3x2_ASAP7_6t_L,B,Y,rise,20.0,0.0057599999999999995,0.7,25.0,27.8305,0.33333333333333326,0.324,0.9720000000000002,0,1,1,3.044522437723423,0.005743474627065725,3.0864197530864197,1.0288065843621397,0.017777777777777774,0.005925925925925924,0.017777777777777774,3.0864197530864197,1.4285714285714286,0.04,-0.5,1
ASAP7,OR4X2,OR4x2_ASAP7_6t_L,C,Y,fall,20.0,0.011519999999999999,0.7,25.0,67.9074,1.3333333333333335,0.216,0.162,0,1,1,3.044522437723423,0.011454150045115854,4.62962962962963,6.172839506172839,0.05333333333333333,0.0711111111111111,0.0711111111111111,6.172839506172839,1.4285714285714286,0.04,0.14285714285714285,1
ASAP7,NAND2X2,NAND2x2_ASAP7_6t_L,A,Y,rise,20.0,0.0028799999999999997,0.7,25.0,18.483,0.5000000000000001,0.216,0.43199999999999994,0,1,1,3.044522437723423,0.002875860745464264,4.62962962962963,2.3148148148148153,0.013333333333333332,0.006666666666666668,0.013333333333333332,4.62962962962963,1.4285714285714286,0.04,-0.3333333333333333,1
ASAP7,AND4X2,AND4x2_ASAP7_6t_L,C,Y,fall,10.0,0.046079999999999996,0.7,25.0,110.908,1.0,0.324,0.324,0,1,1,2.3978952727983707,0.04504984455370874,3.0864197530864197,3.0864197530864197,0.1422222222222222,0.1422222222222222,0.1422222222222222,3.0864197530864197,1.4285714285714286,0.04,0.0,1
ASAP7,BUFX2,BUFx2_ASAP7_6t_L,A,Y,fall,5.0,0.0028799999999999997,0.7,25.0,23.4902,1.0,0.135,0.135,0,1,1,1.791759469228055,0.002875860745464264,7.4074074074074066,7.4074074074074066,0.02133333333333333,0.02133333333333333,0.02133333333333333,7.4074074074074066,1.4285714285714286,0.04,0.0,1
ASAP7,NOR2X1,NOR2x1_ASAP7_6t_L,B,Y,rise,5.0,0.0014399999999999999,0.7,25.0,11.5378,2.0,0.216,0.108,0,1,1,1.791759469228055,0.0014389641942542826,4.62962962962963,9.25925925925926,0.006666666666666666,0.013333333333333332,0.006666666666666666,4.62962962962963,1.4285714285714286,0.04,0.3333333333333333,1
ASAP7,XOR2X2,XOR2x2_ASAP7_6t_L,B,Y,rise,20.0,0.0028799999999999997,0.7,25.0,24.6113,1.0,0.37799999999999995,0.37799999999999995,0,1,1,3.044522437723423,0.002875860745464264,2.645502645502646,2.645502645502646,0.00761904761904762,0.00761904761904762,0.00761904761904762,2.645502645502646,1.4285714285714286,0.04,0.0,1
ASAP7,AND4X1,AND4x1_ASAP7_6t_L,C,Y,fall,320.0,0.011519999999999999,0.7,25.0,91.5652,1.0,0.27,0.27,0,1,1,5.771441123130016,0.011454150045115854,3.7037037037037033,3.7037037037037033,0.04266666666666666,0.04266666666666666,0.04266666666666666,3.7037037037037033,1.4285714285714286,0.04,0.0,1
ASAP7,OR3X4,OR3x4_ASAP7_6t_L,B,Y,fall,20.0,0.023039999999999998,0.7,25.0,72.1596,1.0,0.37799999999999995,0.37799999999999995,0,1,1,3.044522437723423,0.022778586889339574,2.645502645502646,2.645502645502646,0.06095238095238096,0.06095238095238096,0.06095238095238096,2.645502645502646,1.4285714285714286,0.04,0.0,1
ASAP7,AND4X2,AND4x2_ASAP7_6t_L,C,Y,fall,20.0,0.023039999999999998,0.7,25.0,66.4799,1.0,0.324,0.324,0,1,1,3.044522437723423,0.022778586889339574,3.0864197530864197,3.0864197530864197,0.0711111111111111,0.0711111111111111,0.0711111111111111,3.0864197530864197,1.4285714285714286,0.04,0.0,1
ASAP7,OR2X2,OR2x2_ASAP7_6t_L,A,Y,rise,20.0,0.09215999999999999,0.7,25.0,249.297,1.3333333333333335,0.216,0.162,0,1,1,3.044522437723423,0.08815738673620516,4.62962962962963,6.172839506172839,0.42666666666666664,0.5688888888888888,0.42666666666666664,4.62962962962963,1.4285714285714286,0.04,0.14285714285714285,1
ASAP7,AND4X2,AND4x2_ASAP7_6t_L,C,Y,fall,80.0,0.011519999999999999,0.7,25.0,54.1143,1.0,0.324,0.324,0,1,1,4.394449154672439,0.011454150045115854,3.0864197530864197,3.0864197530864197,0.03555555555555555,0.03555555555555555,0.03555555555555555,3.0864197530864197,1.4285714285714286,0.04,0.0,1
ASAP7,NOR3X1,NOR3x1_ASAP7_6t_L,A,Y,fall,10.0,0.046079999999999996,0.7,25.0,196.542,3.0,0.486,0.162,0,1,1,2.3978952727983707,0.04504984455370874,2.05761316872428,6.172839506172839,0.09481481481481481,0.2844444444444444,0.2844444444444444,6.172839506172839,1.4285714285714286,0.04,0.4999999999999999,1
ASAP7,OR2X4,OR2x4_ASAP7_6t_L,B,Y,rise,20.0,0.046079999999999996,0.7,25.0,76.0967,1.0,0.324,0.324,0,1,1,3.044522437723423,0.04504984455370874,3.0864197530864197,3.0864197530864197,0.1422222222222222,0.1422222222222222,0.1422222222222222,3.0864197530864197,1.4285714285714286,0.04,0.0,1
ASAP7,OR4X1,OR4x1_ASAP7_6t_L,B,Y,fall,20.0,0.0057599999999999995,0.7,25.0,57.9942,1.0,0.27,0.27,0,1,1,3.044522437723423,0.005743474627065725,3.7037037037037033,3.7037037037037033,0.02133333333333333,0.02133333333333333,0.02133333333333333,3.7037037037037033,1.4285714285714286,0.04,0.0,1
ASAP7,AND3X4,AND3x4_ASAP7_6t_L,A,Y,fall,5.0,0.023039999999999998,0.7,25.0,44.0449,0.7,0.37799999999999995,0.54,0,1,1,1.791759469228055,0.022778586889339574,2.645502645502646,1.8518518518518516,0.06095238095238096,0.04266666666666666,0.04266666666666666,1.8518518518518516,1.4285714285714286,0.04,-0.17647058823529424,1
ASAP7,OR2X2,OR2x2_ASAP7_6t_L,A,Y,rise,10.0,0.046079999999999996,0.7,25.0,133.38,1.3333333333333335,0.216,0.162,0,1,1,2.3978952727983707,0.04504984455370874,4.62962962962963,6.172839506172839,0.21333333333333332,0.2844444444444444,0.21333333333333332,4.62962962962963,1.4285714285714286,0.04,0.14285714285714285,1
ASAP7,NAND2X1,NAND2x1_ASAP7_6t_L,A,Y,fall,320.0,0.023039999999999998,0.7,25.0,126.604,0.5,0.108,0.216,0,1,1,5.771441123130016,0.022778586889339574,9.25925925925926,4.62962962962963,0.21333333333333332,0.10666666666666666,0.10666666666666666,4.62962962962963,1.4285714285714286,0.04,-0.3333333333333333,1
ASAP7,NOR2X1,NOR2x1_ASAP7_6t_L,B,Y,fall,20.0,0.0057599999999999995,0.7,25.0,32.5356,2.0,0.216,0.108,0,1,1,3.044522437723423,0.005743474627065725,4.62962962962963,9.25925925925926,0.026666666666666665,0.05333333333333333,0.05333333333333333,9.25925925925926,1.4285714285714286,0.04,0.3333333333333333,1
ASAP7,AND2X2,AND2x2_ASAP7_6t_L,B,Y,rise,20.0,0.0057599999999999995,0.7,25.0,32.8748,0.75,0.162,0.216,0,1,1,3.044522437723423,0.005743474627065725,6.172839506172839,4.62962962962963,0.03555555555555555,0.026666666666666665,0.03555555555555555,6.172839506172839,1.4285714285714286,0.04,-0.14285714285714285,1
ASAP7,OR3X4,OR3x4_ASAP7_6t_L,C,Y,rise,160.0,0.023039999999999998,0.7,25.0,66.4842,1.0,0.37799999999999995,0.37799999999999995,0,1,1,5.081404364984463,0.022778586889339574,2.645502645502646,2.645502645502646,0.06095238095238096,0.06095238095238096,0.06095238095238096,2.645502645502646,1.4285714285714286,0.04,0.0,1
ASAP7,AND2X4,AND2x4_ASAP7_6t_L,B,Y,fall,5.0,0.09215999999999999,0.7,25.0,106.741,1.0,0.43199999999999994,0.43199999999999994,0,1,1,1.791759469228055,0.08815738673620516,2.3148148148148153,2.3148148148148153,0.21333333333333337,0.21333333333333337,0.21333333333333337,2.3148148148148153,1.4285714285714286,0.04,0.0,1
ASAP7,NAND2X1,NAND2x1_ASAP7_6t_L,A,Y,fall,20.0,0.0007199999999999999,0.7,25.0,8.8529,0.5,0.108,0.216,0,1,1,3.044522437723423,0.0007197409243488539,9.25925925925926,4.62962962962963,0.006666666666666666,0.003333333333333333,0.003333333333333333,4.62962962962963,1.4285714285714286,0.04,-0.3333333333333333,1
ASAP7,NAND3X1,NAND3x1_ASAP7_6t_L,C,Y,rise,40.0,0.0007199999999999999,0.7,25.0,24.2997,0.3333333333333333,0.162,0.486,0,1,1,3.713572066704308,0.0007197409243488539,6.172839506172839,2.05761316872428,0.004444444444444444,0.0014814814814814814,0.004444444444444444,6.172839506172839,1.4285714285714286,0.04,-0.4999999999999999,1
ASAP7,AND4X1,AND4x1_ASAP7_6t_L,C,Y,fall,10.0,0.0057599999999999995,0.7,25.0,37.6268,1.0,0.27,0.27,0,1,1,2.3978952727983707,0.005743474627065725,3.7037037037037033,3.7037037037037033,0.02133333333333333,0.02133333333333333,0.02133333333333333,3.7037037037037033,1.4285714285714286,0.04,0.0,1
ASAP7,AND3X1,AND3x1_ASAP7_6t_L,A,Y,rise,20.0,0.023039999999999998,0.7,25.0,135.88,1.0,0.216,0.216,0,1,1,3.044522437723423,0.022778586889339574,4.62962962962963,4.62962962962963,0.10666666666666666,0.10666666666666666,0.10666666666666666,4.62962962962963,1.4285714285714286,0.04,0.0,1
ASAP7,NOR3X2,NOR3x2_ASAP7_6t_L,B,Y,rise,20.0,0.011519999999999999,0.7,25.0,37.5556,3.0000000000000004,0.9720000000000002,0.324,0,1,1,3.044522437723423,0.011454150045115854,1.0288065843621397,3.0864197530864197,0.011851851851851848,0.03555555555555555,0.011851851851851848,1.0288065843621397,1.4285714285714286,0.04,0.5,1
ASAP7,OR4X2,OR4x2_ASAP7_6t_L,D,Y,rise,10.0,0.011519999999999999,0.7,25.0,43.1981,1.3333333333333335,0.216,0.162,0,1,1,2.3978952727983707,0.011454150045115854,4.62962962962963,6.172839506172839,0.05333333333333333,0.0711111111111111,0.05333333333333333,4.62962962962963,1.4285714285714286,0.04,0.14285714285714285,1
ASAP7,OR4X2,OR4x2_ASAP7_6t_L,B,Y,rise,160.0,0.011519999999999999,0.7,25.0,53.8134,1.3333333333333335,0.216,0.162,0,1,1,5.081404364984463,0.011454150045115854,4.62962962962963,6.172839506172839,0.05333333333333333,0.0711111111111111,0.05333333333333333,4.62962962962963,1.4285714285714286,0.04,0.14285714285714285,1
ASAP7,XOR2X2,XOR2x2_ASAP7_6t_L,B,Y,fall,320.0,0.0014399999999999999,0.7,25.0,67.6134,1.0,0.37799999999999995,0.37799999999999995,0,1,1,5.771441123130016,0.0014389641942542826,2.645502645502646,2.645502645502646,0.00380952380952381,0.00380952380952381,0.00380952380952381,2.645502645502646,1.4285714285714286,0.04,0.0,1
ASAP7,XOR2X2,XOR2x2_ASAP7_6t_L,B,Y,rise,20.0,0.023039999999999998,0.7,25.0,84.0422,1.0,0.37799999999999995,0.37799999999999995,0,1,1,3.044522437723423,0.022778586889339574,2.645502645502646,2.645502645502646,0.06095238095238096,0.06095238095238096,0.06095238095238096,2.645502645502646,1.4285714285714286,0.04,0.0,1
ASAP7,OR3X2,OR3x2_ASAP7_6t_L,C,Y,fall,10.0,0.0014399999999999999,0.7,25.0,31.0665,1.0,0.27,0.27,0,1,1,2.3978952727983707,0.0014389641942542826,3.7037037037037033,3.7037037037037033,0.005333333333333332,0.005333333333333332,0.005333333333333332,3.7037037037037033,1.4285714285714286,0.04,0.0,1
ASAP7,NOR3X1,NOR3x1_ASAP7_6t_L,A,Y,rise,160.0,0.023039999999999998,0.7,25.0,153.15,3.0,0.486,0.162,0,1,1,5.081404364984463,0.022778586889339574,2.05761316872428,6.172839506172839,0.047407407407407405,0.1422222222222222,0.047407407407407405,2.05761316872428,1.4285714285714286,0.04,0.4999999999999999,1
ASAP7,AND4X1,AND4x1_ASAP7_6t_L,C,Y,rise,40.0,0.046079999999999996,0.7,25.0,255.85,1.0,0.27,0.27,0,1,1,3.713572066704308,0.04504984455370874,3.7037037037037033,3.7037037037037033,0.17066666666666663,0.17066666666666663,0.17066666666666663,3.7037037037037033,1.4285714285714286,0.04,0.0,1
ASAP7,OR4X1,OR4x1_ASAP7_6t_L,A,Y,fall,5.0,0.0028799999999999997,0.7,25.0,40.3028,1.0,0.27,0.27,0,1,1,1.791759469228055,0.002875860745464264,3.7037037037037033,3.7037037037037033,0.010666666666666665,0.010666666666666665,0.010666666666666665,3.7037037037037033,1.4285714285714286,0.04,0.0,1
ASAP7,NAND3X2,NAND3x2_ASAP7_6t_L,A,Y,rise,20.0,0.0014399999999999999,0.7,25.0,14.5422,0.33333333333333326,0.324,0.9720000000000002,0,1,1,3.044522437723423,0.0014389641942542826,3.0864197530864197,1.0288065843621397,0.004444444444444444,0.001481481481481481,0.004444444444444444,3.0864197530864197,1.4285714285714286,0.04,-0.5,1
ASAP7,BUFX8,BUFx8_ASAP7_6t_L,A,Y,rise,160.0,0.023039999999999998,0.7,25.0,47.0426,1.0,0.54,0.54,0,1,1,5.081404364984463,0.022778586889339574,1.8518518518518516,1.8518518518518516,0.04266666666666666,0.04266666666666666,0.04266666666666666,1.8518518518518516,1.4285714285714286,0.04,0.0,1
ASAP7,BUFX2,BUFx2_ASAP7_6t_L,A,Y,fall,20.0,0.0057599999999999995,0.7,25.0,34.5086,1.0,0.135,0.135,0,1,1,3.044522437723423,0.005743474627065725,7.4074074074074066,7.4074074074074066,0.04266666666666666,0.04266666666666666,0.04266666666666666,7.4074074074074066,1.4285714285714286,0.04,0.0,1
ASAP7,AND3X2,AND3x2_ASAP7_6t_L,B,Y,fall,20.0,0.0057599999999999995,0.7,25.0,29.9426,1.0,0.27,0.27,0,1,1,3.044522437723423,0.005743474627065725,3.7037037037037033,3.7037037037037033,0.02133333333333333,0.02133333333333333,0.02133333333333333,3.7037037037037033,1.4285714285714286,0.04,0.0,1
ASAP7,XOR2X2,XOR2x2_ASAP7_6t_L,B,Y,rise,320.0,0.09215999999999999,0.7,25.0,281.973,1.0,0.37799999999999995,0.37799999999999995,0,1,1,5.771441123130016,0.08815738673620516,2.645502645502646,2.645502645502646,0.24380952380952384,0.24380952380952384,0.24380952380952384,2.645502645502646,1.4285714285714286,0.04,0.0,1
ASAP7,OR3X1,OR3x1_ASAP7_6t_L,C,Y,rise,80.0,0.0057599999999999995,0.7,25.0,48.1274,1.0,0.216,0.216,0,1,1,4.394449154672439,0.005743474627065725,4.62962962962963,4.62962962962963,0.026666666666666665,0.026666666666666665,0.026666666666666665,4.62962962962963,1.4285714285714286,0.04,0.0,1
ASAP7,OR4X2,OR4x2_ASAP7_6t_L,C,Y,fall,320.0,0.046079999999999996,0.7,25.0,183.279,1.3333333333333335,0.216,0.162,0,1,1,5.771441123130016,0.04504984455370874,4.62962962962963,6.172839506172839,0.21333333333333332,0.2844444444444444,0.2844444444444444,6.172839506172839,1.4285714285714286,0.04,0.14285714285714285,1
ASAP7,INVX4,INVx4_ASAP7_6t_L,A,Y,rise,5.0,0.18431999999999998,0.7,25.0,231.079,1.0,0.216,0.216,1,1,1,1.791759469228055,0.16916877021565407,4.62962962962963,4.62962962962963,0.8533333333333333,0.8533333333333333,0.8533333333333333,4.62962962962963,1.4285714285714286,0.04,0.0,1
ASAP7,AND3X4,AND3x4_ASAP7_6t_L,B,Y,fall,320.0,0.09215999999999999,0.7,25.0,174.604,0.7,0.37799999999999995,0.54,0,1,1,5.771441123130016,0.08815738673620516,2.645502645502646,1.8518518518518516,0.24380952380952384,0.17066666666666663,0.17066666666666663,1.8518518518518516,1.4285714285714286,0.04,-0.17647058823529424,1
ASAP7,NAND2X1,NAND2x1_ASAP7_6t_L,B,Y,rise,80.0,0.011519999999999999,0.7,25.0,85.6461,0.5,0.108,0.216,0,1,1,4.394449154672439,0.011454150045115854,9.25925925925926,4.62962962962963,0.10666666666666666,0.05333333333333333,0.10666666666666666,9.25925925925926,1.4285714285714286,0.04,-0.3333333333333333,1
ASAP7,BUFX8,BUFx8_ASAP7_6t_L,A,Y,rise,40.0,0.0057599999999999995,0.7,25.0,24.8215,1.0,0.54,0.54,0,1,1,3.713572066704308,0.005743474627065725,1.8518518518518516,1.8518518518518516,0.010666666666666665,0.010666666666666665,0.010666666666666665,1.8518518518518516,1.4285714285714286,0.04,0.0,1
ASAP7,OR4X1,OR4x1_ASAP7_6t_L,B,Y,rise,320.0,0.0014399999999999999,0.7,25.0,24.7574,1.0,0.27,0.27,0,1,1,5.771441123130016,0.0014389641942542826,3.7037037037037033,3.7037037037037033,0.005333333333333332,0.005333333333333332,0.005333333333333332,3.7037037037037033,1.4285714285714286,0.04,0.0,1
ASAP7,AND3X2,AND3x2_ASAP7_6t_L,C,Y,fall,160.0,0.023039999999999998,0.7,25.0,87.1026,1.0,0.27,0.27,0,1,1,5.081404364984463,0.022778586889339574,3.7037037037037033,3.7037037037037033,0.08533333333333332,0.08533333333333332,0.08533333333333332,3.7037037037037033,1.4285714285714286,0.04,0.0,1
ASAP7,NAND3X2,NAND3x2_ASAP7_6t_L,C,Y,rise,160.0,0.023039999999999998,0.7,25.0,118.498,0.33333333333333326,0.324,0.9720000000000002,0,1,1,5.081404364984463,0.022778586889339574,3.0864197530864197,1.0288065843621397,0.0711111111111111,0.023703703703703696,0.0711111111111111,3.0864197530864197,1.4285714285714286,0.04,-0.5,1
ASAP7,NAND2X1,NAND2x1_ASAP7_6t_L,B,Y,rise,320.0,0.0014399999999999999,0.7,25.0,58.7616,0.5,0.108,0.216,0,1,1,5.771441123130016,0.0014389641942542826,9.25925925925926,4.62962962962963,0.013333333333333332,0.006666666666666666,0.013333333333333332,9.25925925925926,1.4285714285714286,0.04,-0.3333333333333333,1
ASAP7,OR2X2,OR2x2_ASAP7_6t_L,A,Y,rise,5.0,0.011519999999999999,0.7,25.0,46.7016,1.3333333333333335,0.216,0.162,0,1,1,1.791759469228055,0.011454150045115854,4.62962962962963,6.172839506172839,0.05333333333333333,0.0711111111111111,0.05333333333333333,4.62962962962963,1.4285714285714286,0.04,0.14285714285714285,1
ASAP7,AND3X1,AND3x1_ASAP7_6t_L,B,Y,rise,40.0,0.0007199999999999999,0.7,25.0,25.6408,1.0,0.216,0.216,0,1,1,3.713572066704308,0.0007197409243488539,4.62962962962963,4.62962962962963,0.003333333333333333,0.003333333333333333,0.003333333333333333,4.62962962962963,1.4285714285714286,0.04,0.0,1
ASAP7,AND4X2,AND4x2_ASAP7_6t_L,D,Y,rise,160.0,0.09215999999999999,0.7,25.0,268.729,1.0,0.324,0.324,0,1,1,5.081404364984463,0.08815738673620516,3.0864197530864197,3.0864197530864197,0.2844444444444444,0.2844444444444444,0.2844444444444444,3.0864197530864197,1.4285714285714286,0.04,0.0,1
ASAP7,XOR2X2,XOR2x2_ASAP7_6t_L,B,Y,fall,160.0,0.09215999999999999,0.7,25.0,218.792,1.0,0.37799999999999995,0.37799999999999995,0,1,1,5.081404364984463,0.08815738673620516,2.645502645502646,2.645502645502646,0.24380952380952384,0.24380952380952384,0.24380952380952384,2.645502645502646,1.4285714285714286,0.04,0.0,1
ASAP7,AND4X1,AND4x1_ASAP7_6t_L,B,Y,fall,20.0,0.046079999999999996,0.7,25.0,204.531,1.0,0.27,0.27,0,1,1,3.044522437723423,0.04504984455370874,3.7037037037037033,3.7037037037037033,0.17066666666666663,0.17066666666666663,0.17066666666666663,3.7037037037037033,1.4285714285714286,0.04,0.0,1
ASAP7,INVX1,INVx1_ASAP7_6t_L,A,Y,rise,40.0,0.046079999999999996,0.7,25.0,240.265,1.0,0.054,0.054,1,1,1,3.713572066704308,0.04504984455370874,18.51851851851852,18.51851851851852,0.8533333333333333,0.8533333333333333,0.8533333333333333,18.51851851851852,1.4285714285714286,0.04,0.0,1
ASAP7,NAND3X2,NAND3x2_ASAP7_6t_L,A,Y,rise,80.0,0.0028799999999999997,0.7,25.0,31.6087,0.33333333333333326,0.324,0.9720000000000002,0,1,1,4.394449154672439,0.002875860745464264,3.0864197530864197,1.0288065843621397,0.008888888888888887,0.002962962962962962,0.008888888888888887,3.0864197530864197,1.4285714285714286,0.04,-0.5,1
ASAP7,NAND2X2,NAND2x2_ASAP7_6t_L,B,Y,rise,5.0,0.046079999999999996,0.7,25.0,119.437,0.5000000000000001,0.216,0.43199999999999994,0,1,1,1.791759469228055,0.04504984455370874,4.62962962962963,2.3148148148148153,0.21333333333333332,0.10666666666666669,0.21333333333333332,4.62962962962963,1.4285714285714286,0.04,-0.3333333333333333,1
ASAP7,AND4X2,AND4x2_ASAP7_6t_L,C,Y,rise,320.0,0.0057599999999999995,0.7,25.0,69.3793,1.0,0.324,0.324,0,1,1,5.771441123130016,0.005743474627065725,3.0864197530864197,3.0864197530864197,0.017777777777777774,0.017777777777777774,0.017777777777777774,3.0864197530864197,1.4285714285714286,0.04,0.0,1
ASAP7,AND4X1,AND4x1_ASAP7_6t_L,C,Y,fall,40.0,0.0014399999999999999,0.7,25.0,26.2861,1.0,0.27,0.27,0,1,1,3.713572066704308,0.0014389641942542826,3.7037037037037033,3.7037037037037033,0.005333333333333332,0.005333333333333332,0.005333333333333332,3.7037037037037033,1.4285714285714286,0.04,0.0,1
ASAP7,AND2X4,AND2x4_ASAP7_6t_L,B,Y,fall,40.0,0.18431999999999998,0.7,25.0,209.445,1.0,0.43199999999999994,0.43199999999999994,0,1,1,3.713572066704308,0.16916877021565407,2.3148148148148153,2.3148148148148153,0.42666666666666675,0.42666666666666675,0.42666666666666675,2.3148148148148153,1.4285714285714286,0.04,0.0,1
ASAP7,INVX2,INVx2_ASAP7_6t_L,A,Y,rise,320.0,0.0028799999999999997,0.7,25.0,48.3684,1.0,0.108,0.108,1,1,1,5.771441123130016,0.002875860745464264,9.25925925925926,9.25925925925926,0.026666666666666665,0.026666666666666665,0.026666666666666665,9.25925925925926,1.4285714285714286,0.04,0.0,1
ASAP7,NAND3X1,NAND3x1_ASAP7_6t_L,B,Y,rise,40.0,0.0057599999999999995,0.7,25.0,48.2239,0.3333333333333333,0.162,0.486,0,1,1,3.713572066704308,0.005743474627065725,6.172839506172839,2.05761316872428,0.03555555555555555,0.011851851851851851,0.03555555555555555,6.172839506172839,1.4285714285714286,0.04,-0.4999999999999999,1
ASAP7,OR3X1,OR3x1_ASAP7_6t_L,A,Y,rise,320.0,0.023039999999999998,0.7,25.0,129.93,1.0,0.216,0.216,0,1,1,5.771441123130016,0.022778586889339574,4.62962962962963,4.62962962962963,0.10666666666666666,0.10666666666666666,0.10666666666666666,4.62962962962963,1.4285714285714286,0.04,0.0,1
ASAP7,AND3X2,AND3x2_ASAP7_6t_L,C,Y,rise,160.0,0.011519999999999999,0.7,25.0,63.4406,1.0,0.27,0.27,0,1,1,5.081404364984463,0.011454150045115854,3.7037037037037033,3.7037037037037033,0.04266666666666666,0.04266666666666666,0.04266666666666666,3.7037037037037033,1.4285714285714286,0.04,0.0,1
ASAP7,AND3X2,AND3x2_ASAP7_6t_L,B,Y,rise,10.0,0.011519999999999999,0.7,25.0,53.7604,1.0,0.27,0.27,0,1,1,2.3978952727983707,0.011454150045115854,3.7037037037037033,3.7037037037037033,0.04266666666666666,0.04266666666666666,0.04266666666666666,3.7037037037037033,1.4285714285714286,0.04,0.0,1
ASAP7,OR4X1,OR4x1_ASAP7_6t_L,D,Y,rise,5.0,0.0057599999999999995,0.7,25.0,39.8817,1.0,0.27,0.27,0,1,1,1.791759469228055,0.005743474627065725,3.7037037037037033,3.7037037037037033,0.02133333333333333,0.02133333333333333,0.02133333333333333,3.7037037037037033,1.4285714285714286,0.04,0.0,1
ASAP7,NAND2X1,NAND2x1_ASAP7_6t_L,A,Y,rise,20.0,0.0014399999999999999,0.7,25.0,18.5967,0.5,0.108,0.216,0,1,1,3.044522437723423,0.0014389641942542826,9.25925925925926,4.62962962962963,0.013333333333333332,0.006666666666666666,0.013333333333333332,9.25925925925926,1.4285714285714286,0.04,-0.3333333333333333,1
ASAP7,AND3X2,AND3x2_ASAP7_6t_L,A,Y,fall,40.0,0.023039999999999998,0.7,25.0,69.0099,1.0,0.27,0.27,0,1,1,3.713572066704308,0.022778586889339574,3.7037037037037033,3.7037037037037033,0.08533333333333332,0.08533333333333332,0.08533333333333332,3.7037037037037033,1.4285714285714286,0.04,0.0,1
ASAP7,OR3X1,OR3x1_ASAP7_6t_L,A,Y,rise,160.0,0.0057599999999999995,0.7,25.0,46.619,1.0,0.216,0.216,0,1,1,5.081404364984463,0.005743474627065725,4.62962962962963,4.62962962962963,0.026666666666666665,0.026666666666666665,0.026666666666666665,4.62962962962963,1.4285714285714286,0.04,0.0,1
ASAP7,AND4X2,AND4x2_ASAP7_6t_L,A,Y,fall,10.0,0.023039999999999998,0.7,25.0,62.2416,1.0,0.324,0.324,0,1,1,2.3978952727983707,0.022778586889339574,3.0864197530864197,3.0864197530864197,0.0711111111111111,0.0711111111111111,0.0711111111111111,3.0864197530864197,1.4285714285714286,0.04,0.0,1
ASAP7,OR3X1,OR3x1_ASAP7_6t_L,B,Y,fall,5.0,0.0028799999999999997,0.7,25.0,35.6098,1.0,0.216,0.216,0,1,1,1.791759469228055,0.002875860745464264,4.62962962962963,4.62962962962963,0.013333333333333332,0.013333333333333332,0.013333333333333332,4.62962962962963,1.4285714285714286,0.04,0.0,1
ASAP7,AND2X4,AND2x4_ASAP7_6t_L,B,Y,fall,40.0,0.09215999999999999,0.7,25.0,114.44,1.0,0.43199999999999994,0.43199999999999994,0,1,1,3.713572066704308,0.08815738673620516,2.3148148148148153,2.3148148148148153,0.21333333333333337,0.21333333333333337,0.21333333333333337,2.3148148148148153,1.4285714285714286,0.04,0.0,1
ASAP7,AND3X1,AND3x1_ASAP7_6t_L,C,Y,rise,5.0,0.0057599999999999995,0.7,25.0,48.0893,1.0,0.216,0.216,0,1,1,1.791759469228055,0.005743474627065725,4.62962962962963,4.62962962962963,0.026666666666666665,0.026666666666666665,0.026666666666666665,4.62962962962963,1.4285714285714286,0.04,0.0,1
ASAP7,AND3X1,AND3x1_ASAP7_6t_L,C,Y,rise,10.0,0.0007199999999999999,0.7,25.0,21.9799,1.0,0.216,0.216,0,1,1,2.3978952727983707,0.0007197409243488539,4.62962962962963,4.62962962962963,0.003333333333333333,0.003333333333333333,0.003333333333333333,4.62962962962963,1.4285714285714286,0.04,0.0,1
ASAP7,OR2X4,OR2x4_ASAP7_6t_L,A,Y,rise,5.0,0.0057599999999999995,0.7,25.0,22.5394,1.0,0.324,0.324,0,1,1,1.791759469228055,0.005743474627065725,3.0864197530864197,3.0864197530864197,0.017777777777777774,0.017777777777777774,0.017777777777777774,3.0864197530864197,1.4285714285714286,0.04,0.0,1
ASAP7,NOR3X1,NOR3x1_ASAP7_6t_L,A,Y,fall,160.0,0.046079999999999996,0.7,25.0,239.42,3.0,0.486,0.162,0,1,1,5.081404364984463,0.04504984455370874,2.05761316872428,6.172839506172839,0.09481481481481481,0.2844444444444444,0.2844444444444444,6.172839506172839,1.4285714285714286,0.04,0.4999999999999999,1
ASAP7,INVX1,INVx1_ASAP7_6t_L,A,Y,rise,40.0,0.0057599999999999995,0.7,25.0,42.9377,1.0,0.054,0.054,1,1,1,3.713572066704308,0.005743474627065725,18.51851851851852,18.51851851851852,0.10666666666666666,0.10666666666666666,0.10666666666666666,18.51851851851852,1.4285714285714286,0.04,0.0,1
ASAP7,AND4X1,AND4x1_ASAP7_6t_L,C,Y,fall,40.0,0.0007199999999999999,0.7,25.0,22.8995,1.0,0.27,0.27,0,1,1,3.713572066704308,0.0007197409243488539,3.7037037037037033,3.7037037037037033,0.002666666666666666,0.002666666666666666,0.002666666666666666,3.7037037037037033,1.4285714285714286,0.04,0.0,1
ASAP7,NOR3X1,NOR3x1_ASAP7_6t_L,A,Y,fall,5.0,0.046079999999999996,0.7,25.0,195.231,3.0,0.486,0.162,0,1,1,1.791759469228055,0.04504984455370874,2.05761316872428,6.172839506172839,0.09481481481481481,0.2844444444444444,0.2844444444444444,6.172839506172839,1.4285714285714286,0.04,0.4999999999999999,1
ASAP7,AND4X2,AND4x2_ASAP7_6t_L,C,Y,fall,160.0,0.09215999999999999,0.7,25.0,227.908,1.0,0.324,0.324,0,1,1,5.081404364984463,0.08815738673620516,3.0864197530864197,3.0864197530864197,0.2844444444444444,0.2844444444444444,0.2844444444444444,3.0864197530864197,1.4285714285714286,0.04,0.0,1
ASAP7,OR4X1,OR4x1_ASAP7_6t_L,C,Y,fall,5.0,0.0057599999999999995,0.7,25.0,57.2259,1.0,0.27,0.27,0,1,1,1.791759469228055,0.005743474627065725,3.7037037037037033,3.7037037037037033,0.02133333333333333,0.02133333333333333,0.02133333333333333,3.7037037037037033,1.4285714285714286,0.04,0.0,1
ASAP7,OR2X4,OR2x4_ASAP7_6t_L,B,Y,fall,20.0,0.18431999999999998,0.7,25.0,224.672,1.0,0.324,0.324,0,1,1,3.044522437723423,0.16916877021565407,3.0864197530864197,3.0864197530864197,0.5688888888888888,0.5688888888888888,0.5688888888888888,3.0864197530864197,1.4285714285714286,0.04,0.0,1
ASAP7,NAND3X2,NAND3x2_ASAP7_6t_L,B,Y,rise,40.0,0.0057599999999999995,0.7,25.0,34.3218,0.33333333333333326,0.324,0.9720000000000002,0,1,1,3.713572066704308,0.005743474627065725,3.0864197530864197,1.0288065843621397,0.017777777777777774,0.005925925925925924,0.017777777777777774,3.0864197530864197,1.4285714285714286,0.04,-0.5,1
ASAP7,AND4X2,AND4x2_ASAP7_6t_L,A,Y,rise,40.0,0.0057599999999999995,0.7,25.0,50.8716,1.0,0.324,0.324,0,1,1,3.713572066704308,0.005743474627065725,3.0864197530864197,3.0864197530864197,0.017777777777777774,0.017777777777777774,0.017777777777777774,3.0864197530864197,1.4285714285714286,0.04,0.0,1
ASAP7,OR4X2,OR4x2_ASAP7_6t_L,B,Y,rise,40.0,0.046079999999999996,0.7,25.0,132.719,1.3333333333333335,0.216,0.162,0,1,1,3.713572066704308,0.04504984455370874,4.62962962962963,6.172839506172839,0.21333333333333332,0.2844444444444444,0.21333333333333332,4.62962962962963,1.4285714285714286,0.04,0.14285714285714285,1
ASAP7,AND4X2,AND4x2_ASAP7_6t_L,C,Y,rise,80.0,0.0057599999999999995,0.7,25.0,52.675,1.0,0.324,0.324,0,1,1,4.394449154672439,0.005743474627065725,3.0864197530864197,3.0864197530864197,0.017777777777777774,0.017777777777777774,0.017777777777777774,3.0864197530864197,1.4285714285714286,0.04,0.0,1
ASAP7,OR4X2,OR4x2_ASAP7_6t_L,D,Y,rise,40.0,0.023039999999999998,0.7,25.0,77.5538,1.3333333333333335,0.216,0.162,0,1,1,3.713572066704308,0.022778586889339574,4.62962962962963,6.172839506172839,0.10666666666666666,0.1422222222222222,0.10666666666666666,4.62962962962963,1.4285714285714286,0.04,0.14285714285714285,1
ASAP7,NOR2X1,NOR2x1_ASAP7_6t_L,B,Y,rise,5.0,0.023039999999999998,0.7,25.0,111.924,2.0,0.216,0.108,0,1,1,1.791759469228055,0.022778586889339574,4.62962962962963,9.25925925925926,0.10666666666666666,0.21333333333333332,0.10666666666666666,4.62962962962963,1.4285714285714286,0.04,0.3333333333333333,1
ASAP7,BUFX2,BUFx2_ASAP7_6t_L,A,Y,fall,320.0,0.0014399999999999999,0.7,25.0,63.6172,1.0,0.135,0.135,0,1,1,5.771441123130016,0.0014389641942542826,7.4074074074074066,7.4074074074074066,0.010666666666666665,0.010666666666666665,0.010666666666666665,7.4074074074074066,1.4285714285714286,0.04,0.0,1
ASAP7,XOR2X2,XOR2x2_ASAP7_6t_L,B,Y,rise,320.0,0.0014399999999999999,0.7,25.0,28.4231,1.0,0.37799999999999995,0.37799999999999995,0,1,1,5.771441123130016,0.0014389641942542826,2.645502645502646,2.645502645502646,0.00380952380952381,0.00380952380952381,0.00380952380952381,2.645502645502646,1.4285714285714286,0.04,0.0,1
ASAP7,AND4X2,AND4x2_ASAP7_6t_L,D,Y,rise,20.0,0.011519999999999999,0.7,25.0,62.3654,1.0,0.324,0.324,0,1,1,3.044522437723423,0.011454150045115854,3.0864197530864197,3.0864197530864197,0.03555555555555555,0.03555555555555555,0.03555555555555555,3.0864197530864197,1.4285714285714286,0.04,0.0,1
ASAP7,NOR3X1,NOR3x1_ASAP7_6t_L,A,Y,rise,320.0,0.0014399999999999999,0.7,25.0,36.8632,3.0,0.486,0.162,0,1,1,5.771441123130016,0.0014389641942542826,2.05761316872428,6.172839506172839,0.002962962962962963,0.008888888888888887,0.002962962962962963,2.05761316872428,1.4285714285714286,0.04,0.4999999999999999,1
ASAP7,AND2X2,AND2x2_ASAP7_6t_L,B,Y,rise,5.0,0.0057599999999999995,0.7,25.0,29.3627,0.75,0.162,0.216,0,1,1,1.791759469228055,0.005743474627065725,6.172839506172839,4.62962962962963,0.03555555555555555,0.026666666666666665,0.03555555555555555,6.172839506172839,1.4285714285714286,0.04,-0.14285714285714285,1
ASAP7,NOR2X2,NOR2x2_ASAP7_6t_L,B,Y,fall,160.0,0.046079999999999996,0.7,25.0,145.063,1.9999999999999998,0.43199999999999994,0.216,0,1,1,5.081404364984463,0.04504984455370874,2.3148148148148153,4.62962962962963,0.10666666666666669,0.21333333333333332,0.21333333333333332,4.62962962962963,1.4285714285714286,0.04,0.3333333333333333,1
ASAP7,AND3X2,AND3x2_ASAP7_6t_L,A,Y,fall,10.0,0.0028799999999999997,0.7,25.0,20.2426,1.0,0.27,0.27,0,1,1,2.3978952727983707,0.002875860745464264,3.7037037037037033,3.7037037037037033,0.010666666666666665,0.010666666666666665,0.010666666666666665,3.7037037037037033,1.4285714285714286,0.04,0.0,1
ASAP7,OR4X2,OR4x2_ASAP7_6t_L,C,Y,rise,80.0,0.0014399999999999999,0.7,25.0,26.5748,1.3333333333333335,0.216,0.162,0,1,1,4.394449154672439,0.0014389641942542826,4.62962962962963,6.172839506172839,0.006666666666666666,0.008888888888888887,0.006666666666666666,4.62962962962963,1.4285714285714286,0.04,0.14285714285714285,1
ASAP7,NOR2X2,NOR2x2_ASAP7_6t_L,B,Y,rise,5.0,0.09215999999999999,0.7,25.0,219.653,1.9999999999999998,0.43199999999999994,0.216,0,1,1,1.791759469228055,0.08815738673620516,2.3148148148148153,4.62962962962963,0.21333333333333337,0.42666666666666664,0.21333333333333337,2.3148148148148153,1.4285714285714286,0.04,0.3333333333333333,1
ASAP7,XOR2X2,XOR2x2_ASAP7_6t_L,A,Y,rise,10.0,0.0014399999999999999,0.7,25.0,19.5658,1.0,0.37799999999999995,0.37799999999999995,0,1,1,2.3978952727983707,0.0014389641942542826,2.645502645502646,2.645502645502646,0.00380952380952381,0.00380952380952381,0.00380952380952381,2.645502645502646,1.4285714285714286,0.04,0.0,1
ASAP7,AND4X1,AND4x1_ASAP7_6t_L,B,Y,fall,10.0,0.011519999999999999,0.7,25.0,60.5597,1.0,0.27,0.27,0,1,1,2.3978952727983707,0.011454150045115854,3.7037037037037033,3.7037037037037033,0.04266666666666666,0.04266666666666666,0.04266666666666666,3.7037037037037033,1.4285714285714286,0.04,0.0,1
ASAP7,AND4X2,AND4x2_ASAP7_6t_L,C,Y,rise,40.0,0.011519999999999999,0.7,25.0,64.5025,1.0,0.324,0.324,0,1,1,3.713572066704308,0.011454150045115854,3.0864197530864197,3.0864197530864197,0.03555555555555555,0.03555555555555555,0.03555555555555555,3.0864197530864197,1.4285714285714286,0.04,0.0,1
ASAP7,OR4X1,OR4x1_ASAP7_6t_L,A,Y,rise,160.0,0.046079999999999996,0.7,25.0,244.198,1.0,0.27,0.27,0,1,1,5.081404364984463,0.04504984455370874,3.7037037037037033,3.7037037037037033,0.17066666666666663,0.17066666666666663,0.17066666666666663,3.7037037037037033,1.4285714285714286,0.04,0.0,1
ASAP7,INVX4,INVx4_ASAP7_6t_L,A,Y,rise,10.0,0.18431999999999998,0.7,25.0,232.43,1.0,0.216,0.216,1,1,1,2.3978952727983707,0.16916877021565407,4.62962962962963,4.62962962962963,0.8533333333333333,0.8533333333333333,0.8533333333333333,4.62962962962963,1.4285714285714286,0.04,0.0,1
ASAP7,BUFX4,BUFx4_ASAP7_6t_L,A,Y,rise,10.0,0.0057599999999999995,0.7,25.0,22.9139,1.0,0.27,0.27,0,1,1,2.3978952727983707,0.005743474627065725,3.7037037037037033,3.7037037037037033,0.02133333333333333,0.02133333333333333,0.02133333333333333,3.7037037037037033,1.4285714285714286,0.04,0.0,1
ASAP7,OR3X2,OR3x2_ASAP7_6t_L,C,Y,rise,5.0,0.011519999999999999,0.7,25.0,41.1383,1.0,0.27,0.27,0,1,1,1.791759469228055,0.011454150045115854,3.7037037037037033,3.7037037037037033,0.04266666666666666,0.04266666666666666,0.04266666666666666,3.7037037037037033,1.4285714285714286,0.04,0.0,1
ASAP7,XOR2X2,XOR2x2_ASAP7_6t_L,A,Y,fall,80.0,0.023039999999999998,0.7,25.0,80.3814,1.0,0.37799999999999995,0.37799999999999995,0,1,1,4.394449154672439,0.022778586889339574,2.645502645502646,2.645502645502646,0.06095238095238096,0.06095238095238096,0.06095238095238096,2.645502645502646,1.4285714285714286,0.04,0.0,1
ASAP7,NOR2X1,NOR2x1_ASAP7_6t_L,B,Y,fall,320.0,0.011519999999999999,0.7,25.0,119.537,2.0,0.216,0.108,0,1,1,5.771441123130016,0.011454150045115854,4.62962962962963,9.25925925925926,0.05333333333333333,0.10666666666666666,0.10666666666666666,9.25925925925926,1.4285714285714286,0.04,0.3333333333333333,1
ASAP7,NOR3X1,NOR3x1_ASAP7_6t_L,C,Y,rise,40.0,0.023039999999999998,0.7,25.0,119.824,3.0,0.486,0.162,0,1,1,3.713572066704308,0.022778586889339574,2.05761316872428,6.172839506172839,0.047407407407407405,0.1422222222222222,0.047407407407407405,2.05761316872428,1.4285714285714286,0.04,0.4999999999999999,1
ASAP7,AND3X2,AND3x2_ASAP7_6t_L,B,Y,fall,20.0,0.011519999999999999,0.7,25.0,41.8784,1.0,0.27,0.27,0,1,1,3.044522437723423,0.011454150045115854,3.7037037037037033,3.7037037037037033,0.04266666666666666,0.04266666666666666,0.04266666666666666,3.7037037037037033,1.4285714285714286,0.04,0.0,1
ASAP7,OR4X1,OR4x1_ASAP7_6t_L,D,Y,fall,40.0,0.046079999999999996,0.7,25.0,227.013,1.0,0.27,0.27,0,1,1,3.713572066704308,0.04504984455370874,3.7037037037037033,3.7037037037037033,0.17066666666666663,0.17066666666666663,0.17066666666666663,3.7037037037037033,1.4285714285714286,0.04,0.0,1
ASAP7,AND4X2,AND4x2_ASAP7_6t_L,A,Y,fall,5.0,0.046079999999999996,0.7,25.0,107.951,1.0,0.324,0.324,0,1,1,1.791759469228055,0.04504984455370874,3.0864197530864197,3.0864197530864197,0.1422222222222222,0.1422222222222222,0.1422222222222222,3.0864197530864197,1.4285714285714286,0.04,0.0,1
ASAP7,AND4X2,AND4x2_ASAP7_6t_L,D,Y,rise,40.0,0.09215999999999999,0.7,25.0,262.373,1.0,0.324,0.324,0,1,1,3.713572066704308,0.08815738673620516,3.0864197530864197,3.0864197530864197,0.2844444444444444,0.2844444444444444,0.2844444444444444,3.0864197530864197,1.4285714285714286,0.04,0.0,1
ASAP7,OR3X1,OR3x1_ASAP7_6t_L,B,Y,rise,10.0,0.0028799999999999997,0.7,25.0,25.6337,1.0,0.216,0.216,0,1,1,2.3978952727983707,0.002875860745464264,4.62962962962963,4.62962962962963,0.013333333333333332,0.013333333333333332,0.013333333333333332,4.62962962962963,1.4285714285714286,0.04,0.0,1
ASAP7,OR3X2,OR3x2_ASAP7_6t_L,C,Y,rise,160.0,0.046079999999999996,0.7,25.0,141.525,1.0,0.27,0.27,0,1,1,5.081404364984463,0.04504984455370874,3.7037037037037033,3.7037037037037033,0.17066666666666663,0.17066666666666663,0.17066666666666663,3.7037037037037033,1.4285714285714286,0.04,0.0,1
ASAP7,NAND2X1,NAND2x1_ASAP7_6t_L,B,Y,rise,320.0,0.046079999999999996,0.7,25.0,331.746,0.5,0.108,0.216,0,1,1,5.771441123130016,0.04504984455370874,9.25925925925926,4.62962962962963,0.42666666666666664,0.21333333333333332,0.42666666666666664,9.25925925925926,1.4285714285714286,0.04,-0.3333333333333333,1
ASAP7,AND3X2,AND3x2_ASAP7_6t_L,C,Y,rise,5.0,0.0028799999999999997,0.7,25.0,30.4558,1.0,0.27,0.27,0,1,1,1.791759469228055,0.002875860745464264,3.7037037037037033,3.7037037037037033,0.010666666666666665,0.010666666666666665,0.010666666666666665,3.7037037037037033,1.4285714285714286,0.04,0.0,1
ASAP7,AND4X2,AND4x2_ASAP7_6t_L,D,Y,rise,320.0,0.0014399999999999999,0.7,25.0,43.2757,1.0,0.324,0.324,0,1,1,5.771441123130016,0.0014389641942542826,3.0864197530864197,3.0864197530864197,0.004444444444444444,0.004444444444444444,0.004444444444444444,3.0864197530864197,1.4285714285714286,0.04,0.0,1
ASAP7,AND2X2,AND2x2_ASAP7_6t_L,B,Y,fall,10.0,0.0057599999999999995,0.7,25.0,32.3742,0.75,0.162,0.216,0,1,1,2.3978952727983707,0.005743474627065725,6.172839506172839,4.62962962962963,0.03555555555555555,0.026666666666666665,0.026666666666666665,4.62962962962963,1.4285714285714286,0.04,-0.14285714285714285,1
ASAP7,OR4X2,OR4x2_ASAP7_6t_L,D,Y,fall,40.0,0.09215999999999999,0.7,25.0,237.169,1.3333333333333335,0.216,0.162,0,1,1,3.713572066704308,0.08815738673620516,4.62962962962963,6.172839506172839,0.42666666666666664,0.5688888888888888,0.5688888888888888,6.172839506172839,1.4285714285714286,0.04,0.14285714285714285,1
ASAP7,AND4X1,AND4x1_ASAP7_6t_L,C,Y,rise,20.0,0.0057599999999999995,0.7,25.0,55.7702,1.0,0.27,0.27,0,1,1,3.044522437723423,0.005743474627065725,3.7037037037037033,3.7037037037037033,0.02133333333333333,0.02133333333333333,0.02133333333333333,3.7037037037037033,1.4285714285714286,0.04,0.0,1
ASAP7,OR4X1,OR4x1_ASAP7_6t_L,D,Y,rise,10.0,0.046079999999999996,0.7,25.0,239.172,1.0,0.27,0.27,0,1,1,2.3978952727983707,0.04504984455370874,3.7037037037037033,3.7037037037037033,0.17066666666666663,0.17066666666666663,0.17066666666666663,3.7037037037037033,1.4285714285714286,0.04,0.0,1
ASAP7,AND3X2,AND3x2_ASAP7_6t_L,B,Y,rise,80.0,0.011519999999999999,0.7,25.0,62.8647,1.0,0.27,0.27,0,1,1,4.394449154672439,0.011454150045115854,3.7037037037037033,3.7037037037037033,0.04266666666666666,0.04266666666666666,0.04266666666666666,3.7037037037037033,1.4285714285714286,0.04,0.0,1
ASAP7,OR4X1,OR4x1_ASAP7_6t_L,D,Y,rise,20.0,0.011519999999999999,0.7,25.0,71.8077,1.0,0.27,0.27,0,1,1,3.044522437723423,0.011454150045115854,3.7037037037037033,3.7037037037037033,0.04266666666666666,0.04266666666666666,0.04266666666666666,3.7037037037037033,1.4285714285714286,0.04,0.0,1
ASAP7,AND4X2,AND4x2_ASAP7_6t_L,A,Y,rise,320.0,0.023039999999999998,0.7,25.0,129.368,1.0,0.324,0.324,0,1,1,5.771441123130016,0.022778586889339574,3.0864197530864197,3.0864197530864197,0.0711111111111111,0.0711111111111111,0.0711111111111111,3.0864197530864197,1.4285714285714286,0.04,0.0,1
ASAP7,AND4X1,AND4x1_ASAP7_6t_L,D,Y,fall,10.0,0.0007199999999999999,0.7,25.0,16.7901,1.0,0.27,0.27,0,1,1,2.3978952727983707,0.0007197409243488539,3.7037037037037033,3.7037037037037033,0.002666666666666666,0.002666666666666666,0.002666666666666666,3.7037037037037033,1.4285714285714286,0.04,0.0,1
ASAP7,NAND3X2,NAND3x2_ASAP7_6t_L,B,Y,rise,40.0,0.023039999999999998,0.7,25.0,77.35,0.33333333333333326,0.324,0.9720000000000002,0,1,1,3.713572066704308,0.022778586889339574,3.0864197530864197,1.0288065843621397,0.0711111111111111,0.023703703703703696,0.0711111111111111,3.0864197530864197,1.4285714285714286,0.04,-0.5,1
ASAP7,AND3X2,AND3x2_ASAP7_6t_L,A,Y,fall,320.0,0.023039999999999998,0.7,25.0,92.2071,1.0,0.27,0.27,0,1,1,5.771441123130016,0.022778586889339574,3.7037037037037033,3.7037037037037033,0.08533333333333332,0.08533333333333332,0.08533333333333332,3.7037037037037033,1.4285714285714286,0.04,0.0,1
ASAP7,INVX4,INVx4_ASAP7_6t_L,A,Y,rise,40.0,0.0028799999999999997,0.7,25.0,13.7626,1.0,0.216,0.216,1,1,1,3.713572066704308,0.002875860745464264,4.62962962962963,4.62962962962963,0.013333333333333332,0.013333333333333332,0.013333333333333332,4.62962962962963,1.4285714285714286,0.04,0.0,1
ASAP7,AND4X1,AND4x1_ASAP7_6t_L,B,Y,fall,320.0,0.046079999999999996,0.7,25.0,228.712,1.0,0.27,0.27,0,1,1,5.771441123130016,0.04504984455370874,3.7037037037037033,3.7037037037037033,0.17066666666666663,0.17066666666666663,0.17066666666666663,3.7037037037037033,1.4285714285714286,0.04,0.0,1
ASAP7,XOR2X2,XOR2x2_ASAP7_6t_L,A,Y,fall,320.0,0.023039999999999998,0.7,25.0,89.2279,1.0,0.37799999999999995,0.37799999999999995,0,1,1,5.771441123130016,0.022778586889339574,2.645502645502646,2.645502645502646,0.06095238095238096,0.06095238095238096,0.06095238095238096,2.645502645502646,1.4285714285714286,0.04,0.0,1
ASAP7,AND3X2,AND3x2_ASAP7_6t_L,A,Y,rise,160.0,0.046079999999999996,0.7,25.0,160.792,1.0,0.27,0.27,0,1,1,5.081404364984463,0.04504984455370874,3.7037037037037033,3.7037037037037033,0.17066666666666663,0.17066666666666663,0.17066666666666663,3.7037037037037033,1.4285714285714286,0.04,0.0,1
ASAP7,INVX4,INVx4_ASAP7_6t_L,A,Y,fall,320.0,0.046079999999999996,0.7,25.0,114.782,1.0,0.216,0.216,1,1,1,5.771441123130016,0.04504984455370874,4.62962962962963,4.62962962962963,0.21333333333333332,0.21333333333333332,0.21333333333333332,4.62962962962963,1.4285714285714286,0.04,0.0,1
ASAP7,OR4X1,OR4x1_ASAP7_6t_L,C,Y,fall,40.0,0.0057599999999999995,0.7,25.0,61.6096,1.0,0.27,0.27,0,1,1,3.713572066704308,0.005743474627065725,3.7037037037037033,3.7037037037037033,0.02133333333333333,0.02133333333333333,0.02133333333333333,3.7037037037037033,1.4285714285714286,0.04,0.0,1
ASAP7,NAND3X1,NAND3x1_ASAP7_6t_L,C,Y,fall,40.0,0.023039999999999998,0.7,25.0,85.6685,0.3333333333333333,0.162,0.486,0,1,1,3.713572066704308,0.022778586889339574,6.172839506172839,2.05761316872428,0.1422222222222222,0.047407407407407405,0.047407407407407405,2.05761316872428,1.4285714285714286,0.04,-0.4999999999999999,1
ASAP7,OR4X1,OR4x1_ASAP7_6t_L,C,Y,rise,320.0,0.023039999999999998,0.7,25.0,135.64,1.0,0.27,0.27,0,1,1,5.771441123130016,0.022778586889339574,3.7037037037037033,3.7037037037037033,0.08533333333333332,0.08533333333333332,0.08533333333333332,3.7037037037037033,1.4285714285714286,0.04,0.0,1
ASAP7,OR4X1,OR4x1_ASAP7_6t_L,B,Y,fall,160.0,0.0057599999999999995,0.7,25.0,82.1038,1.0,0.27,0.27,0,1,1,5.081404364984463,0.005743474627065725,3.7037037037037033,3.7037037037037033,0.02133333333333333,0.02133333333333333,0.02133333333333333,3.7037037037037033,1.4285714285714286,0.04,0.0,1
ASAP7,AND3X2,AND3x2_ASAP7_6t_L,C,Y,fall,5.0,0.09215999999999999,0.7,25.0,203.815,1.0,0.27,0.27,0,1,1,1.791759469228055,0.08815738673620516,3.7037037037037033,3.7037037037037033,0.34133333333333327,0.34133333333333327,0.34133333333333327,3.7037037037037033,1.4285714285714286,0.04,0.0,1
ASAP7,NAND3X2,NAND3x2_ASAP7_6t_L,A,Y,fall,10.0,0.09215999999999999,0.7,25.0,158.936,0.33333333333333326,0.324,0.9720000000000002,0,1,1,2.3978952727983707,0.08815738673620516,3.0864197530864197,1.0288065843621397,0.2844444444444444,0.09481481481481478,0.09481481481481478,1.0288065843621397,1.4285714285714286,0.04,-0.5,1
ASAP7,OR2X4,OR2x4_ASAP7_6t_L,B,Y,fall,160.0,0.18431999999999998,0.7,25.0,253.466,1.0,0.324,0.324,0,1,1,5.081404364984463,0.16916877021565407,3.0864197530864197,3.0864197530864197,0.5688888888888888,0.5688888888888888,0.5688888888888888,3.0864197530864197,1.4285714285714286,0.04,0.0,1
ASAP7,OR4X2,OR4x2_ASAP7_6t_L,C,Y,fall,40.0,0.0014399999999999999,0.7,25.0,43.2756,1.3333333333333335,0.216,0.162,0,1,1,3.713572066704308,0.0014389641942542826,4.62962962962963,6.172839506172839,0.006666666666666666,0.008888888888888887,0.008888888888888887,6.172839506172839,1.4285714285714286,0.04,0.14285714285714285,1
ASAP7,AND2X2,AND2x2_ASAP7_6t_L,B,Y,fall,20.0,0.046079999999999996,0.7,25.0,118.625,0.75,0.162,0.216,0,1,1,3.044522437723423,0.04504984455370874,6.172839506172839,4.62962962962963,0.2844444444444444,0.21333333333333332,0.21333333333333332,4.62962962962963,1.4285714285714286,0.04,-0.14285714285714285,1
ASAP7,AND3X1,AND3x1_ASAP7_6t_L,B,Y,rise,20.0,0.0057599999999999995,0.7,25.0,49.8771,1.0,0.216,0.216,0,1,1,3.044522437723423,0.005743474627065725,4.62962962962963,4.62962962962963,0.026666666666666665,0.026666666666666665,0.026666666666666665,4.62962962962963,1.4285714285714286,0.04,0.0,1
ASAP7,NOR2X2,NOR2x2_ASAP7_6t_L,B,Y,rise,40.0,0.023039999999999998,0.7,25.0,68.2837,1.9999999999999998,0.43199999999999994,0.216,0,1,1,3.713572066704308,0.022778586889339574,2.3148148148148153,4.62962962962963,0.053333333333333344,0.10666666666666666,0.053333333333333344,2.3148148148148153,1.4285714285714286,0.04,0.3333333333333333,1
ASAP7,XOR2X2,XOR2x2_ASAP7_6t_L,B,Y,fall,320.0,0.011519999999999999,0.7,25.0,92.8174,1.0,0.37799999999999995,0.37799999999999995,0,1,1,5.771441123130016,0.011454150045115854,2.645502645502646,2.645502645502646,0.03047619047619048,0.03047619047619048,0.03047619047619048,2.645502645502646,1.4285714285714286,0.04,0.0,1
ASAP7,OR4X2,OR4x2_ASAP7_6t_L,D,Y,fall,80.0,0.023039999999999998,0.7,25.0,99.0618,1.3333333333333335,0.216,0.162,0,1,1,4.394449154672439,0.022778586889339574,4.62962962962963,6.172839506172839,0.10666666666666666,0.1422222222222222,0.1422222222222222,6.172839506172839,1.4285714285714286,0.04,0.14285714285714285,1
ASAP7,XOR2X2,XOR2x2_ASAP7_6t_L,A,Y,rise,160.0,0.0028799999999999997,0.7,25.0,45.1029,1.0,0.37799999999999995,0.37799999999999995,0,1,1,5.081404364984463,0.002875860745464264,2.645502645502646,2.645502645502646,0.00761904761904762,0.00761904761904762,0.00761904761904762,2.645502645502646,1.4285714285714286,0.04,0.0,1
ASAP7,NAND3X1,NAND3x1_ASAP7_6t_L,C,Y,fall,40.0,0.046079999999999996,0.7,25.0,161.688,0.3333333333333333,0.162,0.486,0,1,1,3.713572066704308,0.04504984455370874,6.172839506172839,2.05761316872428,0.2844444444444444,0.09481481481481481,0.09481481481481481,2.05761316872428,1.4285714285714286,0.04,-0.4999999999999999,1
ASAP7,OR3X1,OR3x1_ASAP7_6t_L,B,Y,fall,20.0,0.023039999999999998,0.7,25.0,121.706,1.0,0.216,0.216,0,1,1,3.044522437723423,0.022778586889339574,4.62962962962963,4.62962962962963,0.10666666666666666,0.10666666666666666,0.10666666666666666,4.62962962962963,1.4285714285714286,0.04,0.0,1
ASAP7,OR3X2,OR3x2_ASAP7_6t_L,C,Y,fall,320.0,0.023039999999999998,0.7,25.0,116.762,1.0,0.27,0.27,0,1,1,5.771441123130016,0.022778586889339574,3.7037037037037033,3.7037037037037033,0.08533333333333332,0.08533333333333332,0.08533333333333332,3.7037037037037033,1.4285714285714286,0.04,0.0,1
ASAP7,NOR3X2,NOR3x2_ASAP7_6t_L,C,Y,fall,160.0,0.0028799999999999997,0.7,25.0,41.3802,3.0000000000000004,0.9720000000000002,0.324,0,1,1,5.081404364984463,0.002875860745464264,1.0288065843621397,3.0864197530864197,0.002962962962962962,0.008888888888888887,0.008888888888888887,3.0864197530864197,1.4285714285714286,0.04,0.5,1
ASAP7,AND3X2,AND3x2_ASAP7_6t_L,A,Y,fall,5.0,0.0057599999999999995,0.7,25.0,24.903,1.0,0.27,0.27,0,1,1,1.791759469228055,0.005743474627065725,3.7037037037037033,3.7037037037037033,0.02133333333333333,0.02133333333333333,0.02133333333333333,3.7037037037037033,1.4285714285714286,0.04,0.0,1
ASAP7,AND2X4,AND2x4_ASAP7_6t_L,B,Y,fall,20.0,0.023039999999999998,0.7,25.0,39.3194,1.0,0.43199999999999994,0.43199999999999994,0,1,1,3.044522437723423,0.022778586889339574,2.3148148148148153,2.3148148148148153,0.053333333333333344,0.053333333333333344,0.053333333333333344,2.3148148148148153,1.4285714285714286,0.04,0.0,1
ASAP7,OR3X2,OR3x2_ASAP7_6t_L,A,Y,rise,80.0,0.023039999999999998,0.7,25.0,78.0918,1.0,0.27,0.27,0,1,1,4.394449154672439,0.022778586889339574,3.7037037037037033,3.7037037037037033,0.08533333333333332,0.08533333333333332,0.08533333333333332,3.7037037037037033,1.4285714285714286,0.04,0.0,1
ASAP7,XOR2X2,XOR2x2_ASAP7_6t_L,A,Y,fall,160.0,0.0014399999999999999,0.7,25.0,41.8235,1.0,0.37799999999999995,0.37799999999999995,0,1,1,5.081404364984463,0.0014389641942542826,2.645502645502646,2.645502645502646,0.00380952380952381,0.00380952380952381,0.00380952380952381,2.645502645502646,1.4285714285714286,0.04,0.0,1
ASAP7,NAND3X1,NAND3x1_ASAP7_6t_L,C,Y,rise,20.0,0.0057599999999999995,0.7,25.0,43.7695,0.3333333333333333,0.162,0.486,0,1,1,3.044522437723423,0.005743474627065725,6.172839506172839,2.05761316872428,0.03555555555555555,0.011851851851851851,0.03555555555555555,6.172839506172839,1.4285714285714286,0.04,-0.4999999999999999,1
ASAP7,AND3X4,AND3x4_ASAP7_6t_L,A,Y,fall,10.0,0.18431999999999998,0.7,25.0,211.961,0.7,0.37799999999999995,0.54,0,1,1,2.3978952727983707,0.16916877021565407,2.645502645502646,1.8518518518518516,0.4876190476190477,0.34133333333333327,0.34133333333333327,1.8518518518518516,1.4285714285714286,0.04,-0.17647058823529424,1
ASAP7,OR2X4,OR2x4_ASAP7_6t_L,A,Y,rise,80.0,0.18431999999999998,0.7,25.0,256.91,1.0,0.324,0.324,0,1,1,4.394449154672439,0.16916877021565407,3.0864197530864197,3.0864197530864197,0.5688888888888888,0.5688888888888888,0.5688888888888888,3.0864197530864197,1.4285714285714286,0.04,0.0,1
ASAP7,OR2X2,OR2x2_ASAP7_6t_L,B,Y,rise,160.0,0.023039999999999998,0.7,25.0,96.0408,1.3333333333333335,0.216,0.162,0,1,1,5.081404364984463,0.022778586889339574,4.62962962962963,6.172839506172839,0.10666666666666666,0.1422222222222222,0.10666666666666666,4.62962962962963,1.4285714285714286,0.04,0.14285714285714285,1
ASAP7,AND2X4,AND2x4_ASAP7_6t_L,B,Y,fall,10.0,0.18431999999999998,0.7,25.0,203.085,1.0,0.43199999999999994,0.43199999999999994,0,1,1,2.3978952727983707,0.16916877021565407,2.3148148148148153,2.3148148148148153,0.42666666666666675,0.42666666666666675,0.42666666666666675,2.3148148148148153,1.4285714285714286,0.04,0.0,1
ASAP7,OR3X4,OR3x4_ASAP7_6t_L,B,Y,rise,320.0,0.0057599999999999995,0.7,25.0,47.0559,1.0,0.37799999999999995,0.37799999999999995,0,1,1,5.771441123130016,0.005743474627065725,2.645502645502646,2.645502645502646,0.01523809523809524,0.01523809523809524,0.01523809523809524,2.645502645502646,1.4285714285714286,0.04,0.0,1
ASAP7,AND4X1,AND4x1_ASAP7_6t_L,A,Y,fall,160.0,0.0014399999999999999,0.7,25.0,33.0417,1.0,0.27,0.27,0,1,1,5.081404364984463,0.0014389641942542826,3.7037037037037033,3.7037037037037033,0.005333333333333332,0.005333333333333332,0.005333333333333332,3.7037037037037033,1.4285714285714286,0.04,0.0,1
ASAP7,INVX1,INVx1_ASAP7_6t_L,A,Y,rise,40.0,0.011519999999999999,0.7,25.0,71.1408,1.0,0.054,0.054,1,1,1,3.713572066704308,0.011454150045115854,18.51851851851852,18.51851851851852,0.21333333333333332,0.21333333333333332,0.21333333333333332,18.51851851851852,1.4285714285714286,0.04,0.0,1
ASAP7,AND4X1,AND4x1_ASAP7_6t_L,C,Y,rise,40.0,0.0014399999999999999,0.7,25.0,34.5647,1.0,0.27,0.27,0,1,1,3.713572066704308,0.0014389641942542826,3.7037037037037033,3.7037037037037033,0.005333333333333332,0.005333333333333332,0.005333333333333332,3.7037037037037033,1.4285714285714286,0.04,0.0,1
ASAP7,OR2X2,OR2x2_ASAP7_6t_L,B,Y,rise,5.0,0.011519999999999999,0.7,25.0,45.4608,1.3333333333333335,0.216,0.162,0,1,1,1.791759469228055,0.011454150045115854,4.62962962962963,6.172839506172839,0.05333333333333333,0.0711111111111111,0.05333333333333333,4.62962962962963,1.4285714285714286,0.04,0.14285714285714285,1
ASAP7,NOR2X2,NOR2x2_ASAP7_6t_L,B,Y,fall,320.0,0.011519999999999999,0.7,25.0,78.7528,1.9999999999999998,0.43199999999999994,0.216,0,1,1,5.771441123130016,0.011454150045115854,2.3148148148148153,4.62962962962963,0.026666666666666672,0.05333333333333333,0.05333333333333333,4.62962962962963,1.4285714285714286,0.04,0.3333333333333333,1
ASAP7,BUFX2,BUFx2_ASAP7_6t_L,A,Y,fall,10.0,0.046079999999999996,0.7,25.0,114.752,1.0,0.135,0.135,0,1,1,2.3978952727983707,0.04504984455370874,7.4074074074074066,7.4074074074074066,0.34133333333333327,0.34133333333333327,0.34133333333333327,7.4074074074074066,1.4285714285714286,0.04,0.0,1
ASAP7,OR3X1,OR3x1_ASAP7_6t_L,C,Y,fall,10.0,0.0007199999999999999,0.7,25.0,25.6293,1.0,0.216,0.216,0,1,1,2.3978952727983707,0.0007197409243488539,4.62962962962963,4.62962962962963,0.003333333333333333,0.003333333333333333,0.003333333333333333,4.62962962962963,1.4285714285714286,0.04,0.0,1
ASAP7,AND4X2,AND4x2_ASAP7_6t_L,B,Y,fall,40.0,0.011519999999999999,0.7,25.0,46.6596,1.0,0.324,0.324,0,1,1,3.713572066704308,0.011454150045115854,3.0864197530864197,3.0864197530864197,0.03555555555555555,0.03555555555555555,0.03555555555555555,3.0864197530864197,1.4285714285714286,0.04,0.0,1
ASAP7,NOR3X1,NOR3x1_ASAP7_6t_L,A,Y,rise,40.0,0.023039999999999998,0.7,25.0,120.837,3.0,0.486,0.162,0,1,1,3.713572066704308,0.022778586889339574,2.05761316872428,6.172839506172839,0.047407407407407405,0.1422222222222222,0.047407407407407405,2.05761316872428,1.4285714285714286,0.04,0.4999999999999999,1
ASAP7,NOR2X1,NOR2x1_ASAP7_6t_L,B,Y,rise,5.0,0.0007199999999999999,0.7,25.0,8.0647,2.0,0.216,0.108,0,1,1,1.791759469228055,0.0007197409243488539,4.62962962962963,9.25925925925926,0.003333333333333333,0.006666666666666666,0.003333333333333333,4.62962962962963,1.4285714285714286,0.04,0.3333333333333333,1
ASAP7,AND4X2,AND4x2_ASAP7_6t_L,D,Y,rise,5.0,0.0057599999999999995,0.7,25.0,46.0787,1.0,0.324,0.324,0,1,1,1.791759469228055,0.005743474627065725,3.0864197530864197,3.0864197530864197,0.017777777777777774,0.017777777777777774,0.017777777777777774,3.0864197530864197,1.4285714285714286,0.04,0.0,1
ASAP7,AND4X2,AND4x2_ASAP7_6t_L,A,Y,fall,80.0,0.0057599999999999995,0.7,25.0,39.0101,1.0,0.324,0.324,0,1,1,4.394449154672439,0.005743474627065725,3.0864197530864197,3.0864197530864197,0.017777777777777774,0.017777777777777774,0.017777777777777774,3.0864197530864197,1.4285714285714286,0.04,0.0,1
ASAP7,NAND3X1,NAND3x1_ASAP7_6t_L,B,Y,fall,80.0,0.0028799999999999997,0.7,25.0,22.9886,0.3333333333333333,0.162,0.486,0,1,1,4.394449154672439,0.002875860745464264,6.172839506172839,2.05761316872428,0.017777777777777774,0.005925925925925926,0.005925925925925926,2.05761316872428,1.4285714285714286,0.04,-0.4999999999999999,1
ASAP7,BUFX4,BUFx4_ASAP7_6t_L,A,Y,fall,40.0,0.0057599999999999995,0.7,25.0,31.8792,1.0,0.27,0.27,0,1,1,3.713572066704308,0.005743474627065725,3.7037037037037033,3.7037037037037033,0.02133333333333333,0.02133333333333333,0.02133333333333333,3.7037037037037033,1.4285714285714286,0.04,0.0,1
ASAP7,NOR3X2,NOR3x2_ASAP7_6t_L,B,Y,rise,80.0,0.0028799999999999997,0.7,25.0,22.9656,3.0000000000000004,0.9720000000000002,0.324,0,1,1,4.394449154672439,0.002875860745464264,1.0288065843621397,3.0864197530864197,0.002962962962962962,0.008888888888888887,0.002962962962962962,1.0288065843621397,1.4285714285714286,0.04,0.5,1
ASAP7,NAND3X1,NAND3x1_ASAP7_6t_L,B,Y,rise,320.0,0.046079999999999996,0.7,25.0,337.678,0.3333333333333333,0.162,0.486,0,1,1,5.771441123130016,0.04504984455370874,6.172839506172839,2.05761316872428,0.2844444444444444,0.09481481481481481,0.2844444444444444,6.172839506172839,1.4285714285714286,0.04,-0.4999999999999999,1
ASAP7,XOR2X2,XOR2x2_ASAP7_6t_L,B,Y,fall,10.0,0.023039999999999998,0.7,25.0,69.0735,1.0,0.37799999999999995,0.37799999999999995,0,1,1,2.3978952727983707,0.022778586889339574,2.645502645502646,2.645502645502646,0.06095238095238096,0.06095238095238096,0.06095238095238096,2.645502645502646,1.4285714285714286,0.04,0.0,1
ASAP7,AND4X1,AND4x1_ASAP7_6t_L,C,Y,rise,40.0,0.023039999999999998,0.7,25.0,142.82,1.0,0.27,0.27,0,1,1,3.713572066704308,0.022778586889339574,3.7037037037037033,3.7037037037037033,0.08533333333333332,0.08533333333333332,0.08533333333333332,3.7037037037037033,1.4285714285714286,0.04,0.0,1
ASAP7,AND3X1,AND3x1_ASAP7_6t_L,B,Y,rise,160.0,0.011519999999999999,0.7,25.0,91.1531,1.0,0.216,0.216,0,1,1,5.081404364984463,0.011454150045115854,4.62962962962963,4.62962962962963,0.05333333333333333,0.05333333333333333,0.05333333333333333,4.62962962962963,1.4285714285714286,0.04,0.0,1
ASAP7,INVX4,INVx4_ASAP7_6t_L,A,Y,rise,320.0,0.18431999999999998,0.7,25.0,331.678,1.0,0.216,0.216,1,1,1,5.771441123130016,0.16916877021565407,4.62962962962963,4.62962962962963,0.8533333333333333,0.8533333333333333,0.8533333333333333,4.62962962962963,1.4285714285714286,0.04,0.0,1
ASAP7,OR3X4,OR3x4_ASAP7_6t_L,B,Y,fall,80.0,0.046079999999999996,0.7,25.0,109.346,1.0,0.37799999999999995,0.37799999999999995,0,1,1,4.394449154672439,0.04504984455370874,2.645502645502646,2.645502645502646,0.12190476190476192,0.12190476190476192,0.12190476190476192,2.645502645502646,1.4285714285714286,0.04,0.0,1
ASAP7,NAND3X2,NAND3x2_ASAP7_6t_L,B,Y,rise,80.0,0.011519999999999999,0.7,25.0,61.7421,0.33333333333333326,0.324,0.9720000000000002,0,1,1,4.394449154672439,0.011454150045115854,3.0864197530864197,1.0288065843621397,0.03555555555555555,0.011851851851851848,0.03555555555555555,3.0864197530864197,1.4285714285714286,0.04,-0.5,1
ASAP7,INVX4,INVx4_ASAP7_6t_L,A,Y,rise,320.0,0.011519999999999999,0.7,25.0,67.3237,1.0,0.216,0.216,1,1,1,5.771441123130016,0.011454150045115854,4.62962962962963,4.62962962962963,0.05333333333333333,0.05333333333333333,0.05333333333333333,4.62962962962963,1.4285714285714286,0.04,0.0,1
ASAP7,AND3X1,AND3x1_ASAP7_6t_L,A,Y,rise,40.0,0.011519999999999999,0.7,25.0,82.8788,1.0,0.216,0.216,0,1,1,3.713572066704308,0.011454150045115854,4.62962962962963,4.62962962962963,0.05333333333333333,0.05333333333333333,0.05333333333333333,4.62962962962963,1.4285714285714286,0.04,0.0,1
ASAP7,AND2X4,AND2x4_ASAP7_6t_L,B,Y,rise,5.0,0.011519999999999999,0.7,25.0,29.4687,1.0,0.43199999999999994,0.43199999999999994,0,1,1,1.791759469228055,0.011454150045115854,2.3148148148148153,2.3148148148148153,0.026666666666666672,0.026666666666666672,0.026666666666666672,2.3148148148148153,1.4285714285714286,0.04,0.0,1
ASAP7,INVX2,INVx2_ASAP7_6t_L,A,Y,rise,160.0,0.0057599999999999995,0.7,25.0,49.2246,1.0,0.108,0.108,1,1,1,5.081404364984463,0.005743474627065725,9.25925925925926,9.25925925925926,0.05333333333333333,0.05333333333333333,0.05333333333333333,9.25925925925926,1.4285714285714286,0.04,0.0,1
ASAP7,NOR2X2,NOR2x2_ASAP7_6t_L,A,Y,rise,320.0,0.09215999999999999,0.7,25.0,284.282,1.9999999999999998,0.43199999999999994,0.216,0,1,1,5.771441123130016,0.08815738673620516,2.3148148148148153,4.62962962962963,0.21333333333333337,0.42666666666666664,0.21333333333333337,2.3148148148148153,1.4285714285714286,0.04,0.3333333333333333,1
ASAP7,AND3X4,AND3x4_ASAP7_6t_L,B,Y,rise,5.0,0.046079999999999996,0.7,25.0,80.5646,0.7,0.37799999999999995,0.54,0,1,1,1.791759469228055,0.04504984455370874,2.645502645502646,1.8518518518518516,0.12190476190476192,0.08533333333333332,0.12190476190476192,2.645502645502646,1.4285714285714286,0.04,-0.17647058823529424,1
ASAP7,AND3X4,AND3x4_ASAP7_6t_L,A,Y,fall,40.0,0.09215999999999999,0.7,25.0,125.0,0.7,0.37799999999999995,0.54,0,1,1,3.713572066704308,0.08815738673620516,2.645502645502646,1.8518518518518516,0.24380952380952384,0.17066666666666663,0.17066666666666663,1.8518518518518516,1.4285714285714286,0.04,-0.17647058823529424,1
ASAP7,OR4X2,OR4x2_ASAP7_6t_L,A,Y,rise,10.0,0.0028799999999999997,0.7,25.0,20.0511,1.3333333333333335,0.216,0.162,0,1,1,2.3978952727983707,0.002875860745464264,4.62962962962963,6.172839506172839,0.013333333333333332,0.017777777777777774,0.013333333333333332,4.62962962962963,1.4285714285714286,0.04,0.14285714285714285,1
ASAP7,BUFX4,BUFx4_ASAP7_6t_L,A,Y,fall,80.0,0.046079999999999996,0.7,25.0,81.8773,1.0,0.27,0.27,0,1,1,4.394449154672439,0.04504984455370874,3.7037037037037033,3.7037037037037033,0.17066666666666663,0.17066666666666663,0.17066666666666663,3.7037037037037033,1.4285714285714286,0.04,0.0,1
ASAP7,OR3X4,OR3x4_ASAP7_6t_L,B,Y,rise,160.0,0.046079999999999996,0.7,25.0,93.335,1.0,0.37799999999999995,0.37799999999999995,0,1,1,5.081404364984463,0.04504984455370874,2.645502645502646,2.645502645502646,0.12190476190476192,0.12190476190476192,0.12190476190476192,2.645502645502646,1.4285714285714286,0.04,0.0,1
ASAP7,NOR3X2,NOR3x2_ASAP7_6t_L,A,Y,rise,160.0,0.09215999999999999,0.7,25.0,260.801,3.0000000000000004,0.9720000000000002,0.324,0,1,1,5.081404364984463,0.08815738673620516,1.0288065843621397,3.0864197530864197,0.09481481481481478,0.2844444444444444,0.09481481481481478,1.0288065843621397,1.4285714285714286,0.04,0.5,1
ASAP7,OR4X2,OR4x2_ASAP7_6t_L,C,Y,rise,80.0,0.046079999999999996,0.7,25.0,137.345,1.3333333333333335,0.216,0.162,0,1,1,4.394449154672439,0.04504984455370874,4.62962962962963,6.172839506172839,0.21333333333333332,0.2844444444444444,0.21333333333333332,4.62962962962963,1.4285714285714286,0.04,0.14285714285714285,1
ASAP7,OR4X2,OR4x2_ASAP7_6t_L,D,Y,rise,20.0,0.011519999999999999,0.7,25.0,45.5992,1.3333333333333335,0.216,0.162,0,1,1,3.044522437723423,0.011454150045115854,4.62962962962963,6.172839506172839,0.05333333333333333,0.0711111111111111,0.05333333333333333,4.62962962962963,1.4285714285714286,0.04,0.14285714285714285,1
ASAP7,AND2X4,AND2x4_ASAP7_6t_L,B,Y,rise,40.0,0.0057599999999999995,0.7,25.0,28.8082,1.0,0.43199999999999994,0.43199999999999994,0,1,1,3.713572066704308,0.005743474627065725,2.3148148148148153,2.3148148148148153,0.013333333333333336,0.013333333333333336,0.013333333333333336,2.3148148148148153,1.4285714285714286,0.04,0.0,1
ASAP7,NOR3X2,NOR3x2_ASAP7_6t_L,C,Y,fall,10.0,0.09215999999999999,0.7,25.0,201.377,3.0000000000000004,0.9720000000000002,0.324,0,1,1,2.3978952727983707,0.08815738673620516,1.0288065843621397,3.0864197530864197,0.09481481481481478,0.2844444444444444,0.2844444444444444,3.0864197530864197,1.4285714285714286,0.04,0.5,1
ASAP7,NOR2X1,NOR2x1_ASAP7_6t_L,A,Y,fall,80.0,0.0007199999999999999,0.7,25.0,20.0917,2.0,0.216,0.108,0,1,1,4.394449154672439,0.0007197409243488539,4.62962962962963,9.25925925925926,0.003333333333333333,0.006666666666666666,0.006666666666666666,9.25925925925926,1.4285714285714286,0.04,0.3333333333333333,1
ASAP7,OR4X1,OR4x1_ASAP7_6t_L,B,Y,rise,10.0,0.0014399999999999999,0.7,25.0,18.7845,1.0,0.27,0.27,0,1,1,2.3978952727983707,0.0014389641942542826,3.7037037037037033,3.7037037037037033,0.005333333333333332,0.005333333333333332,0.005333333333333332,3.7037037037037033,1.4285714285714286,0.04,0.0,1
ASAP7,BUFX2,BUFx2_ASAP7_6t_L,A,Y,rise,80.0,0.011519999999999999,0.7,25.0,57.6858,1.0,0.135,0.135,0,1,1,4.394449154672439,0.011454150045115854,7.4074074074074066,7.4074074074074066,0.08533333333333332,0.08533333333333332,0.08533333333333332,7.4074074074074066,1.4285714285714286,0.04,0.0,1
ASAP7,AND4X2,AND4x2_ASAP7_6t_L,A,Y,fall,20.0,0.0057599999999999995,0.7,25.0,29.3006,1.0,0.324,0.324,0,1,1,3.044522437723423,0.005743474627065725,3.0864197530864197,3.0864197530864197,0.017777777777777774,0.017777777777777774,0.017777777777777774,3.0864197530864197,1.4285714285714286,0.04,0.0,1
ASAP7,NOR3X1,NOR3x1_ASAP7_6t_L,C,Y,rise,80.0,0.0007199999999999999,0.7,25.0,16.2096,3.0,0.486,0.162,0,1,1,4.394449154672439,0.0007197409243488539,2.05761316872428,6.172839506172839,0.0014814814814814814,0.004444444444444444,0.0014814814814814814,2.05761316872428,1.4285714285714286,0.04,0.4999999999999999,1
ASAP7,NOR2X1,NOR2x1_ASAP7_6t_L,A,Y,fall,320.0,0.0007199999999999999,0.7,25.0,34.5588,2.0,0.216,0.108,0,1,1,5.771441123130016,0.0007197409243488539,4.62962962962963,9.25925925925926,0.003333333333333333,0.006666666666666666,0.006666666666666666,9.25925925925926,1.4285714285714286,0.04,0.3333333333333333,1
ASAP7,OR2X2,OR2x2_ASAP7_6t_L,A,Y,fall,10.0,0.046079999999999996,0.7,25.0,115.239,1.3333333333333335,0.216,0.162,0,1,1,2.3978952727983707,0.04504984455370874,4.62962962962963,6.172839506172839,0.21333333333333332,0.2844444444444444,0.2844444444444444,6.172839506172839,1.4285714285714286,0.04,0.14285714285714285,1
ASAP7,NOR3X1,NOR3x1_ASAP7_6t_L,A,Y,fall,20.0,0.0057599999999999995,0.7,25.0,33.9039,3.0,0.486,0.162,0,1,1,3.044522437723423,0.005743474627065725,2.05761316872428,6.172839506172839,0.011851851851851851,0.03555555555555555,0.03555555555555555,6.172839506172839,1.4285714285714286,0.04,0.4999999999999999,1
ASAP7,BUFX4,BUFx4_ASAP7_6t_L,A,Y,fall,40.0,0.0028799999999999997,0.7,25.0,28.0971,1.0,0.27,0.27,0,1,1,3.713572066704308,0.002875860745464264,3.7037037037037033,3.7037037037037033,0.010666666666666665,0.010666666666666665,0.010666666666666665,3.7037037037037033,1.4285714285714286,0.04,0.0,1
ASAP7,NOR3X2,NOR3x2_ASAP7_6t_L,B,Y,rise,10.0,0.011519999999999999,0.7,25.0,35.5425,3.0000000000000004,0.9720000000000002,0.324,0,1,1,2.3978952727983707,0.011454150045115854,1.0288065843621397,3.0864197530864197,0.011851851851851848,0.03555555555555555,0.011851851851851848,1.0288065843621397,1.4285714285714286,0.04,0.5,1
ASAP7,NOR3X1,NOR3x1_ASAP7_6t_L,B,Y,rise,80.0,0.0014399999999999999,0.7,25.0,22.5826,3.0,0.486,0.162,0,1,1,4.394449154672439,0.0014389641942542826,2.05761316872428,6.172839506172839,0.002962962962962963,0.008888888888888887,0.002962962962962963,2.05761316872428,1.4285714285714286,0.04,0.4999999999999999,1
ASAP7,NOR2X2,NOR2x2_ASAP7_6t_L,A,Y,rise,5.0,0.011519999999999999,0.7,25.0,32.6712,1.9999999999999998,0.43199999999999994,0.216,0,1,1,1.791759469228055,0.011454150045115854,2.3148148148148153,4.62962962962963,0.026666666666666672,0.05333333333333333,0.026666666666666672,2.3148148148148153,1.4285714285714286,0.04,0.3333333333333333,1
ASAP7,AND4X1,AND4x1_ASAP7_6t_L,B,Y,rise,10.0,0.011519999999999999,0.7,25.0,82.5299,1.0,0.27,0.27,0,1,1,2.3978952727983707,0.011454150045115854,3.7037037037037033,3.7037037037037033,0.04266666666666666,0.04266666666666666,0.04266666666666666,3.7037037037037033,1.4285714285714286,0.04,0.0,1
ASAP7,OR4X2,OR4x2_ASAP7_6t_L,D,Y,rise,320.0,0.09215999999999999,0.7,25.0,259.371,1.3333333333333335,0.216,0.162,0,1,1,5.771441123130016,0.08815738673620516,4.62962962962963,6.172839506172839,0.42666666666666664,0.5688888888888888,0.42666666666666664,4.62962962962963,1.4285714285714286,0.04,0.14285714285714285,1
ASAP7,NOR3X2,NOR3x2_ASAP7_6t_L,C,Y,fall,160.0,0.023039999999999998,0.7,25.0,100.586,3.0000000000000004,0.9720000000000002,0.324,0,1,1,5.081404364984463,0.022778586889339574,1.0288065843621397,3.0864197530864197,0.023703703703703696,0.0711111111111111,0.0711111111111111,3.0864197530864197,1.4285714285714286,0.04,0.5,1
ASAP7,NOR3X1,NOR3x1_ASAP7_6t_L,B,Y,fall,160.0,0.046079999999999996,0.7,25.0,241.679,3.0,0.486,0.162,0,1,1,5.081404364984463,0.04504984455370874,2.05761316872428,6.172839506172839,0.09481481481481481,0.2844444444444444,0.2844444444444444,6.172839506172839,1.4285714285714286,0.04,0.4999999999999999,1
ASAP7,OR3X1,OR3x1_ASAP7_6t_L,A,Y,rise,40.0,0.0028799999999999997,0.7,25.0,29.4352,1.0,0.216,0.216,0,1,1,3.713572066704308,0.002875860745464264,4.62962962962963,4.62962962962963,0.013333333333333332,0.013333333333333332,0.013333333333333332,4.62962962962963,1.4285714285714286,0.04,0.0,1
ASAP7,OR4X2,OR4x2_ASAP7_6t_L,D,Y,fall,160.0,0.09215999999999999,0.7,25.0,250.564,1.3333333333333335,0.216,0.162,0,1,1,5.081404364984463,0.08815738673620516,4.62962962962963,6.172839506172839,0.42666666666666664,0.5688888888888888,0.5688888888888888,6.172839506172839,1.4285714285714286,0.04,0.14285714285714285,1
ASAP7,OR3X1,OR3x1_ASAP7_6t_L,C,Y,fall,5.0,0.0007199999999999999,0.7,25.0,25.0341,1.0,0.216,0.216,0,1,1,1.791759469228055,0.0007197409243488539,4.62962962962963,4.62962962962963,0.003333333333333333,0.003333333333333333,0.003333333333333333,4.62962962962963,1.4285714285714286,0.04,0.0,1
ASAP7,NAND2X1,NAND2x1_ASAP7_6t_L,A,Y,fall,320.0,0.0007199999999999999,0.7,25.0,1.48005,0.5,0.108,0.216,0,1,1,5.771441123130016,0.0007197409243488539,9.25925925925926,4.62962962962963,0.006666666666666666,0.003333333333333333,0.003333333333333333,4.62962962962963,1.4285714285714286,0.04,-0.3333333333333333,1
ASAP7,OR4X2,OR4x2_ASAP7_6t_L,C,Y,rise,320.0,0.011519999999999999,0.7,25.0,57.4828,1.3333333333333335,0.216,0.162,0,1,1,5.771441123130016,0.011454150045115854,4.62962962962963,6.172839506172839,0.05333333333333333,0.0711111111111111,0.05333333333333333,4.62962962962963,1.4285714285714286,0.04,0.14285714285714285,1
ASAP7,OR4X1,OR4x1_ASAP7_6t_L,B,Y,rise,40.0,0.046079999999999996,0.7,25.0,242.575,1.0,0.27,0.27,0,1,1,3.713572066704308,0.04504984455370874,3.7037037037037033,3.7037037037037033,0.17066666666666663,0.17066666666666663,0.17066666666666663,3.7037037037037033,1.4285714285714286,0.04,0.0,1
ASAP7,AND3X2,AND3x2_ASAP7_6t_L,C,Y,fall,20.0,0.0028799999999999997,0.7,25.0,24.4448,1.0,0.27,0.27,0,1,1,3.044522437723423,0.002875860745464264,3.7037037037037033,3.7037037037037033,0.010666666666666665,0.010666666666666665,0.010666666666666665,3.7037037037037033,1.4285714285714286,0.04,0.0,1
ASAP7,NOR2X1,NOR2x1_ASAP7_6t_L,B,Y,fall,80.0,0.046079999999999996,0.7,25.0,214.652,2.0,0.216,0.108,0,1,1,4.394449154672439,0.04504984455370874,4.62962962962963,9.25925925925926,0.21333333333333332,0.42666666666666664,0.42666666666666664,9.25925925925926,1.4285714285714286,0.04,0.3333333333333333,1
ASAP7,OR3X2,OR3x2_ASAP7_6t_L,C,Y,rise,20.0,0.046079999999999996,0.7,25.0,130.048,1.0,0.27,0.27,0,1,1,3.044522437723423,0.04504984455370874,3.7037037037037033,3.7037037037037033,0.17066666666666663,0.17066666666666663,0.17066666666666663,3.7037037037037033,1.4285714285714286,0.04,0.0,1
ASAP7,NAND2X2,NAND2x2_ASAP7_6t_L,B,Y,rise,10.0,0.046079999999999996,0.7,25.0,120.884,0.5000000000000001,0.216,0.43199999999999994,0,1,1,2.3978952727983707,0.04504984455370874,4.62962962962963,2.3148148148148153,0.21333333333333332,0.10666666666666669,0.21333333333333332,4.62962962962963,1.4285714285714286,0.04,-0.3333333333333333,1
ASAP7,INVX2,INVx2_ASAP7_6t_L,A,Y,fall,20.0,0.0057599999999999995,0.7,25.0,19.0867,1.0,0.108,0.108,1,1,1,3.044522437723423,0.005743474627065725,9.25925925925926,9.25925925925926,0.05333333333333333,0.05333333333333333,0.05333333333333333,9.25925925925926,1.4285714285714286,0.04,0.0,1
ASAP7,INVX8,INVx8_ASAP7_6t_L,A,Y,rise,160.0,0.023039999999999998,0.7,25.0,49.4678,1.0,0.43199999999999994,0.43199999999999994,1,1,1,5.081404364984463,0.022778586889339574,2.3148148148148153,2.3148148148148153,0.053333333333333344,0.053333333333333344,0.053333333333333344,2.3148148148148153,1.4285714285714286,0.04,0.0,1
ASAP7,AND3X2,AND3x2_ASAP7_6t_L,B,Y,fall,40.0,0.011519999999999999,0.7,25.0,46.3712,1.0,0.27,0.27,0,1,1,3.713572066704308,0.011454150045115854,3.7037037037037033,3.7037037037037033,0.04266666666666666,0.04266666666666666,0.04266666666666666,3.7037037037037033,1.4285714285714286,0.04,0.0,1
ASAP7,NOR2X1,NOR2x1_ASAP7_6t_L,A,Y,rise,320.0,0.011519999999999999,0.7,25.0,107.856,2.0,0.216,0.108,0,1,1,5.771441123130016,0.011454150045115854,4.62962962962963,9.25925925925926,0.05333333333333333,0.10666666666666666,0.05333333333333333,4.62962962962963,1.4285714285714286,0.04,0.3333333333333333,1
ASAP7,AND3X2,AND3x2_ASAP7_6t_L,B,Y,fall,160.0,0.023039999999999998,0.7,25.0,84.4723,1.0,0.27,0.27,0,1,1,5.081404364984463,0.022778586889339574,3.7037037037037033,3.7037037037037033,0.08533333333333332,0.08533333333333332,0.08533333333333332,3.7037037037037033,1.4285714285714286,0.04,0.0,1
ASAP7,AND2X2,AND2x2_ASAP7_6t_L,A,Y,fall,40.0,0.0014399999999999999,0.7,25.0,32.2574,0.75,0.162,0.216,0,1,1,3.713572066704308,0.0014389641942542826,6.172839506172839,4.62962962962963,0.008888888888888887,0.006666666666666666,0.006666666666666666,4.62962962962963,1.4285714285714286,0.04,-0.14285714285714285,1
ASAP7,NOR3X2,NOR3x2_ASAP7_6t_L,B,Y,rise,10.0,0.046079999999999996,0.7,25.0,115.79,3.0000000000000004,0.9720000000000002,0.324,0,1,1,2.3978952727983707,0.04504984455370874,1.0288065843621397,3.0864197530864197,0.04740740740740739,0.1422222222222222,0.04740740740740739,1.0288065843621397,1.4285714285714286,0.04,0.5,1
ASAP7,OR3X4,OR3x4_ASAP7_6t_L,A,Y,fall,320.0,0.011519999999999999,0.7,25.0,117.473,1.0,0.37799999999999995,0.37799999999999995,0,1,1,5.771441123130016,0.011454150045115854,2.645502645502646,2.645502645502646,0.03047619047619048,0.03047619047619048,0.03047619047619048,2.645502645502646,1.4285714285714286,0.04,0.0,1
ASAP7,AND3X1,AND3x1_ASAP7_6t_L,C,Y,rise,320.0,0.046079999999999996,0.7,25.0,261.997,1.0,0.216,0.216,0,1,1,5.771441123130016,0.04504984455370874,4.62962962962963,4.62962962962963,0.21333333333333332,0.21333333333333332,0.21333333333333332,4.62962962962963,1.4285714285714286,0.04,0.0,1
ASAP7,OR3X2,OR3x2_ASAP7_6t_L,A,Y,fall,20.0,0.0028799999999999997,0.7,25.0,36.358,1.0,0.27,0.27,0,1,1,3.044522437723423,0.002875860745464264,3.7037037037037033,3.7037037037037033,0.010666666666666665,0.010666666666666665,0.010666666666666665,3.7037037037037033,1.4285714285714286,0.04,0.0,1
ASAP7,NOR3X1,NOR3x1_ASAP7_6t_L,C,Y,fall,10.0,0.0057599999999999995,0.7,25.0,34.2999,3.0,0.486,0.162,0,1,1,2.3978952727983707,0.005743474627065725,2.05761316872428,6.172839506172839,0.011851851851851851,0.03555555555555555,0.03555555555555555,6.172839506172839,1.4285714285714286,0.04,0.4999999999999999,1
ASAP7,OR4X2,OR4x2_ASAP7_6t_L,D,Y,fall,5.0,0.046079999999999996,0.7,25.0,139.457,1.3333333333333335,0.216,0.162,0,1,1,1.791759469228055,0.04504984455370874,4.62962962962963,6.172839506172839,0.21333333333333332,0.2844444444444444,0.2844444444444444,6.172839506172839,1.4285714285714286,0.04,0.14285714285714285,1
ASAP7,AND3X1,AND3x1_ASAP7_6t_L,B,Y,rise,320.0,0.0057599999999999995,0.7,25.0,71.4128,1.0,0.216,0.216,0,1,1,5.771441123130016,0.005743474627065725,4.62962962962963,4.62962962962963,0.026666666666666665,0.026666666666666665,0.026666666666666665,4.62962962962963,1.4285714285714286,0.04,0.0,1
ASAP7,OR2X4,OR2x4_ASAP7_6t_L,A,Y,fall,320.0,0.18431999999999998,0.7,25.0,264.833,1.0,0.324,0.324,0,1,1,5.771441123130016,0.16916877021565407,3.0864197530864197,3.0864197530864197,0.5688888888888888,0.5688888888888888,0.5688888888888888,3.0864197530864197,1.4285714285714286,0.04,0.0,1
ASAP7,XOR2X2,XOR2x2_ASAP7_6t_L,B,Y,fall,10.0,0.023039999999999998,0.7,25.0,68.7655,1.0,0.37799999999999995,0.37799999999999995,0,1,1,2.3978952727983707,0.022778586889339574,2.645502645502646,2.645502645502646,0.06095238095238096,0.06095238095238096,0.06095238095238096,2.645502645502646,1.4285714285714286,0.04,0.0,1
ASAP7,XOR2X2,XOR2x2_ASAP7_6t_L,B,Y,rise,160.0,0.09215999999999999,0.7,25.0,253.201,1.0,0.37799999999999995,0.37799999999999995,0,1,1,5.081404364984463,0.08815738673620516,2.645502645502646,2.645502645502646,0.24380952380952384,0.24380952380952384,0.24380952380952384,2.645502645502646,1.4285714285714286,0.04,0.0,1
ASAP7,AND3X2,AND3x2_ASAP7_6t_L,C,Y,rise,20.0,0.0014399999999999999,0.7,25.0,27.0359,1.0,0.27,0.27,0,1,1,3.044522437723423,0.0014389641942542826,3.7037037037037033,3.7037037037037033,0.005333333333333332,0.005333333333333332,0.005333333333333332,3.7037037037037033,1.4285714285714286,0.04,0.0,1
ASAP7,NOR2X1,NOR2x1_ASAP7_6t_L,A,Y,rise,80.0,0.0014399999999999999,0.7,25.0,21.586,2.0,0.216,0.108,0,1,1,4.394449154672439,0.0014389641942542826,4.62962962962963,9.25925925925926,0.006666666666666666,0.013333333333333332,0.006666666666666666,4.62962962962963,1.4285714285714286,0.04,0.3333333333333333,1
ASAP7,AND3X2,AND3x2_ASAP7_6t_L,A,Y,rise,320.0,0.0014399999999999999,0.7,25.0,59.4952,1.0,0.27,0.27,0,1,1,5.771441123130016,0.0014389641942542826,3.7037037037037033,3.7037037037037033,0.005333333333333332,0.005333333333333332,0.005333333333333332,3.7037037037037033,1.4285714285714286,0.04,0.0,1
ASAP7,NAND2X2,NAND2x2_ASAP7_6t_L,B,Y,rise,5.0,0.09215999999999999,0.7,25.0,233.218,0.5000000000000001,0.216,0.43199999999999994,0,1,1,1.791759469228055,0.08815738673620516,4.62962962962963,2.3148148148148153,0.42666666666666664,0.21333333333333337,0.42666666666666664,4.62962962962963,1.4285714285714286,0.04,-0.3333333333333333,1
ASAP7,OR3X4,OR3x4_ASAP7_6t_L,B,Y,rise,320.0,0.09215999999999999,0.7,25.0,155.344,1.0,0.37799999999999995,0.37799999999999995,0,1,1,5.771441123130016,0.08815738673620516,2.645502645502646,2.645502645502646,0.24380952380952384,0.24380952380952384,0.24380952380952384,2.645502645502646,1.4285714285714286,0.04,0.0,1
ASAP7,OR4X2,OR4x2_ASAP7_6t_L,A,Y,fall,80.0,0.09215999999999999,0.7,25.0,247.611,1.3333333333333335,0.216,0.162,0,1,1,4.394449154672439,0.08815738673620516,4.62962962962963,6.172839506172839,0.42666666666666664,0.5688888888888888,0.5688888888888888,6.172839506172839,1.4285714285714286,0.04,0.14285714285714285,1
ASAP7,AND3X1,AND3x1_ASAP7_6t_L,B,Y,fall,20.0,0.0057599999999999995,0.7,25.0,39.0229,1.0,0.216,0.216,0,1,1,3.044522437723423,0.005743474627065725,4.62962962962963,4.62962962962963,0.026666666666666665,0.026666666666666665,0.026666666666666665,4.62962962962963,1.4285714285714286,0.04,0.0,1
ASAP7,OR3X4,OR3x4_ASAP7_6t_L,B,Y,fall,5.0,0.023039999999999998,0.7,25.0,69.5938,1.0,0.37799999999999995,0.37799999999999995,0,1,1,1.791759469228055,0.022778586889339574,2.645502645502646,2.645502645502646,0.06095238095238096,0.06095238095238096,0.06095238095238096,2.645502645502646,1.4285714285714286,0.04,0.0,1
ASAP7,NOR2X1,NOR2x1_ASAP7_6t_L,A,Y,fall,20.0,0.0007199999999999999,0.7,25.0,12.5609,2.0,0.216,0.108,0,1,1,3.044522437723423,0.0007197409243488539,4.62962962962963,9.25925925925926,0.003333333333333333,0.006666666666666666,0.006666666666666666,9.25925925925926,1.4285714285714286,0.04,0.3333333333333333,1
ASAP7,NAND2X2,NAND2x2_ASAP7_6t_L,B,Y,fall,40.0,0.046079999999999996,0.7,25.0,93.462,0.5000000000000001,0.216,0.43199999999999994,0,1,1,3.713572066704308,0.04504984455370874,4.62962962962963,2.3148148148148153,0.21333333333333332,0.10666666666666669,0.10666666666666669,2.3148148148148153,1.4285714285714286,0.04,-0.3333333333333333,1
ASAP7,AND2X4,AND2x4_ASAP7_6t_L,A,Y,fall,80.0,0.18431999999999998,0.7,25.0,216.812,1.0,0.43199999999999994,0.43199999999999994,0,1,1,4.394449154672439,0.16916877021565407,2.3148148148148153,2.3148148148148153,0.42666666666666675,0.42666666666666675,0.42666666666666675,2.3148148148148153,1.4285714285714286,0.04,0.0,1
ASAP7,OR3X1,OR3x1_ASAP7_6t_L,C,Y,fall,80.0,0.011519999999999999,0.7,25.0,81.6422,1.0,0.216,0.216,0,1,1,4.394449154672439,0.011454150045115854,4.62962962962963,4.62962962962963,0.05333333333333333,0.05333333333333333,0.05333333333333333,4.62962962962963,1.4285714285714286,0.04,0.0,1
ASAP7,INVX2,INVx2_ASAP7_6t_L,A,Y,rise,320.0,0.011519999999999999,0.7,25.0,96.5909,1.0,0.108,0.108,1,1,1,5.771441123130016,0.011454150045115854,9.25925925925926,9.25925925925926,0.10666666666666666,0.10666666666666666,0.10666666666666666,9.25925925925926,1.4285714285714286,0.04,0.0,1
ASAP7,NOR2X2,NOR2x2_ASAP7_6t_L,A,Y,fall,160.0,0.0014399999999999999,0.7,25.0,25.7653,1.9999999999999998,0.43199999999999994,0.216,0,1,1,5.081404364984463,0.0014389641942542826,2.3148148148148153,4.62962962962963,0.003333333333333334,0.006666666666666666,0.006666666666666666,4.62962962962963,1.4285714285714286,0.04,0.3333333333333333,1
ASAP7,AND3X4,AND3x4_ASAP7_6t_L,A,Y,rise,160.0,0.011519999999999999,0.7,25.0,52.0765,0.7,0.37799999999999995,0.54,0,1,1,5.081404364984463,0.011454150045115854,2.645502645502646,1.8518518518518516,0.03047619047619048,0.02133333333333333,0.03047619047619048,2.645502645502646,1.4285714285714286,0.04,-0.17647058823529424,1
ASAP7,AND3X1,AND3x1_ASAP7_6t_L,C,Y,rise,40.0,0.0007199999999999999,0.7,25.0,23.9717,1.0,0.216,0.216,0,1,1,3.713572066704308,0.0007197409243488539,4.62962962962963,4.62962962962963,0.003333333333333333,0.003333333333333333,0.003333333333333333,4.62962962962963,1.4285714285714286,0.04,0.0,1
ASAP7,NOR2X2,NOR2x2_ASAP7_6t_L,A,Y,rise,40.0,0.0014399999999999999,0.7,25.0,13.4937,1.9999999999999998,0.43199999999999994,0.216,0,1,1,3.713572066704308,0.0014389641942542826,2.3148148148148153,4.62962962962963,0.003333333333333334,0.006666666666666666,0.003333333333333334,2.3148148148148153,1.4285714285714286,0.04,0.3333333333333333,1
ASAP7,OR3X1,OR3x1_ASAP7_6t_L,B,Y,rise,10.0,0.023039999999999998,0.7,25.0,124.733,1.0,0.216,0.216,0,1,1,2.3978952727983707,0.022778586889339574,4.62962962962963,4.62962962962963,0.10666666666666666,0.10666666666666666,0.10666666666666666,4.62962962962963,1.4285714285714286,0.04,0.0,1
ASAP7,NAND3X1,NAND3x1_ASAP7_6t_L,B,Y,fall,40.0,0.0014399999999999999,0.7,25.0,14.1,0.3333333333333333,0.162,0.486,0,1,1,3.713572066704308,0.0014389641942542826,6.172839506172839,2.05761316872428,0.008888888888888887,0.002962962962962963,0.002962962962962963,2.05761316872428,1.4285714285714286,0.04,-0.4999999999999999,1
ASAP7,OR3X2,OR3x2_ASAP7_6t_L,B,Y,fall,10.0,0.046079999999999996,0.7,25.0,127.772,1.0,0.27,0.27,0,1,1,2.3978952727983707,0.04504984455370874,3.7037037037037033,3.7037037037037033,0.17066666666666663,0.17066666666666663,0.17066666666666663,3.7037037037037033,1.4285714285714286,0.04,0.0,1
ASAP7,NAND3X2,NAND3x2_ASAP7_6t_L,A,Y,rise,320.0,0.023039999999999998,0.7,25.0,152.492,0.33333333333333326,0.324,0.9720000000000002,0,1,1,5.771441123130016,0.022778586889339574,3.0864197530864197,1.0288065843621397,0.0711111111111111,0.023703703703703696,0.0711111111111111,3.0864197530864197,1.4285714285714286,0.04,-0.5,1
ASAP7,BUFX2,BUFx2_ASAP7_6t_L,A,Y,fall,80.0,0.011519999999999999,0.7,25.0,59.9895,1.0,0.135,0.135,0,1,1,4.394449154672439,0.011454150045115854,7.4074074074074066,7.4074074074074066,0.08533333333333332,0.08533333333333332,0.08533333333333332,7.4074074074074066,1.4285714285714286,0.04,0.0,1
ASAP7,AND3X1,AND3x1_ASAP7_6t_L,A,Y,fall,320.0,0.023039999999999998,0.7,25.0,131.753,1.0,0.216,0.216,0,1,1,5.771441123130016,0.022778586889339574,4.62962962962963,4.62962962962963,0.10666666666666666,0.10666666666666666,0.10666666666666666,4.62962962962963,1.4285714285714286,0.04,0.0,1
ASAP7,NOR3X1,NOR3x1_ASAP7_6t_L,A,Y,rise,80.0,0.0028799999999999997,0.7,25.0,33.7798,3.0,0.486,0.162,0,1,1,4.394449154672439,0.002875860745464264,2.05761316872428,6.172839506172839,0.005925925925925926,0.017777777777777774,0.005925925925925926,2.05761316872428,1.4285714285714286,0.04,0.4999999999999999,1
ASAP7,OR4X1,OR4x1_ASAP7_6t_L,A,Y,fall,20.0,0.023039999999999998,0.7,25.0,128.166,1.0,0.27,0.27,0,1,1,3.044522437723423,0.022778586889339574,3.7037037037037033,3.7037037037037033,0.08533333333333332,0.08533333333333332,0.08533333333333332,3.7037037037037033,1.4285714285714286,0.04,0.0,1
ASAP7,OR3X1,OR3x1_ASAP7_6t_L,A,Y,rise,5.0,0.0057599999999999995,0.7,25.0,38.4338,1.0,0.216,0.216,0,1,1,1.791759469228055,0.005743474627065725,4.62962962962963,4.62962962962963,0.026666666666666665,0.026666666666666665,0.026666666666666665,4.62962962962963,1.4285714285714286,0.04,0.0,1
ASAP7,NAND2X2,NAND2x2_ASAP7_6t_L,A,Y,rise,320.0,0.0057599999999999995,0.7,25.0,82.1778,0.5000000000000001,0.216,0.43199999999999994,0,1,1,5.771441123130016,0.005743474627065725,4.62962962962963,2.3148148148148153,0.026666666666666665,0.013333333333333336,0.026666666666666665,4.62962962962963,1.4285714285714286,0.04,-0.3333333333333333,1
ASAP7,BUFX2,BUFx2_ASAP7_6t_L,A,Y,fall,320.0,0.023039999999999998,0.7,25.0,113.162,1.0,0.135,0.135,0,1,1,5.771441123130016,0.022778586889339574,7.4074074074074066,7.4074074074074066,0.17066666666666663,0.17066666666666663,0.17066666666666663,7.4074074074074066,1.4285714285714286,0.04,0.0,1
ASAP7,AND3X2,AND3x2_ASAP7_6t_L,A,Y,fall,20.0,0.0028799999999999997,0.7,25.0,22.9489,1.0,0.27,0.27,0,1,1,3.044522437723423,0.002875860745464264,3.7037037037037033,3.7037037037037033,0.010666666666666665,0.010666666666666665,0.010666666666666665,3.7037037037037033,1.4285714285714286,0.04,0.0,1
ASAP7,AND3X2,AND3x2_ASAP7_6t_L,B,Y,rise,160.0,0.09215999999999999,0.7,25.0,269.655,1.0,0.27,0.27,0,1,1,5.081404364984463,0.08815738673620516,3.7037037037037033,3.7037037037037033,0.34133333333333327,0.34133333333333327,0.34133333333333327,3.7037037037037033,1.4285714285714286,0.04,0.0,1
ASAP7,NOR3X1,NOR3x1_ASAP7_6t_L,B,Y,rise,10.0,0.0014399999999999999,0.7,25.0,15.1165,3.0,0.486,0.162,0,1,1,2.3978952727983707,0.0014389641942542826,2.05761316872428,6.172839506172839,0.002962962962962963,0.008888888888888887,0.002962962962962963,2.05761316872428,1.4285714285714286,0.04,0.4999999999999999,1
ASAP7,AND4X2,AND4x2_ASAP7_6t_L,C,Y,rise,40.0,0.0014399999999999999,0.7,25.0,35.1657,1.0,0.324,0.324,0,1,1,3.713572066704308,0.0014389641942542826,3.0864197530864197,3.0864197530864197,0.004444444444444444,0.004444444444444444,0.004444444444444444,3.0864197530864197,1.4285714285714286,0.04,0.0,1
ASAP7,OR2X4,OR2x4_ASAP7_6t_L,A,Y,rise,160.0,0.011519999999999999,0.7,25.0,49.3562,1.0,0.324,0.324,0,1,1,5.081404364984463,0.011454150045115854,3.0864197530864197,3.0864197530864197,0.03555555555555555,0.03555555555555555,0.03555555555555555,3.0864197530864197,1.4285714285714286,0.04,0.0,1
ASAP7,NAND2X2,NAND2x2_ASAP7_6t_L,B,Y,fall,160.0,0.09215999999999999,0.7,25.0,205.718,0.5000000000000001,0.216,0.43199999999999994,0,1,1,5.081404364984463,0.08815738673620516,4.62962962962963,2.3148148148148153,0.42666666666666664,0.21333333333333337,0.21333333333333337,2.3148148148148153,1.4285714285714286,0.04,-0.3333333333333333,1
ASAP7,OR3X4,OR3x4_ASAP7_6t_L,B,Y,rise,20.0,0.046079999999999996,0.7,25.0,78.2763,1.0,0.37799999999999995,0.37799999999999995,0,1,1,3.044522437723423,0.04504984455370874,2.645502645502646,2.645502645502646,0.12190476190476192,0.12190476190476192,0.12190476190476192,2.645502645502646,1.4285714285714286,0.04,0.0,1
ASAP7,NAND3X2,NAND3x2_ASAP7_6t_L,B,Y,fall,10.0,0.09215999999999999,0.7,25.0,159.627,0.33333333333333326,0.324,0.9720000000000002,0,1,1,2.3978952727983707,0.08815738673620516,3.0864197530864197,1.0288065843621397,0.2844444444444444,0.09481481481481478,0.09481481481481478,1.0288065843621397,1.4285714285714286,0.04,-0.5,1
ASAP7,OR4X2,OR4x2_ASAP7_6t_L,B,Y,rise,320.0,0.0057599999999999995,0.7,25.0,39.8637,1.3333333333333335,0.216,0.162,0,1,1,5.771441123130016,0.005743474627065725,4.62962962962963,6.172839506172839,0.026666666666666665,0.03555555555555555,0.026666666666666665,4.62962962962963,1.4285714285714286,0.04,0.14285714285714285,1
ASAP7,NAND3X1,NAND3x1_ASAP7_6t_L,B,Y,fall,40.0,0.0028799999999999997,0.7,25.0,20.1174,0.3333333333333333,0.162,0.486,0,1,1,3.713572066704308,0.002875860745464264,6.172839506172839,2.05761316872428,0.017777777777777774,0.005925925925925926,0.005925925925925926,2.05761316872428,1.4285714285714286,0.04,-0.4999999999999999,1
ASAP7,AND4X1,AND4x1_ASAP7_6t_L,C,Y,fall,20.0,0.011519999999999999,0.7,25.0,63.9543,1.0,0.27,0.27,0,1,1,3.044522437723423,0.011454150045115854,3.7037037037037033,3.7037037037037033,0.04266666666666666,0.04266666666666666,0.04266666666666666,3.7037037037037033,1.4285714285714286,0.04,0.0,1
ASAP7,NAND2X2,NAND2x2_ASAP7_6t_L,B,Y,rise,5.0,0.0028799999999999997,0.7,25.0,12.4485,0.5000000000000001,0.216,0.43199999999999994,0,1,1,1.791759469228055,0.002875860745464264,4.62962962962963,2.3148148148148153,0.013333333333333332,0.006666666666666668,0.013333333333333332,4.62962962962963,1.4285714285714286,0.04,-0.3333333333333333,1
ASAP7,NAND3X2,NAND3x2_ASAP7_6t_L,A,Y,rise,160.0,0.046079999999999996,0.7,25.0,171.578,0.33333333333333326,0.324,0.9720000000000002,0,1,1,5.081404364984463,0.04504984455370874,3.0864197530864197,1.0288065843621397,0.1422222222222222,0.04740740740740739,0.1422222222222222,3.0864197530864197,1.4285714285714286,0.04,-0.5,1
ASAP7,XOR2X2,XOR2x2_ASAP7_6t_L,A,Y,rise,5.0,0.0014399999999999999,0.7,25.0,24.3796,1.0,0.37799999999999995,0.37799999999999995,0,1,1,1.791759469228055,0.0014389641942542826,2.645502645502646,2.645502645502646,0.00380952380952381,0.00380952380952381,0.00380952380952381,2.645502645502646,1.4285714285714286,0.04,0.0,1
ASAP7,OR2X2,OR2x2_ASAP7_6t_L,B,Y,fall,10.0,0.023039999999999998,0.7,25.0,67.5245,1.3333333333333335,0.216,0.162,0,1,1,2.3978952727983707,0.022778586889339574,4.62962962962963,6.172839506172839,0.10666666666666666,0.1422222222222222,0.1422222222222222,6.172839506172839,1.4285714285714286,0.04,0.14285714285714285,1
ASAP7,AND3X4,AND3x4_ASAP7_6t_L,A,Y,rise,5.0,0.09215999999999999,0.7,25.0,135.814,0.7,0.37799999999999995,0.54,0,1,1,1.791759469228055,0.08815738673620516,2.645502645502646,1.8518518518518516,0.24380952380952384,0.17066666666666663,0.24380952380952384,2.645502645502646,1.4285714285714286,0.04,-0.17647058823529424,1
ASAP7,OR4X1,OR4x1_ASAP7_6t_L,A,Y,rise,20.0,0.011519999999999999,0.7,25.0,69.8188,1.0,0.27,0.27,0,1,1,3.044522437723423,0.011454150045115854,3.7037037037037033,3.7037037037037033,0.04266666666666666,0.04266666666666666,0.04266666666666666,3.7037037037037033,1.4285714285714286,0.04,0.0,1
ASAP7,NAND3X1,NAND3x1_ASAP7_6t_L,B,Y,fall,5.0,0.046079999999999996,0.7,25.0,157.682,0.3333333333333333,0.162,0.486,0,1,1,1.791759469228055,0.04504984455370874,6.172839506172839,2.05761316872428,0.2844444444444444,0.09481481481481481,0.09481481481481481,2.05761316872428,1.4285714285714286,0.04,-0.4999999999999999,1
ASAP7,INVX4,INVx4_ASAP7_6t_L,A,Y,fall,160.0,0.011519999999999999,0.7,25.0,36.9613,1.0,0.216,0.216,1,1,1,5.081404364984463,0.011454150045115854,4.62962962962963,4.62962962962963,0.05333333333333333,0.05333333333333333,0.05333333333333333,4.62962962962963,1.4285714285714286,0.04,0.0,1
ASAP7,AND3X1,AND3x1_ASAP7_6t_L,B,Y,fall,5.0,0.0014399999999999999,0.7,25.0,17.1812,1.0,0.216,0.216,0,1,1,1.791759469228055,0.0014389641942542826,4.62962962962963,4.62962962962963,0.006666666666666666,0.006666666666666666,0.006666666666666666,4.62962962962963,1.4285714285714286,0.04,0.0,1
ASAP7,NOR3X1,NOR3x1_ASAP7_6t_L,B,Y,fall,80.0,0.0057599999999999995,0.7,25.0,52.12,3.0,0.486,0.162,0,1,1,4.394449154672439,0.005743474627065725,2.05761316872428,6.172839506172839,0.011851851851851851,0.03555555555555555,0.03555555555555555,6.172839506172839,1.4285714285714286,0.04,0.4999999999999999,1
ASAP7,NAND3X2,NAND3x2_ASAP7_6t_L,A,Y,fall,80.0,0.011519999999999999,0.7,25.0,39.4957,0.33333333333333326,0.324,0.9720000000000002,0,1,1,4.394449154672439,0.011454150045115854,3.0864197530864197,1.0288065843621397,0.03555555555555555,0.011851851851851848,0.011851851851851848,1.0288065843621397,1.4285714285714286,0.04,-0.5,1
ASAP7,OR3X4,OR3x4_ASAP7_6t_L,A,Y,rise,10.0,0.023039999999999998,0.7,25.0,46.7467,1.0,0.37799999999999995,0.37799999999999995,0,1,1,2.3978952727983707,0.022778586889339574,2.645502645502646,2.645502645502646,0.06095238095238096,0.06095238095238096,0.06095238095238096,2.645502645502646,1.4285714285714286,0.04,0.0,1
ASAP7,NAND2X1,NAND2x1_ASAP7_6t_L,A,Y,fall,80.0,0.046079999999999996,0.7,25.0,176.13,0.5,0.108,0.216,0,1,1,4.394449154672439,0.04504984455370874,9.25925925925926,4.62962962962963,0.42666666666666664,0.21333333333333332,0.21333333333333332,4.62962962962963,1.4285714285714286,0.04,-0.3333333333333333,1
ASAP7,AND2X2,AND2x2_ASAP7_6t_L,B,Y,fall,80.0,0.023039999999999998,0.7,25.0,85.6179,0.75,0.162,0.216,0,1,1,4.394449154672439,0.022778586889339574,6.172839506172839,4.62962962962963,0.1422222222222222,0.10666666666666666,0.10666666666666666,4.62962962962963,1.4285714285714286,0.04,-0.14285714285714285,1
ASAP7,NOR2X1,NOR2x1_ASAP7_6t_L,B,Y,fall,320.0,0.0014399999999999999,0.7,25.0,36.2099,2.0,0.216,0.108,0,1,1,5.771441123130016,0.0014389641942542826,4.62962962962963,9.25925925925926,0.006666666666666666,0.013333333333333332,0.013333333333333332,9.25925925925926,1.4285714285714286,0.04,0.3333333333333333,1
ASAP7,NOR2X1,NOR2x1_ASAP7_6t_L,A,Y,rise,320.0,0.0057599999999999995,0.7,25.0,69.9876,2.0,0.216,0.108,0,1,1,5.771441123130016,0.005743474627065725,4.62962962962963,9.25925925925926,0.026666666666666665,0.05333333333333333,0.026666666666666665,4.62962962962963,1.4285714285714286,0.04,0.3333333333333333,1
ASAP7,AND4X2,AND4x2_ASAP7_6t_L,A,Y,fall,80.0,0.011519999999999999,0.7,25.0,51.0473,1.0,0.324,0.324,0,1,1,4.394449154672439,0.011454150045115854,3.0864197530864197,3.0864197530864197,0.03555555555555555,0.03555555555555555,0.03555555555555555,3.0864197530864197,1.4285714285714286,0.04,0.0,1
ASAP7,OR4X2,OR4x2_ASAP7_6t_L,C,Y,rise,320.0,0.0028799999999999997,0.7,25.0,35.4783,1.3333333333333335,0.216,0.162,0,1,1,5.771441123130016,0.002875860745464264,4.62962962962963,6.172839506172839,0.013333333333333332,0.017777777777777774,0.013333333333333332,4.62962962962963,1.4285714285714286,0.04,0.14285714285714285,1
ASAP7,OR2X4,OR2x4_ASAP7_6t_L,A,Y,fall,5.0,0.046079999999999996,0.7,25.0,78.5381,1.0,0.324,0.324,0,1,1,1.791759469228055,0.04504984455370874,3.0864197530864197,3.0864197530864197,0.1422222222222222,0.1422222222222222,0.1422222222222222,3.0864197530864197,1.4285714285714286,0.04,0.0,1
ASAP7,OR4X2,OR4x2_ASAP7_6t_L,D,Y,fall,160.0,0.023039999999999998,0.7,25.0,108.041,1.3333333333333335,0.216,0.162,0,1,1,5.081404364984463,0.022778586889339574,4.62962962962963,6.172839506172839,0.10666666666666666,0.1422222222222222,0.1422222222222222,6.172839506172839,1.4285714285714286,0.04,0.14285714285714285,1
ASAP7,XOR2X2,XOR2x2_ASAP7_6t_L,A,Y,fall,160.0,0.0014399999999999999,0.7,25.0,37.2534,1.0,0.37799999999999995,0.37799999999999995,0,1,1,5.081404364984463,0.0014389641942542826,2.645502645502646,2.645502645502646,0.00380952380952381,0.00380952380952381,0.00380952380952381,2.645502645502646,1.4285714285714286,0.04,0.0,1
ASAP7,AND4X1,AND4x1_ASAP7_6t_L,D,Y,fall,40.0,0.011519999999999999,0.7,25.0,68.9709,1.0,0.27,0.27,0,1,1,3.713572066704308,0.011454150045115854,3.7037037037037033,3.7037037037037033,0.04266666666666666,0.04266666666666666,0.04266666666666666,3.7037037037037033,1.4285714285714286,0.04,0.0,1
ASAP7,AND3X2,AND3x2_ASAP7_6t_L,B,Y,fall,320.0,0.0014399999999999999,0.7,25.0,48.3731,1.0,0.27,0.27,0,1,1,5.771441123130016,0.0014389641942542826,3.7037037037037033,3.7037037037037033,0.005333333333333332,0.005333333333333332,0.005333333333333332,3.7037037037037033,1.4285714285714286,0.04,0.0,1
ASAP7,OR2X2,OR2x2_ASAP7_6t_L,B,Y,fall,80.0,0.0028799999999999997,0.7,25.0,37.6611,1.3333333333333335,0.216,0.162,0,1,1,4.394449154672439,0.002875860745464264,4.62962962962963,6.172839506172839,0.013333333333333332,0.017777777777777774,0.017777777777777774,6.172839506172839,1.4285714285714286,0.04,0.14285714285714285,1
ASAP7,OR3X1,OR3x1_ASAP7_6t_L,C,Y,rise,320.0,0.046079999999999996,0.7,25.0,251.986,1.0,0.216,0.216,0,1,1,5.771441123130016,0.04504984455370874,4.62962962962963,4.62962962962963,0.21333333333333332,0.21333333333333332,0.21333333333333332,4.62962962962963,1.4285714285714286,0.04,0.0,1
ASAP7,NAND2X1,NAND2x1_ASAP7_6t_L,A,Y,rise,20.0,0.0007199999999999999,0.7,25.0,14.8406,0.5,0.108,0.216,0,1,1,3.044522437723423,0.0007197409243488539,9.25925925925926,4.62962962962963,0.006666666666666666,0.003333333333333333,0.006666666666666666,9.25925925925926,1.4285714285714286,0.04,-0.3333333333333333,1
ASAP7,OR3X1,OR3x1_ASAP7_6t_L,C,Y,fall,10.0,0.0014399999999999999,0.7,25.0,29.7484,1.0,0.216,0.216,0,1,1,2.3978952727983707,0.0014389641942542826,4.62962962962963,4.62962962962963,0.006666666666666666,0.006666666666666666,0.006666666666666666,4.62962962962963,1.4285714285714286,0.04,0.0,1
ASAP7,OR4X1,OR4x1_ASAP7_6t_L,D,Y,rise,20.0,0.023039999999999998,0.7,25.0,128.374,1.0,0.27,0.27,0,1,1,3.044522437723423,0.022778586889339574,3.7037037037037033,3.7037037037037033,0.08533333333333332,0.08533333333333332,0.08533333333333332,3.7037037037037033,1.4285714285714286,0.04,0.0,1
ASAP7,NOR2X2,NOR2x2_ASAP7_6t_L,A,Y,fall,80.0,0.0057599999999999995,0.7,25.0,34.7774,1.9999999999999998,0.43199999999999994,0.216,0,1,1,4.394449154672439,0.005743474627065725,2.3148148148148153,4.62962962962963,0.013333333333333336,0.026666666666666665,0.026666666666666665,4.62962962962963,1.4285714285714286,0.04,0.3333333333333333,1
ASAP7,OR4X1,OR4x1_ASAP7_6t_L,B,Y,rise,5.0,0.023039999999999998,0.7,25.0,123.74,1.0,0.27,0.27,0,1,1,1.791759469228055,0.022778586889339574,3.7037037037037033,3.7037037037037033,0.08533333333333332,0.08533333333333332,0.08533333333333332,3.7037037037037033,1.4285714285714286,0.04,0.0,1
ASAP7,NAND2X1,NAND2x1_ASAP7_6t_L,B,Y,rise,5.0,0.0007199999999999999,0.7,25.0,8.62004,0.5,0.108,0.216,0,1,1,1.791759469228055,0.0007197409243488539,9.25925925925926,4.62962962962963,0.006666666666666666,0.003333333333333333,0.006666666666666666,9.25925925925926,1.4285714285714286,0.04,-0.3333333333333333,1
ASAP7,AND3X4,AND3x4_ASAP7_6t_L,B,Y,fall,40.0,0.09215999999999999,0.7,25.0,128.163,0.7,0.37799999999999995,0.54,0,1,1,3.713572066704308,0.08815738673620516,2.645502645502646,1.8518518518518516,0.24380952380952384,0.17066666666666663,0.17066666666666663,1.8518518518518516,1.4285714285714286,0.04,-0.17647058823529424,1
ASAP7,OR3X4,OR3x4_ASAP7_6t_L,B,Y,rise,20.0,0.09215999999999999,0.7,25.0,135.625,1.0,0.37799999999999995,0.37799999999999995,0,1,1,3.044522437723423,0.08815738673620516,2.645502645502646,2.645502645502646,0.24380952380952384,0.24380952380952384,0.24380952380952384,2.645502645502646,1.4285714285714286,0.04,0.0,1
ASAP7,AND2X2,AND2x2_ASAP7_6t_L,A,Y,fall,20.0,0.011519999999999999,0.7,25.0,49.1479,0.75,0.162,0.216,0,1,1,3.044522437723423,0.011454150045115854,6.172839506172839,4.62962962962963,0.0711111111111111,0.05333333333333333,0.05333333333333333,4.62962962962963,1.4285714285714286,0.04,-0.14285714285714285,1
ASAP7,NOR2X1,NOR2x1_ASAP7_6t_L,A,Y,fall,5.0,0.0057599999999999995,0.7,25.0,29.7598,2.0,0.216,0.108,0,1,1,1.791759469228055,0.005743474627065725,4.62962962962963,9.25925925925926,0.026666666666666665,0.05333333333333333,0.05333333333333333,9.25925925925926,1.4285714285714286,0.04,0.3333333333333333,1
ASAP7,OR3X1,OR3x1_ASAP7_6t_L,B,Y,fall,80.0,0.0028799999999999997,0.7,25.0,47.9157,1.0,0.216,0.216,0,1,1,4.394449154672439,0.002875860745464264,4.62962962962963,4.62962962962963,0.013333333333333332,0.013333333333333332,0.013333333333333332,4.62962962962963,1.4285714285714286,0.04,0.0,1
ASAP7,NOR2X2,NOR2x2_ASAP7_6t_L,A,Y,rise,160.0,0.0028799999999999997,0.7,25.0,25.9203,1.9999999999999998,0.43199999999999994,0.216,0,1,1,5.081404364984463,0.002875860745464264,2.3148148148148153,4.62962962962963,0.006666666666666668,0.013333333333333332,0.006666666666666668,2.3148148148148153,1.4285714285714286,0.04,0.3333333333333333,1
ASAP7,NOR3X1,NOR3x1_ASAP7_6t_L,A,Y,rise,80.0,0.046079999999999996,0.7,25.0,237.459,3.0,0.486,0.162,0,1,1,4.394449154672439,0.04504984455370874,2.05761316872428,6.172839506172839,0.09481481481481481,0.2844444444444444,0.09481481481481481,2.05761316872428,1.4285714285714286,0.04,0.4999999999999999,1
ASAP7,OR4X2,OR4x2_ASAP7_6t_L,C,Y,rise,40.0,0.046079999999999996,0.7,25.0,133.561,1.3333333333333335,0.216,0.162,0,1,1,3.713572066704308,0.04504984455370874,4.62962962962963,6.172839506172839,0.21333333333333332,0.2844444444444444,0.21333333333333332,4.62962962962963,1.4285714285714286,0.04,0.14285714285714285,1
ASAP7,AND2X4,AND2x4_ASAP7_6t_L,B,Y,fall,80.0,0.0028799999999999997,0.7,25.0,26.5188,1.0,0.43199999999999994,0.43199999999999994,0,1,1,4.394449154672439,0.002875860745464264,2.3148148148148153,2.3148148148148153,0.006666666666666668,0.006666666666666668,0.006666666666666668,2.3148148148148153,1.4285714285714286,0.04,0.0,1
ASAP7,OR3X2,OR3x2_ASAP7_6t_L,B,Y,fall,10.0,0.0057599999999999995,0.7,25.0,42.7925,1.0,0.27,0.27,0,1,1,2.3978952727983707,0.005743474627065725,3.7037037037037033,3.7037037037037033,0.02133333333333333,0.02133333333333333,0.02133333333333333,3.7037037037037033,1.4285714285714286,0.04,0.0,1
ASAP7,INVX4,INVx4_ASAP7_6t_L,A,Y,rise,320.0,0.023039999999999998,0.7,25.0,96.5311,1.0,0.216,0.216,1,1,1,5.771441123130016,0.022778586889339574,4.62962962962963,4.62962962962963,0.10666666666666666,0.10666666666666666,0.10666666666666666,4.62962962962963,1.4285714285714286,0.04,0.0,1
ASAP7,NAND2X1,NAND2x1_ASAP7_6t_L,A,Y,rise,10.0,0.0028799999999999997,0.7,25.0,22.5784,0.5,0.108,0.216,0,1,1,2.3978952727983707,0.002875860745464264,9.25925925925926,4.62962962962963,0.026666666666666665,0.013333333333333332,0.026666666666666665,9.25925925925926,1.4285714285714286,0.04,-0.3333333333333333,1
ASAP7,AND4X1,AND4x1_ASAP7_6t_L,D,Y,rise,80.0,0.0028799999999999997,0.7,25.0,43.3748,1.0,0.27,0.27,0,1,1,4.394449154672439,0.002875860745464264,3.7037037037037033,3.7037037037037033,0.010666666666666665,0.010666666666666665,0.010666666666666665,3.7037037037037033,1.4285714285714286,0.04,0.0,1
ASAP7,AND2X4,AND2x4_ASAP7_6t_L,B,Y,rise,320.0,0.023039999999999998,0.7,25.0,70.602,1.0,0.43199999999999994,0.43199999999999994,0,1,1,5.771441123130016,0.022778586889339574,2.3148148148148153,2.3148148148148153,0.053333333333333344,0.053333333333333344,0.053333333333333344,2.3148148148148153,1.4285714285714286,0.04,0.0,1
ASAP7,OR3X4,OR3x4_ASAP7_6t_L,B,Y,fall,320.0,0.011519999999999999,0.7,25.0,106.272,1.0,0.37799999999999995,0.37799999999999995,0,1,1,5.771441123130016,0.011454150045115854,2.645502645502646,2.645502645502646,0.03047619047619048,0.03047619047619048,0.03047619047619048,2.645502645502646,1.4285714285714286,0.04,0.0,1
ASAP7,AND4X1,AND4x1_ASAP7_6t_L,D,Y,fall,320.0,0.0057599999999999995,0.7,25.0,72.3788,1.0,0.27,0.27,0,1,1,5.771441123130016,0.005743474627065725,3.7037037037037033,3.7037037037037033,0.02133333333333333,0.02133333333333333,0.02133333333333333,3.7037037037037033,1.4285714285714286,0.04,0.0,1
ASAP7,OR4X2,OR4x2_ASAP7_6t_L,A,Y,rise,5.0,0.0014399999999999999,0.7,25.0,14.8175,1.3333333333333335,0.216,0.162,0,1,1,1.791759469228055,0.0014389641942542826,4.62962962962963,6.172839506172839,0.006666666666666666,0.008888888888888887,0.006666666666666666,4.62962962962963,1.4285714285714286,0.04,0.14285714285714285,1
ASAP7,OR3X1,OR3x1_ASAP7_6t_L,A,Y,fall,80.0,0.023039999999999998,0.7,25.0,135.188,1.0,0.216,0.216,0,1,1,4.394449154672439,0.022778586889339574,4.62962962962963,4.62962962962963,0.10666666666666666,0.10666666666666666,0.10666666666666666,4.62962962962963,1.4285714285714286,0.04,0.0,1
ASAP7,NOR2X2,NOR2x2_ASAP7_6t_L,B,Y,rise,320.0,0.0028799999999999997,0.7,25.0,40.9388,1.9999999999999998,0.43199999999999994,0.216,0,1,1,5.771441123130016,0.002875860745464264,2.3148148148148153,4.62962962962963,0.006666666666666668,0.013333333333333332,0.006666666666666668,2.3148148148148153,1.4285714285714286,0.04,0.3333333333333333,1
ASAP7,AND3X2,AND3x2_ASAP7_6t_L,C,Y,rise,80.0,0.023039999999999998,0.7,25.0,87.8179,1.0,0.27,0.27,0,1,1,4.394449154672439,0.022778586889339574,3.7037037037037033,3.7037037037037033,0.08533333333333332,0.08533333333333332,0.08533333333333332,3.7037037037037033,1.4285714285714286,0.04,0.0,1
ASAP7,OR4X1,OR4x1_ASAP7_6t_L,D,Y,rise,80.0,0.0057599999999999995,0.7,25.0,49.3591,1.0,0.27,0.27,0,1,1,4.394449154672439,0.005743474627065725,3.7037037037037033,3.7037037037037033,0.02133333333333333,0.02133333333333333,0.02133333333333333,3.7037037037037033,1.4285714285714286,0.04,0.0,1
ASAP7,OR4X2,OR4x2_ASAP7_6t_L,A,Y,rise,5.0,0.0028799999999999997,0.7,25.0,18.6738,1.3333333333333335,0.216,0.162,0,1,1,1.791759469228055,0.002875860745464264,4.62962962962963,6.172839506172839,0.013333333333333332,0.017777777777777774,0.013333333333333332,4.62962962962963,1.4285714285714286,0.04,0.14285714285714285,1
ASAP7,INVX2,INVx2_ASAP7_6t_L,A,Y,fall,80.0,0.023039999999999998,0.7,25.0,72.038,1.0,0.108,0.108,1,1,1,4.394449154672439,0.022778586889339574,9.25925925925926,9.25925925925926,0.21333333333333332,0.21333333333333332,0.21333333333333332,9.25925925925926,1.4285714285714286,0.04,0.0,1
ASAP7,AND3X4,AND3x4_ASAP7_6t_L,A,Y,fall,40.0,0.0057599999999999995,0.7,25.0,34.9429,0.7,0.37799999999999995,0.54,0,1,1,3.713572066704308,0.005743474627065725,2.645502645502646,1.8518518518518516,0.01523809523809524,0.010666666666666665,0.010666666666666665,1.8518518518518516,1.4285714285714286,0.04,-0.17647058823529424,1
ASAP7,OR3X4,OR3x4_ASAP7_6t_L,A,Y,rise,40.0,0.09215999999999999,0.7,25.0,139.439,1.0,0.37799999999999995,0.37799999999999995,0,1,1,3.713572066704308,0.08815738673620516,2.645502645502646,2.645502645502646,0.24380952380952384,0.24380952380952384,0.24380952380952384,2.645502645502646,1.4285714285714286,0.04,0.0,1
ASAP7,NAND3X2,NAND3x2_ASAP7_6t_L,A,Y,rise,5.0,0.046079999999999996,0.7,25.0,121.924,0.33333333333333326,0.324,0.9720000000000002,0,1,1,1.791759469228055,0.04504984455370874,3.0864197530864197,1.0288065843621397,0.1422222222222222,0.04740740740740739,0.1422222222222222,3.0864197530864197,1.4285714285714286,0.04,-0.5,1
ASAP7,AND4X2,AND4x2_ASAP7_6t_L,C,Y,rise,160.0,0.0057599999999999995,0.7,25.0,59.1562,1.0,0.324,0.324,0,1,1,5.081404364984463,0.005743474627065725,3.0864197530864197,3.0864197530864197,0.017777777777777774,0.017777777777777774,0.017777777777777774,3.0864197530864197,1.4285714285714286,0.04,0.0,1
ASAP7,NAND2X1,NAND2x1_ASAP7_6t_L,B,Y,rise,5.0,0.011519999999999999,0.7,25.0,62.1908,0.5,0.108,0.216,0,1,1,1.791759469228055,0.011454150045115854,9.25925925925926,4.62962962962963,0.10666666666666666,0.05333333333333333,0.10666666666666666,9.25925925925926,1.4285714285714286,0.04,-0.3333333333333333,1
ASAP7,NOR2X1,NOR2x1_ASAP7_6t_L,B,Y,rise,160.0,0.011519999999999999,0.7,25.0,100.999,2.0,0.216,0.108,0,1,1,5.081404364984463,0.011454150045115854,4.62962962962963,9.25925925925926,0.05333333333333333,0.10666666666666666,0.05333333333333333,4.62962962962963,1.4285714285714286,0.04,0.3333333333333333,1
ASAP7,INVX2,INVx2_ASAP7_6t_L,A,Y,fall,80.0,0.0014399999999999999,0.7,25.0,12.7416,1.0,0.108,0.108,1,1,1,4.394449154672439,0.0014389641942542826,9.25925925925926,9.25925925925926,0.013333333333333332,0.013333333333333332,0.013333333333333332,9.25925925925926,1.4285714285714286,0.04,0.0,1
ASAP7,NOR2X1,NOR2x1_ASAP7_6t_L,A,Y,fall,10.0,0.0028799999999999997,0.7,25.0,19.2163,2.0,0.216,0.108,0,1,1,2.3978952727983707,0.002875860745464264,4.62962962962963,9.25925925925926,0.013333333333333332,0.026666666666666665,0.026666666666666665,9.25925925925926,1.4285714285714286,0.04,0.3333333333333333,1
ASAP7,AND4X1,AND4x1_ASAP7_6t_L,B,Y,rise,160.0,0.0028799999999999997,0.7,25.0,55.9323,1.0,0.27,0.27,0,1,1,5.081404364984463,0.002875860745464264,3.7037037037037033,3.7037037037037033,0.010666666666666665,0.010666666666666665,0.010666666666666665,3.7037037037037033,1.4285714285714286,0.04,0.0,1
ASAP7,BUFX8,BUFx8_ASAP7_6t_L,A,Y,fall,5.0,0.023039999999999998,0.7,25.0,28.2553,1.0,0.54,0.54,0,1,1,1.791759469228055,0.022778586889339574,1.8518518518518516,1.8518518518518516,0.04266666666666666,0.04266666666666666,0.04266666666666666,1.8518518518518516,1.4285714285714286,0.04,0.0,1
ASAP7,AND3X2,AND3x2_ASAP7_6t_L,B,Y,rise,10.0,0.0014399999999999999,0.7,25.0,26.0085,1.0,0.27,0.27,0,1,1,2.3978952727983707,0.0014389641942542826,3.7037037037037033,3.7037037037037033,0.005333333333333332,0.005333333333333332,0.005333333333333332,3.7037037037037033,1.4285714285714286,0.04,0.0,1
ASAP7,AND4X1,AND4x1_ASAP7_6t_L,D,Y,rise,160.0,0.0028799999999999997,0.7,25.0,46.462,1.0,0.27,0.27,0,1,1,5.081404364984463,0.002875860745464264,3.7037037037037033,3.7037037037037033,0.010666666666666665,0.010666666666666665,0.010666666666666665,3.7037037037037033,1.4285714285714286,0.04,0.0,1
ASAP7,XOR2X2,XOR2x2_ASAP7_6t_L,B,Y,fall,320.0,0.011519999999999999,0.7,25.0,56.4105,1.0,0.37799999999999995,0.37799999999999995,0,1,1,5.771441123130016,0.011454150045115854,2.645502645502646,2.645502645502646,0.03047619047619048,0.03047619047619048,0.03047619047619048,2.645502645502646,1.4285714285714286,0.04,0.0,1
ASAP7,NOR3X2,NOR3x2_ASAP7_6t_L,A,Y,rise,20.0,0.09215999999999999,0.7,25.0,223.7,3.0000000000000004,0.9720000000000002,0.324,0,1,1,3.044522437723423,0.08815738673620516,1.0288065843621397,3.0864197530864197,0.09481481481481478,0.2844444444444444,0.09481481481481478,1.0288065843621397,1.4285714285714286,0.04,0.5,1
ASAP7,AND4X1,AND4x1_ASAP7_6t_L,B,Y,rise,160.0,0.0014399999999999999,0.7,25.0,47.5461,1.0,0.27,0.27,0,1,1,5.081404364984463,0.0014389641942542826,3.7037037037037033,3.7037037037037033,0.005333333333333332,0.005333333333333332,0.005333333333333332,3.7037037037037033,1.4285714285714286,0.04,0.0,1
ASAP7,OR4X2,OR4x2_ASAP7_6t_L,C,Y,fall,20.0,0.0014399999999999999,0.7,25.0,40.5502,1.3333333333333335,0.216,0.162,0,1,1,3.044522437723423,0.0014389641942542826,4.62962962962963,6.172839506172839,0.006666666666666666,0.008888888888888887,0.008888888888888887,6.172839506172839,1.4285714285714286,0.04,0.14285714285714285,1
ASAP7,XOR2X2,XOR2x2_ASAP7_6t_L,B,Y,fall,80.0,0.0028799999999999997,0.7,25.0,41.6126,1.0,0.37799999999999995,0.37799999999999995,0,1,1,4.394449154672439,0.002875860745464264,2.645502645502646,2.645502645502646,0.00761904761904762,0.00761904761904762,0.00761904761904762,2.645502645502646,1.4285714285714286,0.04,0.0,1
ASAP7,OR4X2,OR4x2_ASAP7_6t_L,B,Y,fall,160.0,0.0014399999999999999,0.7,25.0,64.527,1.3333333333333335,0.216,0.162,0,1,1,5.081404364984463,0.0014389641942542826,4.62962962962963,6.172839506172839,0.006666666666666666,0.008888888888888887,0.008888888888888887,6.172839506172839,1.4285714285714286,0.04,0.14285714285714285,1
ASAP7,BUFX8,BUFx8_ASAP7_6t_L,A,Y,rise,80.0,0.09215999999999999,0.7,25.0,84.7275,1.0,0.54,0.54,0,1,1,4.394449154672439,0.08815738673620516,1.8518518518518516,1.8518518518518516,0.17066666666666663,0.17066666666666663,0.17066666666666663,1.8518518518518516,1.4285714285714286,0.04,0.0,1
ASAP7,NOR3X2,NOR3x2_ASAP7_6t_L,A,Y,rise,160.0,0.011519999999999999,0.7,25.0,63.7638,3.0000000000000004,0.9720000000000002,0.324,0,1,1,5.081404364984463,0.011454150045115854,1.0288065843621397,3.0864197530864197,0.011851851851851848,0.03555555555555555,0.011851851851851848,1.0288065843621397,1.4285714285714286,0.04,0.5,1
ASAP7,BUFX2,BUFx2_ASAP7_6t_L,A,Y,rise,20.0,0.011519999999999999,0.7,25.0,48.2404,1.0,0.135,0.135,0,1,1,3.044522437723423,0.011454150045115854,7.4074074074074066,7.4074074074074066,0.08533333333333332,0.08533333333333332,0.08533333333333332,7.4074074074074066,1.4285714285714286,0.04,0.0,1
ASAP7,AND3X1,AND3x1_ASAP7_6t_L,C,Y,rise,80.0,0.0007199999999999999,0.7,25.0,25.9972,1.0,0.216,0.216,0,1,1,4.394449154672439,0.0007197409243488539,4.62962962962963,4.62962962962963,0.003333333333333333,0.003333333333333333,0.003333333333333333,4.62962962962963,1.4285714285714286,0.04,0.0,1
ASAP7,OR4X2,OR4x2_ASAP7_6t_L,D,Y,fall,20.0,0.023039999999999998,0.7,25.0,93.1905,1.3333333333333335,0.216,0.162,0,1,1,3.044522437723423,0.022778586889339574,4.62962962962963,6.172839506172839,0.10666666666666666,0.1422222222222222,0.1422222222222222,6.172839506172839,1.4285714285714286,0.04,0.14285714285714285,1
ASAP7,OR3X1,OR3x1_ASAP7_6t_L,A,Y,fall,10.0,0.0057599999999999995,0.7,25.0,48.5213,1.0,0.216,0.216,0,1,1,2.3978952727983707,0.005743474627065725,4.62962962962963,4.62962962962963,0.026666666666666665,0.026666666666666665,0.026666666666666665,4.62962962962963,1.4285714285714286,0.04,0.0,1
ASAP7,OR4X1,OR4x1_ASAP7_6t_L,B,Y,fall,80.0,0.046079999999999996,0.7,25.0,235.232,1.0,0.27,0.27,0,1,1,4.394449154672439,0.04504984455370874,3.7037037037037033,3.7037037037037033,0.17066666666666663,0.17066666666666663,0.17066666666666663,3.7037037037037033,1.4285714285714286,0.04,0.0,1
ASAP7,AND2X2,AND2x2_ASAP7_6t_L,A,Y,rise,40.0,0.046079999999999996,0.7,25.0,133.59,0.75,0.162,0.216,0,1,1,3.713572066704308,0.04504984455370874,6.172839506172839,4.62962962962963,0.2844444444444444,0.21333333333333332,0.2844444444444444,6.172839506172839,1.4285714285714286,0.04,-0.14285714285714285,1
ASAP7,AND3X4,AND3x4_ASAP7_6t_L,A,Y,fall,80.0,0.0057599999999999995,0.7,25.0,43.0879,0.7,0.37799999999999995,0.54,0,1,1,4.394449154672439,0.005743474627065725,2.645502645502646,1.8518518518518516,0.01523809523809524,0.010666666666666665,0.010666666666666665,1.8518518518518516,1.4285714285714286,0.04,-0.17647058823529424,1
ASAP7,AND4X1,AND4x1_ASAP7_6t_L,C,Y,rise,320.0,0.0014399999999999999,0.7,25.0,51.6429,1.0,0.27,0.27,0,1,1,5.771441123130016,0.0014389641942542826,3.7037037037037033,3.7037037037037033,0.005333333333333332,0.005333333333333332,0.005333333333333332,3.7037037037037033,1.4285714285714286,0.04,0.0,1
ASAP7,AND4X2,AND4x2_ASAP7_6t_L,B,Y,rise,160.0,0.0028799999999999997,0.7,25.0,55.3583,1.0,0.324,0.324,0,1,1,5.081404364984463,0.002875860745464264,3.0864197530864197,3.0864197530864197,0.008888888888888887,0.008888888888888887,0.008888888888888887,3.0864197530864197,1.4285714285714286,0.04,0.0,1
ASAP7,OR3X2,OR3x2_ASAP7_6t_L,B,Y,rise,320.0,0.046079999999999996,0.7,25.0,141.371,1.0,0.27,0.27,0,1,1,5.771441123130016,0.04504984455370874,3.7037037037037033,3.7037037037037033,0.17066666666666663,0.17066666666666663,0.17066666666666663,3.7037037037037033,1.4285714285714286,0.04,0.0,1
ASAP7,AND4X1,AND4x1_ASAP7_6t_L,A,Y,fall,20.0,0.0014399999999999999,0.7,25.0,20.7989,1.0,0.27,0.27,0,1,1,3.044522437723423,0.0014389641942542826,3.7037037037037033,3.7037037037037033,0.005333333333333332,0.005333333333333332,0.005333333333333332,3.7037037037037033,1.4285714285714286,0.04,0.0,1
ASAP7,OR3X2,OR3x2_ASAP7_6t_L,B,Y,rise,5.0,0.0057599999999999995,0.7,25.0,26.3092,1.0,0.27,0.27,0,1,1,1.791759469228055,0.005743474627065725,3.7037037037037033,3.7037037037037033,0.02133333333333333,0.02133333333333333,0.02133333333333333,3.7037037037037033,1.4285714285714286,0.04,0.0,1
ASAP7,AND2X2,AND2x2_ASAP7_6t_L,A,Y,fall,10.0,0.0028799999999999997,0.7,25.0,27.2303,0.75,0.162,0.216,0,1,1,2.3978952727983707,0.002875860745464264,6.172839506172839,4.62962962962963,0.017777777777777774,0.013333333333333332,0.013333333333333332,4.62962962962963,1.4285714285714286,0.04,-0.14285714285714285,1
ASAP7,OR3X2,OR3x2_ASAP7_6t_L,A,Y,fall,320.0,0.023039999999999998,0.7,25.0,134.751,1.0,0.27,0.27,0,1,1,5.771441123130016,0.022778586889339574,3.7037037037037033,3.7037037037037033,0.08533333333333332,0.08533333333333332,0.08533333333333332,3.7037037037037033,1.4285714285714286,0.04,0.0,1
ASAP7,INVX4,INVx4_ASAP7_6t_L,A,Y,fall,5.0,0.046079999999999996,0.7,25.0,50.4598,1.0,0.216,0.216,1,1,1,1.791759469228055,0.04504984455370874,4.62962962962963,4.62962962962963,0.21333333333333332,0.21333333333333332,0.21333333333333332,4.62962962962963,1.4285714285714286,0.04,0.0,1
ASAP7,NOR2X2,NOR2x2_ASAP7_6t_L,A,Y,rise,80.0,0.0028799999999999997,0.7,25.0,21.4338,1.9999999999999998,0.43199999999999994,0.216,0,1,1,4.394449154672439,0.002875860745464264,2.3148148148148153,4.62962962962963,0.006666666666666668,0.013333333333333332,0.006666666666666668,2.3148148148148153,1.4285714285714286,0.04,0.3333333333333333,1
ASAP7,OR4X2,OR4x2_ASAP7_6t_L,B,Y,rise,40.0,0.0028799999999999997,0.7,25.0,26.0617,1.3333333333333335,0.216,0.162,0,1,1,3.713572066704308,0.002875860745464264,4.62962962962963,6.172839506172839,0.013333333333333332,0.017777777777777774,0.013333333333333332,4.62962962962963,1.4285714285714286,0.04,0.14285714285714285,1
ASAP7,OR2X2,OR2x2_ASAP7_6t_L,B,Y,rise,5.0,0.0014399999999999999,0.7,25.0,19.5175,1.3333333333333335,0.216,0.162,0,1,1,1.791759469228055,0.0014389641942542826,4.62962962962963,6.172839506172839,0.006666666666666666,0.008888888888888887,0.006666666666666666,4.62962962962963,1.4285714285714286,0.04,0.14285714285714285,1
ASAP7,AND3X2,AND3x2_ASAP7_6t_L,A,Y,rise,320.0,0.046079999999999996,0.7,25.0,174.717,1.0,0.27,0.27,0,1,1,5.771441123130016,0.04504984455370874,3.7037037037037033,3.7037037037037033,0.17066666666666663,0.17066666666666663,0.17066666666666663,3.7037037037037033,1.4285714285714286,0.04,0.0,1
ASAP7,NAND3X1,NAND3x1_ASAP7_6t_L,A,Y,rise,5.0,0.0057599999999999995,0.7,25.0,35.3825,0.3333333333333333,0.162,0.486,0,1,1,1.791759469228055,0.005743474627065725,6.172839506172839,2.05761316872428,0.03555555555555555,0.011851851851851851,0.03555555555555555,6.172839506172839,1.4285714285714286,0.04,-0.4999999999999999,1
ASAP7,NAND2X1,NAND2x1_ASAP7_6t_L,A,Y,rise,5.0,0.0028799999999999997,0.7,25.0,21.1712,0.5,0.108,0.216,0,1,1,1.791759469228055,0.002875860745464264,9.25925925925926,4.62962962962963,0.026666666666666665,0.013333333333333332,0.026666666666666665,9.25925925925926,1.4285714285714286,0.04,-0.3333333333333333,1
ASAP7,OR3X4,OR3x4_ASAP7_6t_L,A,Y,fall,10.0,0.023039999999999998,0.7,25.0,70.3599,1.0,0.37799999999999995,0.37799999999999995,0,1,1,2.3978952727983707,0.022778586889339574,2.645502645502646,2.645502645502646,0.06095238095238096,0.06095238095238096,0.06095238095238096,2.645502645502646,1.4285714285714286,0.04,0.0,1
ASAP7,NAND2X2,NAND2x2_ASAP7_6t_L,A,Y,rise,40.0,0.046079999999999996,0.7,25.0,131.759,0.5000000000000001,0.216,0.43199999999999994,0,1,1,3.713572066704308,0.04504984455370874,4.62962962962963,2.3148148148148153,0.21333333333333332,0.10666666666666669,0.21333333333333332,4.62962962962963,1.4285714285714286,0.04,-0.3333333333333333,1
ASAP7,BUFX2,BUFx2_ASAP7_6t_L,A,Y,fall,320.0,0.046079999999999996,0.7,25.0,160.496,1.0,0.135,0.135,0,1,1,5.771441123130016,0.04504984455370874,7.4074074074074066,7.4074074074074066,0.34133333333333327,0.34133333333333327,0.34133333333333327,7.4074074074074066,1.4285714285714286,0.04,0.0,1
ASAP7,NOR3X1,NOR3x1_ASAP7_6t_L,A,Y,rise,5.0,0.011519999999999999,0.7,25.0,58.9963,3.0,0.486,0.162,0,1,1,1.791759469228055,0.011454150045115854,2.05761316872428,6.172839506172839,0.023703703703703703,0.0711111111111111,0.023703703703703703,2.05761316872428,1.4285714285714286,0.04,0.4999999999999999,1
ASAP7,AND4X1,AND4x1_ASAP7_6t_L,B,Y,rise,80.0,0.0014399999999999999,0.7,25.0,40.0182,1.0,0.27,0.27,0,1,1,4.394449154672439,0.0014389641942542826,3.7037037037037033,3.7037037037037033,0.005333333333333332,0.005333333333333332,0.005333333333333332,3.7037037037037033,1.4285714285714286,0.04,0.0,1
ASAP7,AND3X2,AND3x2_ASAP7_6t_L,C,Y,fall,320.0,0.09215999999999999,0.7,25.0,243.887,1.0,0.27,0.27,0,1,1,5.771441123130016,0.08815738673620516,3.7037037037037033,3.7037037037037033,0.34133333333333327,0.34133333333333327,0.34133333333333327,3.7037037037037033,1.4285714285714286,0.04,0.0,1
ASAP7,NAND2X1,NAND2x1_ASAP7_6t_L,A,Y,fall,40.0,0.0014399999999999999,0.7,25.0,13.3764,0.5,0.108,0.216,0,1,1,3.713572066704308,0.0014389641942542826,9.25925925925926,4.62962962962963,0.013333333333333332,0.006666666666666666,0.006666666666666666,4.62962962962963,1.4285714285714286,0.04,-0.3333333333333333,1
ASAP7,BUFX4,BUFx4_ASAP7_6t_L,A,Y,fall,10.0,0.011519999999999999,0.7,25.0,30.1178,1.0,0.27,0.27,0,1,1,2.3978952727983707,0.011454150045115854,3.7037037037037033,3.7037037037037033,0.04266666666666666,0.04266666666666666,0.04266666666666666,3.7037037037037033,1.4285714285714286,0.04,0.0,1
ASAP7,OR4X1,OR4x1_ASAP7_6t_L,C,Y,rise,10.0,0.0057599999999999995,0.7,25.0,40.7408,1.0,0.27,0.27,0,1,1,2.3978952727983707,0.005743474627065725,3.7037037037037033,3.7037037037037033,0.02133333333333333,0.02133333333333333,0.02133333333333333,3.7037037037037033,1.4285714285714286,0.04,0.0,1
ASAP7,NOR2X2,NOR2x2_ASAP7_6t_L,A,Y,rise,20.0,0.0028799999999999997,0.7,25.0,15.5063,1.9999999999999998,0.43199999999999994,0.216,0,1,1,3.044522437723423,0.002875860745464264,2.3148148148148153,4.62962962962963,0.006666666666666668,0.013333333333333332,0.006666666666666668,2.3148148148148153,1.4285714285714286,0.04,0.3333333333333333,1
ASAP7,OR3X1,OR3x1_ASAP7_6t_L,C,Y,rise,40.0,0.046079999999999996,0.7,25.0,243.311,1.0,0.216,0.216,0,1,1,3.713572066704308,0.04504984455370874,4.62962962962963,4.62962962962963,0.21333333333333332,0.21333333333333332,0.21333333333333332,4.62962962962963,1.4285714285714286,0.04,0.0,1
ASAP7,AND4X1,AND4x1_ASAP7_6t_L,B,Y,fall,160.0,0.0007199999999999999,0.7,25.0,32.0044,1.0,0.27,0.27,0,1,1,5.081404364984463,0.0007197409243488539,3.7037037037037033,3.7037037037037033,0.002666666666666666,0.002666666666666666,0.002666666666666666,3.7037037037037033,1.4285714285714286,0.04,0.0,1
ASAP7,OR4X1,OR4x1_ASAP7_6t_L,A,Y,rise,20.0,0.023039999999999998,0.7,25.0,126.347,1.0,0.27,0.27,0,1,1,3.044522437723423,0.022778586889339574,3.7037037037037033,3.7037037037037033,0.08533333333333332,0.08533333333333332,0.08533333333333332,3.7037037037037033,1.4285714285714286,0.04,0.0,1
ASAP7,INVX2,INVx2_ASAP7_6t_L,A,Y,rise,80.0,0.046079999999999996,0.7,25.0,140.33,1.0,0.108,0.108,1,1,1,4.394449154672439,0.04504984455370874,9.25925925925926,9.25925925925926,0.42666666666666664,0.42666666666666664,0.42666666666666664,9.25925925925926,1.4285714285714286,0.04,0.0,1
ASAP7,OR2X2,OR2x2_ASAP7_6t_L,A,Y,rise,320.0,0.011519999999999999,0.7,25.0,85.1672,1.3333333333333335,0.216,0.162,0,1,1,5.771441123130016,0.011454150045115854,4.62962962962963,6.172839506172839,0.05333333333333333,0.0711111111111111,0.05333333333333333,4.62962962962963,1.4285714285714286,0.04,0.14285714285714285,1
ASAP7,AND2X2,AND2x2_ASAP7_6t_L,A,Y,fall,80.0,0.0014399999999999999,0.7,25.0,41.2518,0.75,0.162,0.216,0,1,1,4.394449154672439,0.0014389641942542826,6.172839506172839,4.62962962962963,0.008888888888888887,0.006666666666666666,0.006666666666666666,4.62962962962963,1.4285714285714286,0.04,-0.14285714285714285,1
ASAP7,AND3X2,AND3x2_ASAP7_6t_L,A,Y,fall,10.0,0.0057599999999999995,0.7,25.0,26.4433,1.0,0.27,0.27,0,1,1,2.3978952727983707,0.005743474627065725,3.7037037037037033,3.7037037037037033,0.02133333333333333,0.02133333333333333,0.02133333333333333,3.7037037037037033,1.4285714285714286,0.04,0.0,1
ASAP7,INVX2,INVx2_ASAP7_6t_L,A,Y,fall,5.0,0.09215999999999999,0.7,25.0,192.231,1.0,0.108,0.108,1,1,1,1.791759469228055,0.08815738673620516,9.25925925925926,9.25925925925926,0.8533333333333333,0.8533333333333333,0.8533333333333333,9.25925925925926,1.4285714285714286,0.04,0.0,1
ASAP7,XOR2X2,XOR2x2_ASAP7_6t_L,B,Y,rise,160.0,0.011519999999999999,0.7,25.0,71.338,1.0,0.37799999999999995,0.37799999999999995,0,1,1,5.081404364984463,0.011454150045115854,2.645502645502646,2.645502645502646,0.03047619047619048,0.03047619047619048,0.03047619047619048,2.645502645502646,1.4285714285714286,0.04,0.0,1
ASAP7,XOR2X2,XOR2x2_ASAP7_6t_L,A,Y,rise,10.0,0.09215999999999999,0.7,25.0,250.505,1.0,0.37799999999999995,0.37799999999999995,0,1,1,2.3978952727983707,0.08815738673620516,2.645502645502646,2.645502645502646,0.24380952380952384,0.24380952380952384,0.24380952380952384,2.645502645502646,1.4285714285714286,0.04,0.0,1
ASAP7,INVX8,INVx8_ASAP7_6t_L,A,Y,rise,5.0,0.09215999999999999,0.7,25.0,61.158,1.0,0.43199999999999994,0.43199999999999994,1,1,1,1.791759469228055,0.08815738673620516,2.3148148148148153,2.3148148148148153,0.21333333333333337,0.21333333333333337,0.21333333333333337,2.3148148148148153,1.4285714285714286,0.04,0.0,1
ASAP7,OR3X2,OR3x2_ASAP7_6t_L,A,Y,rise,320.0,0.046079999999999996,0.7,25.0,137.443,1.0,0.27,0.27,0,1,1,5.771441123130016,0.04504984455370874,3.7037037037037033,3.7037037037037033,0.17066666666666663,0.17066666666666663,0.17066666666666663,3.7037037037037033,1.4285714285714286,0.04,0.0,1
ASAP7,NOR2X2,NOR2x2_ASAP7_6t_L,B,Y,fall,40.0,0.0028799999999999997,0.7,25.0,18.1867,1.9999999999999998,0.43199999999999994,0.216,0,1,1,3.713572066704308,0.002875860745464264,2.3148148148148153,4.62962962962963,0.006666666666666668,0.013333333333333332,0.013333333333333332,4.62962962962963,1.4285714285714286,0.04,0.3333333333333333,1
ASAP7,OR3X4,OR3x4_ASAP7_6t_L,C,Y,rise,5.0,0.0057599999999999995,0.7,25.0,24.1487,1.0,0.37799999999999995,0.37799999999999995,0,1,1,1.791759469228055,0.005743474627065725,2.645502645502646,2.645502645502646,0.01523809523809524,0.01523809523809524,0.01523809523809524,2.645502645502646,1.4285714285714286,0.04,0.0,1
ASAP7,BUFX4,BUFx4_ASAP7_6t_L,A,Y,rise,80.0,0.09215999999999999,0.7,25.0,141.719,1.0,0.27,0.27,0,1,1,4.394449154672439,0.08815738673620516,3.7037037037037033,3.7037037037037033,0.34133333333333327,0.34133333333333327,0.34133333333333327,3.7037037037037033,1.4285714285714286,0.04,0.0,1
ASAP7,AND2X2,AND2x2_ASAP7_6t_L,B,Y,rise,40.0,0.09215999999999999,0.7,25.0,249.419,0.75,0.162,0.216,0,1,1,3.713572066704308,0.08815738673620516,6.172839506172839,4.62962962962963,0.5688888888888888,0.42666666666666664,0.5688888888888888,6.172839506172839,1.4285714285714286,0.04,-0.14285714285714285,1
ASAP7,XOR2X2,XOR2x2_ASAP7_6t_L,B,Y,fall,320.0,0.0057599999999999995,0.7,25.0,44.3635,1.0,0.37799999999999995,0.37799999999999995,0,1,1,5.771441123130016,0.005743474627065725,2.645502645502646,2.645502645502646,0.01523809523809524,0.01523809523809524,0.01523809523809524,2.645502645502646,1.4285714285714286,0.04,0.0,1
ASAP7,NAND3X2,NAND3x2_ASAP7_6t_L,A,Y,rise,320.0,0.09215999999999999,0.7,25.0,338.104,0.33333333333333326,0.324,0.9720000000000002,0,1,1,5.771441123130016,0.08815738673620516,3.0864197530864197,1.0288065843621397,0.2844444444444444,0.09481481481481478,0.2844444444444444,3.0864197530864197,1.4285714285714286,0.04,-0.5,1
ASAP7,AND2X2,AND2x2_ASAP7_6t_L,A,Y,fall,80.0,0.0028799999999999997,0.7,25.0,45.4275,0.75,0.162,0.216,0,1,1,4.394449154672439,0.002875860745464264,6.172839506172839,4.62962962962963,0.017777777777777774,0.013333333333333332,0.013333333333333332,4.62962962962963,1.4285714285714286,0.04,-0.14285714285714285,1
ASAP7,OR4X1,OR4x1_ASAP7_6t_L,B,Y,rise,40.0,0.0057599999999999995,0.7,25.0,44.7138,1.0,0.27,0.27,0,1,1,3.713572066704308,0.005743474627065725,3.7037037037037033,3.7037037037037033,0.02133333333333333,0.02133333333333333,0.02133333333333333,3.7037037037037033,1.4285714285714286,0.04,0.0,1
ASAP7,NAND2X1,NAND2x1_ASAP7_6t_L,B,Y,rise,40.0,0.0028799999999999997,0.7,25.0,30.3022,0.5,0.108,0.216,0,1,1,3.713572066704308,0.002875860745464264,9.25925925925926,4.62962962962963,0.026666666666666665,0.013333333333333332,0.026666666666666665,9.25925925925926,1.4285714285714286,0.04,-0.3333333333333333,1
ASAP7,AND3X2,AND3x2_ASAP7_6t_L,A,Y,fall,80.0,0.011519999999999999,0.7,25.0,50.9145,1.0,0.27,0.27,0,1,1,4.394449154672439,0.011454150045115854,3.7037037037037033,3.7037037037037033,0.04266666666666666,0.04266666666666666,0.04266666666666666,3.7037037037037033,1.4285714285714286,0.04,0.0,1
ASAP7,XOR2X2,XOR2x2_ASAP7_6t_L,B,Y,rise,40.0,0.0014399999999999999,0.7,25.0,22.291,1.0,0.37799999999999995,0.37799999999999995,0,1,1,3.713572066704308,0.0014389641942542826,2.645502645502646,2.645502645502646,0.00380952380952381,0.00380952380952381,0.00380952380952381,2.645502645502646,1.4285714285714286,0.04,0.0,1
ASAP7,NOR3X2,NOR3x2_ASAP7_6t_L,A,Y,rise,20.0,0.0057599999999999995,0.7,25.0,23.2213,3.0000000000000004,0.9720000000000002,0.324,0,1,1,3.044522437723423,0.005743474627065725,1.0288065843621397,3.0864197530864197,0.005925925925925924,0.017777777777777774,0.005925925925925924,1.0288065843621397,1.4285714285714286,0.04,0.5,1
ASAP7,OR2X2,OR2x2_ASAP7_6t_L,A,Y,fall,10.0,0.011519999999999999,0.7,25.0,44.0189,1.3333333333333335,0.216,0.162,0,1,1,2.3978952727983707,0.011454150045115854,4.62962962962963,6.172839506172839,0.05333333333333333,0.0711111111111111,0.0711111111111111,6.172839506172839,1.4285714285714286,0.04,0.14285714285714285,1
ASAP7,AND4X2,AND4x2_ASAP7_6t_L,D,Y,fall,5.0,0.023039999999999998,0.7,25.0,62.9259,1.0,0.324,0.324,0,1,1,1.791759469228055,0.022778586889339574,3.0864197530864197,3.0864197530864197,0.0711111111111111,0.0711111111111111,0.0711111111111111,3.0864197530864197,1.4285714285714286,0.04,0.0,1
ASAP7,NOR2X1,NOR2x1_ASAP7_6t_L,B,Y,rise,5.0,0.0028799999999999997,0.7,25.0,18.2911,2.0,0.216,0.108,0,1,1,1.791759469228055,0.002875860745464264,4.62962962962963,9.25925925925926,0.013333333333333332,0.026666666666666665,0.013333333333333332,4.62962962962963,1.4285714285714286,0.04,0.3333333333333333,1
ASAP7,OR3X4,OR3x4_ASAP7_6t_L,C,Y,rise,80.0,0.011519999999999999,0.7,25.0,45.6959,1.0,0.37799999999999995,0.37799999999999995,0,1,1,4.394449154672439,0.011454150045115854,2.645502645502646,2.645502645502646,0.03047619047619048,0.03047619047619048,0.03047619047619048,2.645502645502646,1.4285714285714286,0.04,0.0,1
ASAP7,XOR2X2,XOR2x2_ASAP7_6t_L,B,Y,fall,5.0,0.011519999999999999,0.7,25.0,44.0437,1.0,0.37799999999999995,0.37799999999999995,0,1,1,1.791759469228055,0.011454150045115854,2.645502645502646,2.645502645502646,0.03047619047619048,0.03047619047619048,0.03047619047619048,2.645502645502646,1.4285714285714286,0.04,0.0,1
ASAP7,BUFX2,BUFx2_ASAP7_6t_L,A,Y,fall,320.0,0.0057599999999999995,0.7,25.0,76.1453,1.0,0.135,0.135,0,1,1,5.771441123130016,0.005743474627065725,7.4074074074074066,7.4074074074074066,0.04266666666666666,0.04266666666666666,0.04266666666666666,7.4074074074074066,1.4285714285714286,0.04,0.0,1
ASAP7,XOR2X2,XOR2x2_ASAP7_6t_L,A,Y,fall,80.0,0.09215999999999999,0.7,25.0,222.128,1.0,0.37799999999999995,0.37799999999999995,0,1,1,4.394449154672439,0.08815738673620516,2.645502645502646,2.645502645502646,0.24380952380952384,0.24380952380952384,0.24380952380952384,2.645502645502646,1.4285714285714286,0.04,0.0,1
ASAP7,OR2X4,OR2x4_ASAP7_6t_L,B,Y,rise,320.0,0.011519999999999999,0.7,25.0,51.894,1.0,0.324,0.324,0,1,1,5.771441123130016,0.011454150045115854,3.0864197530864197,3.0864197530864197,0.03555555555555555,0.03555555555555555,0.03555555555555555,3.0864197530864197,1.4285714285714286,0.04,0.0,1
ASAP7,NAND3X1,NAND3x1_ASAP7_6t_L,A,Y,fall,10.0,0.023039999999999998,0.7,25.0,81.6368,0.3333333333333333,0.162,0.486,0,1,1,2.3978952727983707,0.022778586889339574,6.172839506172839,2.05761316872428,0.1422222222222222,0.047407407407407405,0.047407407407407405,2.05761316872428,1.4285714285714286,0.04,-0.4999999999999999,1
ASAP7,NOR3X2,NOR3x2_ASAP7_6t_L,C,Y,fall,320.0,0.011519999999999999,0.7,25.0,92.2444,3.0000000000000004,0.9720000000000002,0.324,0,1,1,5.771441123130016,0.011454150045115854,1.0288065843621397,3.0864197530864197,0.011851851851851848,0.03555555555555555,0.03555555555555555,3.0864197530864197,1.4285714285714286,0.04,0.5,1
ASAP7,OR3X4,OR3x4_ASAP7_6t_L,B,Y,fall,20.0,0.18431999999999998,0.7,25.0,241.324,1.0,0.37799999999999995,0.37799999999999995,0,1,1,3.044522437723423,0.16916877021565407,2.645502645502646,2.645502645502646,0.4876190476190477,0.4876190476190477,0.4876190476190477,2.645502645502646,1.4285714285714286,0.04,0.0,1
ASAP7,AND2X4,AND2x4_ASAP7_6t_L,B,Y,fall,10.0,0.011519999999999999,0.7,25.0,24.7669,1.0,0.43199999999999994,0.43199999999999994,0,1,1,2.3978952727983707,0.011454150045115854,2.3148148148148153,2.3148148148148153,0.026666666666666672,0.026666666666666672,0.026666666666666672,2.3148148148148153,1.4285714285714286,0.04,0.0,1
ASAP7,OR4X2,OR4x2_ASAP7_6t_L,A,Y,fall,160.0,0.09215999999999999,0.7,25.0,263.849,1.3333333333333335,0.216,0.162,0,1,1,5.081404364984463,0.08815738673620516,4.62962962962963,6.172839506172839,0.42666666666666664,0.5688888888888888,0.5688888888888888,6.172839506172839,1.4285714285714286,0.04,0.14285714285714285,1
ASAP7,NOR2X2,NOR2x2_ASAP7_6t_L,B,Y,rise,40.0,0.0057599999999999995,0.7,25.0,27.8541,1.9999999999999998,0.43199999999999994,0.216,0,1,1,3.713572066704308,0.005743474627065725,2.3148148148148153,4.62962962962963,0.013333333333333336,0.026666666666666665,0.013333333333333336,2.3148148148148153,1.4285714285714286,0.04,0.3333333333333333,1
ASAP7,OR2X4,OR2x4_ASAP7_6t_L,B,Y,fall,320.0,0.0028799999999999997,0.7,25.0,82.924,1.0,0.324,0.324,0,1,1,5.771441123130016,0.002875860745464264,3.0864197530864197,3.0864197530864197,0.008888888888888887,0.008888888888888887,0.008888888888888887,3.0864197530864197,1.4285714285714286,0.04,0.0,1
ASAP7,XOR2X2,XOR2x2_ASAP7_6t_L,A,Y,fall,40.0,0.0028799999999999997,0.7,25.0,31.9249,1.0,0.37799999999999995,0.37799999999999995,0,1,1,3.713572066704308,0.002875860745464264,2.645502645502646,2.645502645502646,0.00761904761904762,0.00761904761904762,0.00761904761904762,2.645502645502646,1.4285714285714286,0.04,0.0,1
ASAP7,INVX2,INVx2_ASAP7_6t_L,A,Y,fall,160.0,0.0014399999999999999,0.7,25.0,14.6083,1.0,0.108,0.108,1,1,1,5.081404364984463,0.0014389641942542826,9.25925925925926,9.25925925925926,0.013333333333333332,0.013333333333333332,0.013333333333333332,9.25925925925926,1.4285714285714286,0.04,0.0,1
ASAP7,OR4X2,OR4x2_ASAP7_6t_L,C,Y,fall,20.0,0.0057599999999999995,0.7,25.0,53.9049,1.3333333333333335,0.216,0.162,0,1,1,3.044522437723423,0.005743474627065725,4.62962962962963,6.172839506172839,0.026666666666666665,0.03555555555555555,0.03555555555555555,6.172839506172839,1.4285714285714286,0.04,0.14285714285714285,1
ASAP7,OR3X4,OR3x4_ASAP7_6t_L,C,Y,fall,40.0,0.046079999999999996,0.7,25.0,100.102,1.0,0.37799999999999995,0.37799999999999995,0,1,1,3.713572066704308,0.04504984455370874,2.645502645502646,2.645502645502646,0.12190476190476192,0.12190476190476192,0.12190476190476192,2.645502645502646,1.4285714285714286,0.04,0.0,1
ASAP7,OR3X2,OR3x2_ASAP7_6t_L,A,Y,rise,10.0,0.046079999999999996,0.7,25.0,126.535,1.0,0.27,0.27,0,1,1,2.3978952727983707,0.04504984455370874,3.7037037037037033,3.7037037037037033,0.17066666666666663,0.17066666666666663,0.17066666666666663,3.7037037037037033,1.4285714285714286,0.04,0.0,1
ASAP7,AND4X1,AND4x1_ASAP7_6t_L,C,Y,rise,10.0,0.0057599999999999995,0.7,25.0,54.8279,1.0,0.27,0.27,0,1,1,2.3978952727983707,0.005743474627065725,3.7037037037037033,3.7037037037037033,0.02133333333333333,0.02133333333333333,0.02133333333333333,3.7037037037037033,1.4285714285714286,0.04,0.0,1
ASAP7,OR4X2,OR4x2_ASAP7_6t_L,B,Y,rise,10.0,0.011519999999999999,0.7,25.0,42.1118,1.3333333333333335,0.216,0.162,0,1,1,2.3978952727983707,0.011454150045115854,4.62962962962963,6.172839506172839,0.05333333333333333,0.0711111111111111,0.05333333333333333,4.62962962962963,1.4285714285714286,0.04,0.14285714285714285,1
ASAP7,AND4X2,AND4x2_ASAP7_6t_L,C,Y,rise,10.0,0.09215999999999999,0.7,25.0,260.541,1.0,0.324,0.324,0,1,1,2.3978952727983707,0.08815738673620516,3.0864197530864197,3.0864197530864197,0.2844444444444444,0.2844444444444444,0.2844444444444444,3.0864197530864197,1.4285714285714286,0.04,0.0,1
ASAP7,AND4X2,AND4x2_ASAP7_6t_L,B,Y,fall,5.0,0.09215999999999999,0.7,25.0,203.079,1.0,0.324,0.324,0,1,1,1.791759469228055,0.08815738673620516,3.0864197530864197,3.0864197530864197,0.2844444444444444,0.2844444444444444,0.2844444444444444,3.0864197530864197,1.4285714285714286,0.04,0.0,1
ASAP7,AND3X2,AND3x2_ASAP7_6t_L,A,Y,rise,160.0,0.0014399999999999999,0.7,25.0,46.7483,1.0,0.27,0.27,0,1,1,5.081404364984463,0.0014389641942542826,3.7037037037037033,3.7037037037037033,0.005333333333333332,0.005333333333333332,0.005333333333333332,3.7037037037037033,1.4285714285714286,0.04,0.0,1
ASAP7,NAND3X2,NAND3x2_ASAP7_6t_L,C,Y,fall,320.0,0.0057599999999999995,0.7,25.0,13.9588,0.33333333333333326,0.324,0.9720000000000002,0,1,1,5.771441123130016,0.005743474627065725,3.0864197530864197,1.0288065843621397,0.017777777777777774,0.005925925925925924,0.005925925925925924,1.0288065843621397,1.4285714285714286,0.04,-0.5,1
ASAP7,NAND3X2,NAND3x2_ASAP7_6t_L,C,Y,fall,160.0,0.09215999999999999,0.7,25.0,173.35,0.33333333333333326,0.324,0.9720000000000002,0,1,1,5.081404364984463,0.08815738673620516,3.0864197530864197,1.0288065843621397,0.2844444444444444,0.09481481481481478,0.09481481481481478,1.0288065843621397,1.4285714285714286,0.04,-0.5,1
ASAP7,AND2X2,AND2x2_ASAP7_6t_L,A,Y,rise,320.0,0.046079999999999996,0.7,25.0,136.757,0.75,0.162,0.216,0,1,1,5.771441123130016,0.04504984455370874,6.172839506172839,4.62962962962963,0.2844444444444444,0.21333333333333332,0.2844444444444444,6.172839506172839,1.4285714285714286,0.04,-0.14285714285714285,1
ASAP7,AND4X2,AND4x2_ASAP7_6t_L,D,Y,rise,160.0,0.0057599999999999995,0.7,25.0,53.3674,1.0,0.324,0.324,0,1,1,5.081404364984463,0.005743474627065725,3.0864197530864197,3.0864197530864197,0.017777777777777774,0.017777777777777774,0.017777777777777774,3.0864197530864197,1.4285714285714286,0.04,0.0,1
ASAP7,NAND3X2,NAND3x2_ASAP7_6t_L,C,Y,fall,80.0,0.0057599999999999995,0.7,25.0,19.9602,0.33333333333333326,0.324,0.9720000000000002,0,1,1,4.394449154672439,0.005743474627065725,3.0864197530864197,1.0288065843621397,0.017777777777777774,0.005925925925925924,0.005925925925925924,1.0288065843621397,1.4285714285714286,0.04,-0.5,1
ASAP7,INVX2,INVx2_ASAP7_6t_L,A,Y,fall,320.0,0.023039999999999998,0.7,25.0,114.583,1.0,0.108,0.108,1,1,1,5.771441123130016,0.022778586889339574,9.25925925925926,9.25925925925926,0.21333333333333332,0.21333333333333332,0.21333333333333332,9.25925925925926,1.4285714285714286,0.04,0.0,1
ASAP7,AND2X2,AND2x2_ASAP7_6t_L,B,Y,rise,5.0,0.046079999999999996,0.7,25.0,129.138,0.75,0.162,0.216,0,1,1,1.791759469228055,0.04504984455370874,6.172839506172839,4.62962962962963,0.2844444444444444,0.21333333333333332,0.2844444444444444,6.172839506172839,1.4285714285714286,0.04,-0.14285714285714285,1
ASAP7,OR3X2,OR3x2_ASAP7_6t_L,C,Y,fall,20.0,0.0028799999999999997,0.7,25.0,36.8794,1.0,0.27,0.27,0,1,1,3.044522437723423,0.002875860745464264,3.7037037037037033,3.7037037037037033,0.010666666666666665,0.010666666666666665,0.010666666666666665,3.7037037037037033,1.4285714285714286,0.04,0.0,1
ASAP7,OR4X2,OR4x2_ASAP7_6t_L,C,Y,fall,160.0,0.09215999999999999,0.7,25.0,255.262,1.3333333333333335,0.216,0.162,0,1,1,5.081404364984463,0.08815738673620516,4.62962962962963,6.172839506172839,0.42666666666666664,0.5688888888888888,0.5688888888888888,6.172839506172839,1.4285714285714286,0.04,0.14285714285714285,1
ASAP7,NOR3X2,NOR3x2_ASAP7_6t_L,A,Y,fall,40.0,0.0028799999999999997,0.7,25.0,20.0909,3.0000000000000004,0.9720000000000002,0.324,0,1,1,3.713572066704308,0.002875860745464264,1.0288065843621397,3.0864197530864197,0.002962962962962962,0.008888888888888887,0.008888888888888887,3.0864197530864197,1.4285714285714286,0.04,0.5,1
ASAP7,AND3X4,AND3x4_ASAP7_6t_L,C,Y,rise,20.0,0.18431999999999998,0.7,25.0,253.698,0.7,0.37799999999999995,0.54,0,1,1,3.044522437723423,0.16916877021565407,2.645502645502646,1.8518518518518516,0.4876190476190477,0.34133333333333327,0.4876190476190477,2.645502645502646,1.4285714285714286,0.04,-0.17647058823529424,1
ASAP7,INVX4,INVx4_ASAP7_6t_L,A,Y,fall,40.0,0.0057599999999999995,0.7,25.0,15.8963,1.0,0.216,0.216,1,1,1,3.713572066704308,0.005743474627065725,4.62962962962963,4.62962962962963,0.026666666666666665,0.026666666666666665,0.026666666666666665,4.62962962962963,1.4285714285714286,0.04,0.0,1
ASAP7,NOR2X1,NOR2x1_ASAP7_6t_L,A,Y,fall,20.0,0.023039999999999998,0.7,25.0,104.737,2.0,0.216,0.108,0,1,1,3.044522437723423,0.022778586889339574,4.62962962962963,9.25925925925926,0.10666666666666666,0.21333333333333332,0.21333333333333332,9.25925925925926,1.4285714285714286,0.04,0.3333333333333333,1
ASAP7,NOR2X1,NOR2x1_ASAP7_6t_L,A,Y,fall,5.0,0.0007199999999999999,0.7,25.0,8.80804,2.0,0.216,0.108,0,1,1,1.791759469228055,0.0007197409243488539,4.62962962962963,9.25925925925926,0.003333333333333333,0.006666666666666666,0.006666666666666666,9.25925925925926,1.4285714285714286,0.04,0.3333333333333333,1
ASAP7,AND4X1,AND4x1_ASAP7_6t_L,D,Y,fall,20.0,0.0014399999999999999,0.7,25.0,22.9694,1.0,0.27,0.27,0,1,1,3.044522437723423,0.0014389641942542826,3.7037037037037033,3.7037037037037033,0.005333333333333332,0.005333333333333332,0.005333333333333332,3.7037037037037033,1.4285714285714286,0.04,0.0,1
ASAP7,NAND2X2,NAND2x2_ASAP7_6t_L,A,Y,fall,40.0,0.0028799999999999997,0.7,25.0,13.2353,0.5000000000000001,0.216,0.43199999999999994,0,1,1,3.713572066704308,0.002875860745464264,4.62962962962963,2.3148148148148153,0.013333333333333332,0.006666666666666668,0.006666666666666668,2.3148148148148153,1.4285714285714286,0.04,-0.3333333333333333,1
ASAP7,INVX1,INVx1_ASAP7_6t_L,A,Y,rise,160.0,0.023039999999999998,0.7,25.0,166.612,1.0,0.054,0.054,1,1,1,5.081404364984463,0.022778586889339574,18.51851851851852,18.51851851851852,0.42666666666666664,0.42666666666666664,0.42666666666666664,18.51851851851852,1.4285714285714286,0.04,0.0,1
ASAP7,OR2X2,OR2x2_ASAP7_6t_L,A,Y,fall,5.0,0.046079999999999996,0.7,25.0,114.27,1.3333333333333335,0.216,0.162,0,1,1,1.791759469228055,0.04504984455370874,4.62962962962963,6.172839506172839,0.21333333333333332,0.2844444444444444,0.2844444444444444,6.172839506172839,1.4285714285714286,0.04,0.14285714285714285,1
ASAP7,AND3X4,AND3x4_ASAP7_6t_L,B,Y,rise,40.0,0.09215999999999999,0.7,25.0,142.842,0.7,0.37799999999999995,0.54,0,1,1,3.713572066704308,0.08815738673620516,2.645502645502646,1.8518518518518516,0.24380952380952384,0.17066666666666663,0.24380952380952384,2.645502645502646,1.4285714285714286,0.04,-0.17647058823529424,1
ASAP7,AND2X4,AND2x4_ASAP7_6t_L,B,Y,rise,20.0,0.0028799999999999997,0.7,25.0,21.2819,1.0,0.43199999999999994,0.43199999999999994,0,1,1,3.044522437723423,0.002875860745464264,2.3148148148148153,2.3148148148148153,0.006666666666666668,0.006666666666666668,0.006666666666666668,2.3148148148148153,1.4285714285714286,0.04,0.0,1
ASAP7,AND2X4,AND2x4_ASAP7_6t_L,B,Y,rise,320.0,0.011519999999999999,0.7,25.0,55.9181,1.0,0.43199999999999994,0.43199999999999994,0,1,1,5.771441123130016,0.011454150045115854,2.3148148148148153,2.3148148148148153,0.026666666666666672,0.026666666666666672,0.026666666666666672,2.3148148148148153,1.4285714285714286,0.04,0.0,1
ASAP7,NOR2X2,NOR2x2_ASAP7_6t_L,A,Y,fall,160.0,0.0028799999999999997,0.7,25.0,32.7349,1.9999999999999998,0.43199999999999994,0.216,0,1,1,5.081404364984463,0.002875860745464264,2.3148148148148153,4.62962962962963,0.006666666666666668,0.013333333333333332,0.013333333333333332,4.62962962962963,1.4285714285714286,0.04,0.3333333333333333,1
ASAP7,BUFX2,BUFx2_ASAP7_6t_L,A,Y,rise,40.0,0.0057599999999999995,0.7,25.0,38.2332,1.0,0.135,0.135,0,1,1,3.713572066704308,0.005743474627065725,7.4074074074074066,7.4074074074074066,0.04266666666666666,0.04266666666666666,0.04266666666666666,7.4074074074074066,1.4285714285714286,0.04,0.0,1
ASAP7,AND2X4,AND2x4_ASAP7_6t_L,B,Y,rise,40.0,0.046079999999999996,0.7,25.0,79.3522,1.0,0.43199999999999994,0.43199999999999994,0,1,1,3.713572066704308,0.04504984455370874,2.3148148148148153,2.3148148148148153,0.10666666666666669,0.10666666666666669,0.10666666666666669,2.3148148148148153,1.4285714285714286,0.04,0.0,1
ASAP7,OR3X2,OR3x2_ASAP7_6t_L,B,Y,fall,160.0,0.0057599999999999995,0.7,25.0,67.304,1.0,0.27,0.27,0,1,1,5.081404364984463,0.005743474627065725,3.7037037037037033,3.7037037037037033,0.02133333333333333,0.02133333333333333,0.02133333333333333,3.7037037037037033,1.4285714285714286,0.04,0.0,1
ASAP7,OR2X2,OR2x2_ASAP7_6t_L,B,Y,fall,160.0,0.023039999999999998,0.7,25.0,89.3898,1.3333333333333335,0.216,0.162,0,1,1,5.081404364984463,0.022778586889339574,4.62962962962963,6.172839506172839,0.10666666666666666,0.1422222222222222,0.1422222222222222,6.172839506172839,1.4285714285714286,0.04,0.14285714285714285,1
ASAP7,AND3X4,AND3x4_ASAP7_6t_L,B,Y,rise,80.0,0.023039999999999998,0.7,25.0,60.5636,0.7,0.37799999999999995,0.54,0,1,1,4.394449154672439,0.022778586889339574,2.645502645502646,1.8518518518518516,0.06095238095238096,0.04266666666666666,0.06095238095238096,2.645502645502646,1.4285714285714286,0.04,-0.17647058823529424,1
ASAP7,AND4X1,AND4x1_ASAP7_6t_L,D,Y,fall,160.0,0.0007199999999999999,0.7,25.0,37.1794,1.0,0.27,0.27,0,1,1,5.081404364984463,0.0007197409243488539,3.7037037037037033,3.7037037037037033,0.002666666666666666,0.002666666666666666,0.002666666666666666,3.7037037037037033,1.4285714285714286,0.04,0.0,1
ASAP7,AND3X4,AND3x4_ASAP7_6t_L,A,Y,fall,20.0,0.0028799999999999997,0.7,25.0,25.6453,0.7,0.37799999999999995,0.54,0,1,1,3.044522437723423,0.002875860745464264,2.645502645502646,1.8518518518518516,0.00761904761904762,0.005333333333333332,0.005333333333333332,1.8518518518518516,1.4285714285714286,0.04,-0.17647058823529424,1
ASAP7,AND4X1,AND4x1_ASAP7_6t_L,D,Y,rise,20.0,0.011519999999999999,0.7,25.0,84.126,1.0,0.27,0.27,0,1,1,3.044522437723423,0.011454150045115854,3.7037037037037033,3.7037037037037033,0.04266666666666666,0.04266666666666666,0.04266666666666666,3.7037037037037033,1.4285714285714286,0.04,0.0,1
ASAP7,OR2X2,OR2x2_ASAP7_6t_L,A,Y,fall,40.0,0.0028799999999999997,0.7,25.0,29.8838,1.3333333333333335,0.216,0.162,0,1,1,3.713572066704308,0.002875860745464264,4.62962962962963,6.172839506172839,0.013333333333333332,0.017777777777777774,0.017777777777777774,6.172839506172839,1.4285714285714286,0.04,0.14285714285714285,1
ASAP7,AND2X4,AND2x4_ASAP7_6t_L,B,Y,rise,80.0,0.0057599999999999995,0.7,25.0,33.1825,1.0,0.43199999999999994,0.43199999999999994,0,1,1,4.394449154672439,0.005743474627065725,2.3148148148148153,2.3148148148148153,0.013333333333333336,0.013333333333333336,0.013333333333333336,2.3148148148148153,1.4285714285714286,0.04,0.0,1
ASAP7,OR4X2,OR4x2_ASAP7_6t_L,D,Y,rise,80.0,0.09215999999999999,0.7,25.0,251.545,1.3333333333333335,0.216,0.162,0,1,1,4.394449154672439,0.08815738673620516,4.62962962962963,6.172839506172839,0.42666666666666664,0.5688888888888888,0.42666666666666664,4.62962962962963,1.4285714285714286,0.04,0.14285714285714285,1
ASAP7,OR3X1,OR3x1_ASAP7_6t_L,C,Y,rise,160.0,0.011519999999999999,0.7,25.0,79.5526,1.0,0.216,0.216,0,1,1,5.081404364984463,0.011454150045115854,4.62962962962963,4.62962962962963,0.05333333333333333,0.05333333333333333,0.05333333333333333,4.62962962962963,1.4285714285714286,0.04,0.0,1
ASAP7,AND3X2,AND3x2_ASAP7_6t_L,A,Y,rise,5.0,0.0057599999999999995,0.7,25.0,37.4237,1.0,0.27,0.27,0,1,1,1.791759469228055,0.005743474627065725,3.7037037037037033,3.7037037037037033,0.02133333333333333,0.02133333333333333,0.02133333333333333,3.7037037037037033,1.4285714285714286,0.04,0.0,1
ASAP7,OR4X1,OR4x1_ASAP7_6t_L,D,Y,fall,5.0,0.0057599999999999995,0.7,25.0,57.7992,1.0,0.27,0.27,0,1,1,1.791759469228055,0.005743474627065725,3.7037037037037033,3.7037037037037033,0.02133333333333333,0.02133333333333333,0.02133333333333333,3.7037037037037033,1.4285714285714286,0.04,0.0,1
ASAP7,NOR3X2,NOR3x2_ASAP7_6t_L,B,Y,rise,5.0,0.0014399999999999999,0.7,25.0,10.8422,3.0000000000000004,0.9720000000000002,0.324,0,1,1,1.791759469228055,0.0014389641942542826,1.0288065843621397,3.0864197530864197,0.001481481481481481,0.004444444444444444,0.001481481481481481,1.0288065843621397,1.4285714285714286,0.04,0.5,1
ASAP7,NAND2X1,NAND2x1_ASAP7_6t_L,A,Y,fall,5.0,0.0028799999999999997,0.7,25.0,14.7103,0.5,0.108,0.216,0,1,1,1.791759469228055,0.002875860745464264,9.25925925925926,4.62962962962963,0.026666666666666665,0.013333333333333332,0.013333333333333332,4.62962962962963,1.4285714285714286,0.04,-0.3333333333333333,1
ASAP7,OR4X1,OR4x1_ASAP7_6t_L,C,Y,fall,80.0,0.0007199999999999999,0.7,25.0,41.0848,1.0,0.27,0.27,0,1,1,4.394449154672439,0.0007197409243488539,3.7037037037037033,3.7037037037037033,0.002666666666666666,0.002666666666666666,0.002666666666666666,3.7037037037037033,1.4285714285714286,0.04,0.0,1
ASAP7,AND3X1,AND3x1_ASAP7_6t_L,A,Y,rise,5.0,0.0007199999999999999,0.7,25.0,21.142,1.0,0.216,0.216,0,1,1,1.791759469228055,0.0007197409243488539,4.62962962962963,4.62962962962963,0.003333333333333333,0.003333333333333333,0.003333333333333333,4.62962962962963,1.4285714285714286,0.04,0.0,1
ASAP7,AND3X1,AND3x1_ASAP7_6t_L,A,Y,rise,10.0,0.0028799999999999997,0.7,25.0,34.1217,1.0,0.216,0.216,0,1,1,2.3978952727983707,0.002875860745464264,4.62962962962963,4.62962962962963,0.013333333333333332,0.013333333333333332,0.013333333333333332,4.62962962962963,1.4285714285714286,0.04,0.0,1
ASAP7,AND3X4,AND3x4_ASAP7_6t_L,B,Y,rise,160.0,0.011519999999999999,0.7,25.0,49.4165,0.7,0.37799999999999995,0.54,0,1,1,5.081404364984463,0.011454150045115854,2.645502645502646,1.8518518518518516,0.03047619047619048,0.02133333333333333,0.03047619047619048,2.645502645502646,1.4285714285714286,0.04,-0.17647058823529424,1
ASAP7,AND3X2,AND3x2_ASAP7_6t_L,A,Y,rise,80.0,0.0014399999999999999,0.7,25.0,37.9588,1.0,0.27,0.27,0,1,1,4.394449154672439,0.0014389641942542826,3.7037037037037033,3.7037037037037033,0.005333333333333332,0.005333333333333332,0.005333333333333332,3.7037037037037033,1.4285714285714286,0.04,0.0,1
ASAP7,OR4X1,OR4x1_ASAP7_6t_L,B,Y,fall,40.0,0.011519999999999999,0.7,25.0,86.0354,1.0,0.27,0.27,0,1,1,3.713572066704308,0.011454150045115854,3.7037037037037033,3.7037037037037033,0.04266666666666666,0.04266666666666666,0.04266666666666666,3.7037037037037033,1.4285714285714286,0.04,0.0,1
ASAP7,NAND3X1,NAND3x1_ASAP7_6t_L,B,Y,fall,80.0,0.046079999999999996,0.7,25.0,170.528,0.3333333333333333,0.162,0.486,0,1,1,4.394449154672439,0.04504984455370874,6.172839506172839,2.05761316872428,0.2844444444444444,0.09481481481481481,0.09481481481481481,2.05761316872428,1.4285714285714286,0.04,-0.4999999999999999,1
ASAP7,AND3X2,AND3x2_ASAP7_6t_L,C,Y,rise,320.0,0.046079999999999996,0.7,25.0,156.39,1.0,0.27,0.27,0,1,1,5.771441123130016,0.04504984455370874,3.7037037037037033,3.7037037037037033,0.17066666666666663,0.17066666666666663,0.17066666666666663,3.7037037037037033,1.4285714285714286,0.04,0.0,1
ASAP7,NOR3X2,NOR3x2_ASAP7_6t_L,B,Y,rise,320.0,0.09215999999999999,0.7,25.0,283.448,3.0000000000000004,0.9720000000000002,0.324,0,1,1,5.771441123130016,0.08815738673620516,1.0288065843621397,3.0864197530864197,0.09481481481481478,0.2844444444444444,0.09481481481481478,1.0288065843621397,1.4285714285714286,0.04,0.5,1
ASAP7,NAND3X2,NAND3x2_ASAP7_6t_L,B,Y,rise,320.0,0.023039999999999998,0.7,25.0,155.622,0.33333333333333326,0.324,0.9720000000000002,0,1,1,5.771441123130016,0.022778586889339574,3.0864197530864197,1.0288065843621397,0.0711111111111111,0.023703703703703696,0.0711111111111111,3.0864197530864197,1.4285714285714286,0.04,-0.5,1
ASAP7,OR2X4,OR2x4_ASAP7_6t_L,A,Y,fall,10.0,0.09215999999999999,0.7,25.0,127.178,1.0,0.324,0.324,0,1,1,2.3978952727983707,0.08815738673620516,3.0864197530864197,3.0864197530864197,0.2844444444444444,0.2844444444444444,0.2844444444444444,3.0864197530864197,1.4285714285714286,0.04,0.0,1
ASAP7,OR4X1,OR4x1_ASAP7_6t_L,B,Y,fall,20.0,0.0028799999999999997,0.7,25.0,44.8417,1.0,0.27,0.27,0,1,1,3.044522437723423,0.002875860745464264,3.7037037037037033,3.7037037037037033,0.010666666666666665,0.010666666666666665,0.010666666666666665,3.7037037037037033,1.4285714285714286,0.04,0.0,1
ASAP7,NAND2X1,NAND2x1_ASAP7_6t_L,B,Y,rise,80.0,0.046079999999999996,0.7,25.0,254.463,0.5,0.108,0.216,0,1,1,4.394449154672439,0.04504984455370874,9.25925925925926,4.62962962962963,0.42666666666666664,0.21333333333333332,0.42666666666666664,9.25925925925926,1.4285714285714286,0.04,-0.3333333333333333,1
ASAP7,OR4X1,OR4x1_ASAP7_6t_L,B,Y,rise,5.0,0.011519999999999999,0.7,25.0,67.2246,1.0,0.27,0.27,0,1,1,1.791759469228055,0.011454150045115854,3.7037037037037033,3.7037037037037033,0.04266666666666666,0.04266666666666666,0.04266666666666666,3.7037037037037033,1.4285714285714286,0.04,0.0,1
ASAP7,AND4X2,AND4x2_ASAP7_6t_L,A,Y,fall,10.0,0.046079999999999996,0.7,25.0,109.5,1.0,0.324,0.324,0,1,1,2.3978952727983707,0.04504984455370874,3.0864197530864197,3.0864197530864197,0.1422222222222222,0.1422222222222222,0.1422222222222222,3.0864197530864197,1.4285714285714286,0.04,0.0,1
ASAP7,AND4X1,AND4x1_ASAP7_6t_L,A,Y,fall,20.0,0.046079999999999996,0.7,25.0,203.602,1.0,0.27,0.27,0,1,1,3.044522437723423,0.04504984455370874,3.7037037037037033,3.7037037037037033,0.17066666666666663,0.17066666666666663,0.17066666666666663,3.7037037037037033,1.4285714285714286,0.04,0.0,1
ASAP7,AND2X4,AND2x4_ASAP7_6t_L,A,Y,fall,5.0,0.18431999999999998,0.7,25.0,202.377,1.0,0.43199999999999994,0.43199999999999994,0,1,1,1.791759469228055,0.16916877021565407,2.3148148148148153,2.3148148148148153,0.42666666666666675,0.42666666666666675,0.42666666666666675,2.3148148148148153,1.4285714285714286,0.04,0.0,1
ASAP7,NOR3X2,NOR3x2_ASAP7_6t_L,A,Y,fall,20.0,0.09215999999999999,0.7,25.0,200.798,3.0000000000000004,0.9720000000000002,0.324,0,1,1,3.044522437723423,0.08815738673620516,1.0288065843621397,3.0864197530864197,0.09481481481481478,0.2844444444444444,0.2844444444444444,3.0864197530864197,1.4285714285714286,0.04,0.5,1
ASAP7,AND3X1,AND3x1_ASAP7_6t_L,C,Y,rise,40.0,0.0057599999999999995,0.7,25.0,50.7684,1.0,0.216,0.216,0,1,1,3.713572066704308,0.005743474627065725,4.62962962962963,4.62962962962963,0.026666666666666665,0.026666666666666665,0.026666666666666665,4.62962962962963,1.4285714285714286,0.04,0.0,1
ASAP7,AND3X2,AND3x2_ASAP7_6t_L,A,Y,rise,5.0,0.0014399999999999999,0.7,25.0,24.5188,1.0,0.27,0.27,0,1,1,1.791759469228055,0.0014389641942542826,3.7037037037037033,3.7037037037037033,0.005333333333333332,0.005333333333333332,0.005333333333333332,3.7037037037037033,1.4285714285714286,0.04,0.0,1
ASAP7,OR3X2,OR3x2_ASAP7_6t_L,C,Y,fall,5.0,0.09215999999999999,0.7,25.0,222.269,1.0,0.27,0.27,0,1,1,1.791759469228055,0.08815738673620516,3.7037037037037033,3.7037037037037033,0.34133333333333327,0.34133333333333327,0.34133333333333327,3.7037037037037033,1.4285714285714286,0.04,0.0,1
ASAP7,NAND3X1,NAND3x1_ASAP7_6t_L,A,Y,rise,320.0,0.011519999999999999,0.7,25.0,151.414,0.3333333333333333,0.162,0.486,0,1,1,5.771441123130016,0.011454150045115854,6.172839506172839,2.05761316872428,0.0711111111111111,0.023703703703703703,0.0711111111111111,6.172839506172839,1.4285714285714286,0.04,-0.4999999999999999,1
ASAP7,INVX1,INVx1_ASAP7_6t_L,A,Y,fall,160.0,0.0007199999999999999,0.7,25.0,15.491,1.0,0.054,0.054,1,1,1,5.081404364984463,0.0007197409243488539,18.51851851851852,18.51851851851852,0.013333333333333332,0.013333333333333332,0.013333333333333332,18.51851851851852,1.4285714285714286,0.04,0.0,1
ASAP7,AND3X4,AND3x4_ASAP7_6t_L,B,Y,fall,10.0,0.0028799999999999997,0.7,25.0,24.7516,0.7,0.37799999999999995,0.54,0,1,1,2.3978952727983707,0.002875860745464264,2.645502645502646,1.8518518518518516,0.00761904761904762,0.005333333333333332,0.005333333333333332,1.8518518518518516,1.4285714285714286,0.04,-0.17647058823529424,1
ASAP7,OR2X2,OR2x2_ASAP7_6t_L,B,Y,fall,20.0,0.0028799999999999997,0.7,25.0,27.4314,1.3333333333333335,0.216,0.162,0,1,1,3.044522437723423,0.002875860745464264,4.62962962962963,6.172839506172839,0.013333333333333332,0.017777777777777774,0.017777777777777774,6.172839506172839,1.4285714285714286,0.04,0.14285714285714285,1
ASAP7,OR4X1,OR4x1_ASAP7_6t_L,B,Y,fall,160.0,0.0014399999999999999,0.7,25.0,60.5361,1.0,0.27,0.27,0,1,1,5.081404364984463,0.0014389641942542826,3.7037037037037033,3.7037037037037033,0.005333333333333332,0.005333333333333332,0.005333333333333332,3.7037037037037033,1.4285714285714286,0.04,0.0,1
ASAP7,BUFX8,BUFx8_ASAP7_6t_L,A,Y,rise,5.0,0.046079999999999996,0.7,25.0,43.4099,1.0,0.54,0.54,0,1,1,1.791759469228055,0.04504984455370874,1.8518518518518516,1.8518518518518516,0.08533333333333332,0.08533333333333332,0.08533333333333332,1.8518518518518516,1.4285714285714286,0.04,0.0,1
ASAP7,OR4X2,OR4x2_ASAP7_6t_L,D,Y,rise,10.0,0.0014399999999999999,0.7,25.0,17.5951,1.3333333333333335,0.216,0.162,0,1,1,2.3978952727983707,0.0014389641942542826,4.62962962962963,6.172839506172839,0.006666666666666666,0.008888888888888887,0.006666666666666666,4.62962962962963,1.4285714285714286,0.04,0.14285714285714285,1
ASAP7,NAND3X1,NAND3x1_ASAP7_6t_L,B,Y,rise,10.0,0.011519999999999999,0.7,25.0,67.2823,0.3333333333333333,0.162,0.486,0,1,1,2.3978952727983707,0.011454150045115854,6.172839506172839,2.05761316872428,0.0711111111111111,0.023703703703703703,0.0711111111111111,6.172839506172839,1.4285714285714286,0.04,-0.4999999999999999,1
ASAP7,AND3X2,AND3x2_ASAP7_6t_L,B,Y,fall,320.0,0.046079999999999996,0.7,25.0,144.137,1.0,0.27,0.27,0,1,1,5.771441123130016,0.04504984455370874,3.7037037037037033,3.7037037037037033,0.17066666666666663,0.17066666666666663,0.17066666666666663,3.7037037037037033,1.4285714285714286,0.04,0.0,1
ASAP7,AND4X1,AND4x1_ASAP7_6t_L,B,Y,fall,5.0,0.0007199999999999999,0.7,25.0,14.2104,1.0,0.27,0.27,0,1,1,1.791759469228055,0.0007197409243488539,3.7037037037037033,3.7037037037037033,0.002666666666666666,0.002666666666666666,0.002666666666666666,3.7037037037037033,1.4285714285714286,0.04,0.0,1
ASAP7,NOR2X1,NOR2x1_ASAP7_6t_L,A,Y,fall,40.0,0.0007199999999999999,0.7,25.0,15.7309,2.0,0.216,0.108,0,1,1,3.713572066704308,0.0007197409243488539,4.62962962962963,9.25925925925926,0.003333333333333333,0.006666666666666666,0.006666666666666666,9.25925925925926,1.4285714285714286,0.04,0.3333333333333333,1
ASAP7,NAND3X1,NAND3x1_ASAP7_6t_L,A,Y,fall,320.0,0.011519999999999999,0.7,25.0,89.1148,0.3333333333333333,0.162,0.486,0,1,1,5.771441123130016,0.011454150045115854,6.172839506172839,2.05761316872428,0.0711111111111111,0.023703703703703703,0.023703703703703703,2.05761316872428,1.4285714285714286,0.04,-0.4999999999999999,1
ASAP7,OR4X1,OR4x1_ASAP7_6t_L,A,Y,rise,80.0,0.046079999999999996,0.7,25.0,243.301,1.0,0.27,0.27,0,1,1,4.394449154672439,0.04504984455370874,3.7037037037037033,3.7037037037037033,0.17066666666666663,0.17066666666666663,0.17066666666666663,3.7037037037037033,1.4285714285714286,0.04,0.0,1
ASAP7,AND4X2,AND4x2_ASAP7_6t_L,D,Y,rise,80.0,0.023039999999999998,0.7,25.0,94.3606,1.0,0.324,0.324,0,1,1,4.394449154672439,0.022778586889339574,3.0864197530864197,3.0864197530864197,0.0711111111111111,0.0711111111111111,0.0711111111111111,3.0864197530864197,1.4285714285714286,0.04,0.0,1
ASAP7,NOR3X2,NOR3x2_ASAP7_6t_L,A,Y,fall,80.0,0.046079999999999996,0.7,25.0,123.368,3.0000000000000004,0.9720000000000002,0.324,0,1,1,4.394449154672439,0.04504984455370874,1.0288065843621397,3.0864197530864197,0.04740740740740739,0.1422222222222222,0.1422222222222222,3.0864197530864197,1.4285714285714286,0.04,0.5,1
ASAP7,OR3X4,OR3x4_ASAP7_6t_L,C,Y,fall,20.0,0.023039999999999998,0.7,25.0,72.1709,1.0,0.37799999999999995,0.37799999999999995,0,1,1,3.044522437723423,0.022778586889339574,2.645502645502646,2.645502645502646,0.06095238095238096,0.06095238095238096,0.06095238095238096,2.645502645502646,1.4285714285714286,0.04,0.0,1
ASAP7,OR3X4,OR3x4_ASAP7_6t_L,A,Y,rise,20.0,0.0057599999999999995,0.7,25.0,27.4373,1.0,0.37799999999999995,0.37799999999999995,0,1,1,3.044522437723423,0.005743474627065725,2.645502645502646,2.645502645502646,0.01523809523809524,0.01523809523809524,0.01523809523809524,2.645502645502646,1.4285714285714286,0.04,0.0,1
ASAP7,NOR2X1,NOR2x1_ASAP7_6t_L,B,Y,rise,160.0,0.0014399999999999999,0.7,25.0,31.0642,2.0,0.216,0.108,0,1,1,5.081404364984463,0.0014389641942542826,4.62962962962963,9.25925925925926,0.006666666666666666,0.013333333333333332,0.006666666666666666,4.62962962962963,1.4285714285714286,0.04,0.3333333333333333,1
ASAP7,OR4X1,OR4x1_ASAP7_6t_L,A,Y,rise,10.0,0.011519999999999999,0.7,25.0,67.9622,1.0,0.27,0.27,0,1,1,2.3978952727983707,0.011454150045115854,3.7037037037037033,3.7037037037037033,0.04266666666666666,0.04266666666666666,0.04266666666666666,3.7037037037037033,1.4285714285714286,0.04,0.0,1
ASAP7,AND4X1,AND4x1_ASAP7_6t_L,C,Y,fall,20.0,0.046079999999999996,0.7,25.0,205.415,1.0,0.27,0.27,0,1,1,3.044522437723423,0.04504984455370874,3.7037037037037033,3.7037037037037033,0.17066666666666663,0.17066666666666663,0.17066666666666663,3.7037037037037033,1.4285714285714286,0.04,0.0,1
ASAP7,NOR3X2,NOR3x2_ASAP7_6t_L,C,Y,rise,5.0,0.09215999999999999,0.7,25.0,222.18,3.0000000000000004,0.9720000000000002,0.324,0,1,1,1.791759469228055,0.08815738673620516,1.0288065843621397,3.0864197530864197,0.09481481481481478,0.2844444444444444,0.09481481481481478,1.0288065843621397,1.4285714285714286,0.04,0.5,1
ASAP7,NAND2X1,NAND2x1_ASAP7_6t_L,B,Y,fall,160.0,0.0057599999999999995,0.7,25.0,49.7612,0.5,0.108,0.216,0,1,1,5.081404364984463,0.005743474627065725,9.25925925925926,4.62962962962963,0.05333333333333333,0.026666666666666665,0.026666666666666665,4.62962962962963,1.4285714285714286,0.04,-0.3333333333333333,1
ASAP7,NAND2X1,NAND2x1_ASAP7_6t_L,B,Y,rise,20.0,0.0057599999999999995,0.7,25.0,38.3203,0.5,0.108,0.216,0,1,1,3.044522437723423,0.005743474627065725,9.25925925925926,4.62962962962963,0.05333333333333333,0.026666666666666665,0.05333333333333333,9.25925925925926,1.4285714285714286,0.04,-0.3333333333333333,1
ASAP7,AND3X4,AND3x4_ASAP7_6t_L,C,Y,rise,20.0,0.0028799999999999997,0.7,25.0,26.636,0.7,0.37799999999999995,0.54,0,1,1,3.044522437723423,0.002875860745464264,2.645502645502646,1.8518518518518516,0.00761904761904762,0.005333333333333332,0.00761904761904762,2.645502645502646,1.4285714285714286,0.04,-0.17647058823529424,1
ASAP7,AND4X2,AND4x2_ASAP7_6t_L,A,Y,fall,5.0,0.011519999999999999,0.7,25.0,37.0159,1.0,0.324,0.324,0,1,1,1.791759469228055,0.011454150045115854,3.0864197530864197,3.0864197530864197,0.03555555555555555,0.03555555555555555,0.03555555555555555,3.0864197530864197,1.4285714285714286,0.04,0.0,1
ASAP7,NAND3X1,NAND3x1_ASAP7_6t_L,C,Y,fall,80.0,0.0014399999999999999,0.7,25.0,13.2861,0.3333333333333333,0.162,0.486,0,1,1,4.394449154672439,0.0014389641942542826,6.172839506172839,2.05761316872428,0.008888888888888887,0.002962962962962963,0.002962962962962963,2.05761316872428,1.4285714285714286,0.04,-0.4999999999999999,1
ASAP7,NOR3X2,NOR3x2_ASAP7_6t_L,B,Y,fall,20.0,0.046079999999999996,0.7,25.0,107.215,3.0000000000000004,0.9720000000000002,0.324,0,1,1,3.044522437723423,0.04504984455370874,1.0288065843621397,3.0864197530864197,0.04740740740740739,0.1422222222222222,0.1422222222222222,3.0864197530864197,1.4285714285714286,0.04,0.5,1
ASAP7,NOR3X1,NOR3x1_ASAP7_6t_L,B,Y,fall,10.0,0.0057599999999999995,0.7,25.0,32.8924,3.0,0.486,0.162,0,1,1,2.3978952727983707,0.005743474627065725,2.05761316872428,6.172839506172839,0.011851851851851851,0.03555555555555555,0.03555555555555555,6.172839506172839,1.4285714285714286,0.04,0.4999999999999999,1
ASAP7,AND4X1,AND4x1_ASAP7_6t_L,B,Y,fall,20.0,0.023039999999999998,0.7,25.0,110.265,1.0,0.27,0.27,0,1,1,3.044522437723423,0.022778586889339574,3.7037037037037033,3.7037037037037033,0.08533333333333332,0.08533333333333332,0.08533333333333332,3.7037037037037033,1.4285714285714286,0.04,0.0,1
ASAP7,AND2X4,AND2x4_ASAP7_6t_L,B,Y,fall,80.0,0.046079999999999996,0.7,25.0,72.2882,1.0,0.43199999999999994,0.43199999999999994,0,1,1,4.394449154672439,0.04504984455370874,2.3148148148148153,2.3148148148148153,0.10666666666666669,0.10666666666666669,0.10666666666666669,2.3148148148148153,1.4285714285714286,0.04,0.0,1
ASAP7,OR3X1,OR3x1_ASAP7_6t_L,B,Y,rise,5.0,0.0014399999999999999,0.7,25.0,17.2113,1.0,0.216,0.216,0,1,1,1.791759469228055,0.0014389641942542826,4.62962962962963,4.62962962962963,0.006666666666666666,0.006666666666666666,0.006666666666666666,4.62962962962963,1.4285714285714286,0.04,0.0,1
ASAP7,AND4X1,AND4x1_ASAP7_6t_L,A,Y,fall,40.0,0.011519999999999999,0.7,25.0,65.5261,1.0,0.27,0.27,0,1,1,3.713572066704308,0.011454150045115854,3.7037037037037033,3.7037037037037033,0.04266666666666666,0.04266666666666666,0.04266666666666666,3.7037037037037033,1.4285714285714286,0.04,0.0,1
ASAP7,NOR2X2,NOR2x2_ASAP7_6t_L,B,Y,fall,10.0,0.011519999999999999,0.7,25.0,30.0184,1.9999999999999998,0.43199999999999994,0.216,0,1,1,2.3978952727983707,0.011454150045115854,2.3148148148148153,4.62962962962963,0.026666666666666672,0.05333333333333333,0.05333333333333333,4.62962962962963,1.4285714285714286,0.04,0.3333333333333333,1
ASAP7,AND3X2,AND3x2_ASAP7_6t_L,A,Y,fall,5.0,0.046079999999999996,0.7,25.0,107.831,1.0,0.27,0.27,0,1,1,1.791759469228055,0.04504984455370874,3.7037037037037033,3.7037037037037033,0.17066666666666663,0.17066666666666663,0.17066666666666663,3.7037037037037033,1.4285714285714286,0.04,0.0,1
ASAP7,NOR3X1,NOR3x1_ASAP7_6t_L,A,Y,rise,160.0,0.0057599999999999995,0.7,25.0,63.1303,3.0,0.486,0.162,0,1,1,5.081404364984463,0.005743474627065725,2.05761316872428,6.172839506172839,0.011851851851851851,0.03555555555555555,0.011851851851851851,2.05761316872428,1.4285714285714286,0.04,0.4999999999999999,1
ASAP7,OR2X2,OR2x2_ASAP7_6t_L,A,Y,rise,160.0,0.011519999999999999,0.7,25.0,71.2568,1.3333333333333335,0.216,0.162,0,1,1,5.081404364984463,0.011454150045115854,4.62962962962963,6.172839506172839,0.05333333333333333,0.0711111111111111,0.05333333333333333,4.62962962962963,1.4285714285714286,0.04,0.14285714285714285,1
ASAP7,OR3X4,OR3x4_ASAP7_6t_L,C,Y,fall,5.0,0.0028799999999999997,0.7,25.0,42.2392,1.0,0.37799999999999995,0.37799999999999995,0,1,1,1.791759469228055,0.002875860745464264,2.645502645502646,2.645502645502646,0.00761904761904762,0.00761904761904762,0.00761904761904762,2.645502645502646,1.4285714285714286,0.04,0.0,1
ASAP7,NAND2X1,NAND2x1_ASAP7_6t_L,B,Y,rise,40.0,0.023039999999999998,0.7,25.0,129.46,0.5,0.108,0.216,0,1,1,3.713572066704308,0.022778586889339574,9.25925925925926,4.62962962962963,0.21333333333333332,0.10666666666666666,0.21333333333333332,9.25925925925926,1.4285714285714286,0.04,-0.3333333333333333,1
ASAP7,OR4X1,OR4x1_ASAP7_6t_L,D,Y,rise,20.0,0.0014399999999999999,0.7,25.0,21.9387,1.0,0.27,0.27,0,1,1,3.044522437723423,0.0014389641942542826,3.7037037037037033,3.7037037037037033,0.005333333333333332,0.005333333333333332,0.005333333333333332,3.7037037037037033,1.4285714285714286,0.04,0.0,1
ASAP7,INVX4,INVx4_ASAP7_6t_L,A,Y,fall,10.0,0.0057599999999999995,0.7,25.0,10.2647,1.0,0.216,0.216,1,1,1,2.3978952727983707,0.005743474627065725,4.62962962962963,4.62962962962963,0.026666666666666665,0.026666666666666665,0.026666666666666665,4.62962962962963,1.4285714285714286,0.04,0.0,1
ASAP7,NAND3X2,NAND3x2_ASAP7_6t_L,B,Y,fall,10.0,0.0014399999999999999,0.7,25.0,8.95651,0.33333333333333326,0.324,0.9720000000000002,0,1,1,2.3978952727983707,0.0014389641942542826,3.0864197530864197,1.0288065843621397,0.004444444444444444,0.001481481481481481,0.001481481481481481,1.0288065843621397,1.4285714285714286,0.04,-0.5,1
ASAP7,OR4X2,OR4x2_ASAP7_6t_L,C,Y,rise,5.0,0.011519999999999999,0.7,25.0,41.3229,1.3333333333333335,0.216,0.162,0,1,1,1.791759469228055,0.011454150045115854,4.62962962962963,6.172839506172839,0.05333333333333333,0.0711111111111111,0.05333333333333333,4.62962962962963,1.4285714285714286,0.04,0.14285714285714285,1
ASAP7,AND3X1,AND3x1_ASAP7_6t_L,A,Y,fall,160.0,0.046079999999999996,0.7,25.0,217.782,1.0,0.216,0.216,0,1,1,5.081404364984463,0.04504984455370874,4.62962962962963,4.62962962962963,0.21333333333333332,0.21333333333333332,0.21333333333333332,4.62962962962963,1.4285714285714286,0.04,0.0,1
ASAP7,XOR2X2,XOR2x2_ASAP7_6t_L,B,Y,fall,5.0,0.0057599999999999995,0.7,25.0,32.5496,1.0,0.37799999999999995,0.37799999999999995,0,1,1,1.791759469228055,0.005743474627065725,2.645502645502646,2.645502645502646,0.01523809523809524,0.01523809523809524,0.01523809523809524,2.645502645502646,1.4285714285714286,0.04,0.0,1
ASAP7,OR3X2,OR3x2_ASAP7_6t_L,C,Y,rise,20.0,0.0014399999999999999,0.7,25.0,19.437,1.0,0.27,0.27,0,1,1,3.044522437723423,0.0014389641942542826,3.7037037037037033,3.7037037037037033,0.005333333333333332,0.005333333333333332,0.005333333333333332,3.7037037037037033,1.4285714285714286,0.04,0.0,1
ASAP7,AND3X2,AND3x2_ASAP7_6t_L,C,Y,rise,320.0,0.09215999999999999,0.7,25.0,270.735,1.0,0.27,0.27,0,1,1,5.771441123130016,0.08815738673620516,3.7037037037037033,3.7037037037037033,0.34133333333333327,0.34133333333333327,0.34133333333333327,3.7037037037037033,1.4285714285714286,0.04,0.0,1
ASAP7,NAND3X1,NAND3x1_ASAP7_6t_L,B,Y,fall,10.0,0.023039999999999998,0.7,25.0,82.5761,0.3333333333333333,0.162,0.486,0,1,1,2.3978952727983707,0.022778586889339574,6.172839506172839,2.05761316872428,0.1422222222222222,0.047407407407407405,0.047407407407407405,2.05761316872428,1.4285714285714286,0.04,-0.4999999999999999,1
ASAP7,OR4X1,OR4x1_ASAP7_6t_L,C,Y,fall,160.0,0.0014399999999999999,0.7,25.0,56.2685,1.0,0.27,0.27,0,1,1,5.081404364984463,0.0014389641942542826,3.7037037037037033,3.7037037037037033,0.005333333333333332,0.005333333333333332,0.005333333333333332,3.7037037037037033,1.4285714285714286,0.04,0.0,1
ASAP7,OR3X4,OR3x4_ASAP7_6t_L,C,Y,rise,10.0,0.0028799999999999997,0.7,25.0,21.1736,1.0,0.37799999999999995,0.37799999999999995,0,1,1,2.3978952727983707,0.002875860745464264,2.645502645502646,2.645502645502646,0.00761904761904762,0.00761904761904762,0.00761904761904762,2.645502645502646,1.4285714285714286,0.04,0.0,1
ASAP7,OR2X2,OR2x2_ASAP7_6t_L,A,Y,fall,5.0,0.0057599999999999995,0.7,25.0,30.8005,1.3333333333333335,0.216,0.162,0,1,1,1.791759469228055,0.005743474627065725,4.62962962962963,6.172839506172839,0.026666666666666665,0.03555555555555555,0.03555555555555555,6.172839506172839,1.4285714285714286,0.04,0.14285714285714285,1
ASAP7,AND2X4,AND2x4_ASAP7_6t_L,B,Y,fall,10.0,0.09215999999999999,0.7,25.0,108.071,1.0,0.43199999999999994,0.43199999999999994,0,1,1,2.3978952727983707,0.08815738673620516,2.3148148148148153,2.3148148148148153,0.21333333333333337,0.21333333333333337,0.21333333333333337,2.3148148148148153,1.4285714285714286,0.04,0.0,1
ASAP7,OR3X4,OR3x4_ASAP7_6t_L,C,Y,rise,20.0,0.0057599999999999995,0.7,25.0,28.0361,1.0,0.37799999999999995,0.37799999999999995,0,1,1,3.044522437723423,0.005743474627065725,2.645502645502646,2.645502645502646,0.01523809523809524,0.01523809523809524,0.01523809523809524,2.645502645502646,1.4285714285714286,0.04,0.0,1
ASAP7,NOR3X2,NOR3x2_ASAP7_6t_L,C,Y,rise,40.0,0.023039999999999998,0.7,25.0,67.1195,3.0000000000000004,0.9720000000000002,0.324,0,1,1,3.713572066704308,0.022778586889339574,1.0288065843621397,3.0864197530864197,0.023703703703703696,0.0711111111111111,0.023703703703703696,1.0288065843621397,1.4285714285714286,0.04,0.5,1
ASAP7,NOR3X1,NOR3x1_ASAP7_6t_L,A,Y,rise,40.0,0.046079999999999996,0.7,25.0,227.075,3.0,0.486,0.162,0,1,1,3.713572066704308,0.04504984455370874,2.05761316872428,6.172839506172839,0.09481481481481481,0.2844444444444444,0.09481481481481481,2.05761316872428,1.4285714285714286,0.04,0.4999999999999999,1
ASAP7,OR3X4,OR3x4_ASAP7_6t_L,C,Y,fall,160.0,0.0057599999999999995,0.7,25.0,66.8484,1.0,0.37799999999999995,0.37799999999999995,0,1,1,5.081404364984463,0.005743474627065725,2.645502645502646,2.645502645502646,0.01523809523809524,0.01523809523809524,0.01523809523809524,2.645502645502646,1.4285714285714286,0.04,0.0,1
ASAP7,AND3X1,AND3x1_ASAP7_6t_L,A,Y,rise,5.0,0.046079999999999996,0.7,25.0,245.811,1.0,0.216,0.216,0,1,1,1.791759469228055,0.04504984455370874,4.62962962962963,4.62962962962963,0.21333333333333332,0.21333333333333332,0.21333333333333332,4.62962962962963,1.4285714285714286,0.04,0.0,1
ASAP7,AND3X2,AND3x2_ASAP7_6t_L,C,Y,rise,160.0,0.046079999999999996,0.7,25.0,149.335,1.0,0.27,0.27,0,1,1,5.081404364984463,0.04504984455370874,3.7037037037037033,3.7037037037037033,0.17066666666666663,0.17066666666666663,0.17066666666666663,3.7037037037037033,1.4285714285714286,0.04,0.0,1
ASAP7,NAND3X2,NAND3x2_ASAP7_6t_L,A,Y,rise,10.0,0.011519999999999999,0.7,25.0,37.5393,0.33333333333333326,0.324,0.9720000000000002,0,1,1,2.3978952727983707,0.011454150045115854,3.0864197530864197,1.0288065843621397,0.03555555555555555,0.011851851851851848,0.03555555555555555,3.0864197530864197,1.4285714285714286,0.04,-0.5,1
ASAP7,OR3X2,OR3x2_ASAP7_6t_L,B,Y,rise,10.0,0.0057599999999999995,0.7,25.0,27.6286,1.0,0.27,0.27,0,1,1,2.3978952727983707,0.005743474627065725,3.7037037037037033,3.7037037037037033,0.02133333333333333,0.02133333333333333,0.02133333333333333,3.7037037037037033,1.4285714285714286,0.04,0.0,1
ASAP7,OR4X1,OR4x1_ASAP7_6t_L,B,Y,rise,40.0,0.023039999999999998,0.7,25.0,129.574,1.0,0.27,0.27,0,1,1,3.713572066704308,0.022778586889339574,3.7037037037037033,3.7037037037037033,0.08533333333333332,0.08533333333333332,0.08533333333333332,3.7037037037037033,1.4285714285714286,0.04,0.0,1
ASAP7,OR3X2,OR3x2_ASAP7_6t_L,C,Y,fall,160.0,0.0028799999999999997,0.7,25.0,52.7351,1.0,0.27,0.27,0,1,1,5.081404364984463,0.002875860745464264,3.7037037037037033,3.7037037037037033,0.010666666666666665,0.010666666666666665,0.010666666666666665,3.7037037037037033,1.4285714285714286,0.04,0.0,1
ASAP7,INVX4,INVx4_ASAP7_6t_L,A,Y,rise,80.0,0.0028799999999999997,0.7,25.0,18.3566,1.0,0.216,0.216,1,1,1,4.394449154672439,0.002875860745464264,4.62962962962963,4.62962962962963,0.013333333333333332,0.013333333333333332,0.013333333333333332,4.62962962962963,1.4285714285714286,0.04,0.0,1
ASAP7,INVX8,INVx8_ASAP7_6t_L,A,Y,rise,40.0,0.023039999999999998,0.7,25.0,28.6239,1.0,0.43199999999999994,0.43199999999999994,1,1,1,3.713572066704308,0.022778586889339574,2.3148148148148153,2.3148148148148153,0.053333333333333344,0.053333333333333344,0.053333333333333344,2.3148148148148153,1.4285714285714286,0.04,0.0,1
ASAP7,AND3X2,AND3x2_ASAP7_6t_L,C,Y,fall,80.0,0.046079999999999996,0.7,25.0,125.047,1.0,0.27,0.27,0,1,1,4.394449154672439,0.04504984455370874,3.7037037037037033,3.7037037037037033,0.17066666666666663,0.17066666666666663,0.17066666666666663,3.7037037037037033,1.4285714285714286,0.04,0.0,1
ASAP7,OR2X4,OR2x4_ASAP7_6t_L,A,Y,rise,10.0,0.0028799999999999997,0.7,25.0,19.7759,1.0,0.324,0.324,0,1,1,2.3978952727983707,0.002875860745464264,3.0864197530864197,3.0864197530864197,0.008888888888888887,0.008888888888888887,0.008888888888888887,3.0864197530864197,1.4285714285714286,0.04,0.0,1
ASAP7,OR3X4,OR3x4_ASAP7_6t_L,C,Y,rise,40.0,0.09215999999999999,0.7,25.0,140.52,1.0,0.37799999999999995,0.37799999999999995,0,1,1,3.713572066704308,0.08815738673620516,2.645502645502646,2.645502645502646,0.24380952380952384,0.24380952380952384,0.24380952380952384,2.645502645502646,1.4285714285714286,0.04,0.0,1
ASAP7,OR3X4,OR3x4_ASAP7_6t_L,C,Y,fall,320.0,0.046079999999999996,0.7,25.0,135.121,1.0,0.37799999999999995,0.37799999999999995,0,1,1,5.771441123130016,0.04504984455370874,2.645502645502646,2.645502645502646,0.12190476190476192,0.12190476190476192,0.12190476190476192,2.645502645502646,1.4285714285714286,0.04,0.0,1
ASAP7,INVX4,INVx4_ASAP7_6t_L,A,Y,rise,5.0,0.0057599999999999995,0.7,25.0,10.3776,1.0,0.216,0.216,1,1,1,1.791759469228055,0.005743474627065725,4.62962962962963,4.62962962962963,0.026666666666666665,0.026666666666666665,0.026666666666666665,4.62962962962963,1.4285714285714286,0.04,0.0,1
ASAP7,AND3X1,AND3x1_ASAP7_6t_L,C,Y,rise,40.0,0.0028799999999999997,0.7,25.0,36.2348,1.0,0.216,0.216,0,1,1,3.713572066704308,0.002875860745464264,4.62962962962963,4.62962962962963,0.013333333333333332,0.013333333333333332,0.013333333333333332,4.62962962962963,1.4285714285714286,0.04,0.0,1
ASAP7,NAND2X2,NAND2x2_ASAP7_6t_L,A,Y,fall,80.0,0.0014399999999999999,0.7,25.0,9.81181,0.5000000000000001,0.216,0.43199999999999994,0,1,1,4.394449154672439,0.0014389641942542826,4.62962962962963,2.3148148148148153,0.006666666666666666,0.003333333333333334,0.003333333333333334,2.3148148148148153,1.4285714285714286,0.04,-0.3333333333333333,1
ASAP7,INVX1,INVx1_ASAP7_6t_L,A,Y,rise,80.0,0.0014399999999999999,0.7,25.0,26.2328,1.0,0.054,0.054,1,1,1,4.394449154672439,0.0014389641942542826,18.51851851851852,18.51851851851852,0.026666666666666665,0.026666666666666665,0.026666666666666665,18.51851851851852,1.4285714285714286,0.04,0.0,1
ASAP7,NAND2X1,NAND2x1_ASAP7_6t_L,B,Y,rise,20.0,0.0028799999999999997,0.7,25.0,24.0741,0.5,0.108,0.216,0,1,1,3.044522437723423,0.002875860745464264,9.25925925925926,4.62962962962963,0.026666666666666665,0.013333333333333332,0.026666666666666665,9.25925925925926,1.4285714285714286,0.04,-0.3333333333333333,1
ASAP7,XOR2X2,XOR2x2_ASAP7_6t_L,A,Y,rise,80.0,0.0014399999999999999,0.7,25.0,35.0992,1.0,0.37799999999999995,0.37799999999999995,0,1,1,4.394449154672439,0.0014389641942542826,2.645502645502646,2.645502645502646,0.00380952380952381,0.00380952380952381,0.00380952380952381,2.645502645502646,1.4285714285714286,0.04,0.0,1
ASAP7,NAND3X1,NAND3x1_ASAP7_6t_L,C,Y,fall,320.0,0.046079999999999996,0.7,25.0,185.189,0.3333333333333333,0.162,0.486,0,1,1,5.771441123130016,0.04504984455370874,6.172839506172839,2.05761316872428,0.2844444444444444,0.09481481481481481,0.09481481481481481,2.05761316872428,1.4285714285714286,0.04,-0.4999999999999999,1
ASAP7,AND3X1,AND3x1_ASAP7_6t_L,A,Y,fall,20.0,0.0014399999999999999,0.7,25.0,20.773,1.0,0.216,0.216,0,1,1,3.044522437723423,0.0014389641942542826,4.62962962962963,4.62962962962963,0.006666666666666666,0.006666666666666666,0.006666666666666666,4.62962962962963,1.4285714285714286,0.04,0.0,1
ASAP7,NOR2X2,NOR2x2_ASAP7_6t_L,B,Y,rise,40.0,0.09215999999999999,0.7,25.0,229.19,1.9999999999999998,0.43199999999999994,0.216,0,1,1,3.713572066704308,0.08815738673620516,2.3148148148148153,4.62962962962963,0.21333333333333337,0.42666666666666664,0.21333333333333337,2.3148148148148153,1.4285714285714286,0.04,0.3333333333333333,1
ASAP7,XOR2X2,XOR2x2_ASAP7_6t_L,A,Y,fall,160.0,0.023039999999999998,0.7,25.0,82.5116,1.0,0.37799999999999995,0.37799999999999995,0,1,1,5.081404364984463,0.022778586889339574,2.645502645502646,2.645502645502646,0.06095238095238096,0.06095238095238096,0.06095238095238096,2.645502645502646,1.4285714285714286,0.04,0.0,1
ASAP7,XOR2X2,XOR2x2_ASAP7_6t_L,B,Y,fall,160.0,0.046079999999999996,0.7,25.0,124.282,1.0,0.37799999999999995,0.37799999999999995,0,1,1,5.081404364984463,0.04504984455370874,2.645502645502646,2.645502645502646,0.12190476190476192,0.12190476190476192,0.12190476190476192,2.645502645502646,1.4285714285714286,0.04,0.0,1
ASAP7,AND4X2,AND4x2_ASAP7_6t_L,A,Y,fall,5.0,0.09215999999999999,0.7,25.0,202.372,1.0,0.324,0.324,0,1,1,1.791759469228055,0.08815738673620516,3.0864197530864197,3.0864197530864197,0.2844444444444444,0.2844444444444444,0.2844444444444444,3.0864197530864197,1.4285714285714286,0.04,0.0,1
ASAP7,INVX1,INVx1_ASAP7_6t_L,A,Y,rise,80.0,0.0028799999999999997,0.7,25.0,37.4775,1.0,0.054,0.054,1,1,1,4.394449154672439,0.002875860745464264,18.51851851851852,18.51851851851852,0.05333333333333333,0.05333333333333333,0.05333333333333333,18.51851851851852,1.4285714285714286,0.04,0.0,1
ASAP7,NAND2X1,NAND2x1_ASAP7_6t_L,B,Y,rise,20.0,0.011519999999999999,0.7,25.0,66.6623,0.5,0.108,0.216,0,1,1,3.044522437723423,0.011454150045115854,9.25925925925926,4.62962962962963,0.10666666666666666,0.05333333333333333,0.10666666666666666,9.25925925925926,1.4285714285714286,0.04,-0.3333333333333333,1
ASAP7,INVX4,INVx4_ASAP7_6t_L,A,Y,fall,320.0,0.09215999999999999,0.7,25.0,180.74,1.0,0.216,0.216,1,1,1,5.771441123130016,0.08815738673620516,4.62962962962963,4.62962962962963,0.42666666666666664,0.42666666666666664,0.42666666666666664,4.62962962962963,1.4285714285714286,0.04,0.0,1
ASAP7,OR4X2,OR4x2_ASAP7_6t_L,B,Y,fall,5.0,0.046079999999999996,0.7,25.0,137.428,1.3333333333333335,0.216,0.162,0,1,1,1.791759469228055,0.04504984455370874,4.62962962962963,6.172839506172839,0.21333333333333332,0.2844444444444444,0.2844444444444444,6.172839506172839,1.4285714285714286,0.04,0.14285714285714285,1
ASAP7,NAND3X2,NAND3x2_ASAP7_6t_L,B,Y,rise,20.0,0.023039999999999998,0.7,25.0,70.9823,0.33333333333333326,0.324,0.9720000000000002,0,1,1,3.044522437723423,0.022778586889339574,3.0864197530864197,1.0288065843621397,0.0711111111111111,0.023703703703703696,0.0711111111111111,3.0864197530864197,1.4285714285714286,0.04,-0.5,1
ASAP7,AND3X4,AND3x4_ASAP7_6t_L,C,Y,fall,10.0,0.0028799999999999997,0.7,25.0,26.5279,0.7,0.37799999999999995,0.54,0,1,1,2.3978952727983707,0.002875860745464264,2.645502645502646,1.8518518518518516,0.00761904761904762,0.005333333333333332,0.005333333333333332,1.8518518518518516,1.4285714285714286,0.04,-0.17647058823529424,1
ASAP7,AND2X2,AND2x2_ASAP7_6t_L,A,Y,rise,20.0,0.09215999999999999,0.7,25.0,245.113,0.75,0.162,0.216,0,1,1,3.044522437723423,0.08815738673620516,6.172839506172839,4.62962962962963,0.5688888888888888,0.42666666666666664,0.5688888888888888,6.172839506172839,1.4285714285714286,0.04,-0.14285714285714285,1
ASAP7,AND3X1,AND3x1_ASAP7_6t_L,B,Y,rise,5.0,0.0007199999999999999,0.7,25.0,21.194,1.0,0.216,0.216,0,1,1,1.791759469228055,0.0007197409243488539,4.62962962962963,4.62962962962963,0.003333333333333333,0.003333333333333333,0.003333333333333333,4.62962962962963,1.4285714285714286,0.04,0.0,1
ASAP7,NOR3X2,NOR3x2_ASAP7_6t_L,B,Y,fall,160.0,0.09215999999999999,0.7,25.0,242.354,3.0000000000000004,0.9720000000000002,0.324,0,1,1,5.081404364984463,0.08815738673620516,1.0288065843621397,3.0864197530864197,0.09481481481481478,0.2844444444444444,0.2844444444444444,3.0864197530864197,1.4285714285714286,0.04,0.5,1
ASAP7,OR3X4,OR3x4_ASAP7_6t_L,B,Y,rise,5.0,0.0057599999999999995,0.7,25.0,23.5372,1.0,0.37799999999999995,0.37799999999999995,0,1,1,1.791759469228055,0.005743474627065725,2.645502645502646,2.645502645502646,0.01523809523809524,0.01523809523809524,0.01523809523809524,2.645502645502646,1.4285714285714286,0.04,0.0,1
ASAP7,XOR2X2,XOR2x2_ASAP7_6t_L,B,Y,fall,20.0,0.023039999999999998,0.7,25.0,69.9339,1.0,0.37799999999999995,0.37799999999999995,0,1,1,3.044522437723423,0.022778586889339574,2.645502645502646,2.645502645502646,0.06095238095238096,0.06095238095238096,0.06095238095238096,2.645502645502646,1.4285714285714286,0.04,0.0,1
ASAP7,AND2X4,AND2x4_ASAP7_6t_L,B,Y,fall,320.0,0.046079999999999996,0.7,25.0,91.487,1.0,0.43199999999999994,0.43199999999999994,0,1,1,5.771441123130016,0.04504984455370874,2.3148148148148153,2.3148148148148153,0.10666666666666669,0.10666666666666669,0.10666666666666669,2.3148148148148153,1.4285714285714286,0.04,0.0,1
ASAP7,OR4X2,OR4x2_ASAP7_6t_L,D,Y,fall,80.0,0.09215999999999999,0.7,25.0,241.374,1.3333333333333335,0.216,0.162,0,1,1,4.394449154672439,0.08815738673620516,4.62962962962963,6.172839506172839,0.42666666666666664,0.5688888888888888,0.5688888888888888,6.172839506172839,1.4285714285714286,0.04,0.14285714285714285,1
ASAP7,OR4X2,OR4x2_ASAP7_6t_L,D,Y,fall,10.0,0.011519999999999999,0.7,25.0,67.2282,1.3333333333333335,0.216,0.162,0,1,1,2.3978952727983707,0.011454150045115854,4.62962962962963,6.172839506172839,0.05333333333333333,0.0711111111111111,0.0711111111111111,6.172839506172839,1.4285714285714286,0.04,0.14285714285714285,1
ASAP7,AND4X1,AND4x1_ASAP7_6t_L,D,Y,fall,5.0,0.0007199999999999999,0.7,25.0,15.4278,1.0,0.27,0.27,0,1,1,1.791759469228055,0.0007197409243488539,3.7037037037037033,3.7037037037037033,0.002666666666666666,0.002666666666666666,0.002666666666666666,3.7037037037037033,1.4285714285714286,0.04,0.0,1
ASAP7,NAND3X1,NAND3x1_ASAP7_6t_L,C,Y,fall,80.0,0.011519999999999999,0.7,25.0,50.9991,0.3333333333333333,0.162,0.486,0,1,1,4.394449154672439,0.011454150045115854,6.172839506172839,2.05761316872428,0.0711111111111111,0.023703703703703703,0.023703703703703703,2.05761316872428,1.4285714285714286,0.04,-0.4999999999999999,1
ASAP7,OR4X1,OR4x1_ASAP7_6t_L,B,Y,fall,40.0,0.0014399999999999999,0.7,25.0,40.9089,1.0,0.27,0.27,0,1,1,3.713572066704308,0.0014389641942542826,3.7037037037037033,3.7037037037037033,0.005333333333333332,0.005333333333333332,0.005333333333333332,3.7037037037037033,1.4285714285714286,0.04,0.0,1
ASAP7,NOR3X2,NOR3x2_ASAP7_6t_L,C,Y,rise,320.0,0.011519999999999999,0.7,25.0,56.9913,3.0000000000000004,0.9720000000000002,0.324,0,1,1,5.771441123130016,0.011454150045115854,1.0288065843621397,3.0864197530864197,0.011851851851851848,0.03555555555555555,0.011851851851851848,1.0288065843621397,1.4285714285714286,0.04,0.5,1
ASAP7,NOR2X1,NOR2x1_ASAP7_6t_L,B,Y,rise,160.0,0.0057599999999999995,0.7,25.0,66.0813,2.0,0.216,0.108,0,1,1,5.081404364984463,0.005743474627065725,4.62962962962963,9.25925925925926,0.026666666666666665,0.05333333333333333,0.026666666666666665,4.62962962962963,1.4285714285714286,0.04,0.3333333333333333,1
ASAP7,AND3X4,AND3x4_ASAP7_6t_L,C,Y,fall,80.0,0.011519999999999999,0.7,25.0,56.5454,0.7,0.37799999999999995,0.54,0,1,1,4.394449154672439,0.011454150045115854,2.645502645502646,1.8518518518518516,0.03047619047619048,0.02133333333333333,0.02133333333333333,1.8518518518518516,1.4285714285714286,0.04,-0.17647058823529424,1
ASAP7,NAND3X1,NAND3x1_ASAP7_6t_L,C,Y,fall,20.0,0.011519999999999999,0.7,25.0,45.8803,0.3333333333333333,0.162,0.486,0,1,1,3.044522437723423,0.011454150045115854,6.172839506172839,2.05761316872428,0.0711111111111111,0.023703703703703703,0.023703703703703703,2.05761316872428,1.4285714285714286,0.04,-0.4999999999999999,1
ASAP7,OR4X1,OR4x1_ASAP7_6t_L,B,Y,fall,20.0,0.011519999999999999,0.7,25.0,82.3083,1.0,0.27,0.27,0,1,1,3.044522437723423,0.011454150045115854,3.7037037037037033,3.7037037037037033,0.04266666666666666,0.04266666666666666,0.04266666666666666,3.7037037037037033,1.4285714285714286,0.04,0.0,1
ASAP7,BUFX2,BUFx2_ASAP7_6t_L,A,Y,fall,160.0,0.023039999999999998,0.7,25.0,95.4966,1.0,0.135,0.135,0,1,1,5.081404364984463,0.022778586889339574,7.4074074074074066,7.4074074074074066,0.17066666666666663,0.17066666666666663,0.17066666666666663,7.4074074074074066,1.4285714285714286,0.04,0.0,1
ASAP7,AND2X2,AND2x2_ASAP7_6t_L,A,Y,rise,320.0,0.09215999999999999,0.7,25.0,250.484,0.75,0.162,0.216,0,1,1,5.771441123130016,0.08815738673620516,6.172839506172839,4.62962962962963,0.5688888888888888,0.42666666666666664,0.5688888888888888,6.172839506172839,1.4285714285714286,0.04,-0.14285714285714285,1
ASAP7,OR3X2,OR3x2_ASAP7_6t_L,B,Y,fall,5.0,0.046079999999999996,0.7,25.0,127.008,1.0,0.27,0.27,0,1,1,1.791759469228055,0.04504984455370874,3.7037037037037033,3.7037037037037033,0.17066666666666663,0.17066666666666663,0.17066666666666663,3.7037037037037033,1.4285714285714286,0.04,0.0,1
ASAP7,AND3X4,AND3x4_ASAP7_6t_L,B,Y,rise,160.0,0.18431999999999998,0.7,25.0,264.156,0.7,0.37799999999999995,0.54,0,1,1,5.081404364984463,0.16916877021565407,2.645502645502646,1.8518518518518516,0.4876190476190477,0.34133333333333327,0.4876190476190477,2.645502645502646,1.4285714285714286,0.04,-0.17647058823529424,1
ASAP7,AND3X1,AND3x1_ASAP7_6t_L,C,Y,fall,320.0,0.023039999999999998,0.7,25.0,142.424,1.0,0.216,0.216,0,1,1,5.771441123130016,0.022778586889339574,4.62962962962963,4.62962962962963,0.10666666666666666,0.10666666666666666,0.10666666666666666,4.62962962962963,1.4285714285714286,0.04,0.0,1
ASAP7,OR3X4,OR3x4_ASAP7_6t_L,B,Y,fall,80.0,0.18431999999999998,0.7,25.0,252.519,1.0,0.37799999999999995,0.37799999999999995,0,1,1,4.394449154672439,0.16916877021565407,2.645502645502646,2.645502645502646,0.4876190476190477,0.4876190476190477,0.4876190476190477,2.645502645502646,1.4285714285714286,0.04,0.0,1
ASAP7,OR3X1,OR3x1_ASAP7_6t_L,C,Y,rise,320.0,0.0057599999999999995,0.7,25.0,53.2303,1.0,0.216,0.216,0,1,1,5.771441123130016,0.005743474627065725,4.62962962962963,4.62962962962963,0.026666666666666665,0.026666666666666665,0.026666666666666665,4.62962962962963,1.4285714285714286,0.04,0.0,1
ASAP7,INVX2,INVx2_ASAP7_6t_L,A,Y,fall,320.0,0.011519999999999999,0.7,25.0,72.1266,1.0,0.108,0.108,1,1,1,5.771441123130016,0.011454150045115854,9.25925925925926,9.25925925925926,0.10666666666666666,0.10666666666666666,0.10666666666666666,9.25925925925926,1.4285714285714286,0.04,0.0,1
ASAP7,NOR3X1,NOR3x1_ASAP7_6t_L,A,Y,rise,160.0,0.0028799999999999997,0.7,25.0,42.1653,3.0,0.486,0.162,0,1,1,5.081404364984463,0.002875860745464264,2.05761316872428,6.172839506172839,0.005925925925925926,0.017777777777777774,0.005925925925925926,2.05761316872428,1.4285714285714286,0.04,0.4999999999999999,1
ASAP7,NOR3X2,NOR3x2_ASAP7_6t_L,C,Y,rise,40.0,0.011519999999999999,0.7,25.0,40.3445,3.0000000000000004,0.9720000000000002,0.324,0,1,1,3.713572066704308,0.011454150045115854,1.0288065843621397,3.0864197530864197,0.011851851851851848,0.03555555555555555,0.011851851851851848,1.0288065843621397,1.4285714285714286,0.04,0.5,1
ASAP7,AND3X4,AND3x4_ASAP7_6t_L,C,Y,rise,5.0,0.09215999999999999,0.7,25.0,138.154,0.7,0.37799999999999995,0.54,0,1,1,1.791759469228055,0.08815738673620516,2.645502645502646,1.8518518518518516,0.24380952380952384,0.17066666666666663,0.24380952380952384,2.645502645502646,1.4285714285714286,0.04,-0.17647058823529424,1
ASAP7,AND3X4,AND3x4_ASAP7_6t_L,A,Y,fall,160.0,0.09215999999999999,0.7,25.0,146.945,0.7,0.37799999999999995,0.54,0,1,1,5.081404364984463,0.08815738673620516,2.645502645502646,1.8518518518518516,0.24380952380952384,0.17066666666666663,0.17066666666666663,1.8518518518518516,1.4285714285714286,0.04,-0.17647058823529424,1
ASAP7,OR4X2,OR4x2_ASAP7_6t_L,A,Y,rise,20.0,0.0014399999999999999,0.7,25.0,18.5245,1.3333333333333335,0.216,0.162,0,1,1,3.044522437723423,0.0014389641942542826,4.62962962962963,6.172839506172839,0.006666666666666666,0.008888888888888887,0.006666666666666666,4.62962962962963,1.4285714285714286,0.04,0.14285714285714285,1
ASAP7,AND4X2,AND4x2_ASAP7_6t_L,D,Y,rise,80.0,0.011519999999999999,0.7,25.0,65.36,1.0,0.324,0.324,0,1,1,4.394449154672439,0.011454150045115854,3.0864197530864197,3.0864197530864197,0.03555555555555555,0.03555555555555555,0.03555555555555555,3.0864197530864197,1.4285714285714286,0.04,0.0,1
ASAP7,AND3X2,AND3x2_ASAP7_6t_L,B,Y,rise,320.0,0.011519999999999999,0.7,25.0,80.3452,1.0,0.27,0.27,0,1,1,5.771441123130016,0.011454150045115854,3.7037037037037033,3.7037037037037033,0.04266666666666666,0.04266666666666666,0.04266666666666666,3.7037037037037033,1.4285714285714286,0.04,0.0,1
ASAP7,BUFX8,BUFx8_ASAP7_6t_L,A,Y,rise,5.0,0.023039999999999998,0.7,25.0,28.7863,1.0,0.54,0.54,0,1,1,1.791759469228055,0.022778586889339574,1.8518518518518516,1.8518518518518516,0.04266666666666666,0.04266666666666666,0.04266666666666666,1.8518518518518516,1.4285714285714286,0.04,0.0,1
ASAP7,NOR2X1,NOR2x1_ASAP7_6t_L,B,Y,fall,20.0,0.0028799999999999997,0.7,25.0,20.792,2.0,0.216,0.108,0,1,1,3.044522437723423,0.002875860745464264,4.62962962962963,9.25925925925926,0.013333333333333332,0.026666666666666665,0.026666666666666665,9.25925925925926,1.4285714285714286,0.04,0.3333333333333333,1
ASAP7,NAND2X1,NAND2x1_ASAP7_6t_L,B,Y,fall,20.0,0.0028799999999999997,0.7,25.0,17.9734,0.5,0.108,0.216,0,1,1,3.044522437723423,0.002875860745464264,9.25925925925926,4.62962962962963,0.026666666666666665,0.013333333333333332,0.013333333333333332,4.62962962962963,1.4285714285714286,0.04,-0.3333333333333333,1
ASAP7,OR4X1,OR4x1_ASAP7_6t_L,C,Y,fall,320.0,0.023039999999999998,0.7,25.0,171.45,1.0,0.27,0.27,0,1,1,5.771441123130016,0.022778586889339574,3.7037037037037033,3.7037037037037033,0.08533333333333332,0.08533333333333332,0.08533333333333332,3.7037037037037033,1.4285714285714286,0.04,0.0,1
ASAP7,BUFX2,BUFx2_ASAP7_6t_L,A,Y,fall,40.0,0.011519999999999999,0.7,25.0,52.0516,1.0,0.135,0.135,0,1,1,3.713572066704308,0.011454150045115854,7.4074074074074066,7.4074074074074066,0.08533333333333332,0.08533333333333332,0.08533333333333332,7.4074074074074066,1.4285714285714286,0.04,0.0,1
ASAP7,AND3X4,AND3x4_ASAP7_6t_L,C,Y,fall,80.0,0.18431999999999998,0.7,25.0,235.595,0.7,0.37799999999999995,0.54,0,1,1,4.394449154672439,0.16916877021565407,2.645502645502646,1.8518518518518516,0.4876190476190477,0.34133333333333327,0.34133333333333327,1.8518518518518516,1.4285714285714286,0.04,-0.17647058823529424,1
ASAP7,AND3X1,AND3x1_ASAP7_6t_L,B,Y,rise,10.0,0.023039999999999998,0.7,25.0,133.393,1.0,0.216,0.216,0,1,1,2.3978952727983707,0.022778586889339574,4.62962962962963,4.62962962962963,0.10666666666666666,0.10666666666666666,0.10666666666666666,4.62962962962963,1.4285714285714286,0.04,0.0,1
ASAP7,OR2X2,OR2x2_ASAP7_6t_L,B,Y,fall,20.0,0.011519999999999999,0.7,25.0,46.3145,1.3333333333333335,0.216,0.162,0,1,1,3.044522437723423,0.011454150045115854,4.62962962962963,6.172839506172839,0.05333333333333333,0.0711111111111111,0.0711111111111111,6.172839506172839,1.4285714285714286,0.04,0.14285714285714285,1
ASAP7,XOR2X2,XOR2x2_ASAP7_6t_L,A,Y,fall,80.0,0.0057599999999999995,0.7,25.0,41.7473,1.0,0.37799999999999995,0.37799999999999995,0,1,1,4.394449154672439,0.005743474627065725,2.645502645502646,2.645502645502646,0.01523809523809524,0.01523809523809524,0.01523809523809524,2.645502645502646,1.4285714285714286,0.04,0.0,1
ASAP7,OR3X2,OR3x2_ASAP7_6t_L,B,Y,fall,40.0,0.0028799999999999997,0.7,25.0,40.6892,1.0,0.27,0.27,0,1,1,3.713572066704308,0.002875860745464264,3.7037037037037033,3.7037037037037033,0.010666666666666665,0.010666666666666665,0.010666666666666665,3.7037037037037033,1.4285714285714286,0.04,0.0,1
ASAP7,AND4X2,AND4x2_ASAP7_6t_L,C,Y,rise,40.0,0.09215999999999999,0.7,25.0,263.505,1.0,0.324,0.324,0,1,1,3.713572066704308,0.08815738673620516,3.0864197530864197,3.0864197530864197,0.2844444444444444,0.2844444444444444,0.2844444444444444,3.0864197530864197,1.4285714285714286,0.04,0.0,1
ASAP7,XOR2X2,XOR2x2_ASAP7_6t_L,A,Y,rise,160.0,0.023039999999999998,0.7,25.0,85.3777,1.0,0.37799999999999995,0.37799999999999995,0,1,1,5.081404364984463,0.022778586889339574,2.645502645502646,2.645502645502646,0.06095238095238096,0.06095238095238096,0.06095238095238096,2.645502645502646,1.4285714285714286,0.04,0.0,1
ASAP7,AND4X2,AND4x2_ASAP7_6t_L,C,Y,fall,20.0,0.011519999999999999,0.7,25.0,42.8053,1.0,0.324,0.324,0,1,1,3.044522437723423,0.011454150045115854,3.0864197530864197,3.0864197530864197,0.03555555555555555,0.03555555555555555,0.03555555555555555,3.0864197530864197,1.4285714285714286,0.04,0.0,1
ASAP7,NOR3X1,NOR3x1_ASAP7_6t_L,C,Y,fall,160.0,0.0014399999999999999,0.7,25.0,41.0336,3.0,0.486,0.162,0,1,1,5.081404364984463,0.0014389641942542826,2.05761316872428,6.172839506172839,0.002962962962962963,0.008888888888888887,0.008888888888888887,6.172839506172839,1.4285714285714286,0.04,0.4999999999999999,1
ASAP7,OR2X4,OR2x4_ASAP7_6t_L,B,Y,fall,10.0,0.09215999999999999,0.7,25.0,126.93,1.0,0.324,0.324,0,1,1,2.3978952727983707,0.08815738673620516,3.0864197530864197,3.0864197530864197,0.2844444444444444,0.2844444444444444,0.2844444444444444,3.0864197530864197,1.4285714285714286,0.04,0.0,1
ASAP7,OR3X1,OR3x1_ASAP7_6t_L,B,Y,fall,5.0,0.046079999999999996,0.7,25.0,213.612,1.0,0.216,0.216,0,1,1,1.791759469228055,0.04504984455370874,4.62962962962963,4.62962962962963,0.21333333333333332,0.21333333333333332,0.21333333333333332,4.62962962962963,1.4285714285714286,0.04,0.0,1
ASAP7,AND4X1,AND4x1_ASAP7_6t_L,D,Y,fall,160.0,0.046079999999999996,0.7,25.0,224.961,1.0,0.27,0.27,0,1,1,5.081404364984463,0.04504984455370874,3.7037037037037033,3.7037037037037033,0.17066666666666663,0.17066666666666663,0.17066666666666663,3.7037037037037033,1.4285714285714286,0.04,0.0,1
ASAP7,NAND3X1,NAND3x1_ASAP7_6t_L,B,Y,rise,5.0,0.011519999999999999,0.7,25.0,65.8614,0.3333333333333333,0.162,0.486,0,1,1,1.791759469228055,0.011454150045115854,6.172839506172839,2.05761316872428,0.0711111111111111,0.023703703703703703,0.0711111111111111,6.172839506172839,1.4285714285714286,0.04,-0.4999999999999999,1
ASAP7,OR3X1,OR3x1_ASAP7_6t_L,A,Y,fall,20.0,0.023039999999999998,0.7,25.0,122.108,1.0,0.216,0.216,0,1,1,3.044522437723423,0.022778586889339574,4.62962962962963,4.62962962962963,0.10666666666666666,0.10666666666666666,0.10666666666666666,4.62962962962963,1.4285714285714286,0.04,0.0,1
ASAP7,OR3X4,OR3x4_ASAP7_6t_L,C,Y,fall,10.0,0.023039999999999998,0.7,25.0,70.9129,1.0,0.37799999999999995,0.37799999999999995,0,1,1,2.3978952727983707,0.022778586889339574,2.645502645502646,2.645502645502646,0.06095238095238096,0.06095238095238096,0.06095238095238096,2.645502645502646,1.4285714285714286,0.04,0.0,1
ASAP7,AND4X1,AND4x1_ASAP7_6t_L,B,Y,rise,40.0,0.0014399999999999999,0.7,25.0,35.3845,1.0,0.27,0.27,0,1,1,3.713572066704308,0.0014389641942542826,3.7037037037037033,3.7037037037037033,0.005333333333333332,0.005333333333333332,0.005333333333333332,3.7037037037037033,1.4285714285714286,0.04,0.0,1
ASAP7,OR3X2,OR3x2_ASAP7_6t_L,B,Y,rise,5.0,0.011519999999999999,0.7,25.0,40.5802,1.0,0.27,0.27,0,1,1,1.791759469228055,0.011454150045115854,3.7037037037037033,3.7037037037037033,0.04266666666666666,0.04266666666666666,0.04266666666666666,3.7037037037037033,1.4285714285714286,0.04,0.0,1
ASAP7,AND3X1,AND3x1_ASAP7_6t_L,C,Y,fall,10.0,0.023039999999999998,0.7,25.0,108.112,1.0,0.216,0.216,0,1,1,2.3978952727983707,0.022778586889339574,4.62962962962963,4.62962962962963,0.10666666666666666,0.10666666666666666,0.10666666666666666,4.62962962962963,1.4285714285714286,0.04,0.0,1
ASAP7,OR4X2,OR4x2_ASAP7_6t_L,B,Y,fall,5.0,0.09215999999999999,0.7,25.0,232.026,1.3333333333333335,0.216,0.162,0,1,1,1.791759469228055,0.08815738673620516,4.62962962962963,6.172839506172839,0.42666666666666664,0.5688888888888888,0.5688888888888888,6.172839506172839,1.4285714285714286,0.04,0.14285714285714285,1
ASAP7,OR2X2,OR2x2_ASAP7_6t_L,A,Y,rise,20.0,0.0014399999999999999,0.7,25.0,24.7836,1.3333333333333335,0.216,0.162,0,1,1,3.044522437723423,0.0014389641942542826,4.62962962962963,6.172839506172839,0.006666666666666666,0.008888888888888887,0.006666666666666666,4.62962962962963,1.4285714285714286,0.04,0.14285714285714285,1
ASAP7,NOR3X1,NOR3x1_ASAP7_6t_L,B,Y,fall,320.0,0.046079999999999996,0.7,25.0,289.352,3.0,0.486,0.162,0,1,1,5.771441123130016,0.04504984455370874,2.05761316872428,6.172839506172839,0.09481481481481481,0.2844444444444444,0.2844444444444444,6.172839506172839,1.4285714285714286,0.04,0.4999999999999999,1
ASAP7,AND3X1,AND3x1_ASAP7_6t_L,C,Y,fall,5.0,0.023039999999999998,0.7,25.0,106.639,1.0,0.216,0.216,0,1,1,1.791759469228055,0.022778586889339574,4.62962962962963,4.62962962962963,0.10666666666666666,0.10666666666666666,0.10666666666666666,4.62962962962963,1.4285714285714286,0.04,0.0,1
ASAP7,OR3X1,OR3x1_ASAP7_6t_L,C,Y,fall,160.0,0.0007199999999999999,0.7,25.0,41.3377,1.0,0.216,0.216,0,1,1,5.081404364984463,0.0007197409243488539,4.62962962962963,4.62962962962963,0.003333333333333333,0.003333333333333333,0.003333333333333333,4.62962962962963,1.4285714285714286,0.04,0.0,1
ASAP7,NOR2X2,NOR2x2_ASAP7_6t_L,B,Y,fall,160.0,0.0057599999999999995,0.7,25.0,41.6061,1.9999999999999998,0.43199999999999994,0.216,0,1,1,5.081404364984463,0.005743474627065725,2.3148148148148153,4.62962962962963,0.013333333333333336,0.026666666666666665,0.026666666666666665,4.62962962962963,1.4285714285714286,0.04,0.3333333333333333,1
ASAP7,AND4X1,AND4x1_ASAP7_6t_L,C,Y,rise,5.0,0.0014399999999999999,0.7,25.0,31.3812,1.0,0.27,0.27,0,1,1,1.791759469228055,0.0014389641942542826,3.7037037037037033,3.7037037037037033,0.005333333333333332,0.005333333333333332,0.005333333333333332,3.7037037037037033,1.4285714285714286,0.04,0.0,1
ASAP7,AND3X1,AND3x1_ASAP7_6t_L,A,Y,fall,40.0,0.0014399999999999999,0.7,25.0,23.9728,1.0,0.216,0.216,0,1,1,3.713572066704308,0.0014389641942542826,4.62962962962963,4.62962962962963,0.006666666666666666,0.006666666666666666,0.006666666666666666,4.62962962962963,1.4285714285714286,0.04,0.0,1
ASAP7,NAND2X1,NAND2x1_ASAP7_6t_L,A,Y,rise,10.0,0.011519999999999999,0.7,25.0,65.2417,0.5,0.108,0.216,0,1,1,2.3978952727983707,0.011454150045115854,9.25925925925926,4.62962962962963,0.10666666666666666,0.05333333333333333,0.10666666666666666,9.25925925925926,1.4285714285714286,0.04,-0.3333333333333333,1
ASAP7,NOR3X2,NOR3x2_ASAP7_6t_L,C,Y,fall,320.0,0.0028799999999999997,0.7,25.0,56.8022,3.0000000000000004,0.9720000000000002,0.324,0,1,1,5.771441123130016,0.002875860745464264,1.0288065843621397,3.0864197530864197,0.002962962962962962,0.008888888888888887,0.008888888888888887,3.0864197530864197,1.4285714285714286,0.04,0.5,1
ASAP7,NOR3X2,NOR3x2_ASAP7_6t_L,A,Y,fall,5.0,0.0028799999999999997,0.7,25.0,12.2623,3.0000000000000004,0.9720000000000002,0.324,0,1,1,1.791759469228055,0.002875860745464264,1.0288065843621397,3.0864197530864197,0.002962962962962962,0.008888888888888887,0.008888888888888887,3.0864197530864197,1.4285714285714286,0.04,0.5,1
ASAP7,AND3X2,AND3x2_ASAP7_6t_L,C,Y,fall,5.0,0.0014399999999999999,0.7,25.0,16.5814,1.0,0.27,0.27,0,1,1,1.791759469228055,0.0014389641942542826,3.7037037037037033,3.7037037037037033,0.005333333333333332,0.005333333333333332,0.005333333333333332,3.7037037037037033,1.4285714285714286,0.04,0.0,1
ASAP7,NAND2X1,NAND2x1_ASAP7_6t_L,B,Y,rise,5.0,0.023039999999999998,0.7,25.0,118.789,0.5,0.108,0.216,0,1,1,1.791759469228055,0.022778586889339574,9.25925925925926,4.62962962962963,0.21333333333333332,0.10666666666666666,0.21333333333333332,9.25925925925926,1.4285714285714286,0.04,-0.3333333333333333,1
ASAP7,OR4X1,OR4x1_ASAP7_6t_L,A,Y,fall,5.0,0.011519999999999999,0.7,25.0,77.7789,1.0,0.27,0.27,0,1,1,1.791759469228055,0.011454150045115854,3.7037037037037033,3.7037037037037033,0.04266666666666666,0.04266666666666666,0.04266666666666666,3.7037037037037033,1.4285714285714286,0.04,0.0,1
ASAP7,OR3X4,OR3x4_ASAP7_6t_L,B,Y,rise,160.0,0.023039999999999998,0.7,25.0,64.7108,1.0,0.37799999999999995,0.37799999999999995,0,1,1,5.081404364984463,0.022778586889339574,2.645502645502646,2.645502645502646,0.06095238095238096,0.06095238095238096,0.06095238095238096,2.645502645502646,1.4285714285714286,0.04,0.0,1
ASAP7,NAND3X1,NAND3x1_ASAP7_6t_L,C,Y,rise,40.0,0.0028799999999999997,0.7,25.0,36.12,0.3333333333333333,0.162,0.486,0,1,1,3.713572066704308,0.002875860745464264,6.172839506172839,2.05761316872428,0.017777777777777774,0.005925925925925926,0.017777777777777774,6.172839506172839,1.4285714285714286,0.04,-0.4999999999999999,1
ASAP7,OR3X4,OR3x4_ASAP7_6t_L,A,Y,fall,40.0,0.046079999999999996,0.7,25.0,103.555,1.0,0.37799999999999995,0.37799999999999995,0,1,1,3.713572066704308,0.04504984455370874,2.645502645502646,2.645502645502646,0.12190476190476192,0.12190476190476192,0.12190476190476192,2.645502645502646,1.4285714285714286,0.04,0.0,1
ASAP7,OR4X1,OR4x1_ASAP7_6t_L,A,Y,rise,320.0,0.0057599999999999995,0.7,25.0,42.6154,1.0,0.27,0.27,0,1,1,5.771441123130016,0.005743474627065725,3.7037037037037033,3.7037037037037033,0.02133333333333333,0.02133333333333333,0.02133333333333333,3.7037037037037033,1.4285714285714286,0.04,0.0,1
ASAP7,AND4X1,AND4x1_ASAP7_6t_L,B,Y,fall,20.0,0.0057599999999999995,0.7,25.0,39.4977,1.0,0.27,0.27,0,1,1,3.044522437723423,0.005743474627065725,3.7037037037037033,3.7037037037037033,0.02133333333333333,0.02133333333333333,0.02133333333333333,3.7037037037037033,1.4285714285714286,0.04,0.0,1
ASAP7,NAND2X2,NAND2x2_ASAP7_6t_L,A,Y,fall,10.0,0.0028799999999999997,0.7,25.0,10.4575,0.5000000000000001,0.216,0.43199999999999994,0,1,1,2.3978952727983707,0.002875860745464264,4.62962962962963,2.3148148148148153,0.013333333333333332,0.006666666666666668,0.006666666666666668,2.3148148148148153,1.4285714285714286,0.04,-0.3333333333333333,1
ASAP7,BUFX8,BUFx8_ASAP7_6t_L,A,Y,rise,10.0,0.18431999999999998,0.7,25.0,131.703,1.0,0.54,0.54,0,1,1,2.3978952727983707,0.16916877021565407,1.8518518518518516,1.8518518518518516,0.34133333333333327,0.34133333333333327,0.34133333333333327,1.8518518518518516,1.4285714285714286,0.04,0.0,1
ASAP7,NAND3X1,NAND3x1_ASAP7_6t_L,A,Y,fall,160.0,0.0014399999999999999,0.7,25.0,17.0601,0.3333333333333333,0.162,0.486,0,1,1,5.081404364984463,0.0014389641942542826,6.172839506172839,2.05761316872428,0.008888888888888887,0.002962962962962963,0.002962962962962963,2.05761316872428,1.4285714285714286,0.04,-0.4999999999999999,1
ASAP7,NAND2X1,NAND2x1_ASAP7_6t_L,A,Y,fall,160.0,0.0014399999999999999,0.7,25.0,14.4211,0.5,0.108,0.216,0,1,1,5.081404364984463,0.0014389641942542826,9.25925925925926,4.62962962962963,0.013333333333333332,0.006666666666666666,0.006666666666666666,4.62962962962963,1.4285714285714286,0.04,-0.3333333333333333,1
ASAP7,NAND3X1,NAND3x1_ASAP7_6t_L,A,Y,rise,160.0,0.023039999999999998,0.7,25.0,169.492,0.3333333333333333,0.162,0.486,0,1,1,5.081404364984463,0.022778586889339574,6.172839506172839,2.05761316872428,0.1422222222222222,0.047407407407407405,0.1422222222222222,6.172839506172839,1.4285714285714286,0.04,-0.4999999999999999,1
ASAP7,INVX8,INVx8_ASAP7_6t_L,A,Y,rise,80.0,0.09215999999999999,0.7,25.0,84.4679,1.0,0.43199999999999994,0.43199999999999994,1,1,1,4.394449154672439,0.08815738673620516,2.3148148148148153,2.3148148148148153,0.21333333333333337,0.21333333333333337,0.21333333333333337,2.3148148148148153,1.4285714285714286,0.04,0.0,1
ASAP7,XOR2X2,XOR2x2_ASAP7_6t_L,A,Y,fall,20.0,0.0014399999999999999,0.7,25.0,25.9641,1.0,0.37799999999999995,0.37799999999999995,0,1,1,3.044522437723423,0.0014389641942542826,2.645502645502646,2.645502645502646,0.00380952380952381,0.00380952380952381,0.00380952380952381,2.645502645502646,1.4285714285714286,0.04,0.0,1
ASAP7,NAND2X1,NAND2x1_ASAP7_6t_L,A,Y,rise,320.0,0.0057599999999999995,0.7,25.0,108.2,0.5,0.108,0.216,0,1,1,5.771441123130016,0.005743474627065725,9.25925925925926,4.62962962962963,0.05333333333333333,0.026666666666666665,0.05333333333333333,9.25925925925926,1.4285714285714286,0.04,-0.3333333333333333,1
ASAP7,OR4X2,OR4x2_ASAP7_6t_L,D,Y,fall,20.0,0.0057599999999999995,0.7,25.0,54.1735,1.3333333333333335,0.216,0.162,0,1,1,3.044522437723423,0.005743474627065725,4.62962962962963,6.172839506172839,0.026666666666666665,0.03555555555555555,0.03555555555555555,6.172839506172839,1.4285714285714286,0.04,0.14285714285714285,1
ASAP7,NAND3X1,NAND3x1_ASAP7_6t_L,B,Y,fall,5.0,0.023039999999999998,0.7,25.0,81.6833,0.3333333333333333,0.162,0.486,0,1,1,1.791759469228055,0.022778586889339574,6.172839506172839,2.05761316872428,0.1422222222222222,0.047407407407407405,0.047407407407407405,2.05761316872428,1.4285714285714286,0.04,-0.4999999999999999,1
ASAP7,OR4X2,OR4x2_ASAP7_6t_L,A,Y,rise,160.0,0.046079999999999996,0.7,25.0,137.065,1.3333333333333335,0.216,0.162,0,1,1,5.081404364984463,0.04504984455370874,4.62962962962963,6.172839506172839,0.21333333333333332,0.2844444444444444,0.21333333333333332,4.62962962962963,1.4285714285714286,0.04,0.14285714285714285,1
ASAP7,INVX2,INVx2_ASAP7_6t_L,A,Y,fall,160.0,0.0057599999999999995,0.7,25.0,36.9804,1.0,0.108,0.108,1,1,1,5.081404364984463,0.005743474627065725,9.25925925925926,9.25925925925926,0.05333333333333333,0.05333333333333333,0.05333333333333333,9.25925925925926,1.4285714285714286,0.04,0.0,1
ASAP7,NAND3X1,NAND3x1_ASAP7_6t_L,C,Y,fall,40.0,0.0028799999999999997,0.7,25.0,18.5334,0.3333333333333333,0.162,0.486,0,1,1,3.713572066704308,0.002875860745464264,6.172839506172839,2.05761316872428,0.017777777777777774,0.005925925925925926,0.005925925925925926,2.05761316872428,1.4285714285714286,0.04,-0.4999999999999999,1
ASAP7,NAND3X2,NAND3x2_ASAP7_6t_L,B,Y,fall,40.0,0.023039999999999998,0.7,25.0,50.0676,0.33333333333333326,0.324,0.9720000000000002,0,1,1,3.713572066704308,0.022778586889339574,3.0864197530864197,1.0288065843621397,0.0711111111111111,0.023703703703703696,0.023703703703703696,1.0288065843621397,1.4285714285714286,0.04,-0.5,1
ASAP7,NOR3X2,NOR3x2_ASAP7_6t_L,A,Y,rise,10.0,0.046079999999999996,0.7,25.0,114.402,3.0000000000000004,0.9720000000000002,0.324,0,1,1,2.3978952727983707,0.04504984455370874,1.0288065843621397,3.0864197530864197,0.04740740740740739,0.1422222222222222,0.04740740740740739,1.0288065843621397,1.4285714285714286,0.04,0.5,1
ASAP7,OR4X1,OR4x1_ASAP7_6t_L,B,Y,fall,80.0,0.0057599999999999995,0.7,25.0,69.0665,1.0,0.27,0.27,0,1,1,4.394449154672439,0.005743474627065725,3.7037037037037033,3.7037037037037033,0.02133333333333333,0.02133333333333333,0.02133333333333333,3.7037037037037033,1.4285714285714286,0.04,0.0,1
ASAP7,AND4X2,AND4x2_ASAP7_6t_L,B,Y,rise,160.0,0.011519999999999999,0.7,25.0,79.951,1.0,0.324,0.324,0,1,1,5.081404364984463,0.011454150045115854,3.0864197530864197,3.0864197530864197,0.03555555555555555,0.03555555555555555,0.03555555555555555,3.0864197530864197,1.4285714285714286,0.04,0.0,1
ASAP7,AND4X1,AND4x1_ASAP7_6t_L,B,Y,rise,160.0,0.023039999999999998,0.7,25.0,156.848,1.0,0.27,0.27,0,1,1,5.081404364984463,0.022778586889339574,3.7037037037037033,3.7037037037037033,0.08533333333333332,0.08533333333333332,0.08533333333333332,3.7037037037037033,1.4285714285714286,0.04,0.0,1
ASAP7,OR4X1,OR4x1_ASAP7_6t_L,D,Y,fall,80.0,0.046079999999999996,0.7,25.0,231.042,1.0,0.27,0.27,0,1,1,4.394449154672439,0.04504984455370874,3.7037037037037033,3.7037037037037033,0.17066666666666663,0.17066666666666663,0.17066666666666663,3.7037037037037033,1.4285714285714286,0.04,0.0,1
ASAP7,NAND3X2,NAND3x2_ASAP7_6t_L,A,Y,fall,5.0,0.0057599999999999995,0.7,25.0,14.433,0.33333333333333326,0.324,0.9720000000000002,0,1,1,1.791759469228055,0.005743474627065725,3.0864197530864197,1.0288065843621397,0.017777777777777774,0.005925925925925924,0.005925925925925924,1.0288065843621397,1.4285714285714286,0.04,-0.5,1
ASAP7,BUFX8,BUFx8_ASAP7_6t_L,A,Y,fall,160.0,0.36863999999999997,0.7,25.0,236.176,1.0,0.54,0.54,0,1,1,5.081404364984463,0.31381754605640677,1.8518518518518516,1.8518518518518516,0.6826666666666665,0.6826666666666665,0.6826666666666665,1.8518518518518516,1.4285714285714286,0.04,0.0,1
ASAP7,INVX4,INVx4_ASAP7_6t_L,A,Y,fall,10.0,0.046079999999999996,0.7,25.0,51.8638,1.0,0.216,0.216,1,1,1,2.3978952727983707,0.04504984455370874,4.62962962962963,4.62962962962963,0.21333333333333332,0.21333333333333332,0.21333333333333332,4.62962962962963,1.4285714285714286,0.04,0.0,1
ASAP7,AND2X4,AND2x4_ASAP7_6t_L,A,Y,fall,5.0,0.0057599999999999995,0.7,25.0,17.8097,1.0,0.43199999999999994,0.43199999999999994,0,1,1,1.791759469228055,0.005743474627065725,2.3148148148148153,2.3148148148148153,0.013333333333333336,0.013333333333333336,0.013333333333333336,2.3148148148148153,1.4285714285714286,0.04,0.0,1
ASAP7,AND3X2,AND3x2_ASAP7_6t_L,C,Y,fall,320.0,0.011519999999999999,0.7,25.0,78.1046,1.0,0.27,0.27,0,1,1,5.771441123130016,0.011454150045115854,3.7037037037037033,3.7037037037037033,0.04266666666666666,0.04266666666666666,0.04266666666666666,3.7037037037037033,1.4285714285714286,0.04,0.0,1
ASAP7,NOR2X2,NOR2x2_ASAP7_6t_L,B,Y,rise,80.0,0.0057599999999999995,0.7,25.0,35.1091,1.9999999999999998,0.43199999999999994,0.216,0,1,1,4.394449154672439,0.005743474627065725,2.3148148148148153,4.62962962962963,0.013333333333333336,0.026666666666666665,0.013333333333333336,2.3148148148148153,1.4285714285714286,0.04,0.3333333333333333,1
ASAP7,NAND3X2,NAND3x2_ASAP7_6t_L,C,Y,fall,20.0,0.046079999999999996,0.7,25.0,84.545,0.33333333333333326,0.324,0.9720000000000002,0,1,1,3.044522437723423,0.04504984455370874,3.0864197530864197,1.0288065843621397,0.1422222222222222,0.04740740740740739,0.04740740740740739,1.0288065843621397,1.4285714285714286,0.04,-0.5,1
ASAP7,OR4X1,OR4x1_ASAP7_6t_L,B,Y,rise,320.0,0.046079999999999996,0.7,25.0,245.095,1.0,0.27,0.27,0,1,1,5.771441123130016,0.04504984455370874,3.7037037037037033,3.7037037037037033,0.17066666666666663,0.17066666666666663,0.17066666666666663,3.7037037037037033,1.4285714285714286,0.04,0.0,1
ASAP7,AND4X2,AND4x2_ASAP7_6t_L,C,Y,fall,5.0,0.09215999999999999,0.7,25.0,203.892,1.0,0.324,0.324,0,1,1,1.791759469228055,0.08815738673620516,3.0864197530864197,3.0864197530864197,0.2844444444444444,0.2844444444444444,0.2844444444444444,3.0864197530864197,1.4285714285714286,0.04,0.0,1
ASAP7,OR2X4,OR2x4_ASAP7_6t_L,A,Y,rise,20.0,0.023039999999999998,0.7,25.0,48.3126,1.0,0.324,0.324,0,1,1,3.044522437723423,0.022778586889339574,3.0864197530864197,3.0864197530864197,0.0711111111111111,0.0711111111111111,0.0711111111111111,3.0864197530864197,1.4285714285714286,0.04,0.0,1
ASAP7,AND4X1,AND4x1_ASAP7_6t_L,C,Y,fall,80.0,0.0007199999999999999,0.7,25.0,27.9732,1.0,0.27,0.27,0,1,1,4.394449154672439,0.0007197409243488539,3.7037037037037033,3.7037037037037033,0.002666666666666666,0.002666666666666666,0.002666666666666666,3.7037037037037033,1.4285714285714286,0.04,0.0,1
ASAP7,AND3X2,AND3x2_ASAP7_6t_L,B,Y,fall,320.0,0.0028799999999999997,0.7,25.0,53.1327,1.0,0.27,0.27,0,1,1,5.771441123130016,0.002875860745464264,3.7037037037037033,3.7037037037037033,0.010666666666666665,0.010666666666666665,0.010666666666666665,3.7037037037037033,1.4285714285714286,0.04,0.0,1
ASAP7,NOR3X1,NOR3x1_ASAP7_6t_L,C,Y,rise,5.0,0.023039999999999998,0.7,25.0,114.454,3.0,0.486,0.162,0,1,1,1.791759469228055,0.022778586889339574,2.05761316872428,6.172839506172839,0.047407407407407405,0.1422222222222222,0.047407407407407405,2.05761316872428,1.4285714285714286,0.04,0.4999999999999999,1
ASAP7,NOR3X1,NOR3x1_ASAP7_6t_L,A,Y,fall,320.0,0.0007199999999999999,0.7,25.0,31.9641,3.0,0.486,0.162,0,1,1,5.771441123130016,0.0007197409243488539,2.05761316872428,6.172839506172839,0.0014814814814814814,0.004444444444444444,0.004444444444444444,6.172839506172839,1.4285714285714286,0.04,0.4999999999999999,1
ASAP7,XOR2X2,XOR2x2_ASAP7_6t_L,B,Y,rise,20.0,0.0057599999999999995,0.7,25.0,32.0885,1.0,0.37799999999999995,0.37799999999999995,0,1,1,3.044522437723423,0.005743474627065725,2.645502645502646,2.645502645502646,0.01523809523809524,0.01523809523809524,0.01523809523809524,2.645502645502646,1.4285714285714286,0.04,0.0,1
ASAP7,INVX2,INVx2_ASAP7_6t_L,A,Y,rise,10.0,0.0057599999999999995,0.7,25.0,19.0318,1.0,0.108,0.108,1,1,1,2.3978952727983707,0.005743474627065725,9.25925925925926,9.25925925925926,0.05333333333333333,0.05333333333333333,0.05333333333333333,9.25925925925926,1.4285714285714286,0.04,0.0,1
ASAP7,AND3X2,AND3x2_ASAP7_6t_L,A,Y,fall,5.0,0.023039999999999998,0.7,25.0,60.5238,1.0,0.27,0.27,0,1,1,1.791759469228055,0.022778586889339574,3.7037037037037033,3.7037037037037033,0.08533333333333332,0.08533333333333332,0.08533333333333332,3.7037037037037033,1.4285714285714286,0.04,0.0,1
ASAP7,AND4X1,AND4x1_ASAP7_6t_L,A,Y,rise,5.0,0.011519999999999999,0.7,25.0,80.4502,1.0,0.27,0.27,0,1,1,1.791759469228055,0.011454150045115854,3.7037037037037033,3.7037037037037033,0.04266666666666666,0.04266666666666666,0.04266666666666666,3.7037037037037033,1.4285714285714286,0.04,0.0,1
ASAP7,AND2X2,AND2x2_ASAP7_6t_L,A,Y,fall,10.0,0.046079999999999996,0.7,25.0,117.238,0.75,0.162,0.216,0,1,1,2.3978952727983707,0.04504984455370874,6.172839506172839,4.62962962962963,0.2844444444444444,0.21333333333333332,0.21333333333333332,4.62962962962963,1.4285714285714286,0.04,-0.14285714285714285,1
ASAP7,NAND3X2,NAND3x2_ASAP7_6t_L,A,Y,fall,20.0,0.046079999999999996,0.7,25.0,84.8455,0.33333333333333326,0.324,0.9720000000000002,0,1,1,3.044522437723423,0.04504984455370874,3.0864197530864197,1.0288065843621397,0.1422222222222222,0.04740740740740739,0.04740740740740739,1.0288065843621397,1.4285714285714286,0.04,-0.5,1
ASAP7,OR3X2,OR3x2_ASAP7_6t_L,A,Y,rise,5.0,0.011519999999999999,0.7,25.0,40.0773,1.0,0.27,0.27,0,1,1,1.791759469228055,0.011454150045115854,3.7037037037037033,3.7037037037037033,0.04266666666666666,0.04266666666666666,0.04266666666666666,3.7037037037037033,1.4285714285714286,0.04,0.0,1
ASAP7,AND3X2,AND3x2_ASAP7_6t_L,B,Y,rise,160.0,0.0057599999999999995,0.7,25.0,54.8446,1.0,0.27,0.27,0,1,1,5.081404364984463,0.005743474627065725,3.7037037037037033,3.7037037037037033,0.02133333333333333,0.02133333333333333,0.02133333333333333,3.7037037037037033,1.4285714285714286,0.04,0.0,1
ASAP7,BUFX2,BUFx2_ASAP7_6t_L,A,Y,rise,160.0,0.09215999999999999,0.7,25.0,262.346,1.0,0.135,0.135,0,1,1,5.081404364984463,0.08815738673620516,7.4074074074074066,7.4074074074074066,0.6826666666666665,0.6826666666666665,0.6826666666666665,7.4074074074074066,1.4285714285714286,0.04,0.0,1
ASAP7,NOR3X2,NOR3x2_ASAP7_6t_L,A,Y,rise,160.0,0.023039999999999998,0.7,25.0,97.7762,3.0000000000000004,0.9720000000000002,0.324,0,1,1,5.081404364984463,0.022778586889339574,1.0288065843621397,3.0864197530864197,0.023703703703703696,0.0711111111111111,0.023703703703703696,1.0288065843621397,1.4285714285714286,0.04,0.5,1
ASAP7,AND4X2,AND4x2_ASAP7_6t_L,D,Y,fall,160.0,0.0057599999999999995,0.7,25.0,52.7924,1.0,0.324,0.324,0,1,1,5.081404364984463,0.005743474627065725,3.0864197530864197,3.0864197530864197,0.017777777777777774,0.017777777777777774,0.017777777777777774,3.0864197530864197,1.4285714285714286,0.04,0.0,1
ASAP7,AND4X1,AND4x1_ASAP7_6t_L,B,Y,rise,80.0,0.023039999999999998,0.7,25.0,148.739,1.0,0.27,0.27,0,1,1,4.394449154672439,0.022778586889339574,3.7037037037037033,3.7037037037037033,0.08533333333333332,0.08533333333333332,0.08533333333333332,3.7037037037037033,1.4285714285714286,0.04,0.0,1
ASAP7,AND3X2,AND3x2_ASAP7_6t_L,C,Y,fall,160.0,0.0014399999999999999,0.7,25.0,40.4458,1.0,0.27,0.27,0,1,1,5.081404364984463,0.0014389641942542826,3.7037037037037033,3.7037037037037033,0.005333333333333332,0.005333333333333332,0.005333333333333332,3.7037037037037033,1.4285714285714286,0.04,0.0,1
ASAP7,XOR2X2,XOR2x2_ASAP7_6t_L,B,Y,rise,40.0,0.0057599999999999995,0.7,25.0,44.4942,1.0,0.37799999999999995,0.37799999999999995,0,1,1,3.713572066704308,0.005743474627065725,2.645502645502646,2.645502645502646,0.01523809523809524,0.01523809523809524,0.01523809523809524,2.645502645502646,1.4285714285714286,0.04,0.0,1
ASAP7,XOR2X2,XOR2x2_ASAP7_6t_L,B,Y,rise,40.0,0.09215999999999999,0.7,25.0,247.233,1.0,0.37799999999999995,0.37799999999999995,0,1,1,3.713572066704308,0.08815738673620516,2.645502645502646,2.645502645502646,0.24380952380952384,0.24380952380952384,0.24380952380952384,2.645502645502646,1.4285714285714286,0.04,0.0,1
ASAP7,OR3X4,OR3x4_ASAP7_6t_L,B,Y,rise,40.0,0.023039999999999998,0.7,25.0,53.6867,1.0,0.37799999999999995,0.37799999999999995,0,1,1,3.713572066704308,0.022778586889339574,2.645502645502646,2.645502645502646,0.06095238095238096,0.06095238095238096,0.06095238095238096,2.645502645502646,1.4285714285714286,0.04,0.0,1
ASAP7,OR4X1,OR4x1_ASAP7_6t_L,A,Y,rise,20.0,0.046079999999999996,0.7,25.0,239.325,1.0,0.27,0.27,0,1,1,3.044522437723423,0.04504984455370874,3.7037037037037033,3.7037037037037033,0.17066666666666663,0.17066666666666663,0.17066666666666663,3.7037037037037033,1.4285714285714286,0.04,0.0,1
ASAP7,AND2X4,AND2x4_ASAP7_6t_L,B,Y,fall,20.0,0.046079999999999996,0.7,25.0,63.1142,1.0,0.43199999999999994,0.43199999999999994,0,1,1,3.044522437723423,0.04504984455370874,2.3148148148148153,2.3148148148148153,0.10666666666666669,0.10666666666666669,0.10666666666666669,2.3148148148148153,1.4285714285714286,0.04,0.0,1
ASAP7,NAND3X2,NAND3x2_ASAP7_6t_L,B,Y,rise,10.0,0.09215999999999999,0.7,25.0,239.767,0.33333333333333326,0.324,0.9720000000000002,0,1,1,2.3978952727983707,0.08815738673620516,3.0864197530864197,1.0288065843621397,0.2844444444444444,0.09481481481481478,0.2844444444444444,3.0864197530864197,1.4285714285714286,0.04,-0.5,1
ASAP7,AND2X2,AND2x2_ASAP7_6t_L,A,Y,fall,5.0,0.0057599999999999995,0.7,25.0,32.5219,0.75,0.162,0.216,0,1,1,1.791759469228055,0.005743474627065725,6.172839506172839,4.62962962962963,0.03555555555555555,0.026666666666666665,0.026666666666666665,4.62962962962963,1.4285714285714286,0.04,-0.14285714285714285,1
ASAP7,AND3X2,AND3x2_ASAP7_6t_L,A,Y,rise,10.0,0.09215999999999999,0.7,25.0,252.486,1.0,0.27,0.27,0,1,1,2.3978952727983707,0.08815738673620516,3.7037037037037033,3.7037037037037033,0.34133333333333327,0.34133333333333327,0.34133333333333327,3.7037037037037033,1.4285714285714286,0.04,0.0,1
ASAP7,OR3X1,OR3x1_ASAP7_6t_L,B,Y,rise,160.0,0.0014399999999999999,0.7,25.0,27.246,1.0,0.216,0.216,0,1,1,5.081404364984463,0.0014389641942542826,4.62962962962963,4.62962962962963,0.006666666666666666,0.006666666666666666,0.006666666666666666,4.62962962962963,1.4285714285714286,0.04,0.0,1
ASAP7,OR3X2,OR3x2_ASAP7_6t_L,C,Y,fall,5.0,0.0028799999999999997,0.7,25.0,35.0479,1.0,0.27,0.27,0,1,1,1.791759469228055,0.002875860745464264,3.7037037037037033,3.7037037037037033,0.010666666666666665,0.010666666666666665,0.010666666666666665,3.7037037037037033,1.4285714285714286,0.04,0.0,1
ASAP7,AND4X2,AND4x2_ASAP7_6t_L,D,Y,fall,20.0,0.09215999999999999,0.7,25.0,209.049,1.0,0.324,0.324,0,1,1,3.044522437723423,0.08815738673620516,3.0864197530864197,3.0864197530864197,0.2844444444444444,0.2844444444444444,0.2844444444444444,3.0864197530864197,1.4285714285714286,0.04,0.0,1
ASAP7,OR4X1,OR4x1_ASAP7_6t_L,D,Y,rise,5.0,0.011519999999999999,0.7,25.0,68.2243,1.0,0.27,0.27,0,1,1,1.791759469228055,0.011454150045115854,3.7037037037037033,3.7037037037037033,0.04266666666666666,0.04266666666666666,0.04266666666666666,3.7037037037037033,1.4285714285714286,0.04,0.0,1
ASAP7,NOR2X1,NOR2x1_ASAP7_6t_L,A,Y,fall,160.0,0.0014399999999999999,0.7,25.0,32.9188,2.0,0.216,0.108,0,1,1,5.081404364984463,0.0014389641942542826,4.62962962962963,9.25925925925926,0.006666666666666666,0.013333333333333332,0.013333333333333332,9.25925925925926,1.4285714285714286,0.04,0.3333333333333333,1
ASAP7,AND4X2,AND4x2_ASAP7_6t_L,A,Y,fall,40.0,0.0028799999999999997,0.7,25.0,27.3112,1.0,0.324,0.324,0,1,1,3.713572066704308,0.002875860745464264,3.0864197530864197,3.0864197530864197,0.008888888888888887,0.008888888888888887,0.008888888888888887,3.0864197530864197,1.4285714285714286,0.04,0.0,1
ASAP7,NOR2X1,NOR2x1_ASAP7_6t_L,B,Y,fall,5.0,0.0028799999999999997,0.7,25.0,16.6917,2.0,0.216,0.108,0,1,1,1.791759469228055,0.002875860745464264,4.62962962962963,9.25925925925926,0.013333333333333332,0.026666666666666665,0.026666666666666665,9.25925925925926,1.4285714285714286,0.04,0.3333333333333333,1
ASAP7,NAND2X2,NAND2x2_ASAP7_6t_L,B,Y,fall,40.0,0.0028799999999999997,0.7,25.0,14.9495,0.5000000000000001,0.216,0.43199999999999994,0,1,1,3.713572066704308,0.002875860745464264,4.62962962962963,2.3148148148148153,0.013333333333333332,0.006666666666666668,0.006666666666666668,2.3148148148148153,1.4285714285714286,0.04,-0.3333333333333333,1
ASAP7,AND3X4,AND3x4_ASAP7_6t_L,C,Y,rise,40.0,0.0028799999999999997,0.7,25.0,27.9538,0.7,0.37799999999999995,0.54,0,1,1,3.713572066704308,0.002875860745464264,2.645502645502646,1.8518518518518516,0.00761904761904762,0.005333333333333332,0.00761904761904762,2.645502645502646,1.4285714285714286,0.04,-0.17647058823529424,1
ASAP7,OR4X1,OR4x1_ASAP7_6t_L,B,Y,rise,5.0,0.0007199999999999999,0.7,25.0,13.7847,1.0,0.27,0.27,0,1,1,1.791759469228055,0.0007197409243488539,3.7037037037037033,3.7037037037037033,0.002666666666666666,0.002666666666666666,0.002666666666666666,3.7037037037037033,1.4285714285714286,0.04,0.0,1
ASAP7,AND2X2,AND2x2_ASAP7_6t_L,A,Y,fall,10.0,0.09215999999999999,0.7,25.0,211.749,0.75,0.162,0.216,0,1,1,2.3978952727983707,0.08815738673620516,6.172839506172839,4.62962962962963,0.5688888888888888,0.42666666666666664,0.42666666666666664,4.62962962962963,1.4285714285714286,0.04,-0.14285714285714285,1
ASAP7,NOR3X1,NOR3x1_ASAP7_6t_L,B,Y,fall,320.0,0.011519999999999999,0.7,25.0,126.392,3.0,0.486,0.162,0,1,1,5.771441123130016,0.011454150045115854,2.05761316872428,6.172839506172839,0.023703703703703703,0.0711111111111111,0.0711111111111111,6.172839506172839,1.4285714285714286,0.04,0.4999999999999999,1
ASAP7,AND3X4,AND3x4_ASAP7_6t_L,C,Y,fall,10.0,0.023039999999999998,0.7,25.0,49.7996,0.7,0.37799999999999995,0.54,0,1,1,2.3978952727983707,0.022778586889339574,2.645502645502646,1.8518518518518516,0.06095238095238096,0.04266666666666666,0.04266666666666666,1.8518518518518516,1.4285714285714286,0.04,-0.17647058823529424,1
ASAP7,XOR2X2,XOR2x2_ASAP7_6t_L,B,Y,fall,80.0,0.011519999999999999,0.7,25.0,50.5027,1.0,0.37799999999999995,0.37799999999999995,0,1,1,4.394449154672439,0.011454150045115854,2.645502645502646,2.645502645502646,0.03047619047619048,0.03047619047619048,0.03047619047619048,2.645502645502646,1.4285714285714286,0.04,0.0,1
ASAP7,OR2X4,OR2x4_ASAP7_6t_L,A,Y,rise,5.0,0.09215999999999999,0.7,25.0,129.909,1.0,0.324,0.324,0,1,1,1.791759469228055,0.08815738673620516,3.0864197530864197,3.0864197530864197,0.2844444444444444,0.2844444444444444,0.2844444444444444,3.0864197530864197,1.4285714285714286,0.04,0.0,1
ASAP7,OR3X2,OR3x2_ASAP7_6t_L,B,Y,rise,160.0,0.0057599999999999995,0.7,25.0,39.9575,1.0,0.27,0.27,0,1,1,5.081404364984463,0.005743474627065725,3.7037037037037033,3.7037037037037033,0.02133333333333333,0.02133333333333333,0.02133333333333333,3.7037037037037033,1.4285714285714286,0.04,0.0,1
ASAP7,XOR2X2,XOR2x2_ASAP7_6t_L,B,Y,rise,80.0,0.0028799999999999997,0.7,25.0,29.1253,1.0,0.37799999999999995,0.37799999999999995,0,1,1,4.394449154672439,0.002875860745464264,2.645502645502646,2.645502645502646,0.00761904761904762,0.00761904761904762,0.00761904761904762,2.645502645502646,1.4285714285714286,0.04,0.0,1
ASAP7,OR4X1,OR4x1_ASAP7_6t_L,B,Y,fall,160.0,0.0028799999999999997,0.7,25.0,68.4725,1.0,0.27,0.27,0,1,1,5.081404364984463,0.002875860745464264,3.7037037037037033,3.7037037037037033,0.010666666666666665,0.010666666666666665,0.010666666666666665,3.7037037037037033,1.4285714285714286,0.04,0.0,1
ASAP7,AND3X2,AND3x2_ASAP7_6t_L,B,Y,fall,80.0,0.011519999999999999,0.7,25.0,52.526,1.0,0.27,0.27,0,1,1,4.394449154672439,0.011454150045115854,3.7037037037037033,3.7037037037037033,0.04266666666666666,0.04266666666666666,0.04266666666666666,3.7037037037037033,1.4285714285714286,0.04,0.0,1
ASAP7,OR2X2,OR2x2_ASAP7_6t_L,B,Y,rise,20.0,0.0014399999999999999,0.7,25.0,23.5076,1.3333333333333335,0.216,0.162,0,1,1,3.044522437723423,0.0014389641942542826,4.62962962962963,6.172839506172839,0.006666666666666666,0.008888888888888887,0.006666666666666666,4.62962962962963,1.4285714285714286,0.04,0.14285714285714285,1
ASAP7,AND4X1,AND4x1_ASAP7_6t_L,D,Y,rise,80.0,0.023039999999999998,0.7,25.0,143.734,1.0,0.27,0.27,0,1,1,4.394449154672439,0.022778586889339574,3.7037037037037033,3.7037037037037033,0.08533333333333332,0.08533333333333332,0.08533333333333332,3.7037037037037033,1.4285714285714286,0.04,0.0,1
ASAP7,AND3X1,AND3x1_ASAP7_6t_L,A,Y,fall,20.0,0.0057599999999999995,0.7,25.0,38.5642,1.0,0.216,0.216,0,1,1,3.044522437723423,0.005743474627065725,4.62962962962963,4.62962962962963,0.026666666666666665,0.026666666666666665,0.026666666666666665,4.62962962962963,1.4285714285714286,0.04,0.0,1
ASAP7,AND3X4,AND3x4_ASAP7_6t_L,B,Y,rise,20.0,0.046079999999999996,0.7,25.0,83.0598,0.7,0.37799999999999995,0.54,0,1,1,3.044522437723423,0.04504984455370874,2.645502645502646,1.8518518518518516,0.12190476190476192,0.08533333333333332,0.12190476190476192,2.645502645502646,1.4285714285714286,0.04,-0.17647058823529424,1
ASAP7,BUFX4,BUFx4_ASAP7_6t_L,A,Y,fall,20.0,0.18431999999999998,0.7,25.0,211.287,1.0,0.27,0.27,0,1,1,3.044522437723423,0.16916877021565407,3.7037037037037033,3.7037037037037033,0.6826666666666665,0.6826666666666665,0.6826666666666665,3.7037037037037033,1.4285714285714286,0.04,0.0,1
ASAP7,AND2X2,AND2x2_ASAP7_6t_L,B,Y,fall,5.0,0.0014399999999999999,0.7,25.0,20.6,0.75,0.162,0.216,0,1,1,1.791759469228055,0.0014389641942542826,6.172839506172839,4.62962962962963,0.008888888888888887,0.006666666666666666,0.006666666666666666,4.62962962962963,1.4285714285714286,0.04,-0.14285714285714285,1
ASAP7,AND4X1,AND4x1_ASAP7_6t_L,D,Y,fall,80.0,0.0028799999999999997,0.7,25.0,39.2908,1.0,0.27,0.27,0,1,1,4.394449154672439,0.002875860745464264,3.7037037037037033,3.7037037037037033,0.010666666666666665,0.010666666666666665,0.010666666666666665,3.7037037037037033,1.4285714285714286,0.04,0.0,1
ASAP7,NOR3X1,NOR3x1_ASAP7_6t_L,C,Y,fall,320.0,0.0014399999999999999,0.7,25.0,56.3509,3.0,0.486,0.162,0,1,1,5.771441123130016,0.0014389641942542826,2.05761316872428,6.172839506172839,0.002962962962962963,0.008888888888888887,0.008888888888888887,6.172839506172839,1.4285714285714286,0.04,0.4999999999999999,1
ASAP7,NOR2X1,NOR2x1_ASAP7_6t_L,B,Y,rise,10.0,0.0028799999999999997,0.7,25.0,19.6187,2.0,0.216,0.108,0,1,1,2.3978952727983707,0.002875860745464264,4.62962962962963,9.25925925925926,0.013333333333333332,0.026666666666666665,0.013333333333333332,4.62962962962963,1.4285714285714286,0.04,0.3333333333333333,1
ASAP7,AND4X2,AND4x2_ASAP7_6t_L,B,Y,fall,40.0,0.0057599999999999995,0.7,25.0,34.7238,1.0,0.324,0.324,0,1,1,3.713572066704308,0.005743474627065725,3.0864197530864197,3.0864197530864197,0.017777777777777774,0.017777777777777774,0.017777777777777774,3.0864197530864197,1.4285714285714286,0.04,0.0,1
ASAP7,INVX4,INVx4_ASAP7_6t_L,A,Y,fall,10.0,0.023039999999999998,0.7,25.0,28.0754,1.0,0.216,0.216,1,1,1,2.3978952727983707,0.022778586889339574,4.62962962962963,4.62962962962963,0.10666666666666666,0.10666666666666666,0.10666666666666666,4.62962962962963,1.4285714285714286,0.04,0.0,1
ASAP7,BUFX8,BUFx8_ASAP7_6t_L,A,Y,fall,5.0,0.046079999999999996,0.7,25.0,40.5148,1.0,0.54,0.54,0,1,1,1.791759469228055,0.04504984455370874,1.8518518518518516,1.8518518518518516,0.08533333333333332,0.08533333333333332,0.08533333333333332,1.8518518518518516,1.4285714285714286,0.04,0.0,1
ASAP7,OR4X2,OR4x2_ASAP7_6t_L,D,Y,fall,5.0,0.0014399999999999999,0.7,25.0,39.3886,1.3333333333333335,0.216,0.162,0,1,1,1.791759469228055,0.0014389641942542826,4.62962962962963,6.172839506172839,0.006666666666666666,0.008888888888888887,0.008888888888888887,6.172839506172839,1.4285714285714286,0.04,0.14285714285714285,1
ASAP7,OR3X4,OR3x4_ASAP7_6t_L,B,Y,fall,10.0,0.18431999999999998,0.7,25.0,239.551,1.0,0.37799999999999995,0.37799999999999995,0,1,1,2.3978952727983707,0.16916877021565407,2.645502645502646,2.645502645502646,0.4876190476190477,0.4876190476190477,0.4876190476190477,2.645502645502646,1.4285714285714286,0.04,0.0,1
ASAP7,INVX1,INVx1_ASAP7_6t_L,A,Y,rise,5.0,0.0028799999999999997,0.7,25.0,17.8033,1.0,0.054,0.054,1,1,1,1.791759469228055,0.002875860745464264,18.51851851851852,18.51851851851852,0.05333333333333333,0.05333333333333333,0.05333333333333333,18.51851851851852,1.4285714285714286,0.04,0.0,1
ASAP7,AND4X1,AND4x1_ASAP7_6t_L,B,Y,fall,40.0,0.011519999999999999,0.7,25.0,66.8329,1.0,0.27,0.27,0,1,1,3.713572066704308,0.011454150045115854,3.7037037037037033,3.7037037037037033,0.04266666666666666,0.04266666666666666,0.04266666666666666,3.7037037037037033,1.4285714285714286,0.04,0.0,1
ASAP7,AND3X4,AND3x4_ASAP7_6t_L,B,Y,rise,320.0,0.09215999999999999,0.7,25.0,154.206,0.7,0.37799999999999995,0.54,0,1,1,5.771441123130016,0.08815738673620516,2.645502645502646,1.8518518518518516,0.24380952380952384,0.17066666666666663,0.24380952380952384,2.645502645502646,1.4285714285714286,0.04,-0.17647058823529424,1
ASAP7,XOR2X2,XOR2x2_ASAP7_6t_L,A,Y,fall,40.0,0.0057599999999999995,0.7,25.0,38.3031,1.0,0.37799999999999995,0.37799999999999995,0,1,1,3.713572066704308,0.005743474627065725,2.645502645502646,2.645502645502646,0.01523809523809524,0.01523809523809524,0.01523809523809524,2.645502645502646,1.4285714285714286,0.04,0.0,1
ASAP7,OR4X2,OR4x2_ASAP7_6t_L,C,Y,rise,160.0,0.09215999999999999,0.7,25.0,254.125,1.3333333333333335,0.216,0.162,0,1,1,5.081404364984463,0.08815738673620516,4.62962962962963,6.172839506172839,0.42666666666666664,0.5688888888888888,0.42666666666666664,4.62962962962963,1.4285714285714286,0.04,0.14285714285714285,1
ASAP7,AND3X4,AND3x4_ASAP7_6t_L,B,Y,rise,10.0,0.046079999999999996,0.7,25.0,81.504,0.7,0.37799999999999995,0.54,0,1,1,2.3978952727983707,0.04504984455370874,2.645502645502646,1.8518518518518516,0.12190476190476192,0.08533333333333332,0.12190476190476192,2.645502645502646,1.4285714285714286,0.04,-0.17647058823529424,1
ASAP7,OR2X4,OR2x4_ASAP7_6t_L,B,Y,fall,80.0,0.023039999999999998,0.7,25.0,72.7539,1.0,0.324,0.324,0,1,1,4.394449154672439,0.022778586889339574,3.0864197530864197,3.0864197530864197,0.0711111111111111,0.0711111111111111,0.0711111111111111,3.0864197530864197,1.4285714285714286,0.04,0.0,1
ASAP7,OR3X2,OR3x2_ASAP7_6t_L,B,Y,fall,320.0,0.046079999999999996,0.7,25.0,174.835,1.0,0.27,0.27,0,1,1,5.771441123130016,0.04504984455370874,3.7037037037037033,3.7037037037037033,0.17066666666666663,0.17066666666666663,0.17066666666666663,3.7037037037037033,1.4285714285714286,0.04,0.0,1
ASAP7,OR4X2,OR4x2_ASAP7_6t_L,C,Y,rise,320.0,0.09215999999999999,0.7,25.0,256.161,1.3333333333333335,0.216,0.162,0,1,1,5.771441123130016,0.08815738673620516,4.62962962962963,6.172839506172839,0.42666666666666664,0.5688888888888888,0.42666666666666664,4.62962962962963,1.4285714285714286,0.04,0.14285714285714285,1
ASAP7,NAND2X2,NAND2x2_ASAP7_6t_L,B,Y,fall,160.0,0.023039999999999998,0.7,25.0,79.5846,0.5000000000000001,0.216,0.43199999999999994,0,1,1,5.081404364984463,0.022778586889339574,4.62962962962963,2.3148148148148153,0.10666666666666666,0.053333333333333344,0.053333333333333344,2.3148148148148153,1.4285714285714286,0.04,-0.3333333333333333,1
ASAP7,AND4X2,AND4x2_ASAP7_6t_L,D,Y,rise,10.0,0.011519999999999999,0.7,25.0,61.7995,1.0,0.324,0.324,0,1,1,2.3978952727983707,0.011454150045115854,3.0864197530864197,3.0864197530864197,0.03555555555555555,0.03555555555555555,0.03555555555555555,3.0864197530864197,1.4285714285714286,0.04,0.0,1
ASAP7,BUFX4,BUFx4_ASAP7_6t_L,A,Y,rise,5.0,0.011519999999999999,0.7,25.0,29.0424,1.0,0.27,0.27,0,1,1,1.791759469228055,0.011454150045115854,3.7037037037037033,3.7037037037037033,0.04266666666666666,0.04266666666666666,0.04266666666666666,3.7037037037037033,1.4285714285714286,0.04,0.0,1
ASAP7,NAND3X2,NAND3x2_ASAP7_6t_L,A,Y,fall,320.0,0.011519999999999999,0.7,25.0,52.7094,0.33333333333333326,0.324,0.9720000000000002,0,1,1,5.771441123130016,0.011454150045115854,3.0864197530864197,1.0288065843621397,0.03555555555555555,0.011851851851851848,0.011851851851851848,1.0288065843621397,1.4285714285714286,0.04,-0.5,1
ASAP7,XOR2X2,XOR2x2_ASAP7_6t_L,B,Y,rise,20.0,0.011519999999999999,0.7,25.0,55.5724,1.0,0.37799999999999995,0.37799999999999995,0,1,1,3.044522437723423,0.011454150045115854,2.645502645502646,2.645502645502646,0.03047619047619048,0.03047619047619048,0.03047619047619048,2.645502645502646,1.4285714285714286,0.04,0.0,1
ASAP7,BUFX4,BUFx4_ASAP7_6t_L,A,Y,fall,80.0,0.0057599999999999995,0.7,25.0,39.2677,1.0,0.27,0.27,0,1,1,4.394449154672439,0.005743474627065725,3.7037037037037033,3.7037037037037033,0.02133333333333333,0.02133333333333333,0.02133333333333333,3.7037037037037033,1.4285714285714286,0.04,0.0,1
ASAP7,OR3X2,OR3x2_ASAP7_6t_L,C,Y,rise,80.0,0.046079999999999996,0.7,25.0,137.421,1.0,0.27,0.27,0,1,1,4.394449154672439,0.04504984455370874,3.7037037037037033,3.7037037037037033,0.17066666666666663,0.17066666666666663,0.17066666666666663,3.7037037037037033,1.4285714285714286,0.04,0.0,1
ASAP7,NAND2X2,NAND2x2_ASAP7_6t_L,B,Y,rise,320.0,0.0057599999999999995,0.7,25.0,76.258,0.5000000000000001,0.216,0.43199999999999994,0,1,1,5.771441123130016,0.005743474627065725,4.62962962962963,2.3148148148148153,0.026666666666666665,0.013333333333333336,0.026666666666666665,4.62962962962963,1.4285714285714286,0.04,-0.3333333333333333,1
ASAP7,NAND2X2,NAND2x2_ASAP7_6t_L,B,Y,rise,80.0,0.0014399999999999999,0.7,25.0,22.4677,0.5000000000000001,0.216,0.43199999999999994,0,1,1,4.394449154672439,0.0014389641942542826,4.62962962962963,2.3148148148148153,0.006666666666666666,0.003333333333333334,0.006666666666666666,4.62962962962963,1.4285714285714286,0.04,-0.3333333333333333,1
ASAP7,AND4X1,AND4x1_ASAP7_6t_L,D,Y,fall,10.0,0.0028799999999999997,0.7,25.0,26.271,1.0,0.27,0.27,0,1,1,2.3978952727983707,0.002875860745464264,3.7037037037037033,3.7037037037037033,0.010666666666666665,0.010666666666666665,0.010666666666666665,3.7037037037037033,1.4285714285714286,0.04,0.0,1
ASAP7,NAND3X2,NAND3x2_ASAP7_6t_L,B,Y,fall,80.0,0.023039999999999998,0.7,25.0,56.8361,0.33333333333333326,0.324,0.9720000000000002,0,1,1,4.394449154672439,0.022778586889339574,3.0864197530864197,1.0288065843621397,0.0711111111111111,0.023703703703703696,0.023703703703703696,1.0288065843621397,1.4285714285714286,0.04,-0.5,1
ASAP7,XOR2X2,XOR2x2_ASAP7_6t_L,A,Y,rise,5.0,0.046079999999999996,0.7,25.0,130.274,1.0,0.37799999999999995,0.37799999999999995,0,1,1,1.791759469228055,0.04504984455370874,2.645502645502646,2.645502645502646,0.12190476190476192,0.12190476190476192,0.12190476190476192,2.645502645502646,1.4285714285714286,0.04,0.0,1
ASAP7,AND2X2,AND2x2_ASAP7_6t_L,B,Y,rise,20.0,0.0014399999999999999,0.7,25.0,21.2122,0.75,0.162,0.216,0,1,1,3.044522437723423,0.0014389641942542826,6.172839506172839,4.62962962962963,0.008888888888888887,0.006666666666666666,0.008888888888888887,6.172839506172839,1.4285714285714286,0.04,-0.14285714285714285,1
ASAP7,OR3X1,OR3x1_ASAP7_6t_L,A,Y,fall,40.0,0.0007199999999999999,0.7,25.0,31.938,1.0,0.216,0.216,0,1,1,3.713572066704308,0.0007197409243488539,4.62962962962963,4.62962962962963,0.003333333333333333,0.003333333333333333,0.003333333333333333,4.62962962962963,1.4285714285714286,0.04,0.0,1
ASAP7,AND3X2,AND3x2_ASAP7_6t_L,A,Y,rise,5.0,0.011519999999999999,0.7,25.0,52.2743,1.0,0.27,0.27,0,1,1,1.791759469228055,0.011454150045115854,3.7037037037037033,3.7037037037037033,0.04266666666666666,0.04266666666666666,0.04266666666666666,3.7037037037037033,1.4285714285714286,0.04,0.0,1
ASAP7,NOR3X2,NOR3x2_ASAP7_6t_L,C,Y,fall,10.0,0.023039999999999998,0.7,25.0,58.5317,3.0000000000000004,0.9720000000000002,0.324,0,1,1,2.3978952727983707,0.022778586889339574,1.0288065843621397,3.0864197530864197,0.023703703703703696,0.0711111111111111,0.0711111111111111,3.0864197530864197,1.4285714285714286,0.04,0.5,1
ASAP7,AND3X2,AND3x2_ASAP7_6t_L,B,Y,fall,20.0,0.0014399999999999999,0.7,25.0,20.2589,1.0,0.27,0.27,0,1,1,3.044522437723423,0.0014389641942542826,3.7037037037037033,3.7037037037037033,0.005333333333333332,0.005333333333333332,0.005333333333333332,3.7037037037037033,1.4285714285714286,0.04,0.0,1
ASAP7,NOR3X1,NOR3x1_ASAP7_6t_L,B,Y,fall,320.0,0.0007199999999999999,0.7,25.0,41.4063,3.0,0.486,0.162,0,1,1,5.771441123130016,0.0007197409243488539,2.05761316872428,6.172839506172839,0.0014814814814814814,0.004444444444444444,0.004444444444444444,6.172839506172839,1.4285714285714286,0.04,0.4999999999999999,1
ASAP7,NAND2X2,NAND2x2_ASAP7_6t_L,A,Y,fall,320.0,0.023039999999999998,0.7,25.0,75.4144,0.5000000000000001,0.216,0.43199999999999994,0,1,1,5.771441123130016,0.022778586889339574,4.62962962962963,2.3148148148148153,0.10666666666666666,0.053333333333333344,0.053333333333333344,2.3148148148148153,1.4285714285714286,0.04,-0.3333333333333333,1
ASAP7,INVX1,INVx1_ASAP7_6t_L,A,Y,fall,5.0,0.0057599999999999995,0.7,25.0,26.9275,1.0,0.054,0.054,1,1,1,1.791759469228055,0.005743474627065725,18.51851851851852,18.51851851851852,0.10666666666666666,0.10666666666666666,0.10666666666666666,18.51851851851852,1.4285714285714286,0.04,0.0,1
ASAP7,AND3X1,AND3x1_ASAP7_6t_L,A,Y,rise,160.0,0.0028799999999999997,0.7,25.0,51.9491,1.0,0.216,0.216,0,1,1,5.081404364984463,0.002875860745464264,4.62962962962963,4.62962962962963,0.013333333333333332,0.013333333333333332,0.013333333333333332,4.62962962962963,1.4285714285714286,0.04,0.0,1
ASAP7,OR2X4,OR2x4_ASAP7_6t_L,B,Y,rise,10.0,0.09215999999999999,0.7,25.0,130.679,1.0,0.324,0.324,0,1,1,2.3978952727983707,0.08815738673620516,3.0864197530864197,3.0864197530864197,0.2844444444444444,0.2844444444444444,0.2844444444444444,3.0864197530864197,1.4285714285714286,0.04,0.0,1
ASAP7,AND4X1,AND4x1_ASAP7_6t_L,D,Y,rise,40.0,0.0007199999999999999,0.7,25.0,28.7695,1.0,0.27,0.27,0,1,1,3.713572066704308,0.0007197409243488539,3.7037037037037033,3.7037037037037033,0.002666666666666666,0.002666666666666666,0.002666666666666666,3.7037037037037033,1.4285714285714286,0.04,0.0,1
ASAP7,NOR3X2,NOR3x2_ASAP7_6t_L,A,Y,rise,80.0,0.0014399999999999999,0.7,25.0,18.0319,3.0000000000000004,0.9720000000000002,0.324,0,1,1,4.394449154672439,0.0014389641942542826,1.0288065843621397,3.0864197530864197,0.001481481481481481,0.004444444444444444,0.001481481481481481,1.0288065843621397,1.4285714285714286,0.04,0.5,1
ASAP7,INVX8,INVx8_ASAP7_6t_L,A,Y,fall,320.0,0.023039999999999998,0.7,25.0,44.9595,1.0,0.43199999999999994,0.43199999999999994,1,1,1,5.771441123130016,0.022778586889339574,2.3148148148148153,2.3148148148148153,0.053333333333333344,0.053333333333333344,0.053333333333333344,2.3148148148148153,1.4285714285714286,0.04,0.0,1
ASAP7,AND4X2,AND4x2_ASAP7_6t_L,B,Y,fall,10.0,0.023039999999999998,0.7,25.0,62.9235,1.0,0.324,0.324,0,1,1,2.3978952727983707,0.022778586889339574,3.0864197530864197,3.0864197530864197,0.0711111111111111,0.0711111111111111,0.0711111111111111,3.0864197530864197,1.4285714285714286,0.04,0.0,1
ASAP7,NOR2X1,NOR2x1_ASAP7_6t_L,A,Y,fall,80.0,0.0014399999999999999,0.7,25.0,25.4839,2.0,0.216,0.108,0,1,1,4.394449154672439,0.0014389641942542826,4.62962962962963,9.25925925925926,0.006666666666666666,0.013333333333333332,0.013333333333333332,9.25925925925926,1.4285714285714286,0.04,0.3333333333333333,1
ASAP7,OR3X2,OR3x2_ASAP7_6t_L,C,Y,fall,10.0,0.0057599999999999995,0.7,25.0,43.2272,1.0,0.27,0.27,0,1,1,2.3978952727983707,0.005743474627065725,3.7037037037037033,3.7037037037037033,0.02133333333333333,0.02133333333333333,0.02133333333333333,3.7037037037037033,1.4285714285714286,0.04,0.0,1
ASAP7,OR2X2,OR2x2_ASAP7_6t_L,A,Y,rise,10.0,0.0014399999999999999,0.7,25.0,22.0639,1.3333333333333335,0.216,0.162,0,1,1,2.3978952727983707,0.0014389641942542826,4.62962962962963,6.172839506172839,0.006666666666666666,0.008888888888888887,0.006666666666666666,4.62962962962963,1.4285714285714286,0.04,0.14285714285714285,1
ASAP7,BUFX2,BUFx2_ASAP7_6t_L,A,Y,fall,160.0,0.011519999999999999,0.7,25.0,71.7226,1.0,0.135,0.135,0,1,1,5.081404364984463,0.011454150045115854,7.4074074074074066,7.4074074074074066,0.08533333333333332,0.08533333333333332,0.08533333333333332,7.4074074074074066,1.4285714285714286,0.04,0.0,1
ASAP7,INVX2,INVx2_ASAP7_6t_L,A,Y,fall,40.0,0.011519999999999999,0.7,25.0,36.8193,1.0,0.108,0.108,1,1,1,3.713572066704308,0.011454150045115854,9.25925925925926,9.25925925925926,0.10666666666666666,0.10666666666666666,0.10666666666666666,9.25925925925926,1.4285714285714286,0.04,0.0,1
ASAP7,NOR2X2,NOR2x2_ASAP7_6t_L,A,Y,fall,10.0,0.046079999999999996,0.7,25.0,102.138,1.9999999999999998,0.43199999999999994,0.216,0,1,1,2.3978952727983707,0.04504984455370874,2.3148148148148153,4.62962962962963,0.10666666666666669,0.21333333333333332,0.21333333333333332,4.62962962962963,1.4285714285714286,0.04,0.3333333333333333,1
ASAP7,AND4X2,AND4x2_ASAP7_6t_L,C,Y,fall,40.0,0.0014399999999999999,0.7,25.0,25.7125,1.0,0.324,0.324,0,1,1,3.713572066704308,0.0014389641942542826,3.0864197530864197,3.0864197530864197,0.004444444444444444,0.004444444444444444,0.004444444444444444,3.0864197530864197,1.4285714285714286,0.04,0.0,1
ASAP7,XOR2X2,XOR2x2_ASAP7_6t_L,A,Y,fall,5.0,0.046079999999999996,0.7,25.0,115.137,1.0,0.37799999999999995,0.37799999999999995,0,1,1,1.791759469228055,0.04504984455370874,2.645502645502646,2.645502645502646,0.12190476190476192,0.12190476190476192,0.12190476190476192,2.645502645502646,1.4285714285714286,0.04,0.0,1
ASAP7,AND3X2,AND3x2_ASAP7_6t_L,C,Y,fall,40.0,0.046079999999999996,0.7,25.0,118.429,1.0,0.27,0.27,0,1,1,3.713572066704308,0.04504984455370874,3.7037037037037033,3.7037037037037033,0.17066666666666663,0.17066666666666663,0.17066666666666663,3.7037037037037033,1.4285714285714286,0.04,0.0,1
ASAP7,AND3X4,AND3x4_ASAP7_6t_L,C,Y,fall,5.0,0.046079999999999996,0.7,25.0,72.3537,0.7,0.37799999999999995,0.54,0,1,1,1.791759469228055,0.04504984455370874,2.645502645502646,1.8518518518518516,0.12190476190476192,0.08533333333333332,0.08533333333333332,1.8518518518518516,1.4285714285714286,0.04,-0.17647058823529424,1
ASAP7,OR4X2,OR4x2_ASAP7_6t_L,B,Y,rise,80.0,0.046079999999999996,0.7,25.0,136.171,1.3333333333333335,0.216,0.162,0,1,1,4.394449154672439,0.04504984455370874,4.62962962962963,6.172839506172839,0.21333333333333332,0.2844444444444444,0.21333333333333332,4.62962962962963,1.4285714285714286,0.04,0.14285714285714285,1
ASAP7,AND3X4,AND3x4_ASAP7_6t_L,A,Y,rise,160.0,0.0057599999999999995,0.7,25.0,43.8941,0.7,0.37799999999999995,0.54,0,1,1,5.081404364984463,0.005743474627065725,2.645502645502646,1.8518518518518516,0.01523809523809524,0.010666666666666665,0.01523809523809524,2.645502645502646,1.4285714285714286,0.04,-0.17647058823529424,1
ASAP7,NAND3X1,NAND3x1_ASAP7_6t_L,C,Y,rise,5.0,0.0007199999999999999,0.7,25.0,13.954,0.3333333333333333,0.162,0.486,0,1,1,1.791759469228055,0.0007197409243488539,6.172839506172839,2.05761316872428,0.004444444444444444,0.0014814814814814814,0.004444444444444444,6.172839506172839,1.4285714285714286,0.04,-0.4999999999999999,1
ASAP7,OR3X2,OR3x2_ASAP7_6t_L,B,Y,fall,10.0,0.023039999999999998,0.7,25.0,80.2318,1.0,0.27,0.27,0,1,1,2.3978952727983707,0.022778586889339574,3.7037037037037033,3.7037037037037033,0.08533333333333332,0.08533333333333332,0.08533333333333332,3.7037037037037033,1.4285714285714286,0.04,0.0,1
ASAP7,AND3X2,AND3x2_ASAP7_6t_L,A,Y,rise,5.0,0.0028799999999999997,0.7,25.0,29.2667,1.0,0.27,0.27,0,1,1,1.791759469228055,0.002875860745464264,3.7037037037037033,3.7037037037037033,0.010666666666666665,0.010666666666666665,0.010666666666666665,3.7037037037037033,1.4285714285714286,0.04,0.0,1
ASAP7,OR3X2,OR3x2_ASAP7_6t_L,B,Y,fall,160.0,0.0014399999999999999,0.7,25.0,54.4006,1.0,0.27,0.27,0,1,1,5.081404364984463,0.0014389641942542826,3.7037037037037033,3.7037037037037033,0.005333333333333332,0.005333333333333332,0.005333333333333332,3.7037037037037033,1.4285714285714286,0.04,0.0,1
ASAP7,OR4X2,OR4x2_ASAP7_6t_L,C,Y,rise,5.0,0.023039999999999998,0.7,25.0,69.7275,1.3333333333333335,0.216,0.162,0,1,1,1.791759469228055,0.022778586889339574,4.62962962962963,6.172839506172839,0.10666666666666666,0.1422222222222222,0.10666666666666666,4.62962962962963,1.4285714285714286,0.04,0.14285714285714285,1
ASAP7,NOR3X2,NOR3x2_ASAP7_6t_L,C,Y,rise,20.0,0.0057599999999999995,0.7,25.0,24.235,3.0000000000000004,0.9720000000000002,0.324,0,1,1,3.044522437723423,0.005743474627065725,1.0288065843621397,3.0864197530864197,0.005925925925925924,0.017777777777777774,0.005925925925925924,1.0288065843621397,1.4285714285714286,0.04,0.5,1
ASAP7,BUFX4,BUFx4_ASAP7_6t_L,A,Y,fall,10.0,0.023039999999999998,0.7,25.0,42.2474,1.0,0.27,0.27,0,1,1,2.3978952727983707,0.022778586889339574,3.7037037037037033,3.7037037037037033,0.08533333333333332,0.08533333333333332,0.08533333333333332,3.7037037037037033,1.4285714285714286,0.04,0.0,1
ASAP7,INVX1,INVx1_ASAP7_6t_L,A,Y,fall,10.0,0.0014399999999999999,0.7,25.0,10.5754,1.0,0.054,0.054,1,1,1,2.3978952727983707,0.0014389641942542826,18.51851851851852,18.51851851851852,0.026666666666666665,0.026666666666666665,0.026666666666666665,18.51851851851852,1.4285714285714286,0.04,0.0,1
ASAP7,NAND2X2,NAND2x2_ASAP7_6t_L,A,Y,fall,5.0,0.0057599999999999995,0.7,25.0,14.6338,0.5000000000000001,0.216,0.43199999999999994,0,1,1,1.791759469228055,0.005743474627065725,4.62962962962963,2.3148148148148153,0.026666666666666665,0.013333333333333336,0.013333333333333336,2.3148148148148153,1.4285714285714286,0.04,-0.3333333333333333,1
ASAP7,NOR3X1,NOR3x1_ASAP7_6t_L,C,Y,fall,10.0,0.0007199999999999999,0.7,25.0,12.8814,3.0,0.486,0.162,0,1,1,2.3978952727983707,0.0007197409243488539,2.05761316872428,6.172839506172839,0.0014814814814814814,0.004444444444444444,0.004444444444444444,6.172839506172839,1.4285714285714286,0.04,0.4999999999999999,1
ASAP7,OR4X2,OR4x2_ASAP7_6t_L,A,Y,rise,80.0,0.011519999999999999,0.7,25.0,49.7854,1.3333333333333335,0.216,0.162,0,1,1,4.394449154672439,0.011454150045115854,4.62962962962963,6.172839506172839,0.05333333333333333,0.0711111111111111,0.05333333333333333,4.62962962962963,1.4285714285714286,0.04,0.14285714285714285,1
ASAP7,OR4X2,OR4x2_ASAP7_6t_L,D,Y,rise,40.0,0.0028799999999999997,0.7,25.0,27.4554,1.3333333333333335,0.216,0.162,0,1,1,3.713572066704308,0.002875860745464264,4.62962962962963,6.172839506172839,0.013333333333333332,0.017777777777777774,0.013333333333333332,4.62962962962963,1.4285714285714286,0.04,0.14285714285714285,1
ASAP7,AND4X1,AND4x1_ASAP7_6t_L,A,Y,fall,10.0,0.046079999999999996,0.7,25.0,201.222,1.0,0.27,0.27,0,1,1,2.3978952727983707,0.04504984455370874,3.7037037037037033,3.7037037037037033,0.17066666666666663,0.17066666666666663,0.17066666666666663,3.7037037037037033,1.4285714285714286,0.04,0.0,1
ASAP7,NAND3X2,NAND3x2_ASAP7_6t_L,C,Y,rise,5.0,0.0028799999999999997,0.7,25.0,17.9969,0.33333333333333326,0.324,0.9720000000000002,0,1,1,1.791759469228055,0.002875860745464264,3.0864197530864197,1.0288065843621397,0.008888888888888887,0.002962962962962962,0.008888888888888887,3.0864197530864197,1.4285714285714286,0.04,-0.5,1
ASAP7,NOR3X2,NOR3x2_ASAP7_6t_L,A,Y,rise,320.0,0.011519999999999999,0.7,25.0,79.8915,3.0000000000000004,0.9720000000000002,0.324,0,1,1,5.771441123130016,0.011454150045115854,1.0288065843621397,3.0864197530864197,0.011851851851851848,0.03555555555555555,0.011851851851851848,1.0288065843621397,1.4285714285714286,0.04,0.5,1
ASAP7,OR3X4,OR3x4_ASAP7_6t_L,A,Y,rise,160.0,0.046079999999999996,0.7,25.0,92.0168,1.0,0.37799999999999995,0.37799999999999995,0,1,1,5.081404364984463,0.04504984455370874,2.645502645502646,2.645502645502646,0.12190476190476192,0.12190476190476192,0.12190476190476192,2.645502645502646,1.4285714285714286,0.04,0.0,1
ASAP7,AND3X4,AND3x4_ASAP7_6t_L,B,Y,fall,80.0,0.023039999999999998,0.7,25.0,66.1114,0.7,0.37799999999999995,0.54,0,1,1,4.394449154672439,0.022778586889339574,2.645502645502646,1.8518518518518516,0.06095238095238096,0.04266666666666666,0.04266666666666666,1.8518518518518516,1.4285714285714286,0.04,-0.17647058823529424,1
ASAP7,OR3X4,OR3x4_ASAP7_6t_L,C,Y,rise,160.0,0.0057599999999999995,0.7,25.0,44.2873,1.0,0.37799999999999995,0.37799999999999995,0,1,1,5.081404364984463,0.005743474627065725,2.645502645502646,2.645502645502646,0.01523809523809524,0.01523809523809524,0.01523809523809524,2.645502645502646,1.4285714285714286,0.04,0.0,1
ASAP7,BUFX2,BUFx2_ASAP7_6t_L,A,Y,fall,160.0,0.0014399999999999999,0.7,25.0,47.6774,1.0,0.135,0.135,0,1,1,5.081404364984463,0.0014389641942542826,7.4074074074074066,7.4074074074074066,0.010666666666666665,0.010666666666666665,0.010666666666666665,7.4074074074074066,1.4285714285714286,0.04,0.0,1
ASAP7,OR4X2,OR4x2_ASAP7_6t_L,C,Y,fall,40.0,0.023039999999999998,0.7,25.0,95.5563,1.3333333333333335,0.216,0.162,0,1,1,3.713572066704308,0.022778586889339574,4.62962962962963,6.172839506172839,0.10666666666666666,0.1422222222222222,0.1422222222222222,6.172839506172839,1.4285714285714286,0.04,0.14285714285714285,1
ASAP7,NOR3X1,NOR3x1_ASAP7_6t_L,B,Y,fall,5.0,0.0057599999999999995,0.7,25.0,31.4638,3.0,0.486,0.162,0,1,1,1.791759469228055,0.005743474627065725,2.05761316872428,6.172839506172839,0.011851851851851851,0.03555555555555555,0.03555555555555555,6.172839506172839,1.4285714285714286,0.04,0.4999999999999999,1
ASAP7,NAND2X1,NAND2x1_ASAP7_6t_L,B,Y,fall,10.0,0.0014399999999999999,0.7,25.0,10.2677,0.5,0.108,0.216,0,1,1,2.3978952727983707,0.0014389641942542826,9.25925925925926,4.62962962962963,0.013333333333333332,0.006666666666666666,0.006666666666666666,4.62962962962963,1.4285714285714286,0.04,-0.3333333333333333,1
ASAP7,AND3X1,AND3x1_ASAP7_6t_L,B,Y,fall,20.0,0.023039999999999998,0.7,25.0,109.841,1.0,0.216,0.216,0,1,1,3.044522437723423,0.022778586889339574,4.62962962962963,4.62962962962963,0.10666666666666666,0.10666666666666666,0.10666666666666666,4.62962962962963,1.4285714285714286,0.04,0.0,1
ASAP7,NAND3X1,NAND3x1_ASAP7_6t_L,C,Y,fall,40.0,0.011519999999999999,0.7,25.0,47.704,0.3333333333333333,0.162,0.486,0,1,1,3.713572066704308,0.011454150045115854,6.172839506172839,2.05761316872428,0.0711111111111111,0.023703703703703703,0.023703703703703703,2.05761316872428,1.4285714285714286,0.04,-0.4999999999999999,1
ASAP7,AND3X4,AND3x4_ASAP7_6t_L,B,Y,fall,5.0,0.046079999999999996,0.7,25.0,70.3865,0.7,0.37799999999999995,0.54,0,1,1,1.791759469228055,0.04504984455370874,2.645502645502646,1.8518518518518516,0.12190476190476192,0.08533333333333332,0.08533333333333332,1.8518518518518516,1.4285714285714286,0.04,-0.17647058823529424,1
ASAP7,OR3X4,OR3x4_ASAP7_6t_L,A,Y,rise,5.0,0.18431999999999998,0.7,25.0,246.101,1.0,0.37799999999999995,0.37799999999999995,0,1,1,1.791759469228055,0.16916877021565407,2.645502645502646,2.645502645502646,0.4876190476190477,0.4876190476190477,0.4876190476190477,2.645502645502646,1.4285714285714286,0.04,0.0,1
ASAP7,AND3X1,AND3x1_ASAP7_6t_L,B,Y,rise,40.0,0.0028799999999999997,0.7,25.0,37.9514,1.0,0.216,0.216,0,1,1,3.713572066704308,0.002875860745464264,4.62962962962963,4.62962962962963,0.013333333333333332,0.013333333333333332,0.013333333333333332,4.62962962962963,1.4285714285714286,0.04,0.0,1
ASAP7,NAND3X1,NAND3x1_ASAP7_6t_L,B,Y,rise,40.0,0.0028799999999999997,0.7,25.0,34.0525,0.3333333333333333,0.162,0.486,0,1,1,3.713572066704308,0.002875860745464264,6.172839506172839,2.05761316872428,0.017777777777777774,0.005925925925925926,0.017777777777777774,6.172839506172839,1.4285714285714286,0.04,-0.4999999999999999,1
ASAP7,OR4X1,OR4x1_ASAP7_6t_L,A,Y,fall,160.0,0.011519999999999999,0.7,25.0,109.314,1.0,0.27,0.27,0,1,1,5.081404364984463,0.011454150045115854,3.7037037037037033,3.7037037037037033,0.04266666666666666,0.04266666666666666,0.04266666666666666,3.7037037037037033,1.4285714285714286,0.04,0.0,1
ASAP7,NOR3X2,NOR3x2_ASAP7_6t_L,A,Y,rise,5.0,0.09215999999999999,0.7,25.0,220.106,3.0000000000000004,0.9720000000000002,0.324,0,1,1,1.791759469228055,0.08815738673620516,1.0288065843621397,3.0864197530864197,0.09481481481481478,0.2844444444444444,0.09481481481481478,1.0288065843621397,1.4285714285714286,0.04,0.5,1
ASAP7,OR4X1,OR4x1_ASAP7_6t_L,D,Y,fall,80.0,0.023039999999999998,0.7,25.0,136.765,1.0,0.27,0.27,0,1,1,4.394449154672439,0.022778586889339574,3.7037037037037033,3.7037037037037033,0.08533333333333332,0.08533333333333332,0.08533333333333332,3.7037037037037033,1.4285714285714286,0.04,0.0,1
ASAP7,OR3X1,OR3x1_ASAP7_6t_L,B,Y,rise,40.0,0.023039999999999998,0.7,25.0,129.253,1.0,0.216,0.216,0,1,1,3.713572066704308,0.022778586889339574,4.62962962962963,4.62962962962963,0.10666666666666666,0.10666666666666666,0.10666666666666666,4.62962962962963,1.4285714285714286,0.04,0.0,1
ASAP7,OR3X4,OR3x4_ASAP7_6t_L,C,Y,rise,10.0,0.0057599999999999995,0.7,25.0,25.3482,1.0,0.37799999999999995,0.37799999999999995,0,1,1,2.3978952727983707,0.005743474627065725,2.645502645502646,2.645502645502646,0.01523809523809524,0.01523809523809524,0.01523809523809524,2.645502645502646,1.4285714285714286,0.04,0.0,1
ASAP7,AND3X2,AND3x2_ASAP7_6t_L,B,Y,rise,10.0,0.09215999999999999,0.7,25.0,252.981,1.0,0.27,0.27,0,1,1,2.3978952727983707,0.08815738673620516,3.7037037037037033,3.7037037037037033,0.34133333333333327,0.34133333333333327,0.34133333333333327,3.7037037037037033,1.4285714285714286,0.04,0.0,1
ASAP7,AND3X2,AND3x2_ASAP7_6t_L,A,Y,fall,40.0,0.0028799999999999997,0.7,25.0,27.0386,1.0,0.27,0.27,0,1,1,3.713572066704308,0.002875860745464264,3.7037037037037033,3.7037037037037033,0.010666666666666665,0.010666666666666665,0.010666666666666665,3.7037037037037033,1.4285714285714286,0.04,0.0,1
ASAP7,AND3X2,AND3x2_ASAP7_6t_L,B,Y,fall,160.0,0.0014399999999999999,0.7,25.0,37.8831,1.0,0.27,0.27,0,1,1,5.081404364984463,0.0014389641942542826,3.7037037037037033,3.7037037037037033,0.005333333333333332,0.005333333333333332,0.005333333333333332,3.7037037037037033,1.4285714285714286,0.04,0.0,1
ASAP7,AND3X1,AND3x1_ASAP7_6t_L,A,Y,fall,40.0,0.023039999999999998,0.7,25.0,112.677,1.0,0.216,0.216,0,1,1,3.713572066704308,0.022778586889339574,4.62962962962963,4.62962962962963,0.10666666666666666,0.10666666666666666,0.10666666666666666,4.62962962962963,1.4285714285714286,0.04,0.0,1
ASAP7,OR3X4,OR3x4_ASAP7_6t_L,A,Y,fall,10.0,0.011519999999999999,0.7,25.0,56.0151,1.0,0.37799999999999995,0.37799999999999995,0,1,1,2.3978952727983707,0.011454150045115854,2.645502645502646,2.645502645502646,0.03047619047619048,0.03047619047619048,0.03047619047619048,2.645502645502646,1.4285714285714286,0.04,0.0,1
ASAP7,OR3X2,OR3x2_ASAP7_6t_L,C,Y,fall,80.0,0.0057599999999999995,0.7,25.0,51.6879,1.0,0.27,0.27,0,1,1,4.394449154672439,0.005743474627065725,3.7037037037037033,3.7037037037037033,0.02133333333333333,0.02133333333333333,0.02133333333333333,3.7037037037037033,1.4285714285714286,0.04,0.0,1
ASAP7,NAND3X1,NAND3x1_ASAP7_6t_L,A,Y,rise,320.0,0.0057599999999999995,0.7,25.0,107.751,0.3333333333333333,0.162,0.486,0,1,1,5.771441123130016,0.005743474627065725,6.172839506172839,2.05761316872428,0.03555555555555555,0.011851851851851851,0.03555555555555555,6.172839506172839,1.4285714285714286,0.04,-0.4999999999999999,1
ASAP7,OR4X1,OR4x1_ASAP7_6t_L,C,Y,rise,5.0,0.046079999999999996,0.7,25.0,237.311,1.0,0.27,0.27,0,1,1,1.791759469228055,0.04504984455370874,3.7037037037037033,3.7037037037037033,0.17066666666666663,0.17066666666666663,0.17066666666666663,3.7037037037037033,1.4285714285714286,0.04,0.0,1
ASAP7,NAND3X2,NAND3x2_ASAP7_6t_L,A,Y,fall,5.0,0.011519999999999999,0.7,25.0,24.0073,0.33333333333333326,0.324,0.9720000000000002,0,1,1,1.791759469228055,0.011454150045115854,3.0864197530864197,1.0288065843621397,0.03555555555555555,0.011851851851851848,0.011851851851851848,1.0288065843621397,1.4285714285714286,0.04,-0.5,1
ASAP7,OR3X2,OR3x2_ASAP7_6t_L,B,Y,fall,320.0,0.0014399999999999999,0.7,25.0,74.5634,1.0,0.27,0.27,0,1,1,5.771441123130016,0.0014389641942542826,3.7037037037037033,3.7037037037037033,0.005333333333333332,0.005333333333333332,0.005333333333333332,3.7037037037037033,1.4285714285714286,0.04,0.0,1
ASAP7,OR3X2,OR3x2_ASAP7_6t_L,C,Y,fall,40.0,0.011519999999999999,0.7,25.0,60.0986,1.0,0.27,0.27,0,1,1,3.713572066704308,0.011454150045115854,3.7037037037037033,3.7037037037037033,0.04266666666666666,0.04266666666666666,0.04266666666666666,3.7037037037037033,1.4285714285714286,0.04,0.0,1
ASAP7,NOR2X2,NOR2x2_ASAP7_6t_L,A,Y,rise,80.0,0.0057599999999999995,0.7,25.0,30.8348,1.9999999999999998,0.43199999999999994,0.216,0,1,1,4.394449154672439,0.005743474627065725,2.3148148148148153,4.62962962962963,0.013333333333333336,0.026666666666666665,0.013333333333333336,2.3148148148148153,1.4285714285714286,0.04,0.3333333333333333,1
ASAP7,OR3X2,OR3x2_ASAP7_6t_L,B,Y,rise,10.0,0.09215999999999999,0.7,25.0,240.443,1.0,0.27,0.27,0,1,1,2.3978952727983707,0.08815738673620516,3.7037037037037033,3.7037037037037033,0.34133333333333327,0.34133333333333327,0.34133333333333327,3.7037037037037033,1.4285714285714286,0.04,0.0,1
ASAP7,OR3X4,OR3x4_ASAP7_6t_L,B,Y,rise,5.0,0.18431999999999998,0.7,25.0,246.202,1.0,0.37799999999999995,0.37799999999999995,0,1,1,1.791759469228055,0.16916877021565407,2.645502645502646,2.645502645502646,0.4876190476190477,0.4876190476190477,0.4876190476190477,2.645502645502646,1.4285714285714286,0.04,0.0,1
ASAP7,NOR3X2,NOR3x2_ASAP7_6t_L,C,Y,fall,160.0,0.011519999999999999,0.7,25.0,70.2136,3.0000000000000004,0.9720000000000002,0.324,0,1,1,5.081404364984463,0.011454150045115854,1.0288065843621397,3.0864197530864197,0.011851851851851848,0.03555555555555555,0.03555555555555555,3.0864197530864197,1.4285714285714286,0.04,0.5,1
ASAP7,INVX1,INVx1_ASAP7_6t_L,A,Y,fall,80.0,0.0028799999999999997,0.7,25.0,30.4127,1.0,0.054,0.054,1,1,1,4.394449154672439,0.002875860745464264,18.51851851851852,18.51851851851852,0.05333333333333333,0.05333333333333333,0.05333333333333333,18.51851851851852,1.4285714285714286,0.04,0.0,1
ASAP7,NOR3X2,NOR3x2_ASAP7_6t_L,C,Y,rise,160.0,0.0014399999999999999,0.7,25.0,17.0361,3.0000000000000004,0.9720000000000002,0.324,0,1,1,5.081404364984463,0.0014389641942542826,1.0288065843621397,3.0864197530864197,0.001481481481481481,0.004444444444444444,0.001481481481481481,1.0288065843621397,1.4285714285714286,0.04,0.5,1
ASAP7,OR3X1,OR3x1_ASAP7_6t_L,A,Y,fall,20.0,0.0028799999999999997,0.7,25.0,38.4813,1.0,0.216,0.216,0,1,1,3.044522437723423,0.002875860745464264,4.62962962962963,4.62962962962963,0.013333333333333332,0.013333333333333332,0.013333333333333332,4.62962962962963,1.4285714285714286,0.04,0.0,1
ASAP7,OR2X4,OR2x4_ASAP7_6t_L,A,Y,rise,5.0,0.0028799999999999997,0.7,25.0,18.449,1.0,0.324,0.324,0,1,1,1.791759469228055,0.002875860745464264,3.0864197530864197,3.0864197530864197,0.008888888888888887,0.008888888888888887,0.008888888888888887,3.0864197530864197,1.4285714285714286,0.04,0.0,1
ASAP7,NAND3X1,NAND3x1_ASAP7_6t_L,C,Y,rise,80.0,0.0028799999999999997,0.7,25.0,47.6576,0.3333333333333333,0.162,0.486,0,1,1,4.394449154672439,0.002875860745464264,6.172839506172839,2.05761316872428,0.017777777777777774,0.005925925925925926,0.017777777777777774,6.172839506172839,1.4285714285714286,0.04,-0.4999999999999999,1
ASAP7,OR4X2,OR4x2_ASAP7_6t_L,B,Y,rise,160.0,0.0057599999999999995,0.7,25.0,39.6699,1.3333333333333335,0.216,0.162,0,1,1,5.081404364984463,0.005743474627065725,4.62962962962963,6.172839506172839,0.026666666666666665,0.03555555555555555,0.026666666666666665,4.62962962962963,1.4285714285714286,0.04,0.14285714285714285,1
ASAP7,AND3X4,AND3x4_ASAP7_6t_L,A,Y,rise,160.0,0.09215999999999999,0.7,25.0,153.125,0.7,0.37799999999999995,0.54,0,1,1,5.081404364984463,0.08815738673620516,2.645502645502646,1.8518518518518516,0.24380952380952384,0.17066666666666663,0.24380952380952384,2.645502645502646,1.4285714285714286,0.04,-0.17647058823529424,1
ASAP7,OR4X2,OR4x2_ASAP7_6t_L,C,Y,fall,10.0,0.0014399999999999999,0.7,25.0,39.3792,1.3333333333333335,0.216,0.162,0,1,1,2.3978952727983707,0.0014389641942542826,4.62962962962963,6.172839506172839,0.006666666666666666,0.008888888888888887,0.008888888888888887,6.172839506172839,1.4285714285714286,0.04,0.14285714285714285,1
ASAP7,OR4X2,OR4x2_ASAP7_6t_L,D,Y,rise,5.0,0.023039999999999998,0.7,25.0,70.2091,1.3333333333333335,0.216,0.162,0,1,1,1.791759469228055,0.022778586889339574,4.62962962962963,6.172839506172839,0.10666666666666666,0.1422222222222222,0.10666666666666666,4.62962962962963,1.4285714285714286,0.04,0.14285714285714285,1
ASAP7,NOR3X1,NOR3x1_ASAP7_6t_L,C,Y,fall,40.0,0.011519999999999999,0.7,25.0,66.4103,3.0,0.486,0.162,0,1,1,3.713572066704308,0.011454150045115854,2.05761316872428,6.172839506172839,0.023703703703703703,0.0711111111111111,0.0711111111111111,6.172839506172839,1.4285714285714286,0.04,0.4999999999999999,1
ASAP7,AND2X2,AND2x2_ASAP7_6t_L,B,Y,rise,80.0,0.0014399999999999999,0.7,25.0,27.6535,0.75,0.162,0.216,0,1,1,4.394449154672439,0.0014389641942542826,6.172839506172839,4.62962962962963,0.008888888888888887,0.006666666666666666,0.008888888888888887,6.172839506172839,1.4285714285714286,0.04,-0.14285714285714285,1
ASAP7,NAND3X2,NAND3x2_ASAP7_6t_L,C,Y,rise,40.0,0.046079999999999996,0.7,25.0,136.417,0.33333333333333326,0.324,0.9720000000000002,0,1,1,3.713572066704308,0.04504984455370874,3.0864197530864197,1.0288065843621397,0.1422222222222222,0.04740740740740739,0.1422222222222222,3.0864197530864197,1.4285714285714286,0.04,-0.5,1
ASAP7,AND3X2,AND3x2_ASAP7_6t_L,A,Y,fall,80.0,0.0057599999999999995,0.7,25.0,38.8619,1.0,0.27,0.27,0,1,1,4.394449154672439,0.005743474627065725,3.7037037037037033,3.7037037037037033,0.02133333333333333,0.02133333333333333,0.02133333333333333,3.7037037037037033,1.4285714285714286,0.04,0.0,1
ASAP7,OR3X4,OR3x4_ASAP7_6t_L,B,Y,fall,80.0,0.011519999999999999,0.7,25.0,69.4873,1.0,0.37799999999999995,0.37799999999999995,0,1,1,4.394449154672439,0.011454150045115854,2.645502645502646,2.645502645502646,0.03047619047619048,0.03047619047619048,0.03047619047619048,2.645502645502646,1.4285714285714286,0.04,0.0,1
ASAP7,NAND3X1,NAND3x1_ASAP7_6t_L,C,Y,fall,160.0,0.0028799999999999997,0.7,25.0,19.1666,0.3333333333333333,0.162,0.486,0,1,1,5.081404364984463,0.002875860745464264,6.172839506172839,2.05761316872428,0.017777777777777774,0.005925925925925926,0.005925925925925926,2.05761316872428,1.4285714285714286,0.04,-0.4999999999999999,1
ASAP7,AND4X2,AND4x2_ASAP7_6t_L,C,Y,rise,5.0,0.0014399999999999999,0.7,25.0,31.7746,1.0,0.324,0.324,0,1,1,1.791759469228055,0.0014389641942542826,3.0864197530864197,3.0864197530864197,0.004444444444444444,0.004444444444444444,0.004444444444444444,3.0864197530864197,1.4285714285714286,0.04,0.0,1
ASAP7,AND3X4,AND3x4_ASAP7_6t_L,A,Y,rise,5.0,0.023039999999999998,0.7,25.0,50.1254,0.7,0.37799999999999995,0.54,0,1,1,1.791759469228055,0.022778586889339574,2.645502645502646,1.8518518518518516,0.06095238095238096,0.04266666666666666,0.06095238095238096,2.645502645502646,1.4285714285714286,0.04,-0.17647058823529424,1
ASAP7,OR4X1,OR4x1_ASAP7_6t_L,A,Y,rise,160.0,0.0007199999999999999,0.7,25.0,20.51,1.0,0.27,0.27,0,1,1,5.081404364984463,0.0007197409243488539,3.7037037037037033,3.7037037037037033,0.002666666666666666,0.002666666666666666,0.002666666666666666,3.7037037037037033,1.4285714285714286,0.04,0.0,1
ASAP7,AND2X4,AND2x4_ASAP7_6t_L,A,Y,rise,160.0,0.046079999999999996,0.7,25.0,84.2769,1.0,0.43199999999999994,0.43199999999999994,0,1,1,5.081404364984463,0.04504984455370874,2.3148148148148153,2.3148148148148153,0.10666666666666669,0.10666666666666669,0.10666666666666669,2.3148148148148153,1.4285714285714286,0.04,0.0,1
ASAP7,INVX1,INVx1_ASAP7_6t_L,A,Y,rise,80.0,0.0007199999999999999,0.7,25.0,19.1608,1.0,0.054,0.054,1,1,1,4.394449154672439,0.0007197409243488539,18.51851851851852,18.51851851851852,0.013333333333333332,0.013333333333333332,0.013333333333333332,18.51851851851852,1.4285714285714286,0.04,0.0,1
ASAP7,OR2X4,OR2x4_ASAP7_6t_L,B,Y,fall,320.0,0.046079999999999996,0.7,25.0,134.419,1.0,0.324,0.324,0,1,1,5.771441123130016,0.04504984455370874,3.0864197530864197,3.0864197530864197,0.1422222222222222,0.1422222222222222,0.1422222222222222,3.0864197530864197,1.4285714285714286,0.04,0.0,1
ASAP7,OR3X2,OR3x2_ASAP7_6t_L,B,Y,rise,320.0,0.0014399999999999999,0.7,25.0,29.3388,1.0,0.27,0.27,0,1,1,5.771441123130016,0.0014389641942542826,3.7037037037037033,3.7037037037037033,0.005333333333333332,0.005333333333333332,0.005333333333333332,3.7037037037037033,1.4285714285714286,0.04,0.0,1
ASAP7,OR3X4,OR3x4_ASAP7_6t_L,B,Y,fall,5.0,0.0057599999999999995,0.7,25.0,46.7183,1.0,0.37799999999999995,0.37799999999999995,0,1,1,1.791759469228055,0.005743474627065725,2.645502645502646,2.645502645502646,0.01523809523809524,0.01523809523809524,0.01523809523809524,2.645502645502646,1.4285714285714286,0.04,0.0,1
ASAP7,OR2X4,OR2x4_ASAP7_6t_L,B,Y,rise,20.0,0.0028799999999999997,0.7,25.0,21.9384,1.0,0.324,0.324,0,1,1,3.044522437723423,0.002875860745464264,3.0864197530864197,3.0864197530864197,0.008888888888888887,0.008888888888888887,0.008888888888888887,3.0864197530864197,1.4285714285714286,0.04,0.0,1
ASAP7,XOR2X2,XOR2x2_ASAP7_6t_L,A,Y,rise,5.0,0.011519999999999999,0.7,25.0,45.0088,1.0,0.37799999999999995,0.37799999999999995,0,1,1,1.791759469228055,0.011454150045115854,2.645502645502646,2.645502645502646,0.03047619047619048,0.03047619047619048,0.03047619047619048,2.645502645502646,1.4285714285714286,0.04,0.0,1
ASAP7,OR4X1,OR4x1_ASAP7_6t_L,C,Y,rise,5.0,0.011519999999999999,0.7,25.0,67.7715,1.0,0.27,0.27,0,1,1,1.791759469228055,0.011454150045115854,3.7037037037037033,3.7037037037037033,0.04266666666666666,0.04266666666666666,0.04266666666666666,3.7037037037037033,1.4285714285714286,0.04,0.0,1
ASAP7,BUFX8,BUFx8_ASAP7_6t_L,A,Y,rise,160.0,0.0057599999999999995,0.7,25.0,35.006,1.0,0.54,0.54,0,1,1,5.081404364984463,0.005743474627065725,1.8518518518518516,1.8518518518518516,0.010666666666666665,0.010666666666666665,0.010666666666666665,1.8518518518518516,1.4285714285714286,0.04,0.0,1
ASAP7,OR4X1,OR4x1_ASAP7_6t_L,A,Y,rise,160.0,0.0014399999999999999,0.7,25.0,24.5185,1.0,0.27,0.27,0,1,1,5.081404364984463,0.0014389641942542826,3.7037037037037033,3.7037037037037033,0.005333333333333332,0.005333333333333332,0.005333333333333332,3.7037037037037033,1.4285714285714286,0.04,0.0,1
ASAP7,AND3X1,AND3x1_ASAP7_6t_L,C,Y,rise,160.0,0.046079999999999996,0.7,25.0,255.506,1.0,0.216,0.216,0,1,1,5.081404364984463,0.04504984455370874,4.62962962962963,4.62962962962963,0.21333333333333332,0.21333333333333332,0.21333333333333332,4.62962962962963,1.4285714285714286,0.04,0.0,1
ASAP7,AND3X1,AND3x1_ASAP7_6t_L,A,Y,rise,5.0,0.0014399999999999999,0.7,25.0,25.4959,1.0,0.216,0.216,0,1,1,1.791759469228055,0.0014389641942542826,4.62962962962963,4.62962962962963,0.006666666666666666,0.006666666666666666,0.006666666666666666,4.62962962962963,1.4285714285714286,0.04,0.0,1
ASAP7,OR4X2,OR4x2_ASAP7_6t_L,C,Y,fall,160.0,0.023039999999999998,0.7,25.0,113.031,1.3333333333333335,0.216,0.162,0,1,1,5.081404364984463,0.022778586889339574,4.62962962962963,6.172839506172839,0.10666666666666666,0.1422222222222222,0.1422222222222222,6.172839506172839,1.4285714285714286,0.04,0.14285714285714285,1
ASAP7,AND3X4,AND3x4_ASAP7_6t_L,A,Y,fall,320.0,0.023039999999999998,0.7,25.0,95.3065,0.7,0.37799999999999995,0.54,0,1,1,5.771441123130016,0.022778586889339574,2.645502645502646,1.8518518518518516,0.06095238095238096,0.04266666666666666,0.04266666666666666,1.8518518518518516,1.4285714285714286,0.04,-0.17647058823529424,1
ASAP7,OR3X1,OR3x1_ASAP7_6t_L,A,Y,rise,10.0,0.046079999999999996,0.7,25.0,237.583,1.0,0.216,0.216,0,1,1,2.3978952727983707,0.04504984455370874,4.62962962962963,4.62962962962963,0.21333333333333332,0.21333333333333332,0.21333333333333332,4.62962962962963,1.4285714285714286,0.04,0.0,1
ASAP7,OR4X2,OR4x2_ASAP7_6t_L,D,Y,rise,40.0,0.046079999999999996,0.7,25.0,134.257,1.3333333333333335,0.216,0.162,0,1,1,3.713572066704308,0.04504984455370874,4.62962962962963,6.172839506172839,0.21333333333333332,0.2844444444444444,0.21333333333333332,4.62962962962963,1.4285714285714286,0.04,0.14285714285714285,1
ASAP7,OR3X4,OR3x4_ASAP7_6t_L,A,Y,rise,160.0,0.023039999999999998,0.7,25.0,63.3527,1.0,0.37799999999999995,0.37799999999999995,0,1,1,5.081404364984463,0.022778586889339574,2.645502645502646,2.645502645502646,0.06095238095238096,0.06095238095238096,0.06095238095238096,2.645502645502646,1.4285714285714286,0.04,0.0,1
ASAP7,AND3X1,AND3x1_ASAP7_6t_L,C,Y,rise,320.0,0.011519999999999999,0.7,25.0,91.251,1.0,0.216,0.216,0,1,1,5.771441123130016,0.011454150045115854,4.62962962962963,4.62962962962963,0.05333333333333333,0.05333333333333333,0.05333333333333333,4.62962962962963,1.4285714285714286,0.04,0.0,1
ASAP7,AND4X1,AND4x1_ASAP7_6t_L,A,Y,rise,20.0,0.023039999999999998,0.7,25.0,140.141,1.0,0.27,0.27,0,1,1,3.044522437723423,0.022778586889339574,3.7037037037037033,3.7037037037037033,0.08533333333333332,0.08533333333333332,0.08533333333333332,3.7037037037037033,1.4285714285714286,0.04,0.0,1
ASAP7,NAND2X2,NAND2x2_ASAP7_6t_L,A,Y,fall,80.0,0.0028799999999999997,0.7,25.0,14.4583,0.5000000000000001,0.216,0.43199999999999994,0,1,1,4.394449154672439,0.002875860745464264,4.62962962962963,2.3148148148148153,0.013333333333333332,0.006666666666666668,0.006666666666666668,2.3148148148148153,1.4285714285714286,0.04,-0.3333333333333333,1
ASAP7,OR3X2,OR3x2_ASAP7_6t_L,A,Y,fall,160.0,0.0014399999999999999,0.7,25.0,59.7064,1.0,0.27,0.27,0,1,1,5.081404364984463,0.0014389641942542826,3.7037037037037033,3.7037037037037033,0.005333333333333332,0.005333333333333332,0.005333333333333332,3.7037037037037033,1.4285714285714286,0.04,0.0,1
ASAP7,OR3X1,OR3x1_ASAP7_6t_L,A,Y,rise,40.0,0.011519999999999999,0.7,25.0,71.9972,1.0,0.216,0.216,0,1,1,3.713572066704308,0.011454150045115854,4.62962962962963,4.62962962962963,0.05333333333333333,0.05333333333333333,0.05333333333333333,4.62962962962963,1.4285714285714286,0.04,0.0,1
ASAP7,OR3X2,OR3x2_ASAP7_6t_L,C,Y,fall,320.0,0.09215999999999999,0.7,25.0,259.337,1.0,0.27,0.27,0,1,1,5.771441123130016,0.08815738673620516,3.7037037037037033,3.7037037037037033,0.34133333333333327,0.34133333333333327,0.34133333333333327,3.7037037037037033,1.4285714285714286,0.04,0.0,1
ASAP7,AND4X1,AND4x1_ASAP7_6t_L,D,Y,rise,320.0,0.023039999999999998,0.7,25.0,154.561,1.0,0.27,0.27,0,1,1,5.771441123130016,0.022778586889339574,3.7037037037037033,3.7037037037037033,0.08533333333333332,0.08533333333333332,0.08533333333333332,3.7037037037037033,1.4285714285714286,0.04,0.0,1
ASAP7,BUFX8,BUFx8_ASAP7_6t_L,A,Y,fall,20.0,0.36863999999999997,0.7,25.0,213.053,1.0,0.54,0.54,0,1,1,3.044522437723423,0.31381754605640677,1.8518518518518516,1.8518518518518516,0.6826666666666665,0.6826666666666665,0.6826666666666665,1.8518518518518516,1.4285714285714286,0.04,0.0,1
ASAP7,NOR2X2,NOR2x2_ASAP7_6t_L,A,Y,fall,320.0,0.023039999999999998,0.7,25.0,122.464,1.9999999999999998,0.43199999999999994,0.216,0,1,1,5.771441123130016,0.022778586889339574,2.3148148148148153,4.62962962962963,0.053333333333333344,0.10666666666666666,0.10666666666666666,4.62962962962963,1.4285714285714286,0.04,0.3333333333333333,1
ASAP7,NAND3X2,NAND3x2_ASAP7_6t_L,A,Y,rise,160.0,0.0014399999999999999,0.7,25.0,36.5168,0.33333333333333326,0.324,0.9720000000000002,0,1,1,5.081404364984463,0.0014389641942542826,3.0864197530864197,1.0288065843621397,0.004444444444444444,0.001481481481481481,0.004444444444444444,3.0864197530864197,1.4285714285714286,0.04,-0.5,1
ASAP7,AND4X1,AND4x1_ASAP7_6t_L,C,Y,fall,40.0,0.0057599999999999995,0.7,25.0,44.3905,1.0,0.27,0.27,0,1,1,3.713572066704308,0.005743474627065725,3.7037037037037033,3.7037037037037033,0.02133333333333333,0.02133333333333333,0.02133333333333333,3.7037037037037033,1.4285714285714286,0.04,0.0,1
ASAP7,AND2X2,AND2x2_ASAP7_6t_L,B,Y,fall,5.0,0.046079999999999996,0.7,25.0,114.332,0.75,0.162,0.216,0,1,1,1.791759469228055,0.04504984455370874,6.172839506172839,4.62962962962963,0.2844444444444444,0.21333333333333332,0.21333333333333332,4.62962962962963,1.4285714285714286,0.04,-0.14285714285714285,1
ASAP7,BUFX2,BUFx2_ASAP7_6t_L,A,Y,rise,20.0,0.0014399999999999999,0.7,25.0,22.6381,1.0,0.135,0.135,0,1,1,3.044522437723423,0.0014389641942542826,7.4074074074074066,7.4074074074074066,0.010666666666666665,0.010666666666666665,0.010666666666666665,7.4074074074074066,1.4285714285714286,0.04,0.0,1
ASAP7,NAND2X2,NAND2x2_ASAP7_6t_L,B,Y,fall,320.0,0.0014399999999999999,0.7,25.0,8.16441,0.5000000000000001,0.216,0.43199999999999994,0,1,1,5.771441123130016,0.0014389641942542826,4.62962962962963,2.3148148148148153,0.006666666666666666,0.003333333333333334,0.003333333333333334,2.3148148148148153,1.4285714285714286,0.04,-0.3333333333333333,1
ASAP7,AND3X4,AND3x4_ASAP7_6t_L,A,Y,rise,5.0,0.18431999999999998,0.7,25.0,249.668,0.7,0.37799999999999995,0.54,0,1,1,1.791759469228055,0.16916877021565407,2.645502645502646,1.8518518518518516,0.4876190476190477,0.34133333333333327,0.4876190476190477,2.645502645502646,1.4285714285714286,0.04,-0.17647058823529424,1
ASAP7,OR3X1,OR3x1_ASAP7_6t_L,C,Y,fall,160.0,0.0057599999999999995,0.7,25.0,66.522,1.0,0.216,0.216,0,1,1,5.081404364984463,0.005743474627065725,4.62962962962963,4.62962962962963,0.026666666666666665,0.026666666666666665,0.026666666666666665,4.62962962962963,1.4285714285714286,0.04,0.0,1
ASAP7,BUFX2,BUFx2_ASAP7_6t_L,A,Y,rise,10.0,0.0028799999999999997,0.7,25.0,24.0149,1.0,0.135,0.135,0,1,1,2.3978952727983707,0.002875860745464264,7.4074074074074066,7.4074074074074066,0.02133333333333333,0.02133333333333333,0.02133333333333333,7.4074074074074066,1.4285714285714286,0.04,0.0,1
ASAP7,AND2X4,AND2x4_ASAP7_6t_L,B,Y,fall,10.0,0.023039999999999998,0.7,25.0,36.7348,1.0,0.43199999999999994,0.43199999999999994,0,1,1,2.3978952727983707,0.022778586889339574,2.3148148148148153,2.3148148148148153,0.053333333333333344,0.053333333333333344,0.053333333333333344,2.3148148148148153,1.4285714285714286,0.04,0.0,1
ASAP7,NOR2X1,NOR2x1_ASAP7_6t_L,B,Y,rise,5.0,0.011519999999999999,0.7,25.0,58.4614,2.0,0.216,0.108,0,1,1,1.791759469228055,0.011454150045115854,4.62962962962963,9.25925925925926,0.05333333333333333,0.10666666666666666,0.05333333333333333,4.62962962962963,1.4285714285714286,0.04,0.3333333333333333,1
ASAP7,OR3X1,OR3x1_ASAP7_6t_L,C,Y,rise,5.0,0.011519999999999999,0.7,25.0,67.4951,1.0,0.216,0.216,0,1,1,1.791759469228055,0.011454150045115854,4.62962962962963,4.62962962962963,0.05333333333333333,0.05333333333333333,0.05333333333333333,4.62962962962963,1.4285714285714286,0.04,0.0,1
ASAP7,OR3X1,OR3x1_ASAP7_6t_L,B,Y,fall,320.0,0.0014399999999999999,0.7,25.0,70.3026,1.0,0.216,0.216,0,1,1,5.771441123130016,0.0014389641942542826,4.62962962962963,4.62962962962963,0.006666666666666666,0.006666666666666666,0.006666666666666666,4.62962962962963,1.4285714285714286,0.04,0.0,1
ASAP7,NAND2X2,NAND2x2_ASAP7_6t_L,A,Y,rise,5.0,0.023039999999999998,0.7,25.0,63.8334,0.5000000000000001,0.216,0.43199999999999994,0,1,1,1.791759469228055,0.022778586889339574,4.62962962962963,2.3148148148148153,0.10666666666666666,0.053333333333333344,0.10666666666666666,4.62962962962963,1.4285714285714286,0.04,-0.3333333333333333,1
ASAP7,INVX1,INVx1_ASAP7_6t_L,A,Y,rise,320.0,0.0057599999999999995,0.7,25.0,96.8218,1.0,0.054,0.054,1,1,1,5.771441123130016,0.005743474627065725,18.51851851851852,18.51851851851852,0.10666666666666666,0.10666666666666666,0.10666666666666666,18.51851851851852,1.4285714285714286,0.04,0.0,1
ASAP7,AND4X2,AND4x2_ASAP7_6t_L,A,Y,fall,160.0,0.0014399999999999999,0.7,25.0,34.7678,1.0,0.324,0.324,0,1,1,5.081404364984463,0.0014389641942542826,3.0864197530864197,3.0864197530864197,0.004444444444444444,0.004444444444444444,0.004444444444444444,3.0864197530864197,1.4285714285714286,0.04,0.0,1
ASAP7,NAND2X2,NAND2x2_ASAP7_6t_L,B,Y,fall,10.0,0.0028799999999999997,0.7,25.0,10.3717,0.5000000000000001,0.216,0.43199999999999994,0,1,1,2.3978952727983707,0.002875860745464264,4.62962962962963,2.3148148148148153,0.013333333333333332,0.006666666666666668,0.006666666666666668,2.3148148148148153,1.4285714285714286,0.04,-0.3333333333333333,1
ASAP7,AND4X1,AND4x1_ASAP7_6t_L,D,Y,rise,5.0,0.046079999999999996,0.7,25.0,252.859,1.0,0.27,0.27,0,1,1,1.791759469228055,0.04504984455370874,3.7037037037037033,3.7037037037037033,0.17066666666666663,0.17066666666666663,0.17066666666666663,3.7037037037037033,1.4285714285714286,0.04,0.0,1
ASAP7,AND3X1,AND3x1_ASAP7_6t_L,A,Y,rise,10.0,0.023039999999999998,0.7,25.0,133.619,1.0,0.216,0.216,0,1,1,2.3978952727983707,0.022778586889339574,4.62962962962963,4.62962962962963,0.10666666666666666,0.10666666666666666,0.10666666666666666,4.62962962962963,1.4285714285714286,0.04,0.0,1
ASAP7,OR4X1,OR4x1_ASAP7_6t_L,B,Y,fall,320.0,0.011519999999999999,0.7,25.0,130.482,1.0,0.27,0.27,0,1,1,5.771441123130016,0.011454150045115854,3.7037037037037033,3.7037037037037033,0.04266666666666666,0.04266666666666666,0.04266666666666666,3.7037037037037033,1.4285714285714286,0.04,0.0,1
ASAP7,INVX8,INVx8_ASAP7_6t_L,A,Y,rise,80.0,0.36863999999999997,0.7,25.0,257.024,1.0,0.43199999999999994,0.43199999999999994,1,1,1,4.394449154672439,0.31381754605640677,2.3148148148148153,2.3148148148148153,0.8533333333333335,0.8533333333333335,0.8533333333333335,2.3148148148148153,1.4285714285714286,0.04,0.0,1
ASAP7,XOR2X2,XOR2x2_ASAP7_6t_L,B,Y,rise,40.0,0.011519999999999999,0.7,25.0,58.9096,1.0,0.37799999999999995,0.37799999999999995,0,1,1,3.713572066704308,0.011454150045115854,2.645502645502646,2.645502645502646,0.03047619047619048,0.03047619047619048,0.03047619047619048,2.645502645502646,1.4285714285714286,0.04,0.0,1
ASAP7,OR4X1,OR4x1_ASAP7_6t_L,C,Y,fall,80.0,0.0057599999999999995,0.7,25.0,67.0477,1.0,0.27,0.27,0,1,1,4.394449154672439,0.005743474627065725,3.7037037037037033,3.7037037037037033,0.02133333333333333,0.02133333333333333,0.02133333333333333,3.7037037037037033,1.4285714285714286,0.04,0.0,1
ASAP7,NOR3X2,NOR3x2_ASAP7_6t_L,B,Y,fall,40.0,0.046079999999999996,0.7,25.0,112.945,3.0000000000000004,0.9720000000000002,0.324,0,1,1,3.713572066704308,0.04504984455370874,1.0288065843621397,3.0864197530864197,0.04740740740740739,0.1422222222222222,0.1422222222222222,3.0864197530864197,1.4285714285714286,0.04,0.5,1
ASAP7,OR3X2,OR3x2_ASAP7_6t_L,C,Y,fall,20.0,0.0014399999999999999,0.7,25.0,32.3204,1.0,0.27,0.27,0,1,1,3.044522437723423,0.0014389641942542826,3.7037037037037033,3.7037037037037033,0.005333333333333332,0.005333333333333332,0.005333333333333332,3.7037037037037033,1.4285714285714286,0.04,0.0,1
ASAP7,XOR2X2,XOR2x2_ASAP7_6t_L,B,Y,rise,160.0,0.046079999999999996,0.7,25.0,140.031,1.0,0.37799999999999995,0.37799999999999995,0,1,1,5.081404364984463,0.04504984455370874,2.645502645502646,2.645502645502646,0.12190476190476192,0.12190476190476192,0.12190476190476192,2.645502645502646,1.4285714285714286,0.04,0.0,1
ASAP7,OR4X1,OR4x1_ASAP7_6t_L,B,Y,fall,5.0,0.046079999999999996,0.7,25.0,221.771,1.0,0.27,0.27,0,1,1,1.791759469228055,0.04504984455370874,3.7037037037037033,3.7037037037037033,0.17066666666666663,0.17066666666666663,0.17066666666666663,3.7037037037037033,1.4285714285714286,0.04,0.0,1
ASAP7,AND4X1,AND4x1_ASAP7_6t_L,D,Y,rise,80.0,0.0014399999999999999,0.7,25.0,35.0217,1.0,0.27,0.27,0,1,1,4.394449154672439,0.0014389641942542826,3.7037037037037033,3.7037037037037033,0.005333333333333332,0.005333333333333332,0.005333333333333332,3.7037037037037033,1.4285714285714286,0.04,0.0,1
ASAP7,AND4X1,AND4x1_ASAP7_6t_L,A,Y,rise,20.0,0.011519999999999999,0.7,25.0,83.5518,1.0,0.27,0.27,0,1,1,3.044522437723423,0.011454150045115854,3.7037037037037033,3.7037037037037033,0.04266666666666666,0.04266666666666666,0.04266666666666666,3.7037037037037033,1.4285714285714286,0.04,0.0,1
ASAP7,AND3X2,AND3x2_ASAP7_6t_L,A,Y,rise,40.0,0.0014399999999999999,0.7,25.0,32.0647,1.0,0.27,0.27,0,1,1,3.713572066704308,0.0014389641942542826,3.7037037037037033,3.7037037037037033,0.005333333333333332,0.005333333333333332,0.005333333333333332,3.7037037037037033,1.4285714285714286,0.04,0.0,1
ASAP7,NAND3X2,NAND3x2_ASAP7_6t_L,B,Y,rise,10.0,0.023039999999999998,0.7,25.0,67.9723,0.33333333333333326,0.324,0.9720000000000002,0,1,1,2.3978952727983707,0.022778586889339574,3.0864197530864197,1.0288065843621397,0.0711111111111111,0.023703703703703696,0.0711111111111111,3.0864197530864197,1.4285714285714286,0.04,-0.5,1
ASAP7,BUFX8,BUFx8_ASAP7_6t_L,A,Y,rise,5.0,0.0057599999999999995,0.7,25.0,17.1731,1.0,0.54,0.54,0,1,1,1.791759469228055,0.005743474627065725,1.8518518518518516,1.8518518518518516,0.010666666666666665,0.010666666666666665,0.010666666666666665,1.8518518518518516,1.4285714285714286,0.04,0.0,1
ASAP7,NOR2X2,NOR2x2_ASAP7_6t_L,A,Y,fall,20.0,0.023039999999999998,0.7,25.0,57.4651,1.9999999999999998,0.43199999999999994,0.216,0,1,1,3.044522437723423,0.022778586889339574,2.3148148148148153,4.62962962962963,0.053333333333333344,0.10666666666666666,0.10666666666666666,4.62962962962963,1.4285714285714286,0.04,0.3333333333333333,1
ASAP7,OR4X2,OR4x2_ASAP7_6t_L,A,Y,fall,20.0,0.023039999999999998,0.7,25.0,90.2155,1.3333333333333335,0.216,0.162,0,1,1,3.044522437723423,0.022778586889339574,4.62962962962963,6.172839506172839,0.10666666666666666,0.1422222222222222,0.1422222222222222,6.172839506172839,1.4285714285714286,0.04,0.14285714285714285,1
ASAP7,AND3X1,AND3x1_ASAP7_6t_L,B,Y,fall,160.0,0.0057599999999999995,0.7,25.0,55.0407,1.0,0.216,0.216,0,1,1,5.081404364984463,0.005743474627065725,4.62962962962963,4.62962962962963,0.026666666666666665,0.026666666666666665,0.026666666666666665,4.62962962962963,1.4285714285714286,0.04,0.0,1
ASAP7,OR4X2,OR4x2_ASAP7_6t_L,A,Y,fall,40.0,0.046079999999999996,0.7,25.0,143.182,1.3333333333333335,0.216,0.162,0,1,1,3.713572066704308,0.04504984455370874,4.62962962962963,6.172839506172839,0.21333333333333332,0.2844444444444444,0.2844444444444444,6.172839506172839,1.4285714285714286,0.04,0.14285714285714285,1
ASAP7,NOR3X1,NOR3x1_ASAP7_6t_L,A,Y,rise,80.0,0.023039999999999998,0.7,25.0,131.333,3.0,0.486,0.162,0,1,1,4.394449154672439,0.022778586889339574,2.05761316872428,6.172839506172839,0.047407407407407405,0.1422222222222222,0.047407407407407405,2.05761316872428,1.4285714285714286,0.04,0.4999999999999999,1
ASAP7,INVX2,INVx2_ASAP7_6t_L,A,Y,rise,160.0,0.046079999999999996,0.7,25.0,166.248,1.0,0.108,0.108,1,1,1,5.081404364984463,0.04504984455370874,9.25925925925926,9.25925925925926,0.42666666666666664,0.42666666666666664,0.42666666666666664,9.25925925925926,1.4285714285714286,0.04,0.0,1
ASAP7,OR4X1,OR4x1_ASAP7_6t_L,A,Y,fall,320.0,0.023039999999999998,0.7,25.0,182.75,1.0,0.27,0.27,0,1,1,5.771441123130016,0.022778586889339574,3.7037037037037033,3.7037037037037033,0.08533333333333332,0.08533333333333332,0.08533333333333332,3.7037037037037033,1.4285714285714286,0.04,0.0,1
ASAP7,NOR2X2,NOR2x2_ASAP7_6t_L,B,Y,fall,320.0,0.09215999999999999,0.7,25.0,286.643,1.9999999999999998,0.43199999999999994,0.216,0,1,1,5.771441123130016,0.08815738673620516,2.3148148148148153,4.62962962962963,0.21333333333333337,0.42666666666666664,0.42666666666666664,4.62962962962963,1.4285714285714286,0.04,0.3333333333333333,1
ASAP7,OR4X2,OR4x2_ASAP7_6t_L,B,Y,fall,80.0,0.09215999999999999,0.7,25.0,245.888,1.3333333333333335,0.216,0.162,0,1,1,4.394449154672439,0.08815738673620516,4.62962962962963,6.172839506172839,0.42666666666666664,0.5688888888888888,0.5688888888888888,6.172839506172839,1.4285714285714286,0.04,0.14285714285714285,1
ASAP7,AND3X2,AND3x2_ASAP7_6t_L,B,Y,rise,320.0,0.0014399999999999999,0.7,25.0,50.758,1.0,0.27,0.27,0,1,1,5.771441123130016,0.0014389641942542826,3.7037037037037033,3.7037037037037033,0.005333333333333332,0.005333333333333332,0.005333333333333332,3.7037037037037033,1.4285714285714286,0.04,0.0,1
ASAP7,AND3X1,AND3x1_ASAP7_6t_L,A,Y,rise,80.0,0.0028799999999999997,0.7,25.0,44.5168,1.0,0.216,0.216,0,1,1,4.394449154672439,0.002875860745464264,4.62962962962963,4.62962962962963,0.013333333333333332,0.013333333333333332,0.013333333333333332,4.62962962962963,1.4285714285714286,0.04,0.0,1
ASAP7,NOR3X2,NOR3x2_ASAP7_6t_L,A,Y,fall,160.0,0.09215999999999999,0.7,25.0,241.736,3.0000000000000004,0.9720000000000002,0.324,0,1,1,5.081404364984463,0.08815738673620516,1.0288065843621397,3.0864197530864197,0.09481481481481478,0.2844444444444444,0.2844444444444444,3.0864197530864197,1.4285714285714286,0.04,0.5,1
ASAP7,AND4X1,AND4x1_ASAP7_6t_L,C,Y,rise,40.0,0.011519999999999999,0.7,25.0,86.2454,1.0,0.27,0.27,0,1,1,3.713572066704308,0.011454150045115854,3.7037037037037033,3.7037037037037033,0.04266666666666666,0.04266666666666666,0.04266666666666666,3.7037037037037033,1.4285714285714286,0.04,0.0,1
ASAP7,OR2X2,OR2x2_ASAP7_6t_L,A,Y,rise,40.0,0.023039999999999998,0.7,25.0,83.8129,1.3333333333333335,0.216,0.162,0,1,1,3.713572066704308,0.022778586889339574,4.62962962962963,6.172839506172839,0.10666666666666666,0.1422222222222222,0.10666666666666666,4.62962962962963,1.4285714285714286,0.04,0.14285714285714285,1
ASAP7,AND3X1,AND3x1_ASAP7_6t_L,B,Y,rise,5.0,0.023039999999999998,0.7,25.0,132.738,1.0,0.216,0.216,0,1,1,1.791759469228055,0.022778586889339574,4.62962962962963,4.62962962962963,0.10666666666666666,0.10666666666666666,0.10666666666666666,4.62962962962963,1.4285714285714286,0.04,0.0,1
ASAP7,AND3X4,AND3x4_ASAP7_6t_L,C,Y,rise,40.0,0.09215999999999999,0.7,25.0,141.286,0.7,0.37799999999999995,0.54,0,1,1,3.713572066704308,0.08815738673620516,2.645502645502646,1.8518518518518516,0.24380952380952384,0.17066666666666663,0.24380952380952384,2.645502645502646,1.4285714285714286,0.04,-0.17647058823529424,1
ASAP7,INVX8,INVx8_ASAP7_6t_L,A,Y,rise,20.0,0.023039999999999998,0.7,25.0,22.5775,1.0,0.43199999999999994,0.43199999999999994,1,1,1,3.044522437723423,0.022778586889339574,2.3148148148148153,2.3148148148148153,0.053333333333333344,0.053333333333333344,0.053333333333333344,2.3148148148148153,1.4285714285714286,0.04,0.0,1
ASAP7,AND4X1,AND4x1_ASAP7_6t_L,B,Y,fall,10.0,0.0007199999999999999,0.7,25.0,15.7326,1.0,0.27,0.27,0,1,1,2.3978952727983707,0.0007197409243488539,3.7037037037037033,3.7037037037037033,0.002666666666666666,0.002666666666666666,0.002666666666666666,3.7037037037037033,1.4285714285714286,0.04,0.0,1
ASAP7,AND3X4,AND3x4_ASAP7_6t_L,C,Y,fall,40.0,0.011519999999999999,0.7,25.0,46.5515,0.7,0.37799999999999995,0.54,0,1,1,3.713572066704308,0.011454150045115854,2.645502645502646,1.8518518518518516,0.03047619047619048,0.02133333333333333,0.02133333333333333,1.8518518518518516,1.4285714285714286,0.04,-0.17647058823529424,1
ASAP7,OR4X1,OR4x1_ASAP7_6t_L,A,Y,rise,5.0,0.0057599999999999995,0.7,25.0,38.3542,1.0,0.27,0.27,0,1,1,1.791759469228055,0.005743474627065725,3.7037037037037033,3.7037037037037033,0.02133333333333333,0.02133333333333333,0.02133333333333333,3.7037037037037033,1.4285714285714286,0.04,0.0,1
ASAP7,AND4X1,AND4x1_ASAP7_6t_L,A,Y,fall,40.0,0.0014399999999999999,0.7,25.0,24.0285,1.0,0.27,0.27,0,1,1,3.713572066704308,0.0014389641942542826,3.7037037037037033,3.7037037037037033,0.005333333333333332,0.005333333333333332,0.005333333333333332,3.7037037037037033,1.4285714285714286,0.04,0.0,1
ASAP7,OR3X2,OR3x2_ASAP7_6t_L,B,Y,rise,160.0,0.09215999999999999,0.7,25.0,252.971,1.0,0.27,0.27,0,1,1,5.081404364984463,0.08815738673620516,3.7037037037037033,3.7037037037037033,0.34133333333333327,0.34133333333333327,0.34133333333333327,3.7037037037037033,1.4285714285714286,0.04,0.0,1
ASAP7,NOR3X2,NOR3x2_ASAP7_6t_L,B,Y,fall,10.0,0.0014399999999999999,0.7,25.0,11.879,3.0000000000000004,0.9720000000000002,0.324,0,1,1,2.3978952727983707,0.0014389641942542826,1.0288065843621397,3.0864197530864197,0.001481481481481481,0.004444444444444444,0.004444444444444444,3.0864197530864197,1.4285714285714286,0.04,0.5,1
ASAP7,OR2X2,OR2x2_ASAP7_6t_L,A,Y,fall,20.0,0.0057599999999999995,0.7,25.0,33.5155,1.3333333333333335,0.216,0.162,0,1,1,3.044522437723423,0.005743474627065725,4.62962962962963,6.172839506172839,0.026666666666666665,0.03555555555555555,0.03555555555555555,6.172839506172839,1.4285714285714286,0.04,0.14285714285714285,1
ASAP7,NAND3X2,NAND3x2_ASAP7_6t_L,C,Y,fall,320.0,0.046079999999999996,0.7,25.0,104.182,0.33333333333333326,0.324,0.9720000000000002,0,1,1,5.771441123130016,0.04504984455370874,3.0864197530864197,1.0288065843621397,0.1422222222222222,0.04740740740740739,0.04740740740740739,1.0288065843621397,1.4285714285714286,0.04,-0.5,1
ASAP7,NOR3X1,NOR3x1_ASAP7_6t_L,B,Y,fall,10.0,0.0014399999999999999,0.7,25.0,14.8952,3.0,0.486,0.162,0,1,1,2.3978952727983707,0.0014389641942542826,2.05761316872428,6.172839506172839,0.002962962962962963,0.008888888888888887,0.008888888888888887,6.172839506172839,1.4285714285714286,0.04,0.4999999999999999,1
ASAP7,XOR2X2,XOR2x2_ASAP7_6t_L,B,Y,fall,10.0,0.046079999999999996,0.7,25.0,116.384,1.0,0.37799999999999995,0.37799999999999995,0,1,1,2.3978952727983707,0.04504984455370874,2.645502645502646,2.645502645502646,0.12190476190476192,0.12190476190476192,0.12190476190476192,2.645502645502646,1.4285714285714286,0.04,0.0,1
ASAP7,XOR2X2,XOR2x2_ASAP7_6t_L,B,Y,fall,40.0,0.0028799999999999997,0.7,25.0,34.0994,1.0,0.37799999999999995,0.37799999999999995,0,1,1,3.713572066704308,0.002875860745464264,2.645502645502646,2.645502645502646,0.00761904761904762,0.00761904761904762,0.00761904761904762,2.645502645502646,1.4285714285714286,0.04,0.0,1
ASAP7,OR2X4,OR2x4_ASAP7_6t_L,B,Y,fall,40.0,0.09215999999999999,0.7,25.0,135.139,1.0,0.324,0.324,0,1,1,3.713572066704308,0.08815738673620516,3.0864197530864197,3.0864197530864197,0.2844444444444444,0.2844444444444444,0.2844444444444444,3.0864197530864197,1.4285714285714286,0.04,0.0,1
ASAP7,XOR2X2,XOR2x2_ASAP7_6t_L,B,Y,fall,40.0,0.046079999999999996,0.7,25.0,124.264,1.0,0.37799999999999995,0.37799999999999995,0,1,1,3.713572066704308,0.04504984455370874,2.645502645502646,2.645502645502646,0.12190476190476192,0.12190476190476192,0.12190476190476192,2.645502645502646,1.4285714285714286,0.04,0.0,1
ASAP7,NAND3X2,NAND3x2_ASAP7_6t_L,C,Y,fall,320.0,0.09215999999999999,0.7,25.0,185.983,0.33333333333333326,0.324,0.9720000000000002,0,1,1,5.771441123130016,0.08815738673620516,3.0864197530864197,1.0288065843621397,0.2844444444444444,0.09481481481481478,0.09481481481481478,1.0288065843621397,1.4285714285714286,0.04,-0.5,1
ASAP7,AND3X1,AND3x1_ASAP7_6t_L,B,Y,fall,160.0,0.0014399999999999999,0.7,25.0,36.567,1.0,0.216,0.216,0,1,1,5.081404364984463,0.0014389641942542826,4.62962962962963,4.62962962962963,0.006666666666666666,0.006666666666666666,0.006666666666666666,4.62962962962963,1.4285714285714286,0.04,0.0,1
ASAP7,NOR2X1,NOR2x1_ASAP7_6t_L,B,Y,rise,20.0,0.0007199999999999999,0.7,25.0,11.4303,2.0,0.216,0.108,0,1,1,3.044522437723423,0.0007197409243488539,4.62962962962963,9.25925925925926,0.003333333333333333,0.006666666666666666,0.003333333333333333,4.62962962962963,1.4285714285714286,0.04,0.3333333333333333,1
ASAP7,AND3X4,AND3x4_ASAP7_6t_L,A,Y,fall,80.0,0.046079999999999996,0.7,25.0,86.2989,0.7,0.37799999999999995,0.54,0,1,1,4.394449154672439,0.04504984455370874,2.645502645502646,1.8518518518518516,0.12190476190476192,0.08533333333333332,0.08533333333333332,1.8518518518518516,1.4285714285714286,0.04,-0.17647058823529424,1
ASAP7,AND2X4,AND2x4_ASAP7_6t_L,A,Y,rise,40.0,0.0057599999999999995,0.7,25.0,26.271,1.0,0.43199999999999994,0.43199999999999994,0,1,1,3.713572066704308,0.005743474627065725,2.3148148148148153,2.3148148148148153,0.013333333333333336,0.013333333333333336,0.013333333333333336,2.3148148148148153,1.4285714285714286,0.04,0.0,1
ASAP7,OR4X2,OR4x2_ASAP7_6t_L,D,Y,rise,320.0,0.0014399999999999999,0.7,25.0,33.8147,1.3333333333333335,0.216,0.162,0,1,1,5.771441123130016,0.0014389641942542826,4.62962962962963,6.172839506172839,0.006666666666666666,0.008888888888888887,0.006666666666666666,4.62962962962963,1.4285714285714286,0.04,0.14285714285714285,1
ASAP7,NAND2X1,NAND2x1_ASAP7_6t_L,B,Y,rise,10.0,0.0014399999999999999,0.7,25.0,13.7443,0.5,0.108,0.216,0,1,1,2.3978952727983707,0.0014389641942542826,9.25925925925926,4.62962962962963,0.013333333333333332,0.006666666666666666,0.013333333333333332,9.25925925925926,1.4285714285714286,0.04,-0.3333333333333333,1
ASAP7,NAND3X1,NAND3x1_ASAP7_6t_L,B,Y,fall,320.0,0.0014399999999999999,0.7,25.0,9.18155,0.3333333333333333,0.162,0.486,0,1,1,5.771441123130016,0.0014389641942542826,6.172839506172839,2.05761316872428,0.008888888888888887,0.002962962962962963,0.002962962962962963,2.05761316872428,1.4285714285714286,0.04,-0.4999999999999999,1
ASAP7,XOR2X2,XOR2x2_ASAP7_6t_L,A,Y,fall,20.0,0.0057599999999999995,0.7,25.0,35.5423,1.0,0.37799999999999995,0.37799999999999995,0,1,1,3.044522437723423,0.005743474627065725,2.645502645502646,2.645502645502646,0.01523809523809524,0.01523809523809524,0.01523809523809524,2.645502645502646,1.4285714285714286,0.04,0.0,1
ASAP7,NOR2X1,NOR2x1_ASAP7_6t_L,A,Y,rise,320.0,0.0014399999999999999,0.7,25.0,31.6794,2.0,0.216,0.108,0,1,1,5.771441123130016,0.0014389641942542826,4.62962962962963,9.25925925925926,0.006666666666666666,0.013333333333333332,0.006666666666666666,4.62962962962963,1.4285714285714286,0.04,0.3333333333333333,1
ASAP7,NAND2X1,NAND2x1_ASAP7_6t_L,B,Y,fall,160.0,0.0014399999999999999,0.7,25.0,18.873,0.5,0.108,0.216,0,1,1,5.081404364984463,0.0014389641942542826,9.25925925925926,4.62962962962963,0.013333333333333332,0.006666666666666666,0.006666666666666666,4.62962962962963,1.4285714285714286,0.04,-0.3333333333333333,1
ASAP7,NOR3X2,NOR3x2_ASAP7_6t_L,B,Y,fall,160.0,0.023039999999999998,0.7,25.0,98.0168,3.0000000000000004,0.9720000000000002,0.324,0,1,1,5.081404364984463,0.022778586889339574,1.0288065843621397,3.0864197530864197,0.023703703703703696,0.0711111111111111,0.0711111111111111,3.0864197530864197,1.4285714285714286,0.04,0.5,1
ASAP7,OR3X4,OR3x4_ASAP7_6t_L,C,Y,rise,80.0,0.18431999999999998,0.7,25.0,260.607,1.0,0.37799999999999995,0.37799999999999995,0,1,1,4.394449154672439,0.16916877021565407,2.645502645502646,2.645502645502646,0.4876190476190477,0.4876190476190477,0.4876190476190477,2.645502645502646,1.4285714285714286,0.04,0.0,1
ASAP7,OR2X2,OR2x2_ASAP7_6t_L,A,Y,fall,160.0,0.011519999999999999,0.7,25.0,59.8853,1.3333333333333335,0.216,0.162,0,1,1,5.081404364984463,0.011454150045115854,4.62962962962963,6.172839506172839,0.05333333333333333,0.0711111111111111,0.0711111111111111,6.172839506172839,1.4285714285714286,0.04,0.14285714285714285,1
ASAP7,NOR2X1,NOR2x1_ASAP7_6t_L,A,Y,fall,320.0,0.0028799999999999997,0.7,25.0,58.5679,2.0,0.216,0.108,0,1,1,5.771441123130016,0.002875860745464264,4.62962962962963,9.25925925925926,0.013333333333333332,0.026666666666666665,0.026666666666666665,9.25925925925926,1.4285714285714286,0.04,0.3333333333333333,1
ASAP7,AND4X2,AND4x2_ASAP7_6t_L,C,Y,rise,5.0,0.0057599999999999995,0.7,25.0,45.6632,1.0,0.324,0.324,0,1,1,1.791759469228055,0.005743474627065725,3.0864197530864197,3.0864197530864197,0.017777777777777774,0.017777777777777774,0.017777777777777774,3.0864197530864197,1.4285714285714286,0.04,0.0,1
ASAP7,AND3X4,AND3x4_ASAP7_6t_L,A,Y,rise,80.0,0.09215999999999999,0.7,25.0,147.37,0.7,0.37799999999999995,0.54,0,1,1,4.394449154672439,0.08815738673620516,2.645502645502646,1.8518518518518516,0.24380952380952384,0.17066666666666663,0.24380952380952384,2.645502645502646,1.4285714285714286,0.04,-0.17647058823529424,1
ASAP7,NOR3X1,NOR3x1_ASAP7_6t_L,A,Y,fall,40.0,0.046079999999999996,0.7,25.0,204.856,3.0,0.486,0.162,0,1,1,3.713572066704308,0.04504984455370874,2.05761316872428,6.172839506172839,0.09481481481481481,0.2844444444444444,0.2844444444444444,6.172839506172839,1.4285714285714286,0.04,0.4999999999999999,1
ASAP7,OR3X1,OR3x1_ASAP7_6t_L,C,Y,rise,20.0,0.023039999999999998,0.7,25.0,127.515,1.0,0.216,0.216,0,1,1,3.044522437723423,0.022778586889339574,4.62962962962963,4.62962962962963,0.10666666666666666,0.10666666666666666,0.10666666666666666,4.62962962962963,1.4285714285714286,0.04,0.0,1
ASAP7,OR3X1,OR3x1_ASAP7_6t_L,B,Y,fall,160.0,0.046079999999999996,0.7,25.0,238.209,1.0,0.216,0.216,0,1,1,5.081404364984463,0.04504984455370874,4.62962962962963,4.62962962962963,0.21333333333333332,0.21333333333333332,0.21333333333333332,4.62962962962963,1.4285714285714286,0.04,0.0,1
ASAP7,OR3X1,OR3x1_ASAP7_6t_L,B,Y,fall,80.0,0.0057599999999999995,0.7,25.0,60.6555,1.0,0.216,0.216,0,1,1,4.394449154672439,0.005743474627065725,4.62962962962963,4.62962962962963,0.026666666666666665,0.026666666666666665,0.026666666666666665,4.62962962962963,1.4285714285714286,0.04,0.0,1
ASAP7,BUFX8,BUFx8_ASAP7_6t_L,A,Y,fall,10.0,0.023039999999999998,0.7,25.0,29.7021,1.0,0.54,0.54,0,1,1,2.3978952727983707,0.022778586889339574,1.8518518518518516,1.8518518518518516,0.04266666666666666,0.04266666666666666,0.04266666666666666,1.8518518518518516,1.4285714285714286,0.04,0.0,1
ASAP7,OR3X1,OR3x1_ASAP7_6t_L,B,Y,rise,40.0,0.046079999999999996,0.7,25.0,242.361,1.0,0.216,0.216,0,1,1,3.713572066704308,0.04504984455370874,4.62962962962963,4.62962962962963,0.21333333333333332,0.21333333333333332,0.21333333333333332,4.62962962962963,1.4285714285714286,0.04,0.0,1
ASAP7,OR3X1,OR3x1_ASAP7_6t_L,B,Y,rise,320.0,0.023039999999999998,0.7,25.0,134.074,1.0,0.216,0.216,0,1,1,5.771441123130016,0.022778586889339574,4.62962962962963,4.62962962962963,0.10666666666666666,0.10666666666666666,0.10666666666666666,4.62962962962963,1.4285714285714286,0.04,0.0,1
ASAP7,BUFX8,BUFx8_ASAP7_6t_L,A,Y,rise,40.0,0.09215999999999999,0.7,25.0,80.0308,1.0,0.54,0.54,0,1,1,3.713572066704308,0.08815738673620516,1.8518518518518516,1.8518518518518516,0.17066666666666663,0.17066666666666663,0.17066666666666663,1.8518518518518516,1.4285714285714286,0.04,0.0,1
ASAP7,OR2X4,OR2x4_ASAP7_6t_L,B,Y,fall,80.0,0.09215999999999999,0.7,25.0,144.668,1.0,0.324,0.324,0,1,1,4.394449154672439,0.08815738673620516,3.0864197530864197,3.0864197530864197,0.2844444444444444,0.2844444444444444,0.2844444444444444,3.0864197530864197,1.4285714285714286,0.04,0.0,1
ASAP7,AND3X4,AND3x4_ASAP7_6t_L,C,Y,fall,20.0,0.023039999999999998,0.7,25.0,52.729,0.7,0.37799999999999995,0.54,0,1,1,3.044522437723423,0.022778586889339574,2.645502645502646,1.8518518518518516,0.06095238095238096,0.04266666666666666,0.04266666666666666,1.8518518518518516,1.4285714285714286,0.04,-0.17647058823529424,1
ASAP7,NAND3X2,NAND3x2_ASAP7_6t_L,B,Y,rise,320.0,0.046079999999999996,0.7,25.0,224.717,0.33333333333333326,0.324,0.9720000000000002,0,1,1,5.771441123130016,0.04504984455370874,3.0864197530864197,1.0288065843621397,0.1422222222222222,0.04740740740740739,0.1422222222222222,3.0864197530864197,1.4285714285714286,0.04,-0.5,1
ASAP7,NOR2X1,NOR2x1_ASAP7_6t_L,A,Y,rise,40.0,0.046079999999999996,0.7,25.0,227.149,2.0,0.216,0.108,0,1,1,3.713572066704308,0.04504984455370874,4.62962962962963,9.25925925925926,0.21333333333333332,0.42666666666666664,0.21333333333333332,4.62962962962963,1.4285714285714286,0.04,0.3333333333333333,1
ASAP7,NAND2X2,NAND2x2_ASAP7_6t_L,B,Y,fall,40.0,0.09215999999999999,0.7,25.0,173.267,0.5000000000000001,0.216,0.43199999999999994,0,1,1,3.713572066704308,0.08815738673620516,4.62962962962963,2.3148148148148153,0.42666666666666664,0.21333333333333337,0.21333333333333337,2.3148148148148153,1.4285714285714286,0.04,-0.3333333333333333,1
ASAP7,NOR3X1,NOR3x1_ASAP7_6t_L,B,Y,fall,80.0,0.0014399999999999999,0.7,25.0,28.1793,3.0,0.486,0.162,0,1,1,4.394449154672439,0.0014389641942542826,2.05761316872428,6.172839506172839,0.002962962962962963,0.008888888888888887,0.008888888888888887,6.172839506172839,1.4285714285714286,0.04,0.4999999999999999,1
ASAP7,NOR2X2,NOR2x2_ASAP7_6t_L,A,Y,rise,20.0,0.023039999999999998,0.7,25.0,62.6869,1.9999999999999998,0.43199999999999994,0.216,0,1,1,3.044522437723423,0.022778586889339574,2.3148148148148153,4.62962962962963,0.053333333333333344,0.10666666666666666,0.053333333333333344,2.3148148148148153,1.4285714285714286,0.04,0.3333333333333333,1
ASAP7,OR4X1,OR4x1_ASAP7_6t_L,B,Y,fall,5.0,0.023039999999999998,0.7,25.0,127.436,1.0,0.27,0.27,0,1,1,1.791759469228055,0.022778586889339574,3.7037037037037033,3.7037037037037033,0.08533333333333332,0.08533333333333332,0.08533333333333332,3.7037037037037033,1.4285714285714286,0.04,0.0,1
ASAP7,NAND2X2,NAND2x2_ASAP7_6t_L,A,Y,fall,320.0,0.011519999999999999,0.7,25.0,43.6343,0.5000000000000001,0.216,0.43199999999999994,0,1,1,5.771441123130016,0.011454150045115854,4.62962962962963,2.3148148148148153,0.05333333333333333,0.026666666666666672,0.026666666666666672,2.3148148148148153,1.4285714285714286,0.04,-0.3333333333333333,1
ASAP7,NOR2X1,NOR2x1_ASAP7_6t_L,B,Y,rise,20.0,0.0028799999999999997,0.7,25.0,22.3897,2.0,0.216,0.108,0,1,1,3.044522437723423,0.002875860745464264,4.62962962962963,9.25925925925926,0.013333333333333332,0.026666666666666665,0.013333333333333332,4.62962962962963,1.4285714285714286,0.04,0.3333333333333333,1
ASAP7,NOR3X1,NOR3x1_ASAP7_6t_L,C,Y,fall,320.0,0.0057599999999999995,0.7,25.0,91.9475,3.0,0.486,0.162,0,1,1,5.771441123130016,0.005743474627065725,2.05761316872428,6.172839506172839,0.011851851851851851,0.03555555555555555,0.03555555555555555,6.172839506172839,1.4285714285714286,0.04,0.4999999999999999,1
ASAP7,OR4X1,OR4x1_ASAP7_6t_L,D,Y,fall,10.0,0.0028799999999999997,0.7,25.0,45.073,1.0,0.27,0.27,0,1,1,2.3978952727983707,0.002875860745464264,3.7037037037037033,3.7037037037037033,0.010666666666666665,0.010666666666666665,0.010666666666666665,3.7037037037037033,1.4285714285714286,0.04,0.0,1
ASAP7,AND3X1,AND3x1_ASAP7_6t_L,C,Y,fall,80.0,0.0014399999999999999,0.7,25.0,31.4786,1.0,0.216,0.216,0,1,1,4.394449154672439,0.0014389641942542826,4.62962962962963,4.62962962962963,0.006666666666666666,0.006666666666666666,0.006666666666666666,4.62962962962963,1.4285714285714286,0.04,0.0,1
ASAP7,AND3X2,AND3x2_ASAP7_6t_L,A,Y,fall,5.0,0.0014399999999999999,0.7,25.0,15.2508,1.0,0.27,0.27,0,1,1,1.791759469228055,0.0014389641942542826,3.7037037037037033,3.7037037037037033,0.005333333333333332,0.005333333333333332,0.005333333333333332,3.7037037037037033,1.4285714285714286,0.04,0.0,1
ASAP7,INVX1,INVx1_ASAP7_6t_L,A,Y,fall,80.0,0.023039999999999998,0.7,25.0,118.691,1.0,0.054,0.054,1,1,1,4.394449154672439,0.022778586889339574,18.51851851851852,18.51851851851852,0.42666666666666664,0.42666666666666664,0.42666666666666664,18.51851851851852,1.4285714285714286,0.04,0.0,1
ASAP7,AND2X2,AND2x2_ASAP7_6t_L,A,Y,fall,20.0,0.09215999999999999,0.7,25.0,214.898,0.75,0.162,0.216,0,1,1,3.044522437723423,0.08815738673620516,6.172839506172839,4.62962962962963,0.5688888888888888,0.42666666666666664,0.42666666666666664,4.62962962962963,1.4285714285714286,0.04,-0.14285714285714285,1
ASAP7,BUFX8,BUFx8_ASAP7_6t_L,A,Y,fall,320.0,0.09215999999999999,0.7,25.0,109.428,1.0,0.54,0.54,0,1,1,5.771441123130016,0.08815738673620516,1.8518518518518516,1.8518518518518516,0.17066666666666663,0.17066666666666663,0.17066666666666663,1.8518518518518516,1.4285714285714286,0.04,0.0,1
ASAP7,AND4X2,AND4x2_ASAP7_6t_L,A,Y,rise,160.0,0.046079999999999996,0.7,25.0,170.036,1.0,0.324,0.324,0,1,1,5.081404364984463,0.04504984455370874,3.0864197530864197,3.0864197530864197,0.1422222222222222,0.1422222222222222,0.1422222222222222,3.0864197530864197,1.4285714285714286,0.04,0.0,1
ASAP7,AND3X4,AND3x4_ASAP7_6t_L,C,Y,fall,20.0,0.0057599999999999995,0.7,25.0,33.4888,0.7,0.37799999999999995,0.54,0,1,1,3.044522437723423,0.005743474627065725,2.645502645502646,1.8518518518518516,0.01523809523809524,0.010666666666666665,0.010666666666666665,1.8518518518518516,1.4285714285714286,0.04,-0.17647058823529424,1
ASAP7,BUFX4,BUFx4_ASAP7_6t_L,A,Y,fall,160.0,0.18431999999999998,0.7,25.0,235.346,1.0,0.27,0.27,0,1,1,5.081404364984463,0.16916877021565407,3.7037037037037033,3.7037037037037033,0.6826666666666665,0.6826666666666665,0.6826666666666665,3.7037037037037033,1.4285714285714286,0.04,0.0,1
ASAP7,NOR3X2,NOR3x2_ASAP7_6t_L,B,Y,fall,80.0,0.0028799999999999997,0.7,25.0,28.5021,3.0000000000000004,0.9720000000000002,0.324,0,1,1,4.394449154672439,0.002875860745464264,1.0288065843621397,3.0864197530864197,0.002962962962962962,0.008888888888888887,0.008888888888888887,3.0864197530864197,1.4285714285714286,0.04,0.5,1
ASAP7,AND3X1,AND3x1_ASAP7_6t_L,B,Y,rise,40.0,0.011519999999999999,0.7,25.0,80.8929,1.0,0.216,0.216,0,1,1,3.713572066704308,0.011454150045115854,4.62962962962963,4.62962962962963,0.05333333333333333,0.05333333333333333,0.05333333333333333,4.62962962962963,1.4285714285714286,0.04,0.0,1
ASAP7,NAND2X2,NAND2x2_ASAP7_6t_L,A,Y,fall,160.0,0.0014399999999999999,0.7,25.0,7.92318,0.5000000000000001,0.216,0.43199999999999994,0,1,1,5.081404364984463,0.0014389641942542826,4.62962962962963,2.3148148148148153,0.006666666666666666,0.003333333333333334,0.003333333333333334,2.3148148148148153,1.4285714285714286,0.04,-0.3333333333333333,1
ASAP7,OR4X2,OR4x2_ASAP7_6t_L,D,Y,fall,80.0,0.0057599999999999995,0.7,25.0,59.788,1.3333333333333335,0.216,0.162,0,1,1,4.394449154672439,0.005743474627065725,4.62962962962963,6.172839506172839,0.026666666666666665,0.03555555555555555,0.03555555555555555,6.172839506172839,1.4285714285714286,0.04,0.14285714285714285,1
ASAP7,NOR2X2,NOR2x2_ASAP7_6t_L,B,Y,fall,20.0,0.0057599999999999995,0.7,25.0,20.904,1.9999999999999998,0.43199999999999994,0.216,0,1,1,3.044522437723423,0.005743474627065725,2.3148148148148153,4.62962962962963,0.013333333333333336,0.026666666666666665,0.026666666666666665,4.62962962962963,1.4285714285714286,0.04,0.3333333333333333,1
ASAP7,INVX4,INVx4_ASAP7_6t_L,A,Y,rise,10.0,0.046079999999999996,0.7,25.0,61.7102,1.0,0.216,0.216,1,1,1,2.3978952727983707,0.04504984455370874,4.62962962962963,4.62962962962963,0.21333333333333332,0.21333333333333332,0.21333333333333332,4.62962962962963,1.4285714285714286,0.04,0.0,1
ASAP7,OR3X4,OR3x4_ASAP7_6t_L,C,Y,rise,10.0,0.046079999999999996,0.7,25.0,76.1839,1.0,0.37799999999999995,0.37799999999999995,0,1,1,2.3978952727983707,0.04504984455370874,2.645502645502646,2.645502645502646,0.12190476190476192,0.12190476190476192,0.12190476190476192,2.645502645502646,1.4285714285714286,0.04,0.0,1
ASAP7,AND4X2,AND4x2_ASAP7_6t_L,D,Y,rise,20.0,0.09215999999999999,0.7,25.0,261.374,1.0,0.324,0.324,0,1,1,3.044522437723423,0.08815738673620516,3.0864197530864197,3.0864197530864197,0.2844444444444444,0.2844444444444444,0.2844444444444444,3.0864197530864197,1.4285714285714286,0.04,0.0,1
ASAP7,NOR3X1,NOR3x1_ASAP7_6t_L,C,Y,rise,320.0,0.0007199999999999999,0.7,25.0,15.543,3.0,0.486,0.162,0,1,1,5.771441123130016,0.0007197409243488539,2.05761316872428,6.172839506172839,0.0014814814814814814,0.004444444444444444,0.0014814814814814814,2.05761316872428,1.4285714285714286,0.04,0.4999999999999999,1
ASAP7,XOR2X2,XOR2x2_ASAP7_6t_L,B,Y,fall,320.0,0.0014399999999999999,0.7,25.0,34.5913,1.0,0.37799999999999995,0.37799999999999995,0,1,1,5.771441123130016,0.0014389641942542826,2.645502645502646,2.645502645502646,0.00380952380952381,0.00380952380952381,0.00380952380952381,2.645502645502646,1.4285714285714286,0.04,0.0,1
ASAP7,NOR3X1,NOR3x1_ASAP7_6t_L,B,Y,rise,320.0,0.0007199999999999999,0.7,25.0,22.7112,3.0,0.486,0.162,0,1,1,5.771441123130016,0.0007197409243488539,2.05761316872428,6.172839506172839,0.0014814814814814814,0.004444444444444444,0.0014814814814814814,2.05761316872428,1.4285714285714286,0.04,0.4999999999999999,1
ASAP7,OR4X1,OR4x1_ASAP7_6t_L,C,Y,rise,10.0,0.011519999999999999,0.7,25.0,69.0143,1.0,0.27,0.27,0,1,1,2.3978952727983707,0.011454150045115854,3.7037037037037033,3.7037037037037033,0.04266666666666666,0.04266666666666666,0.04266666666666666,3.7037037037037033,1.4285714285714286,0.04,0.0,1
ASAP7,OR4X2,OR4x2_ASAP7_6t_L,C,Y,fall,5.0,0.023039999999999998,0.7,25.0,91.1398,1.3333333333333335,0.216,0.162,0,1,1,1.791759469228055,0.022778586889339574,4.62962962962963,6.172839506172839,0.10666666666666666,0.1422222222222222,0.1422222222222222,6.172839506172839,1.4285714285714286,0.04,0.14285714285714285,1
ASAP7,INVX8,INVx8_ASAP7_6t_L,A,Y,fall,160.0,0.0057599999999999995,0.7,25.0,14.7973,1.0,0.43199999999999994,0.43199999999999994,1,1,1,5.081404364984463,0.005743474627065725,2.3148148148148153,2.3148148148148153,0.013333333333333336,0.013333333333333336,0.013333333333333336,2.3148148148148153,1.4285714285714286,0.04,0.0,1
ASAP7,NOR3X2,NOR3x2_ASAP7_6t_L,C,Y,fall,20.0,0.0057599999999999995,0.7,25.0,25.3418,3.0000000000000004,0.9720000000000002,0.324,0,1,1,3.044522437723423,0.005743474627065725,1.0288065843621397,3.0864197530864197,0.005925925925925924,0.017777777777777774,0.017777777777777774,3.0864197530864197,1.4285714285714286,0.04,0.5,1
ASAP7,AND3X1,AND3x1_ASAP7_6t_L,C,Y,rise,10.0,0.046079999999999996,0.7,25.0,246.666,1.0,0.216,0.216,0,1,1,2.3978952727983707,0.04504984455370874,4.62962962962963,4.62962962962963,0.21333333333333332,0.21333333333333332,0.21333333333333332,4.62962962962963,1.4285714285714286,0.04,0.0,1
ASAP7,XOR2X2,XOR2x2_ASAP7_6t_L,B,Y,fall,10.0,0.046079999999999996,0.7,25.0,116.024,1.0,0.37799999999999995,0.37799999999999995,0,1,1,2.3978952727983707,0.04504984455370874,2.645502645502646,2.645502645502646,0.12190476190476192,0.12190476190476192,0.12190476190476192,2.645502645502646,1.4285714285714286,0.04,0.0,1
ASAP7,XOR2X2,XOR2x2_ASAP7_6t_L,B,Y,fall,160.0,0.0057599999999999995,0.7,25.0,41.4861,1.0,0.37799999999999995,0.37799999999999995,0,1,1,5.081404364984463,0.005743474627065725,2.645502645502646,2.645502645502646,0.01523809523809524,0.01523809523809524,0.01523809523809524,2.645502645502646,1.4285714285714286,0.04,0.0,1
ASAP7,NAND3X2,NAND3x2_ASAP7_6t_L,C,Y,fall,10.0,0.046079999999999996,0.7,25.0,83.4756,0.33333333333333326,0.324,0.9720000000000002,0,1,1,2.3978952727983707,0.04504984455370874,3.0864197530864197,1.0288065843621397,0.1422222222222222,0.04740740740740739,0.04740740740740739,1.0288065843621397,1.4285714285714286,0.04,-0.5,1
ASAP7,OR3X2,OR3x2_ASAP7_6t_L,C,Y,rise,40.0,0.011519999999999999,0.7,25.0,48.2692,1.0,0.27,0.27,0,1,1,3.713572066704308,0.011454150045115854,3.7037037037037033,3.7037037037037033,0.04266666666666666,0.04266666666666666,0.04266666666666666,3.7037037037037033,1.4285714285714286,0.04,0.0,1
ASAP7,AND3X1,AND3x1_ASAP7_6t_L,B,Y,rise,20.0,0.0028799999999999997,0.7,25.0,35.4184,1.0,0.216,0.216,0,1,1,3.044522437723423,0.002875860745464264,4.62962962962963,4.62962962962963,0.013333333333333332,0.013333333333333332,0.013333333333333332,4.62962962962963,1.4285714285714286,0.04,0.0,1
ASAP7,AND3X4,AND3x4_ASAP7_6t_L,C,Y,fall,320.0,0.023039999999999998,0.7,25.0,109.601,0.7,0.37799999999999995,0.54,0,1,1,5.771441123130016,0.022778586889339574,2.645502645502646,1.8518518518518516,0.06095238095238096,0.04266666666666666,0.04266666666666666,1.8518518518518516,1.4285714285714286,0.04,-0.17647058823529424,1
ASAP7,BUFX8,BUFx8_ASAP7_6t_L,A,Y,rise,20.0,0.36863999999999997,0.7,25.0,249.879,1.0,0.54,0.54,0,1,1,3.044522437723423,0.31381754605640677,1.8518518518518516,1.8518518518518516,0.6826666666666665,0.6826666666666665,0.6826666666666665,1.8518518518518516,1.4285714285714286,0.04,0.0,1
ASAP7,NOR2X2,NOR2x2_ASAP7_6t_L,B,Y,fall,40.0,0.046079999999999996,0.7,25.0,109.482,1.9999999999999998,0.43199999999999994,0.216,0,1,1,3.713572066704308,0.04504984455370874,2.3148148148148153,4.62962962962963,0.10666666666666669,0.21333333333333332,0.21333333333333332,4.62962962962963,1.4285714285714286,0.04,0.3333333333333333,1
ASAP7,INVX2,INVx2_ASAP7_6t_L,A,Y,rise,80.0,0.0028799999999999997,0.7,25.0,25.6315,1.0,0.108,0.108,1,1,1,4.394449154672439,0.002875860745464264,9.25925925925926,9.25925925925926,0.026666666666666665,0.026666666666666665,0.026666666666666665,9.25925925925926,1.4285714285714286,0.04,0.0,1
ASAP7,INVX4,INVx4_ASAP7_6t_L,A,Y,rise,20.0,0.0057599999999999995,0.7,25.0,14.9648,1.0,0.216,0.216,1,1,1,3.044522437723423,0.005743474627065725,4.62962962962963,4.62962962962963,0.026666666666666665,0.026666666666666665,0.026666666666666665,4.62962962962963,1.4285714285714286,0.04,0.0,1
ASAP7,OR2X2,OR2x2_ASAP7_6t_L,A,Y,rise,160.0,0.0028799999999999997,0.7,25.0,49.3275,1.3333333333333335,0.216,0.162,0,1,1,5.081404364984463,0.002875860745464264,4.62962962962963,6.172839506172839,0.013333333333333332,0.017777777777777774,0.013333333333333332,4.62962962962963,1.4285714285714286,0.04,0.14285714285714285,1
ASAP7,NOR2X1,NOR2x1_ASAP7_6t_L,B,Y,rise,40.0,0.023039999999999998,0.7,25.0,121.751,2.0,0.216,0.108,0,1,1,3.713572066704308,0.022778586889339574,4.62962962962963,9.25925925925926,0.10666666666666666,0.21333333333333332,0.10666666666666666,4.62962962962963,1.4285714285714286,0.04,0.3333333333333333,1
ASAP7,NOR3X2,NOR3x2_ASAP7_6t_L,B,Y,fall,320.0,0.011519999999999999,0.7,25.0,87.9695,3.0000000000000004,0.9720000000000002,0.324,0,1,1,5.771441123130016,0.011454150045115854,1.0288065843621397,3.0864197530864197,0.011851851851851848,0.03555555555555555,0.03555555555555555,3.0864197530864197,1.4285714285714286,0.04,0.5,1
ASAP7,INVX4,INVx4_ASAP7_6t_L,A,Y,rise,20.0,0.011519999999999999,0.7,25.0,22.1702,1.0,0.216,0.216,1,1,1,3.044522437723423,0.011454150045115854,4.62962962962963,4.62962962962963,0.05333333333333333,0.05333333333333333,0.05333333333333333,4.62962962962963,1.4285714285714286,0.04,0.0,1
ASAP7,AND3X2,AND3x2_ASAP7_6t_L,B,Y,rise,20.0,0.023039999999999998,0.7,25.0,83.9197,1.0,0.27,0.27,0,1,1,3.044522437723423,0.022778586889339574,3.7037037037037033,3.7037037037037033,0.08533333333333332,0.08533333333333332,0.08533333333333332,3.7037037037037033,1.4285714285714286,0.04,0.0,1
ASAP7,NOR3X2,NOR3x2_ASAP7_6t_L,B,Y,fall,320.0,0.09215999999999999,0.7,25.0,290.6,3.0000000000000004,0.9720000000000002,0.324,0,1,1,5.771441123130016,0.08815738673620516,1.0288065843621397,3.0864197530864197,0.09481481481481478,0.2844444444444444,0.2844444444444444,3.0864197530864197,1.4285714285714286,0.04,0.5,1
ASAP7,OR4X1,OR4x1_ASAP7_6t_L,B,Y,fall,320.0,0.0014399999999999999,0.7,25.0,83.0729,1.0,0.27,0.27,0,1,1,5.771441123130016,0.0014389641942542826,3.7037037037037033,3.7037037037037033,0.005333333333333332,0.005333333333333332,0.005333333333333332,3.7037037037037033,1.4285714285714286,0.04,0.0,1
ASAP7,OR4X1,OR4x1_ASAP7_6t_L,C,Y,fall,20.0,0.0028799999999999997,0.7,25.0,45.8416,1.0,0.27,0.27,0,1,1,3.044522437723423,0.002875860745464264,3.7037037037037033,3.7037037037037033,0.010666666666666665,0.010666666666666665,0.010666666666666665,3.7037037037037033,1.4285714285714286,0.04,0.0,1
ASAP7,NOR3X1,NOR3x1_ASAP7_6t_L,C,Y,fall,20.0,0.0057599999999999995,0.7,25.0,36.9973,3.0,0.486,0.162,0,1,1,3.044522437723423,0.005743474627065725,2.05761316872428,6.172839506172839,0.011851851851851851,0.03555555555555555,0.03555555555555555,6.172839506172839,1.4285714285714286,0.04,0.4999999999999999,1
ASAP7,NOR3X2,NOR3x2_ASAP7_6t_L,C,Y,rise,5.0,0.046079999999999996,0.7,25.0,115.281,3.0000000000000004,0.9720000000000002,0.324,0,1,1,1.791759469228055,0.04504984455370874,1.0288065843621397,3.0864197530864197,0.04740740740740739,0.1422222222222222,0.04740740740740739,1.0288065843621397,1.4285714285714286,0.04,0.5,1
ASAP7,AND3X1,AND3x1_ASAP7_6t_L,C,Y,rise,320.0,0.023039999999999998,0.7,25.0,148.465,1.0,0.216,0.216,0,1,1,5.771441123130016,0.022778586889339574,4.62962962962963,4.62962962962963,0.10666666666666666,0.10666666666666666,0.10666666666666666,4.62962962962963,1.4285714285714286,0.04,0.0,1
ASAP7,NOR2X2,NOR2x2_ASAP7_6t_L,B,Y,rise,10.0,0.0057599999999999995,0.7,25.0,19.8074,1.9999999999999998,0.43199999999999994,0.216,0,1,1,2.3978952727983707,0.005743474627065725,2.3148148148148153,4.62962962962963,0.013333333333333336,0.026666666666666665,0.013333333333333336,2.3148148148148153,1.4285714285714286,0.04,0.3333333333333333,1
ASAP7,NAND2X1,NAND2x1_ASAP7_6t_L,B,Y,fall,5.0,0.0028799999999999997,0.7,25.0,13.9838,0.5,0.108,0.216,0,1,1,1.791759469228055,0.002875860745464264,9.25925925925926,4.62962962962963,0.026666666666666665,0.013333333333333332,0.013333333333333332,4.62962962962963,1.4285714285714286,0.04,-0.3333333333333333,1
ASAP7,NAND3X1,NAND3x1_ASAP7_6t_L,A,Y,fall,40.0,0.0007199999999999999,0.7,25.0,10.3294,0.3333333333333333,0.162,0.486,0,1,1,3.713572066704308,0.0007197409243488539,6.172839506172839,2.05761316872428,0.004444444444444444,0.0014814814814814814,0.0014814814814814814,2.05761316872428,1.4285714285714286,0.04,-0.4999999999999999,1
ASAP7,OR3X1,OR3x1_ASAP7_6t_L,C,Y,rise,320.0,0.0014399999999999999,0.7,25.0,31.3492,1.0,0.216,0.216,0,1,1,5.771441123130016,0.0014389641942542826,4.62962962962963,4.62962962962963,0.006666666666666666,0.006666666666666666,0.006666666666666666,4.62962962962963,1.4285714285714286,0.04,0.0,1
ASAP7,OR3X4,OR3x4_ASAP7_6t_L,A,Y,rise,10.0,0.18431999999999998,0.7,25.0,247.35,1.0,0.37799999999999995,0.37799999999999995,0,1,1,2.3978952727983707,0.16916877021565407,2.645502645502646,2.645502645502646,0.4876190476190477,0.4876190476190477,0.4876190476190477,2.645502645502646,1.4285714285714286,0.04,0.0,1
ASAP7,INVX1,INVx1_ASAP7_6t_L,A,Y,fall,5.0,0.011519999999999999,0.7,25.0,50.5069,1.0,0.054,0.054,1,1,1,1.791759469228055,0.011454150045115854,18.51851851851852,18.51851851851852,0.21333333333333332,0.21333333333333332,0.21333333333333332,18.51851851851852,1.4285714285714286,0.04,0.0,1
ASAP7,OR3X1,OR3x1_ASAP7_6t_L,B,Y,fall,10.0,0.0057599999999999995,0.7,25.0,48.8384,1.0,0.216,0.216,0,1,1,2.3978952727983707,0.005743474627065725,4.62962962962963,4.62962962962963,0.026666666666666665,0.026666666666666665,0.026666666666666665,4.62962962962963,1.4285714285714286,0.04,0.0,1
ASAP7,INVX1,INVx1_ASAP7_6t_L,A,Y,rise,160.0,0.011519999999999999,0.7,25.0,108.695,1.0,0.054,0.054,1,1,1,5.081404364984463,0.011454150045115854,18.51851851851852,18.51851851851852,0.21333333333333332,0.21333333333333332,0.21333333333333332,18.51851851851852,1.4285714285714286,0.04,0.0,1
ASAP7,NOR3X1,NOR3x1_ASAP7_6t_L,B,Y,fall,80.0,0.023039999999999998,0.7,25.0,123.959,3.0,0.486,0.162,0,1,1,4.394449154672439,0.022778586889339574,2.05761316872428,6.172839506172839,0.047407407407407405,0.1422222222222222,0.1422222222222222,6.172839506172839,1.4285714285714286,0.04,0.4999999999999999,1
ASAP7,OR4X1,OR4x1_ASAP7_6t_L,A,Y,rise,40.0,0.0057599999999999995,0.7,25.0,43.7202,1.0,0.27,0.27,0,1,1,3.713572066704308,0.005743474627065725,3.7037037037037033,3.7037037037037033,0.02133333333333333,0.02133333333333333,0.02133333333333333,3.7037037037037033,1.4285714285714286,0.04,0.0,1
ASAP7,OR3X2,OR3x2_ASAP7_6t_L,A,Y,rise,80.0,0.0014399999999999999,0.7,25.0,24.0057,1.0,0.27,0.27,0,1,1,4.394449154672439,0.0014389641942542826,3.7037037037037033,3.7037037037037033,0.005333333333333332,0.005333333333333332,0.005333333333333332,3.7037037037037033,1.4285714285714286,0.04,0.0,1
ASAP7,OR4X1,OR4x1_ASAP7_6t_L,C,Y,fall,80.0,0.0028799999999999997,0.7,25.0,53.5938,1.0,0.27,0.27,0,1,1,4.394449154672439,0.002875860745464264,3.7037037037037033,3.7037037037037033,0.010666666666666665,0.010666666666666665,0.010666666666666665,3.7037037037037033,1.4285714285714286,0.04,0.0,1
ASAP7,OR3X2,OR3x2_ASAP7_6t_L,B,Y,rise,40.0,0.09215999999999999,0.7,25.0,245.938,1.0,0.27,0.27,0,1,1,3.713572066704308,0.08815738673620516,3.7037037037037033,3.7037037037037033,0.34133333333333327,0.34133333333333327,0.34133333333333327,3.7037037037037033,1.4285714285714286,0.04,0.0,1
ASAP7,XOR2X2,XOR2x2_ASAP7_6t_L,A,Y,fall,320.0,0.0028799999999999997,0.7,25.0,60.5641,1.0,0.37799999999999995,0.37799999999999995,0,1,1,5.771441123130016,0.002875860745464264,2.645502645502646,2.645502645502646,0.00761904761904762,0.00761904761904762,0.00761904761904762,2.645502645502646,1.4285714285714286,0.04,0.0,1
ASAP7,NAND2X1,NAND2x1_ASAP7_6t_L,B,Y,fall,10.0,0.0028799999999999997,0.7,25.0,15.2109,0.5,0.108,0.216,0,1,1,2.3978952727983707,0.002875860745464264,9.25925925925926,4.62962962962963,0.026666666666666665,0.013333333333333332,0.013333333333333332,4.62962962962963,1.4285714285714286,0.04,-0.3333333333333333,1
ASAP7,NAND3X1,NAND3x1_ASAP7_6t_L,B,Y,rise,10.0,0.023039999999999998,0.7,25.0,124.063,0.3333333333333333,0.162,0.486,0,1,1,2.3978952727983707,0.022778586889339574,6.172839506172839,2.05761316872428,0.1422222222222222,0.047407407407407405,0.1422222222222222,6.172839506172839,1.4285714285714286,0.04,-0.4999999999999999,1
ASAP7,AND2X2,AND2x2_ASAP7_6t_L,A,Y,fall,10.0,0.023039999999999998,0.7,25.0,69.8943,0.75,0.162,0.216,0,1,1,2.3978952727983707,0.022778586889339574,6.172839506172839,4.62962962962963,0.1422222222222222,0.10666666666666666,0.10666666666666666,4.62962962962963,1.4285714285714286,0.04,-0.14285714285714285,1
ASAP7,NOR3X2,NOR3x2_ASAP7_6t_L,A,Y,rise,320.0,0.023039999999999998,0.7,25.0,122.243,3.0000000000000004,0.9720000000000002,0.324,0,1,1,5.771441123130016,0.022778586889339574,1.0288065843621397,3.0864197530864197,0.023703703703703696,0.0711111111111111,0.023703703703703696,1.0288065843621397,1.4285714285714286,0.04,0.5,1
ASAP7,OR3X1,OR3x1_ASAP7_6t_L,A,Y,fall,5.0,0.023039999999999998,0.7,25.0,118.821,1.0,0.216,0.216,0,1,1,1.791759469228055,0.022778586889339574,4.62962962962963,4.62962962962963,0.10666666666666666,0.10666666666666666,0.10666666666666666,4.62962962962963,1.4285714285714286,0.04,0.0,1
ASAP7,NAND3X2,NAND3x2_ASAP7_6t_L,B,Y,rise,40.0,0.09215999999999999,0.7,25.0,248.782,0.33333333333333326,0.324,0.9720000000000002,0,1,1,3.713572066704308,0.08815738673620516,3.0864197530864197,1.0288065843621397,0.2844444444444444,0.09481481481481478,0.2844444444444444,3.0864197530864197,1.4285714285714286,0.04,-0.5,1
ASAP7,NAND3X2,NAND3x2_ASAP7_6t_L,A,Y,rise,10.0,0.09215999999999999,0.7,25.0,237.605,0.33333333333333326,0.324,0.9720000000000002,0,1,1,2.3978952727983707,0.08815738673620516,3.0864197530864197,1.0288065843621397,0.2844444444444444,0.09481481481481478,0.2844444444444444,3.0864197530864197,1.4285714285714286,0.04,-0.5,1
ASAP7,AND3X4,AND3x4_ASAP7_6t_L,C,Y,rise,10.0,0.0028799999999999997,0.7,25.0,25.5807,0.7,0.37799999999999995,0.54,0,1,1,2.3978952727983707,0.002875860745464264,2.645502645502646,1.8518518518518516,0.00761904761904762,0.005333333333333332,0.00761904761904762,2.645502645502646,1.4285714285714286,0.04,-0.17647058823529424,1
ASAP7,NOR2X1,NOR2x1_ASAP7_6t_L,B,Y,fall,5.0,0.0014399999999999999,0.7,25.0,10.6528,2.0,0.216,0.108,0,1,1,1.791759469228055,0.0014389641942542826,4.62962962962963,9.25925925925926,0.006666666666666666,0.013333333333333332,0.013333333333333332,9.25925925925926,1.4285714285714286,0.04,0.3333333333333333,1
ASAP7,OR2X2,OR2x2_ASAP7_6t_L,A,Y,fall,40.0,0.0057599999999999995,0.7,25.0,36.6751,1.3333333333333335,0.216,0.162,0,1,1,3.713572066704308,0.005743474627065725,4.62962962962963,6.172839506172839,0.026666666666666665,0.03555555555555555,0.03555555555555555,6.172839506172839,1.4285714285714286,0.04,0.14285714285714285,1
ASAP7,NAND3X1,NAND3x1_ASAP7_6t_L,A,Y,fall,160.0,0.046079999999999996,0.7,25.0,195.418,0.3333333333333333,0.162,0.486,0,1,1,5.081404364984463,0.04504984455370874,6.172839506172839,2.05761316872428,0.2844444444444444,0.09481481481481481,0.09481481481481481,2.05761316872428,1.4285714285714286,0.04,-0.4999999999999999,1
ASAP7,BUFX8,BUFx8_ASAP7_6t_L,A,Y,fall,20.0,0.0057599999999999995,0.7,25.0,22.5075,1.0,0.54,0.54,0,1,1,3.044522437723423,0.005743474627065725,1.8518518518518516,1.8518518518518516,0.010666666666666665,0.010666666666666665,0.010666666666666665,1.8518518518518516,1.4285714285714286,0.04,0.0,1
ASAP7,XOR2X2,XOR2x2_ASAP7_6t_L,A,Y,fall,320.0,0.0057599999999999995,0.7,25.0,53.6195,1.0,0.37799999999999995,0.37799999999999995,0,1,1,5.771441123130016,0.005743474627065725,2.645502645502646,2.645502645502646,0.01523809523809524,0.01523809523809524,0.01523809523809524,2.645502645502646,1.4285714285714286,0.04,0.0,1
ASAP7,OR2X4,OR2x4_ASAP7_6t_L,A,Y,rise,40.0,0.046079999999999996,0.7,25.0,81.0372,1.0,0.324,0.324,0,1,1,3.713572066704308,0.04504984455370874,3.0864197530864197,3.0864197530864197,0.1422222222222222,0.1422222222222222,0.1422222222222222,3.0864197530864197,1.4285714285714286,0.04,0.0,1
ASAP7,NOR2X1,NOR2x1_ASAP7_6t_L,B,Y,rise,320.0,0.0007199999999999999,0.7,25.0,30.1813,2.0,0.216,0.108,0,1,1,5.771441123130016,0.0007197409243488539,4.62962962962963,9.25925925925926,0.003333333333333333,0.006666666666666666,0.003333333333333333,4.62962962962963,1.4285714285714286,0.04,0.3333333333333333,1
ASAP7,NAND2X2,NAND2x2_ASAP7_6t_L,B,Y,fall,320.0,0.0057599999999999995,0.7,25.0,33.8347,0.5000000000000001,0.216,0.43199999999999994,0,1,1,5.771441123130016,0.005743474627065725,4.62962962962963,2.3148148148148153,0.026666666666666665,0.013333333333333336,0.013333333333333336,2.3148148148148153,1.4285714285714286,0.04,-0.3333333333333333,1
ASAP7,OR4X1,OR4x1_ASAP7_6t_L,C,Y,fall,5.0,0.0007199999999999999,0.7,25.0,31.87,1.0,0.27,0.27,0,1,1,1.791759469228055,0.0007197409243488539,3.7037037037037033,3.7037037037037033,0.002666666666666666,0.002666666666666666,0.002666666666666666,3.7037037037037033,1.4285714285714286,0.04,0.0,1
ASAP7,INVX8,INVx8_ASAP7_6t_L,A,Y,rise,10.0,0.09215999999999999,0.7,25.0,62.6506,1.0,0.43199999999999994,0.43199999999999994,1,1,1,2.3978952727983707,0.08815738673620516,2.3148148148148153,2.3148148148148153,0.21333333333333337,0.21333333333333337,0.21333333333333337,2.3148148148148153,1.4285714285714286,0.04,0.0,1
ASAP7,BUFX2,BUFx2_ASAP7_6t_L,A,Y,rise,320.0,0.011519999999999999,0.7,25.0,71.5278,1.0,0.135,0.135,0,1,1,5.771441123130016,0.011454150045115854,7.4074074074074066,7.4074074074074066,0.08533333333333332,0.08533333333333332,0.08533333333333332,7.4074074074074066,1.4285714285714286,0.04,0.0,1
ASAP7,NOR3X2,NOR3x2_ASAP7_6t_L,B,Y,fall,5.0,0.0028799999999999997,0.7,25.0,13.7151,3.0000000000000004,0.9720000000000002,0.324,0,1,1,1.791759469228055,0.002875860745464264,1.0288065843621397,3.0864197530864197,0.002962962962962962,0.008888888888888887,0.008888888888888887,3.0864197530864197,1.4285714285714286,0.04,0.5,1
ASAP7,NOR2X1,NOR2x1_ASAP7_6t_L,A,Y,rise,160.0,0.0007199999999999999,0.7,25.0,18.9766,2.0,0.216,0.108,0,1,1,5.081404364984463,0.0007197409243488539,4.62962962962963,9.25925925925926,0.003333333333333333,0.006666666666666666,0.003333333333333333,4.62962962962963,1.4285714285714286,0.04,0.3333333333333333,1
ASAP7,NOR3X1,NOR3x1_ASAP7_6t_L,B,Y,rise,10.0,0.0028799999999999997,0.7,25.0,21.8331,3.0,0.486,0.162,0,1,1,2.3978952727983707,0.002875860745464264,2.05761316872428,6.172839506172839,0.005925925925925926,0.017777777777777774,0.005925925925925926,2.05761316872428,1.4285714285714286,0.04,0.4999999999999999,1
ASAP7,XOR2X2,XOR2x2_ASAP7_6t_L,A,Y,fall,80.0,0.011519999999999999,0.7,25.0,56.557,1.0,0.37799999999999995,0.37799999999999995,0,1,1,4.394449154672439,0.011454150045115854,2.645502645502646,2.645502645502646,0.03047619047619048,0.03047619047619048,0.03047619047619048,2.645502645502646,1.4285714285714286,0.04,0.0,1
ASAP7,NAND3X1,NAND3x1_ASAP7_6t_L,A,Y,fall,40.0,0.011519999999999999,0.7,25.0,51.3079,0.3333333333333333,0.162,0.486,0,1,1,3.713572066704308,0.011454150045115854,6.172839506172839,2.05761316872428,0.0711111111111111,0.023703703703703703,0.023703703703703703,2.05761316872428,1.4285714285714286,0.04,-0.4999999999999999,1
ASAP7,OR4X1,OR4x1_ASAP7_6t_L,A,Y,fall,10.0,0.011519999999999999,0.7,25.0,78.5177,1.0,0.27,0.27,0,1,1,2.3978952727983707,0.011454150045115854,3.7037037037037033,3.7037037037037033,0.04266666666666666,0.04266666666666666,0.04266666666666666,3.7037037037037033,1.4285714285714286,0.04,0.0,1
ASAP7,NAND2X2,NAND2x2_ASAP7_6t_L,B,Y,fall,5.0,0.0057599999999999995,0.7,25.0,14.0947,0.5000000000000001,0.216,0.43199999999999994,0,1,1,1.791759469228055,0.005743474627065725,4.62962962962963,2.3148148148148153,0.026666666666666665,0.013333333333333336,0.013333333333333336,2.3148148148148153,1.4285714285714286,0.04,-0.3333333333333333,1
ASAP7,NOR3X2,NOR3x2_ASAP7_6t_L,A,Y,rise,20.0,0.0028799999999999997,0.7,25.0,16.374,3.0000000000000004,0.9720000000000002,0.324,0,1,1,3.044522437723423,0.002875860745464264,1.0288065843621397,3.0864197530864197,0.002962962962962962,0.008888888888888887,0.002962962962962962,1.0288065843621397,1.4285714285714286,0.04,0.5,1
ASAP7,NOR3X1,NOR3x1_ASAP7_6t_L,C,Y,fall,10.0,0.0028799999999999997,0.7,25.0,22.2596,3.0,0.486,0.162,0,1,1,2.3978952727983707,0.002875860745464264,2.05761316872428,6.172839506172839,0.005925925925925926,0.017777777777777774,0.017777777777777774,6.172839506172839,1.4285714285714286,0.04,0.4999999999999999,1
ASAP7,XOR2X2,XOR2x2_ASAP7_6t_L,B,Y,fall,40.0,0.023039999999999998,0.7,25.0,76.9314,1.0,0.37799999999999995,0.37799999999999995,0,1,1,3.713572066704308,0.022778586889339574,2.645502645502646,2.645502645502646,0.06095238095238096,0.06095238095238096,0.06095238095238096,2.645502645502646,1.4285714285714286,0.04,0.0,1
ASAP7,OR3X1,OR3x1_ASAP7_6t_L,C,Y,rise,5.0,0.0028799999999999997,0.7,25.0,24.9168,1.0,0.216,0.216,0,1,1,1.791759469228055,0.002875860745464264,4.62962962962963,4.62962962962963,0.013333333333333332,0.013333333333333332,0.013333333333333332,4.62962962962963,1.4285714285714286,0.04,0.0,1
ASAP7,NAND3X2,NAND3x2_ASAP7_6t_L,A,Y,fall,40.0,0.0014399999999999999,0.7,25.0,10.8112,0.33333333333333326,0.324,0.9720000000000002,0,1,1,3.713572066704308,0.0014389641942542826,3.0864197530864197,1.0288065843621397,0.004444444444444444,0.001481481481481481,0.001481481481481481,1.0288065843621397,1.4285714285714286,0.04,-0.5,1
ASAP7,INVX2,INVx2_ASAP7_6t_L,A,Y,rise,80.0,0.09215999999999999,0.7,25.0,253.079,1.0,0.108,0.108,1,1,1,4.394449154672439,0.08815738673620516,9.25925925925926,9.25925925925926,0.8533333333333333,0.8533333333333333,0.8533333333333333,9.25925925925926,1.4285714285714286,0.04,0.0,1
ASAP7,NOR3X2,NOR3x2_ASAP7_6t_L,A,Y,fall,320.0,0.011519999999999999,0.7,25.0,83.7325,3.0000000000000004,0.9720000000000002,0.324,0,1,1,5.771441123130016,0.011454150045115854,1.0288065843621397,3.0864197530864197,0.011851851851851848,0.03555555555555555,0.03555555555555555,3.0864197530864197,1.4285714285714286,0.04,0.5,1
ASAP7,AND2X2,AND2x2_ASAP7_6t_L,B,Y,rise,40.0,0.0014399999999999999,0.7,25.0,24.1917,0.75,0.162,0.216,0,1,1,3.713572066704308,0.0014389641942542826,6.172839506172839,4.62962962962963,0.008888888888888887,0.006666666666666666,0.008888888888888887,6.172839506172839,1.4285714285714286,0.04,-0.14285714285714285,1
ASAP7,INVX2,INVx2_ASAP7_6t_L,A,Y,rise,20.0,0.023039999999999998,0.7,25.0,64.6293,1.0,0.108,0.108,1,1,1,3.044522437723423,0.022778586889339574,9.25925925925926,9.25925925925926,0.21333333333333332,0.21333333333333332,0.21333333333333332,9.25925925925926,1.4285714285714286,0.04,0.0,1
ASAP7,XOR2X2,XOR2x2_ASAP7_6t_L,A,Y,rise,160.0,0.046079999999999996,0.7,25.0,142.234,1.0,0.37799999999999995,0.37799999999999995,0,1,1,5.081404364984463,0.04504984455370874,2.645502645502646,2.645502645502646,0.12190476190476192,0.12190476190476192,0.12190476190476192,2.645502645502646,1.4285714285714286,0.04,0.0,1
ASAP7,NAND3X2,NAND3x2_ASAP7_6t_L,C,Y,fall,40.0,0.011519999999999999,0.7,25.0,28.92,0.33333333333333326,0.324,0.9720000000000002,0,1,1,3.713572066704308,0.011454150045115854,3.0864197530864197,1.0288065843621397,0.03555555555555555,0.011851851851851848,0.011851851851851848,1.0288065843621397,1.4285714285714286,0.04,-0.5,1
ASAP7,INVX2,INVx2_ASAP7_6t_L,A,Y,rise,320.0,0.023039999999999998,0.7,25.0,142.855,1.0,0.108,0.108,1,1,1,5.771441123130016,0.022778586889339574,9.25925925925926,9.25925925925926,0.21333333333333332,0.21333333333333332,0.21333333333333332,9.25925925925926,1.4285714285714286,0.04,0.0,1
ASAP7,AND4X1,AND4x1_ASAP7_6t_L,D,Y,rise,80.0,0.046079999999999996,0.7,25.0,256.735,1.0,0.27,0.27,0,1,1,4.394449154672439,0.04504984455370874,3.7037037037037033,3.7037037037037033,0.17066666666666663,0.17066666666666663,0.17066666666666663,3.7037037037037033,1.4285714285714286,0.04,0.0,1
ASAP7,OR4X2,OR4x2_ASAP7_6t_L,D,Y,fall,40.0,0.046079999999999996,0.7,25.0,142.617,1.3333333333333335,0.216,0.162,0,1,1,3.713572066704308,0.04504984455370874,4.62962962962963,6.172839506172839,0.21333333333333332,0.2844444444444444,0.2844444444444444,6.172839506172839,1.4285714285714286,0.04,0.14285714285714285,1
ASAP7,INVX2,INVx2_ASAP7_6t_L,A,Y,rise,320.0,0.0014399999999999999,0.7,25.0,36.2082,1.0,0.108,0.108,1,1,1,5.771441123130016,0.0014389641942542826,9.25925925925926,9.25925925925926,0.013333333333333332,0.013333333333333332,0.013333333333333332,9.25925925925926,1.4285714285714286,0.04,0.0,1
ASAP7,OR3X1,OR3x1_ASAP7_6t_L,B,Y,fall,5.0,0.0014399999999999999,0.7,25.0,28.6059,1.0,0.216,0.216,0,1,1,1.791759469228055,0.0014389641942542826,4.62962962962963,4.62962962962963,0.006666666666666666,0.006666666666666666,0.006666666666666666,4.62962962962963,1.4285714285714286,0.04,0.0,1
ASAP7,OR3X2,OR3x2_ASAP7_6t_L,A,Y,rise,20.0,0.0014399999999999999,0.7,25.0,18.3254,1.0,0.27,0.27,0,1,1,3.044522437723423,0.0014389641942542826,3.7037037037037033,3.7037037037037033,0.005333333333333332,0.005333333333333332,0.005333333333333332,3.7037037037037033,1.4285714285714286,0.04,0.0,1
ASAP7,OR4X1,OR4x1_ASAP7_6t_L,D,Y,fall,10.0,0.0014399999999999999,0.7,25.0,37.4663,1.0,0.27,0.27,0,1,1,2.3978952727983707,0.0014389641942542826,3.7037037037037033,3.7037037037037033,0.005333333333333332,0.005333333333333332,0.005333333333333332,3.7037037037037033,1.4285714285714286,0.04,0.0,1
ASAP7,NAND3X2,NAND3x2_ASAP7_6t_L,C,Y,fall,80.0,0.046079999999999996,0.7,25.0,89.8756,0.33333333333333326,0.324,0.9720000000000002,0,1,1,4.394449154672439,0.04504984455370874,3.0864197530864197,1.0288065843621397,0.1422222222222222,0.04740740740740739,0.04740740740740739,1.0288065843621397,1.4285714285714286,0.04,-0.5,1
ASAP7,OR3X4,OR3x4_ASAP7_6t_L,A,Y,rise,10.0,0.0028799999999999997,0.7,25.0,20.5598,1.0,0.37799999999999995,0.37799999999999995,0,1,1,2.3978952727983707,0.002875860745464264,2.645502645502646,2.645502645502646,0.00761904761904762,0.00761904761904762,0.00761904761904762,2.645502645502646,1.4285714285714286,0.04,0.0,1
ASAP7,OR4X1,OR4x1_ASAP7_6t_L,C,Y,fall,160.0,0.046079999999999996,0.7,25.0,244.767,1.0,0.27,0.27,0,1,1,5.081404364984463,0.04504984455370874,3.7037037037037033,3.7037037037037033,0.17066666666666663,0.17066666666666663,0.17066666666666663,3.7037037037037033,1.4285714285714286,0.04,0.0,1
ASAP7,OR2X2,OR2x2_ASAP7_6t_L,B,Y,rise,160.0,0.011519999999999999,0.7,25.0,67.6705,1.3333333333333335,0.216,0.162,0,1,1,5.081404364984463,0.011454150045115854,4.62962962962963,6.172839506172839,0.05333333333333333,0.0711111111111111,0.05333333333333333,4.62962962962963,1.4285714285714286,0.04,0.14285714285714285,1
ASAP7,AND4X2,AND4x2_ASAP7_6t_L,A,Y,fall,5.0,0.023039999999999998,0.7,25.0,60.6873,1.0,0.324,0.324,0,1,1,1.791759469228055,0.022778586889339574,3.0864197530864197,3.0864197530864197,0.0711111111111111,0.0711111111111111,0.0711111111111111,3.0864197530864197,1.4285714285714286,0.04,0.0,1
ASAP7,AND2X4,AND2x4_ASAP7_6t_L,B,Y,fall,20.0,0.18431999999999998,0.7,25.0,205.66,1.0,0.43199999999999994,0.43199999999999994,0,1,1,3.044522437723423,0.16916877021565407,2.3148148148148153,2.3148148148148153,0.42666666666666675,0.42666666666666675,0.42666666666666675,2.3148148148148153,1.4285714285714286,0.04,0.0,1
ASAP7,INVX8,INVx8_ASAP7_6t_L,A,Y,rise,160.0,0.046079999999999996,0.7,25.0,72.3461,1.0,0.43199999999999994,0.43199999999999994,1,1,1,5.081404364984463,0.04504984455370874,2.3148148148148153,2.3148148148148153,0.10666666666666669,0.10666666666666669,0.10666666666666669,2.3148148148148153,1.4285714285714286,0.04,0.0,1
ASAP7,NAND3X1,NAND3x1_ASAP7_6t_L,A,Y,rise,20.0,0.0007199999999999999,0.7,25.0,14.0502,0.3333333333333333,0.162,0.486,0,1,1,3.044522437723423,0.0007197409243488539,6.172839506172839,2.05761316872428,0.004444444444444444,0.0014814814814814814,0.004444444444444444,6.172839506172839,1.4285714285714286,0.04,-0.4999999999999999,1
ASAP7,AND3X1,AND3x1_ASAP7_6t_L,B,Y,rise,320.0,0.023039999999999998,0.7,25.0,157.141,1.0,0.216,0.216,0,1,1,5.771441123130016,0.022778586889339574,4.62962962962963,4.62962962962963,0.10666666666666666,0.10666666666666666,0.10666666666666666,4.62962962962963,1.4285714285714286,0.04,0.0,1
ASAP7,BUFX8,BUFx8_ASAP7_6t_L,A,Y,rise,20.0,0.0057599999999999995,0.7,25.0,21.0972,1.0,0.54,0.54,0,1,1,3.044522437723423,0.005743474627065725,1.8518518518518516,1.8518518518518516,0.010666666666666665,0.010666666666666665,0.010666666666666665,1.8518518518518516,1.4285714285714286,0.04,0.0,1
ASAP7,OR4X2,OR4x2_ASAP7_6t_L,B,Y,fall,320.0,0.09215999999999999,0.7,25.0,286.412,1.3333333333333335,0.216,0.162,0,1,1,5.771441123130016,0.08815738673620516,4.62962962962963,6.172839506172839,0.42666666666666664,0.5688888888888888,0.5688888888888888,6.172839506172839,1.4285714285714286,0.04,0.14285714285714285,1
ASAP7,OR4X1,OR4x1_ASAP7_6t_L,B,Y,rise,40.0,0.0014399999999999999,0.7,25.0,23.2169,1.0,0.27,0.27,0,1,1,3.713572066704308,0.0014389641942542826,3.7037037037037033,3.7037037037037033,0.005333333333333332,0.005333333333333332,0.005333333333333332,3.7037037037037033,1.4285714285714286,0.04,0.0,1
ASAP7,NOR3X1,NOR3x1_ASAP7_6t_L,B,Y,rise,20.0,0.0028799999999999997,0.7,25.0,23.8389,3.0,0.486,0.162,0,1,1,3.044522437723423,0.002875860745464264,2.05761316872428,6.172839506172839,0.005925925925925926,0.017777777777777774,0.005925925925925926,2.05761316872428,1.4285714285714286,0.04,0.4999999999999999,1
ASAP7,BUFX2,BUFx2_ASAP7_6t_L,A,Y,fall,5.0,0.0057599999999999995,0.7,25.0,30.0642,1.0,0.135,0.135,0,1,1,1.791759469228055,0.005743474627065725,7.4074074074074066,7.4074074074074066,0.04266666666666666,0.04266666666666666,0.04266666666666666,7.4074074074074066,1.4285714285714286,0.04,0.0,1
ASAP7,AND3X1,AND3x1_ASAP7_6t_L,A,Y,rise,80.0,0.0057599999999999995,0.7,25.0,59.3937,1.0,0.216,0.216,0,1,1,4.394449154672439,0.005743474627065725,4.62962962962963,4.62962962962963,0.026666666666666665,0.026666666666666665,0.026666666666666665,4.62962962962963,1.4285714285714286,0.04,0.0,1
ASAP7,AND3X1,AND3x1_ASAP7_6t_L,C,Y,fall,10.0,0.0007199999999999999,0.7,25.0,16.0068,1.0,0.216,0.216,0,1,1,2.3978952727983707,0.0007197409243488539,4.62962962962963,4.62962962962963,0.003333333333333333,0.003333333333333333,0.003333333333333333,4.62962962962963,1.4285714285714286,0.04,0.0,1
ASAP7,AND3X2,AND3x2_ASAP7_6t_L,B,Y,fall,160.0,0.046079999999999996,0.7,25.0,131.77,1.0,0.27,0.27,0,1,1,5.081404364984463,0.04504984455370874,3.7037037037037033,3.7037037037037033,0.17066666666666663,0.17066666666666663,0.17066666666666663,3.7037037037037033,1.4285714285714286,0.04,0.0,1
ASAP7,NOR3X1,NOR3x1_ASAP7_6t_L,C,Y,rise,40.0,0.0057599999999999995,0.7,25.0,39.9746,3.0,0.486,0.162,0,1,1,3.713572066704308,0.005743474627065725,2.05761316872428,6.172839506172839,0.011851851851851851,0.03555555555555555,0.011851851851851851,2.05761316872428,1.4285714285714286,0.04,0.4999999999999999,1
ASAP7,OR3X2,OR3x2_ASAP7_6t_L,A,Y,fall,5.0,0.023039999999999998,0.7,25.0,78.1519,1.0,0.27,0.27,0,1,1,1.791759469228055,0.022778586889339574,3.7037037037037033,3.7037037037037033,0.08533333333333332,0.08533333333333332,0.08533333333333332,3.7037037037037033,1.4285714285714286,0.04,0.0,1
ASAP7,OR2X4,OR2x4_ASAP7_6t_L,A,Y,fall,160.0,0.18431999999999998,0.7,25.0,246.117,1.0,0.324,0.324,0,1,1,5.081404364984463,0.16916877021565407,3.0864197530864197,3.0864197530864197,0.5688888888888888,0.5688888888888888,0.5688888888888888,3.0864197530864197,1.4285714285714286,0.04,0.0,1
ASAP7,NOR3X1,NOR3x1_ASAP7_6t_L,B,Y,rise,80.0,0.046079999999999996,0.7,25.0,234.807,3.0,0.486,0.162,0,1,1,4.394449154672439,0.04504984455370874,2.05761316872428,6.172839506172839,0.09481481481481481,0.2844444444444444,0.09481481481481481,2.05761316872428,1.4285714285714286,0.04,0.4999999999999999,1
ASAP7,OR4X1,OR4x1_ASAP7_6t_L,B,Y,rise,5.0,0.0028799999999999997,0.7,25.0,24.7115,1.0,0.27,0.27,0,1,1,1.791759469228055,0.002875860745464264,3.7037037037037033,3.7037037037037033,0.010666666666666665,0.010666666666666665,0.010666666666666665,3.7037037037037033,1.4285714285714286,0.04,0.0,1
ASAP7,OR3X4,OR3x4_ASAP7_6t_L,B,Y,rise,320.0,0.0028799999999999997,0.7,25.0,42.0421,1.0,0.37799999999999995,0.37799999999999995,0,1,1,5.771441123130016,0.002875860745464264,2.645502645502646,2.645502645502646,0.00761904761904762,0.00761904761904762,0.00761904761904762,2.645502645502646,1.4285714285714286,0.04,0.0,1
ASAP7,OR4X1,OR4x1_ASAP7_6t_L,D,Y,fall,20.0,0.046079999999999996,0.7,25.0,225.231,1.0,0.27,0.27,0,1,1,3.044522437723423,0.04504984455370874,3.7037037037037033,3.7037037037037033,0.17066666666666663,0.17066666666666663,0.17066666666666663,3.7037037037037033,1.4285714285714286,0.04,0.0,1
ASAP7,NAND2X2,NAND2x2_ASAP7_6t_L,A,Y,fall,160.0,0.011519999999999999,0.7,25.0,40.0812,0.5000000000000001,0.216,0.43199999999999994,0,1,1,5.081404364984463,0.011454150045115854,4.62962962962963,2.3148148148148153,0.05333333333333333,0.026666666666666672,0.026666666666666672,2.3148148148148153,1.4285714285714286,0.04,-0.3333333333333333,1
ASAP7,NOR3X2,NOR3x2_ASAP7_6t_L,C,Y,fall,5.0,0.011519999999999999,0.7,25.0,33.3251,3.0000000000000004,0.9720000000000002,0.324,0,1,1,1.791759469228055,0.011454150045115854,1.0288065843621397,3.0864197530864197,0.011851851851851848,0.03555555555555555,0.03555555555555555,3.0864197530864197,1.4285714285714286,0.04,0.5,1
ASAP7,AND4X2,AND4x2_ASAP7_6t_L,B,Y,fall,20.0,0.023039999999999998,0.7,25.0,65.8296,1.0,0.324,0.324,0,1,1,3.044522437723423,0.022778586889339574,3.0864197530864197,3.0864197530864197,0.0711111111111111,0.0711111111111111,0.0711111111111111,3.0864197530864197,1.4285714285714286,0.04,0.0,1
ASAP7,XOR2X2,XOR2x2_ASAP7_6t_L,A,Y,rise,20.0,0.046079999999999996,0.7,25.0,139.289,1.0,0.37799999999999995,0.37799999999999995,0,1,1,3.044522437723423,0.04504984455370874,2.645502645502646,2.645502645502646,0.12190476190476192,0.12190476190476192,0.12190476190476192,2.645502645502646,1.4285714285714286,0.04,0.0,1
ASAP7,OR4X1,OR4x1_ASAP7_6t_L,A,Y,fall,40.0,0.046079999999999996,0.7,25.0,227.743,1.0,0.27,0.27,0,1,1,3.713572066704308,0.04504984455370874,3.7037037037037033,3.7037037037037033,0.17066666666666663,0.17066666666666663,0.17066666666666663,3.7037037037037033,1.4285714285714286,0.04,0.0,1
ASAP7,NAND2X2,NAND2x2_ASAP7_6t_L,B,Y,fall,5.0,0.023039999999999998,0.7,25.0,44.1274,0.5000000000000001,0.216,0.43199999999999994,0,1,1,1.791759469228055,0.022778586889339574,4.62962962962963,2.3148148148148153,0.10666666666666666,0.053333333333333344,0.053333333333333344,2.3148148148148153,1.4285714285714286,0.04,-0.3333333333333333,1
ASAP7,AND4X1,AND4x1_ASAP7_6t_L,B,Y,fall,320.0,0.023039999999999998,0.7,25.0,133.895,1.0,0.27,0.27,0,1,1,5.771441123130016,0.022778586889339574,3.7037037037037033,3.7037037037037033,0.08533333333333332,0.08533333333333332,0.08533333333333332,3.7037037037037033,1.4285714285714286,0.04,0.0,1
ASAP7,OR4X1,OR4x1_ASAP7_6t_L,D,Y,fall,5.0,0.046079999999999996,0.7,25.0,223.759,1.0,0.27,0.27,0,1,1,1.791759469228055,0.04504984455370874,3.7037037037037033,3.7037037037037033,0.17066666666666663,0.17066666666666663,0.17066666666666663,3.7037037037037033,1.4285714285714286,0.04,0.0,1
ASAP7,AND3X4,AND3x4_ASAP7_6t_L,C,Y,fall,80.0,0.0057599999999999995,0.7,25.0,49.4714,0.7,0.37799999999999995,0.54,0,1,1,4.394449154672439,0.005743474627065725,2.645502645502646,1.8518518518518516,0.01523809523809524,0.010666666666666665,0.010666666666666665,1.8518518518518516,1.4285714285714286,0.04,-0.17647058823529424,1
ASAP7,OR3X2,OR3x2_ASAP7_6t_L,A,Y,fall,80.0,0.046079999999999996,0.7,25.0,143.383,1.0,0.27,0.27,0,1,1,4.394449154672439,0.04504984455370874,3.7037037037037033,3.7037037037037033,0.17066666666666663,0.17066666666666663,0.17066666666666663,3.7037037037037033,1.4285714285714286,0.04,0.0,1
ASAP7,AND2X2,AND2x2_ASAP7_6t_L,A,Y,rise,20.0,0.046079999999999996,0.7,25.0,131.495,0.75,0.162,0.216,0,1,1,3.044522437723423,0.04504984455370874,6.172839506172839,4.62962962962963,0.2844444444444444,0.21333333333333332,0.2844444444444444,6.172839506172839,1.4285714285714286,0.04,-0.14285714285714285,1
ASAP7,AND4X1,AND4x1_ASAP7_6t_L,A,Y,rise,80.0,0.011519999999999999,0.7,25.0,93.6448,1.0,0.27,0.27,0,1,1,4.394449154672439,0.011454150045115854,3.7037037037037033,3.7037037037037033,0.04266666666666666,0.04266666666666666,0.04266666666666666,3.7037037037037033,1.4285714285714286,0.04,0.0,1
ASAP7,NOR3X1,NOR3x1_ASAP7_6t_L,B,Y,rise,40.0,0.046079999999999996,0.7,25.0,227.286,3.0,0.486,0.162,0,1,1,3.713572066704308,0.04504984455370874,2.05761316872428,6.172839506172839,0.09481481481481481,0.2844444444444444,0.09481481481481481,2.05761316872428,1.4285714285714286,0.04,0.4999999999999999,1
ASAP7,BUFX2,BUFx2_ASAP7_6t_L,A,Y,fall,10.0,0.0028799999999999997,0.7,25.0,24.859,1.0,0.135,0.135,0,1,1,2.3978952727983707,0.002875860745464264,7.4074074074074066,7.4074074074074066,0.02133333333333333,0.02133333333333333,0.02133333333333333,7.4074074074074066,1.4285714285714286,0.04,0.0,1
ASAP7,NAND2X2,NAND2x2_ASAP7_6t_L,A,Y,fall,10.0,0.023039999999999998,0.7,25.0,45.5764,0.5000000000000001,0.216,0.43199999999999994,0,1,1,2.3978952727983707,0.022778586889339574,4.62962962962963,2.3148148148148153,0.10666666666666666,0.053333333333333344,0.053333333333333344,2.3148148148148153,1.4285714285714286,0.04,-0.3333333333333333,1
ASAP7,AND3X4,AND3x4_ASAP7_6t_L,C,Y,rise,40.0,0.023039999999999998,0.7,25.0,55.6214,0.7,0.37799999999999995,0.54,0,1,1,3.713572066704308,0.022778586889339574,2.645502645502646,1.8518518518518516,0.06095238095238096,0.04266666666666666,0.06095238095238096,2.645502645502646,1.4285714285714286,0.04,-0.17647058823529424,1
ASAP7,INVX4,INVx4_ASAP7_6t_L,A,Y,rise,160.0,0.011519999999999999,0.7,25.0,49.2275,1.0,0.216,0.216,1,1,1,5.081404364984463,0.011454150045115854,4.62962962962963,4.62962962962963,0.05333333333333333,0.05333333333333333,0.05333333333333333,4.62962962962963,1.4285714285714286,0.04,0.0,1
ASAP7,NOR2X2,NOR2x2_ASAP7_6t_L,B,Y,fall,10.0,0.0014399999999999999,0.7,25.0,8.95789,1.9999999999999998,0.43199999999999994,0.216,0,1,1,2.3978952727983707,0.0014389641942542826,2.3148148148148153,4.62962962962963,0.003333333333333334,0.006666666666666666,0.006666666666666666,4.62962962962963,1.4285714285714286,0.04,0.3333333333333333,1
ASAP7,INVX4,INVx4_ASAP7_6t_L,A,Y,fall,40.0,0.09215999999999999,0.7,25.0,107.897,1.0,0.216,0.216,1,1,1,3.713572066704308,0.08815738673620516,4.62962962962963,4.62962962962963,0.42666666666666664,0.42666666666666664,0.42666666666666664,4.62962962962963,1.4285714285714286,0.04,0.0,1
ASAP7,AND4X2,AND4x2_ASAP7_6t_L,C,Y,fall,5.0,0.0028799999999999997,0.7,25.0,20.277,1.0,0.324,0.324,0,1,1,1.791759469228055,0.002875860745464264,3.0864197530864197,3.0864197530864197,0.008888888888888887,0.008888888888888887,0.008888888888888887,3.0864197530864197,1.4285714285714286,0.04,0.0,1
ASAP7,AND4X2,AND4x2_ASAP7_6t_L,B,Y,rise,10.0,0.0028799999999999997,0.7,25.0,36.6363,1.0,0.324,0.324,0,1,1,2.3978952727983707,0.002875860745464264,3.0864197530864197,3.0864197530864197,0.008888888888888887,0.008888888888888887,0.008888888888888887,3.0864197530864197,1.4285714285714286,0.04,0.0,1
ASAP7,INVX8,INVx8_ASAP7_6t_L,A,Y,fall,5.0,0.046079999999999996,0.7,25.0,27.2085,1.0,0.43199999999999994,0.43199999999999994,1,1,1,1.791759469228055,0.04504984455370874,2.3148148148148153,2.3148148148148153,0.10666666666666669,0.10666666666666669,0.10666666666666669,2.3148148148148153,1.4285714285714286,0.04,0.0,1
ASAP7,OR3X4,OR3x4_ASAP7_6t_L,C,Y,rise,20.0,0.09215999999999999,0.7,25.0,136.106,1.0,0.37799999999999995,0.37799999999999995,0,1,1,3.044522437723423,0.08815738673620516,2.645502645502646,2.645502645502646,0.24380952380952384,0.24380952380952384,0.24380952380952384,2.645502645502646,1.4285714285714286,0.04,0.0,1
ASAP7,AND3X2,AND3x2_ASAP7_6t_L,C,Y,fall,5.0,0.0028799999999999997,0.7,25.0,20.0859,1.0,0.27,0.27,0,1,1,1.791759469228055,0.002875860745464264,3.7037037037037033,3.7037037037037033,0.010666666666666665,0.010666666666666665,0.010666666666666665,3.7037037037037033,1.4285714285714286,0.04,0.0,1
ASAP7,AND2X2,AND2x2_ASAP7_6t_L,A,Y,rise,320.0,0.0057599999999999995,0.7,25.0,36.3585,0.75,0.162,0.216,0,1,1,5.771441123130016,0.005743474627065725,6.172839506172839,4.62962962962963,0.03555555555555555,0.026666666666666665,0.03555555555555555,6.172839506172839,1.4285714285714286,0.04,-0.14285714285714285,1
ASAP7,XOR2X2,XOR2x2_ASAP7_6t_L,B,Y,fall,80.0,0.0028799999999999997,0.7,25.0,32.3117,1.0,0.37799999999999995,0.37799999999999995,0,1,1,4.394449154672439,0.002875860745464264,2.645502645502646,2.645502645502646,0.00761904761904762,0.00761904761904762,0.00761904761904762,2.645502645502646,1.4285714285714286,0.04,0.0,1
ASAP7,OR2X4,OR2x4_ASAP7_6t_L,A,Y,rise,320.0,0.023039999999999998,0.7,25.0,70.227,1.0,0.324,0.324,0,1,1,5.771441123130016,0.022778586889339574,3.0864197530864197,3.0864197530864197,0.0711111111111111,0.0711111111111111,0.0711111111111111,3.0864197530864197,1.4285714285714286,0.04,0.0,1
ASAP7,INVX1,INVx1_ASAP7_6t_L,A,Y,rise,80.0,0.0057599999999999995,0.7,25.0,55.3109,1.0,0.054,0.054,1,1,1,4.394449154672439,0.005743474627065725,18.51851851851852,18.51851851851852,0.10666666666666666,0.10666666666666666,0.10666666666666666,18.51851851851852,1.4285714285714286,0.04,0.0,1
ASAP7,AND4X2,AND4x2_ASAP7_6t_L,C,Y,fall,80.0,0.0057599999999999995,0.7,25.0,42.0321,1.0,0.324,0.324,0,1,1,4.394449154672439,0.005743474627065725,3.0864197530864197,3.0864197530864197,0.017777777777777774,0.017777777777777774,0.017777777777777774,3.0864197530864197,1.4285714285714286,0.04,0.0,1
ASAP7,BUFX8,BUFx8_ASAP7_6t_L,A,Y,fall,320.0,0.046079999999999996,0.7,25.0,85.372,1.0,0.54,0.54,0,1,1,5.771441123130016,0.04504984455370874,1.8518518518518516,1.8518518518518516,0.08533333333333332,0.08533333333333332,0.08533333333333332,1.8518518518518516,1.4285714285714286,0.04,0.0,1
ASAP7,AND3X4,AND3x4_ASAP7_6t_L,A,Y,rise,80.0,0.0028799999999999997,0.7,25.0,33.7169,0.7,0.37799999999999995,0.54,0,1,1,4.394449154672439,0.002875860745464264,2.645502645502646,1.8518518518518516,0.00761904761904762,0.005333333333333332,0.00761904761904762,2.645502645502646,1.4285714285714286,0.04,-0.17647058823529424,1
ASAP7,NAND2X2,NAND2x2_ASAP7_6t_L,B,Y,rise,10.0,0.023039999999999998,0.7,25.0,64.0,0.5000000000000001,0.216,0.43199999999999994,0,1,1,2.3978952727983707,0.022778586889339574,4.62962962962963,2.3148148148148153,0.10666666666666666,0.053333333333333344,0.10666666666666666,4.62962962962963,1.4285714285714286,0.04,-0.3333333333333333,1
ASAP7,AND3X4,AND3x4_ASAP7_6t_L,B,Y,rise,160.0,0.046079999999999996,0.7,25.0,93.3098,0.7,0.37799999999999995,0.54,0,1,1,5.081404364984463,0.04504984455370874,2.645502645502646,1.8518518518518516,0.12190476190476192,0.08533333333333332,0.12190476190476192,2.645502645502646,1.4285714285714286,0.04,-0.17647058823529424,1
ASAP7,NOR3X1,NOR3x1_ASAP7_6t_L,B,Y,rise,5.0,0.023039999999999998,0.7,25.0,113.925,3.0,0.486,0.162,0,1,1,1.791759469228055,0.022778586889339574,2.05761316872428,6.172839506172839,0.047407407407407405,0.1422222222222222,0.047407407407407405,2.05761316872428,1.4285714285714286,0.04,0.4999999999999999,1
ASAP7,OR2X2,OR2x2_ASAP7_6t_L,A,Y,rise,10.0,0.09215999999999999,0.7,25.0,246.732,1.3333333333333335,0.216,0.162,0,1,1,2.3978952727983707,0.08815738673620516,4.62962962962963,6.172839506172839,0.42666666666666664,0.5688888888888888,0.42666666666666664,4.62962962962963,1.4285714285714286,0.04,0.14285714285714285,1
ASAP7,OR4X2,OR4x2_ASAP7_6t_L,B,Y,rise,5.0,0.011519999999999999,0.7,25.0,40.7624,1.3333333333333335,0.216,0.162,0,1,1,1.791759469228055,0.011454150045115854,4.62962962962963,6.172839506172839,0.05333333333333333,0.0711111111111111,0.05333333333333333,4.62962962962963,1.4285714285714286,0.04,0.14285714285714285,1
ASAP7,OR3X4,OR3x4_ASAP7_6t_L,A,Y,fall,10.0,0.09215999999999999,0.7,25.0,144.12,1.0,0.37799999999999995,0.37799999999999995,0,1,1,2.3978952727983707,0.08815738673620516,2.645502645502646,2.645502645502646,0.24380952380952384,0.24380952380952384,0.24380952380952384,2.645502645502646,1.4285714285714286,0.04,0.0,1
ASAP7,OR2X2,OR2x2_ASAP7_6t_L,B,Y,fall,5.0,0.0057599999999999995,0.7,25.0,30.2227,1.3333333333333335,0.216,0.162,0,1,1,1.791759469228055,0.005743474627065725,4.62962962962963,6.172839506172839,0.026666666666666665,0.03555555555555555,0.03555555555555555,6.172839506172839,1.4285714285714286,0.04,0.14285714285714285,1
ASAP7,AND3X4,AND3x4_ASAP7_6t_L,B,Y,rise,20.0,0.09215999999999999,0.7,25.0,140.062,0.7,0.37799999999999995,0.54,0,1,1,3.044522437723423,0.08815738673620516,2.645502645502646,1.8518518518518516,0.24380952380952384,0.17066666666666663,0.24380952380952384,2.645502645502646,1.4285714285714286,0.04,-0.17647058823529424,1
ASAP7,AND4X1,AND4x1_ASAP7_6t_L,D,Y,fall,10.0,0.046079999999999996,0.7,25.0,203.341,1.0,0.27,0.27,0,1,1,2.3978952727983707,0.04504984455370874,3.7037037037037033,3.7037037037037033,0.17066666666666663,0.17066666666666663,0.17066666666666663,3.7037037037037033,1.4285714285714286,0.04,0.0,1
ASAP7,AND2X2,AND2x2_ASAP7_6t_L,B,Y,fall,80.0,0.011519999999999999,0.7,25.0,61.9292,0.75,0.162,0.216,0,1,1,4.394449154672439,0.011454150045115854,6.172839506172839,4.62962962962963,0.0711111111111111,0.05333333333333333,0.05333333333333333,4.62962962962963,1.4285714285714286,0.04,-0.14285714285714285,1
ASAP7,NOR2X2,NOR2x2_ASAP7_6t_L,A,Y,rise,80.0,0.0014399999999999999,0.7,25.0,15.8978,1.9999999999999998,0.43199999999999994,0.216,0,1,1,4.394449154672439,0.0014389641942542826,2.3148148148148153,4.62962962962963,0.003333333333333334,0.006666666666666666,0.003333333333333334,2.3148148148148153,1.4285714285714286,0.04,0.3333333333333333,1
ASAP7,OR4X1,OR4x1_ASAP7_6t_L,A,Y,fall,80.0,0.0028799999999999997,0.7,25.0,56.873,1.0,0.27,0.27,0,1,1,4.394449154672439,0.002875860745464264,3.7037037037037033,3.7037037037037033,0.010666666666666665,0.010666666666666665,0.010666666666666665,3.7037037037037033,1.4285714285714286,0.04,0.0,1
ASAP7,AND3X2,AND3x2_ASAP7_6t_L,A,Y,rise,80.0,0.09215999999999999,0.7,25.0,265.158,1.0,0.27,0.27,0,1,1,4.394449154672439,0.08815738673620516,3.7037037037037033,3.7037037037037033,0.34133333333333327,0.34133333333333327,0.34133333333333327,3.7037037037037033,1.4285714285714286,0.04,0.0,1
ASAP7,NOR3X2,NOR3x2_ASAP7_6t_L,C,Y,fall,10.0,0.011519999999999999,0.7,25.0,34.6181,3.0000000000000004,0.9720000000000002,0.324,0,1,1,2.3978952727983707,0.011454150045115854,1.0288065843621397,3.0864197530864197,0.011851851851851848,0.03555555555555555,0.03555555555555555,3.0864197530864197,1.4285714285714286,0.04,0.5,1
ASAP7,AND4X1,AND4x1_ASAP7_6t_L,D,Y,fall,80.0,0.046079999999999996,0.7,25.0,216.447,1.0,0.27,0.27,0,1,1,4.394449154672439,0.04504984455370874,3.7037037037037033,3.7037037037037033,0.17066666666666663,0.17066666666666663,0.17066666666666663,3.7037037037037033,1.4285714285714286,0.04,0.0,1
ASAP7,NOR3X1,NOR3x1_ASAP7_6t_L,A,Y,fall,80.0,0.0057599999999999995,0.7,25.0,50.0444,3.0,0.486,0.162,0,1,1,4.394449154672439,0.005743474627065725,2.05761316872428,6.172839506172839,0.011851851851851851,0.03555555555555555,0.03555555555555555,6.172839506172839,1.4285714285714286,0.04,0.4999999999999999,1
ASAP7,INVX1,INVx1_ASAP7_6t_L,A,Y,fall,80.0,0.0007199999999999999,0.7,25.0,13.4118,1.0,0.054,0.054,1,1,1,4.394449154672439,0.0007197409243488539,18.51851851851852,18.51851851851852,0.013333333333333332,0.013333333333333332,0.013333333333333332,18.51851851851852,1.4285714285714286,0.04,0.0,1
ASAP7,OR3X1,OR3x1_ASAP7_6t_L,A,Y,rise,10.0,0.0014399999999999999,0.7,25.0,18.321,1.0,0.216,0.216,0,1,1,2.3978952727983707,0.0014389641942542826,4.62962962962963,4.62962962962963,0.006666666666666666,0.006666666666666666,0.006666666666666666,4.62962962962963,1.4285714285714286,0.04,0.0,1
ASAP7,OR2X4,OR2x4_ASAP7_6t_L,A,Y,fall,5.0,0.023039999999999998,0.7,25.0,54.2139,1.0,0.324,0.324,0,1,1,1.791759469228055,0.022778586889339574,3.0864197530864197,3.0864197530864197,0.0711111111111111,0.0711111111111111,0.0711111111111111,3.0864197530864197,1.4285714285714286,0.04,0.0,1
ASAP7,OR3X1,OR3x1_ASAP7_6t_L,A,Y,fall,320.0,0.0007199999999999999,0.7,25.0,72.8945,1.0,0.216,0.216,0,1,1,5.771441123130016,0.0007197409243488539,4.62962962962963,4.62962962962963,0.003333333333333333,0.003333333333333333,0.003333333333333333,4.62962962962963,1.4285714285714286,0.04,0.0,1
ASAP7,AND3X4,AND3x4_ASAP7_6t_L,A,Y,rise,10.0,0.046079999999999996,0.7,25.0,79.8331,0.7,0.37799999999999995,0.54,0,1,1,2.3978952727983707,0.04504984455370874,2.645502645502646,1.8518518518518516,0.12190476190476192,0.08533333333333332,0.12190476190476192,2.645502645502646,1.4285714285714286,0.04,-0.17647058823529424,1
ASAP7,OR3X2,OR3x2_ASAP7_6t_L,C,Y,fall,10.0,0.09215999999999999,0.7,25.0,222.889,1.0,0.27,0.27,0,1,1,2.3978952727983707,0.08815738673620516,3.7037037037037033,3.7037037037037033,0.34133333333333327,0.34133333333333327,0.34133333333333327,3.7037037037037033,1.4285714285714286,0.04,0.0,1
ASAP7,NAND2X1,NAND2x1_ASAP7_6t_L,B,Y,rise,5.0,0.0057599999999999995,0.7,25.0,33.8409,0.5,0.108,0.216,0,1,1,1.791759469228055,0.005743474627065725,9.25925925925926,4.62962962962963,0.05333333333333333,0.026666666666666665,0.05333333333333333,9.25925925925926,1.4285714285714286,0.04,-0.3333333333333333,1
ASAP7,OR3X1,OR3x1_ASAP7_6t_L,B,Y,rise,5.0,0.011519999999999999,0.7,25.0,66.9499,1.0,0.216,0.216,0,1,1,1.791759469228055,0.011454150045115854,4.62962962962963,4.62962962962963,0.05333333333333333,0.05333333333333333,0.05333333333333333,4.62962962962963,1.4285714285714286,0.04,0.0,1
ASAP7,OR3X2,OR3x2_ASAP7_6t_L,B,Y,rise,20.0,0.046079999999999996,0.7,25.0,129.417,1.0,0.27,0.27,0,1,1,3.044522437723423,0.04504984455370874,3.7037037037037033,3.7037037037037033,0.17066666666666663,0.17066666666666663,0.17066666666666663,3.7037037037037033,1.4285714285714286,0.04,0.0,1
ASAP7,OR3X4,OR3x4_ASAP7_6t_L,C,Y,fall,80.0,0.09215999999999999,0.7,25.0,153.775,1.0,0.37799999999999995,0.37799999999999995,0,1,1,4.394449154672439,0.08815738673620516,2.645502645502646,2.645502645502646,0.24380952380952384,0.24380952380952384,0.24380952380952384,2.645502645502646,1.4285714285714286,0.04,0.0,1
ASAP7,NOR3X1,NOR3x1_ASAP7_6t_L,C,Y,fall,20.0,0.011519999999999999,0.7,25.0,60.6887,3.0,0.486,0.162,0,1,1,3.044522437723423,0.011454150045115854,2.05761316872428,6.172839506172839,0.023703703703703703,0.0711111111111111,0.0711111111111111,6.172839506172839,1.4285714285714286,0.04,0.4999999999999999,1
ASAP7,AND2X4,AND2x4_ASAP7_6t_L,A,Y,rise,80.0,0.0057599999999999995,0.7,25.0,29.2317,1.0,0.43199999999999994,0.43199999999999994,0,1,1,4.394449154672439,0.005743474627065725,2.3148148148148153,2.3148148148148153,0.013333333333333336,0.013333333333333336,0.013333333333333336,2.3148148148148153,1.4285714285714286,0.04,0.0,1
ASAP7,OR4X2,OR4x2_ASAP7_6t_L,B,Y,rise,10.0,0.0057599999999999995,0.7,25.0,27.8412,1.3333333333333335,0.216,0.162,0,1,1,2.3978952727983707,0.005743474627065725,4.62962962962963,6.172839506172839,0.026666666666666665,0.03555555555555555,0.026666666666666665,4.62962962962963,1.4285714285714286,0.04,0.14285714285714285,1
ASAP7,NAND2X2,NAND2x2_ASAP7_6t_L,A,Y,fall,40.0,0.023039999999999998,0.7,25.0,50.2987,0.5000000000000001,0.216,0.43199999999999994,0,1,1,3.713572066704308,0.022778586889339574,4.62962962962963,2.3148148148148153,0.10666666666666666,0.053333333333333344,0.053333333333333344,2.3148148148148153,1.4285714285714286,0.04,-0.3333333333333333,1
ASAP7,NAND3X1,NAND3x1_ASAP7_6t_L,B,Y,fall,5.0,0.0057599999999999995,0.7,25.0,24.6489,0.3333333333333333,0.162,0.486,0,1,1,1.791759469228055,0.005743474627065725,6.172839506172839,2.05761316872428,0.03555555555555555,0.011851851851851851,0.011851851851851851,2.05761316872428,1.4285714285714286,0.04,-0.4999999999999999,1
ASAP7,NOR3X1,NOR3x1_ASAP7_6t_L,A,Y,fall,5.0,0.0007199999999999999,0.7,25.0,8.65856,3.0,0.486,0.162,0,1,1,1.791759469228055,0.0007197409243488539,2.05761316872428,6.172839506172839,0.0014814814814814814,0.004444444444444444,0.004444444444444444,6.172839506172839,1.4285714285714286,0.04,0.4999999999999999,1
ASAP7,AND3X2,AND3x2_ASAP7_6t_L,B,Y,fall,320.0,0.023039999999999998,0.7,25.0,97.0514,1.0,0.27,0.27,0,1,1,5.771441123130016,0.022778586889339574,3.7037037037037033,3.7037037037037033,0.08533333333333332,0.08533333333333332,0.08533333333333332,3.7037037037037033,1.4285714285714286,0.04,0.0,1
ASAP7,AND4X2,AND4x2_ASAP7_6t_L,D,Y,fall,5.0,0.0057599999999999995,0.7,25.0,27.2103,1.0,0.324,0.324,0,1,1,1.791759469228055,0.005743474627065725,3.0864197530864197,3.0864197530864197,0.017777777777777774,0.017777777777777774,0.017777777777777774,3.0864197530864197,1.4285714285714286,0.04,0.0,1
ASAP7,BUFX4,BUFx4_ASAP7_6t_L,A,Y,rise,40.0,0.023039999999999998,0.7,25.0,51.2632,1.0,0.27,0.27,0,1,1,3.713572066704308,0.022778586889339574,3.7037037037037033,3.7037037037037033,0.08533333333333332,0.08533333333333332,0.08533333333333332,3.7037037037037033,1.4285714285714286,0.04,0.0,1
ASAP7,INVX2,INVx2_ASAP7_6t_L,A,Y,fall,160.0,0.011519999999999999,0.7,25.0,58.1478,1.0,0.108,0.108,1,1,1,5.081404364984463,0.011454150045115854,9.25925925925926,9.25925925925926,0.10666666666666666,0.10666666666666666,0.10666666666666666,9.25925925925926,1.4285714285714286,0.04,0.0,1
ASAP7,OR4X1,OR4x1_ASAP7_6t_L,C,Y,rise,160.0,0.011519999999999999,0.7,25.0,78.8729,1.0,0.27,0.27,0,1,1,5.081404364984463,0.011454150045115854,3.7037037037037033,3.7037037037037033,0.04266666666666666,0.04266666666666666,0.04266666666666666,3.7037037037037033,1.4285714285714286,0.04,0.0,1
ASAP7,AND3X4,AND3x4_ASAP7_6t_L,A,Y,fall,5.0,0.09215999999999999,0.7,25.0,115.505,0.7,0.37799999999999995,0.54,0,1,1,1.791759469228055,0.08815738673620516,2.645502645502646,1.8518518518518516,0.24380952380952384,0.17066666666666663,0.17066666666666663,1.8518518518518516,1.4285714285714286,0.04,-0.17647058823529424,1
ASAP7,OR3X4,OR3x4_ASAP7_6t_L,B,Y,fall,10.0,0.0028799999999999997,0.7,25.0,42.3538,1.0,0.37799999999999995,0.37799999999999995,0,1,1,2.3978952727983707,0.002875860745464264,2.645502645502646,2.645502645502646,0.00761904761904762,0.00761904761904762,0.00761904761904762,2.645502645502646,1.4285714285714286,0.04,0.0,1
ASAP7,AND3X2,AND3x2_ASAP7_6t_L,B,Y,fall,40.0,0.023039999999999998,0.7,25.0,70.0614,1.0,0.27,0.27,0,1,1,3.713572066704308,0.022778586889339574,3.7037037037037033,3.7037037037037033,0.08533333333333332,0.08533333333333332,0.08533333333333332,3.7037037037037033,1.4285714285714286,0.04,0.0,1
ASAP7,OR3X1,OR3x1_ASAP7_6t_L,A,Y,fall,5.0,0.0057599999999999995,0.7,25.0,47.6972,1.0,0.216,0.216,0,1,1,1.791759469228055,0.005743474627065725,4.62962962962963,4.62962962962963,0.026666666666666665,0.026666666666666665,0.026666666666666665,4.62962962962963,1.4285714285714286,0.04,0.0,1
ASAP7,AND2X4,AND2x4_ASAP7_6t_L,A,Y,fall,10.0,0.011519999999999999,0.7,25.0,25.5372,1.0,0.43199999999999994,0.43199999999999994,0,1,1,2.3978952727983707,0.011454150045115854,2.3148148148148153,2.3148148148148153,0.026666666666666672,0.026666666666666672,0.026666666666666672,2.3148148148148153,1.4285714285714286,0.04,0.0,1
ASAP7,AND3X2,AND3x2_ASAP7_6t_L,A,Y,fall,320.0,0.0057599999999999995,0.7,25.0,55.5391,1.0,0.27,0.27,0,1,1,5.771441123130016,0.005743474627065725,3.7037037037037033,3.7037037037037033,0.02133333333333333,0.02133333333333333,0.02133333333333333,3.7037037037037033,1.4285714285714286,0.04,0.0,1
ASAP7,OR3X1,OR3x1_ASAP7_6t_L,B,Y,rise,160.0,0.0057599999999999995,0.7,25.0,48.8708,1.0,0.216,0.216,0,1,1,5.081404364984463,0.005743474627065725,4.62962962962963,4.62962962962963,0.026666666666666665,0.026666666666666665,0.026666666666666665,4.62962962962963,1.4285714285714286,0.04,0.0,1
ASAP7,INVX2,INVx2_ASAP7_6t_L,A,Y,rise,320.0,0.046079999999999996,0.7,25.0,214.879,1.0,0.108,0.108,1,1,1,5.771441123130016,0.04504984455370874,9.25925925925926,9.25925925925926,0.42666666666666664,0.42666666666666664,0.42666666666666664,9.25925925925926,1.4285714285714286,0.04,0.0,1
ASAP7,AND3X2,AND3x2_ASAP7_6t_L,A,Y,rise,10.0,0.0014399999999999999,0.7,25.0,25.5131,1.0,0.27,0.27,0,1,1,2.3978952727983707,0.0014389641942542826,3.7037037037037033,3.7037037037037033,0.005333333333333332,0.005333333333333332,0.005333333333333332,3.7037037037037033,1.4285714285714286,0.04,0.0,1
ASAP7,AND2X2,AND2x2_ASAP7_6t_L,B,Y,fall,20.0,0.0014399999999999999,0.7,25.0,25.0088,0.75,0.162,0.216,0,1,1,3.044522437723423,0.0014389641942542826,6.172839506172839,4.62962962962963,0.008888888888888887,0.006666666666666666,0.006666666666666666,4.62962962962963,1.4285714285714286,0.04,-0.14285714285714285,1
ASAP7,OR2X4,OR2x4_ASAP7_6t_L,A,Y,fall,20.0,0.046079999999999996,0.7,25.0,81.3612,1.0,0.324,0.324,0,1,1,3.044522437723423,0.04504984455370874,3.0864197530864197,3.0864197530864197,0.1422222222222222,0.1422222222222222,0.1422222222222222,3.0864197530864197,1.4285714285714286,0.04,0.0,1
ASAP7,NOR2X1,NOR2x1_ASAP7_6t_L,B,Y,fall,20.0,0.046079999999999996,0.7,25.0,197.763,2.0,0.216,0.108,0,1,1,3.044522437723423,0.04504984455370874,4.62962962962963,9.25925925925926,0.21333333333333332,0.42666666666666664,0.42666666666666664,9.25925925925926,1.4285714285714286,0.04,0.3333333333333333,1
ASAP7,NAND2X2,NAND2x2_ASAP7_6t_L,A,Y,fall,20.0,0.0014399999999999999,0.7,25.0,8.71776,0.5000000000000001,0.216,0.43199999999999994,0,1,1,3.044522437723423,0.0014389641942542826,4.62962962962963,2.3148148148148153,0.006666666666666666,0.003333333333333334,0.003333333333333334,2.3148148148148153,1.4285714285714286,0.04,-0.3333333333333333,1
ASAP7,AND4X1,AND4x1_ASAP7_6t_L,C,Y,fall,320.0,0.023039999999999998,0.7,25.0,138.705,1.0,0.27,0.27,0,1,1,5.771441123130016,0.022778586889339574,3.7037037037037033,3.7037037037037033,0.08533333333333332,0.08533333333333332,0.08533333333333332,3.7037037037037033,1.4285714285714286,0.04,0.0,1
ASAP7,AND3X1,AND3x1_ASAP7_6t_L,A,Y,fall,320.0,0.011519999999999999,0.7,25.0,84.2254,1.0,0.216,0.216,0,1,1,5.771441123130016,0.011454150045115854,4.62962962962963,4.62962962962963,0.05333333333333333,0.05333333333333333,0.05333333333333333,4.62962962962963,1.4285714285714286,0.04,0.0,1
ASAP7,OR3X1,OR3x1_ASAP7_6t_L,B,Y,fall,10.0,0.023039999999999998,0.7,25.0,119.98,1.0,0.216,0.216,0,1,1,2.3978952727983707,0.022778586889339574,4.62962962962963,4.62962962962963,0.10666666666666666,0.10666666666666666,0.10666666666666666,4.62962962962963,1.4285714285714286,0.04,0.0,1
ASAP7,OR2X4,OR2x4_ASAP7_6t_L,B,Y,fall,20.0,0.023039999999999998,0.7,25.0,57.4877,1.0,0.324,0.324,0,1,1,3.044522437723423,0.022778586889339574,3.0864197530864197,3.0864197530864197,0.0711111111111111,0.0711111111111111,0.0711111111111111,3.0864197530864197,1.4285714285714286,0.04,0.0,1
ASAP7,OR3X1,OR3x1_ASAP7_6t_L,B,Y,rise,5.0,0.0007199999999999999,0.7,25.0,13.4827,1.0,0.216,0.216,0,1,1,1.791759469228055,0.0007197409243488539,4.62962962962963,4.62962962962963,0.003333333333333333,0.003333333333333333,0.003333333333333333,4.62962962962963,1.4285714285714286,0.04,0.0,1
ASAP7,NOR3X1,NOR3x1_ASAP7_6t_L,B,Y,rise,160.0,0.011519999999999999,0.7,25.0,88.6788,3.0,0.486,0.162,0,1,1,5.081404364984463,0.011454150045115854,2.05761316872428,6.172839506172839,0.023703703703703703,0.0711111111111111,0.023703703703703703,2.05761316872428,1.4285714285714286,0.04,0.4999999999999999,1
ASAP7,NOR3X2,NOR3x2_ASAP7_6t_L,C,Y,fall,320.0,0.046079999999999996,0.7,25.0,191.699,3.0000000000000004,0.9720000000000002,0.324,0,1,1,5.771441123130016,0.04504984455370874,1.0288065843621397,3.0864197530864197,0.04740740740740739,0.1422222222222222,0.1422222222222222,3.0864197530864197,1.4285714285714286,0.04,0.5,1
ASAP7,NAND2X2,NAND2x2_ASAP7_6t_L,B,Y,rise,80.0,0.046079999999999996,0.7,25.0,142.598,0.5000000000000001,0.216,0.43199999999999994,0,1,1,4.394449154672439,0.04504984455370874,4.62962962962963,2.3148148148148153,0.21333333333333332,0.10666666666666669,0.21333333333333332,4.62962962962963,1.4285714285714286,0.04,-0.3333333333333333,1
ASAP7,OR2X4,OR2x4_ASAP7_6t_L,A,Y,fall,5.0,0.0028799999999999997,0.7,25.0,29.1979,1.0,0.324,0.324,0,1,1,1.791759469228055,0.002875860745464264,3.0864197530864197,3.0864197530864197,0.008888888888888887,0.008888888888888887,0.008888888888888887,3.0864197530864197,1.4285714285714286,0.04,0.0,1
ASAP7,BUFX8,BUFx8_ASAP7_6t_L,A,Y,fall,80.0,0.36863999999999997,0.7,25.0,225.683,1.0,0.54,0.54,0,1,1,4.394449154672439,0.31381754605640677,1.8518518518518516,1.8518518518518516,0.6826666666666665,0.6826666666666665,0.6826666666666665,1.8518518518518516,1.4285714285714286,0.04,0.0,1
ASAP7,OR3X1,OR3x1_ASAP7_6t_L,C,Y,rise,40.0,0.023039999999999998,0.7,25.0,130.191,1.0,0.216,0.216,0,1,1,3.713572066704308,0.022778586889339574,4.62962962962963,4.62962962962963,0.10666666666666666,0.10666666666666666,0.10666666666666666,4.62962962962963,1.4285714285714286,0.04,0.0,1
ASAP7,OR2X2,OR2x2_ASAP7_6t_L,A,Y,rise,320.0,0.0057599999999999995,0.7,25.0,70.7443,1.3333333333333335,0.216,0.162,0,1,1,5.771441123130016,0.005743474627065725,4.62962962962963,6.172839506172839,0.026666666666666665,0.03555555555555555,0.026666666666666665,4.62962962962963,1.4285714285714286,0.04,0.14285714285714285,1
ASAP7,OR3X1,OR3x1_ASAP7_6t_L,A,Y,rise,40.0,0.046079999999999996,0.7,25.0,241.693,1.0,0.216,0.216,0,1,1,3.713572066704308,0.04504984455370874,4.62962962962963,4.62962962962963,0.21333333333333332,0.21333333333333332,0.21333333333333332,4.62962962962963,1.4285714285714286,0.04,0.0,1
ASAP7,XOR2X2,XOR2x2_ASAP7_6t_L,B,Y,rise,320.0,0.023039999999999998,0.7,25.0,111.465,1.0,0.37799999999999995,0.37799999999999995,0,1,1,5.771441123130016,0.022778586889339574,2.645502645502646,2.645502645502646,0.06095238095238096,0.06095238095238096,0.06095238095238096,2.645502645502646,1.4285714285714286,0.04,0.0,1
ASAP7,OR2X2,OR2x2_ASAP7_6t_L,A,Y,rise,20.0,0.0028799999999999997,0.7,25.0,28.883,1.3333333333333335,0.216,0.162,0,1,1,3.044522437723423,0.002875860745464264,4.62962962962963,6.172839506172839,0.013333333333333332,0.017777777777777774,0.013333333333333332,4.62962962962963,1.4285714285714286,0.04,0.14285714285714285,1
ASAP7,OR4X1,OR4x1_ASAP7_6t_L,C,Y,rise,5.0,0.023039999999999998,0.7,25.0,124.31,1.0,0.27,0.27,0,1,1,1.791759469228055,0.022778586889339574,3.7037037037037033,3.7037037037037033,0.08533333333333332,0.08533333333333332,0.08533333333333332,3.7037037037037033,1.4285714285714286,0.04,0.0,1
ASAP7,OR3X2,OR3x2_ASAP7_6t_L,B,Y,fall,10.0,0.0028799999999999997,0.7,25.0,35.2049,1.0,0.27,0.27,0,1,1,2.3978952727983707,0.002875860745464264,3.7037037037037033,3.7037037037037033,0.010666666666666665,0.010666666666666665,0.010666666666666665,3.7037037037037033,1.4285714285714286,0.04,0.0,1
ASAP7,AND4X2,AND4x2_ASAP7_6t_L,C,Y,fall,40.0,0.046079999999999996,0.7,25.0,118.538,1.0,0.324,0.324,0,1,1,3.713572066704308,0.04504984455370874,3.0864197530864197,3.0864197530864197,0.1422222222222222,0.1422222222222222,0.1422222222222222,3.0864197530864197,1.4285714285714286,0.04,0.0,1
ASAP7,OR4X1,OR4x1_ASAP7_6t_L,C,Y,rise,80.0,0.011519999999999999,0.7,25.0,76.7297,1.0,0.27,0.27,0,1,1,4.394449154672439,0.011454150045115854,3.7037037037037033,3.7037037037037033,0.04266666666666666,0.04266666666666666,0.04266666666666666,3.7037037037037033,1.4285714285714286,0.04,0.0,1
ASAP7,AND3X1,AND3x1_ASAP7_6t_L,A,Y,rise,40.0,0.0028799999999999997,0.7,25.0,39.925,1.0,0.216,0.216,0,1,1,3.713572066704308,0.002875860745464264,4.62962962962963,4.62962962962963,0.013333333333333332,0.013333333333333332,0.013333333333333332,4.62962962962963,1.4285714285714286,0.04,0.0,1
ASAP7,NAND3X2,NAND3x2_ASAP7_6t_L,A,Y,rise,5.0,0.0057599999999999995,0.7,25.0,21.6229,0.33333333333333326,0.324,0.9720000000000002,0,1,1,1.791759469228055,0.005743474627065725,3.0864197530864197,1.0288065843621397,0.017777777777777774,0.005925925925925924,0.017777777777777774,3.0864197530864197,1.4285714285714286,0.04,-0.5,1
ASAP7,NOR3X2,NOR3x2_ASAP7_6t_L,B,Y,rise,5.0,0.023039999999999998,0.7,25.0,61.1962,3.0000000000000004,0.9720000000000002,0.324,0,1,1,1.791759469228055,0.022778586889339574,1.0288065843621397,3.0864197530864197,0.023703703703703696,0.0711111111111111,0.023703703703703696,1.0288065843621397,1.4285714285714286,0.04,0.5,1
ASAP7,OR3X1,OR3x1_ASAP7_6t_L,A,Y,fall,160.0,0.0028799999999999997,0.7,25.0,63.3943,1.0,0.216,0.216,0,1,1,5.081404364984463,0.002875860745464264,4.62962962962963,4.62962962962963,0.013333333333333332,0.013333333333333332,0.013333333333333332,4.62962962962963,1.4285714285714286,0.04,0.0,1
ASAP7,NAND2X1,NAND2x1_ASAP7_6t_L,B,Y,rise,5.0,0.0014399999999999999,0.7,25.0,12.3485,0.5,0.108,0.216,0,1,1,1.791759469228055,0.0014389641942542826,9.25925925925926,4.62962962962963,0.013333333333333332,0.006666666666666666,0.013333333333333332,9.25925925925926,1.4285714285714286,0.04,-0.3333333333333333,1
ASAP7,INVX4,INVx4_ASAP7_6t_L,A,Y,fall,160.0,0.023039999999999998,0.7,25.0,58.1314,1.0,0.216,0.216,1,1,1,5.081404364984463,0.022778586889339574,4.62962962962963,4.62962962962963,0.10666666666666666,0.10666666666666666,0.10666666666666666,4.62962962962963,1.4285714285714286,0.04,0.0,1
ASAP7,BUFX2,BUFx2_ASAP7_6t_L,A,Y,fall,10.0,0.011519999999999999,0.7,25.0,43.5915,1.0,0.135,0.135,0,1,1,2.3978952727983707,0.011454150045115854,7.4074074074074066,7.4074074074074066,0.08533333333333332,0.08533333333333332,0.08533333333333332,7.4074074074074066,1.4285714285714286,0.04,0.0,1
ASAP7,NAND3X1,NAND3x1_ASAP7_6t_L,A,Y,rise,80.0,0.0014399999999999999,0.7,25.0,30.9614,0.3333333333333333,0.162,0.486,0,1,1,4.394449154672439,0.0014389641942542826,6.172839506172839,2.05761316872428,0.008888888888888887,0.002962962962962963,0.008888888888888887,6.172839506172839,1.4285714285714286,0.04,-0.4999999999999999,1
ASAP7,AND2X2,AND2x2_ASAP7_6t_L,B,Y,rise,5.0,0.011519999999999999,0.7,25.0,43.7728,0.75,0.162,0.216,0,1,1,1.791759469228055,0.011454150045115854,6.172839506172839,4.62962962962963,0.0711111111111111,0.05333333333333333,0.0711111111111111,6.172839506172839,1.4285714285714286,0.04,-0.14285714285714285,1
ASAP7,AND4X2,AND4x2_ASAP7_6t_L,B,Y,fall,320.0,0.0057599999999999995,0.7,25.0,57.8662,1.0,0.324,0.324,0,1,1,5.771441123130016,0.005743474627065725,3.0864197530864197,3.0864197530864197,0.017777777777777774,0.017777777777777774,0.017777777777777774,3.0864197530864197,1.4285714285714286,0.04,0.0,1
ASAP7,OR3X4,OR3x4_ASAP7_6t_L,C,Y,fall,5.0,0.023039999999999998,0.7,25.0,70.2491,1.0,0.37799999999999995,0.37799999999999995,0,1,1,1.791759469228055,0.022778586889339574,2.645502645502646,2.645502645502646,0.06095238095238096,0.06095238095238096,0.06095238095238096,2.645502645502646,1.4285714285714286,0.04,0.0,1
ASAP7,AND3X4,AND3x4_ASAP7_6t_L,B,Y,fall,320.0,0.046079999999999996,0.7,25.0,127.048,0.7,0.37799999999999995,0.54,0,1,1,5.771441123130016,0.04504984455370874,2.645502645502646,1.8518518518518516,0.12190476190476192,0.08533333333333332,0.08533333333333332,1.8518518518518516,1.4285714285714286,0.04,-0.17647058823529424,1
ASAP7,NOR3X1,NOR3x1_ASAP7_6t_L,B,Y,rise,10.0,0.023039999999999998,0.7,25.0,115.028,3.0,0.486,0.162,0,1,1,2.3978952727983707,0.022778586889339574,2.05761316872428,6.172839506172839,0.047407407407407405,0.1422222222222222,0.047407407407407405,2.05761316872428,1.4285714285714286,0.04,0.4999999999999999,1
ASAP7,XOR2X2,XOR2x2_ASAP7_6t_L,B,Y,rise,160.0,0.0057599999999999995,0.7,25.0,56.9177,1.0,0.37799999999999995,0.37799999999999995,0,1,1,5.081404364984463,0.005743474627065725,2.645502645502646,2.645502645502646,0.01523809523809524,0.01523809523809524,0.01523809523809524,2.645502645502646,1.4285714285714286,0.04,0.0,1
ASAP7,OR4X2,OR4x2_ASAP7_6t_L,A,Y,fall,40.0,0.09215999999999999,0.7,25.0,237.713,1.3333333333333335,0.216,0.162,0,1,1,3.713572066704308,0.08815738673620516,4.62962962962963,6.172839506172839,0.42666666666666664,0.5688888888888888,0.5688888888888888,6.172839506172839,1.4285714285714286,0.04,0.14285714285714285,1
ASAP7,AND3X1,AND3x1_ASAP7_6t_L,C,Y,fall,40.0,0.0014399999999999999,0.7,25.0,25.9876,1.0,0.216,0.216,0,1,1,3.713572066704308,0.0014389641942542826,4.62962962962963,4.62962962962963,0.006666666666666666,0.006666666666666666,0.006666666666666666,4.62962962962963,1.4285714285714286,0.04,0.0,1
ASAP7,AND3X1,AND3x1_ASAP7_6t_L,B,Y,rise,10.0,0.0007199999999999999,0.7,25.0,21.8439,1.0,0.216,0.216,0,1,1,2.3978952727983707,0.0007197409243488539,4.62962962962963,4.62962962962963,0.003333333333333333,0.003333333333333333,0.003333333333333333,4.62962962962963,1.4285714285714286,0.04,0.0,1
ASAP7,NAND3X1,NAND3x1_ASAP7_6t_L,A,Y,rise,80.0,0.023039999999999998,0.7,25.0,143.352,0.3333333333333333,0.162,0.486,0,1,1,4.394449154672439,0.022778586889339574,6.172839506172839,2.05761316872428,0.1422222222222222,0.047407407407407405,0.1422222222222222,6.172839506172839,1.4285714285714286,0.04,-0.4999999999999999,1
ASAP7,OR4X2,OR4x2_ASAP7_6t_L,B,Y,fall,320.0,0.023039999999999998,0.7,25.0,143.148,1.3333333333333335,0.216,0.162,0,1,1,5.771441123130016,0.022778586889339574,4.62962962962963,6.172839506172839,0.10666666666666666,0.1422222222222222,0.1422222222222222,6.172839506172839,1.4285714285714286,0.04,0.14285714285714285,1
ASAP7,NOR3X2,NOR3x2_ASAP7_6t_L,C,Y,rise,40.0,0.046079999999999996,0.7,25.0,120.646,3.0000000000000004,0.9720000000000002,0.324,0,1,1,3.713572066704308,0.04504984455370874,1.0288065843621397,3.0864197530864197,0.04740740740740739,0.1422222222222222,0.04740740740740739,1.0288065843621397,1.4285714285714286,0.04,0.5,1
ASAP7,AND3X4,AND3x4_ASAP7_6t_L,B,Y,rise,320.0,0.0057599999999999995,0.7,25.0,43.8156,0.7,0.37799999999999995,0.54,0,1,1,5.771441123130016,0.005743474627065725,2.645502645502646,1.8518518518518516,0.01523809523809524,0.010666666666666665,0.01523809523809524,2.645502645502646,1.4285714285714286,0.04,-0.17647058823529424,1
ASAP7,NAND3X2,NAND3x2_ASAP7_6t_L,B,Y,rise,320.0,0.0057599999999999995,0.7,25.0,88.7407,0.33333333333333326,0.324,0.9720000000000002,0,1,1,5.771441123130016,0.005743474627065725,3.0864197530864197,1.0288065843621397,0.017777777777777774,0.005925925925925924,0.017777777777777774,3.0864197530864197,1.4285714285714286,0.04,-0.5,1
ASAP7,OR4X1,OR4x1_ASAP7_6t_L,A,Y,fall,320.0,0.0014399999999999999,0.7,25.0,88.2413,1.0,0.27,0.27,0,1,1,5.771441123130016,0.0014389641942542826,3.7037037037037033,3.7037037037037033,0.005333333333333332,0.005333333333333332,0.005333333333333332,3.7037037037037033,1.4285714285714286,0.04,0.0,1
ASAP7,BUFX4,BUFx4_ASAP7_6t_L,A,Y,fall,160.0,0.011519999999999999,0.7,25.0,56.9077,1.0,0.27,0.27,0,1,1,5.081404364984463,0.011454150045115854,3.7037037037037033,3.7037037037037033,0.04266666666666666,0.04266666666666666,0.04266666666666666,3.7037037037037033,1.4285714285714286,0.04,0.0,1
ASAP7,OR3X4,OR3x4_ASAP7_6t_L,B,Y,fall,5.0,0.046079999999999996,0.7,25.0,95.0257,1.0,0.37799999999999995,0.37799999999999995,0,1,1,1.791759469228055,0.04504984455370874,2.645502645502646,2.645502645502646,0.12190476190476192,0.12190476190476192,0.12190476190476192,2.645502645502646,1.4285714285714286,0.04,0.0,1
ASAP7,AND4X1,AND4x1_ASAP7_6t_L,A,Y,fall,10.0,0.0028799999999999997,0.7,25.0,24.3362,1.0,0.27,0.27,0,1,1,2.3978952727983707,0.002875860745464264,3.7037037037037033,3.7037037037037033,0.010666666666666665,0.010666666666666665,0.010666666666666665,3.7037037037037033,1.4285714285714286,0.04,0.0,1
ASAP7,INVX2,INVx2_ASAP7_6t_L,A,Y,rise,80.0,0.0014399999999999999,0.7,25.0,18.4178,1.0,0.108,0.108,1,1,1,4.394449154672439,0.0014389641942542826,9.25925925925926,9.25925925925926,0.013333333333333332,0.013333333333333332,0.013333333333333332,9.25925925925926,1.4285714285714286,0.04,0.0,1
ASAP7,OR2X4,OR2x4_ASAP7_6t_L,A,Y,fall,320.0,0.011519999999999999,0.7,25.0,82.997,1.0,0.324,0.324,0,1,1,5.771441123130016,0.011454150045115854,3.0864197530864197,3.0864197530864197,0.03555555555555555,0.03555555555555555,0.03555555555555555,3.0864197530864197,1.4285714285714286,0.04,0.0,1
ASAP7,INVX4,INVx4_ASAP7_6t_L,A,Y,fall,20.0,0.0028799999999999997,0.7,25.0,8.7454,1.0,0.216,0.216,1,1,1,3.044522437723423,0.002875860745464264,4.62962962962963,4.62962962962963,0.013333333333333332,0.013333333333333332,0.013333333333333332,4.62962962962963,1.4285714285714286,0.04,0.0,1
ASAP7,AND3X2,AND3x2_ASAP7_6t_L,A,Y,rise,40.0,0.023039999999999998,0.7,25.0,88.4692,1.0,0.27,0.27,0,1,1,3.713572066704308,0.022778586889339574,3.7037037037037033,3.7037037037037033,0.08533333333333332,0.08533333333333332,0.08533333333333332,3.7037037037037033,1.4285714285714286,0.04,0.0,1
ASAP7,NOR2X2,NOR2x2_ASAP7_6t_L,B,Y,fall,80.0,0.0028799999999999997,0.7,25.0,22.758,1.9999999999999998,0.43199999999999994,0.216,0,1,1,4.394449154672439,0.002875860745464264,2.3148148148148153,4.62962962962963,0.006666666666666668,0.013333333333333332,0.013333333333333332,4.62962962962963,1.4285714285714286,0.04,0.3333333333333333,1
ASAP7,AND3X4,AND3x4_ASAP7_6t_L,C,Y,rise,160.0,0.0028799999999999997,0.7,25.0,30.3823,0.7,0.37799999999999995,0.54,0,1,1,5.081404364984463,0.002875860745464264,2.645502645502646,1.8518518518518516,0.00761904761904762,0.005333333333333332,0.00761904761904762,2.645502645502646,1.4285714285714286,0.04,-0.17647058823529424,1
ASAP7,AND4X1,AND4x1_ASAP7_6t_L,D,Y,fall,20.0,0.046079999999999996,0.7,25.0,206.188,1.0,0.27,0.27,0,1,1,3.044522437723423,0.04504984455370874,3.7037037037037033,3.7037037037037033,0.17066666666666663,0.17066666666666663,0.17066666666666663,3.7037037037037033,1.4285714285714286,0.04,0.0,1
ASAP7,XOR2X2,XOR2x2_ASAP7_6t_L,A,Y,rise,10.0,0.023039999999999998,0.7,25.0,80.307,1.0,0.37799999999999995,0.37799999999999995,0,1,1,2.3978952727983707,0.022778586889339574,2.645502645502646,2.645502645502646,0.06095238095238096,0.06095238095238096,0.06095238095238096,2.645502645502646,1.4285714285714286,0.04,0.0,1
ASAP7,NOR2X1,NOR2x1_ASAP7_6t_L,A,Y,rise,80.0,0.0057599999999999995,0.7,25.0,47.0498,2.0,0.216,0.108,0,1,1,4.394449154672439,0.005743474627065725,4.62962962962963,9.25925925925926,0.026666666666666665,0.05333333333333333,0.026666666666666665,4.62962962962963,1.4285714285714286,0.04,0.3333333333333333,1
ASAP7,INVX2,INVx2_ASAP7_6t_L,A,Y,fall,5.0,0.0057599999999999995,0.7,25.0,14.8261,1.0,0.108,0.108,1,1,1,1.791759469228055,0.005743474627065725,9.25925925925926,9.25925925925926,0.05333333333333333,0.05333333333333333,0.05333333333333333,9.25925925925926,1.4285714285714286,0.04,0.0,1
ASAP7,NAND2X2,NAND2x2_ASAP7_6t_L,B,Y,rise,160.0,0.0057599999999999995,0.7,25.0,54.1161,0.5000000000000001,0.216,0.43199999999999994,0,1,1,5.081404364984463,0.005743474627065725,4.62962962962963,2.3148148148148153,0.026666666666666665,0.013333333333333336,0.026666666666666665,4.62962962962963,1.4285714285714286,0.04,-0.3333333333333333,1
ASAP7,OR3X2,OR3x2_ASAP7_6t_L,B,Y,fall,5.0,0.0057599999999999995,0.7,25.0,42.0272,1.0,0.27,0.27,0,1,1,1.791759469228055,0.005743474627065725,3.7037037037037033,3.7037037037037033,0.02133333333333333,0.02133333333333333,0.02133333333333333,3.7037037037037033,1.4285714285714286,0.04,0.0,1
ASAP7,OR2X4,OR2x4_ASAP7_6t_L,B,Y,fall,5.0,0.0028799999999999997,0.7,25.0,28.6884,1.0,0.324,0.324,0,1,1,1.791759469228055,0.002875860745464264,3.0864197530864197,3.0864197530864197,0.008888888888888887,0.008888888888888887,0.008888888888888887,3.0864197530864197,1.4285714285714286,0.04,0.0,1
ASAP7,AND3X4,AND3x4_ASAP7_6t_L,A,Y,rise,20.0,0.023039999999999998,0.7,25.0,53.4423,0.7,0.37799999999999995,0.54,0,1,1,3.044522437723423,0.022778586889339574,2.645502645502646,1.8518518518518516,0.06095238095238096,0.04266666666666666,0.06095238095238096,2.645502645502646,1.4285714285714286,0.04,-0.17647058823529424,1
ASAP7,AND3X4,AND3x4_ASAP7_6t_L,C,Y,rise,80.0,0.023039999999999998,0.7,25.0,57.4534,0.7,0.37799999999999995,0.54,0,1,1,4.394449154672439,0.022778586889339574,2.645502645502646,1.8518518518518516,0.06095238095238096,0.04266666666666666,0.06095238095238096,2.645502645502646,1.4285714285714286,0.04,-0.17647058823529424,1
ASAP7,NOR2X2,NOR2x2_ASAP7_6t_L,A,Y,rise,20.0,0.011519999999999999,0.7,25.0,35.9021,1.9999999999999998,0.43199999999999994,0.216,0,1,1,3.044522437723423,0.011454150045115854,2.3148148148148153,4.62962962962963,0.026666666666666672,0.05333333333333333,0.026666666666666672,2.3148148148148153,1.4285714285714286,0.04,0.3333333333333333,1
ASAP7,OR4X2,OR4x2_ASAP7_6t_L,D,Y,fall,5.0,0.09215999999999999,0.7,25.0,234.018,1.3333333333333335,0.216,0.162,0,1,1,1.791759469228055,0.08815738673620516,4.62962962962963,6.172839506172839,0.42666666666666664,0.5688888888888888,0.5688888888888888,6.172839506172839,1.4285714285714286,0.04,0.14285714285714285,1
ASAP7,AND4X1,AND4x1_ASAP7_6t_L,B,Y,rise,5.0,0.023039999999999998,0.7,25.0,138.464,1.0,0.27,0.27,0,1,1,1.791759469228055,0.022778586889339574,3.7037037037037033,3.7037037037037033,0.08533333333333332,0.08533333333333332,0.08533333333333332,3.7037037037037033,1.4285714285714286,0.04,0.0,1
ASAP7,BUFX4,BUFx4_ASAP7_6t_L,A,Y,fall,80.0,0.18431999999999998,0.7,25.0,223.75,1.0,0.27,0.27,0,1,1,4.394449154672439,0.16916877021565407,3.7037037037037033,3.7037037037037033,0.6826666666666665,0.6826666666666665,0.6826666666666665,3.7037037037037033,1.4285714285714286,0.04,0.0,1
ASAP7,NOR3X1,NOR3x1_ASAP7_6t_L,B,Y,fall,20.0,0.023039999999999998,0.7,25.0,106.555,3.0,0.486,0.162,0,1,1,3.044522437723423,0.022778586889339574,2.05761316872428,6.172839506172839,0.047407407407407405,0.1422222222222222,0.1422222222222222,6.172839506172839,1.4285714285714286,0.04,0.4999999999999999,1
ASAP7,AND2X2,AND2x2_ASAP7_6t_L,B,Y,rise,10.0,0.011519999999999999,0.7,25.0,44.9668,0.75,0.162,0.216,0,1,1,2.3978952727983707,0.011454150045115854,6.172839506172839,4.62962962962963,0.0711111111111111,0.05333333333333333,0.0711111111111111,6.172839506172839,1.4285714285714286,0.04,-0.14285714285714285,1
ASAP7,OR3X1,OR3x1_ASAP7_6t_L,A,Y,fall,320.0,0.0028799999999999997,0.7,25.0,85.3876,1.0,0.216,0.216,0,1,1,5.771441123130016,0.002875860745464264,4.62962962962963,4.62962962962963,0.013333333333333332,0.013333333333333332,0.013333333333333332,4.62962962962963,1.4285714285714286,0.04,0.0,1
ASAP7,AND3X2,AND3x2_ASAP7_6t_L,C,Y,rise,20.0,0.023039999999999998,0.7,25.0,83.3871,1.0,0.27,0.27,0,1,1,3.044522437723423,0.022778586889339574,3.7037037037037033,3.7037037037037033,0.08533333333333332,0.08533333333333332,0.08533333333333332,3.7037037037037033,1.4285714285714286,0.04,0.0,1
ASAP7,AND4X1,AND4x1_ASAP7_6t_L,C,Y,rise,160.0,0.046079999999999996,0.7,25.0,265.849,1.0,0.27,0.27,0,1,1,5.081404364984463,0.04504984455370874,3.7037037037037033,3.7037037037037033,0.17066666666666663,0.17066666666666663,0.17066666666666663,3.7037037037037033,1.4285714285714286,0.04,0.0,1
ASAP7,NAND2X2,NAND2x2_ASAP7_6t_L,B,Y,rise,320.0,0.0014399999999999999,0.7,25.0,48.0431,0.5000000000000001,0.216,0.43199999999999994,0,1,1,5.771441123130016,0.0014389641942542826,4.62962962962963,2.3148148148148153,0.006666666666666666,0.003333333333333334,0.006666666666666666,4.62962962962963,1.4285714285714286,0.04,-0.3333333333333333,1
ASAP7,NAND3X1,NAND3x1_ASAP7_6t_L,B,Y,rise,160.0,0.0007199999999999999,0.7,25.0,42.3551,0.3333333333333333,0.162,0.486,0,1,1,5.081404364984463,0.0007197409243488539,6.172839506172839,2.05761316872428,0.004444444444444444,0.0014814814814814814,0.004444444444444444,6.172839506172839,1.4285714285714286,0.04,-0.4999999999999999,1
ASAP7,AND4X2,AND4x2_ASAP7_6t_L,D,Y,rise,320.0,0.011519999999999999,0.7,25.0,75.4367,1.0,0.324,0.324,0,1,1,5.771441123130016,0.011454150045115854,3.0864197530864197,3.0864197530864197,0.03555555555555555,0.03555555555555555,0.03555555555555555,3.0864197530864197,1.4285714285714286,0.04,0.0,1
ASAP7,OR4X1,OR4x1_ASAP7_6t_L,B,Y,fall,160.0,0.0007199999999999999,0.7,25.0,55.7118,1.0,0.27,0.27,0,1,1,5.081404364984463,0.0007197409243488539,3.7037037037037033,3.7037037037037033,0.002666666666666666,0.002666666666666666,0.002666666666666666,3.7037037037037033,1.4285714285714286,0.04,0.0,1
ASAP7,OR2X4,OR2x4_ASAP7_6t_L,A,Y,fall,320.0,0.09215999999999999,0.7,25.0,169.737,1.0,0.324,0.324,0,1,1,5.771441123130016,0.08815738673620516,3.0864197530864197,3.0864197530864197,0.2844444444444444,0.2844444444444444,0.2844444444444444,3.0864197530864197,1.4285714285714286,0.04,0.0,1
ASAP7,AND4X1,AND4x1_ASAP7_6t_L,D,Y,rise,20.0,0.0007199999999999999,0.7,25.0,27.9665,1.0,0.27,0.27,0,1,1,3.044522437723423,0.0007197409243488539,3.7037037037037033,3.7037037037037033,0.002666666666666666,0.002666666666666666,0.002666666666666666,3.7037037037037033,1.4285714285714286,0.04,0.0,1
ASAP7,OR4X2,OR4x2_ASAP7_6t_L,D,Y,rise,20.0,0.046079999999999996,0.7,25.0,130.706,1.3333333333333335,0.216,0.162,0,1,1,3.044522437723423,0.04504984455370874,4.62962962962963,6.172839506172839,0.21333333333333332,0.2844444444444444,0.21333333333333332,4.62962962962963,1.4285714285714286,0.04,0.14285714285714285,1
ASAP7,INVX4,INVx4_ASAP7_6t_L,A,Y,rise,160.0,0.09215999999999999,0.7,25.0,166.832,1.0,0.216,0.216,1,1,1,5.081404364984463,0.08815738673620516,4.62962962962963,4.62962962962963,0.42666666666666664,0.42666666666666664,0.42666666666666664,4.62962962962963,1.4285714285714286,0.04,0.0,1
ASAP7,OR4X2,OR4x2_ASAP7_6t_L,D,Y,fall,320.0,0.023039999999999998,0.7,25.0,126.295,1.3333333333333335,0.216,0.162,0,1,1,5.771441123130016,0.022778586889339574,4.62962962962963,6.172839506172839,0.10666666666666666,0.1422222222222222,0.1422222222222222,6.172839506172839,1.4285714285714286,0.04,0.14285714285714285,1
ASAP7,OR3X4,OR3x4_ASAP7_6t_L,B,Y,fall,320.0,0.0057599999999999995,0.7,25.0,97.2898,1.0,0.37799999999999995,0.37799999999999995,0,1,1,5.771441123130016,0.005743474627065725,2.645502645502646,2.645502645502646,0.01523809523809524,0.01523809523809524,0.01523809523809524,2.645502645502646,1.4285714285714286,0.04,0.0,1
ASAP7,AND2X2,AND2x2_ASAP7_6t_L,A,Y,rise,40.0,0.011519999999999999,0.7,25.0,48.2419,0.75,0.162,0.216,0,1,1,3.713572066704308,0.011454150045115854,6.172839506172839,4.62962962962963,0.0711111111111111,0.05333333333333333,0.0711111111111111,6.172839506172839,1.4285714285714286,0.04,-0.14285714285714285,1
ASAP7,AND3X4,AND3x4_ASAP7_6t_L,C,Y,rise,5.0,0.0028799999999999997,0.7,25.0,24.9115,0.7,0.37799999999999995,0.54,0,1,1,1.791759469228055,0.002875860745464264,2.645502645502646,1.8518518518518516,0.00761904761904762,0.005333333333333332,0.00761904761904762,2.645502645502646,1.4285714285714286,0.04,-0.17647058823529424,1
ASAP7,OR3X2,OR3x2_ASAP7_6t_L,C,Y,rise,40.0,0.0057599999999999995,0.7,25.0,33.9924,1.0,0.27,0.27,0,1,1,3.713572066704308,0.005743474627065725,3.7037037037037033,3.7037037037037033,0.02133333333333333,0.02133333333333333,0.02133333333333333,3.7037037037037033,1.4285714285714286,0.04,0.0,1
ASAP7,INVX4,INVx4_ASAP7_6t_L,A,Y,fall,20.0,0.09215999999999999,0.7,25.0,102.043,1.0,0.216,0.216,1,1,1,3.044522437723423,0.08815738673620516,4.62962962962963,4.62962962962963,0.42666666666666664,0.42666666666666664,0.42666666666666664,4.62962962962963,1.4285714285714286,0.04,0.0,1
ASAP7,OR4X1,OR4x1_ASAP7_6t_L,A,Y,rise,320.0,0.011519999999999999,0.7,25.0,71.2475,1.0,0.27,0.27,0,1,1,5.771441123130016,0.011454150045115854,3.7037037037037033,3.7037037037037033,0.04266666666666666,0.04266666666666666,0.04266666666666666,3.7037037037037033,1.4285714285714286,0.04,0.0,1
ASAP7,NAND2X1,NAND2x1_ASAP7_6t_L,B,Y,fall,40.0,0.023039999999999998,0.7,25.0,92.8904,0.5,0.108,0.216,0,1,1,3.713572066704308,0.022778586889339574,9.25925925925926,4.62962962962963,0.21333333333333332,0.10666666666666666,0.10666666666666666,4.62962962962963,1.4285714285714286,0.04,-0.3333333333333333,1
ASAP7,AND3X1,AND3x1_ASAP7_6t_L,C,Y,fall,320.0,0.046079999999999996,0.7,25.0,236.889,1.0,0.216,0.216,0,1,1,5.771441123130016,0.04504984455370874,4.62962962962963,4.62962962962963,0.21333333333333332,0.21333333333333332,0.21333333333333332,4.62962962962963,1.4285714285714286,0.04,0.0,1
ASAP7,OR3X4,OR3x4_ASAP7_6t_L,C,Y,fall,160.0,0.023039999999999998,0.7,25.0,90.4348,1.0,0.37799999999999995,0.37799999999999995,0,1,1,5.081404364984463,0.022778586889339574,2.645502645502646,2.645502645502646,0.06095238095238096,0.06095238095238096,0.06095238095238096,2.645502645502646,1.4285714285714286,0.04,0.0,1
ASAP7,OR4X2,OR4x2_ASAP7_6t_L,D,Y,fall,40.0,0.0014399999999999999,0.7,25.0,42.7376,1.3333333333333335,0.216,0.162,0,1,1,3.713572066704308,0.0014389641942542826,4.62962962962963,6.172839506172839,0.006666666666666666,0.008888888888888887,0.008888888888888887,6.172839506172839,1.4285714285714286,0.04,0.14285714285714285,1
ASAP7,AND2X4,AND2x4_ASAP7_6t_L,A,Y,rise,40.0,0.046079999999999996,0.7,25.0,76.8872,1.0,0.43199999999999994,0.43199999999999994,0,1,1,3.713572066704308,0.04504984455370874,2.3148148148148153,2.3148148148148153,0.10666666666666669,0.10666666666666669,0.10666666666666669,2.3148148148148153,1.4285714285714286,0.04,0.0,1
ASAP7,NOR3X1,NOR3x1_ASAP7_6t_L,B,Y,rise,320.0,0.0057599999999999995,0.7,25.0,69.4216,3.0,0.486,0.162,0,1,1,5.771441123130016,0.005743474627065725,2.05761316872428,6.172839506172839,0.011851851851851851,0.03555555555555555,0.011851851851851851,2.05761316872428,1.4285714285714286,0.04,0.4999999999999999,1
ASAP7,AND3X2,AND3x2_ASAP7_6t_L,A,Y,fall,10.0,0.046079999999999996,0.7,25.0,109.393,1.0,0.27,0.27,0,1,1,2.3978952727983707,0.04504984455370874,3.7037037037037033,3.7037037037037033,0.17066666666666663,0.17066666666666663,0.17066666666666663,3.7037037037037033,1.4285714285714286,0.04,0.0,1
ASAP7,NAND2X1,NAND2x1_ASAP7_6t_L,A,Y,fall,40.0,0.046079999999999996,0.7,25.0,169.944,0.5,0.108,0.216,0,1,1,3.713572066704308,0.04504984455370874,9.25925925925926,4.62962962962963,0.42666666666666664,0.21333333333333332,0.21333333333333332,4.62962962962963,1.4285714285714286,0.04,-0.3333333333333333,1
ASAP7,XOR2X2,XOR2x2_ASAP7_6t_L,A,Y,fall,160.0,0.0057599999999999995,0.7,25.0,53.4033,1.0,0.37799999999999995,0.37799999999999995,0,1,1,5.081404364984463,0.005743474627065725,2.645502645502646,2.645502645502646,0.01523809523809524,0.01523809523809524,0.01523809523809524,2.645502645502646,1.4285714285714286,0.04,0.0,1
ASAP7,NOR2X1,NOR2x1_ASAP7_6t_L,A,Y,rise,320.0,0.0007199999999999999,0.7,25.0,22.688,2.0,0.216,0.108,0,1,1,5.771441123130016,0.0007197409243488539,4.62962962962963,9.25925925925926,0.003333333333333333,0.006666666666666666,0.003333333333333333,4.62962962962963,1.4285714285714286,0.04,0.3333333333333333,1
ASAP7,NAND2X1,NAND2x1_ASAP7_6t_L,A,Y,fall,320.0,0.0014399999999999999,0.7,25.0,9.89233,0.5,0.108,0.216,0,1,1,5.771441123130016,0.0014389641942542826,9.25925925925926,4.62962962962963,0.013333333333333332,0.006666666666666666,0.006666666666666666,4.62962962962963,1.4285714285714286,0.04,-0.3333333333333333,1
ASAP7,OR3X4,OR3x4_ASAP7_6t_L,C,Y,fall,80.0,0.011519999999999999,0.7,25.0,65.7051,1.0,0.37799999999999995,0.37799999999999995,0,1,1,4.394449154672439,0.011454150045115854,2.645502645502646,2.645502645502646,0.03047619047619048,0.03047619047619048,0.03047619047619048,2.645502645502646,1.4285714285714286,0.04,0.0,1
ASAP7,AND4X2,AND4x2_ASAP7_6t_L,D,Y,fall,40.0,0.0057599999999999995,0.7,25.0,36.5515,1.0,0.324,0.324,0,1,1,3.713572066704308,0.005743474627065725,3.0864197530864197,3.0864197530864197,0.017777777777777774,0.017777777777777774,0.017777777777777774,3.0864197530864197,1.4285714285714286,0.04,0.0,1
ASAP7,NOR2X1,NOR2x1_ASAP7_6t_L,B,Y,fall,320.0,0.0057599999999999995,0.7,25.0,78.9206,2.0,0.216,0.108,0,1,1,5.771441123130016,0.005743474627065725,4.62962962962963,9.25925925925926,0.026666666666666665,0.05333333333333333,0.05333333333333333,9.25925925925926,1.4285714285714286,0.04,0.3333333333333333,1
ASAP7,OR2X2,OR2x2_ASAP7_6t_L,B,Y,rise,80.0,0.023039999999999998,0.7,25.0,88.1187,1.3333333333333335,0.216,0.162,0,1,1,4.394449154672439,0.022778586889339574,4.62962962962963,6.172839506172839,0.10666666666666666,0.1422222222222222,0.10666666666666666,4.62962962962963,1.4285714285714286,0.04,0.14285714285714285,1
ASAP7,AND2X4,AND2x4_ASAP7_6t_L,A,Y,rise,320.0,0.011519999999999999,0.7,25.0,45.4672,1.0,0.43199999999999994,0.43199999999999994,0,1,1,5.771441123130016,0.011454150045115854,2.3148148148148153,2.3148148148148153,0.026666666666666672,0.026666666666666672,0.026666666666666672,2.3148148148148153,1.4285714285714286,0.04,0.0,1
ASAP7,AND4X2,AND4x2_ASAP7_6t_L,C,Y,rise,40.0,0.0028799999999999997,0.7,25.0,40.3594,1.0,0.324,0.324,0,1,1,3.713572066704308,0.002875860745464264,3.0864197530864197,3.0864197530864197,0.008888888888888887,0.008888888888888887,0.008888888888888887,3.0864197530864197,1.4285714285714286,0.04,0.0,1
ASAP7,AND4X1,AND4x1_ASAP7_6t_L,B,Y,fall,40.0,0.0057599999999999995,0.7,25.0,43.1946,1.0,0.27,0.27,0,1,1,3.713572066704308,0.005743474627065725,3.7037037037037033,3.7037037037037033,0.02133333333333333,0.02133333333333333,0.02133333333333333,3.7037037037037033,1.4285714285714286,0.04,0.0,1
ASAP7,OR4X1,OR4x1_ASAP7_6t_L,C,Y,rise,40.0,0.023039999999999998,0.7,25.0,130.466,1.0,0.27,0.27,0,1,1,3.713572066704308,0.022778586889339574,3.7037037037037033,3.7037037037037033,0.08533333333333332,0.08533333333333332,0.08533333333333332,3.7037037037037033,1.4285714285714286,0.04,0.0,1
ASAP7,BUFX2,BUFx2_ASAP7_6t_L,A,Y,rise,20.0,0.0028799999999999997,0.7,25.0,26.69,1.0,0.135,0.135,0,1,1,3.044522437723423,0.002875860745464264,7.4074074074074066,7.4074074074074066,0.02133333333333333,0.02133333333333333,0.02133333333333333,7.4074074074074066,1.4285714285714286,0.04,0.0,1
ASAP7,OR4X2,OR4x2_ASAP7_6t_L,A,Y,fall,320.0,0.09215999999999999,0.7,25.0,292.032,1.3333333333333335,0.216,0.162,0,1,1,5.771441123130016,0.08815738673620516,4.62962962962963,6.172839506172839,0.42666666666666664,0.5688888888888888,0.5688888888888888,6.172839506172839,1.4285714285714286,0.04,0.14285714285714285,1
ASAP7,INVX1,INVx1_ASAP7_6t_L,A,Y,rise,40.0,0.0007199999999999999,0.7,25.0,14.3418,1.0,0.054,0.054,1,1,1,3.713572066704308,0.0007197409243488539,18.51851851851852,18.51851851851852,0.013333333333333332,0.013333333333333332,0.013333333333333332,18.51851851851852,1.4285714285714286,0.04,0.0,1
ASAP7,NOR2X1,NOR2x1_ASAP7_6t_L,B,Y,rise,160.0,0.046079999999999996,0.7,25.0,262.799,2.0,0.216,0.108,0,1,1,5.081404364984463,0.04504984455370874,4.62962962962963,9.25925925925926,0.21333333333333332,0.42666666666666664,0.21333333333333332,4.62962962962963,1.4285714285714286,0.04,0.3333333333333333,1
ASAP7,OR3X4,OR3x4_ASAP7_6t_L,B,Y,rise,10.0,0.011519999999999999,0.7,25.0,32.3328,1.0,0.37799999999999995,0.37799999999999995,0,1,1,2.3978952727983707,0.011454150045115854,2.645502645502646,2.645502645502646,0.03047619047619048,0.03047619047619048,0.03047619047619048,2.645502645502646,1.4285714285714286,0.04,0.0,1
ASAP7,AND3X1,AND3x1_ASAP7_6t_L,A,Y,fall,80.0,0.046079999999999996,0.7,25.0,211.516,1.0,0.216,0.216,0,1,1,4.394449154672439,0.04504984455370874,4.62962962962963,4.62962962962963,0.21333333333333332,0.21333333333333332,0.21333333333333332,4.62962962962963,1.4285714285714286,0.04,0.0,1
ASAP7,OR3X4,OR3x4_ASAP7_6t_L,C,Y,fall,80.0,0.0057599999999999995,0.7,25.0,57.0651,1.0,0.37799999999999995,0.37799999999999995,0,1,1,4.394449154672439,0.005743474627065725,2.645502645502646,2.645502645502646,0.01523809523809524,0.01523809523809524,0.01523809523809524,2.645502645502646,1.4285714285714286,0.04,0.0,1
ASAP7,AND3X4,AND3x4_ASAP7_6t_L,A,Y,fall,40.0,0.046079999999999996,0.7,25.0,77.5722,0.7,0.37799999999999995,0.54,0,1,1,3.713572066704308,0.04504984455370874,2.645502645502646,1.8518518518518516,0.12190476190476192,0.08533333333333332,0.08533333333333332,1.8518518518518516,1.4285714285714286,0.04,-0.17647058823529424,1
ASAP7,AND4X1,AND4x1_ASAP7_6t_L,D,Y,rise,320.0,0.0028799999999999997,0.7,25.0,51.0599,1.0,0.27,0.27,0,1,1,5.771441123130016,0.002875860745464264,3.7037037037037033,3.7037037037037033,0.010666666666666665,0.010666666666666665,0.010666666666666665,3.7037037037037033,1.4285714285714286,0.04,0.0,1
ASAP7,AND3X1,AND3x1_ASAP7_6t_L,C,Y,fall,160.0,0.011519999999999999,0.7,25.0,81.682,1.0,0.216,0.216,0,1,1,5.081404364984463,0.011454150045115854,4.62962962962963,4.62962962962963,0.05333333333333333,0.05333333333333333,0.05333333333333333,4.62962962962963,1.4285714285714286,0.04,0.0,1
ASAP7,OR3X4,OR3x4_ASAP7_6t_L,C,Y,fall,20.0,0.09215999999999999,0.7,25.0,145.961,1.0,0.37799999999999995,0.37799999999999995,0,1,1,3.044522437723423,0.08815738673620516,2.645502645502646,2.645502645502646,0.24380952380952384,0.24380952380952384,0.24380952380952384,2.645502645502646,1.4285714285714286,0.04,0.0,1
ASAP7,AND3X1,AND3x1_ASAP7_6t_L,B,Y,rise,160.0,0.0014399999999999999,0.7,25.0,39.6415,1.0,0.216,0.216,0,1,1,5.081404364984463,0.0014389641942542826,4.62962962962963,4.62962962962963,0.006666666666666666,0.006666666666666666,0.006666666666666666,4.62962962962963,1.4285714285714286,0.04,0.0,1
ASAP7,AND3X2,AND3x2_ASAP7_6t_L,B,Y,fall,40.0,0.046079999999999996,0.7,25.0,117.339,1.0,0.27,0.27,0,1,1,3.713572066704308,0.04504984455370874,3.7037037037037033,3.7037037037037033,0.17066666666666663,0.17066666666666663,0.17066666666666663,3.7037037037037033,1.4285714285714286,0.04,0.0,1
ASAP7,AND3X4,AND3x4_ASAP7_6t_L,C,Y,rise,10.0,0.0057599999999999995,0.7,25.0,30.2583,0.7,0.37799999999999995,0.54,0,1,1,2.3978952727983707,0.005743474627065725,2.645502645502646,1.8518518518518516,0.01523809523809524,0.010666666666666665,0.01523809523809524,2.645502645502646,1.4285714285714286,0.04,-0.17647058823529424,1
ASAP7,NAND2X2,NAND2x2_ASAP7_6t_L,A,Y,rise,10.0,0.0057599999999999995,0.7,25.0,22.495,0.5000000000000001,0.216,0.43199999999999994,0,1,1,2.3978952727983707,0.005743474627065725,4.62962962962963,2.3148148148148153,0.026666666666666665,0.013333333333333336,0.026666666666666665,4.62962962962963,1.4285714285714286,0.04,-0.3333333333333333,1
ASAP7,OR3X2,OR3x2_ASAP7_6t_L,B,Y,fall,40.0,0.0057599999999999995,0.7,25.0,48.2943,1.0,0.27,0.27,0,1,1,3.713572066704308,0.005743474627065725,3.7037037037037033,3.7037037037037033,0.02133333333333333,0.02133333333333333,0.02133333333333333,3.7037037037037033,1.4285714285714286,0.04,0.0,1
ASAP7,OR3X4,OR3x4_ASAP7_6t_L,C,Y,fall,20.0,0.046079999999999996,0.7,25.0,97.6436,1.0,0.37799999999999995,0.37799999999999995,0,1,1,3.044522437723423,0.04504984455370874,2.645502645502646,2.645502645502646,0.12190476190476192,0.12190476190476192,0.12190476190476192,2.645502645502646,1.4285714285714286,0.04,0.0,1
ASAP7,AND4X2,AND4x2_ASAP7_6t_L,B,Y,rise,40.0,0.0014399999999999999,0.7,25.0,36.2269,1.0,0.324,0.324,0,1,1,3.713572066704308,0.0014389641942542826,3.0864197530864197,3.0864197530864197,0.004444444444444444,0.004444444444444444,0.004444444444444444,3.0864197530864197,1.4285714285714286,0.04,0.0,1
ASAP7,AND3X1,AND3x1_ASAP7_6t_L,A,Y,fall,320.0,0.0014399999999999999,0.7,25.0,40.4591,1.0,0.216,0.216,0,1,1,5.771441123130016,0.0014389641942542826,4.62962962962963,4.62962962962963,0.006666666666666666,0.006666666666666666,0.006666666666666666,4.62962962962963,1.4285714285714286,0.04,0.0,1
ASAP7,NAND3X1,NAND3x1_ASAP7_6t_L,A,Y,fall,40.0,0.0028799999999999997,0.7,25.0,21.1513,0.3333333333333333,0.162,0.486,0,1,1,3.713572066704308,0.002875860745464264,6.172839506172839,2.05761316872428,0.017777777777777774,0.005925925925925926,0.005925925925925926,2.05761316872428,1.4285714285714286,0.04,-0.4999999999999999,1
ASAP7,OR3X2,OR3x2_ASAP7_6t_L,A,Y,fall,5.0,0.011519999999999999,0.7,25.0,53.842,1.0,0.27,0.27,0,1,1,1.791759469228055,0.011454150045115854,3.7037037037037033,3.7037037037037033,0.04266666666666666,0.04266666666666666,0.04266666666666666,3.7037037037037033,1.4285714285714286,0.04,0.0,1
ASAP7,XOR2X2,XOR2x2_ASAP7_6t_L,B,Y,rise,10.0,0.0028799999999999997,0.7,25.0,31.2512,1.0,0.37799999999999995,0.37799999999999995,0,1,1,2.3978952727983707,0.002875860745464264,2.645502645502646,2.645502645502646,0.00761904761904762,0.00761904761904762,0.00761904761904762,2.645502645502646,1.4285714285714286,0.04,0.0,1
ASAP7,OR4X1,OR4x1_ASAP7_6t_L,C,Y,fall,80.0,0.023039999999999998,0.7,25.0,138.887,1.0,0.27,0.27,0,1,1,4.394449154672439,0.022778586889339574,3.7037037037037033,3.7037037037037033,0.08533333333333332,0.08533333333333332,0.08533333333333332,3.7037037037037033,1.4285714285714286,0.04,0.0,1
ASAP7,OR3X4,OR3x4_ASAP7_6t_L,C,Y,fall,10.0,0.0057599999999999995,0.7,25.0,48.0579,1.0,0.37799999999999995,0.37799999999999995,0,1,1,2.3978952727983707,0.005743474627065725,2.645502645502646,2.645502645502646,0.01523809523809524,0.01523809523809524,0.01523809523809524,2.645502645502646,1.4285714285714286,0.04,0.0,1
ASAP7,AND3X1,AND3x1_ASAP7_6t_L,C,Y,fall,5.0,0.0007199999999999999,0.7,25.0,14.5662,1.0,0.216,0.216,0,1,1,1.791759469228055,0.0007197409243488539,4.62962962962963,4.62962962962963,0.003333333333333333,0.003333333333333333,0.003333333333333333,4.62962962962963,1.4285714285714286,0.04,0.0,1
ASAP7,OR3X1,OR3x1_ASAP7_6t_L,C,Y,rise,5.0,0.0014399999999999999,0.7,25.0,17.687,1.0,0.216,0.216,0,1,1,1.791759469228055,0.0014389641942542826,4.62962962962963,4.62962962962963,0.006666666666666666,0.006666666666666666,0.006666666666666666,4.62962962962963,1.4285714285714286,0.04,0.0,1
ASAP7,AND3X4,AND3x4_ASAP7_6t_L,C,Y,rise,160.0,0.09215999999999999,0.7,25.0,145.071,0.7,0.37799999999999995,0.54,0,1,1,5.081404364984463,0.08815738673620516,2.645502645502646,1.8518518518518516,0.24380952380952384,0.17066666666666663,0.24380952380952384,2.645502645502646,1.4285714285714286,0.04,-0.17647058823529424,1
ASAP7,OR4X1,OR4x1_ASAP7_6t_L,D,Y,fall,80.0,0.0057599999999999995,0.7,25.0,64.8658,1.0,0.27,0.27,0,1,1,4.394449154672439,0.005743474627065725,3.7037037037037033,3.7037037037037033,0.02133333333333333,0.02133333333333333,0.02133333333333333,3.7037037037037033,1.4285714285714286,0.04,0.0,1
ASAP7,AND4X1,AND4x1_ASAP7_6t_L,D,Y,rise,20.0,0.0057599999999999995,0.7,25.0,55.6214,1.0,0.27,0.27,0,1,1,3.044522437723423,0.005743474627065725,3.7037037037037033,3.7037037037037033,0.02133333333333333,0.02133333333333333,0.02133333333333333,3.7037037037037033,1.4285714285714286,0.04,0.0,1
ASAP7,AND4X1,AND4x1_ASAP7_6t_L,B,Y,fall,5.0,0.023039999999999998,0.7,25.0,106.154,1.0,0.27,0.27,0,1,1,1.791759469228055,0.022778586889339574,3.7037037037037033,3.7037037037037033,0.08533333333333332,0.08533333333333332,0.08533333333333332,3.7037037037037033,1.4285714285714286,0.04,0.0,1
ASAP7,INVX1,INVx1_ASAP7_6t_L,A,Y,fall,320.0,0.0028799999999999997,0.7,25.0,45.4591,1.0,0.054,0.054,1,1,1,5.771441123130016,0.002875860745464264,18.51851851851852,18.51851851851852,0.05333333333333333,0.05333333333333333,0.05333333333333333,18.51851851851852,1.4285714285714286,0.04,0.0,1
ASAP7,NOR3X2,NOR3x2_ASAP7_6t_L,B,Y,rise,320.0,0.0057599999999999995,0.7,25.0,46.5521,3.0000000000000004,0.9720000000000002,0.324,0,1,1,5.771441123130016,0.005743474627065725,1.0288065843621397,3.0864197530864197,0.005925925925925924,0.017777777777777774,0.005925925925925924,1.0288065843621397,1.4285714285714286,0.04,0.5,1
ASAP7,AND2X4,AND2x4_ASAP7_6t_L,B,Y,fall,5.0,0.023039999999999998,0.7,25.0,35.3642,1.0,0.43199999999999994,0.43199999999999994,0,1,1,1.791759469228055,0.022778586889339574,2.3148148148148153,2.3148148148148153,0.053333333333333344,0.053333333333333344,0.053333333333333344,2.3148148148148153,1.4285714285714286,0.04,0.0,1
ASAP7,NOR3X2,NOR3x2_ASAP7_6t_L,B,Y,fall,160.0,0.046079999999999996,0.7,25.0,148.595,3.0000000000000004,0.9720000000000002,0.324,0,1,1,5.081404364984463,0.04504984455370874,1.0288065843621397,3.0864197530864197,0.04740740740740739,0.1422222222222222,0.1422222222222222,3.0864197530864197,1.4285714285714286,0.04,0.5,1
ASAP7,NOR2X2,NOR2x2_ASAP7_6t_L,B,Y,fall,10.0,0.0057599999999999995,0.7,25.0,18.0795,1.9999999999999998,0.43199999999999994,0.216,0,1,1,2.3978952727983707,0.005743474627065725,2.3148148148148153,4.62962962962963,0.013333333333333336,0.026666666666666665,0.026666666666666665,4.62962962962963,1.4285714285714286,0.04,0.3333333333333333,1
ASAP7,NAND3X1,NAND3x1_ASAP7_6t_L,A,Y,fall,40.0,0.0014399999999999999,0.7,25.0,14.3844,0.3333333333333333,0.162,0.486,0,1,1,3.713572066704308,0.0014389641942542826,6.172839506172839,2.05761316872428,0.008888888888888887,0.002962962962962963,0.002962962962962963,2.05761316872428,1.4285714285714286,0.04,-0.4999999999999999,1
ASAP7,OR4X2,OR4x2_ASAP7_6t_L,D,Y,rise,20.0,0.023039999999999998,0.7,25.0,74.0105,1.3333333333333335,0.216,0.162,0,1,1,3.044522437723423,0.022778586889339574,4.62962962962963,6.172839506172839,0.10666666666666666,0.1422222222222222,0.10666666666666666,4.62962962962963,1.4285714285714286,0.04,0.14285714285714285,1
ASAP7,OR4X2,OR4x2_ASAP7_6t_L,D,Y,fall,20.0,0.011519999999999999,0.7,25.0,68.1781,1.3333333333333335,0.216,0.162,0,1,1,3.044522437723423,0.011454150045115854,4.62962962962963,6.172839506172839,0.05333333333333333,0.0711111111111111,0.0711111111111111,6.172839506172839,1.4285714285714286,0.04,0.14285714285714285,1
ASAP7,XOR2X2,XOR2x2_ASAP7_6t_L,B,Y,fall,10.0,0.011519999999999999,0.7,25.0,45.2929,1.0,0.37799999999999995,0.37799999999999995,0,1,1,2.3978952727983707,0.011454150045115854,2.645502645502646,2.645502645502646,0.03047619047619048,0.03047619047619048,0.03047619047619048,2.645502645502646,1.4285714285714286,0.04,0.0,1
ASAP7,AND2X4,AND2x4_ASAP7_6t_L,B,Y,rise,80.0,0.011519999999999999,0.7,25.0,40.7249,1.0,0.43199999999999994,0.43199999999999994,0,1,1,4.394449154672439,0.011454150045115854,2.3148148148148153,2.3148148148148153,0.026666666666666672,0.026666666666666672,0.026666666666666672,2.3148148148148153,1.4285714285714286,0.04,0.0,1
ASAP7,OR3X4,OR3x4_ASAP7_6t_L,C,Y,rise,320.0,0.18431999999999998,0.7,25.0,273.984,1.0,0.37799999999999995,0.37799999999999995,0,1,1,5.771441123130016,0.16916877021565407,2.645502645502646,2.645502645502646,0.4876190476190477,0.4876190476190477,0.4876190476190477,2.645502645502646,1.4285714285714286,0.04,0.0,1
ASAP7,AND2X4,AND2x4_ASAP7_6t_L,A,Y,fall,5.0,0.0028799999999999997,0.7,25.0,14.4389,1.0,0.43199999999999994,0.43199999999999994,0,1,1,1.791759469228055,0.002875860745464264,2.3148148148148153,2.3148148148148153,0.006666666666666668,0.006666666666666668,0.006666666666666668,2.3148148148148153,1.4285714285714286,0.04,0.0,1
ASAP7,AND4X1,AND4x1_ASAP7_6t_L,B,Y,fall,10.0,0.0057599999999999995,0.7,25.0,36.9333,1.0,0.27,0.27,0,1,1,2.3978952727983707,0.005743474627065725,3.7037037037037033,3.7037037037037033,0.02133333333333333,0.02133333333333333,0.02133333333333333,3.7037037037037033,1.4285714285714286,0.04,0.0,1
ASAP7,AND2X2,AND2x2_ASAP7_6t_L,A,Y,rise,5.0,0.046079999999999996,0.7,25.0,129.468,0.75,0.162,0.216,0,1,1,1.791759469228055,0.04504984455370874,6.172839506172839,4.62962962962963,0.2844444444444444,0.21333333333333332,0.2844444444444444,6.172839506172839,1.4285714285714286,0.04,-0.14285714285714285,1
ASAP7,INVX4,INVx4_ASAP7_6t_L,A,Y,rise,320.0,0.0057599999999999995,0.7,25.0,48.3696,1.0,0.216,0.216,1,1,1,5.771441123130016,0.005743474627065725,4.62962962962963,4.62962962962963,0.026666666666666665,0.026666666666666665,0.026666666666666665,4.62962962962963,1.4285714285714286,0.04,0.0,1
ASAP7,AND4X2,AND4x2_ASAP7_6t_L,B,Y,fall,20.0,0.0014399999999999999,0.7,25.0,20.4598,1.0,0.324,0.324,0,1,1,3.044522437723423,0.0014389641942542826,3.0864197530864197,3.0864197530864197,0.004444444444444444,0.004444444444444444,0.004444444444444444,3.0864197530864197,1.4285714285714286,0.04,0.0,1
ASAP7,AND4X1,AND4x1_ASAP7_6t_L,D,Y,fall,5.0,0.0057599999999999995,0.7,25.0,36.8183,1.0,0.27,0.27,0,1,1,1.791759469228055,0.005743474627065725,3.7037037037037033,3.7037037037037033,0.02133333333333333,0.02133333333333333,0.02133333333333333,3.7037037037037033,1.4285714285714286,0.04,0.0,1
ASAP7,NOR2X1,NOR2x1_ASAP7_6t_L,B,Y,rise,160.0,0.0007199999999999999,0.7,25.0,22.9009,2.0,0.216,0.108,0,1,1,5.081404364984463,0.0007197409243488539,4.62962962962963,9.25925925925926,0.003333333333333333,0.006666666666666666,0.003333333333333333,4.62962962962963,1.4285714285714286,0.04,0.3333333333333333,1
ASAP7,INVX8,INVx8_ASAP7_6t_L,A,Y,fall,20.0,0.011519999999999999,0.7,25.0,13.0168,1.0,0.43199999999999994,0.43199999999999994,1,1,1,3.044522437723423,0.011454150045115854,2.3148148148148153,2.3148148148148153,0.026666666666666672,0.026666666666666672,0.026666666666666672,2.3148148148148153,1.4285714285714286,0.04,0.0,1
ASAP7,BUFX2,BUFx2_ASAP7_6t_L,A,Y,rise,80.0,0.046079999999999996,0.7,25.0,142.528,1.0,0.135,0.135,0,1,1,4.394449154672439,0.04504984455370874,7.4074074074074066,7.4074074074074066,0.34133333333333327,0.34133333333333327,0.34133333333333327,7.4074074074074066,1.4285714285714286,0.04,0.0,1
ASAP7,NAND3X2,NAND3x2_ASAP7_6t_L,C,Y,rise,320.0,0.023039999999999998,0.7,25.0,159.991,0.33333333333333326,0.324,0.9720000000000002,0,1,1,5.771441123130016,0.022778586889339574,3.0864197530864197,1.0288065843621397,0.0711111111111111,0.023703703703703696,0.0711111111111111,3.0864197530864197,1.4285714285714286,0.04,-0.5,1
ASAP7,BUFX2,BUFx2_ASAP7_6t_L,A,Y,rise,320.0,0.0057599999999999995,0.7,25.0,57.2324,1.0,0.135,0.135,0,1,1,5.771441123130016,0.005743474627065725,7.4074074074074066,7.4074074074074066,0.04266666666666666,0.04266666666666666,0.04266666666666666,7.4074074074074066,1.4285714285714286,0.04,0.0,1
ASAP7,NAND3X2,NAND3x2_ASAP7_6t_L,A,Y,fall,160.0,0.0014399999999999999,0.7,25.0,10.6782,0.33333333333333326,0.324,0.9720000000000002,0,1,1,5.081404364984463,0.0014389641942542826,3.0864197530864197,1.0288065843621397,0.004444444444444444,0.001481481481481481,0.001481481481481481,1.0288065843621397,1.4285714285714286,0.04,-0.5,1
ASAP7,NOR2X2,NOR2x2_ASAP7_6t_L,B,Y,fall,80.0,0.011519999999999999,0.7,25.0,48.6606,1.9999999999999998,0.43199999999999994,0.216,0,1,1,4.394449154672439,0.011454150045115854,2.3148148148148153,4.62962962962963,0.026666666666666672,0.05333333333333333,0.05333333333333333,4.62962962962963,1.4285714285714286,0.04,0.3333333333333333,1
ASAP7,AND2X4,AND2x4_ASAP7_6t_L,A,Y,fall,80.0,0.09215999999999999,0.7,25.0,121.802,1.0,0.43199999999999994,0.43199999999999994,0,1,1,4.394449154672439,0.08815738673620516,2.3148148148148153,2.3148148148148153,0.21333333333333337,0.21333333333333337,0.21333333333333337,2.3148148148148153,1.4285714285714286,0.04,0.0,1
ASAP7,AND4X2,AND4x2_ASAP7_6t_L,A,Y,rise,5.0,0.0057599999999999995,0.7,25.0,43.2727,1.0,0.324,0.324,0,1,1,1.791759469228055,0.005743474627065725,3.0864197530864197,3.0864197530864197,0.017777777777777774,0.017777777777777774,0.017777777777777774,3.0864197530864197,1.4285714285714286,0.04,0.0,1
ASAP7,XOR2X2,XOR2x2_ASAP7_6t_L,B,Y,rise,10.0,0.011519999999999999,0.7,25.0,53.2524,1.0,0.37799999999999995,0.37799999999999995,0,1,1,2.3978952727983707,0.011454150045115854,2.645502645502646,2.645502645502646,0.03047619047619048,0.03047619047619048,0.03047619047619048,2.645502645502646,1.4285714285714286,0.04,0.0,1
ASAP7,OR4X1,OR4x1_ASAP7_6t_L,D,Y,rise,80.0,0.0028799999999999997,0.7,25.0,35.05,1.0,0.27,0.27,0,1,1,4.394449154672439,0.002875860745464264,3.7037037037037033,3.7037037037037033,0.010666666666666665,0.010666666666666665,0.010666666666666665,3.7037037037037033,1.4285714285714286,0.04,0.0,1
ASAP7,NOR2X1,NOR2x1_ASAP7_6t_L,B,Y,rise,20.0,0.011519999999999999,0.7,25.0,62.4432,2.0,0.216,0.108,0,1,1,3.044522437723423,0.011454150045115854,4.62962962962963,9.25925925925926,0.05333333333333333,0.10666666666666666,0.05333333333333333,4.62962962962963,1.4285714285714286,0.04,0.3333333333333333,1
ASAP7,OR3X2,OR3x2_ASAP7_6t_L,B,Y,fall,20.0,0.0028799999999999997,0.7,25.0,36.9358,1.0,0.27,0.27,0,1,1,3.044522437723423,0.002875860745464264,3.7037037037037033,3.7037037037037033,0.010666666666666665,0.010666666666666665,0.010666666666666665,3.7037037037037033,1.4285714285714286,0.04,0.0,1
ASAP7,NOR3X2,NOR3x2_ASAP7_6t_L,A,Y,rise,10.0,0.09215999999999999,0.7,25.0,221.255,3.0000000000000004,0.9720000000000002,0.324,0,1,1,2.3978952727983707,0.08815738673620516,1.0288065843621397,3.0864197530864197,0.09481481481481478,0.2844444444444444,0.09481481481481478,1.0288065843621397,1.4285714285714286,0.04,0.5,1
ASAP7,NAND3X2,NAND3x2_ASAP7_6t_L,A,Y,fall,5.0,0.023039999999999998,0.7,25.0,43.176,0.33333333333333326,0.324,0.9720000000000002,0,1,1,1.791759469228055,0.022778586889339574,3.0864197530864197,1.0288065843621397,0.0711111111111111,0.023703703703703696,0.023703703703703696,1.0288065843621397,1.4285714285714286,0.04,-0.5,1
ASAP7,OR3X1,OR3x1_ASAP7_6t_L,B,Y,fall,320.0,0.0057599999999999995,0.7,25.0,91.8588,1.0,0.216,0.216,0,1,1,5.771441123130016,0.005743474627065725,4.62962962962963,4.62962962962963,0.026666666666666665,0.026666666666666665,0.026666666666666665,4.62962962962963,1.4285714285714286,0.04,0.0,1
ASAP7,OR3X1,OR3x1_ASAP7_6t_L,C,Y,rise,160.0,0.0057599999999999995,0.7,25.0,51.0795,1.0,0.216,0.216,0,1,1,5.081404364984463,0.005743474627065725,4.62962962962963,4.62962962962963,0.026666666666666665,0.026666666666666665,0.026666666666666665,4.62962962962963,1.4285714285714286,0.04,0.0,1
ASAP7,OR3X2,OR3x2_ASAP7_6t_L,A,Y,rise,40.0,0.0014399999999999999,0.7,25.0,21.0584,1.0,0.27,0.27,0,1,1,3.713572066704308,0.0014389641942542826,3.7037037037037033,3.7037037037037033,0.005333333333333332,0.005333333333333332,0.005333333333333332,3.7037037037037033,1.4285714285714286,0.04,0.0,1
ASAP7,AND4X2,AND4x2_ASAP7_6t_L,D,Y,rise,5.0,0.0028799999999999997,0.7,25.0,37.3447,1.0,0.324,0.324,0,1,1,1.791759469228055,0.002875860745464264,3.0864197530864197,3.0864197530864197,0.008888888888888887,0.008888888888888887,0.008888888888888887,3.0864197530864197,1.4285714285714286,0.04,0.0,1
ASAP7,BUFX2,BUFx2_ASAP7_6t_L,A,Y,rise,40.0,0.046079999999999996,0.7,25.0,137.702,1.0,0.135,0.135,0,1,1,3.713572066704308,0.04504984455370874,7.4074074074074066,7.4074074074074066,0.34133333333333327,0.34133333333333327,0.34133333333333327,7.4074074074074066,1.4285714285714286,0.04,0.0,1
ASAP7,NOR2X1,NOR2x1_ASAP7_6t_L,A,Y,rise,10.0,0.011519999999999999,0.7,25.0,60.6475,2.0,0.216,0.108,0,1,1,2.3978952727983707,0.011454150045115854,4.62962962962963,9.25925925925926,0.05333333333333333,0.10666666666666666,0.05333333333333333,4.62962962962963,1.4285714285714286,0.04,0.3333333333333333,1
ASAP7,BUFX2,BUFx2_ASAP7_6t_L,A,Y,fall,20.0,0.0014399999999999999,0.7,25.0,24.1606,1.0,0.135,0.135,0,1,1,3.044522437723423,0.0014389641942542826,7.4074074074074066,7.4074074074074066,0.010666666666666665,0.010666666666666665,0.010666666666666665,7.4074074074074066,1.4285714285714286,0.04,0.0,1
ASAP7,AND2X4,AND2x4_ASAP7_6t_L,B,Y,fall,20.0,0.0057599999999999995,0.7,25.0,21.325,1.0,0.43199999999999994,0.43199999999999994,0,1,1,3.044522437723423,0.005743474627065725,2.3148148148148153,2.3148148148148153,0.013333333333333336,0.013333333333333336,0.013333333333333336,2.3148148148148153,1.4285714285714286,0.04,0.0,1
ASAP7,OR3X1,OR3x1_ASAP7_6t_L,A,Y,rise,160.0,0.0007199999999999999,0.7,25.0,20.9416,1.0,0.216,0.216,0,1,1,5.081404364984463,0.0007197409243488539,4.62962962962963,4.62962962962963,0.003333333333333333,0.003333333333333333,0.003333333333333333,4.62962962962963,1.4285714285714286,0.04,0.0,1
ASAP7,NAND3X1,NAND3x1_ASAP7_6t_L,B,Y,rise,80.0,0.0057599999999999995,0.7,25.0,61.2793,0.3333333333333333,0.162,0.486,0,1,1,4.394449154672439,0.005743474627065725,6.172839506172839,2.05761316872428,0.03555555555555555,0.011851851851851851,0.03555555555555555,6.172839506172839,1.4285714285714286,0.04,-0.4999999999999999,1
ASAP7,NAND2X2,NAND2x2_ASAP7_6t_L,A,Y,fall,40.0,0.0057599999999999995,0.7,25.0,19.429,0.5000000000000001,0.216,0.43199999999999994,0,1,1,3.713572066704308,0.005743474627065725,4.62962962962963,2.3148148148148153,0.026666666666666665,0.013333333333333336,0.013333333333333336,2.3148148148148153,1.4285714285714286,0.04,-0.3333333333333333,1
ASAP7,AND3X2,AND3x2_ASAP7_6t_L,A,Y,fall,80.0,0.046079999999999996,0.7,25.0,121.819,1.0,0.27,0.27,0,1,1,4.394449154672439,0.04504984455370874,3.7037037037037033,3.7037037037037033,0.17066666666666663,0.17066666666666663,0.17066666666666663,3.7037037037037033,1.4285714285714286,0.04,0.0,1
ASAP7,BUFX8,BUFx8_ASAP7_6t_L,A,Y,rise,80.0,0.046079999999999996,0.7,25.0,55.669,1.0,0.54,0.54,0,1,1,4.394449154672439,0.04504984455370874,1.8518518518518516,1.8518518518518516,0.08533333333333332,0.08533333333333332,0.08533333333333332,1.8518518518518516,1.4285714285714286,0.04,0.0,1
ASAP7,AND4X2,AND4x2_ASAP7_6t_L,A,Y,fall,320.0,0.011519999999999999,0.7,25.0,66.1818,1.0,0.324,0.324,0,1,1,5.771441123130016,0.011454150045115854,3.0864197530864197,3.0864197530864197,0.03555555555555555,0.03555555555555555,0.03555555555555555,3.0864197530864197,1.4285714285714286,0.04,0.0,1
ASAP7,XOR2X2,XOR2x2_ASAP7_6t_L,A,Y,rise,320.0,0.011519999999999999,0.7,25.0,61.3739,1.0,0.37799999999999995,0.37799999999999995,0,1,1,5.771441123130016,0.011454150045115854,2.645502645502646,2.645502645502646,0.03047619047619048,0.03047619047619048,0.03047619047619048,2.645502645502646,1.4285714285714286,0.04,0.0,1
ASAP7,OR2X4,OR2x4_ASAP7_6t_L,B,Y,fall,10.0,0.18431999999999998,0.7,25.0,222.094,1.0,0.324,0.324,0,1,1,2.3978952727983707,0.16916877021565407,3.0864197530864197,3.0864197530864197,0.5688888888888888,0.5688888888888888,0.5688888888888888,3.0864197530864197,1.4285714285714286,0.04,0.0,1
ASAP7,NOR3X2,NOR3x2_ASAP7_6t_L,A,Y,fall,5.0,0.023039999999999998,0.7,25.0,54.1967,3.0000000000000004,0.9720000000000002,0.324,0,1,1,1.791759469228055,0.022778586889339574,1.0288065843621397,3.0864197530864197,0.023703703703703696,0.0711111111111111,0.0711111111111111,3.0864197530864197,1.4285714285714286,0.04,0.5,1
ASAP7,NOR3X1,NOR3x1_ASAP7_6t_L,C,Y,fall,5.0,0.046079999999999996,0.7,25.0,198.777,3.0,0.486,0.162,0,1,1,1.791759469228055,0.04504984455370874,2.05761316872428,6.172839506172839,0.09481481481481481,0.2844444444444444,0.2844444444444444,6.172839506172839,1.4285714285714286,0.04,0.4999999999999999,1
ASAP7,OR3X2,OR3x2_ASAP7_6t_L,C,Y,fall,160.0,0.0014399999999999999,0.7,25.0,47.925,1.0,0.27,0.27,0,1,1,5.081404364984463,0.0014389641942542826,3.7037037037037033,3.7037037037037033,0.005333333333333332,0.005333333333333332,0.005333333333333332,3.7037037037037033,1.4285714285714286,0.04,0.0,1
ASAP7,OR3X4,OR3x4_ASAP7_6t_L,C,Y,fall,40.0,0.011519999999999999,0.7,25.0,60.3512,1.0,0.37799999999999995,0.37799999999999995,0,1,1,3.713572066704308,0.011454150045115854,2.645502645502646,2.645502645502646,0.03047619047619048,0.03047619047619048,0.03047619047619048,2.645502645502646,1.4285714285714286,0.04,0.0,1
ASAP7,AND2X4,AND2x4_ASAP7_6t_L,A,Y,fall,160.0,0.023039999999999998,0.7,25.0,59.2944,1.0,0.43199999999999994,0.43199999999999994,0,1,1,5.081404364984463,0.022778586889339574,2.3148148148148153,2.3148148148148153,0.053333333333333344,0.053333333333333344,0.053333333333333344,2.3148148148148153,1.4285714285714286,0.04,0.0,1
ASAP7,NOR3X2,NOR3x2_ASAP7_6t_L,C,Y,fall,40.0,0.011519999999999999,0.7,25.0,43.2075,3.0000000000000004,0.9720000000000002,0.324,0,1,1,3.713572066704308,0.011454150045115854,1.0288065843621397,3.0864197530864197,0.011851851851851848,0.03555555555555555,0.03555555555555555,3.0864197530864197,1.4285714285714286,0.04,0.5,1
ASAP7,NAND3X2,NAND3x2_ASAP7_6t_L,B,Y,fall,320.0,0.0057599999999999995,0.7,25.0,22.8673,0.33333333333333326,0.324,0.9720000000000002,0,1,1,5.771441123130016,0.005743474627065725,3.0864197530864197,1.0288065843621397,0.017777777777777774,0.005925925925925924,0.005925925925925924,1.0288065843621397,1.4285714285714286,0.04,-0.5,1
ASAP7,NAND3X2,NAND3x2_ASAP7_6t_L,B,Y,rise,5.0,0.0028799999999999997,0.7,25.0,16.1148,0.33333333333333326,0.324,0.9720000000000002,0,1,1,1.791759469228055,0.002875860745464264,3.0864197530864197,1.0288065843621397,0.008888888888888887,0.002962962962962962,0.008888888888888887,3.0864197530864197,1.4285714285714286,0.04,-0.5,1
ASAP7,AND4X2,AND4x2_ASAP7_6t_L,D,Y,rise,10.0,0.0028799999999999997,0.7,25.0,37.6775,1.0,0.324,0.324,0,1,1,2.3978952727983707,0.002875860745464264,3.0864197530864197,3.0864197530864197,0.008888888888888887,0.008888888888888887,0.008888888888888887,3.0864197530864197,1.4285714285714286,0.04,0.0,1
ASAP7,NOR3X1,NOR3x1_ASAP7_6t_L,A,Y,rise,10.0,0.0014399999999999999,0.7,25.0,13.3553,3.0,0.486,0.162,0,1,1,2.3978952727983707,0.0014389641942542826,2.05761316872428,6.172839506172839,0.002962962962962963,0.008888888888888887,0.002962962962962963,2.05761316872428,1.4285714285714286,0.04,0.4999999999999999,1
ASAP7,OR4X1,OR4x1_ASAP7_6t_L,A,Y,fall,5.0,0.0014399999999999999,0.7,25.0,32.6962,1.0,0.27,0.27,0,1,1,1.791759469228055,0.0014389641942542826,3.7037037037037033,3.7037037037037033,0.005333333333333332,0.005333333333333332,0.005333333333333332,3.7037037037037033,1.4285714285714286,0.04,0.0,1
ASAP7,AND4X2,AND4x2_ASAP7_6t_L,B,Y,fall,160.0,0.09215999999999999,0.7,25.0,225.403,1.0,0.324,0.324,0,1,1,5.081404364984463,0.08815738673620516,3.0864197530864197,3.0864197530864197,0.2844444444444444,0.2844444444444444,0.2844444444444444,3.0864197530864197,1.4285714285714286,0.04,0.0,1
ASAP7,NAND2X2,NAND2x2_ASAP7_6t_L,B,Y,rise,160.0,0.011519999999999999,0.7,25.0,76.0597,0.5000000000000001,0.216,0.43199999999999994,0,1,1,5.081404364984463,0.011454150045115854,4.62962962962963,2.3148148148148153,0.05333333333333333,0.026666666666666672,0.05333333333333333,4.62962962962963,1.4285714285714286,0.04,-0.3333333333333333,1
ASAP7,OR3X2,OR3x2_ASAP7_6t_L,C,Y,rise,80.0,0.0057599999999999995,0.7,25.0,37.834,1.0,0.27,0.27,0,1,1,4.394449154672439,0.005743474627065725,3.7037037037037033,3.7037037037037033,0.02133333333333333,0.02133333333333333,0.02133333333333333,3.7037037037037033,1.4285714285714286,0.04,0.0,1
ASAP7,NAND3X1,NAND3x1_ASAP7_6t_L,B,Y,rise,40.0,0.0014399999999999999,0.7,25.0,26.1759,0.3333333333333333,0.162,0.486,0,1,1,3.713572066704308,0.0014389641942542826,6.172839506172839,2.05761316872428,0.008888888888888887,0.002962962962962963,0.008888888888888887,6.172839506172839,1.4285714285714286,0.04,-0.4999999999999999,1
ASAP7,NOR3X1,NOR3x1_ASAP7_6t_L,B,Y,rise,5.0,0.011519999999999999,0.7,25.0,60.7176,3.0,0.486,0.162,0,1,1,1.791759469228055,0.011454150045115854,2.05761316872428,6.172839506172839,0.023703703703703703,0.0711111111111111,0.023703703703703703,2.05761316872428,1.4285714285714286,0.04,0.4999999999999999,1
ASAP7,AND3X4,AND3x4_ASAP7_6t_L,A,Y,fall,20.0,0.0057599999999999995,0.7,25.0,29.5328,0.7,0.37799999999999995,0.54,0,1,1,3.044522437723423,0.005743474627065725,2.645502645502646,1.8518518518518516,0.01523809523809524,0.010666666666666665,0.010666666666666665,1.8518518518518516,1.4285714285714286,0.04,-0.17647058823529424,1
ASAP7,NOR3X1,NOR3x1_ASAP7_6t_L,B,Y,fall,320.0,0.0014399999999999999,0.7,25.0,49.6955,3.0,0.486,0.162,0,1,1,5.771441123130016,0.0014389641942542826,2.05761316872428,6.172839506172839,0.002962962962962963,0.008888888888888887,0.008888888888888887,6.172839506172839,1.4285714285714286,0.04,0.4999999999999999,1
ASAP7,BUFX8,BUFx8_ASAP7_6t_L,A,Y,fall,10.0,0.0057599999999999995,0.7,25.0,19.4427,1.0,0.54,0.54,0,1,1,2.3978952727983707,0.005743474627065725,1.8518518518518516,1.8518518518518516,0.010666666666666665,0.010666666666666665,0.010666666666666665,1.8518518518518516,1.4285714285714286,0.04,0.0,1
ASAP7,OR4X2,OR4x2_ASAP7_6t_L,B,Y,fall,20.0,0.0028799999999999997,0.7,25.0,44.5718,1.3333333333333335,0.216,0.162,0,1,1,3.044522437723423,0.002875860745464264,4.62962962962963,6.172839506172839,0.013333333333333332,0.017777777777777774,0.017777777777777774,6.172839506172839,1.4285714285714286,0.04,0.14285714285714285,1
ASAP7,NOR3X2,NOR3x2_ASAP7_6t_L,C,Y,rise,40.0,0.0028799999999999997,0.7,25.0,19.222,3.0000000000000004,0.9720000000000002,0.324,0,1,1,3.713572066704308,0.002875860745464264,1.0288065843621397,3.0864197530864197,0.002962962962962962,0.008888888888888887,0.002962962962962962,1.0288065843621397,1.4285714285714286,0.04,0.5,1
ASAP7,AND3X2,AND3x2_ASAP7_6t_L,C,Y,rise,10.0,0.011519999999999999,0.7,25.0,53.9184,1.0,0.27,0.27,0,1,1,2.3978952727983707,0.011454150045115854,3.7037037037037033,3.7037037037037033,0.04266666666666666,0.04266666666666666,0.04266666666666666,3.7037037037037033,1.4285714285714286,0.04,0.0,1
ASAP7,AND4X2,AND4x2_ASAP7_6t_L,C,Y,rise,80.0,0.0014399999999999999,0.7,25.0,38.6086,1.0,0.324,0.324,0,1,1,4.394449154672439,0.0014389641942542826,3.0864197530864197,3.0864197530864197,0.004444444444444444,0.004444444444444444,0.004444444444444444,3.0864197530864197,1.4285714285714286,0.04,0.0,1
ASAP7,OR2X4,OR2x4_ASAP7_6t_L,A,Y,rise,80.0,0.0057599999999999995,0.7,25.0,35.7399,1.0,0.324,0.324,0,1,1,4.394449154672439,0.005743474627065725,3.0864197530864197,3.0864197530864197,0.017777777777777774,0.017777777777777774,0.017777777777777774,3.0864197530864197,1.4285714285714286,0.04,0.0,1
ASAP7,NAND3X2,NAND3x2_ASAP7_6t_L,A,Y,fall,10.0,0.0057599999999999995,0.7,25.0,15.5354,0.33333333333333326,0.324,0.9720000000000002,0,1,1,2.3978952727983707,0.005743474627065725,3.0864197530864197,1.0288065843621397,0.017777777777777774,0.005925925925925924,0.005925925925925924,1.0288065843621397,1.4285714285714286,0.04,-0.5,1
ASAP7,NOR2X2,NOR2x2_ASAP7_6t_L,B,Y,rise,80.0,0.09215999999999999,0.7,25.0,240.458,1.9999999999999998,0.43199999999999994,0.216,0,1,1,4.394449154672439,0.08815738673620516,2.3148148148148153,4.62962962962963,0.21333333333333337,0.42666666666666664,0.21333333333333337,2.3148148148148153,1.4285714285714286,0.04,0.3333333333333333,1
ASAP7,OR3X1,OR3x1_ASAP7_6t_L,C,Y,fall,40.0,0.0007199999999999999,0.7,25.0,29.0998,1.0,0.216,0.216,0,1,1,3.713572066704308,0.0007197409243488539,4.62962962962963,4.62962962962963,0.003333333333333333,0.003333333333333333,0.003333333333333333,4.62962962962963,1.4285714285714286,0.04,0.0,1
ASAP7,XOR2X2,XOR2x2_ASAP7_6t_L,A,Y,fall,10.0,0.011519999999999999,0.7,25.0,45.0292,1.0,0.37799999999999995,0.37799999999999995,0,1,1,2.3978952727983707,0.011454150045115854,2.645502645502646,2.645502645502646,0.03047619047619048,0.03047619047619048,0.03047619047619048,2.645502645502646,1.4285714285714286,0.04,0.0,1
ASAP7,OR2X2,OR2x2_ASAP7_6t_L,B,Y,fall,160.0,0.0057599999999999995,0.7,25.0,53.0419,1.3333333333333335,0.216,0.162,0,1,1,5.081404364984463,0.005743474627065725,4.62962962962963,6.172839506172839,0.026666666666666665,0.03555555555555555,0.03555555555555555,6.172839506172839,1.4285714285714286,0.04,0.14285714285714285,1
ASAP7,AND4X1,AND4x1_ASAP7_6t_L,B,Y,fall,10.0,0.0014399999999999999,0.7,25.0,18.9968,1.0,0.27,0.27,0,1,1,2.3978952727983707,0.0014389641942542826,3.7037037037037033,3.7037037037037033,0.005333333333333332,0.005333333333333332,0.005333333333333332,3.7037037037037033,1.4285714285714286,0.04,0.0,1
ASAP7,OR3X1,OR3x1_ASAP7_6t_L,B,Y,fall,40.0,0.011519999999999999,0.7,25.0,78.0273,1.0,0.216,0.216,0,1,1,3.713572066704308,0.011454150045115854,4.62962962962963,4.62962962962963,0.05333333333333333,0.05333333333333333,0.05333333333333333,4.62962962962963,1.4285714285714286,0.04,0.0,1
ASAP7,NOR2X2,NOR2x2_ASAP7_6t_L,B,Y,fall,20.0,0.0028799999999999997,0.7,25.0,14.6733,1.9999999999999998,0.43199999999999994,0.216,0,1,1,3.044522437723423,0.002875860745464264,2.3148148148148153,4.62962962962963,0.006666666666666668,0.013333333333333332,0.013333333333333332,4.62962962962963,1.4285714285714286,0.04,0.3333333333333333,1
ASAP7,AND4X1,AND4x1_ASAP7_6t_L,C,Y,rise,10.0,0.023039999999999998,0.7,25.0,139.926,1.0,0.27,0.27,0,1,1,2.3978952727983707,0.022778586889339574,3.7037037037037033,3.7037037037037033,0.08533333333333332,0.08533333333333332,0.08533333333333332,3.7037037037037033,1.4285714285714286,0.04,0.0,1
ASAP7,NAND2X1,NAND2x1_ASAP7_6t_L,B,Y,fall,320.0,0.046079999999999996,0.7,25.0,247.914,0.5,0.108,0.216,0,1,1,5.771441123130016,0.04504984455370874,9.25925925925926,4.62962962962963,0.42666666666666664,0.21333333333333332,0.21333333333333332,4.62962962962963,1.4285714285714286,0.04,-0.3333333333333333,1
ASAP7,INVX8,INVx8_ASAP7_6t_L,A,Y,fall,5.0,0.09215999999999999,0.7,25.0,51.2716,1.0,0.43199999999999994,0.43199999999999994,1,1,1,1.791759469228055,0.08815738673620516,2.3148148148148153,2.3148148148148153,0.21333333333333337,0.21333333333333337,0.21333333333333337,2.3148148148148153,1.4285714285714286,0.04,0.0,1
ASAP7,NOR2X1,NOR2x1_ASAP7_6t_L,A,Y,rise,10.0,0.0057599999999999995,0.7,25.0,33.8971,2.0,0.216,0.108,0,1,1,2.3978952727983707,0.005743474627065725,4.62962962962963,9.25925925925926,0.026666666666666665,0.05333333333333333,0.026666666666666665,4.62962962962963,1.4285714285714286,0.04,0.3333333333333333,1
ASAP7,NOR2X2,NOR2x2_ASAP7_6t_L,B,Y,rise,5.0,0.0028799999999999997,0.7,25.0,11.6327,1.9999999999999998,0.43199999999999994,0.216,0,1,1,1.791759469228055,0.002875860745464264,2.3148148148148153,4.62962962962963,0.006666666666666668,0.013333333333333332,0.006666666666666668,2.3148148148148153,1.4285714285714286,0.04,0.3333333333333333,1
ASAP7,AND4X2,AND4x2_ASAP7_6t_L,C,Y,fall,40.0,0.023039999999999998,0.7,25.0,71.2658,1.0,0.324,0.324,0,1,1,3.713572066704308,0.022778586889339574,3.0864197530864197,3.0864197530864197,0.0711111111111111,0.0711111111111111,0.0711111111111111,3.0864197530864197,1.4285714285714286,0.04,0.0,1
ASAP7,INVX1,INVx1_ASAP7_6t_L,A,Y,rise,5.0,0.0057599999999999995,0.7,25.0,31.9749,1.0,0.054,0.054,1,1,1,1.791759469228055,0.005743474627065725,18.51851851851852,18.51851851851852,0.10666666666666666,0.10666666666666666,0.10666666666666666,18.51851851851852,1.4285714285714286,0.04,0.0,1
ASAP7,INVX1,INVx1_ASAP7_6t_L,A,Y,rise,10.0,0.0028799999999999997,0.7,25.0,19.3205,1.0,0.054,0.054,1,1,1,2.3978952727983707,0.002875860745464264,18.51851851851852,18.51851851851852,0.05333333333333333,0.05333333333333333,0.05333333333333333,18.51851851851852,1.4285714285714286,0.04,0.0,1
ASAP7,AND4X2,AND4x2_ASAP7_6t_L,A,Y,fall,320.0,0.023039999999999998,0.7,25.0,90.1391,1.0,0.324,0.324,0,1,1,5.771441123130016,0.022778586889339574,3.0864197530864197,3.0864197530864197,0.0711111111111111,0.0711111111111111,0.0711111111111111,3.0864197530864197,1.4285714285714286,0.04,0.0,1
ASAP7,OR4X2,OR4x2_ASAP7_6t_L,A,Y,rise,20.0,0.0028799999999999997,0.7,25.0,22.3412,1.3333333333333335,0.216,0.162,0,1,1,3.044522437723423,0.002875860745464264,4.62962962962963,6.172839506172839,0.013333333333333332,0.017777777777777774,0.013333333333333332,4.62962962962963,1.4285714285714286,0.04,0.14285714285714285,1
ASAP7,NAND3X1,NAND3x1_ASAP7_6t_L,C,Y,rise,20.0,0.0007199999999999999,0.7,25.0,18.5454,0.3333333333333333,0.162,0.486,0,1,1,3.044522437723423,0.0007197409243488539,6.172839506172839,2.05761316872428,0.004444444444444444,0.0014814814814814814,0.004444444444444444,6.172839506172839,1.4285714285714286,0.04,-0.4999999999999999,1
ASAP7,OR3X4,OR3x4_ASAP7_6t_L,A,Y,fall,80.0,0.046079999999999996,0.7,25.0,113.431,1.0,0.37799999999999995,0.37799999999999995,0,1,1,4.394449154672439,0.04504984455370874,2.645502645502646,2.645502645502646,0.12190476190476192,0.12190476190476192,0.12190476190476192,2.645502645502646,1.4285714285714286,0.04,0.0,1
ASAP7,AND4X2,AND4x2_ASAP7_6t_L,B,Y,rise,40.0,0.046079999999999996,0.7,25.0,151.113,1.0,0.324,0.324,0,1,1,3.713572066704308,0.04504984455370874,3.0864197530864197,3.0864197530864197,0.1422222222222222,0.1422222222222222,0.1422222222222222,3.0864197530864197,1.4285714285714286,0.04,0.0,1
ASAP7,NAND2X2,NAND2x2_ASAP7_6t_L,A,Y,rise,10.0,0.046079999999999996,0.7,25.0,122.238,0.5000000000000001,0.216,0.43199999999999994,0,1,1,2.3978952727983707,0.04504984455370874,4.62962962962963,2.3148148148148153,0.21333333333333332,0.10666666666666669,0.21333333333333332,4.62962962962963,1.4285714285714286,0.04,-0.3333333333333333,1
ASAP7,INVX8,INVx8_ASAP7_6t_L,A,Y,fall,20.0,0.09215999999999999,0.7,25.0,55.4745,1.0,0.43199999999999994,0.43199999999999994,1,1,1,3.044522437723423,0.08815738673620516,2.3148148148148153,2.3148148148148153,0.21333333333333337,0.21333333333333337,0.21333333333333337,2.3148148148148153,1.4285714285714286,0.04,0.0,1
ASAP7,NOR2X2,NOR2x2_ASAP7_6t_L,A,Y,rise,320.0,0.0014399999999999999,0.7,25.0,22.5518,1.9999999999999998,0.43199999999999994,0.216,0,1,1,5.771441123130016,0.0014389641942542826,2.3148148148148153,4.62962962962963,0.003333333333333334,0.006666666666666666,0.003333333333333334,2.3148148148148153,1.4285714285714286,0.04,0.3333333333333333,1
ASAP7,OR2X4,OR2x4_ASAP7_6t_L,A,Y,rise,80.0,0.011519999999999999,0.7,25.0,43.2497,1.0,0.324,0.324,0,1,1,4.394449154672439,0.011454150045115854,3.0864197530864197,3.0864197530864197,0.03555555555555555,0.03555555555555555,0.03555555555555555,3.0864197530864197,1.4285714285714286,0.04,0.0,1
ASAP7,OR2X2,OR2x2_ASAP7_6t_L,B,Y,fall,5.0,0.011519999999999999,0.7,25.0,42.4765,1.3333333333333335,0.216,0.162,0,1,1,1.791759469228055,0.011454150045115854,4.62962962962963,6.172839506172839,0.05333333333333333,0.0711111111111111,0.0711111111111111,6.172839506172839,1.4285714285714286,0.04,0.14285714285714285,1
ASAP7,NAND3X1,NAND3x1_ASAP7_6t_L,B,Y,rise,5.0,0.046079999999999996,0.7,25.0,236.186,0.3333333333333333,0.162,0.486,0,1,1,1.791759469228055,0.04504984455370874,6.172839506172839,2.05761316872428,0.2844444444444444,0.09481481481481481,0.2844444444444444,6.172839506172839,1.4285714285714286,0.04,-0.4999999999999999,1
ASAP7,BUFX8,BUFx8_ASAP7_6t_L,A,Y,rise,320.0,0.023039999999999998,0.7,25.0,53.6196,1.0,0.54,0.54,0,1,1,5.771441123130016,0.022778586889339574,1.8518518518518516,1.8518518518518516,0.04266666666666666,0.04266666666666666,0.04266666666666666,1.8518518518518516,1.4285714285714286,0.04,0.0,1
ASAP7,AND2X2,AND2x2_ASAP7_6t_L,A,Y,fall,320.0,0.09215999999999999,0.7,25.0,269.768,0.75,0.162,0.216,0,1,1,5.771441123130016,0.08815738673620516,6.172839506172839,4.62962962962963,0.5688888888888888,0.42666666666666664,0.42666666666666664,4.62962962962963,1.4285714285714286,0.04,-0.14285714285714285,1
ASAP7,AND3X1,AND3x1_ASAP7_6t_L,C,Y,fall,80.0,0.0057599999999999995,0.7,25.0,49.7349,1.0,0.216,0.216,0,1,1,4.394449154672439,0.005743474627065725,4.62962962962963,4.62962962962963,0.026666666666666665,0.026666666666666665,0.026666666666666665,4.62962962962963,1.4285714285714286,0.04,0.0,1
ASAP7,AND2X4,AND2x4_ASAP7_6t_L,B,Y,rise,160.0,0.023039999999999998,0.7,25.0,61.6613,1.0,0.43199999999999994,0.43199999999999994,0,1,1,5.081404364984463,0.022778586889339574,2.3148148148148153,2.3148148148148153,0.053333333333333344,0.053333333333333344,0.053333333333333344,2.3148148148148153,1.4285714285714286,0.04,0.0,1
ASAP7,NOR2X2,NOR2x2_ASAP7_6t_L,A,Y,rise,10.0,0.0057599999999999995,0.7,25.0,20.3483,1.9999999999999998,0.43199999999999994,0.216,0,1,1,2.3978952727983707,0.005743474627065725,2.3148148148148153,4.62962962962963,0.013333333333333336,0.026666666666666665,0.013333333333333336,2.3148148148148153,1.4285714285714286,0.04,0.3333333333333333,1
ASAP7,AND2X4,AND2x4_ASAP7_6t_L,A,Y,fall,320.0,0.046079999999999996,0.7,25.0,97.4485,1.0,0.43199999999999994,0.43199999999999994,0,1,1,5.771441123130016,0.04504984455370874,2.3148148148148153,2.3148148148148153,0.10666666666666669,0.10666666666666669,0.10666666666666669,2.3148148148148153,1.4285714285714286,0.04,0.0,1
ASAP7,AND2X2,AND2x2_ASAP7_6t_L,B,Y,rise,40.0,0.023039999999999998,0.7,25.0,78.9386,0.75,0.162,0.216,0,1,1,3.713572066704308,0.022778586889339574,6.172839506172839,4.62962962962963,0.1422222222222222,0.10666666666666666,0.1422222222222222,6.172839506172839,1.4285714285714286,0.04,-0.14285714285714285,1
ASAP7,NAND2X2,NAND2x2_ASAP7_6t_L,B,Y,rise,10.0,0.0014399999999999999,0.7,25.0,10.1297,0.5000000000000001,0.216,0.43199999999999994,0,1,1,2.3978952727983707,0.0014389641942542826,4.62962962962963,2.3148148148148153,0.006666666666666666,0.003333333333333334,0.006666666666666666,4.62962962962963,1.4285714285714286,0.04,-0.3333333333333333,1
ASAP7,OR3X1,OR3x1_ASAP7_6t_L,A,Y,fall,10.0,0.046079999999999996,0.7,25.0,214.036,1.0,0.216,0.216,0,1,1,2.3978952727983707,0.04504984455370874,4.62962962962963,4.62962962962963,0.21333333333333332,0.21333333333333332,0.21333333333333332,4.62962962962963,1.4285714285714286,0.04,0.0,1
ASAP7,BUFX8,BUFx8_ASAP7_6t_L,A,Y,fall,10.0,0.18431999999999998,0.7,25.0,114.151,1.0,0.54,0.54,0,1,1,2.3978952727983707,0.16916877021565407,1.8518518518518516,1.8518518518518516,0.34133333333333327,0.34133333333333327,0.34133333333333327,1.8518518518518516,1.4285714285714286,0.04,0.0,1
ASAP7,AND3X2,AND3x2_ASAP7_6t_L,C,Y,rise,80.0,0.011519999999999999,0.7,25.0,58.9896,1.0,0.27,0.27,0,1,1,4.394449154672439,0.011454150045115854,3.7037037037037033,3.7037037037037033,0.04266666666666666,0.04266666666666666,0.04266666666666666,3.7037037037037033,1.4285714285714286,0.04,0.0,1
ASAP7,AND2X4,AND2x4_ASAP7_6t_L,A,Y,rise,10.0,0.046079999999999996,0.7,25.0,73.3477,1.0,0.43199999999999994,0.43199999999999994,0,1,1,2.3978952727983707,0.04504984455370874,2.3148148148148153,2.3148148148148153,0.10666666666666669,0.10666666666666669,0.10666666666666669,2.3148148148148153,1.4285714285714286,0.04,0.0,1
ASAP7,NAND3X2,NAND3x2_ASAP7_6t_L,C,Y,rise,160.0,0.0028799999999999997,0.7,25.0,54.4251,0.33333333333333326,0.324,0.9720000000000002,0,1,1,5.081404364984463,0.002875860745464264,3.0864197530864197,1.0288065843621397,0.008888888888888887,0.002962962962962962,0.008888888888888887,3.0864197530864197,1.4285714285714286,0.04,-0.5,1
ASAP7,AND3X4,AND3x4_ASAP7_6t_L,C,Y,fall,320.0,0.0057599999999999995,0.7,25.0,88.3383,0.7,0.37799999999999995,0.54,0,1,1,5.771441123130016,0.005743474627065725,2.645502645502646,1.8518518518518516,0.01523809523809524,0.010666666666666665,0.010666666666666665,1.8518518518518516,1.4285714285714286,0.04,-0.17647058823529424,1
ASAP7,OR4X2,OR4x2_ASAP7_6t_L,D,Y,rise,20.0,0.09215999999999999,0.7,25.0,244.001,1.3333333333333335,0.216,0.162,0,1,1,3.044522437723423,0.08815738673620516,4.62962962962963,6.172839506172839,0.42666666666666664,0.5688888888888888,0.42666666666666664,4.62962962962963,1.4285714285714286,0.04,0.14285714285714285,1
ASAP7,AND4X2,AND4x2_ASAP7_6t_L,B,Y,fall,20.0,0.09215999999999999,0.7,25.0,207.502,1.0,0.324,0.324,0,1,1,3.044522437723423,0.08815738673620516,3.0864197530864197,3.0864197530864197,0.2844444444444444,0.2844444444444444,0.2844444444444444,3.0864197530864197,1.4285714285714286,0.04,0.0,1
ASAP7,OR3X2,OR3x2_ASAP7_6t_L,A,Y,rise,5.0,0.0028799999999999997,0.7,25.0,18.5432,1.0,0.27,0.27,0,1,1,1.791759469228055,0.002875860745464264,3.7037037037037033,3.7037037037037033,0.010666666666666665,0.010666666666666665,0.010666666666666665,3.7037037037037033,1.4285714285714286,0.04,0.0,1
ASAP7,AND3X4,AND3x4_ASAP7_6t_L,C,Y,rise,80.0,0.0057599999999999995,0.7,25.0,34.238,0.7,0.37799999999999995,0.54,0,1,1,4.394449154672439,0.005743474627065725,2.645502645502646,1.8518518518518516,0.01523809523809524,0.010666666666666665,0.01523809523809524,2.645502645502646,1.4285714285714286,0.04,-0.17647058823529424,1
ASAP7,AND3X2,AND3x2_ASAP7_6t_L,C,Y,fall,5.0,0.011519999999999999,0.7,25.0,38.3068,1.0,0.27,0.27,0,1,1,1.791759469228055,0.011454150045115854,3.7037037037037033,3.7037037037037033,0.04266666666666666,0.04266666666666666,0.04266666666666666,3.7037037037037033,1.4285714285714286,0.04,0.0,1
ASAP7,NOR2X2,NOR2x2_ASAP7_6t_L,B,Y,rise,40.0,0.0028799999999999997,0.7,25.0,19.389,1.9999999999999998,0.43199999999999994,0.216,0,1,1,3.713572066704308,0.002875860745464264,2.3148148148148153,4.62962962962963,0.006666666666666668,0.013333333333333332,0.006666666666666668,2.3148148148148153,1.4285714285714286,0.04,0.3333333333333333,1
ASAP7,NAND3X1,NAND3x1_ASAP7_6t_L,C,Y,fall,40.0,0.0007199999999999999,0.7,25.0,10.1207,0.3333333333333333,0.162,0.486,0,1,1,3.713572066704308,0.0007197409243488539,6.172839506172839,2.05761316872428,0.004444444444444444,0.0014814814814814814,0.0014814814814814814,2.05761316872428,1.4285714285714286,0.04,-0.4999999999999999,1
ASAP7,XOR2X2,XOR2x2_ASAP7_6t_L,A,Y,rise,320.0,0.0014399999999999999,0.7,25.0,33.2977,1.0,0.37799999999999995,0.37799999999999995,0,1,1,5.771441123130016,0.0014389641942542826,2.645502645502646,2.645502645502646,0.00380952380952381,0.00380952380952381,0.00380952380952381,2.645502645502646,1.4285714285714286,0.04,0.0,1
ASAP7,NOR2X2,NOR2x2_ASAP7_6t_L,A,Y,fall,80.0,0.09215999999999999,0.7,25.0,216.866,1.9999999999999998,0.43199999999999994,0.216,0,1,1,4.394449154672439,0.08815738673620516,2.3148148148148153,4.62962962962963,0.21333333333333337,0.42666666666666664,0.42666666666666664,4.62962962962963,1.4285714285714286,0.04,0.3333333333333333,1
ASAP7,OR3X4,OR3x4_ASAP7_6t_L,B,Y,rise,320.0,0.011519999999999999,0.7,25.0,55.1415,1.0,0.37799999999999995,0.37799999999999995,0,1,1,5.771441123130016,0.011454150045115854,2.645502645502646,2.645502645502646,0.03047619047619048,0.03047619047619048,0.03047619047619048,2.645502645502646,1.4285714285714286,0.04,0.0,1
ASAP7,OR4X1,OR4x1_ASAP7_6t_L,B,Y,fall,80.0,0.011519999999999999,0.7,25.0,93.5757,1.0,0.27,0.27,0,1,1,4.394449154672439,0.011454150045115854,3.7037037037037033,3.7037037037037033,0.04266666666666666,0.04266666666666666,0.04266666666666666,3.7037037037037033,1.4285714285714286,0.04,0.0,1
ASAP7,AND3X1,AND3x1_ASAP7_6t_L,C,Y,fall,80.0,0.046079999999999996,0.7,25.0,214.997,1.0,0.216,0.216,0,1,1,4.394449154672439,0.04504984455370874,4.62962962962963,4.62962962962963,0.21333333333333332,0.21333333333333332,0.21333333333333332,4.62962962962963,1.4285714285714286,0.04,0.0,1
ASAP7,NAND3X1,NAND3x1_ASAP7_6t_L,C,Y,fall,20.0,0.0014399999999999999,0.7,25.0,12.3077,0.3333333333333333,0.162,0.486,0,1,1,3.044522437723423,0.0014389641942542826,6.172839506172839,2.05761316872428,0.008888888888888887,0.002962962962962963,0.002962962962962963,2.05761316872428,1.4285714285714286,0.04,-0.4999999999999999,1
ASAP7,OR4X1,OR4x1_ASAP7_6t_L,B,Y,fall,40.0,0.046079999999999996,0.7,25.0,227.662,1.0,0.27,0.27,0,1,1,3.713572066704308,0.04504984455370874,3.7037037037037033,3.7037037037037033,0.17066666666666663,0.17066666666666663,0.17066666666666663,3.7037037037037033,1.4285714285714286,0.04,0.0,1
ASAP7,NAND3X1,NAND3x1_ASAP7_6t_L,B,Y,fall,10.0,0.046079999999999996,0.7,25.0,158.544,0.3333333333333333,0.162,0.486,0,1,1,2.3978952727983707,0.04504984455370874,6.172839506172839,2.05761316872428,0.2844444444444444,0.09481481481481481,0.09481481481481481,2.05761316872428,1.4285714285714286,0.04,-0.4999999999999999,1
ASAP7,OR4X1,OR4x1_ASAP7_6t_L,A,Y,fall,10.0,0.023039999999999998,0.7,25.0,125.877,1.0,0.27,0.27,0,1,1,2.3978952727983707,0.022778586889339574,3.7037037037037033,3.7037037037037033,0.08533333333333332,0.08533333333333332,0.08533333333333332,3.7037037037037033,1.4285714285714286,0.04,0.0,1
ASAP7,OR4X2,OR4x2_ASAP7_6t_L,B,Y,rise,20.0,0.0057599999999999995,0.7,25.0,30.2647,1.3333333333333335,0.216,0.162,0,1,1,3.044522437723423,0.005743474627065725,4.62962962962963,6.172839506172839,0.026666666666666665,0.03555555555555555,0.026666666666666665,4.62962962962963,1.4285714285714286,0.04,0.14285714285714285,1
ASAP7,NOR3X2,NOR3x2_ASAP7_6t_L,A,Y,rise,20.0,0.046079999999999996,0.7,25.0,116.833,3.0000000000000004,0.9720000000000002,0.324,0,1,1,3.044522437723423,0.04504984455370874,1.0288065843621397,3.0864197530864197,0.04740740740740739,0.1422222222222222,0.04740740740740739,1.0288065843621397,1.4285714285714286,0.04,0.5,1
ASAP7,AND4X1,AND4x1_ASAP7_6t_L,B,Y,fall,5.0,0.0057599999999999995,0.7,25.0,35.3849,1.0,0.27,0.27,0,1,1,1.791759469228055,0.005743474627065725,3.7037037037037033,3.7037037037037033,0.02133333333333333,0.02133333333333333,0.02133333333333333,3.7037037037037033,1.4285714285714286,0.04,0.0,1
ASAP7,AND3X4,AND3x4_ASAP7_6t_L,C,Y,rise,80.0,0.046079999999999996,0.7,25.0,86.3108,0.7,0.37799999999999995,0.54,0,1,1,4.394449154672439,0.04504984455370874,2.645502645502646,1.8518518518518516,0.12190476190476192,0.08533333333333332,0.12190476190476192,2.645502645502646,1.4285714285714286,0.04,-0.17647058823529424,1
ASAP7,OR4X2,OR4x2_ASAP7_6t_L,D,Y,rise,160.0,0.09215999999999999,0.7,25.0,255.766,1.3333333333333335,0.216,0.162,0,1,1,5.081404364984463,0.08815738673620516,4.62962962962963,6.172839506172839,0.42666666666666664,0.5688888888888888,0.42666666666666664,4.62962962962963,1.4285714285714286,0.04,0.14285714285714285,1
ASAP7,AND4X2,AND4x2_ASAP7_6t_L,A,Y,fall,160.0,0.023039999999999998,0.7,25.0,81.6305,1.0,0.324,0.324,0,1,1,5.081404364984463,0.022778586889339574,3.0864197530864197,3.0864197530864197,0.0711111111111111,0.0711111111111111,0.0711111111111111,3.0864197530864197,1.4285714285714286,0.04,0.0,1
ASAP7,NAND2X2,NAND2x2_ASAP7_6t_L,B,Y,rise,20.0,0.0028799999999999997,0.7,25.0,16.9126,0.5000000000000001,0.216,0.43199999999999994,0,1,1,3.044522437723423,0.002875860745464264,4.62962962962963,2.3148148148148153,0.013333333333333332,0.006666666666666668,0.013333333333333332,4.62962962962963,1.4285714285714286,0.04,-0.3333333333333333,1
ASAP7,OR4X1,OR4x1_ASAP7_6t_L,A,Y,rise,10.0,0.0014399999999999999,0.7,25.0,18.2958,1.0,0.27,0.27,0,1,1,2.3978952727983707,0.0014389641942542826,3.7037037037037033,3.7037037037037033,0.005333333333333332,0.005333333333333332,0.005333333333333332,3.7037037037037033,1.4285714285714286,0.04,0.0,1
ASAP7,NAND2X1,NAND2x1_ASAP7_6t_L,A,Y,fall,5.0,0.046079999999999996,0.7,25.0,164.275,0.5,0.108,0.216,0,1,1,1.791759469228055,0.04504984455370874,9.25925925925926,4.62962962962963,0.42666666666666664,0.21333333333333332,0.21333333333333332,4.62962962962963,1.4285714285714286,0.04,-0.3333333333333333,1
ASAP7,OR4X1,OR4x1_ASAP7_6t_L,A,Y,fall,80.0,0.0014399999999999999,0.7,25.0,49.2013,1.0,0.27,0.27,0,1,1,4.394449154672439,0.0014389641942542826,3.7037037037037033,3.7037037037037033,0.005333333333333332,0.005333333333333332,0.005333333333333332,3.7037037037037033,1.4285714285714286,0.04,0.0,1
ASAP7,NAND2X1,NAND2x1_ASAP7_6t_L,B,Y,rise,10.0,0.046079999999999996,0.7,25.0,233.405,0.5,0.108,0.216,0,1,1,2.3978952727983707,0.04504984455370874,9.25925925925926,4.62962962962963,0.42666666666666664,0.21333333333333332,0.42666666666666664,9.25925925925926,1.4285714285714286,0.04,-0.3333333333333333,1
ASAP7,NOR3X1,NOR3x1_ASAP7_6t_L,B,Y,rise,160.0,0.0007199999999999999,0.7,25.0,19.9415,3.0,0.486,0.162,0,1,1,5.081404364984463,0.0007197409243488539,2.05761316872428,6.172839506172839,0.0014814814814814814,0.004444444444444444,0.0014814814814814814,2.05761316872428,1.4285714285714286,0.04,0.4999999999999999,1
ASAP7,NOR3X1,NOR3x1_ASAP7_6t_L,A,Y,fall,5.0,0.0057599999999999995,0.7,25.0,29.8911,3.0,0.486,0.162,0,1,1,1.791759469228055,0.005743474627065725,2.05761316872428,6.172839506172839,0.011851851851851851,0.03555555555555555,0.03555555555555555,6.172839506172839,1.4285714285714286,0.04,0.4999999999999999,1
ASAP7,AND4X1,AND4x1_ASAP7_6t_L,D,Y,rise,10.0,0.0028799999999999997,0.7,25.0,40.2364,1.0,0.27,0.27,0,1,1,2.3978952727983707,0.002875860745464264,3.7037037037037033,3.7037037037037033,0.010666666666666665,0.010666666666666665,0.010666666666666665,3.7037037037037033,1.4285714285714286,0.04,0.0,1
ASAP7,OR4X2,OR4x2_ASAP7_6t_L,A,Y,rise,80.0,0.023039999999999998,0.7,25.0,78.2571,1.3333333333333335,0.216,0.162,0,1,1,4.394449154672439,0.022778586889339574,4.62962962962963,6.172839506172839,0.10666666666666666,0.1422222222222222,0.10666666666666666,4.62962962962963,1.4285714285714286,0.04,0.14285714285714285,1
ASAP7,XOR2X2,XOR2x2_ASAP7_6t_L,B,Y,rise,160.0,0.0057599999999999995,0.7,25.0,39.9003,1.0,0.37799999999999995,0.37799999999999995,0,1,1,5.081404364984463,0.005743474627065725,2.645502645502646,2.645502645502646,0.01523809523809524,0.01523809523809524,0.01523809523809524,2.645502645502646,1.4285714285714286,0.04,0.0,1
ASAP7,NAND2X1,NAND2x1_ASAP7_6t_L,A,Y,rise,5.0,0.011519999999999999,0.7,25.0,63.7293,0.5,0.108,0.216,0,1,1,1.791759469228055,0.011454150045115854,9.25925925925926,4.62962962962963,0.10666666666666666,0.05333333333333333,0.10666666666666666,9.25925925925926,1.4285714285714286,0.04,-0.3333333333333333,1
ASAP7,AND3X1,AND3x1_ASAP7_6t_L,A,Y,rise,20.0,0.0007199999999999999,0.7,25.0,24.3851,1.0,0.216,0.216,0,1,1,3.044522437723423,0.0007197409243488539,4.62962962962963,4.62962962962963,0.003333333333333333,0.003333333333333333,0.003333333333333333,4.62962962962963,1.4285714285714286,0.04,0.0,1
ASAP7,OR2X4,OR2x4_ASAP7_6t_L,B,Y,rise,5.0,0.0057599999999999995,0.7,25.0,22.0125,1.0,0.324,0.324,0,1,1,1.791759469228055,0.005743474627065725,3.0864197530864197,3.0864197530864197,0.017777777777777774,0.017777777777777774,0.017777777777777774,3.0864197530864197,1.4285714285714286,0.04,0.0,1
ASAP7,BUFX4,BUFx4_ASAP7_6t_L,A,Y,rise,40.0,0.09215999999999999,0.7,25.0,136.816,1.0,0.27,0.27,0,1,1,3.713572066704308,0.08815738673620516,3.7037037037037033,3.7037037037037033,0.34133333333333327,0.34133333333333327,0.34133333333333327,3.7037037037037033,1.4285714285714286,0.04,0.0,1
ASAP7,NAND3X2,NAND3x2_ASAP7_6t_L,A,Y,rise,80.0,0.09215999999999999,0.7,25.0,258.974,0.33333333333333326,0.324,0.9720000000000002,0,1,1,4.394449154672439,0.08815738673620516,3.0864197530864197,1.0288065843621397,0.2844444444444444,0.09481481481481478,0.2844444444444444,3.0864197530864197,1.4285714285714286,0.04,-0.5,1
ASAP7,OR4X2,OR4x2_ASAP7_6t_L,C,Y,fall,5.0,0.0057599999999999995,0.7,25.0,52.151,1.3333333333333335,0.216,0.162,0,1,1,1.791759469228055,0.005743474627065725,4.62962962962963,6.172839506172839,0.026666666666666665,0.03555555555555555,0.03555555555555555,6.172839506172839,1.4285714285714286,0.04,0.14285714285714285,1
ASAP7,NOR3X1,NOR3x1_ASAP7_6t_L,C,Y,rise,320.0,0.0057599999999999995,0.7,25.0,56.51,3.0,0.486,0.162,0,1,1,5.771441123130016,0.005743474627065725,2.05761316872428,6.172839506172839,0.011851851851851851,0.03555555555555555,0.011851851851851851,2.05761316872428,1.4285714285714286,0.04,0.4999999999999999,1
ASAP7,NOR2X2,NOR2x2_ASAP7_6t_L,A,Y,rise,320.0,0.0028799999999999997,0.7,25.0,31.562,1.9999999999999998,0.43199999999999994,0.216,0,1,1,5.771441123130016,0.002875860745464264,2.3148148148148153,4.62962962962963,0.006666666666666668,0.013333333333333332,0.006666666666666668,2.3148148148148153,1.4285714285714286,0.04,0.3333333333333333,1
ASAP7,NAND2X2,NAND2x2_ASAP7_6t_L,A,Y,fall,5.0,0.09215999999999999,0.7,25.0,164.709,0.5000000000000001,0.216,0.43199999999999994,0,1,1,1.791759469228055,0.08815738673620516,4.62962962962963,2.3148148148148153,0.42666666666666664,0.21333333333333337,0.21333333333333337,2.3148148148148153,1.4285714285714286,0.04,-0.3333333333333333,1
ASAP7,OR2X4,OR2x4_ASAP7_6t_L,B,Y,fall,20.0,0.0057599999999999995,0.7,25.0,36.9246,1.0,0.324,0.324,0,1,1,3.044522437723423,0.005743474627065725,3.0864197530864197,3.0864197530864197,0.017777777777777774,0.017777777777777774,0.017777777777777774,3.0864197530864197,1.4285714285714286,0.04,0.0,1
ASAP7,AND3X2,AND3x2_ASAP7_6t_L,B,Y,fall,80.0,0.09215999999999999,0.7,25.0,217.995,1.0,0.27,0.27,0,1,1,4.394449154672439,0.08815738673620516,3.7037037037037033,3.7037037037037033,0.34133333333333327,0.34133333333333327,0.34133333333333327,3.7037037037037033,1.4285714285714286,0.04,0.0,1
ASAP7,NAND3X1,NAND3x1_ASAP7_6t_L,B,Y,fall,40.0,0.011519999999999999,0.7,25.0,49.5925,0.3333333333333333,0.162,0.486,0,1,1,3.713572066704308,0.011454150045115854,6.172839506172839,2.05761316872428,0.0711111111111111,0.023703703703703703,0.023703703703703703,2.05761316872428,1.4285714285714286,0.04,-0.4999999999999999,1
ASAP7,NAND2X1,NAND2x1_ASAP7_6t_L,B,Y,fall,160.0,0.0007199999999999999,0.7,25.0,11.4327,0.5,0.108,0.216,0,1,1,5.081404364984463,0.0007197409243488539,9.25925925925926,4.62962962962963,0.006666666666666666,0.003333333333333333,0.003333333333333333,4.62962962962963,1.4285714285714286,0.04,-0.3333333333333333,1
ASAP7,INVX8,INVx8_ASAP7_6t_L,A,Y,rise,10.0,0.046079999999999996,0.7,25.0,33.8894,1.0,0.43199999999999994,0.43199999999999994,1,1,1,2.3978952727983707,0.04504984455370874,2.3148148148148153,2.3148148148148153,0.10666666666666669,0.10666666666666669,0.10666666666666669,2.3148148148148153,1.4285714285714286,0.04,0.0,1
ASAP7,BUFX2,BUFx2_ASAP7_6t_L,A,Y,fall,40.0,0.046079999999999996,0.7,25.0,122.928,1.0,0.135,0.135,0,1,1,3.713572066704308,0.04504984455370874,7.4074074074074066,7.4074074074074066,0.34133333333333327,0.34133333333333327,0.34133333333333327,7.4074074074074066,1.4285714285714286,0.04,0.0,1
ASAP7,AND3X1,AND3x1_ASAP7_6t_L,C,Y,fall,20.0,0.0028799999999999997,0.7,25.0,28.1077,1.0,0.216,0.216,0,1,1,3.044522437723423,0.002875860745464264,4.62962962962963,4.62962962962963,0.013333333333333332,0.013333333333333332,0.013333333333333332,4.62962962962963,1.4285714285714286,0.04,0.0,1
ASAP7,AND3X2,AND3x2_ASAP7_6t_L,A,Y,rise,320.0,0.0057599999999999995,0.7,25.0,73.3747,1.0,0.27,0.27,0,1,1,5.771441123130016,0.005743474627065725,3.7037037037037033,3.7037037037037033,0.02133333333333333,0.02133333333333333,0.02133333333333333,3.7037037037037033,1.4285714285714286,0.04,0.0,1
ASAP7,NAND2X2,NAND2x2_ASAP7_6t_L,A,Y,rise,10.0,0.0028799999999999997,0.7,25.0,15.3451,0.5000000000000001,0.216,0.43199999999999994,0,1,1,2.3978952727983707,0.002875860745464264,4.62962962962963,2.3148148148148153,0.013333333333333332,0.006666666666666668,0.013333333333333332,4.62962962962963,1.4285714285714286,0.04,-0.3333333333333333,1
ASAP7,NOR3X1,NOR3x1_ASAP7_6t_L,B,Y,rise,160.0,0.0057599999999999995,0.7,25.0,57.0039,3.0,0.486,0.162,0,1,1,5.081404364984463,0.005743474627065725,2.05761316872428,6.172839506172839,0.011851851851851851,0.03555555555555555,0.011851851851851851,2.05761316872428,1.4285714285714286,0.04,0.4999999999999999,1
ASAP7,AND4X1,AND4x1_ASAP7_6t_L,D,Y,rise,40.0,0.0014399999999999999,0.7,25.0,33.5526,1.0,0.27,0.27,0,1,1,3.713572066704308,0.0014389641942542826,3.7037037037037033,3.7037037037037033,0.005333333333333332,0.005333333333333332,0.005333333333333332,3.7037037037037033,1.4285714285714286,0.04,0.0,1
ASAP7,NAND3X1,NAND3x1_ASAP7_6t_L,B,Y,fall,80.0,0.023039999999999998,0.7,25.0,94.6205,0.3333333333333333,0.162,0.486,0,1,1,4.394449154672439,0.022778586889339574,6.172839506172839,2.05761316872428,0.1422222222222222,0.047407407407407405,0.047407407407407405,2.05761316872428,1.4285714285714286,0.04,-0.4999999999999999,1
ASAP7,OR3X1,OR3x1_ASAP7_6t_L,A,Y,rise,320.0,0.011519999999999999,0.7,25.0,72.9601,1.0,0.216,0.216,0,1,1,5.771441123130016,0.011454150045115854,4.62962962962963,4.62962962962963,0.05333333333333333,0.05333333333333333,0.05333333333333333,4.62962962962963,1.4285714285714286,0.04,0.0,1
ASAP7,OR4X2,OR4x2_ASAP7_6t_L,A,Y,rise,320.0,0.0014399999999999999,0.7,25.0,23.9007,1.3333333333333335,0.216,0.162,0,1,1,5.771441123130016,0.0014389641942542826,4.62962962962963,6.172839506172839,0.006666666666666666,0.008888888888888887,0.006666666666666666,4.62962962962963,1.4285714285714286,0.04,0.14285714285714285,1
ASAP7,BUFX4,BUFx4_ASAP7_6t_L,A,Y,fall,5.0,0.011519999999999999,0.7,25.0,28.6698,1.0,0.27,0.27,0,1,1,1.791759469228055,0.011454150045115854,3.7037037037037033,3.7037037037037033,0.04266666666666666,0.04266666666666666,0.04266666666666666,3.7037037037037033,1.4285714285714286,0.04,0.0,1
ASAP7,NAND2X2,NAND2x2_ASAP7_6t_L,B,Y,fall,20.0,0.0028799999999999997,0.7,25.0,12.4848,0.5000000000000001,0.216,0.43199999999999994,0,1,1,3.044522437723423,0.002875860745464264,4.62962962962963,2.3148148148148153,0.013333333333333332,0.006666666666666668,0.006666666666666668,2.3148148148148153,1.4285714285714286,0.04,-0.3333333333333333,1
ASAP7,AND3X2,AND3x2_ASAP7_6t_L,B,Y,fall,160.0,0.011519999999999999,0.7,25.0,60.8859,1.0,0.27,0.27,0,1,1,5.081404364984463,0.011454150045115854,3.7037037037037033,3.7037037037037033,0.04266666666666666,0.04266666666666666,0.04266666666666666,3.7037037037037033,1.4285714285714286,0.04,0.0,1
ASAP7,XOR2X2,XOR2x2_ASAP7_6t_L,A,Y,rise,80.0,0.0028799999999999997,0.7,25.0,30.492,1.0,0.37799999999999995,0.37799999999999995,0,1,1,4.394449154672439,0.002875860745464264,2.645502645502646,2.645502645502646,0.00761904761904762,0.00761904761904762,0.00761904761904762,2.645502645502646,1.4285714285714286,0.04,0.0,1
ASAP7,INVX2,INVx2_ASAP7_6t_L,A,Y,fall,10.0,0.046079999999999996,0.7,25.0,98.9962,1.0,0.108,0.108,1,1,1,2.3978952727983707,0.04504984455370874,9.25925925925926,9.25925925925926,0.42666666666666664,0.42666666666666664,0.42666666666666664,9.25925925925926,1.4285714285714286,0.04,0.0,1
ASAP7,OR4X2,OR4x2_ASAP7_6t_L,C,Y,fall,10.0,0.046079999999999996,0.7,25.0,139.435,1.3333333333333335,0.216,0.162,0,1,1,2.3978952727983707,0.04504984455370874,4.62962962962963,6.172839506172839,0.21333333333333332,0.2844444444444444,0.2844444444444444,6.172839506172839,1.4285714285714286,0.04,0.14285714285714285,1
ASAP7,AND4X1,AND4x1_ASAP7_6t_L,A,Y,rise,5.0,0.023039999999999998,0.7,25.0,137.042,1.0,0.27,0.27,0,1,1,1.791759469228055,0.022778586889339574,3.7037037037037033,3.7037037037037033,0.08533333333333332,0.08533333333333332,0.08533333333333332,3.7037037037037033,1.4285714285714286,0.04,0.0,1
ASAP7,INVX2,INVx2_ASAP7_6t_L,A,Y,rise,40.0,0.0057599999999999995,0.7,25.0,28.2992,1.0,0.108,0.108,1,1,1,3.713572066704308,0.005743474627065725,9.25925925925926,9.25925925925926,0.05333333333333333,0.05333333333333333,0.05333333333333333,9.25925925925926,1.4285714285714286,0.04,0.0,1
ASAP7,OR4X2,OR4x2_ASAP7_6t_L,B,Y,fall,5.0,0.0057599999999999995,0.7,25.0,50.7417,1.3333333333333335,0.216,0.162,0,1,1,1.791759469228055,0.005743474627065725,4.62962962962963,6.172839506172839,0.026666666666666665,0.03555555555555555,0.03555555555555555,6.172839506172839,1.4285714285714286,0.04,0.14285714285714285,1
ASAP7,AND2X2,AND2x2_ASAP7_6t_L,B,Y,rise,40.0,0.011519999999999999,0.7,25.0,50.4751,0.75,0.162,0.216,0,1,1,3.713572066704308,0.011454150045115854,6.172839506172839,4.62962962962963,0.0711111111111111,0.05333333333333333,0.0711111111111111,6.172839506172839,1.4285714285714286,0.04,-0.14285714285714285,1
ASAP7,NOR2X2,NOR2x2_ASAP7_6t_L,A,Y,fall,20.0,0.0028799999999999997,0.7,25.0,15.9468,1.9999999999999998,0.43199999999999994,0.216,0,1,1,3.044522437723423,0.002875860745464264,2.3148148148148153,4.62962962962963,0.006666666666666668,0.013333333333333332,0.013333333333333332,4.62962962962963,1.4285714285714286,0.04,0.3333333333333333,1
ASAP7,NOR3X2,NOR3x2_ASAP7_6t_L,B,Y,rise,20.0,0.09215999999999999,0.7,25.0,224.758,3.0000000000000004,0.9720000000000002,0.324,0,1,1,3.044522437723423,0.08815738673620516,1.0288065843621397,3.0864197530864197,0.09481481481481478,0.2844444444444444,0.09481481481481478,1.0288065843621397,1.4285714285714286,0.04,0.5,1
ASAP7,NOR3X1,NOR3x1_ASAP7_6t_L,C,Y,rise,80.0,0.0014399999999999999,0.7,25.0,20.917,3.0,0.486,0.162,0,1,1,4.394449154672439,0.0014389641942542826,2.05761316872428,6.172839506172839,0.002962962962962963,0.008888888888888887,0.002962962962962963,2.05761316872428,1.4285714285714286,0.04,0.4999999999999999,1
ASAP7,AND3X4,AND3x4_ASAP7_6t_L,B,Y,rise,40.0,0.046079999999999996,0.7,25.0,85.8523,0.7,0.37799999999999995,0.54,0,1,1,3.713572066704308,0.04504984455370874,2.645502645502646,1.8518518518518516,0.12190476190476192,0.08533333333333332,0.12190476190476192,2.645502645502646,1.4285714285714286,0.04,-0.17647058823529424,1
ASAP7,AND3X1,AND3x1_ASAP7_6t_L,A,Y,rise,160.0,0.046079999999999996,0.7,25.0,265.695,1.0,0.216,0.216,0,1,1,5.081404364984463,0.04504984455370874,4.62962962962963,4.62962962962963,0.21333333333333332,0.21333333333333332,0.21333333333333332,4.62962962962963,1.4285714285714286,0.04,0.0,1
ASAP7,AND4X2,AND4x2_ASAP7_6t_L,C,Y,fall,20.0,0.09215999999999999,0.7,25.0,208.179,1.0,0.324,0.324,0,1,1,3.044522437723423,0.08815738673620516,3.0864197530864197,3.0864197530864197,0.2844444444444444,0.2844444444444444,0.2844444444444444,3.0864197530864197,1.4285714285714286,0.04,0.0,1
ASAP7,AND2X2,AND2x2_ASAP7_6t_L,B,Y,rise,40.0,0.046079999999999996,0.7,25.0,135.8,0.75,0.162,0.216,0,1,1,3.713572066704308,0.04504984455370874,6.172839506172839,4.62962962962963,0.2844444444444444,0.21333333333333332,0.2844444444444444,6.172839506172839,1.4285714285714286,0.04,-0.14285714285714285,1
ASAP7,NOR3X1,NOR3x1_ASAP7_6t_L,A,Y,fall,320.0,0.0028799999999999997,0.7,25.0,57.4281,3.0,0.486,0.162,0,1,1,5.771441123130016,0.002875860745464264,2.05761316872428,6.172839506172839,0.005925925925925926,0.017777777777777774,0.017777777777777774,6.172839506172839,1.4285714285714286,0.04,0.4999999999999999,1
ASAP7,AND3X1,AND3x1_ASAP7_6t_L,A,Y,fall,5.0,0.0028799999999999997,0.7,25.0,22.8523,1.0,0.216,0.216,0,1,1,1.791759469228055,0.002875860745464264,4.62962962962963,4.62962962962963,0.013333333333333332,0.013333333333333332,0.013333333333333332,4.62962962962963,1.4285714285714286,0.04,0.0,1
ASAP7,AND2X2,AND2x2_ASAP7_6t_L,B,Y,fall,5.0,0.0028799999999999997,0.7,25.0,24.4524,0.75,0.162,0.216,0,1,1,1.791759469228055,0.002875860745464264,6.172839506172839,4.62962962962963,0.017777777777777774,0.013333333333333332,0.013333333333333332,4.62962962962963,1.4285714285714286,0.04,-0.14285714285714285,1
ASAP7,OR4X1,OR4x1_ASAP7_6t_L,C,Y,fall,10.0,0.0007199999999999999,0.7,25.0,32.437,1.0,0.27,0.27,0,1,1,2.3978952727983707,0.0007197409243488539,3.7037037037037033,3.7037037037037033,0.002666666666666666,0.002666666666666666,0.002666666666666666,3.7037037037037033,1.4285714285714286,0.04,0.0,1
ASAP7,XOR2X2,XOR2x2_ASAP7_6t_L,A,Y,fall,160.0,0.011519999999999999,0.7,25.0,58.8249,1.0,0.37799999999999995,0.37799999999999995,0,1,1,5.081404364984463,0.011454150045115854,2.645502645502646,2.645502645502646,0.03047619047619048,0.03047619047619048,0.03047619047619048,2.645502645502646,1.4285714285714286,0.04,0.0,1
ASAP7,XOR2X2,XOR2x2_ASAP7_6t_L,A,Y,fall,40.0,0.09215999999999999,0.7,25.0,216.102,1.0,0.37799999999999995,0.37799999999999995,0,1,1,3.713572066704308,0.08815738673620516,2.645502645502646,2.645502645502646,0.24380952380952384,0.24380952380952384,0.24380952380952384,2.645502645502646,1.4285714285714286,0.04,0.0,1
ASAP7,OR4X1,OR4x1_ASAP7_6t_L,B,Y,fall,5.0,0.0028799999999999997,0.7,25.0,42.612,1.0,0.27,0.27,0,1,1,1.791759469228055,0.002875860745464264,3.7037037037037033,3.7037037037037033,0.010666666666666665,0.010666666666666665,0.010666666666666665,3.7037037037037033,1.4285714285714286,0.04,0.0,1
ASAP7,AND3X1,AND3x1_ASAP7_6t_L,B,Y,fall,10.0,0.0057599999999999995,0.7,25.0,36.5414,1.0,0.216,0.216,0,1,1,2.3978952727983707,0.005743474627065725,4.62962962962963,4.62962962962963,0.026666666666666665,0.026666666666666665,0.026666666666666665,4.62962962962963,1.4285714285714286,0.04,0.0,1
ASAP7,AND3X1,AND3x1_ASAP7_6t_L,B,Y,fall,5.0,0.0007199999999999999,0.7,25.0,13.943,1.0,0.216,0.216,0,1,1,1.791759469228055,0.0007197409243488539,4.62962962962963,4.62962962962963,0.003333333333333333,0.003333333333333333,0.003333333333333333,4.62962962962963,1.4285714285714286,0.04,0.0,1
ASAP7,AND3X4,AND3x4_ASAP7_6t_L,C,Y,fall,5.0,0.09215999999999999,0.7,25.0,120.017,0.7,0.37799999999999995,0.54,0,1,1,1.791759469228055,0.08815738673620516,2.645502645502646,1.8518518518518516,0.24380952380952384,0.17066666666666663,0.17066666666666663,1.8518518518518516,1.4285714285714286,0.04,-0.17647058823529424,1
ASAP7,OR3X2,OR3x2_ASAP7_6t_L,A,Y,fall,320.0,0.0057599999999999995,0.7,25.0,96.3154,1.0,0.27,0.27,0,1,1,5.771441123130016,0.005743474627065725,3.7037037037037033,3.7037037037037033,0.02133333333333333,0.02133333333333333,0.02133333333333333,3.7037037037037033,1.4285714285714286,0.04,0.0,1
ASAP7,AND4X2,AND4x2_ASAP7_6t_L,C,Y,rise,160.0,0.011519999999999999,0.7,25.0,74.858,1.0,0.324,0.324,0,1,1,5.081404364984463,0.011454150045115854,3.0864197530864197,3.0864197530864197,0.03555555555555555,0.03555555555555555,0.03555555555555555,3.0864197530864197,1.4285714285714286,0.04,0.0,1
ASAP7,OR3X4,OR3x4_ASAP7_6t_L,B,Y,rise,80.0,0.046079999999999996,0.7,25.0,87.6452,1.0,0.37799999999999995,0.37799999999999995,0,1,1,4.394449154672439,0.04504984455370874,2.645502645502646,2.645502645502646,0.12190476190476192,0.12190476190476192,0.12190476190476192,2.645502645502646,1.4285714285714286,0.04,0.0,1
ASAP7,OR2X2,OR2x2_ASAP7_6t_L,B,Y,rise,80.0,0.09215999999999999,0.7,25.0,258.197,1.3333333333333335,0.216,0.162,0,1,1,4.394449154672439,0.08815738673620516,4.62962962962963,6.172839506172839,0.42666666666666664,0.5688888888888888,0.42666666666666664,4.62962962962963,1.4285714285714286,0.04,0.14285714285714285,1
ASAP7,OR3X1,OR3x1_ASAP7_6t_L,C,Y,rise,160.0,0.046079999999999996,0.7,25.0,249.43,1.0,0.216,0.216,0,1,1,5.081404364984463,0.04504984455370874,4.62962962962963,4.62962962962963,0.21333333333333332,0.21333333333333332,0.21333333333333332,4.62962962962963,1.4285714285714286,0.04,0.0,1
ASAP7,NAND2X2,NAND2x2_ASAP7_6t_L,B,Y,fall,320.0,0.011519999999999999,0.7,25.0,58.6699,0.5000000000000001,0.216,0.43199999999999994,0,1,1,5.771441123130016,0.011454150045115854,4.62962962962963,2.3148148148148153,0.05333333333333333,0.026666666666666672,0.026666666666666672,2.3148148148148153,1.4285714285714286,0.04,-0.3333333333333333,1
ASAP7,OR2X4,OR2x4_ASAP7_6t_L,B,Y,rise,20.0,0.011519999999999999,0.7,25.0,33.3955,1.0,0.324,0.324,0,1,1,3.044522437723423,0.011454150045115854,3.0864197530864197,3.0864197530864197,0.03555555555555555,0.03555555555555555,0.03555555555555555,3.0864197530864197,1.4285714285714286,0.04,0.0,1
ASAP7,XOR2X2,XOR2x2_ASAP7_6t_L,B,Y,fall,40.0,0.09215999999999999,0.7,25.0,218.713,1.0,0.37799999999999995,0.37799999999999995,0,1,1,3.713572066704308,0.08815738673620516,2.645502645502646,2.645502645502646,0.24380952380952384,0.24380952380952384,0.24380952380952384,2.645502645502646,1.4285714285714286,0.04,0.0,1
ASAP7,AND2X4,AND2x4_ASAP7_6t_L,B,Y,rise,320.0,0.09215999999999999,0.7,25.0,156.225,1.0,0.43199999999999994,0.43199999999999994,0,1,1,5.771441123130016,0.08815738673620516,2.3148148148148153,2.3148148148148153,0.21333333333333337,0.21333333333333337,0.21333333333333337,2.3148148148148153,1.4285714285714286,0.04,0.0,1
ASAP7,NAND3X1,NAND3x1_ASAP7_6t_L,A,Y,fall,5.0,0.0007199999999999999,0.7,25.0,6.68262,0.3333333333333333,0.162,0.486,0,1,1,1.791759469228055,0.0007197409243488539,6.172839506172839,2.05761316872428,0.004444444444444444,0.0014814814814814814,0.0014814814814814814,2.05761316872428,1.4285714285714286,0.04,-0.4999999999999999,1
ASAP7,OR3X1,OR3x1_ASAP7_6t_L,C,Y,fall,20.0,0.0014399999999999999,0.7,25.0,31.0153,1.0,0.216,0.216,0,1,1,3.044522437723423,0.0014389641942542826,4.62962962962963,4.62962962962963,0.006666666666666666,0.006666666666666666,0.006666666666666666,4.62962962962963,1.4285714285714286,0.04,0.0,1
ASAP7,AND3X2,AND3x2_ASAP7_6t_L,C,Y,fall,160.0,0.046079999999999996,0.7,25.0,134.543,1.0,0.27,0.27,0,1,1,5.081404364984463,0.04504984455370874,3.7037037037037033,3.7037037037037033,0.17066666666666663,0.17066666666666663,0.17066666666666663,3.7037037037037033,1.4285714285714286,0.04,0.0,1
ASAP7,INVX1,INVx1_ASAP7_6t_L,A,Y,fall,5.0,0.046079999999999996,0.7,25.0,192.021,1.0,0.054,0.054,1,1,1,1.791759469228055,0.04504984455370874,18.51851851851852,18.51851851851852,0.8533333333333333,0.8533333333333333,0.8533333333333333,18.51851851851852,1.4285714285714286,0.04,0.0,1
ASAP7,INVX2,INVx2_ASAP7_6t_L,A,Y,fall,10.0,0.023039999999999998,0.7,25.0,51.7092,1.0,0.108,0.108,1,1,1,2.3978952727983707,0.022778586889339574,9.25925925925926,9.25925925925926,0.21333333333333332,0.21333333333333332,0.21333333333333332,9.25925925925926,1.4285714285714286,0.04,0.0,1
ASAP7,INVX8,INVx8_ASAP7_6t_L,A,Y,fall,40.0,0.09215999999999999,0.7,25.0,61.3021,1.0,0.43199999999999994,0.43199999999999994,1,1,1,3.713572066704308,0.08815738673620516,2.3148148148148153,2.3148148148148153,0.21333333333333337,0.21333333333333337,0.21333333333333337,2.3148148148148153,1.4285714285714286,0.04,0.0,1
ASAP7,BUFX4,BUFx4_ASAP7_6t_L,A,Y,fall,40.0,0.046079999999999996,0.7,25.0,74.2081,1.0,0.27,0.27,0,1,1,3.713572066704308,0.04504984455370874,3.7037037037037033,3.7037037037037033,0.17066666666666663,0.17066666666666663,0.17066666666666663,3.7037037037037033,1.4285714285714286,0.04,0.0,1
ASAP7,AND3X2,AND3x2_ASAP7_6t_L,A,Y,rise,80.0,0.046079999999999996,0.7,25.0,151.537,1.0,0.27,0.27,0,1,1,4.394449154672439,0.04504984455370874,3.7037037037037033,3.7037037037037033,0.17066666666666663,0.17066666666666663,0.17066666666666663,3.7037037037037033,1.4285714285714286,0.04,0.0,1
ASAP7,NOR3X2,NOR3x2_ASAP7_6t_L,A,Y,fall,10.0,0.0057599999999999995,0.7,25.0,19.7508,3.0000000000000004,0.9720000000000002,0.324,0,1,1,2.3978952727983707,0.005743474627065725,1.0288065843621397,3.0864197530864197,0.005925925925925924,0.017777777777777774,0.017777777777777774,3.0864197530864197,1.4285714285714286,0.04,0.5,1
ASAP7,NOR3X1,NOR3x1_ASAP7_6t_L,C,Y,rise,10.0,0.0028799999999999997,0.7,25.0,22.3261,3.0,0.486,0.162,0,1,1,2.3978952727983707,0.002875860745464264,2.05761316872428,6.172839506172839,0.005925925925925926,0.017777777777777774,0.005925925925925926,2.05761316872428,1.4285714285714286,0.04,0.4999999999999999,1
ASAP7,NOR3X2,NOR3x2_ASAP7_6t_L,C,Y,rise,20.0,0.023039999999999998,0.7,25.0,64.4475,3.0000000000000004,0.9720000000000002,0.324,0,1,1,3.044522437723423,0.022778586889339574,1.0288065843621397,3.0864197530864197,0.023703703703703696,0.0711111111111111,0.023703703703703696,1.0288065843621397,1.4285714285714286,0.04,0.5,1
ASAP7,INVX2,INVx2_ASAP7_6t_L,A,Y,rise,80.0,0.0057599999999999995,0.7,25.0,37.0636,1.0,0.108,0.108,1,1,1,4.394449154672439,0.005743474627065725,9.25925925925926,9.25925925925926,0.05333333333333333,0.05333333333333333,0.05333333333333333,9.25925925925926,1.4285714285714286,0.04,0.0,1
ASAP7,NAND2X1,NAND2x1_ASAP7_6t_L,A,Y,rise,40.0,0.046079999999999996,0.7,25.0,244.198,0.5,0.108,0.216,0,1,1,3.713572066704308,0.04504984455370874,9.25925925925926,4.62962962962963,0.42666666666666664,0.21333333333333332,0.42666666666666664,9.25925925925926,1.4285714285714286,0.04,-0.3333333333333333,1
ASAP7,NOR3X1,NOR3x1_ASAP7_6t_L,B,Y,rise,40.0,0.011519999999999999,0.7,25.0,67.6419,3.0,0.486,0.162,0,1,1,3.713572066704308,0.011454150045115854,2.05761316872428,6.172839506172839,0.023703703703703703,0.0711111111111111,0.023703703703703703,2.05761316872428,1.4285714285714286,0.04,0.4999999999999999,1
ASAP7,AND2X2,AND2x2_ASAP7_6t_L,B,Y,fall,320.0,0.09215999999999999,0.7,25.0,262.988,0.75,0.162,0.216,0,1,1,5.771441123130016,0.08815738673620516,6.172839506172839,4.62962962962963,0.5688888888888888,0.42666666666666664,0.42666666666666664,4.62962962962963,1.4285714285714286,0.04,-0.14285714285714285,1
ASAP7,NAND2X1,NAND2x1_ASAP7_6t_L,B,Y,rise,20.0,0.046079999999999996,0.7,25.0,236.355,0.5,0.108,0.216,0,1,1,3.044522437723423,0.04504984455370874,9.25925925925926,4.62962962962963,0.42666666666666664,0.21333333333333332,0.42666666666666664,9.25925925925926,1.4285714285714286,0.04,-0.3333333333333333,1
ASAP7,AND3X1,AND3x1_ASAP7_6t_L,B,Y,fall,80.0,0.0007199999999999999,0.7,25.0,26.2303,1.0,0.216,0.216,0,1,1,4.394449154672439,0.0007197409243488539,4.62962962962963,4.62962962962963,0.003333333333333333,0.003333333333333333,0.003333333333333333,4.62962962962963,1.4285714285714286,0.04,0.0,1
ASAP7,OR4X1,OR4x1_ASAP7_6t_L,B,Y,fall,10.0,0.0014399999999999999,0.7,25.0,35.6179,1.0,0.27,0.27,0,1,1,2.3978952727983707,0.0014389641942542826,3.7037037037037033,3.7037037037037033,0.005333333333333332,0.005333333333333332,0.005333333333333332,3.7037037037037033,1.4285714285714286,0.04,0.0,1
ASAP7,OR4X1,OR4x1_ASAP7_6t_L,D,Y,rise,160.0,0.0057599999999999995,0.7,25.0,52.2416,1.0,0.27,0.27,0,1,1,5.081404364984463,0.005743474627065725,3.7037037037037033,3.7037037037037033,0.02133333333333333,0.02133333333333333,0.02133333333333333,3.7037037037037033,1.4285714285714286,0.04,0.0,1
ASAP7,AND4X1,AND4x1_ASAP7_6t_L,D,Y,fall,5.0,0.0014399999999999999,0.7,25.0,18.7606,1.0,0.27,0.27,0,1,1,1.791759469228055,0.0014389641942542826,3.7037037037037033,3.7037037037037033,0.005333333333333332,0.005333333333333332,0.005333333333333332,3.7037037037037033,1.4285714285714286,0.04,0.0,1
ASAP7,NOR3X1,NOR3x1_ASAP7_6t_L,A,Y,fall,40.0,0.023039999999999998,0.7,25.0,110.519,3.0,0.486,0.162,0,1,1,3.713572066704308,0.022778586889339574,2.05761316872428,6.172839506172839,0.047407407407407405,0.1422222222222222,0.1422222222222222,6.172839506172839,1.4285714285714286,0.04,0.4999999999999999,1
ASAP7,OR4X2,OR4x2_ASAP7_6t_L,D,Y,rise,5.0,0.0028799999999999997,0.7,25.0,20.0998,1.3333333333333335,0.216,0.162,0,1,1,1.791759469228055,0.002875860745464264,4.62962962962963,6.172839506172839,0.013333333333333332,0.017777777777777774,0.013333333333333332,4.62962962962963,1.4285714285714286,0.04,0.14285714285714285,1
ASAP7,AND4X1,AND4x1_ASAP7_6t_L,C,Y,rise,160.0,0.0007199999999999999,0.7,25.0,38.2123,1.0,0.27,0.27,0,1,1,5.081404364984463,0.0007197409243488539,3.7037037037037033,3.7037037037037033,0.002666666666666666,0.002666666666666666,0.002666666666666666,3.7037037037037033,1.4285714285714286,0.04,0.0,1
ASAP7,BUFX4,BUFx4_ASAP7_6t_L,A,Y,rise,5.0,0.046079999999999996,0.7,25.0,72.0593,1.0,0.27,0.27,0,1,1,1.791759469228055,0.04504984455370874,3.7037037037037033,3.7037037037037033,0.17066666666666663,0.17066666666666663,0.17066666666666663,3.7037037037037033,1.4285714285714286,0.04,0.0,1
ASAP7,NAND3X2,NAND3x2_ASAP7_6t_L,C,Y,fall,10.0,0.011519999999999999,0.7,25.0,26.1073,0.33333333333333326,0.324,0.9720000000000002,0,1,1,2.3978952727983707,0.011454150045115854,3.0864197530864197,1.0288065843621397,0.03555555555555555,0.011851851851851848,0.011851851851851848,1.0288065843621397,1.4285714285714286,0.04,-0.5,1
ASAP7,NOR3X1,NOR3x1_ASAP7_6t_L,C,Y,fall,10.0,0.023039999999999998,0.7,25.0,105.474,3.0,0.486,0.162,0,1,1,2.3978952727983707,0.022778586889339574,2.05761316872428,6.172839506172839,0.047407407407407405,0.1422222222222222,0.1422222222222222,6.172839506172839,1.4285714285714286,0.04,0.4999999999999999,1
ASAP7,XOR2X2,XOR2x2_ASAP7_6t_L,A,Y,rise,40.0,0.0028799999999999997,0.7,25.0,27.4726,1.0,0.37799999999999995,0.37799999999999995,0,1,1,3.713572066704308,0.002875860745464264,2.645502645502646,2.645502645502646,0.00761904761904762,0.00761904761904762,0.00761904761904762,2.645502645502646,1.4285714285714286,0.04,0.0,1
ASAP7,NAND2X2,NAND2x2_ASAP7_6t_L,B,Y,rise,10.0,0.0057599999999999995,0.7,25.0,21.2625,0.5000000000000001,0.216,0.43199999999999994,0,1,1,2.3978952727983707,0.005743474627065725,4.62962962962963,2.3148148148148153,0.026666666666666665,0.013333333333333336,0.026666666666666665,4.62962962962963,1.4285714285714286,0.04,-0.3333333333333333,1
ASAP7,AND4X2,AND4x2_ASAP7_6t_L,B,Y,fall,160.0,0.0014399999999999999,0.7,25.0,37.1528,1.0,0.324,0.324,0,1,1,5.081404364984463,0.0014389641942542826,3.0864197530864197,3.0864197530864197,0.004444444444444444,0.004444444444444444,0.004444444444444444,3.0864197530864197,1.4285714285714286,0.04,0.0,1
ASAP7,AND3X2,AND3x2_ASAP7_6t_L,C,Y,rise,10.0,0.046079999999999996,0.7,25.0,139.486,1.0,0.27,0.27,0,1,1,2.3978952727983707,0.04504984455370874,3.7037037037037033,3.7037037037037033,0.17066666666666663,0.17066666666666663,0.17066666666666663,3.7037037037037033,1.4285714285714286,0.04,0.0,1
ASAP7,OR2X4,OR2x4_ASAP7_6t_L,A,Y,fall,10.0,0.046079999999999996,0.7,25.0,79.4555,1.0,0.324,0.324,0,1,1,2.3978952727983707,0.04504984455370874,3.0864197530864197,3.0864197530864197,0.1422222222222222,0.1422222222222222,0.1422222222222222,3.0864197530864197,1.4285714285714286,0.04,0.0,1
ASAP7,OR3X4,OR3x4_ASAP7_6t_L,B,Y,rise,160.0,0.011519999999999999,0.7,25.0,50.3152,1.0,0.37799999999999995,0.37799999999999995,0,1,1,5.081404364984463,0.011454150045115854,2.645502645502646,2.645502645502646,0.03047619047619048,0.03047619047619048,0.03047619047619048,2.645502645502646,1.4285714285714286,0.04,0.0,1
ASAP7,OR4X2,OR4x2_ASAP7_6t_L,C,Y,rise,10.0,0.0014399999999999999,0.7,25.0,17.1286,1.3333333333333335,0.216,0.162,0,1,1,2.3978952727983707,0.0014389641942542826,4.62962962962963,6.172839506172839,0.006666666666666666,0.008888888888888887,0.006666666666666666,4.62962962962963,1.4285714285714286,0.04,0.14285714285714285,1
ASAP7,OR4X2,OR4x2_ASAP7_6t_L,B,Y,fall,40.0,0.023039999999999998,0.7,25.0,95.5614,1.3333333333333335,0.216,0.162,0,1,1,3.713572066704308,0.022778586889339574,4.62962962962963,6.172839506172839,0.10666666666666666,0.1422222222222222,0.1422222222222222,6.172839506172839,1.4285714285714286,0.04,0.14285714285714285,1
ASAP7,XOR2X2,XOR2x2_ASAP7_6t_L,B,Y,fall,80.0,0.046079999999999996,0.7,25.0,131.599,1.0,0.37799999999999995,0.37799999999999995,0,1,1,4.394449154672439,0.04504984455370874,2.645502645502646,2.645502645502646,0.12190476190476192,0.12190476190476192,0.12190476190476192,2.645502645502646,1.4285714285714286,0.04,0.0,1
ASAP7,BUFX4,BUFx4_ASAP7_6t_L,A,Y,rise,160.0,0.011519999999999999,0.7,25.0,47.7517,1.0,0.27,0.27,0,1,1,5.081404364984463,0.011454150045115854,3.7037037037037033,3.7037037037037033,0.04266666666666666,0.04266666666666666,0.04266666666666666,3.7037037037037033,1.4285714285714286,0.04,0.0,1
ASAP7,NAND2X2,NAND2x2_ASAP7_6t_L,A,Y,rise,80.0,0.023039999999999998,0.7,25.0,87.5852,0.5000000000000001,0.216,0.43199999999999994,0,1,1,4.394449154672439,0.022778586889339574,4.62962962962963,2.3148148148148153,0.10666666666666666,0.053333333333333344,0.10666666666666666,4.62962962962963,1.4285714285714286,0.04,-0.3333333333333333,1
ASAP7,NOR2X2,NOR2x2_ASAP7_6t_L,A,Y,rise,40.0,0.011519999999999999,0.7,25.0,39.8842,1.9999999999999998,0.43199999999999994,0.216,0,1,1,3.713572066704308,0.011454150045115854,2.3148148148148153,4.62962962962963,0.026666666666666672,0.05333333333333333,0.026666666666666672,2.3148148148148153,1.4285714285714286,0.04,0.3333333333333333,1
ASAP7,AND3X1,AND3x1_ASAP7_6t_L,C,Y,rise,160.0,0.0014399999999999999,0.7,25.0,33.7414,1.0,0.216,0.216,0,1,1,5.081404364984463,0.0014389641942542826,4.62962962962963,4.62962962962963,0.006666666666666666,0.006666666666666666,0.006666666666666666,4.62962962962963,1.4285714285714286,0.04,0.0,1
ASAP7,OR4X2,OR4x2_ASAP7_6t_L,A,Y,fall,20.0,0.0014399999999999999,0.7,25.0,37.8855,1.3333333333333335,0.216,0.162,0,1,1,3.044522437723423,0.0014389641942542826,4.62962962962963,6.172839506172839,0.006666666666666666,0.008888888888888887,0.008888888888888887,6.172839506172839,1.4285714285714286,0.04,0.14285714285714285,1
ASAP7,OR2X2,OR2x2_ASAP7_6t_L,A,Y,fall,40.0,0.0014399999999999999,0.7,25.0,25.9217,1.3333333333333335,0.216,0.162,0,1,1,3.713572066704308,0.0014389641942542826,4.62962962962963,6.172839506172839,0.006666666666666666,0.008888888888888887,0.008888888888888887,6.172839506172839,1.4285714285714286,0.04,0.14285714285714285,1
ASAP7,OR3X2,OR3x2_ASAP7_6t_L,A,Y,rise,160.0,0.0057599999999999995,0.7,25.0,37.8798,1.0,0.27,0.27,0,1,1,5.081404364984463,0.005743474627065725,3.7037037037037033,3.7037037037037033,0.02133333333333333,0.02133333333333333,0.02133333333333333,3.7037037037037033,1.4285714285714286,0.04,0.0,1
ASAP7,AND4X2,AND4x2_ASAP7_6t_L,B,Y,rise,5.0,0.011519999999999999,0.7,25.0,60.0639,1.0,0.324,0.324,0,1,1,1.791759469228055,0.011454150045115854,3.0864197530864197,3.0864197530864197,0.03555555555555555,0.03555555555555555,0.03555555555555555,3.0864197530864197,1.4285714285714286,0.04,0.0,1
ASAP7,AND3X4,AND3x4_ASAP7_6t_L,C,Y,rise,10.0,0.023039999999999998,0.7,25.0,53.1528,0.7,0.37799999999999995,0.54,0,1,1,2.3978952727983707,0.022778586889339574,2.645502645502646,1.8518518518518516,0.06095238095238096,0.04266666666666666,0.06095238095238096,2.645502645502646,1.4285714285714286,0.04,-0.17647058823529424,1
ASAP7,AND3X4,AND3x4_ASAP7_6t_L,B,Y,fall,40.0,0.0057599999999999995,0.7,25.0,37.6348,0.7,0.37799999999999995,0.54,0,1,1,3.713572066704308,0.005743474627065725,2.645502645502646,1.8518518518518516,0.01523809523809524,0.010666666666666665,0.010666666666666665,1.8518518518518516,1.4285714285714286,0.04,-0.17647058823529424,1
ASAP7,NOR2X2,NOR2x2_ASAP7_6t_L,B,Y,rise,160.0,0.023039999999999998,0.7,25.0,101.259,1.9999999999999998,0.43199999999999994,0.216,0,1,1,5.081404364984463,0.022778586889339574,2.3148148148148153,4.62962962962963,0.053333333333333344,0.10666666666666666,0.053333333333333344,2.3148148148148153,1.4285714285714286,0.04,0.3333333333333333,1
ASAP7,AND3X4,AND3x4_ASAP7_6t_L,C,Y,fall,10.0,0.0057599999999999995,0.7,25.0,30.5901,0.7,0.37799999999999995,0.54,0,1,1,2.3978952727983707,0.005743474627065725,2.645502645502646,1.8518518518518516,0.01523809523809524,0.010666666666666665,0.010666666666666665,1.8518518518518516,1.4285714285714286,0.04,-0.17647058823529424,1
ASAP7,OR2X4,OR2x4_ASAP7_6t_L,B,Y,fall,5.0,0.09215999999999999,0.7,25.0,125.752,1.0,0.324,0.324,0,1,1,1.791759469228055,0.08815738673620516,3.0864197530864197,3.0864197530864197,0.2844444444444444,0.2844444444444444,0.2844444444444444,3.0864197530864197,1.4285714285714286,0.04,0.0,1
ASAP7,NAND3X1,NAND3x1_ASAP7_6t_L,B,Y,fall,20.0,0.0007199999999999999,0.7,25.0,9.72141,0.3333333333333333,0.162,0.486,0,1,1,3.044522437723423,0.0007197409243488539,6.172839506172839,2.05761316872428,0.004444444444444444,0.0014814814814814814,0.0014814814814814814,2.05761316872428,1.4285714285714286,0.04,-0.4999999999999999,1
ASAP7,AND2X2,AND2x2_ASAP7_6t_L,B,Y,rise,40.0,0.0057599999999999995,0.7,25.0,35.9989,0.75,0.162,0.216,0,1,1,3.713572066704308,0.005743474627065725,6.172839506172839,4.62962962962963,0.03555555555555555,0.026666666666666665,0.03555555555555555,6.172839506172839,1.4285714285714286,0.04,-0.14285714285714285,1
ASAP7,OR2X4,OR2x4_ASAP7_6t_L,B,Y,rise,40.0,0.023039999999999998,0.7,25.0,51.7519,1.0,0.324,0.324,0,1,1,3.713572066704308,0.022778586889339574,3.0864197530864197,3.0864197530864197,0.0711111111111111,0.0711111111111111,0.0711111111111111,3.0864197530864197,1.4285714285714286,0.04,0.0,1
ASAP7,INVX2,INVx2_ASAP7_6t_L,A,Y,fall,40.0,0.0014399999999999999,0.7,25.0,10.665,1.0,0.108,0.108,1,1,1,3.713572066704308,0.0014389641942542826,9.25925925925926,9.25925925925926,0.013333333333333332,0.013333333333333332,0.013333333333333332,9.25925925925926,1.4285714285714286,0.04,0.0,1
ASAP7,AND2X2,AND2x2_ASAP7_6t_L,B,Y,fall,320.0,0.023039999999999998,0.7,25.0,121.36,0.75,0.162,0.216,0,1,1,5.771441123130016,0.022778586889339574,6.172839506172839,4.62962962962963,0.1422222222222222,0.10666666666666666,0.10666666666666666,4.62962962962963,1.4285714285714286,0.04,-0.14285714285714285,1
ASAP7,NAND3X1,NAND3x1_ASAP7_6t_L,C,Y,rise,80.0,0.0007199999999999999,0.7,25.0,33.061,0.3333333333333333,0.162,0.486,0,1,1,4.394449154672439,0.0007197409243488539,6.172839506172839,2.05761316872428,0.004444444444444444,0.0014814814814814814,0.004444444444444444,6.172839506172839,1.4285714285714286,0.04,-0.4999999999999999,1
ASAP7,NAND3X1,NAND3x1_ASAP7_6t_L,A,Y,rise,5.0,0.046079999999999996,0.7,25.0,233.708,0.3333333333333333,0.162,0.486,0,1,1,1.791759469228055,0.04504984455370874,6.172839506172839,2.05761316872428,0.2844444444444444,0.09481481481481481,0.2844444444444444,6.172839506172839,1.4285714285714286,0.04,-0.4999999999999999,1
ASAP7,OR3X1,OR3x1_ASAP7_6t_L,C,Y,fall,320.0,0.011519999999999999,0.7,25.0,107.243,1.0,0.216,0.216,0,1,1,5.771441123130016,0.011454150045115854,4.62962962962963,4.62962962962963,0.05333333333333333,0.05333333333333333,0.05333333333333333,4.62962962962963,1.4285714285714286,0.04,0.0,1
ASAP7,XOR2X2,XOR2x2_ASAP7_6t_L,B,Y,fall,320.0,0.0028799999999999997,0.7,25.0,38.0686,1.0,0.37799999999999995,0.37799999999999995,0,1,1,5.771441123130016,0.002875860745464264,2.645502645502646,2.645502645502646,0.00761904761904762,0.00761904761904762,0.00761904761904762,2.645502645502646,1.4285714285714286,0.04,0.0,1
ASAP7,AND4X2,AND4x2_ASAP7_6t_L,D,Y,fall,40.0,0.09215999999999999,0.7,25.0,213.934,1.0,0.324,0.324,0,1,1,3.713572066704308,0.08815738673620516,3.0864197530864197,3.0864197530864197,0.2844444444444444,0.2844444444444444,0.2844444444444444,3.0864197530864197,1.4285714285714286,0.04,0.0,1
ASAP7,AND2X2,AND2x2_ASAP7_6t_L,B,Y,rise,20.0,0.0028799999999999997,0.7,25.0,25.3531,0.75,0.162,0.216,0,1,1,3.044522437723423,0.002875860745464264,6.172839506172839,4.62962962962963,0.017777777777777774,0.013333333333333332,0.017777777777777774,6.172839506172839,1.4285714285714286,0.04,-0.14285714285714285,1
ASAP7,INVX1,INVx1_ASAP7_6t_L,A,Y,fall,10.0,0.011519999999999999,0.7,25.0,51.9096,1.0,0.054,0.054,1,1,1,2.3978952727983707,0.011454150045115854,18.51851851851852,18.51851851851852,0.21333333333333332,0.21333333333333332,0.21333333333333332,18.51851851851852,1.4285714285714286,0.04,0.0,1
ASAP7,NAND2X1,NAND2x1_ASAP7_6t_L,A,Y,fall,10.0,0.0028799999999999997,0.7,25.0,15.6031,0.5,0.108,0.216,0,1,1,2.3978952727983707,0.002875860745464264,9.25925925925926,4.62962962962963,0.026666666666666665,0.013333333333333332,0.013333333333333332,4.62962962962963,1.4285714285714286,0.04,-0.3333333333333333,1
ASAP7,AND2X4,AND2x4_ASAP7_6t_L,B,Y,fall,320.0,0.011519999999999999,0.7,25.0,54.8934,1.0,0.43199999999999994,0.43199999999999994,0,1,1,5.771441123130016,0.011454150045115854,2.3148148148148153,2.3148148148148153,0.026666666666666672,0.026666666666666672,0.026666666666666672,2.3148148148148153,1.4285714285714286,0.04,0.0,1
ASAP7,AND4X2,AND4x2_ASAP7_6t_L,D,Y,fall,5.0,0.011519999999999999,0.7,25.0,39.2291,1.0,0.324,0.324,0,1,1,1.791759469228055,0.011454150045115854,3.0864197530864197,3.0864197530864197,0.03555555555555555,0.03555555555555555,0.03555555555555555,3.0864197530864197,1.4285714285714286,0.04,0.0,1
ASAP7,NAND2X2,NAND2x2_ASAP7_6t_L,A,Y,fall,5.0,0.011519999999999999,0.7,25.0,24.6527,0.5000000000000001,0.216,0.43199999999999994,0,1,1,1.791759469228055,0.011454150045115854,4.62962962962963,2.3148148148148153,0.05333333333333333,0.026666666666666672,0.026666666666666672,2.3148148148148153,1.4285714285714286,0.04,-0.3333333333333333,1
ASAP7,BUFX4,BUFx4_ASAP7_6t_L,A,Y,rise,320.0,0.046079999999999996,0.7,25.0,97.641,1.0,0.27,0.27,0,1,1,5.771441123130016,0.04504984455370874,3.7037037037037033,3.7037037037037033,0.17066666666666663,0.17066666666666663,0.17066666666666663,3.7037037037037033,1.4285714285714286,0.04,0.0,1
ASAP7,INVX1,INVx1_ASAP7_6t_L,A,Y,fall,160.0,0.0028799999999999997,0.7,25.0,37.4818,1.0,0.054,0.054,1,1,1,5.081404364984463,0.002875860745464264,18.51851851851852,18.51851851851852,0.05333333333333333,0.05333333333333333,0.05333333333333333,18.51851851851852,1.4285714285714286,0.04,0.0,1
ASAP7,AND3X1,AND3x1_ASAP7_6t_L,C,Y,fall,20.0,0.0057599999999999995,0.7,25.0,40.0049,1.0,0.216,0.216,0,1,1,3.044522437723423,0.005743474627065725,4.62962962962963,4.62962962962963,0.026666666666666665,0.026666666666666665,0.026666666666666665,4.62962962962963,1.4285714285714286,0.04,0.0,1
ASAP7,AND4X2,AND4x2_ASAP7_6t_L,B,Y,rise,80.0,0.011519999999999999,0.7,25.0,71.0538,1.0,0.324,0.324,0,1,1,4.394449154672439,0.011454150045115854,3.0864197530864197,3.0864197530864197,0.03555555555555555,0.03555555555555555,0.03555555555555555,3.0864197530864197,1.4285714285714286,0.04,0.0,1
ASAP7,XOR2X2,XOR2x2_ASAP7_6t_L,B,Y,fall,160.0,0.011519999999999999,0.7,25.0,53.4012,1.0,0.37799999999999995,0.37799999999999995,0,1,1,5.081404364984463,0.011454150045115854,2.645502645502646,2.645502645502646,0.03047619047619048,0.03047619047619048,0.03047619047619048,2.645502645502646,1.4285714285714286,0.04,0.0,1
ASAP7,BUFX4,BUFx4_ASAP7_6t_L,A,Y,rise,40.0,0.011519999999999999,0.7,25.0,36.875,1.0,0.27,0.27,0,1,1,3.713572066704308,0.011454150045115854,3.7037037037037033,3.7037037037037033,0.04266666666666666,0.04266666666666666,0.04266666666666666,3.7037037037037033,1.4285714285714286,0.04,0.0,1
ASAP7,NOR3X1,NOR3x1_ASAP7_6t_L,B,Y,rise,80.0,0.0007199999999999999,0.7,25.0,17.2919,3.0,0.486,0.162,0,1,1,4.394449154672439,0.0007197409243488539,2.05761316872428,6.172839506172839,0.0014814814814814814,0.004444444444444444,0.0014814814814814814,2.05761316872428,1.4285714285714286,0.04,0.4999999999999999,1
ASAP7,NOR2X1,NOR2x1_ASAP7_6t_L,B,Y,fall,10.0,0.0028799999999999997,0.7,25.0,17.9665,2.0,0.216,0.108,0,1,1,2.3978952727983707,0.002875860745464264,4.62962962962963,9.25925925925926,0.013333333333333332,0.026666666666666665,0.026666666666666665,9.25925925925926,1.4285714285714286,0.04,0.3333333333333333,1
ASAP7,NOR2X1,NOR2x1_ASAP7_6t_L,B,Y,fall,160.0,0.023039999999999998,0.7,25.0,143.805,2.0,0.216,0.108,0,1,1,5.081404364984463,0.022778586889339574,4.62962962962963,9.25925925925926,0.10666666666666666,0.21333333333333332,0.21333333333333332,9.25925925925926,1.4285714285714286,0.04,0.3333333333333333,1
ASAP7,AND3X1,AND3x1_ASAP7_6t_L,C,Y,fall,160.0,0.0028799999999999997,0.7,25.0,46.076,1.0,0.216,0.216,0,1,1,5.081404364984463,0.002875860745464264,4.62962962962963,4.62962962962963,0.013333333333333332,0.013333333333333332,0.013333333333333332,4.62962962962963,1.4285714285714286,0.04,0.0,1
ASAP7,INVX2,INVx2_ASAP7_6t_L,A,Y,rise,40.0,0.046079999999999996,0.7,25.0,127.468,1.0,0.108,0.108,1,1,1,3.713572066704308,0.04504984455370874,9.25925925925926,9.25925925925926,0.42666666666666664,0.42666666666666664,0.42666666666666664,9.25925925925926,1.4285714285714286,0.04,0.0,1
ASAP7,NOR2X1,NOR2x1_ASAP7_6t_L,A,Y,rise,160.0,0.011519999999999999,0.7,25.0,88.7148,2.0,0.216,0.108,0,1,1,5.081404364984463,0.011454150045115854,4.62962962962963,9.25925925925926,0.05333333333333333,0.10666666666666666,0.05333333333333333,4.62962962962963,1.4285714285714286,0.04,0.3333333333333333,1
ASAP7,OR3X2,OR3x2_ASAP7_6t_L,C,Y,fall,5.0,0.046079999999999996,0.7,25.0,127.574,1.0,0.27,0.27,0,1,1,1.791759469228055,0.04504984455370874,3.7037037037037033,3.7037037037037033,0.17066666666666663,0.17066666666666663,0.17066666666666663,3.7037037037037033,1.4285714285714286,0.04,0.0,1
ASAP7,AND3X2,AND3x2_ASAP7_6t_L,B,Y,rise,320.0,0.0057599999999999995,0.7,25.0,64.9246,1.0,0.27,0.27,0,1,1,5.771441123130016,0.005743474627065725,3.7037037037037033,3.7037037037037033,0.02133333333333333,0.02133333333333333,0.02133333333333333,3.7037037037037033,1.4285714285714286,0.04,0.0,1
ASAP7,NOR3X1,NOR3x1_ASAP7_6t_L,B,Y,rise,160.0,0.023039999999999998,0.7,25.0,144.34,3.0,0.486,0.162,0,1,1,5.081404364984463,0.022778586889339574,2.05761316872428,6.172839506172839,0.047407407407407405,0.1422222222222222,0.047407407407407405,2.05761316872428,1.4285714285714286,0.04,0.4999999999999999,1
ASAP7,OR4X1,OR4x1_ASAP7_6t_L,B,Y,fall,320.0,0.0007199999999999999,0.7,25.0,77.9356,1.0,0.27,0.27,0,1,1,5.771441123130016,0.0007197409243488539,3.7037037037037033,3.7037037037037033,0.002666666666666666,0.002666666666666666,0.002666666666666666,3.7037037037037033,1.4285714285714286,0.04,0.0,1
ASAP7,AND4X1,AND4x1_ASAP7_6t_L,C,Y,fall,20.0,0.0028799999999999997,0.7,25.0,28.4483,1.0,0.27,0.27,0,1,1,3.044522437723423,0.002875860745464264,3.7037037037037033,3.7037037037037033,0.010666666666666665,0.010666666666666665,0.010666666666666665,3.7037037037037033,1.4285714285714286,0.04,0.0,1
ASAP7,OR2X2,OR2x2_ASAP7_6t_L,B,Y,fall,160.0,0.09215999999999999,0.7,25.0,231.516,1.3333333333333335,0.216,0.162,0,1,1,5.081404364984463,0.08815738673620516,4.62962962962963,6.172839506172839,0.42666666666666664,0.5688888888888888,0.5688888888888888,6.172839506172839,1.4285714285714286,0.04,0.14285714285714285,1
ASAP7,INVX4,INVx4_ASAP7_6t_L,A,Y,fall,20.0,0.011519999999999999,0.7,25.0,19.1064,1.0,0.216,0.216,1,1,1,3.044522437723423,0.011454150045115854,4.62962962962963,4.62962962962963,0.05333333333333333,0.05333333333333333,0.05333333333333333,4.62962962962963,1.4285714285714286,0.04,0.0,1
ASAP7,OR4X1,OR4x1_ASAP7_6t_L,A,Y,rise,5.0,0.0028799999999999997,0.7,25.0,24.1684,1.0,0.27,0.27,0,1,1,1.791759469228055,0.002875860745464264,3.7037037037037033,3.7037037037037033,0.010666666666666665,0.010666666666666665,0.010666666666666665,3.7037037037037033,1.4285714285714286,0.04,0.0,1
ASAP7,NAND3X2,NAND3x2_ASAP7_6t_L,C,Y,rise,320.0,0.0014399999999999999,0.7,25.0,73.2594,0.33333333333333326,0.324,0.9720000000000002,0,1,1,5.771441123130016,0.0014389641942542826,3.0864197530864197,1.0288065843621397,0.004444444444444444,0.001481481481481481,0.004444444444444444,3.0864197530864197,1.4285714285714286,0.04,-0.5,1
ASAP7,AND4X1,AND4x1_ASAP7_6t_L,B,Y,fall,40.0,0.023039999999999998,0.7,25.0,113.975,1.0,0.27,0.27,0,1,1,3.713572066704308,0.022778586889339574,3.7037037037037033,3.7037037037037033,0.08533333333333332,0.08533333333333332,0.08533333333333332,3.7037037037037033,1.4285714285714286,0.04,0.0,1
ASAP7,AND3X2,AND3x2_ASAP7_6t_L,B,Y,rise,20.0,0.0028799999999999997,0.7,25.0,32.2754,1.0,0.27,0.27,0,1,1,3.044522437723423,0.002875860745464264,3.7037037037037033,3.7037037037037033,0.010666666666666665,0.010666666666666665,0.010666666666666665,3.7037037037037033,1.4285714285714286,0.04,0.0,1
ASAP7,OR3X4,OR3x4_ASAP7_6t_L,B,Y,fall,5.0,0.0028799999999999997,0.7,25.0,41.5441,1.0,0.37799999999999995,0.37799999999999995,0,1,1,1.791759469228055,0.002875860745464264,2.645502645502646,2.645502645502646,0.00761904761904762,0.00761904761904762,0.00761904761904762,2.645502645502646,1.4285714285714286,0.04,0.0,1
ASAP7,AND3X1,AND3x1_ASAP7_6t_L,B,Y,fall,320.0,0.023039999999999998,0.7,25.0,136.689,1.0,0.216,0.216,0,1,1,5.771441123130016,0.022778586889339574,4.62962962962963,4.62962962962963,0.10666666666666666,0.10666666666666666,0.10666666666666666,4.62962962962963,1.4285714285714286,0.04,0.0,1
ASAP7,XOR2X2,XOR2x2_ASAP7_6t_L,B,Y,rise,5.0,0.09215999999999999,0.7,25.0,243.13,1.0,0.37799999999999995,0.37799999999999995,0,1,1,1.791759469228055,0.08815738673620516,2.645502645502646,2.645502645502646,0.24380952380952384,0.24380952380952384,0.24380952380952384,2.645502645502646,1.4285714285714286,0.04,0.0,1
ASAP7,AND3X2,AND3x2_ASAP7_6t_L,A,Y,rise,160.0,0.023039999999999998,0.7,25.0,103.619,1.0,0.27,0.27,0,1,1,5.081404364984463,0.022778586889339574,3.7037037037037033,3.7037037037037033,0.08533333333333332,0.08533333333333332,0.08533333333333332,3.7037037037037033,1.4285714285714286,0.04,0.0,1
ASAP7,OR2X2,OR2x2_ASAP7_6t_L,B,Y,fall,10.0,0.0028799999999999997,0.7,25.0,24.7564,1.3333333333333335,0.216,0.162,0,1,1,2.3978952727983707,0.002875860745464264,4.62962962962963,6.172839506172839,0.013333333333333332,0.017777777777777774,0.017777777777777774,6.172839506172839,1.4285714285714286,0.04,0.14285714285714285,1
ASAP7,OR4X2,OR4x2_ASAP7_6t_L,B,Y,fall,20.0,0.0057599999999999995,0.7,25.0,52.873,1.3333333333333335,0.216,0.162,0,1,1,3.044522437723423,0.005743474627065725,4.62962962962963,6.172839506172839,0.026666666666666665,0.03555555555555555,0.03555555555555555,6.172839506172839,1.4285714285714286,0.04,0.14285714285714285,1
ASAP7,AND3X2,AND3x2_ASAP7_6t_L,B,Y,rise,5.0,0.0028799999999999997,0.7,25.0,30.0754,1.0,0.27,0.27,0,1,1,1.791759469228055,0.002875860745464264,3.7037037037037033,3.7037037037037033,0.010666666666666665,0.010666666666666665,0.010666666666666665,3.7037037037037033,1.4285714285714286,0.04,0.0,1
ASAP7,AND4X1,AND4x1_ASAP7_6t_L,D,Y,fall,320.0,0.0007199999999999999,0.7,25.0,48.6917,1.0,0.27,0.27,0,1,1,5.771441123130016,0.0007197409243488539,3.7037037037037033,3.7037037037037033,0.002666666666666666,0.002666666666666666,0.002666666666666666,3.7037037037037033,1.4285714285714286,0.04,0.0,1
ASAP7,OR3X2,OR3x2_ASAP7_6t_L,C,Y,rise,10.0,0.023039999999999998,0.7,25.0,70.9366,1.0,0.27,0.27,0,1,1,2.3978952727983707,0.022778586889339574,3.7037037037037033,3.7037037037037033,0.08533333333333332,0.08533333333333332,0.08533333333333332,3.7037037037037033,1.4285714285714286,0.04,0.0,1
ASAP7,NAND3X1,NAND3x1_ASAP7_6t_L,B,Y,rise,320.0,0.0057599999999999995,0.7,25.0,113.292,0.3333333333333333,0.162,0.486,0,1,1,5.771441123130016,0.005743474627065725,6.172839506172839,2.05761316872428,0.03555555555555555,0.011851851851851851,0.03555555555555555,6.172839506172839,1.4285714285714286,0.04,-0.4999999999999999,1
ASAP7,XOR2X2,XOR2x2_ASAP7_6t_L,A,Y,fall,20.0,0.011519999999999999,0.7,25.0,47.456,1.0,0.37799999999999995,0.37799999999999995,0,1,1,3.044522437723423,0.011454150045115854,2.645502645502646,2.645502645502646,0.03047619047619048,0.03047619047619048,0.03047619047619048,2.645502645502646,1.4285714285714286,0.04,0.0,1
ASAP7,NOR3X1,NOR3x1_ASAP7_6t_L,B,Y,rise,10.0,0.0057599999999999995,0.7,25.0,35.1978,3.0,0.486,0.162,0,1,1,2.3978952727983707,0.005743474627065725,2.05761316872428,6.172839506172839,0.011851851851851851,0.03555555555555555,0.011851851851851851,2.05761316872428,1.4285714285714286,0.04,0.4999999999999999,1
ASAP7,AND4X1,AND4x1_ASAP7_6t_L,B,Y,fall,320.0,0.0007199999999999999,0.7,25.0,38.6874,1.0,0.27,0.27,0,1,1,5.771441123130016,0.0007197409243488539,3.7037037037037033,3.7037037037037033,0.002666666666666666,0.002666666666666666,0.002666666666666666,3.7037037037037033,1.4285714285714286,0.04,0.0,1
ASAP7,OR4X2,OR4x2_ASAP7_6t_L,A,Y,rise,40.0,0.023039999999999998,0.7,25.0,75.134,1.3333333333333335,0.216,0.162,0,1,1,3.713572066704308,0.022778586889339574,4.62962962962963,6.172839506172839,0.10666666666666666,0.1422222222222222,0.10666666666666666,4.62962962962963,1.4285714285714286,0.04,0.14285714285714285,1
ASAP7,XOR2X2,XOR2x2_ASAP7_6t_L,A,Y,rise,20.0,0.0057599999999999995,0.7,25.0,39.6602,1.0,0.37799999999999995,0.37799999999999995,0,1,1,3.044522437723423,0.005743474627065725,2.645502645502646,2.645502645502646,0.01523809523809524,0.01523809523809524,0.01523809523809524,2.645502645502646,1.4285714285714286,0.04,0.0,1
ASAP7,NAND3X1,NAND3x1_ASAP7_6t_L,B,Y,fall,160.0,0.0007199999999999999,0.7,25.0,8.63183,0.3333333333333333,0.162,0.486,0,1,1,5.081404364984463,0.0007197409243488539,6.172839506172839,2.05761316872428,0.004444444444444444,0.0014814814814814814,0.0014814814814814814,2.05761316872428,1.4285714285714286,0.04,-0.4999999999999999,1
ASAP7,NOR3X1,NOR3x1_ASAP7_6t_L,C,Y,fall,40.0,0.0014399999999999999,0.7,25.0,23.8837,3.0,0.486,0.162,0,1,1,3.713572066704308,0.0014389641942542826,2.05761316872428,6.172839506172839,0.002962962962962963,0.008888888888888887,0.008888888888888887,6.172839506172839,1.4285714285714286,0.04,0.4999999999999999,1
ASAP7,AND3X4,AND3x4_ASAP7_6t_L,B,Y,fall,40.0,0.18431999999999998,0.7,25.0,223.244,0.7,0.37799999999999995,0.54,0,1,1,3.713572066704308,0.16916877021565407,2.645502645502646,1.8518518518518516,0.4876190476190477,0.34133333333333327,0.34133333333333327,1.8518518518518516,1.4285714285714286,0.04,-0.17647058823529424,1
ASAP7,OR4X2,OR4x2_ASAP7_6t_L,D,Y,fall,5.0,0.011519999999999999,0.7,25.0,66.7395,1.3333333333333335,0.216,0.162,0,1,1,1.791759469228055,0.011454150045115854,4.62962962962963,6.172839506172839,0.05333333333333333,0.0711111111111111,0.0711111111111111,6.172839506172839,1.4285714285714286,0.04,0.14285714285714285,1
ASAP7,AND2X4,AND2x4_ASAP7_6t_L,B,Y,rise,5.0,0.0057599999999999995,0.7,25.0,21.9348,1.0,0.43199999999999994,0.43199999999999994,0,1,1,1.791759469228055,0.005743474627065725,2.3148148148148153,2.3148148148148153,0.013333333333333336,0.013333333333333336,0.013333333333333336,2.3148148148148153,1.4285714285714286,0.04,0.0,1
ASAP7,AND3X4,AND3x4_ASAP7_6t_L,A,Y,fall,20.0,0.023039999999999998,0.7,25.0,48.3558,0.7,0.37799999999999995,0.54,0,1,1,3.044522437723423,0.022778586889339574,2.645502645502646,1.8518518518518516,0.06095238095238096,0.04266666666666666,0.04266666666666666,1.8518518518518516,1.4285714285714286,0.04,-0.17647058823529424,1
ASAP7,OR4X1,OR4x1_ASAP7_6t_L,A,Y,fall,320.0,0.0028799999999999997,0.7,25.0,96.3629,1.0,0.27,0.27,0,1,1,5.771441123130016,0.002875860745464264,3.7037037037037033,3.7037037037037033,0.010666666666666665,0.010666666666666665,0.010666666666666665,3.7037037037037033,1.4285714285714286,0.04,0.0,1
ASAP7,OR3X4,OR3x4_ASAP7_6t_L,C,Y,rise,320.0,0.011519999999999999,0.7,25.0,58.5498,1.0,0.37799999999999995,0.37799999999999995,0,1,1,5.771441123130016,0.011454150045115854,2.645502645502646,2.645502645502646,0.03047619047619048,0.03047619047619048,0.03047619047619048,2.645502645502646,1.4285714285714286,0.04,0.0,1
ASAP7,NAND3X1,NAND3x1_ASAP7_6t_L,C,Y,rise,40.0,0.023039999999999998,0.7,25.0,134.981,0.3333333333333333,0.162,0.486,0,1,1,3.713572066704308,0.022778586889339574,6.172839506172839,2.05761316872428,0.1422222222222222,0.047407407407407405,0.1422222222222222,6.172839506172839,1.4285714285714286,0.04,-0.4999999999999999,1
ASAP7,OR4X1,OR4x1_ASAP7_6t_L,D,Y,rise,160.0,0.0007199999999999999,0.7,25.0,26.681,1.0,0.27,0.27,0,1,1,5.081404364984463,0.0007197409243488539,3.7037037037037033,3.7037037037037033,0.002666666666666666,0.002666666666666666,0.002666666666666666,3.7037037037037033,1.4285714285714286,0.04,0.0,1
ASAP7,AND3X1,AND3x1_ASAP7_6t_L,B,Y,fall,320.0,0.0014399999999999999,0.7,25.0,45.9258,1.0,0.216,0.216,0,1,1,5.771441123130016,0.0014389641942542826,4.62962962962963,4.62962962962963,0.006666666666666666,0.006666666666666666,0.006666666666666666,4.62962962962963,1.4285714285714286,0.04,0.0,1
ASAP7,INVX2,INVx2_ASAP7_6t_L,A,Y,rise,40.0,0.0028799999999999997,0.7,25.0,19.4389,1.0,0.108,0.108,1,1,1,3.713572066704308,0.002875860745464264,9.25925925925926,9.25925925925926,0.026666666666666665,0.026666666666666665,0.026666666666666665,9.25925925925926,1.4285714285714286,0.04,0.0,1
ASAP7,NAND2X1,NAND2x1_ASAP7_6t_L,A,Y,fall,10.0,0.023039999999999998,0.7,25.0,85.4303,0.5,0.108,0.216,0,1,1,2.3978952727983707,0.022778586889339574,9.25925925925926,4.62962962962963,0.21333333333333332,0.10666666666666666,0.10666666666666666,4.62962962962963,1.4285714285714286,0.04,-0.3333333333333333,1
ASAP7,BUFX8,BUFx8_ASAP7_6t_L,A,Y,fall,40.0,0.023039999999999998,0.7,25.0,37.8777,1.0,0.54,0.54,0,1,1,3.713572066704308,0.022778586889339574,1.8518518518518516,1.8518518518518516,0.04266666666666666,0.04266666666666666,0.04266666666666666,1.8518518518518516,1.4285714285714286,0.04,0.0,1
ASAP7,OR4X1,OR4x1_ASAP7_6t_L,B,Y,rise,10.0,0.023039999999999998,0.7,25.0,124.982,1.0,0.27,0.27,0,1,1,2.3978952727983707,0.022778586889339574,3.7037037037037033,3.7037037037037033,0.08533333333333332,0.08533333333333332,0.08533333333333332,3.7037037037037033,1.4285714285714286,0.04,0.0,1
ASAP7,AND4X2,AND4x2_ASAP7_6t_L,C,Y,rise,160.0,0.09215999999999999,0.7,25.0,274.426,1.0,0.324,0.324,0,1,1,5.081404364984463,0.08815738673620516,3.0864197530864197,3.0864197530864197,0.2844444444444444,0.2844444444444444,0.2844444444444444,3.0864197530864197,1.4285714285714286,0.04,0.0,1
ASAP7,NAND2X1,NAND2x1_ASAP7_6t_L,B,Y,rise,40.0,0.0014399999999999999,0.7,25.0,21.7379,0.5,0.108,0.216,0,1,1,3.713572066704308,0.0014389641942542826,9.25925925925926,4.62962962962963,0.013333333333333332,0.006666666666666666,0.013333333333333332,9.25925925925926,1.4285714285714286,0.04,-0.3333333333333333,1
ASAP7,INVX8,INVx8_ASAP7_6t_L,A,Y,fall,20.0,0.046079999999999996,0.7,25.0,31.4488,1.0,0.43199999999999994,0.43199999999999994,1,1,1,3.044522437723423,0.04504984455370874,2.3148148148148153,2.3148148148148153,0.10666666666666669,0.10666666666666669,0.10666666666666669,2.3148148148148153,1.4285714285714286,0.04,0.0,1
ASAP7,AND4X1,AND4x1_ASAP7_6t_L,A,Y,rise,320.0,0.0007199999999999999,0.7,25.0,59.6367,1.0,0.27,0.27,0,1,1,5.771441123130016,0.0007197409243488539,3.7037037037037033,3.7037037037037033,0.002666666666666666,0.002666666666666666,0.002666666666666666,3.7037037037037033,1.4285714285714286,0.04,0.0,1
ASAP7,AND4X2,AND4x2_ASAP7_6t_L,A,Y,fall,320.0,0.0057599999999999995,0.7,25.0,53.4376,1.0,0.324,0.324,0,1,1,5.771441123130016,0.005743474627065725,3.0864197530864197,3.0864197530864197,0.017777777777777774,0.017777777777777774,0.017777777777777774,3.0864197530864197,1.4285714285714286,0.04,0.0,1
ASAP7,AND4X1,AND4x1_ASAP7_6t_L,D,Y,rise,320.0,0.046079999999999996,0.7,25.0,268.46,1.0,0.27,0.27,0,1,1,5.771441123130016,0.04504984455370874,3.7037037037037033,3.7037037037037033,0.17066666666666663,0.17066666666666663,0.17066666666666663,3.7037037037037033,1.4285714285714286,0.04,0.0,1
ASAP7,NOR3X2,NOR3x2_ASAP7_6t_L,B,Y,fall,40.0,0.0057599999999999995,0.7,25.0,29.4741,3.0000000000000004,0.9720000000000002,0.324,0,1,1,3.713572066704308,0.005743474627065725,1.0288065843621397,3.0864197530864197,0.005925925925925924,0.017777777777777774,0.017777777777777774,3.0864197530864197,1.4285714285714286,0.04,0.5,1
ASAP7,AND4X2,AND4x2_ASAP7_6t_L,A,Y,fall,20.0,0.011519999999999999,0.7,25.0,41.2591,1.0,0.324,0.324,0,1,1,3.044522437723423,0.011454150045115854,3.0864197530864197,3.0864197530864197,0.03555555555555555,0.03555555555555555,0.03555555555555555,3.0864197530864197,1.4285714285714286,0.04,0.0,1
ASAP7,OR3X1,OR3x1_ASAP7_6t_L,A,Y,fall,5.0,0.046079999999999996,0.7,25.0,213.201,1.0,0.216,0.216,0,1,1,1.791759469228055,0.04504984455370874,4.62962962962963,4.62962962962963,0.21333333333333332,0.21333333333333332,0.21333333333333332,4.62962962962963,1.4285714285714286,0.04,0.0,1
ASAP7,AND2X2,AND2x2_ASAP7_6t_L,A,Y,fall,160.0,0.011519999999999999,0.7,25.0,79.3999,0.75,0.162,0.216,0,1,1,5.081404364984463,0.011454150045115854,6.172839506172839,4.62962962962963,0.0711111111111111,0.05333333333333333,0.05333333333333333,4.62962962962963,1.4285714285714286,0.04,-0.14285714285714285,1
ASAP7,AND4X2,AND4x2_ASAP7_6t_L,B,Y,fall,80.0,0.09215999999999999,0.7,25.0,217.943,1.0,0.324,0.324,0,1,1,4.394449154672439,0.08815738673620516,3.0864197530864197,3.0864197530864197,0.2844444444444444,0.2844444444444444,0.2844444444444444,3.0864197530864197,1.4285714285714286,0.04,0.0,1
ASAP7,INVX8,INVx8_ASAP7_6t_L,A,Y,rise,5.0,0.011519999999999999,0.7,25.0,10.6333,1.0,0.43199999999999994,0.43199999999999994,1,1,1,1.791759469228055,0.011454150045115854,2.3148148148148153,2.3148148148148153,0.026666666666666672,0.026666666666666672,0.026666666666666672,2.3148148148148153,1.4285714285714286,0.04,0.0,1
ASAP7,NAND2X2,NAND2x2_ASAP7_6t_L,A,Y,fall,20.0,0.011519999999999999,0.7,25.0,27.1707,0.5000000000000001,0.216,0.43199999999999994,0,1,1,3.044522437723423,0.011454150045115854,4.62962962962963,2.3148148148148153,0.05333333333333333,0.026666666666666672,0.026666666666666672,2.3148148148148153,1.4285714285714286,0.04,-0.3333333333333333,1
ASAP7,AND4X1,AND4x1_ASAP7_6t_L,D,Y,rise,320.0,0.0057599999999999995,0.7,25.0,67.3611,1.0,0.27,0.27,0,1,1,5.771441123130016,0.005743474627065725,3.7037037037037033,3.7037037037037033,0.02133333333333333,0.02133333333333333,0.02133333333333333,3.7037037037037033,1.4285714285714286,0.04,0.0,1
ASAP7,NOR2X1,NOR2x1_ASAP7_6t_L,A,Y,fall,40.0,0.011519999999999999,0.7,25.0,63.2122,2.0,0.216,0.108,0,1,1,3.713572066704308,0.011454150045115854,4.62962962962963,9.25925925925926,0.05333333333333333,0.10666666666666666,0.10666666666666666,9.25925925925926,1.4285714285714286,0.04,0.3333333333333333,1
ASAP7,NOR2X1,NOR2x1_ASAP7_6t_L,A,Y,rise,5.0,0.046079999999999996,0.7,25.0,219.79,2.0,0.216,0.108,0,1,1,1.791759469228055,0.04504984455370874,4.62962962962963,9.25925925925926,0.21333333333333332,0.42666666666666664,0.21333333333333332,4.62962962962963,1.4285714285714286,0.04,0.3333333333333333,1
ASAP7,NOR2X1,NOR2x1_ASAP7_6t_L,A,Y,fall,10.0,0.023039999999999998,0.7,25.0,101.962,2.0,0.216,0.108,0,1,1,2.3978952727983707,0.022778586889339574,4.62962962962963,9.25925925925926,0.10666666666666666,0.21333333333333332,0.21333333333333332,9.25925925925926,1.4285714285714286,0.04,0.3333333333333333,1
ASAP7,OR2X4,OR2x4_ASAP7_6t_L,A,Y,fall,320.0,0.046079999999999996,0.7,25.0,121.888,1.0,0.324,0.324,0,1,1,5.771441123130016,0.04504984455370874,3.0864197530864197,3.0864197530864197,0.1422222222222222,0.1422222222222222,0.1422222222222222,3.0864197530864197,1.4285714285714286,0.04,0.0,1
ASAP7,NOR2X1,NOR2x1_ASAP7_6t_L,B,Y,fall,5.0,0.0007199999999999999,0.7,25.0,7.54906,2.0,0.216,0.108,0,1,1,1.791759469228055,0.0007197409243488539,4.62962962962963,9.25925925925926,0.003333333333333333,0.006666666666666666,0.006666666666666666,9.25925925925926,1.4285714285714286,0.04,0.3333333333333333,1
ASAP7,NAND3X2,NAND3x2_ASAP7_6t_L,B,Y,fall,320.0,0.011519999999999999,0.7,25.0,43.4593,0.33333333333333326,0.324,0.9720000000000002,0,1,1,5.771441123130016,0.011454150045115854,3.0864197530864197,1.0288065843621397,0.03555555555555555,0.011851851851851848,0.011851851851851848,1.0288065843621397,1.4285714285714286,0.04,-0.5,1
ASAP7,AND4X1,AND4x1_ASAP7_6t_L,A,Y,fall,10.0,0.011519999999999999,0.7,25.0,59.7943,1.0,0.27,0.27,0,1,1,2.3978952727983707,0.011454150045115854,3.7037037037037033,3.7037037037037033,0.04266666666666666,0.04266666666666666,0.04266666666666666,3.7037037037037033,1.4285714285714286,0.04,0.0,1
ASAP7,AND2X2,AND2x2_ASAP7_6t_L,A,Y,rise,20.0,0.0028799999999999997,0.7,25.0,24.2471,0.75,0.162,0.216,0,1,1,3.044522437723423,0.002875860745464264,6.172839506172839,4.62962962962963,0.017777777777777774,0.013333333333333332,0.017777777777777774,6.172839506172839,1.4285714285714286,0.04,-0.14285714285714285,1
ASAP7,NAND3X2,NAND3x2_ASAP7_6t_L,B,Y,fall,160.0,0.046079999999999996,0.7,25.0,108.175,0.33333333333333326,0.324,0.9720000000000002,0,1,1,5.081404364984463,0.04504984455370874,3.0864197530864197,1.0288065843621397,0.1422222222222222,0.04740740740740739,0.04740740740740739,1.0288065843621397,1.4285714285714286,0.04,-0.5,1
ASAP7,OR4X2,OR4x2_ASAP7_6t_L,C,Y,fall,80.0,0.0028799999999999997,0.7,25.0,53.8232,1.3333333333333335,0.216,0.162,0,1,1,4.394449154672439,0.002875860745464264,4.62962962962963,6.172839506172839,0.013333333333333332,0.017777777777777774,0.017777777777777774,6.172839506172839,1.4285714285714286,0.04,0.14285714285714285,1
ASAP7,NOR3X1,NOR3x1_ASAP7_6t_L,B,Y,fall,320.0,0.0057599999999999995,0.7,25.0,87.6135,3.0,0.486,0.162,0,1,1,5.771441123130016,0.005743474627065725,2.05761316872428,6.172839506172839,0.011851851851851851,0.03555555555555555,0.03555555555555555,6.172839506172839,1.4285714285714286,0.04,0.4999999999999999,1
ASAP7,INVX8,INVx8_ASAP7_6t_L,A,Y,fall,160.0,0.18431999999999998,0.7,25.0,143.988,1.0,0.43199999999999994,0.43199999999999994,1,1,1,5.081404364984463,0.16916877021565407,2.3148148148148153,2.3148148148148153,0.42666666666666675,0.42666666666666675,0.42666666666666675,2.3148148148148153,1.4285714285714286,0.04,0.0,1
ASAP7,OR2X4,OR2x4_ASAP7_6t_L,A,Y,rise,40.0,0.023039999999999998,0.7,25.0,52.4926,1.0,0.324,0.324,0,1,1,3.713572066704308,0.022778586889339574,3.0864197530864197,3.0864197530864197,0.0711111111111111,0.0711111111111111,0.0711111111111111,3.0864197530864197,1.4285714285714286,0.04,0.0,1
ASAP7,XOR2X2,XOR2x2_ASAP7_6t_L,B,Y,rise,5.0,0.0014399999999999999,0.7,25.0,18.3142,1.0,0.37799999999999995,0.37799999999999995,0,1,1,1.791759469228055,0.0014389641942542826,2.645502645502646,2.645502645502646,0.00380952380952381,0.00380952380952381,0.00380952380952381,2.645502645502646,1.4285714285714286,0.04,0.0,1
ASAP7,AND4X2,AND4x2_ASAP7_6t_L,D,Y,rise,320.0,0.0028799999999999997,0.7,25.0,49.1591,1.0,0.324,0.324,0,1,1,5.771441123130016,0.002875860745464264,3.0864197530864197,3.0864197530864197,0.008888888888888887,0.008888888888888887,0.008888888888888887,3.0864197530864197,1.4285714285714286,0.04,0.0,1
ASAP7,NAND2X1,NAND2x1_ASAP7_6t_L,A,Y,rise,20.0,0.046079999999999996,0.7,25.0,238.108,0.5,0.108,0.216,0,1,1,3.044522437723423,0.04504984455370874,9.25925925925926,4.62962962962963,0.42666666666666664,0.21333333333333332,0.42666666666666664,9.25925925925926,1.4285714285714286,0.04,-0.3333333333333333,1
ASAP7,NOR3X1,NOR3x1_ASAP7_6t_L,A,Y,rise,320.0,0.011519999999999999,0.7,25.0,121.368,3.0,0.486,0.162,0,1,1,5.771441123130016,0.011454150045115854,2.05761316872428,6.172839506172839,0.023703703703703703,0.0711111111111111,0.023703703703703703,2.05761316872428,1.4285714285714286,0.04,0.4999999999999999,1
ASAP7,AND2X2,AND2x2_ASAP7_6t_L,A,Y,rise,10.0,0.0014399999999999999,0.7,25.0,18.7574,0.75,0.162,0.216,0,1,1,2.3978952727983707,0.0014389641942542826,6.172839506172839,4.62962962962963,0.008888888888888887,0.006666666666666666,0.008888888888888887,6.172839506172839,1.4285714285714286,0.04,-0.14285714285714285,1
ASAP7,AND3X2,AND3x2_ASAP7_6t_L,B,Y,rise,320.0,0.0028799999999999997,0.7,25.0,56.0387,1.0,0.27,0.27,0,1,1,5.771441123130016,0.002875860745464264,3.7037037037037033,3.7037037037037033,0.010666666666666665,0.010666666666666665,0.010666666666666665,3.7037037037037033,1.4285714285714286,0.04,0.0,1
ASAP7,OR4X1,OR4x1_ASAP7_6t_L,A,Y,rise,80.0,0.0028799999999999997,0.7,25.0,31.2503,1.0,0.27,0.27,0,1,1,4.394449154672439,0.002875860745464264,3.7037037037037033,3.7037037037037033,0.010666666666666665,0.010666666666666665,0.010666666666666665,3.7037037037037033,1.4285714285714286,0.04,0.0,1
ASAP7,OR4X1,OR4x1_ASAP7_6t_L,C,Y,rise,80.0,0.0014399999999999999,0.7,25.0,26.8239,1.0,0.27,0.27,0,1,1,4.394449154672439,0.0014389641942542826,3.7037037037037033,3.7037037037037033,0.005333333333333332,0.005333333333333332,0.005333333333333332,3.7037037037037033,1.4285714285714286,0.04,0.0,1
ASAP7,OR4X2,OR4x2_ASAP7_6t_L,D,Y,fall,10.0,0.09215999999999999,0.7,25.0,234.528,1.3333333333333335,0.216,0.162,0,1,1,2.3978952727983707,0.08815738673620516,4.62962962962963,6.172839506172839,0.42666666666666664,0.5688888888888888,0.5688888888888888,6.172839506172839,1.4285714285714286,0.04,0.14285714285714285,1
ASAP7,XOR2X2,XOR2x2_ASAP7_6t_L,A,Y,fall,80.0,0.0028799999999999997,0.7,25.0,37.2009,1.0,0.37799999999999995,0.37799999999999995,0,1,1,4.394449154672439,0.002875860745464264,2.645502645502646,2.645502645502646,0.00761904761904762,0.00761904761904762,0.00761904761904762,2.645502645502646,1.4285714285714286,0.04,0.0,1
ASAP7,BUFX4,BUFx4_ASAP7_6t_L,A,Y,rise,10.0,0.09215999999999999,0.7,25.0,130.385,1.0,0.27,0.27,0,1,1,2.3978952727983707,0.08815738673620516,3.7037037037037033,3.7037037037037033,0.34133333333333327,0.34133333333333327,0.34133333333333327,3.7037037037037033,1.4285714285714286,0.04,0.0,1
ASAP7,NAND3X1,NAND3x1_ASAP7_6t_L,A,Y,rise,20.0,0.011519999999999999,0.7,25.0,68.2733,0.3333333333333333,0.162,0.486,0,1,1,3.044522437723423,0.011454150045115854,6.172839506172839,2.05761316872428,0.0711111111111111,0.023703703703703703,0.0711111111111111,6.172839506172839,1.4285714285714286,0.04,-0.4999999999999999,1
ASAP7,OR3X4,OR3x4_ASAP7_6t_L,A,Y,fall,160.0,0.09215999999999999,0.7,25.0,178.548,1.0,0.37799999999999995,0.37799999999999995,0,1,1,5.081404364984463,0.08815738673620516,2.645502645502646,2.645502645502646,0.24380952380952384,0.24380952380952384,0.24380952380952384,2.645502645502646,1.4285714285714286,0.04,0.0,1
ASAP7,NAND3X1,NAND3x1_ASAP7_6t_L,B,Y,rise,320.0,0.0014399999999999999,0.7,25.0,73.1536,0.3333333333333333,0.162,0.486,0,1,1,5.771441123130016,0.0014389641942542826,6.172839506172839,2.05761316872428,0.008888888888888887,0.002962962962962963,0.008888888888888887,6.172839506172839,1.4285714285714286,0.04,-0.4999999999999999,1
ASAP7,AND4X1,AND4x1_ASAP7_6t_L,C,Y,fall,5.0,0.0014399999999999999,0.7,25.0,18.1851,1.0,0.27,0.27,0,1,1,1.791759469228055,0.0014389641942542826,3.7037037037037033,3.7037037037037033,0.005333333333333332,0.005333333333333332,0.005333333333333332,3.7037037037037033,1.4285714285714286,0.04,0.0,1
ASAP7,NAND3X1,NAND3x1_ASAP7_6t_L,B,Y,fall,160.0,0.011519999999999999,0.7,25.0,65.5553,0.3333333333333333,0.162,0.486,0,1,1,5.081404364984463,0.011454150045115854,6.172839506172839,2.05761316872428,0.0711111111111111,0.023703703703703703,0.023703703703703703,2.05761316872428,1.4285714285714286,0.04,-0.4999999999999999,1
ASAP7,AND3X2,AND3x2_ASAP7_6t_L,C,Y,rise,320.0,0.0028799999999999997,0.7,25.0,44.4553,1.0,0.27,0.27,0,1,1,5.771441123130016,0.002875860745464264,3.7037037037037033,3.7037037037037033,0.010666666666666665,0.010666666666666665,0.010666666666666665,3.7037037037037033,1.4285714285714286,0.04,0.0,1
ASAP7,AND2X2,AND2x2_ASAP7_6t_L,B,Y,fall,40.0,0.0057599999999999995,0.7,25.0,41.1329,0.75,0.162,0.216,0,1,1,3.713572066704308,0.005743474627065725,6.172839506172839,4.62962962962963,0.03555555555555555,0.026666666666666665,0.026666666666666665,4.62962962962963,1.4285714285714286,0.04,-0.14285714285714285,1
ASAP7,NOR2X2,NOR2x2_ASAP7_6t_L,A,Y,fall,40.0,0.09215999999999999,0.7,25.0,205.1,1.9999999999999998,0.43199999999999994,0.216,0,1,1,3.713572066704308,0.08815738673620516,2.3148148148148153,4.62962962962963,0.21333333333333337,0.42666666666666664,0.42666666666666664,4.62962962962963,1.4285714285714286,0.04,0.3333333333333333,1
ASAP7,NOR3X2,NOR3x2_ASAP7_6t_L,C,Y,fall,320.0,0.09215999999999999,0.7,25.0,293.323,3.0000000000000004,0.9720000000000002,0.324,0,1,1,5.771441123130016,0.08815738673620516,1.0288065843621397,3.0864197530864197,0.09481481481481478,0.2844444444444444,0.2844444444444444,3.0864197530864197,1.4285714285714286,0.04,0.5,1
ASAP7,NAND3X1,NAND3x1_ASAP7_6t_L,B,Y,fall,40.0,0.023039999999999998,0.7,25.0,87.614,0.3333333333333333,0.162,0.486,0,1,1,3.713572066704308,0.022778586889339574,6.172839506172839,2.05761316872428,0.1422222222222222,0.047407407407407405,0.047407407407407405,2.05761316872428,1.4285714285714286,0.04,-0.4999999999999999,1
ASAP7,OR3X4,OR3x4_ASAP7_6t_L,A,Y,rise,40.0,0.0057599999999999995,0.7,25.0,31.5562,1.0,0.37799999999999995,0.37799999999999995,0,1,1,3.713572066704308,0.005743474627065725,2.645502645502646,2.645502645502646,0.01523809523809524,0.01523809523809524,0.01523809523809524,2.645502645502646,1.4285714285714286,0.04,0.0,1
ASAP7,NAND2X1,NAND2x1_ASAP7_6t_L,A,Y,fall,80.0,0.011519999999999999,0.7,25.0,56.7655,0.5,0.108,0.216,0,1,1,4.394449154672439,0.011454150045115854,9.25925925925926,4.62962962962963,0.10666666666666666,0.05333333333333333,0.05333333333333333,4.62962962962963,1.4285714285714286,0.04,-0.3333333333333333,1
ASAP7,NOR2X1,NOR2x1_ASAP7_6t_L,A,Y,fall,10.0,0.011519999999999999,0.7,25.0,54.7089,2.0,0.216,0.108,0,1,1,2.3978952727983707,0.011454150045115854,4.62962962962963,9.25925925925926,0.05333333333333333,0.10666666666666666,0.10666666666666666,9.25925925925926,1.4285714285714286,0.04,0.3333333333333333,1
ASAP7,NOR3X2,NOR3x2_ASAP7_6t_L,A,Y,fall,5.0,0.09215999999999999,0.7,25.0,196.694,3.0000000000000004,0.9720000000000002,0.324,0,1,1,1.791759469228055,0.08815738673620516,1.0288065843621397,3.0864197530864197,0.09481481481481478,0.2844444444444444,0.2844444444444444,3.0864197530864197,1.4285714285714286,0.04,0.5,1
ASAP7,AND3X4,AND3x4_ASAP7_6t_L,A,Y,fall,320.0,0.0057599999999999995,0.7,25.0,74.0447,0.7,0.37799999999999995,0.54,0,1,1,5.771441123130016,0.005743474627065725,2.645502645502646,1.8518518518518516,0.01523809523809524,0.010666666666666665,0.010666666666666665,1.8518518518518516,1.4285714285714286,0.04,-0.17647058823529424,1
ASAP7,NAND3X2,NAND3x2_ASAP7_6t_L,A,Y,fall,20.0,0.0057599999999999995,0.7,25.0,18.1074,0.33333333333333326,0.324,0.9720000000000002,0,1,1,3.044522437723423,0.005743474627065725,3.0864197530864197,1.0288065843621397,0.017777777777777774,0.005925925925925924,0.005925925925925924,1.0288065843621397,1.4285714285714286,0.04,-0.5,1
ASAP7,NAND3X1,NAND3x1_ASAP7_6t_L,B,Y,fall,80.0,0.0014399999999999999,0.7,25.0,15.4129,0.3333333333333333,0.162,0.486,0,1,1,4.394449154672439,0.0014389641942542826,6.172839506172839,2.05761316872428,0.008888888888888887,0.002962962962962963,0.002962962962962963,2.05761316872428,1.4285714285714286,0.04,-0.4999999999999999,1
ASAP7,INVX8,INVx8_ASAP7_6t_L,A,Y,rise,20.0,0.046079999999999996,0.7,25.0,37.0077,1.0,0.43199999999999994,0.43199999999999994,1,1,1,3.044522437723423,0.04504984455370874,2.3148148148148153,2.3148148148148153,0.10666666666666669,0.10666666666666669,0.10666666666666669,2.3148148148148153,1.4285714285714286,0.04,0.0,1
ASAP7,OR3X1,OR3x1_ASAP7_6t_L,B,Y,rise,20.0,0.0057599999999999995,0.7,25.0,41.9883,1.0,0.216,0.216,0,1,1,3.044522437723423,0.005743474627065725,4.62962962962963,4.62962962962963,0.026666666666666665,0.026666666666666665,0.026666666666666665,4.62962962962963,1.4285714285714286,0.04,0.0,1
ASAP7,AND4X2,AND4x2_ASAP7_6t_L,B,Y,fall,40.0,0.0028799999999999997,0.7,25.0,28.3708,1.0,0.324,0.324,0,1,1,3.713572066704308,0.002875860745464264,3.0864197530864197,3.0864197530864197,0.008888888888888887,0.008888888888888887,0.008888888888888887,3.0864197530864197,1.4285714285714286,0.04,0.0,1
ASAP7,OR3X2,OR3x2_ASAP7_6t_L,B,Y,fall,20.0,0.023039999999999998,0.7,25.0,81.9626,1.0,0.27,0.27,0,1,1,3.044522437723423,0.022778586889339574,3.7037037037037033,3.7037037037037033,0.08533333333333332,0.08533333333333332,0.08533333333333332,3.7037037037037033,1.4285714285714286,0.04,0.0,1
ASAP7,NAND3X1,NAND3x1_ASAP7_6t_L,A,Y,rise,160.0,0.0014399999999999999,0.7,25.0,43.7759,0.3333333333333333,0.162,0.486,0,1,1,5.081404364984463,0.0014389641942542826,6.172839506172839,2.05761316872428,0.008888888888888887,0.002962962962962963,0.008888888888888887,6.172839506172839,1.4285714285714286,0.04,-0.4999999999999999,1
ASAP7,AND3X2,AND3x2_ASAP7_6t_L,A,Y,fall,320.0,0.046079999999999996,0.7,25.0,139.181,1.0,0.27,0.27,0,1,1,5.771441123130016,0.04504984455370874,3.7037037037037033,3.7037037037037033,0.17066666666666663,0.17066666666666663,0.17066666666666663,3.7037037037037033,1.4285714285714286,0.04,0.0,1
ASAP7,OR4X1,OR4x1_ASAP7_6t_L,D,Y,fall,160.0,0.0014399999999999999,0.7,25.0,51.6666,1.0,0.27,0.27,0,1,1,5.081404364984463,0.0014389641942542826,3.7037037037037033,3.7037037037037033,0.005333333333333332,0.005333333333333332,0.005333333333333332,3.7037037037037033,1.4285714285714286,0.04,0.0,1
ASAP7,NAND2X1,NAND2x1_ASAP7_6t_L,B,Y,fall,20.0,0.0014399999999999999,0.7,25.0,12.4068,0.5,0.108,0.216,0,1,1,3.044522437723423,0.0014389641942542826,9.25925925925926,4.62962962962963,0.013333333333333332,0.006666666666666666,0.006666666666666666,4.62962962962963,1.4285714285714286,0.04,-0.3333333333333333,1
ASAP7,OR4X1,OR4x1_ASAP7_6t_L,C,Y,fall,320.0,0.046079999999999996,0.7,25.0,266.265,1.0,0.27,0.27,0,1,1,5.771441123130016,0.04504984455370874,3.7037037037037033,3.7037037037037033,0.17066666666666663,0.17066666666666663,0.17066666666666663,3.7037037037037033,1.4285714285714286,0.04,0.0,1
ASAP7,OR4X2,OR4x2_ASAP7_6t_L,A,Y,fall,80.0,0.023039999999999998,0.7,25.0,105.224,1.3333333333333335,0.216,0.162,0,1,1,4.394449154672439,0.022778586889339574,4.62962962962963,6.172839506172839,0.10666666666666666,0.1422222222222222,0.1422222222222222,6.172839506172839,1.4285714285714286,0.04,0.14285714285714285,1
ASAP7,OR3X2,OR3x2_ASAP7_6t_L,A,Y,rise,80.0,0.0057599999999999995,0.7,25.0,35.2994,1.0,0.27,0.27,0,1,1,4.394449154672439,0.005743474627065725,3.7037037037037033,3.7037037037037033,0.02133333333333333,0.02133333333333333,0.02133333333333333,3.7037037037037033,1.4285714285714286,0.04,0.0,1
ASAP7,BUFX4,BUFx4_ASAP7_6t_L,A,Y,rise,10.0,0.011519999999999999,0.7,25.0,30.3451,1.0,0.27,0.27,0,1,1,2.3978952727983707,0.011454150045115854,3.7037037037037033,3.7037037037037033,0.04266666666666666,0.04266666666666666,0.04266666666666666,3.7037037037037033,1.4285714285714286,0.04,0.0,1
ASAP7,XOR2X2,XOR2x2_ASAP7_6t_L,A,Y,fall,160.0,0.023039999999999998,0.7,25.0,89.8648,1.0,0.37799999999999995,0.37799999999999995,0,1,1,5.081404364984463,0.022778586889339574,2.645502645502646,2.645502645502646,0.06095238095238096,0.06095238095238096,0.06095238095238096,2.645502645502646,1.4285714285714286,0.04,0.0,1
ASAP7,BUFX2,BUFx2_ASAP7_6t_L,A,Y,rise,80.0,0.0028799999999999997,0.7,25.0,35.7479,1.0,0.135,0.135,0,1,1,4.394449154672439,0.002875860745464264,7.4074074074074066,7.4074074074074066,0.02133333333333333,0.02133333333333333,0.02133333333333333,7.4074074074074066,1.4285714285714286,0.04,0.0,1
ASAP7,OR4X2,OR4x2_ASAP7_6t_L,B,Y,rise,320.0,0.0028799999999999997,0.7,25.0,32.1093,1.3333333333333335,0.216,0.162,0,1,1,5.771441123130016,0.002875860745464264,4.62962962962963,6.172839506172839,0.013333333333333332,0.017777777777777774,0.013333333333333332,4.62962962962963,1.4285714285714286,0.04,0.14285714285714285,1
ASAP7,NAND3X1,NAND3x1_ASAP7_6t_L,B,Y,rise,20.0,0.046079999999999996,0.7,25.0,240.505,0.3333333333333333,0.162,0.486,0,1,1,3.044522437723423,0.04504984455370874,6.172839506172839,2.05761316872428,0.2844444444444444,0.09481481481481481,0.2844444444444444,6.172839506172839,1.4285714285714286,0.04,-0.4999999999999999,1
ASAP7,AND4X1,AND4x1_ASAP7_6t_L,D,Y,rise,10.0,0.0057599999999999995,0.7,25.0,55.0531,1.0,0.27,0.27,0,1,1,2.3978952727983707,0.005743474627065725,3.7037037037037033,3.7037037037037033,0.02133333333333333,0.02133333333333333,0.02133333333333333,3.7037037037037033,1.4285714285714286,0.04,0.0,1
ASAP7,NOR3X2,NOR3x2_ASAP7_6t_L,B,Y,fall,10.0,0.0028799999999999997,0.7,25.0,15.0143,3.0000000000000004,0.9720000000000002,0.324,0,1,1,2.3978952727983707,0.002875860745464264,1.0288065843621397,3.0864197530864197,0.002962962962962962,0.008888888888888887,0.008888888888888887,3.0864197530864197,1.4285714285714286,0.04,0.5,1
ASAP7,NOR2X1,NOR2x1_ASAP7_6t_L,A,Y,rise,10.0,0.023039999999999998,0.7,25.0,114.111,2.0,0.216,0.108,0,1,1,2.3978952727983707,0.022778586889339574,4.62962962962963,9.25925925925926,0.10666666666666666,0.21333333333333332,0.10666666666666666,4.62962962962963,1.4285714285714286,0.04,0.3333333333333333,1
ASAP7,AND2X2,AND2x2_ASAP7_6t_L,A,Y,fall,20.0,0.0057599999999999995,0.7,25.0,36.9417,0.75,0.162,0.216,0,1,1,3.044522437723423,0.005743474627065725,6.172839506172839,4.62962962962963,0.03555555555555555,0.026666666666666665,0.026666666666666665,4.62962962962963,1.4285714285714286,0.04,-0.14285714285714285,1
ASAP7,NAND3X1,NAND3x1_ASAP7_6t_L,B,Y,rise,160.0,0.023039999999999998,0.7,25.0,172.172,0.3333333333333333,0.162,0.486,0,1,1,5.081404364984463,0.022778586889339574,6.172839506172839,2.05761316872428,0.1422222222222222,0.047407407407407405,0.1422222222222222,6.172839506172839,1.4285714285714286,0.04,-0.4999999999999999,1
ASAP7,INVX4,INVx4_ASAP7_6t_L,A,Y,fall,320.0,0.023039999999999998,0.7,25.0,72.0121,1.0,0.216,0.216,1,1,1,5.771441123130016,0.022778586889339574,4.62962962962963,4.62962962962963,0.10666666666666666,0.10666666666666666,0.10666666666666666,4.62962962962963,1.4285714285714286,0.04,0.0,1
ASAP7,AND3X1,AND3x1_ASAP7_6t_L,B,Y,rise,320.0,0.0028799999999999997,0.7,25.0,56.1328,1.0,0.216,0.216,0,1,1,5.771441123130016,0.002875860745464264,4.62962962962963,4.62962962962963,0.013333333333333332,0.013333333333333332,0.013333333333333332,4.62962962962963,1.4285714285714286,0.04,0.0,1
ASAP7,NOR3X2,NOR3x2_ASAP7_6t_L,C,Y,rise,40.0,0.09215999999999999,0.7,25.0,227.538,3.0000000000000004,0.9720000000000002,0.324,0,1,1,3.713572066704308,0.08815738673620516,1.0288065843621397,3.0864197530864197,0.09481481481481478,0.2844444444444444,0.09481481481481478,1.0288065843621397,1.4285714285714286,0.04,0.5,1
ASAP7,AND4X2,AND4x2_ASAP7_6t_L,D,Y,fall,40.0,0.0014399999999999999,0.7,25.0,26.5081,1.0,0.324,0.324,0,1,1,3.713572066704308,0.0014389641942542826,3.0864197530864197,3.0864197530864197,0.004444444444444444,0.004444444444444444,0.004444444444444444,3.0864197530864197,1.4285714285714286,0.04,0.0,1
ASAP7,AND4X2,AND4x2_ASAP7_6t_L,C,Y,rise,80.0,0.023039999999999998,0.7,25.0,97.258,1.0,0.324,0.324,0,1,1,4.394449154672439,0.022778586889339574,3.0864197530864197,3.0864197530864197,0.0711111111111111,0.0711111111111111,0.0711111111111111,3.0864197530864197,1.4285714285714286,0.04,0.0,1
ASAP7,NOR2X2,NOR2x2_ASAP7_6t_L,A,Y,fall,320.0,0.011519999999999999,0.7,25.0,82.9713,1.9999999999999998,0.43199999999999994,0.216,0,1,1,5.771441123130016,0.011454150045115854,2.3148148148148153,4.62962962962963,0.026666666666666672,0.05333333333333333,0.05333333333333333,4.62962962962963,1.4285714285714286,0.04,0.3333333333333333,1
ASAP7,OR4X1,OR4x1_ASAP7_6t_L,B,Y,fall,40.0,0.023039999999999998,0.7,25.0,133.34,1.0,0.27,0.27,0,1,1,3.713572066704308,0.022778586889339574,3.7037037037037033,3.7037037037037033,0.08533333333333332,0.08533333333333332,0.08533333333333332,3.7037037037037033,1.4285714285714286,0.04,0.0,1
ASAP7,INVX4,INVx4_ASAP7_6t_L,A,Y,fall,10.0,0.011519999999999999,0.7,25.0,16.2374,1.0,0.216,0.216,1,1,1,2.3978952727983707,0.011454150045115854,4.62962962962963,4.62962962962963,0.05333333333333333,0.05333333333333333,0.05333333333333333,4.62962962962963,1.4285714285714286,0.04,0.0,1
ASAP7,XOR2X2,XOR2x2_ASAP7_6t_L,A,Y,fall,5.0,0.0028799999999999997,0.7,25.0,25.0258,1.0,0.37799999999999995,0.37799999999999995,0,1,1,1.791759469228055,0.002875860745464264,2.645502645502646,2.645502645502646,0.00761904761904762,0.00761904761904762,0.00761904761904762,2.645502645502646,1.4285714285714286,0.04,0.0,1
ASAP7,OR3X1,OR3x1_ASAP7_6t_L,C,Y,fall,40.0,0.0028799999999999997,0.7,25.0,40.4002,1.0,0.216,0.216,0,1,1,3.713572066704308,0.002875860745464264,4.62962962962963,4.62962962962963,0.013333333333333332,0.013333333333333332,0.013333333333333332,4.62962962962963,1.4285714285714286,0.04,0.0,1
ASAP7,OR4X1,OR4x1_ASAP7_6t_L,C,Y,rise,320.0,0.046079999999999996,0.7,25.0,248.802,1.0,0.27,0.27,0,1,1,5.771441123130016,0.04504984455370874,3.7037037037037033,3.7037037037037033,0.17066666666666663,0.17066666666666663,0.17066666666666663,3.7037037037037033,1.4285714285714286,0.04,0.0,1
ASAP7,AND4X2,AND4x2_ASAP7_6t_L,D,Y,rise,5.0,0.046079999999999996,0.7,25.0,147.143,1.0,0.324,0.324,0,1,1,1.791759469228055,0.04504984455370874,3.0864197530864197,3.0864197530864197,0.1422222222222222,0.1422222222222222,0.1422222222222222,3.0864197530864197,1.4285714285714286,0.04,0.0,1
ASAP7,OR4X2,OR4x2_ASAP7_6t_L,C,Y,fall,160.0,0.0014399999999999999,0.7,25.0,59.2676,1.3333333333333335,0.216,0.162,0,1,1,5.081404364984463,0.0014389641942542826,4.62962962962963,6.172839506172839,0.006666666666666666,0.008888888888888887,0.008888888888888887,6.172839506172839,1.4285714285714286,0.04,0.14285714285714285,1
ASAP7,NAND3X2,NAND3x2_ASAP7_6t_L,B,Y,rise,20.0,0.0014399999999999999,0.7,25.0,16.846,0.33333333333333326,0.324,0.9720000000000002,0,1,1,3.044522437723423,0.0014389641942542826,3.0864197530864197,1.0288065843621397,0.004444444444444444,0.001481481481481481,0.004444444444444444,3.0864197530864197,1.4285714285714286,0.04,-0.5,1
ASAP7,NOR2X1,NOR2x1_ASAP7_6t_L,A,Y,fall,80.0,0.0028799999999999997,0.7,25.0,34.947,2.0,0.216,0.108,0,1,1,4.394449154672439,0.002875860745464264,4.62962962962963,9.25925925925926,0.013333333333333332,0.026666666666666665,0.026666666666666665,9.25925925925926,1.4285714285714286,0.04,0.3333333333333333,1
ASAP7,XOR2X2,XOR2x2_ASAP7_6t_L,A,Y,rise,80.0,0.0028799999999999997,0.7,25.0,39.3004,1.0,0.37799999999999995,0.37799999999999995,0,1,1,4.394449154672439,0.002875860745464264,2.645502645502646,2.645502645502646,0.00761904761904762,0.00761904761904762,0.00761904761904762,2.645502645502646,1.4285714285714286,0.04,0.0,1
ASAP7,XOR2X2,XOR2x2_ASAP7_6t_L,B,Y,rise,160.0,0.011519999999999999,0.7,25.0,54.4292,1.0,0.37799999999999995,0.37799999999999995,0,1,1,5.081404364984463,0.011454150045115854,2.645502645502646,2.645502645502646,0.03047619047619048,0.03047619047619048,0.03047619047619048,2.645502645502646,1.4285714285714286,0.04,0.0,1
ASAP7,OR3X4,OR3x4_ASAP7_6t_L,A,Y,rise,5.0,0.09215999999999999,0.7,25.0,131.534,1.0,0.37799999999999995,0.37799999999999995,0,1,1,1.791759469228055,0.08815738673620516,2.645502645502646,2.645502645502646,0.24380952380952384,0.24380952380952384,0.24380952380952384,2.645502645502646,1.4285714285714286,0.04,0.0,1
ASAP7,OR2X4,OR2x4_ASAP7_6t_L,B,Y,rise,80.0,0.011519999999999999,0.7,25.0,42.0355,1.0,0.324,0.324,0,1,1,4.394449154672439,0.011454150045115854,3.0864197530864197,3.0864197530864197,0.03555555555555555,0.03555555555555555,0.03555555555555555,3.0864197530864197,1.4285714285714286,0.04,0.0,1
ASAP7,AND3X1,AND3x1_ASAP7_6t_L,B,Y,rise,40.0,0.046079999999999996,0.7,25.0,250.658,1.0,0.216,0.216,0,1,1,3.713572066704308,0.04504984455370874,4.62962962962963,4.62962962962963,0.21333333333333332,0.21333333333333332,0.21333333333333332,4.62962962962963,1.4285714285714286,0.04,0.0,1
ASAP7,INVX1,INVx1_ASAP7_6t_L,A,Y,fall,5.0,0.0014399999999999999,0.7,25.0,9.13391,1.0,0.054,0.054,1,1,1,1.791759469228055,0.0014389641942542826,18.51851851851852,18.51851851851852,0.026666666666666665,0.026666666666666665,0.026666666666666665,18.51851851851852,1.4285714285714286,0.04,0.0,1
ASAP7,NOR3X1,NOR3x1_ASAP7_6t_L,C,Y,fall,160.0,0.011519999999999999,0.7,25.0,99.766,3.0,0.486,0.162,0,1,1,5.081404364984463,0.011454150045115854,2.05761316872428,6.172839506172839,0.023703703703703703,0.0711111111111111,0.0711111111111111,6.172839506172839,1.4285714285714286,0.04,0.4999999999999999,1
ASAP7,OR3X1,OR3x1_ASAP7_6t_L,C,Y,fall,5.0,0.0014399999999999999,0.7,25.0,29.1682,1.0,0.216,0.216,0,1,1,1.791759469228055,0.0014389641942542826,4.62962962962963,4.62962962962963,0.006666666666666666,0.006666666666666666,0.006666666666666666,4.62962962962963,1.4285714285714286,0.04,0.0,1
ASAP7,AND3X2,AND3x2_ASAP7_6t_L,C,Y,rise,10.0,0.0014399999999999999,0.7,25.0,26.1692,1.0,0.27,0.27,0,1,1,2.3978952727983707,0.0014389641942542826,3.7037037037037033,3.7037037037037033,0.005333333333333332,0.005333333333333332,0.005333333333333332,3.7037037037037033,1.4285714285714286,0.04,0.0,1
ASAP7,OR4X1,OR4x1_ASAP7_6t_L,C,Y,rise,320.0,0.0007199999999999999,0.7,25.0,24.0781,1.0,0.27,0.27,0,1,1,5.771441123130016,0.0007197409243488539,3.7037037037037033,3.7037037037037033,0.002666666666666666,0.002666666666666666,0.002666666666666666,3.7037037037037033,1.4285714285714286,0.04,0.0,1
ASAP7,OR4X2,OR4x2_ASAP7_6t_L,D,Y,rise,320.0,0.0057599999999999995,0.7,25.0,46.339,1.3333333333333335,0.216,0.162,0,1,1,5.771441123130016,0.005743474627065725,4.62962962962963,6.172839506172839,0.026666666666666665,0.03555555555555555,0.026666666666666665,4.62962962962963,1.4285714285714286,0.04,0.14285714285714285,1
ASAP7,NAND3X1,NAND3x1_ASAP7_6t_L,A,Y,rise,10.0,0.046079999999999996,0.7,25.0,235.391,0.3333333333333333,0.162,0.486,0,1,1,2.3978952727983707,0.04504984455370874,6.172839506172839,2.05761316872428,0.2844444444444444,0.09481481481481481,0.2844444444444444,6.172839506172839,1.4285714285714286,0.04,-0.4999999999999999,1
ASAP7,NAND2X1,NAND2x1_ASAP7_6t_L,B,Y,rise,160.0,0.0007199999999999999,0.7,25.0,32.0684,0.5,0.108,0.216,0,1,1,5.081404364984463,0.0007197409243488539,9.25925925925926,4.62962962962963,0.006666666666666666,0.003333333333333333,0.006666666666666666,9.25925925925926,1.4285714285714286,0.04,-0.3333333333333333,1
ASAP7,OR3X2,OR3x2_ASAP7_6t_L,B,Y,fall,5.0,0.011519999999999999,0.7,25.0,55.1703,1.0,0.27,0.27,0,1,1,1.791759469228055,0.011454150045115854,3.7037037037037033,3.7037037037037033,0.04266666666666666,0.04266666666666666,0.04266666666666666,3.7037037037037033,1.4285714285714286,0.04,0.0,1
ASAP7,NAND3X1,NAND3x1_ASAP7_6t_L,A,Y,fall,10.0,0.0028799999999999997,0.7,25.0,15.2026,0.3333333333333333,0.162,0.486,0,1,1,2.3978952727983707,0.002875860745464264,6.172839506172839,2.05761316872428,0.017777777777777774,0.005925925925925926,0.005925925925925926,2.05761316872428,1.4285714285714286,0.04,-0.4999999999999999,1
ASAP7,OR4X2,OR4x2_ASAP7_6t_L,A,Y,fall,20.0,0.09215999999999999,0.7,25.0,232.524,1.3333333333333335,0.216,0.162,0,1,1,3.044522437723423,0.08815738673620516,4.62962962962963,6.172839506172839,0.42666666666666664,0.5688888888888888,0.5688888888888888,6.172839506172839,1.4285714285714286,0.04,0.14285714285714285,1
ASAP7,BUFX2,BUFx2_ASAP7_6t_L,A,Y,fall,160.0,0.09215999999999999,0.7,25.0,237.525,1.0,0.135,0.135,0,1,1,5.081404364984463,0.08815738673620516,7.4074074074074066,7.4074074074074066,0.6826666666666665,0.6826666666666665,0.6826666666666665,7.4074074074074066,1.4285714285714286,0.04,0.0,1
ASAP7,NOR3X2,NOR3x2_ASAP7_6t_L,A,Y,fall,320.0,0.09215999999999999,0.7,25.0,288.642,3.0000000000000004,0.9720000000000002,0.324,0,1,1,5.771441123130016,0.08815738673620516,1.0288065843621397,3.0864197530864197,0.09481481481481478,0.2844444444444444,0.2844444444444444,3.0864197530864197,1.4285714285714286,0.04,0.5,1
ASAP7,OR4X1,OR4x1_ASAP7_6t_L,A,Y,fall,20.0,0.0014399999999999999,0.7,25.0,35.7435,1.0,0.27,0.27,0,1,1,3.044522437723423,0.0014389641942542826,3.7037037037037033,3.7037037037037033,0.005333333333333332,0.005333333333333332,0.005333333333333332,3.7037037037037033,1.4285714285714286,0.04,0.0,1
ASAP7,NOR3X1,NOR3x1_ASAP7_6t_L,C,Y,rise,80.0,0.0028799999999999997,0.7,25.0,29.1608,3.0,0.486,0.162,0,1,1,4.394449154672439,0.002875860745464264,2.05761316872428,6.172839506172839,0.005925925925925926,0.017777777777777774,0.005925925925925926,2.05761316872428,1.4285714285714286,0.04,0.4999999999999999,1
ASAP7,NOR3X1,NOR3x1_ASAP7_6t_L,A,Y,rise,320.0,0.0057599999999999995,0.7,25.0,79.3324,3.0,0.486,0.162,0,1,1,5.771441123130016,0.005743474627065725,2.05761316872428,6.172839506172839,0.011851851851851851,0.03555555555555555,0.011851851851851851,2.05761316872428,1.4285714285714286,0.04,0.4999999999999999,1
ASAP7,OR3X2,OR3x2_ASAP7_6t_L,C,Y,fall,80.0,0.046079999999999996,0.7,25.0,136.841,1.0,0.27,0.27,0,1,1,4.394449154672439,0.04504984455370874,3.7037037037037033,3.7037037037037033,0.17066666666666663,0.17066666666666663,0.17066666666666663,3.7037037037037033,1.4285714285714286,0.04,0.0,1
ASAP7,INVX8,INVx8_ASAP7_6t_L,A,Y,rise,160.0,0.011519999999999999,0.7,25.0,34.8267,1.0,0.43199999999999994,0.43199999999999994,1,1,1,5.081404364984463,0.011454150045115854,2.3148148148148153,2.3148148148148153,0.026666666666666672,0.026666666666666672,0.026666666666666672,2.3148148148148153,1.4285714285714286,0.04,0.0,1
ASAP7,BUFX2,BUFx2_ASAP7_6t_L,A,Y,fall,20.0,0.09215999999999999,0.7,25.0,212.467,1.0,0.135,0.135,0,1,1,3.044522437723423,0.08815738673620516,7.4074074074074066,7.4074074074074066,0.6826666666666665,0.6826666666666665,0.6826666666666665,7.4074074074074066,1.4285714285714286,0.04,0.0,1
ASAP7,XOR2X2,XOR2x2_ASAP7_6t_L,B,Y,rise,320.0,0.0028799999999999997,0.7,25.0,61.0192,1.0,0.37799999999999995,0.37799999999999995,0,1,1,5.771441123130016,0.002875860745464264,2.645502645502646,2.645502645502646,0.00761904761904762,0.00761904761904762,0.00761904761904762,2.645502645502646,1.4285714285714286,0.04,0.0,1
ASAP7,AND2X4,AND2x4_ASAP7_6t_L,A,Y,rise,10.0,0.0028799999999999997,0.7,25.0,18.6868,1.0,0.43199999999999994,0.43199999999999994,0,1,1,2.3978952727983707,0.002875860745464264,2.3148148148148153,2.3148148148148153,0.006666666666666668,0.006666666666666668,0.006666666666666668,2.3148148148148153,1.4285714285714286,0.04,0.0,1
ASAP7,NAND3X2,NAND3x2_ASAP7_6t_L,A,Y,fall,5.0,0.0028799999999999997,0.7,25.0,9.54222,0.33333333333333326,0.324,0.9720000000000002,0,1,1,1.791759469228055,0.002875860745464264,3.0864197530864197,1.0288065843621397,0.008888888888888887,0.002962962962962962,0.002962962962962962,1.0288065843621397,1.4285714285714286,0.04,-0.5,1
ASAP7,OR3X2,OR3x2_ASAP7_6t_L,A,Y,fall,320.0,0.0028799999999999997,0.7,25.0,88.1049,1.0,0.27,0.27,0,1,1,5.771441123130016,0.002875860745464264,3.7037037037037033,3.7037037037037033,0.010666666666666665,0.010666666666666665,0.010666666666666665,3.7037037037037033,1.4285714285714286,0.04,0.0,1
ASAP7,NOR3X2,NOR3x2_ASAP7_6t_L,C,Y,rise,10.0,0.023039999999999998,0.7,25.0,62.8515,3.0000000000000004,0.9720000000000002,0.324,0,1,1,2.3978952727983707,0.022778586889339574,1.0288065843621397,3.0864197530864197,0.023703703703703696,0.0711111111111111,0.023703703703703696,1.0288065843621397,1.4285714285714286,0.04,0.5,1
ASAP7,OR2X2,OR2x2_ASAP7_6t_L,A,Y,rise,10.0,0.0028799999999999997,0.7,25.0,26.2471,1.3333333333333335,0.216,0.162,0,1,1,2.3978952727983707,0.002875860745464264,4.62962962962963,6.172839506172839,0.013333333333333332,0.017777777777777774,0.013333333333333332,4.62962962962963,1.4285714285714286,0.04,0.14285714285714285,1
ASAP7,OR4X2,OR4x2_ASAP7_6t_L,D,Y,rise,160.0,0.023039999999999998,0.7,25.0,85.7119,1.3333333333333335,0.216,0.162,0,1,1,5.081404364984463,0.022778586889339574,4.62962962962963,6.172839506172839,0.10666666666666666,0.1422222222222222,0.10666666666666666,4.62962962962963,1.4285714285714286,0.04,0.14285714285714285,1
ASAP7,AND4X2,AND4x2_ASAP7_6t_L,A,Y,fall,160.0,0.011519999999999999,0.7,25.0,57.9518,1.0,0.324,0.324,0,1,1,5.081404364984463,0.011454150045115854,3.0864197530864197,3.0864197530864197,0.03555555555555555,0.03555555555555555,0.03555555555555555,3.0864197530864197,1.4285714285714286,0.04,0.0,1
ASAP7,AND2X4,AND2x4_ASAP7_6t_L,A,Y,fall,20.0,0.011519999999999999,0.7,25.0,28.2164,1.0,0.43199999999999994,0.43199999999999994,0,1,1,3.044522437723423,0.011454150045115854,2.3148148148148153,2.3148148148148153,0.026666666666666672,0.026666666666666672,0.026666666666666672,2.3148148148148153,1.4285714285714286,0.04,0.0,1
ASAP7,AND2X2,AND2x2_ASAP7_6t_L,B,Y,fall,320.0,0.0057599999999999995,0.7,25.0,84.3914,0.75,0.162,0.216,0,1,1,5.771441123130016,0.005743474627065725,6.172839506172839,4.62962962962963,0.03555555555555555,0.026666666666666665,0.026666666666666665,4.62962962962963,1.4285714285714286,0.04,-0.14285714285714285,1
ASAP7,OR2X4,OR2x4_ASAP7_6t_L,B,Y,rise,5.0,0.0028799999999999997,0.7,25.0,17.9418,1.0,0.324,0.324,0,1,1,1.791759469228055,0.002875860745464264,3.0864197530864197,3.0864197530864197,0.008888888888888887,0.008888888888888887,0.008888888888888887,3.0864197530864197,1.4285714285714286,0.04,0.0,1
ASAP7,OR4X2,OR4x2_ASAP7_6t_L,D,Y,rise,10.0,0.09215999999999999,0.7,25.0,241.622,1.3333333333333335,0.216,0.162,0,1,1,2.3978952727983707,0.08815738673620516,4.62962962962963,6.172839506172839,0.42666666666666664,0.5688888888888888,0.42666666666666664,4.62962962962963,1.4285714285714286,0.04,0.14285714285714285,1
ASAP7,NOR2X1,NOR2x1_ASAP7_6t_L,B,Y,fall,10.0,0.023039999999999998,0.7,25.0,100.624,2.0,0.216,0.108,0,1,1,2.3978952727983707,0.022778586889339574,4.62962962962963,9.25925925925926,0.10666666666666666,0.21333333333333332,0.21333333333333332,9.25925925925926,1.4285714285714286,0.04,0.3333333333333333,1
ASAP7,BUFX8,BUFx8_ASAP7_6t_L,A,Y,fall,320.0,0.36863999999999997,0.7,25.0,253.727,1.0,0.54,0.54,0,1,1,5.771441123130016,0.31381754605640677,1.8518518518518516,1.8518518518518516,0.6826666666666665,0.6826666666666665,0.6826666666666665,1.8518518518518516,1.4285714285714286,0.04,0.0,1
ASAP7,NAND3X1,NAND3x1_ASAP7_6t_L,C,Y,rise,20.0,0.046079999999999996,0.7,25.0,242.43,0.3333333333333333,0.162,0.486,0,1,1,3.044522437723423,0.04504984455370874,6.172839506172839,2.05761316872428,0.2844444444444444,0.09481481481481481,0.2844444444444444,6.172839506172839,1.4285714285714286,0.04,-0.4999999999999999,1
ASAP7,OR3X4,OR3x4_ASAP7_6t_L,C,Y,rise,80.0,0.023039999999999998,0.7,25.0,60.031,1.0,0.37799999999999995,0.37799999999999995,0,1,1,4.394449154672439,0.022778586889339574,2.645502645502646,2.645502645502646,0.06095238095238096,0.06095238095238096,0.06095238095238096,2.645502645502646,1.4285714285714286,0.04,0.0,1
ASAP7,INVX2,INVx2_ASAP7_6t_L,A,Y,fall,5.0,0.023039999999999998,0.7,25.0,50.2964,1.0,0.108,0.108,1,1,1,1.791759469228055,0.022778586889339574,9.25925925925926,9.25925925925926,0.21333333333333332,0.21333333333333332,0.21333333333333332,9.25925925925926,1.4285714285714286,0.04,0.0,1
ASAP7,NOR3X1,NOR3x1_ASAP7_6t_L,A,Y,rise,20.0,0.0007199999999999999,0.7,25.0,11.7877,3.0,0.486,0.162,0,1,1,3.044522437723423,0.0007197409243488539,2.05761316872428,6.172839506172839,0.0014814814814814814,0.004444444444444444,0.0014814814814814814,2.05761316872428,1.4285714285714286,0.04,0.4999999999999999,1
ASAP7,OR3X1,OR3x1_ASAP7_6t_L,A,Y,fall,10.0,0.0014399999999999999,0.7,25.0,29.0004,1.0,0.216,0.216,0,1,1,2.3978952727983707,0.0014389641942542826,4.62962962962963,4.62962962962963,0.006666666666666666,0.006666666666666666,0.006666666666666666,4.62962962962963,1.4285714285714286,0.04,0.0,1
ASAP7,NAND2X1,NAND2x1_ASAP7_6t_L,A,Y,rise,80.0,0.046079999999999996,0.7,25.0,256.631,0.5,0.108,0.216,0,1,1,4.394449154672439,0.04504984455370874,9.25925925925926,4.62962962962963,0.42666666666666664,0.21333333333333332,0.42666666666666664,9.25925925925926,1.4285714285714286,0.04,-0.3333333333333333,1
ASAP7,AND4X2,AND4x2_ASAP7_6t_L,C,Y,rise,40.0,0.0057599999999999995,0.7,25.0,49.1189,1.0,0.324,0.324,0,1,1,3.713572066704308,0.005743474627065725,3.0864197530864197,3.0864197530864197,0.017777777777777774,0.017777777777777774,0.017777777777777774,3.0864197530864197,1.4285714285714286,0.04,0.0,1
ASAP7,NOR3X1,NOR3x1_ASAP7_6t_L,A,Y,rise,10.0,0.0007199999999999999,0.7,25.0,9.87869,3.0,0.486,0.162,0,1,1,2.3978952727983707,0.0007197409243488539,2.05761316872428,6.172839506172839,0.0014814814814814814,0.004444444444444444,0.0014814814814814814,2.05761316872428,1.4285714285714286,0.04,0.4999999999999999,1
ASAP7,OR3X1,OR3x1_ASAP7_6t_L,B,Y,fall,80.0,0.0014399999999999999,0.7,25.0,40.6454,1.0,0.216,0.216,0,1,1,4.394449154672439,0.0014389641942542826,4.62962962962963,4.62962962962963,0.006666666666666666,0.006666666666666666,0.006666666666666666,4.62962962962963,1.4285714285714286,0.04,0.0,1
ASAP7,OR2X2,OR2x2_ASAP7_6t_L,A,Y,fall,10.0,0.09215999999999999,0.7,25.0,209.893,1.3333333333333335,0.216,0.162,0,1,1,2.3978952727983707,0.08815738673620516,4.62962962962963,6.172839506172839,0.42666666666666664,0.5688888888888888,0.5688888888888888,6.172839506172839,1.4285714285714286,0.04,0.14285714285714285,1
ASAP7,NAND2X2,NAND2x2_ASAP7_6t_L,A,Y,rise,40.0,0.0057599999999999995,0.7,25.0,32.2303,0.5000000000000001,0.216,0.43199999999999994,0,1,1,3.713572066704308,0.005743474627065725,4.62962962962963,2.3148148148148153,0.026666666666666665,0.013333333333333336,0.026666666666666665,4.62962962962963,1.4285714285714286,0.04,-0.3333333333333333,1
ASAP7,AND3X4,AND3x4_ASAP7_6t_L,C,Y,fall,10.0,0.046079999999999996,0.7,25.0,73.7728,0.7,0.37799999999999995,0.54,0,1,1,2.3978952727983707,0.04504984455370874,2.645502645502646,1.8518518518518516,0.12190476190476192,0.08533333333333332,0.08533333333333332,1.8518518518518516,1.4285714285714286,0.04,-0.17647058823529424,1
ASAP7,OR4X2,OR4x2_ASAP7_6t_L,C,Y,rise,160.0,0.0057599999999999995,0.7,25.0,41.4022,1.3333333333333335,0.216,0.162,0,1,1,5.081404364984463,0.005743474627065725,4.62962962962963,6.172839506172839,0.026666666666666665,0.03555555555555555,0.026666666666666665,4.62962962962963,1.4285714285714286,0.04,0.14285714285714285,1
ASAP7,OR4X1,OR4x1_ASAP7_6t_L,C,Y,rise,10.0,0.0014399999999999999,0.7,25.0,19.2978,1.0,0.27,0.27,0,1,1,2.3978952727983707,0.0014389641942542826,3.7037037037037033,3.7037037037037033,0.005333333333333332,0.005333333333333332,0.005333333333333332,3.7037037037037033,1.4285714285714286,0.04,0.0,1
ASAP7,NAND3X1,NAND3x1_ASAP7_6t_L,A,Y,fall,10.0,0.011519999999999999,0.7,25.0,43.6552,0.3333333333333333,0.162,0.486,0,1,1,2.3978952727983707,0.011454150045115854,6.172839506172839,2.05761316872428,0.0711111111111111,0.023703703703703703,0.023703703703703703,2.05761316872428,1.4285714285714286,0.04,-0.4999999999999999,1
ASAP7,OR3X1,OR3x1_ASAP7_6t_L,A,Y,rise,20.0,0.0057599999999999995,0.7,25.0,41.5653,1.0,0.216,0.216,0,1,1,3.044522437723423,0.005743474627065725,4.62962962962963,4.62962962962963,0.026666666666666665,0.026666666666666665,0.026666666666666665,4.62962962962963,1.4285714285714286,0.04,0.0,1
ASAP7,OR2X4,OR2x4_ASAP7_6t_L,B,Y,rise,10.0,0.0028799999999999997,0.7,25.0,19.2563,1.0,0.324,0.324,0,1,1,2.3978952727983707,0.002875860745464264,3.0864197530864197,3.0864197530864197,0.008888888888888887,0.008888888888888887,0.008888888888888887,3.0864197530864197,1.4285714285714286,0.04,0.0,1
ASAP7,INVX1,INVx1_ASAP7_6t_L,A,Y,fall,40.0,0.0057599999999999995,0.7,25.0,37.0195,1.0,0.054,0.054,1,1,1,3.713572066704308,0.005743474627065725,18.51851851851852,18.51851851851852,0.10666666666666666,0.10666666666666666,0.10666666666666666,18.51851851851852,1.4285714285714286,0.04,0.0,1
ASAP7,NAND3X2,NAND3x2_ASAP7_6t_L,B,Y,rise,5.0,0.046079999999999996,0.7,25.0,123.844,0.33333333333333326,0.324,0.9720000000000002,0,1,1,1.791759469228055,0.04504984455370874,3.0864197530864197,1.0288065843621397,0.1422222222222222,0.04740740740740739,0.1422222222222222,3.0864197530864197,1.4285714285714286,0.04,-0.5,1
ASAP7,OR3X2,OR3x2_ASAP7_6t_L,A,Y,rise,80.0,0.011519999999999999,0.7,25.0,49.5896,1.0,0.27,0.27,0,1,1,4.394449154672439,0.011454150045115854,3.7037037037037033,3.7037037037037033,0.04266666666666666,0.04266666666666666,0.04266666666666666,3.7037037037037033,1.4285714285714286,0.04,0.0,1
ASAP7,AND4X2,AND4x2_ASAP7_6t_L,C,Y,fall,80.0,0.023039999999999998,0.7,25.0,77.7577,1.0,0.324,0.324,0,1,1,4.394449154672439,0.022778586889339574,3.0864197530864197,3.0864197530864197,0.0711111111111111,0.0711111111111111,0.0711111111111111,3.0864197530864197,1.4285714285714286,0.04,0.0,1
ASAP7,OR4X2,OR4x2_ASAP7_6t_L,A,Y,rise,320.0,0.046079999999999996,0.7,25.0,135.842,1.3333333333333335,0.216,0.162,0,1,1,5.771441123130016,0.04504984455370874,4.62962962962963,6.172839506172839,0.21333333333333332,0.2844444444444444,0.21333333333333332,4.62962962962963,1.4285714285714286,0.04,0.14285714285714285,1
ASAP7,OR3X1,OR3x1_ASAP7_6t_L,C,Y,fall,160.0,0.046079999999999996,0.7,25.0,232.65,1.0,0.216,0.216,0,1,1,5.081404364984463,0.04504984455370874,4.62962962962963,4.62962962962963,0.21333333333333332,0.21333333333333332,0.21333333333333332,4.62962962962963,1.4285714285714286,0.04,0.0,1
ASAP7,NAND2X1,NAND2x1_ASAP7_6t_L,B,Y,rise,320.0,0.0057599999999999995,0.7,25.0,103.912,0.5,0.108,0.216,0,1,1,5.771441123130016,0.005743474627065725,9.25925925925926,4.62962962962963,0.05333333333333333,0.026666666666666665,0.05333333333333333,9.25925925925926,1.4285714285714286,0.04,-0.3333333333333333,1
ASAP7,OR4X2,OR4x2_ASAP7_6t_L,B,Y,fall,160.0,0.023039999999999998,0.7,25.0,117.885,1.3333333333333335,0.216,0.162,0,1,1,5.081404364984463,0.022778586889339574,4.62962962962963,6.172839506172839,0.10666666666666666,0.1422222222222222,0.1422222222222222,6.172839506172839,1.4285714285714286,0.04,0.14285714285714285,1
ASAP7,XOR2X2,XOR2x2_ASAP7_6t_L,A,Y,rise,80.0,0.0057599999999999995,0.7,25.0,38.1448,1.0,0.37799999999999995,0.37799999999999995,0,1,1,4.394449154672439,0.005743474627065725,2.645502645502646,2.645502645502646,0.01523809523809524,0.01523809523809524,0.01523809523809524,2.645502645502646,1.4285714285714286,0.04,0.0,1
ASAP7,AND4X2,AND4x2_ASAP7_6t_L,A,Y,rise,320.0,0.046079999999999996,0.7,25.0,186.376,1.0,0.324,0.324,0,1,1,5.771441123130016,0.04504984455370874,3.0864197530864197,3.0864197530864197,0.1422222222222222,0.1422222222222222,0.1422222222222222,3.0864197530864197,1.4285714285714286,0.04,0.0,1
ASAP7,NAND3X1,NAND3x1_ASAP7_6t_L,A,Y,fall,10.0,0.0014399999999999999,0.7,25.0,10.3455,0.3333333333333333,0.162,0.486,0,1,1,2.3978952727983707,0.0014389641942542826,6.172839506172839,2.05761316872428,0.008888888888888887,0.002962962962962963,0.002962962962962963,2.05761316872428,1.4285714285714286,0.04,-0.4999999999999999,1
ASAP7,NAND3X1,NAND3x1_ASAP7_6t_L,C,Y,fall,10.0,0.023039999999999998,0.7,25.0,82.7393,0.3333333333333333,0.162,0.486,0,1,1,2.3978952727983707,0.022778586889339574,6.172839506172839,2.05761316872428,0.1422222222222222,0.047407407407407405,0.047407407407407405,2.05761316872428,1.4285714285714286,0.04,-0.4999999999999999,1
ASAP7,NOR3X1,NOR3x1_ASAP7_6t_L,C,Y,rise,40.0,0.011519999999999999,0.7,25.0,66.6306,3.0,0.486,0.162,0,1,1,3.713572066704308,0.011454150045115854,2.05761316872428,6.172839506172839,0.023703703703703703,0.0711111111111111,0.023703703703703703,2.05761316872428,1.4285714285714286,0.04,0.4999999999999999,1
ASAP7,NAND3X2,NAND3x2_ASAP7_6t_L,B,Y,fall,160.0,0.011519999999999999,0.7,25.0,40.7705,0.33333333333333326,0.324,0.9720000000000002,0,1,1,5.081404364984463,0.011454150045115854,3.0864197530864197,1.0288065843621397,0.03555555555555555,0.011851851851851848,0.011851851851851848,1.0288065843621397,1.4285714285714286,0.04,-0.5,1
ASAP7,OR2X4,OR2x4_ASAP7_6t_L,B,Y,fall,5.0,0.0057599999999999995,0.7,25.0,33.1739,1.0,0.324,0.324,0,1,1,1.791759469228055,0.005743474627065725,3.0864197530864197,3.0864197530864197,0.017777777777777774,0.017777777777777774,0.017777777777777774,3.0864197530864197,1.4285714285714286,0.04,0.0,1
ASAP7,NOR3X2,NOR3x2_ASAP7_6t_L,B,Y,rise,320.0,0.023039999999999998,0.7,25.0,108.444,3.0000000000000004,0.9720000000000002,0.324,0,1,1,5.771441123130016,0.022778586889339574,1.0288065843621397,3.0864197530864197,0.023703703703703696,0.0711111111111111,0.023703703703703696,1.0288065843621397,1.4285714285714286,0.04,0.5,1
ASAP7,NAND2X2,NAND2x2_ASAP7_6t_L,B,Y,fall,20.0,0.023039999999999998,0.7,25.0,48.0465,0.5000000000000001,0.216,0.43199999999999994,0,1,1,3.044522437723423,0.022778586889339574,4.62962962962963,2.3148148148148153,0.10666666666666666,0.053333333333333344,0.053333333333333344,2.3148148148148153,1.4285714285714286,0.04,-0.3333333333333333,1
ASAP7,OR4X2,OR4x2_ASAP7_6t_L,B,Y,rise,160.0,0.023039999999999998,0.7,25.0,82.2582,1.3333333333333335,0.216,0.162,0,1,1,5.081404364984463,0.022778586889339574,4.62962962962963,6.172839506172839,0.10666666666666666,0.1422222222222222,0.10666666666666666,4.62962962962963,1.4285714285714286,0.04,0.14285714285714285,1
ASAP7,AND3X1,AND3x1_ASAP7_6t_L,B,Y,rise,10.0,0.0057599999999999995,0.7,25.0,48.3757,1.0,0.216,0.216,0,1,1,2.3978952727983707,0.005743474627065725,4.62962962962963,4.62962962962963,0.026666666666666665,0.026666666666666665,0.026666666666666665,4.62962962962963,1.4285714285714286,0.04,0.0,1
ASAP7,OR4X2,OR4x2_ASAP7_6t_L,C,Y,rise,40.0,0.0057599999999999995,0.7,25.0,34.2219,1.3333333333333335,0.216,0.162,0,1,1,3.713572066704308,0.005743474627065725,4.62962962962963,6.172839506172839,0.026666666666666665,0.03555555555555555,0.026666666666666665,4.62962962962963,1.4285714285714286,0.04,0.14285714285714285,1
ASAP7,OR3X4,OR3x4_ASAP7_6t_L,B,Y,fall,320.0,0.046079999999999996,0.7,25.0,147.573,1.0,0.37799999999999995,0.37799999999999995,0,1,1,5.771441123130016,0.04504984455370874,2.645502645502646,2.645502645502646,0.12190476190476192,0.12190476190476192,0.12190476190476192,2.645502645502646,1.4285714285714286,0.04,0.0,1
ASAP7,NAND2X1,NAND2x1_ASAP7_6t_L,B,Y,fall,5.0,0.0014399999999999999,0.7,25.0,8.95913,0.5,0.108,0.216,0,1,1,1.791759469228055,0.0014389641942542826,9.25925925925926,4.62962962962963,0.013333333333333332,0.006666666666666666,0.006666666666666666,4.62962962962963,1.4285714285714286,0.04,-0.3333333333333333,1
ASAP7,NOR3X2,NOR3x2_ASAP7_6t_L,A,Y,rise,80.0,0.046079999999999996,0.7,25.0,132.551,3.0000000000000004,0.9720000000000002,0.324,0,1,1,4.394449154672439,0.04504984455370874,1.0288065843621397,3.0864197530864197,0.04740740740740739,0.1422222222222222,0.04740740740740739,1.0288065843621397,1.4285714285714286,0.04,0.5,1
ASAP7,XOR2X2,XOR2x2_ASAP7_6t_L,B,Y,rise,80.0,0.011519999999999999,0.7,25.0,51.3928,1.0,0.37799999999999995,0.37799999999999995,0,1,1,4.394449154672439,0.011454150045115854,2.645502645502646,2.645502645502646,0.03047619047619048,0.03047619047619048,0.03047619047619048,2.645502645502646,1.4285714285714286,0.04,0.0,1
ASAP7,OR3X2,OR3x2_ASAP7_6t_L,A,Y,fall,5.0,0.0028799999999999997,0.7,25.0,33.121,1.0,0.27,0.27,0,1,1,1.791759469228055,0.002875860745464264,3.7037037037037033,3.7037037037037033,0.010666666666666665,0.010666666666666665,0.010666666666666665,3.7037037037037033,1.4285714285714286,0.04,0.0,1
ASAP7,XOR2X2,XOR2x2_ASAP7_6t_L,B,Y,rise,160.0,0.023039999999999998,0.7,25.0,83.0227,1.0,0.37799999999999995,0.37799999999999995,0,1,1,5.081404364984463,0.022778586889339574,2.645502645502646,2.645502645502646,0.06095238095238096,0.06095238095238096,0.06095238095238096,2.645502645502646,1.4285714285714286,0.04,0.0,1
ASAP7,BUFX4,BUFx4_ASAP7_6t_L,A,Y,fall,5.0,0.046079999999999996,0.7,25.0,64.6273,1.0,0.27,0.27,0,1,1,1.791759469228055,0.04504984455370874,3.7037037037037033,3.7037037037037033,0.17066666666666663,0.17066666666666663,0.17066666666666663,3.7037037037037033,1.4285714285714286,0.04,0.0,1
ASAP7,AND3X4,AND3x4_ASAP7_6t_L,B,Y,fall,320.0,0.023039999999999998,0.7,25.0,102.884,0.7,0.37799999999999995,0.54,0,1,1,5.771441123130016,0.022778586889339574,2.645502645502646,1.8518518518518516,0.06095238095238096,0.04266666666666666,0.04266666666666666,1.8518518518518516,1.4285714285714286,0.04,-0.17647058823529424,1
ASAP7,AND4X1,AND4x1_ASAP7_6t_L,C,Y,fall,5.0,0.023039999999999998,0.7,25.0,106.967,1.0,0.27,0.27,0,1,1,1.791759469228055,0.022778586889339574,3.7037037037037033,3.7037037037037033,0.08533333333333332,0.08533333333333332,0.08533333333333332,3.7037037037037033,1.4285714285714286,0.04,0.0,1
ASAP7,AND2X4,AND2x4_ASAP7_6t_L,B,Y,fall,5.0,0.046079999999999996,0.7,25.0,59.1776,1.0,0.43199999999999994,0.43199999999999994,0,1,1,1.791759469228055,0.04504984455370874,2.3148148148148153,2.3148148148148153,0.10666666666666669,0.10666666666666669,0.10666666666666669,2.3148148148148153,1.4285714285714286,0.04,0.0,1
ASAP7,AND3X2,AND3x2_ASAP7_6t_L,A,Y,rise,10.0,0.023039999999999998,0.7,25.0,81.9215,1.0,0.27,0.27,0,1,1,2.3978952727983707,0.022778586889339574,3.7037037037037033,3.7037037037037033,0.08533333333333332,0.08533333333333332,0.08533333333333332,3.7037037037037033,1.4285714285714286,0.04,0.0,1
ASAP7,AND4X1,AND4x1_ASAP7_6t_L,C,Y,fall,320.0,0.0028799999999999997,0.7,25.0,55.1399,1.0,0.27,0.27,0,1,1,5.771441123130016,0.002875860745464264,3.7037037037037033,3.7037037037037033,0.010666666666666665,0.010666666666666665,0.010666666666666665,3.7037037037037033,1.4285714285714286,0.04,0.0,1
ASAP7,AND2X4,AND2x4_ASAP7_6t_L,A,Y,rise,80.0,0.09215999999999999,0.7,25.0,137.089,1.0,0.43199999999999994,0.43199999999999994,0,1,1,4.394449154672439,0.08815738673620516,2.3148148148148153,2.3148148148148153,0.21333333333333337,0.21333333333333337,0.21333333333333337,2.3148148148148153,1.4285714285714286,0.04,0.0,1
ASAP7,AND3X1,AND3x1_ASAP7_6t_L,C,Y,rise,80.0,0.0057599999999999995,0.7,25.0,53.112,1.0,0.216,0.216,0,1,1,4.394449154672439,0.005743474627065725,4.62962962962963,4.62962962962963,0.026666666666666665,0.026666666666666665,0.026666666666666665,4.62962962962963,1.4285714285714286,0.04,0.0,1
ASAP7,XOR2X2,XOR2x2_ASAP7_6t_L,B,Y,rise,20.0,0.011519999999999999,0.7,25.0,46.5371,1.0,0.37799999999999995,0.37799999999999995,0,1,1,3.044522437723423,0.011454150045115854,2.645502645502646,2.645502645502646,0.03047619047619048,0.03047619047619048,0.03047619047619048,2.645502645502646,1.4285714285714286,0.04,0.0,1
ASAP7,AND4X2,AND4x2_ASAP7_6t_L,C,Y,rise,80.0,0.09215999999999999,0.7,25.0,267.379,1.0,0.324,0.324,0,1,1,4.394449154672439,0.08815738673620516,3.0864197530864197,3.0864197530864197,0.2844444444444444,0.2844444444444444,0.2844444444444444,3.0864197530864197,1.4285714285714286,0.04,0.0,1
ASAP7,OR2X4,OR2x4_ASAP7_6t_L,B,Y,fall,20.0,0.09215999999999999,0.7,25.0,129.556,1.0,0.324,0.324,0,1,1,3.044522437723423,0.08815738673620516,3.0864197530864197,3.0864197530864197,0.2844444444444444,0.2844444444444444,0.2844444444444444,3.0864197530864197,1.4285714285714286,0.04,0.0,1
ASAP7,INVX4,INVx4_ASAP7_6t_L,A,Y,rise,20.0,0.09215999999999999,0.7,25.0,121.661,1.0,0.216,0.216,1,1,1,3.044522437723423,0.08815738673620516,4.62962962962963,4.62962962962963,0.42666666666666664,0.42666666666666664,0.42666666666666664,4.62962962962963,1.4285714285714286,0.04,0.0,1
ASAP7,AND4X2,AND4x2_ASAP7_6t_L,A,Y,rise,160.0,0.0028799999999999997,0.7,25.0,59.3287,1.0,0.324,0.324,0,1,1,5.081404364984463,0.002875860745464264,3.0864197530864197,3.0864197530864197,0.008888888888888887,0.008888888888888887,0.008888888888888887,3.0864197530864197,1.4285714285714286,0.04,0.0,1
ASAP7,OR3X1,OR3x1_ASAP7_6t_L,A,Y,rise,80.0,0.0014399999999999999,0.7,25.0,23.9728,1.0,0.216,0.216,0,1,1,4.394449154672439,0.0014389641942542826,4.62962962962963,4.62962962962963,0.006666666666666666,0.006666666666666666,0.006666666666666666,4.62962962962963,1.4285714285714286,0.04,0.0,1
ASAP7,XOR2X2,XOR2x2_ASAP7_6t_L,B,Y,rise,40.0,0.011519999999999999,0.7,25.0,48.575,1.0,0.37799999999999995,0.37799999999999995,0,1,1,3.713572066704308,0.011454150045115854,2.645502645502646,2.645502645502646,0.03047619047619048,0.03047619047619048,0.03047619047619048,2.645502645502646,1.4285714285714286,0.04,0.0,1
ASAP7,OR2X2,OR2x2_ASAP7_6t_L,A,Y,rise,5.0,0.023039999999999998,0.7,25.0,75.1672,1.3333333333333335,0.216,0.162,0,1,1,1.791759469228055,0.022778586889339574,4.62962962962963,6.172839506172839,0.10666666666666666,0.1422222222222222,0.10666666666666666,4.62962962962963,1.4285714285714286,0.04,0.14285714285714285,1
ASAP7,AND3X2,AND3x2_ASAP7_6t_L,A,Y,rise,40.0,0.046079999999999996,0.7,25.0,145.375,1.0,0.27,0.27,0,1,1,3.713572066704308,0.04504984455370874,3.7037037037037033,3.7037037037037033,0.17066666666666663,0.17066666666666663,0.17066666666666663,3.7037037037037033,1.4285714285714286,0.04,0.0,1
ASAP7,BUFX4,BUFx4_ASAP7_6t_L,A,Y,fall,160.0,0.0057599999999999995,0.7,25.0,49.8613,1.0,0.27,0.27,0,1,1,5.081404364984463,0.005743474627065725,3.7037037037037033,3.7037037037037033,0.02133333333333333,0.02133333333333333,0.02133333333333333,3.7037037037037033,1.4285714285714286,0.04,0.0,1
ASAP7,OR4X1,OR4x1_ASAP7_6t_L,B,Y,fall,80.0,0.0014399999999999999,0.7,25.0,47.7702,1.0,0.27,0.27,0,1,1,4.394449154672439,0.0014389641942542826,3.7037037037037033,3.7037037037037033,0.005333333333333332,0.005333333333333332,0.005333333333333332,3.7037037037037033,1.4285714285714286,0.04,0.0,1
ASAP7,AND4X2,AND4x2_ASAP7_6t_L,C,Y,rise,160.0,0.046079999999999996,0.7,25.0,161.343,1.0,0.324,0.324,0,1,1,5.081404364984463,0.04504984455370874,3.0864197530864197,3.0864197530864197,0.1422222222222222,0.1422222222222222,0.1422222222222222,3.0864197530864197,1.4285714285714286,0.04,0.0,1
ASAP7,AND4X2,AND4x2_ASAP7_6t_L,A,Y,fall,160.0,0.046079999999999996,0.7,25.0,128.618,1.0,0.324,0.324,0,1,1,5.081404364984463,0.04504984455370874,3.0864197530864197,3.0864197530864197,0.1422222222222222,0.1422222222222222,0.1422222222222222,3.0864197530864197,1.4285714285714286,0.04,0.0,1
ASAP7,INVX2,INVx2_ASAP7_6t_L,A,Y,fall,80.0,0.0057599999999999995,0.7,25.0,29.9771,1.0,0.108,0.108,1,1,1,4.394449154672439,0.005743474627065725,9.25925925925926,9.25925925925926,0.05333333333333333,0.05333333333333333,0.05333333333333333,9.25925925925926,1.4285714285714286,0.04,0.0,1
ASAP7,AND2X4,AND2x4_ASAP7_6t_L,A,Y,fall,160.0,0.0057599999999999995,0.7,25.0,40.6289,1.0,0.43199999999999994,0.43199999999999994,0,1,1,5.081404364984463,0.005743474627065725,2.3148148148148153,2.3148148148148153,0.013333333333333336,0.013333333333333336,0.013333333333333336,2.3148148148148153,1.4285714285714286,0.04,0.0,1
ASAP7,NOR2X2,NOR2x2_ASAP7_6t_L,A,Y,rise,80.0,0.011519999999999999,0.7,25.0,46.9238,1.9999999999999998,0.43199999999999994,0.216,0,1,1,4.394449154672439,0.011454150045115854,2.3148148148148153,4.62962962962963,0.026666666666666672,0.05333333333333333,0.026666666666666672,2.3148148148148153,1.4285714285714286,0.04,0.3333333333333333,1
ASAP7,AND4X1,AND4x1_ASAP7_6t_L,A,Y,rise,5.0,0.0014399999999999999,0.7,25.0,28.9784,1.0,0.27,0.27,0,1,1,1.791759469228055,0.0014389641942542826,3.7037037037037033,3.7037037037037033,0.005333333333333332,0.005333333333333332,0.005333333333333332,3.7037037037037033,1.4285714285714286,0.04,0.0,1
ASAP7,AND2X4,AND2x4_ASAP7_6t_L,A,Y,rise,20.0,0.0028799999999999997,0.7,25.0,20.0735,1.0,0.43199999999999994,0.43199999999999994,0,1,1,3.044522437723423,0.002875860745464264,2.3148148148148153,2.3148148148148153,0.006666666666666668,0.006666666666666668,0.006666666666666668,2.3148148148148153,1.4285714285714286,0.04,0.0,1
ASAP7,OR3X2,OR3x2_ASAP7_6t_L,A,Y,rise,80.0,0.0028799999999999997,0.7,25.0,28.0049,1.0,0.27,0.27,0,1,1,4.394449154672439,0.002875860745464264,3.7037037037037033,3.7037037037037033,0.010666666666666665,0.010666666666666665,0.010666666666666665,3.7037037037037033,1.4285714285714286,0.04,0.0,1
ASAP7,AND4X1,AND4x1_ASAP7_6t_L,B,Y,rise,20.0,0.023039999999999998,0.7,25.0,140.586,1.0,0.27,0.27,0,1,1,3.044522437723423,0.022778586889339574,3.7037037037037033,3.7037037037037033,0.08533333333333332,0.08533333333333332,0.08533333333333332,3.7037037037037033,1.4285714285714286,0.04,0.0,1
ASAP7,NOR3X1,NOR3x1_ASAP7_6t_L,C,Y,rise,320.0,0.0028799999999999997,0.7,25.0,35.6552,3.0,0.486,0.162,0,1,1,5.771441123130016,0.002875860745464264,2.05761316872428,6.172839506172839,0.005925925925925926,0.017777777777777774,0.005925925925925926,2.05761316872428,1.4285714285714286,0.04,0.4999999999999999,1
ASAP7,AND3X4,AND3x4_ASAP7_6t_L,B,Y,rise,10.0,0.011519999999999999,0.7,25.0,38.0099,0.7,0.37799999999999995,0.54,0,1,1,2.3978952727983707,0.011454150045115854,2.645502645502646,1.8518518518518516,0.03047619047619048,0.02133333333333333,0.03047619047619048,2.645502645502646,1.4285714285714286,0.04,-0.17647058823529424,1
ASAP7,NAND3X1,NAND3x1_ASAP7_6t_L,C,Y,fall,160.0,0.046079999999999996,0.7,25.0,172.022,0.3333333333333333,0.162,0.486,0,1,1,5.081404364984463,0.04504984455370874,6.172839506172839,2.05761316872428,0.2844444444444444,0.09481481481481481,0.09481481481481481,2.05761316872428,1.4285714285714286,0.04,-0.4999999999999999,1
ASAP7,AND3X1,AND3x1_ASAP7_6t_L,B,Y,rise,80.0,0.023039999999999998,0.7,25.0,141.741,1.0,0.216,0.216,0,1,1,4.394449154672439,0.022778586889339574,4.62962962962963,4.62962962962963,0.10666666666666666,0.10666666666666666,0.10666666666666666,4.62962962962963,1.4285714285714286,0.04,0.0,1
ASAP7,NOR2X2,NOR2x2_ASAP7_6t_L,B,Y,rise,5.0,0.023039999999999998,0.7,25.0,58.7125,1.9999999999999998,0.43199999999999994,0.216,0,1,1,1.791759469228055,0.022778586889339574,2.3148148148148153,4.62962962962963,0.053333333333333344,0.10666666666666666,0.053333333333333344,2.3148148148148153,1.4285714285714286,0.04,0.3333333333333333,1
ASAP7,OR3X1,OR3x1_ASAP7_6t_L,B,Y,rise,80.0,0.0057599999999999995,0.7,25.0,46.6878,1.0,0.216,0.216,0,1,1,4.394449154672439,0.005743474627065725,4.62962962962963,4.62962962962963,0.026666666666666665,0.026666666666666665,0.026666666666666665,4.62962962962963,1.4285714285714286,0.04,0.0,1
ASAP7,NAND3X2,NAND3x2_ASAP7_6t_L,C,Y,fall,20.0,0.0028799999999999997,0.7,25.0,12.5677,0.33333333333333326,0.324,0.9720000000000002,0,1,1,3.044522437723423,0.002875860745464264,3.0864197530864197,1.0288065843621397,0.008888888888888887,0.002962962962962962,0.002962962962962962,1.0288065843621397,1.4285714285714286,0.04,-0.5,1
ASAP7,NOR2X2,NOR2x2_ASAP7_6t_L,B,Y,fall,320.0,0.046079999999999996,0.7,25.0,184.636,1.9999999999999998,0.43199999999999994,0.216,0,1,1,5.771441123130016,0.04504984455370874,2.3148148148148153,4.62962962962963,0.10666666666666669,0.21333333333333332,0.21333333333333332,4.62962962962963,1.4285714285714286,0.04,0.3333333333333333,1
ASAP7,AND4X1,AND4x1_ASAP7_6t_L,C,Y,rise,10.0,0.0014399999999999999,0.7,25.0,31.8374,1.0,0.27,0.27,0,1,1,2.3978952727983707,0.0014389641942542826,3.7037037037037033,3.7037037037037033,0.005333333333333332,0.005333333333333332,0.005333333333333332,3.7037037037037033,1.4285714285714286,0.04,0.0,1
ASAP7,OR3X1,OR3x1_ASAP7_6t_L,C,Y,rise,20.0,0.046079999999999996,0.7,25.0,240.631,1.0,0.216,0.216,0,1,1,3.044522437723423,0.04504984455370874,4.62962962962963,4.62962962962963,0.21333333333333332,0.21333333333333332,0.21333333333333332,4.62962962962963,1.4285714285714286,0.04,0.0,1
ASAP7,BUFX8,BUFx8_ASAP7_6t_L,A,Y,fall,320.0,0.18431999999999998,0.7,25.0,157.509,1.0,0.54,0.54,0,1,1,5.771441123130016,0.16916877021565407,1.8518518518518516,1.8518518518518516,0.34133333333333327,0.34133333333333327,0.34133333333333327,1.8518518518518516,1.4285714285714286,0.04,0.0,1
ASAP7,NAND3X1,NAND3x1_ASAP7_6t_L,B,Y,rise,10.0,0.0057599999999999995,0.7,25.0,38.8332,0.3333333333333333,0.162,0.486,0,1,1,2.3978952727983707,0.005743474627065725,6.172839506172839,2.05761316872428,0.03555555555555555,0.011851851851851851,0.03555555555555555,6.172839506172839,1.4285714285714286,0.04,-0.4999999999999999,1
ASAP7,NAND3X1,NAND3x1_ASAP7_6t_L,C,Y,fall,5.0,0.023039999999999998,0.7,25.0,82.0218,0.3333333333333333,0.162,0.486,0,1,1,1.791759469228055,0.022778586889339574,6.172839506172839,2.05761316872428,0.1422222222222222,0.047407407407407405,0.047407407407407405,2.05761316872428,1.4285714285714286,0.04,-0.4999999999999999,1
ASAP7,NAND2X2,NAND2x2_ASAP7_6t_L,B,Y,fall,160.0,0.0028799999999999997,0.7,25.0,19.0162,0.5000000000000001,0.216,0.43199999999999994,0,1,1,5.081404364984463,0.002875860745464264,4.62962962962963,2.3148148148148153,0.013333333333333332,0.006666666666666668,0.006666666666666668,2.3148148148148153,1.4285714285714286,0.04,-0.3333333333333333,1
ASAP7,BUFX8,BUFx8_ASAP7_6t_L,A,Y,fall,40.0,0.36863999999999997,0.7,25.0,217.972,1.0,0.54,0.54,0,1,1,3.713572066704308,0.31381754605640677,1.8518518518518516,1.8518518518518516,0.6826666666666665,0.6826666666666665,0.6826666666666665,1.8518518518518516,1.4285714285714286,0.04,0.0,1
ASAP7,AND4X1,AND4x1_ASAP7_6t_L,A,Y,fall,80.0,0.023039999999999998,0.7,25.0,117.074,1.0,0.27,0.27,0,1,1,4.394449154672439,0.022778586889339574,3.7037037037037033,3.7037037037037033,0.08533333333333332,0.08533333333333332,0.08533333333333332,3.7037037037037033,1.4285714285714286,0.04,0.0,1
ASAP7,OR3X4,OR3x4_ASAP7_6t_L,B,Y,fall,320.0,0.0028799999999999997,0.7,25.0,91.7403,1.0,0.37799999999999995,0.37799999999999995,0,1,1,5.771441123130016,0.002875860745464264,2.645502645502646,2.645502645502646,0.00761904761904762,0.00761904761904762,0.00761904761904762,2.645502645502646,1.4285714285714286,0.04,0.0,1
ASAP7,OR3X1,OR3x1_ASAP7_6t_L,A,Y,fall,40.0,0.0028799999999999997,0.7,25.0,43.2461,1.0,0.216,0.216,0,1,1,3.713572066704308,0.002875860745464264,4.62962962962963,4.62962962962963,0.013333333333333332,0.013333333333333332,0.013333333333333332,4.62962962962963,1.4285714285714286,0.04,0.0,1
ASAP7,OR4X2,OR4x2_ASAP7_6t_L,B,Y,fall,160.0,0.09215999999999999,0.7,25.0,260.489,1.3333333333333335,0.216,0.162,0,1,1,5.081404364984463,0.08815738673620516,4.62962962962963,6.172839506172839,0.42666666666666664,0.5688888888888888,0.5688888888888888,6.172839506172839,1.4285714285714286,0.04,0.14285714285714285,1
ASAP7,AND4X2,AND4x2_ASAP7_6t_L,A,Y,fall,20.0,0.0014399999999999999,0.7,25.0,19.7509,1.0,0.324,0.324,0,1,1,3.044522437723423,0.0014389641942542826,3.0864197530864197,3.0864197530864197,0.004444444444444444,0.004444444444444444,0.004444444444444444,3.0864197530864197,1.4285714285714286,0.04,0.0,1
ASAP7,AND3X1,AND3x1_ASAP7_6t_L,A,Y,rise,10.0,0.0014399999999999999,0.7,25.0,26.428,1.0,0.216,0.216,0,1,1,2.3978952727983707,0.0014389641942542826,4.62962962962963,4.62962962962963,0.006666666666666666,0.006666666666666666,0.006666666666666666,4.62962962962963,1.4285714285714286,0.04,0.0,1
ASAP7,OR2X4,OR2x4_ASAP7_6t_L,A,Y,rise,320.0,0.09215999999999999,0.7,25.0,155.514,1.0,0.324,0.324,0,1,1,5.771441123130016,0.08815738673620516,3.0864197530864197,3.0864197530864197,0.2844444444444444,0.2844444444444444,0.2844444444444444,3.0864197530864197,1.4285714285714286,0.04,0.0,1
ASAP7,OR4X1,OR4x1_ASAP7_6t_L,D,Y,rise,10.0,0.0007199999999999999,0.7,25.0,15.9306,1.0,0.27,0.27,0,1,1,2.3978952727983707,0.0007197409243488539,3.7037037037037033,3.7037037037037033,0.002666666666666666,0.002666666666666666,0.002666666666666666,3.7037037037037033,1.4285714285714286,0.04,0.0,1
ASAP7,OR3X1,OR3x1_ASAP7_6t_L,A,Y,rise,20.0,0.023039999999999998,0.7,25.0,126.465,1.0,0.216,0.216,0,1,1,3.044522437723423,0.022778586889339574,4.62962962962963,4.62962962962963,0.10666666666666666,0.10666666666666666,0.10666666666666666,4.62962962962963,1.4285714285714286,0.04,0.0,1
ASAP7,AND4X1,AND4x1_ASAP7_6t_L,C,Y,fall,5.0,0.0057599999999999995,0.7,25.0,36.1617,1.0,0.27,0.27,0,1,1,1.791759469228055,0.005743474627065725,3.7037037037037033,3.7037037037037033,0.02133333333333333,0.02133333333333333,0.02133333333333333,3.7037037037037033,1.4285714285714286,0.04,0.0,1
ASAP7,NAND3X1,NAND3x1_ASAP7_6t_L,B,Y,rise,20.0,0.0007199999999999999,0.7,25.0,16.6488,0.3333333333333333,0.162,0.486,0,1,1,3.044522437723423,0.0007197409243488539,6.172839506172839,2.05761316872428,0.004444444444444444,0.0014814814814814814,0.004444444444444444,6.172839506172839,1.4285714285714286,0.04,-0.4999999999999999,1
ASAP7,NOR3X2,NOR3x2_ASAP7_6t_L,B,Y,rise,40.0,0.0057599999999999995,0.7,25.0,27.5293,3.0000000000000004,0.9720000000000002,0.324,0,1,1,3.713572066704308,0.005743474627065725,1.0288065843621397,3.0864197530864197,0.005925925925925924,0.017777777777777774,0.005925925925925924,1.0288065843621397,1.4285714285714286,0.04,0.5,1
ASAP7,OR3X4,OR3x4_ASAP7_6t_L,C,Y,rise,40.0,0.18431999999999998,0.7,25.0,255.088,1.0,0.37799999999999995,0.37799999999999995,0,1,1,3.713572066704308,0.16916877021565407,2.645502645502646,2.645502645502646,0.4876190476190477,0.4876190476190477,0.4876190476190477,2.645502645502646,1.4285714285714286,0.04,0.0,1
ASAP7,AND4X2,AND4x2_ASAP7_6t_L,D,Y,rise,80.0,0.09215999999999999,0.7,25.0,264.446,1.0,0.324,0.324,0,1,1,4.394449154672439,0.08815738673620516,3.0864197530864197,3.0864197530864197,0.2844444444444444,0.2844444444444444,0.2844444444444444,3.0864197530864197,1.4285714285714286,0.04,0.0,1
ASAP7,OR4X1,OR4x1_ASAP7_6t_L,C,Y,rise,80.0,0.046079999999999996,0.7,25.0,246.321,1.0,0.27,0.27,0,1,1,4.394449154672439,0.04504984455370874,3.7037037037037033,3.7037037037037033,0.17066666666666663,0.17066666666666663,0.17066666666666663,3.7037037037037033,1.4285714285714286,0.04,0.0,1
ASAP7,NOR3X1,NOR3x1_ASAP7_6t_L,A,Y,rise,320.0,0.046079999999999996,0.7,25.0,302.162,3.0,0.486,0.162,0,1,1,5.771441123130016,0.04504984455370874,2.05761316872428,6.172839506172839,0.09481481481481481,0.2844444444444444,0.09481481481481481,2.05761316872428,1.4285714285714286,0.04,0.4999999999999999,1
ASAP7,NAND3X1,NAND3x1_ASAP7_6t_L,A,Y,fall,80.0,0.023039999999999998,0.7,25.0,99.274,0.3333333333333333,0.162,0.486,0,1,1,4.394449154672439,0.022778586889339574,6.172839506172839,2.05761316872428,0.1422222222222222,0.047407407407407405,0.047407407407407405,2.05761316872428,1.4285714285714286,0.04,-0.4999999999999999,1
ASAP7,INVX8,INVx8_ASAP7_6t_L,A,Y,rise,40.0,0.09215999999999999,0.7,25.0,71.9135,1.0,0.43199999999999994,0.43199999999999994,1,1,1,3.713572066704308,0.08815738673620516,2.3148148148148153,2.3148148148148153,0.21333333333333337,0.21333333333333337,0.21333333333333337,2.3148148148148153,1.4285714285714286,0.04,0.0,1
ASAP7,AND4X2,AND4x2_ASAP7_6t_L,C,Y,rise,80.0,0.011519999999999999,0.7,25.0,68.2549,1.0,0.324,0.324,0,1,1,4.394449154672439,0.011454150045115854,3.0864197530864197,3.0864197530864197,0.03555555555555555,0.03555555555555555,0.03555555555555555,3.0864197530864197,1.4285714285714286,0.04,0.0,1
ASAP7,NAND2X2,NAND2x2_ASAP7_6t_L,A,Y,fall,80.0,0.09215999999999999,0.7,25.0,176.677,0.5000000000000001,0.216,0.43199999999999994,0,1,1,4.394449154672439,0.08815738673620516,4.62962962962963,2.3148148148148153,0.42666666666666664,0.21333333333333337,0.21333333333333337,2.3148148148148153,1.4285714285714286,0.04,-0.3333333333333333,1
ASAP7,AND4X2,AND4x2_ASAP7_6t_L,D,Y,fall,10.0,0.046079999999999996,0.7,25.0,111.605,1.0,0.324,0.324,0,1,1,2.3978952727983707,0.04504984455370874,3.0864197530864197,3.0864197530864197,0.1422222222222222,0.1422222222222222,0.1422222222222222,3.0864197530864197,1.4285714285714286,0.04,0.0,1
ASAP7,NOR3X1,NOR3x1_ASAP7_6t_L,B,Y,fall,80.0,0.0028799999999999997,0.7,25.0,37.1952,3.0,0.486,0.162,0,1,1,4.394449154672439,0.002875860745464264,2.05761316872428,6.172839506172839,0.005925925925925926,0.017777777777777774,0.017777777777777774,6.172839506172839,1.4285714285714286,0.04,0.4999999999999999,1
ASAP7,NOR3X1,NOR3x1_ASAP7_6t_L,A,Y,fall,5.0,0.0028799999999999997,0.7,25.0,17.9559,3.0,0.486,0.162,0,1,1,1.791759469228055,0.002875860745464264,2.05761316872428,6.172839506172839,0.005925925925925926,0.017777777777777774,0.017777777777777774,6.172839506172839,1.4285714285714286,0.04,0.4999999999999999,1
ASAP7,AND3X4,AND3x4_ASAP7_6t_L,A,Y,fall,80.0,0.09215999999999999,0.7,25.0,133.658,0.7,0.37799999999999995,0.54,0,1,1,4.394449154672439,0.08815738673620516,2.645502645502646,1.8518518518518516,0.24380952380952384,0.17066666666666663,0.17066666666666663,1.8518518518518516,1.4285714285714286,0.04,-0.17647058823529424,1
ASAP7,OR4X2,OR4x2_ASAP7_6t_L,A,Y,fall,80.0,0.0028799999999999997,0.7,25.0,57.9324,1.3333333333333335,0.216,0.162,0,1,1,4.394449154672439,0.002875860745464264,4.62962962962963,6.172839506172839,0.013333333333333332,0.017777777777777774,0.017777777777777774,6.172839506172839,1.4285714285714286,0.04,0.14285714285714285,1
ASAP7,XOR2X2,XOR2x2_ASAP7_6t_L,A,Y,fall,20.0,0.09215999999999999,0.7,25.0,212.418,1.0,0.37799999999999995,0.37799999999999995,0,1,1,3.044522437723423,0.08815738673620516,2.645502645502646,2.645502645502646,0.24380952380952384,0.24380952380952384,0.24380952380952384,2.645502645502646,1.4285714285714286,0.04,0.0,1
ASAP7,AND4X2,AND4x2_ASAP7_6t_L,B,Y,fall,80.0,0.023039999999999998,0.7,25.0,76.3632,1.0,0.324,0.324,0,1,1,4.394449154672439,0.022778586889339574,3.0864197530864197,3.0864197530864197,0.0711111111111111,0.0711111111111111,0.0711111111111111,3.0864197530864197,1.4285714285714286,0.04,0.0,1
ASAP7,NOR2X2,NOR2x2_ASAP7_6t_L,B,Y,fall,160.0,0.0014399999999999999,0.7,25.0,20.9292,1.9999999999999998,0.43199999999999994,0.216,0,1,1,5.081404364984463,0.0014389641942542826,2.3148148148148153,4.62962962962963,0.003333333333333334,0.006666666666666666,0.006666666666666666,4.62962962962963,1.4285714285714286,0.04,0.3333333333333333,1
ASAP7,AND3X1,AND3x1_ASAP7_6t_L,C,Y,fall,40.0,0.0007199999999999999,0.7,25.0,22.5903,1.0,0.216,0.216,0,1,1,3.713572066704308,0.0007197409243488539,4.62962962962963,4.62962962962963,0.003333333333333333,0.003333333333333333,0.003333333333333333,4.62962962962963,1.4285714285714286,0.04,0.0,1
ASAP7,XOR2X2,XOR2x2_ASAP7_6t_L,A,Y,fall,10.0,0.0028799999999999997,0.7,25.0,27.3475,1.0,0.37799999999999995,0.37799999999999995,0,1,1,2.3978952727983707,0.002875860745464264,2.645502645502646,2.645502645502646,0.00761904761904762,0.00761904761904762,0.00761904761904762,2.645502645502646,1.4285714285714286,0.04,0.0,1
ASAP7,OR3X1,OR3x1_ASAP7_6t_L,C,Y,fall,40.0,0.046079999999999996,0.7,25.0,218.411,1.0,0.216,0.216,0,1,1,3.713572066704308,0.04504984455370874,4.62962962962963,4.62962962962963,0.21333333333333332,0.21333333333333332,0.21333333333333332,4.62962962962963,1.4285714285714286,0.04,0.0,1
ASAP7,AND4X1,AND4x1_ASAP7_6t_L,C,Y,rise,40.0,0.0007199999999999999,0.7,25.0,29.7693,1.0,0.27,0.27,0,1,1,3.713572066704308,0.0007197409243488539,3.7037037037037033,3.7037037037037033,0.002666666666666666,0.002666666666666666,0.002666666666666666,3.7037037037037033,1.4285714285714286,0.04,0.0,1
ASAP7,AND2X4,AND2x4_ASAP7_6t_L,A,Y,fall,40.0,0.0028799999999999997,0.7,25.0,22.7311,1.0,0.43199999999999994,0.43199999999999994,0,1,1,3.713572066704308,0.002875860745464264,2.3148148148148153,2.3148148148148153,0.006666666666666668,0.006666666666666668,0.006666666666666668,2.3148148148148153,1.4285714285714286,0.04,0.0,1
ASAP7,NOR3X2,NOR3x2_ASAP7_6t_L,B,Y,rise,40.0,0.0014399999999999999,0.7,25.0,15.3074,3.0000000000000004,0.9720000000000002,0.324,0,1,1,3.713572066704308,0.0014389641942542826,1.0288065843621397,3.0864197530864197,0.001481481481481481,0.004444444444444444,0.001481481481481481,1.0288065843621397,1.4285714285714286,0.04,0.5,1
ASAP7,AND3X2,AND3x2_ASAP7_6t_L,B,Y,rise,80.0,0.09215999999999999,0.7,25.0,262.081,1.0,0.27,0.27,0,1,1,4.394449154672439,0.08815738673620516,3.7037037037037033,3.7037037037037033,0.34133333333333327,0.34133333333333327,0.34133333333333327,3.7037037037037033,1.4285714285714286,0.04,0.0,1
ASAP7,XOR2X2,XOR2x2_ASAP7_6t_L,B,Y,fall,10.0,0.0057599999999999995,0.7,25.0,33.1865,1.0,0.37799999999999995,0.37799999999999995,0,1,1,2.3978952727983707,0.005743474627065725,2.645502645502646,2.645502645502646,0.01523809523809524,0.01523809523809524,0.01523809523809524,2.645502645502646,1.4285714285714286,0.04,0.0,1
ASAP7,OR3X2,OR3x2_ASAP7_6t_L,A,Y,rise,160.0,0.023039999999999998,0.7,25.0,80.1755,1.0,0.27,0.27,0,1,1,5.081404364984463,0.022778586889339574,3.7037037037037033,3.7037037037037033,0.08533333333333332,0.08533333333333332,0.08533333333333332,3.7037037037037033,1.4285714285714286,0.04,0.0,1
ASAP7,AND3X1,AND3x1_ASAP7_6t_L,A,Y,rise,320.0,0.0014399999999999999,0.7,25.0,55.1742,1.0,0.216,0.216,0,1,1,5.771441123130016,0.0014389641942542826,4.62962962962963,4.62962962962963,0.006666666666666666,0.006666666666666666,0.006666666666666666,4.62962962962963,1.4285714285714286,0.04,0.0,1
ASAP7,OR2X4,OR2x4_ASAP7_6t_L,B,Y,rise,160.0,0.18431999999999998,0.7,25.0,260.627,1.0,0.324,0.324,0,1,1,5.081404364984463,0.16916877021565407,3.0864197530864197,3.0864197530864197,0.5688888888888888,0.5688888888888888,0.5688888888888888,3.0864197530864197,1.4285714285714286,0.04,0.0,1
ASAP7,OR4X2,OR4x2_ASAP7_6t_L,B,Y,fall,320.0,0.011519999999999999,0.7,25.0,117.642,1.3333333333333335,0.216,0.162,0,1,1,5.771441123130016,0.011454150045115854,4.62962962962963,6.172839506172839,0.05333333333333333,0.0711111111111111,0.0711111111111111,6.172839506172839,1.4285714285714286,0.04,0.14285714285714285,1
ASAP7,NOR2X1,NOR2x1_ASAP7_6t_L,A,Y,fall,20.0,0.0014399999999999999,0.7,25.0,16.0477,2.0,0.216,0.108,0,1,1,3.044522437723423,0.0014389641942542826,4.62962962962963,9.25925925925926,0.006666666666666666,0.013333333333333332,0.013333333333333332,9.25925925925926,1.4285714285714286,0.04,0.3333333333333333,1
ASAP7,OR2X2,OR2x2_ASAP7_6t_L,A,Y,fall,10.0,0.0014399999999999999,0.7,25.0,21.2079,1.3333333333333335,0.216,0.162,0,1,1,2.3978952727983707,0.0014389641942542826,4.62962962962963,6.172839506172839,0.006666666666666666,0.008888888888888887,0.008888888888888887,6.172839506172839,1.4285714285714286,0.04,0.14285714285714285,1
ASAP7,AND4X2,AND4x2_ASAP7_6t_L,C,Y,rise,5.0,0.0028799999999999997,0.7,25.0,36.9168,1.0,0.324,0.324,0,1,1,1.791759469228055,0.002875860745464264,3.0864197530864197,3.0864197530864197,0.008888888888888887,0.008888888888888887,0.008888888888888887,3.0864197530864197,1.4285714285714286,0.04,0.0,1
ASAP7,INVX2,INVx2_ASAP7_6t_L,A,Y,rise,40.0,0.011519999999999999,0.7,25.0,42.5952,1.0,0.108,0.108,1,1,1,3.713572066704308,0.011454150045115854,9.25925925925926,9.25925925925926,0.10666666666666666,0.10666666666666666,0.10666666666666666,9.25925925925926,1.4285714285714286,0.04,0.0,1
ASAP7,NOR3X2,NOR3x2_ASAP7_6t_L,B,Y,fall,5.0,0.09215999999999999,0.7,25.0,198.408,3.0000000000000004,0.9720000000000002,0.324,0,1,1,1.791759469228055,0.08815738673620516,1.0288065843621397,3.0864197530864197,0.09481481481481478,0.2844444444444444,0.2844444444444444,3.0864197530864197,1.4285714285714286,0.04,0.5,1
ASAP7,INVX4,INVx4_ASAP7_6t_L,A,Y,fall,40.0,0.046079999999999996,0.7,25.0,60.3982,1.0,0.216,0.216,1,1,1,3.713572066704308,0.04504984455370874,4.62962962962963,4.62962962962963,0.21333333333333332,0.21333333333333332,0.21333333333333332,4.62962962962963,1.4285714285714286,0.04,0.0,1
ASAP7,AND3X1,AND3x1_ASAP7_6t_L,B,Y,rise,320.0,0.046079999999999996,0.7,25.0,271.281,1.0,0.216,0.216,0,1,1,5.771441123130016,0.04504984455370874,4.62962962962963,4.62962962962963,0.21333333333333332,0.21333333333333332,0.21333333333333332,4.62962962962963,1.4285714285714286,0.04,0.0,1
ASAP7,BUFX4,BUFx4_ASAP7_6t_L,A,Y,rise,320.0,0.011519999999999999,0.7,25.0,54.5277,1.0,0.27,0.27,0,1,1,5.771441123130016,0.011454150045115854,3.7037037037037033,3.7037037037037033,0.04266666666666666,0.04266666666666666,0.04266666666666666,3.7037037037037033,1.4285714285714286,0.04,0.0,1
ASAP7,NOR2X2,NOR2x2_ASAP7_6t_L,B,Y,fall,10.0,0.09215999999999999,0.7,25.0,195.707,1.9999999999999998,0.43199999999999994,0.216,0,1,1,2.3978952727983707,0.08815738673620516,2.3148148148148153,4.62962962962963,0.21333333333333337,0.42666666666666664,0.42666666666666664,4.62962962962963,1.4285714285714286,0.04,0.3333333333333333,1
ASAP7,AND4X1,AND4x1_ASAP7_6t_L,D,Y,fall,320.0,0.046079999999999996,0.7,25.0,238.116,1.0,0.27,0.27,0,1,1,5.771441123130016,0.04504984455370874,3.7037037037037033,3.7037037037037033,0.17066666666666663,0.17066666666666663,0.17066666666666663,3.7037037037037033,1.4285714285714286,0.04,0.0,1
ASAP7,NOR2X2,NOR2x2_ASAP7_6t_L,B,Y,fall,20.0,0.046079999999999996,0.7,25.0,103.783,1.9999999999999998,0.43199999999999994,0.216,0,1,1,3.044522437723423,0.04504984455370874,2.3148148148148153,4.62962962962963,0.10666666666666669,0.21333333333333332,0.21333333333333332,4.62962962962963,1.4285714285714286,0.04,0.3333333333333333,1
ASAP7,AND4X1,AND4x1_ASAP7_6t_L,A,Y,rise,320.0,0.0028799999999999997,0.7,25.0,73.3539,1.0,0.27,0.27,0,1,1,5.771441123130016,0.002875860745464264,3.7037037037037033,3.7037037037037033,0.010666666666666665,0.010666666666666665,0.010666666666666665,3.7037037037037033,1.4285714285714286,0.04,0.0,1
ASAP7,AND3X1,AND3x1_ASAP7_6t_L,B,Y,rise,20.0,0.011519999999999999,0.7,25.0,78.2759,1.0,0.216,0.216,0,1,1,3.044522437723423,0.011454150045115854,4.62962962962963,4.62962962962963,0.05333333333333333,0.05333333333333333,0.05333333333333333,4.62962962962963,1.4285714285714286,0.04,0.0,1
ASAP7,NAND3X1,NAND3x1_ASAP7_6t_L,A,Y,fall,10.0,0.0057599999999999995,0.7,25.0,24.6429,0.3333333333333333,0.162,0.486,0,1,1,2.3978952727983707,0.005743474627065725,6.172839506172839,2.05761316872428,0.03555555555555555,0.011851851851851851,0.011851851851851851,2.05761316872428,1.4285714285714286,0.04,-0.4999999999999999,1
ASAP7,AND3X4,AND3x4_ASAP7_6t_L,A,Y,fall,160.0,0.18431999999999998,0.7,25.0,241.723,0.7,0.37799999999999995,0.54,0,1,1,5.081404364984463,0.16916877021565407,2.645502645502646,1.8518518518518516,0.4876190476190477,0.34133333333333327,0.34133333333333327,1.8518518518518516,1.4285714285714286,0.04,-0.17647058823529424,1
ASAP7,INVX4,INVx4_ASAP7_6t_L,A,Y,rise,10.0,0.0028799999999999997,0.7,25.0,8.29696,1.0,0.216,0.216,1,1,1,2.3978952727983707,0.002875860745464264,4.62962962962963,4.62962962962963,0.013333333333333332,0.013333333333333332,0.013333333333333332,4.62962962962963,1.4285714285714286,0.04,0.0,1
ASAP7,NOR3X2,NOR3x2_ASAP7_6t_L,B,Y,rise,80.0,0.0014399999999999999,0.7,25.0,17.6045,3.0000000000000004,0.9720000000000002,0.324,0,1,1,4.394449154672439,0.0014389641942542826,1.0288065843621397,3.0864197530864197,0.001481481481481481,0.004444444444444444,0.001481481481481481,1.0288065843621397,1.4285714285714286,0.04,0.5,1
ASAP7,XOR2X2,XOR2x2_ASAP7_6t_L,B,Y,rise,160.0,0.0014399999999999999,0.7,25.0,27.4915,1.0,0.37799999999999995,0.37799999999999995,0,1,1,5.081404364984463,0.0014389641942542826,2.645502645502646,2.645502645502646,0.00380952380952381,0.00380952380952381,0.00380952380952381,2.645502645502646,1.4285714285714286,0.04,0.0,1
ASAP7,OR4X2,OR4x2_ASAP7_6t_L,A,Y,fall,20.0,0.011519999999999999,0.7,25.0,65.2243,1.3333333333333335,0.216,0.162,0,1,1,3.044522437723423,0.011454150045115854,4.62962962962963,6.172839506172839,0.05333333333333333,0.0711111111111111,0.0711111111111111,6.172839506172839,1.4285714285714286,0.04,0.14285714285714285,1
ASAP7,AND2X2,AND2x2_ASAP7_6t_L,A,Y,rise,160.0,0.0014399999999999999,0.7,25.0,25.2279,0.75,0.162,0.216,0,1,1,5.081404364984463,0.0014389641942542826,6.172839506172839,4.62962962962963,0.008888888888888887,0.006666666666666666,0.008888888888888887,6.172839506172839,1.4285714285714286,0.04,-0.14285714285714285,1
ASAP7,OR3X1,OR3x1_ASAP7_6t_L,B,Y,rise,10.0,0.0007199999999999999,0.7,25.0,14.7975,1.0,0.216,0.216,0,1,1,2.3978952727983707,0.0007197409243488539,4.62962962962963,4.62962962962963,0.003333333333333333,0.003333333333333333,0.003333333333333333,4.62962962962963,1.4285714285714286,0.04,0.0,1
ASAP7,NAND3X2,NAND3x2_ASAP7_6t_L,C,Y,rise,80.0,0.0014399999999999999,0.7,25.0,33.4646,0.33333333333333326,0.324,0.9720000000000002,0,1,1,4.394449154672439,0.0014389641942542826,3.0864197530864197,1.0288065843621397,0.004444444444444444,0.001481481481481481,0.004444444444444444,3.0864197530864197,1.4285714285714286,0.04,-0.5,1
ASAP7,AND3X2,AND3x2_ASAP7_6t_L,B,Y,rise,40.0,0.046079999999999996,0.7,25.0,143.817,1.0,0.27,0.27,0,1,1,3.713572066704308,0.04504984455370874,3.7037037037037033,3.7037037037037033,0.17066666666666663,0.17066666666666663,0.17066666666666663,3.7037037037037033,1.4285714285714286,0.04,0.0,1
ASAP7,OR2X2,OR2x2_ASAP7_6t_L,B,Y,rise,10.0,0.09215999999999999,0.7,25.0,245.425,1.3333333333333335,0.216,0.162,0,1,1,2.3978952727983707,0.08815738673620516,4.62962962962963,6.172839506172839,0.42666666666666664,0.5688888888888888,0.42666666666666664,4.62962962962963,1.4285714285714286,0.04,0.14285714285714285,1
ASAP7,AND3X2,AND3x2_ASAP7_6t_L,B,Y,fall,5.0,0.0028799999999999997,0.7,25.0,19.3884,1.0,0.27,0.27,0,1,1,1.791759469228055,0.002875860745464264,3.7037037037037033,3.7037037037037033,0.010666666666666665,0.010666666666666665,0.010666666666666665,3.7037037037037033,1.4285714285714286,0.04,0.0,1
ASAP7,NOR3X2,NOR3x2_ASAP7_6t_L,B,Y,rise,320.0,0.046079999999999996,0.7,25.0,172.646,3.0000000000000004,0.9720000000000002,0.324,0,1,1,5.771441123130016,0.04504984455370874,1.0288065843621397,3.0864197530864197,0.04740740740740739,0.1422222222222222,0.04740740740740739,1.0288065843621397,1.4285714285714286,0.04,0.5,1
ASAP7,NAND2X1,NAND2x1_ASAP7_6t_L,A,Y,rise,10.0,0.0007199999999999999,0.7,25.0,11.7817,0.5,0.108,0.216,0,1,1,2.3978952727983707,0.0007197409243488539,9.25925925925926,4.62962962962963,0.006666666666666666,0.003333333333333333,0.006666666666666666,9.25925925925926,1.4285714285714286,0.04,-0.3333333333333333,1
ASAP7,NAND2X2,NAND2x2_ASAP7_6t_L,B,Y,fall,20.0,0.09215999999999999,0.7,25.0,167.995,0.5000000000000001,0.216,0.43199999999999994,0,1,1,3.044522437723423,0.08815738673620516,4.62962962962963,2.3148148148148153,0.42666666666666664,0.21333333333333337,0.21333333333333337,2.3148148148148153,1.4285714285714286,0.04,-0.3333333333333333,1
