tech,cell_type,cell_name,from_pin,to_pin,pol,slew,cap,voltage,temp,delay,wp_over_wn,wp_sum,wn_sum,is_inv,stack_pu,stack_pd,log_slew,log_cap,req_p,req_n,rc_p,rc_n,rc_eff,req_eff,inv_v,inv_temp,pn_balance,is_labeled,delay_pred_hgat
ASAP7,NORX1,NOR3x1_ASAP7_6t_L,B,Y,rise,40.0,0.0230399999999999,0.7,25.0,121.001,2.0,2.16e-07,1.08e-07,0,1,1,3.713572066704308,0.0227785868893395,4629629.62962963,9259259.25925926,106666.66666666666,213333.3333333333,106666.66666666666,4629629.62962963,1.4285714285714286,0.04,0.3333333333333333,1,305.32718
ASAP7,NANDX1,NAND2x1p5_ASAP7_6t_L,A,Y,fall,80.0,0.0028799999999999,0.7,25.0,16.3478,0.5,1.08e-07,2.16e-07,0,1,1,4.394449154672439,0.0028758607454642,9259259.25925926,4629629.62962963,26666.666666666664,13333.333333333332,13333.333333333332,4629629.62962963,1.4285714285714286,0.04,-0.3333333333333333,1,14.440989
ASAP7,NORX1,NOR5x1f_ASAP7_6t_L,B,Y,rise,320.0,0.0007199999999999,0.7,25.0,88.4945,2.0,2.16e-07,1.08e-07,0,1,1,5.771441123130016,0.0007197409243488,4629629.62962963,9259259.25925926,3333.333333333333,6666.666666666666,3333.333333333333,4629629.62962963,1.4285714285714286,0.04,0.3333333333333333,1,1.192617
ASAP7,NANDX1,NAND3x1_ASAP7_6t_L,A,Y,rise,80.0,0.0028799999999999,0.7,25.0,41.5458,0.5,1.08e-07,2.16e-07,0,1,1,4.394449154672439,0.0028758607454642,9259259.25925926,4629629.62962963,26666.666666666664,13333.333333333332,26666.666666666664,9259259.25925926,1.4285714285714286,0.04,-0.3333333333333333,1,50.20763
ASAP7,NORX1,NOR5x1f_ASAP7_6t_L,A,Y,rise,320.0,0.0003599999999999,0.7,25.0,80.8112,2.0,2.16e-07,1.08e-07,0,1,1,5.771441123130016,0.0003599352155478,4629629.62962963,9259259.25925926,1666.6666666666663,3333.333333333333,1666.6666666666663,4629629.62962963,1.4285714285714286,0.04,0.3333333333333333,1,63.290775
ASAP7,INVX2,INVx2_ASAP7_6t_L,A,Y,fall,10.0,0.0014399999999999,0.7,25.0,7.16287,1.0,1.08e-07,1.08e-07,1,1,1,2.3978952727983707,0.0014389641942542,9259259.25925926,9259259.25925926,13333.333333333332,13333.333333333332,13333.333333333332,9259259.25925926,1.4285714285714286,0.04,0.0,1,7.6809764
ASAP7,NORX1,NOR3x1_ASAP7_6t_L,A,Y,fall,5.0,0.0230399999999999,0.7,25.0,100.794,2.0,2.16e-07,1.08e-07,0,1,1,1.791759469228055,0.0227785868893395,4629629.62962963,9259259.25925926,106666.66666666666,213333.3333333333,213333.3333333333,9259259.25925926,1.4285714285714286,0.04,0.3333333333333333,1,123.40321
ASAP7,INVX1,INVx13_ASAP7_6t_L,A,Y,rise,10.0,0.7372799999999999,0.7,25.0,297.24,1.0,5.4e-08,5.4e-08,1,1,1,2.3978952727983707,0.5523206717349491,18518518.51851852,18518518.51851852,13653333.333333332,13653333.333333332,13653333.333333332,18518518.51851852,1.4285714285714286,0.04,0.0,1,333.24756
ASAP7,NANDX1,NAND3x1_ASAP7_6t_L,C,Y,fall,320.0,0.0115199999999999,0.7,25.0,58.1803,0.5,1.08e-07,2.16e-07,0,1,1,5.771441123130016,0.0114541500451158,9259259.25925926,4629629.62962963,106666.66666666666,53333.33333333333,53333.33333333333,4629629.62962963,1.4285714285714286,0.04,-0.3333333333333333,1,56.266933
ASAP7,NORX1,NOR3x1f_ASAP7_6t_L,B,Y,rise,10.0,0.0028799999999999,0.7,25.0,50.1373,2.0,2.16e-07,1.08e-07,0,1,1,2.3978952727983707,0.0028758607454642,4629629.62962963,9259259.25925926,13333.333333333332,26666.666666666664,13333.333333333332,4629629.62962963,1.4285714285714286,0.04,0.3333333333333333,1,48.28328
ASAP7,NORX1,NOR5x1f_ASAP7_6t_L,C,Y,rise,10.0,0.0230399999999999,0.7,25.0,539.794,2.0,2.16e-07,1.08e-07,0,1,1,2.3978952727983707,0.0227785868893395,4629629.62962963,9259259.25925926,106666.66666666666,213333.3333333333,106666.66666666666,4629629.62962963,1.4285714285714286,0.04,0.3333333333333333,1,304.85312
ASAP7,NANDX1,NAND3x1_ASAP7_6t_L,C,Y,fall,160.0,0.0460799999999999,0.7,25.0,172.022,0.5,1.08e-07,2.16e-07,0,1,1,5.081404364984463,0.0450498445537087,9259259.25925926,4629629.62962963,426666.6666666666,213333.3333333333,213333.3333333333,4629629.62962963,1.4285714285714286,0.04,-0.3333333333333333,1,186.92924
ASAP7,NORX1,NOR5x1f_ASAP7_6t_L,C,Y,rise,5.0,0.0230399999999999,0.7,25.0,538.835,2.0,2.16e-07,1.08e-07,0,1,1,1.791759469228055,0.0227785868893395,4629629.62962963,9259259.25925926,106666.66666666666,213333.3333333333,106666.66666666666,4629629.62962963,1.4285714285714286,0.04,0.3333333333333333,1,1.1001877
ASAP7,NORX1,NOR5x1f_ASAP7_6t_L,A,Y,fall,10.0,0.0230399999999999,0.7,25.0,100.419,2.0,2.16e-07,1.08e-07,0,1,1,2.3978952727983707,0.0227785868893395,4629629.62962963,9259259.25925926,106666.66666666666,213333.3333333333,213333.3333333333,9259259.25925926,1.4285714285714286,0.04,0.3333333333333333,1,1.0855638
ASAP7,NORX1,NOR3x1f_ASAP7_6t_L,B,Y,rise,20.0,0.0003599999999999,0.7,25.0,17.0745,2.0,2.16e-07,1.08e-07,0,1,1,3.044522437723423,0.0003599352155478,4629629.62962963,9259259.25925926,1666.6666666666663,3333.333333333333,1666.6666666666663,4629629.62962963,1.4285714285714286,0.04,0.3333333333333333,1,16.24753
ASAP7,INVX1,INVx13_ASAP7_6t_L,A,Y,rise,160.0,0.0230399999999999,0.7,25.0,39.1259,1.0,5.4e-08,5.4e-08,1,1,1,5.081404364984463,0.0227785868893395,18518518.51851852,18518518.51851852,426666.6666666666,426666.6666666666,426666.6666666666,18518518.51851852,1.4285714285714286,0.04,0.0,1,35.45123
ASAP7,NORX1,NOR5x1f_ASAP7_6t_L,B,Y,rise,40.0,0.0007199999999999,0.7,25.0,39.8149,2.0,2.16e-07,1.08e-07,0,1,1,3.713572066704308,0.0007197409243488,4629629.62962963,9259259.25925926,3333.333333333333,6666.666666666666,3333.333333333333,4629629.62962963,1.4285714285714286,0.04,0.3333333333333333,1,18.410753
ASAP7,INVX1,INVx11_ASAP7_6t_L,A,Y,fall,10.0,0.0057599999999999,0.7,25.0,6.60087,1.0,5.4e-08,5.4e-08,1,1,1,2.3978952727983707,0.0057434746270657,18518518.51851852,18518518.51851852,106666.66666666666,106666.66666666666,106666.66666666666,18518518.51851852,1.4285714285714286,0.04,0.0,1,11.444989
ASAP7,INVX1,INVx1_ASAP7_6t_L,A,Y,rise,10.0,0.0230399999999999,0.7,25.0,118.259,1.0,5.4e-08,5.4e-08,1,1,1,2.3978952727983707,0.0227785868893395,18518518.51851852,18518518.51851852,426666.6666666666,426666.6666666666,426666.6666666666,18518518.51851852,1.4285714285714286,0.04,0.0,1,135.96309
ASAP7,NANDX1,NAND2x1p5_ASAP7_6t_L,A,Y,rise,160.0,0.0230399999999999,0.7,25.0,171.851,0.5,1.08e-07,2.16e-07,0,1,1,5.081404364984463,0.0227785868893395,9259259.25925926,4629629.62962963,213333.3333333333,106666.66666666666,213333.3333333333,9259259.25925926,1.4285714285714286,0.04,-0.3333333333333333,1,243.84175
ASAP7,NORX1,NOR3x1f_ASAP7_6t_L,C,Y,fall,80.0,0.0028799999999999,0.7,25.0,32.4782,2.0,2.16e-07,1.08e-07,0,1,1,4.394449154672439,0.0028758607454642,4629629.62962963,9259259.25925926,13333.333333333332,26666.666666666664,26666.666666666664,9259259.25925926,1.4285714285714286,0.04,0.3333333333333333,1,1.1006472
ASAP7,NORX1,NOR5x1f_ASAP7_6t_L,C,Y,rise,160.0,0.0230399999999999,0.7,25.0,559.659,2.0,2.16e-07,1.08e-07,0,1,1,5.081404364984463,0.0227785868893395,4629629.62962963,9259259.25925926,106666.66666666666,213333.3333333333,106666.66666666666,4629629.62962963,1.4285714285714286,0.04,0.3333333333333333,1,330.48788
ASAP7,INVX2,INVx2_ASAP7_6t_L,A,Y,rise,160.0,0.0115199999999999,0.7,25.0,72.2421,1.0,1.08e-07,1.08e-07,1,1,1,5.081404364984463,0.0114541500451158,9259259.25925926,9259259.25925926,106666.66666666666,106666.66666666666,106666.66666666666,9259259.25925926,1.4285714285714286,0.04,0.0,1,54.99503
ASAP7,NORX1,NOR3x1f_ASAP7_6t_L,C,Y,rise,320.0,0.0115199999999999,0.7,25.0,213.735,2.0,2.16e-07,1.08e-07,0,1,1,5.771441123130016,0.0114541500451158,4629629.62962963,9259259.25925926,53333.33333333333,106666.66666666666,53333.33333333333,4629629.62962963,1.4285714285714286,0.04,0.3333333333333333,1,145.95467
ASAP7,NANDX1,NAND3x1_ASAP7_6t_L,B,Y,rise,40.0,0.0460799999999999,0.7,25.0,246.605,0.5,1.08e-07,2.16e-07,0,1,1,3.713572066704308,0.0450498445537087,9259259.25925926,4629629.62962963,426666.6666666666,213333.3333333333,426666.6666666666,9259259.25925926,1.4285714285714286,0.04,-0.3333333333333333,1,233.83086
ASAP7,NORX1,NOR3x1f_ASAP7_6t_L,A,Y,fall,10.0,0.0057599999999999,0.7,25.0,29.0561,2.0,2.16e-07,1.08e-07,0,1,1,2.3978952727983707,0.0057434746270657,4629629.62962963,9259259.25925926,26666.666666666664,53333.33333333333,53333.33333333333,9259259.25925926,1.4285714285714286,0.04,0.3333333333333333,1,1.065638
ASAP7,INVX2,INVx2_ASAP7_6t_L,A,Y,rise,320.0,0.0921599999999999,0.7,25.0,330.791,1.0,1.08e-07,1.08e-07,1,1,1,5.771441123130016,0.0881573867362051,9259259.25925926,9259259.25925926,853333.3333333333,853333.3333333333,853333.3333333333,9259259.25925926,1.4285714285714286,0.04,0.0,1,300.81815
ASAP7,NORX1,NOR5x1f_ASAP7_6t_L,C,Y,fall,40.0,0.0230399999999999,0.7,25.0,109.76,2.0,2.16e-07,1.08e-07,0,1,1,3.713572066704308,0.0227785868893395,4629629.62962963,9259259.25925926,106666.66666666666,213333.3333333333,213333.3333333333,9259259.25925926,1.4285714285714286,0.04,0.3333333333333333,1,118.16541
ASAP7,NORX1,NOR3x1_ASAP7_6t_L,B,Y,fall,320.0,0.0057599999999999,0.7,25.0,87.6135,2.0,2.16e-07,1.08e-07,0,1,1,5.771441123130016,0.0057434746270657,4629629.62962963,9259259.25925926,26666.666666666664,53333.33333333333,53333.33333333333,9259259.25925926,1.4285714285714286,0.04,0.3333333333333333,1,1.1780678
ASAP7,NANDX1,NAND2x1_ASAP7_6t_L,A,Y,fall,160.0,0.0460799999999999,0.7,25.0,189.288,0.5,1.08e-07,2.16e-07,0,1,1,5.081404364984463,0.0450498445537087,9259259.25925926,4629629.62962963,426666.6666666666,213333.3333333333,213333.3333333333,4629629.62962963,1.4285714285714286,0.04,-0.3333333333333333,1,186.92924
ASAP7,INVX1,INVx1_ASAP7_6t_L,A,Y,rise,80.0,0.0230399999999999,0.7,25.0,139.966,1.0,5.4e-08,5.4e-08,1,1,1,4.394449154672439,0.0227785868893395,18518518.51851852,18518518.51851852,426666.6666666666,426666.6666666666,426666.6666666666,18518518.51851852,1.4285714285714286,0.04,0.0,1,119.5746
ASAP7,NORX1,NOR2x1_ASAP7_6t_L,A,Y,rise,20.0,0.0460799999999999,0.7,25.0,223.057,2.0,2.16e-07,1.08e-07,0,1,1,3.044522437723423,0.0450498445537087,4629629.62962963,9259259.25925926,213333.3333333333,426666.6666666666,213333.3333333333,4629629.62962963,1.4285714285714286,0.04,0.3333333333333333,1,335.08575
ASAP7,NANDX1,NAND2x1p5_ASAP7_6t_L,A,Y,rise,40.0,0.0014399999999999,0.7,25.0,25.9445,0.5,1.08e-07,2.16e-07,0,1,1,3.713572066704308,0.0014389641942542,9259259.25925926,4629629.62962963,13333.333333333332,6666.666666666666,13333.333333333332,9259259.25925926,1.4285714285714286,0.04,-0.3333333333333333,1,24.32043
ASAP7,NORX1,NOR3x1_ASAP7_6t_L,A,Y,fall,80.0,0.0007199999999999,0.7,25.0,18.8954,2.0,2.16e-07,1.08e-07,0,1,1,4.394449154672439,0.0007197409243488,4629629.62962963,9259259.25925926,3333.333333333333,6666.666666666666,6666.666666666666,9259259.25925926,1.4285714285714286,0.04,0.3333333333333333,1,19.546381
ASAP7,NORX1,NOR5x1f_ASAP7_6t_L,B,Y,rise,40.0,0.0014399999999999,0.7,25.0,56.1222,2.0,2.16e-07,1.08e-07,0,1,1,3.713572066704308,0.0014389641942542,4629629.62962963,9259259.25925926,6666.666666666666,13333.333333333332,6666.666666666666,4629629.62962963,1.4285714285714286,0.04,0.3333333333333333,1,44.877743
ASAP7,NORX1,NOR5x1f_ASAP7_6t_L,B,Y,rise,40.0,0.0115199999999999,0.7,25.0,283.556,2.0,2.16e-07,1.08e-07,0,1,1,3.713572066704308,0.0114541500451158,4629629.62962963,9259259.25925926,53333.33333333333,106666.66666666666,53333.33333333333,4629629.62962963,1.4285714285714286,0.04,0.3333333333333333,1,286.76355
ASAP7,INVX2,INVx2_ASAP7_6t_L,A,Y,rise,5.0,0.0460799999999999,0.7,25.0,116.745,1.0,1.08e-07,1.08e-07,1,1,1,1.791759469228055,0.0450498445537087,9259259.25925926,9259259.25925926,426666.6666666666,426666.6666666666,426666.6666666666,9259259.25925926,1.4285714285714286,0.04,0.0,1,131.32663
ASAP7,NANDX1,NAND2x1_ASAP7_6t_L,A,Y,fall,40.0,0.0014399999999999,0.7,25.0,13.3764,0.5,1.08e-07,2.16e-07,0,1,1,3.713572066704308,0.0014389641942542,9259259.25925926,4629629.62962963,13333.333333333332,6666.666666666666,6666.666666666666,4629629.62962963,1.4285714285714286,0.04,-0.3333333333333333,1,9.365974
ASAP7,NORX1,NOR3x1f_ASAP7_6t_L,C,Y,rise,20.0,0.0230399999999999,0.7,25.0,326.686,2.0,2.16e-07,1.08e-07,0,1,1,3.044522437723423,0.0227785868893395,4629629.62962963,9259259.25925926,106666.66666666666,213333.3333333333,106666.66666666666,4629629.62962963,1.4285714285714286,0.04,0.3333333333333333,1,1.1180074
ASAP7,NORX1,NOR3x1f_ASAP7_6t_L,C,Y,fall,320.0,0.0028799999999999,0.7,25.0,46.8487,2.0,2.16e-07,1.08e-07,0,1,1,5.771441123130016,0.0028758607454642,4629629.62962963,9259259.25925926,13333.333333333332,26666.666666666664,26666.666666666664,9259259.25925926,1.4285714285714286,0.04,0.3333333333333333,1,37.391396
ASAP7,NANDX1,NAND2x1_ASAP7_6t_L,B,Y,fall,320.0,0.0007199999999999,0.7,25.0,7.99536,0.5,1.08e-07,2.16e-07,0,1,1,5.771441123130016,0.0007197409243488,9259259.25925926,4629629.62962963,6666.666666666666,3333.333333333333,3333.333333333333,4629629.62962963,1.4285714285714286,0.04,-0.3333333333333333,1,18.426865
ASAP7,INVX1,INVx1_ASAP7_6t_L,A,Y,rise,40.0,0.0014399999999999,0.7,25.0,19.8155,1.0,5.4e-08,5.4e-08,1,1,1,3.713572066704308,0.0014389641942542,18518518.51851852,18518518.51851852,26666.666666666664,26666.666666666664,26666.666666666664,18518518.51851852,1.4285714285714286,0.04,0.0,1,14.294383
ASAP7,NORX1,NOR3x1_ASAP7_6t_L,C,Y,fall,80.0,0.0460799999999999,0.7,25.0,219.994,2.0,2.16e-07,1.08e-07,0,1,1,4.394449154672439,0.0450498445537087,4629629.62962963,9259259.25925926,213333.3333333333,426666.6666666666,426666.6666666666,9259259.25925926,1.4285714285714286,0.04,0.3333333333333333,1,184.79936
ASAP7,NANDX1,NAND3x1_ASAP7_6t_L,C,Y,fall,5.0,0.0007199999999999,0.7,25.0,8.29394,0.5,1.08e-07,2.16e-07,0,1,1,1.791759469228055,0.0007197409243488,9259259.25925926,4629629.62962963,6666.666666666666,3333.333333333333,3333.333333333333,4629629.62962963,1.4285714285714286,0.04,-0.3333333333333333,1,8.55849
ASAP7,NORX1,NOR3x1f_ASAP7_6t_L,A,Y,rise,40.0,0.0007199999999999,0.7,25.0,27.1231,2.0,2.16e-07,1.08e-07,0,1,1,3.713572066704308,0.0007197409243488,4629629.62962963,9259259.25925926,3333.333333333333,6666.666666666666,3333.333333333333,4629629.62962963,1.4285714285714286,0.04,0.3333333333333333,1,19.188454
ASAP7,NORX1,NOR2x1_ASAP7_6t_L,A,Y,rise,5.0,0.0115199999999999,0.7,25.0,59.4539,2.0,2.16e-07,1.08e-07,0,1,1,1.791759469228055,0.0114541500451158,4629629.62962963,9259259.25925926,53333.33333333333,106666.66666666666,53333.33333333333,4629629.62962963,1.4285714285714286,0.04,0.3333333333333333,1,1.0883291
ASAP7,NORX1,NOR5x1f_ASAP7_6t_L,D,Y,rise,10.0,0.0014399999999999,0.7,25.0,54.6211,2.0,2.16e-07,1.08e-07,0,1,1,2.3978952727983707,0.0014389641942542,4629629.62962963,9259259.25925926,6666.666666666666,13333.333333333332,6666.666666666666,4629629.62962963,1.4285714285714286,0.04,0.3333333333333333,1,1.0865611
ASAP7,NORX1,NOR5x1f_ASAP7_6t_L,D,Y,rise,20.0,0.0057599999999999,0.7,25.0,153.523,2.0,2.16e-07,1.08e-07,0,1,1,3.044522437723423,0.0057434746270657,4629629.62962963,9259259.25925926,26666.666666666664,53333.33333333333,26666.666666666664,4629629.62962963,1.4285714285714286,0.04,0.3333333333333333,1,72.53531
ASAP7,NORX1,NOR5x1f_ASAP7_6t_L,C,Y,rise,320.0,0.0014399999999999,0.7,25.0,100.68,2.0,2.16e-07,1.08e-07,0,1,1,5.771441123130016,0.0014389641942542,4629629.62962963,9259259.25925926,6666.666666666666,13333.333333333332,6666.666666666666,4629629.62962963,1.4285714285714286,0.04,0.3333333333333333,1,1.1934187
ASAP7,NORX1,NOR5x1f_ASAP7_6t_L,A,Y,fall,160.0,0.0007199999999999,0.7,25.0,15.65,2.0,2.16e-07,1.08e-07,0,1,1,5.081404364984463,0.0007197409243488,4629629.62962963,9259259.25925926,3333.333333333333,6666.666666666666,6666.666666666666,9259259.25925926,1.4285714285714286,0.04,0.3333333333333333,1,24.50729
ASAP7,NANDX1,NAND2x1_ASAP7_6t_L,B,Y,rise,20.0,0.0057599999999999,0.7,25.0,38.3203,0.5,1.08e-07,2.16e-07,0,1,1,3.044522437723423,0.0057434746270657,9259259.25925926,4629629.62962963,53333.33333333333,26666.666666666664,53333.33333333333,9259259.25925926,1.4285714285714286,0.04,-0.3333333333333333,1,41.646046
ASAP7,NANDX1,NAND2x1_ASAP7_6t_L,A,Y,fall,5.0,0.0115199999999999,0.7,25.0,44.6396,0.5,1.08e-07,2.16e-07,0,1,1,1.791759469228055,0.0114541500451158,9259259.25925926,4629629.62962963,106666.66666666666,53333.33333333333,53333.33333333333,4629629.62962963,1.4285714285714286,0.04,-0.3333333333333333,1,22.386148
ASAP7,NORX1,NOR3x1_ASAP7_6t_L,C,Y,rise,80.0,0.0057599999999999,0.7,25.0,44.2506,2.0,2.16e-07,1.08e-07,0,1,1,4.394449154672439,0.0057434746270657,4629629.62962963,9259259.25925926,26666.666666666664,53333.33333333333,26666.666666666664,4629629.62962963,1.4285714285714286,0.04,0.3333333333333333,1,67.9359
ASAP7,NORX1,NOR2x1_ASAP7_6t_L,A,Y,fall,10.0,0.0007199999999999,0.7,25.0,10.1582,2.0,2.16e-07,1.08e-07,0,1,1,2.3978952727983707,0.0007197409243488,4629629.62962963,9259259.25925926,3333.333333333333,6666.666666666666,6666.666666666666,9259259.25925926,1.4285714285714286,0.04,0.3333333333333333,1,1.0607879
ASAP7,NANDX1,NAND2x1p5_ASAP7_6t_L,A,Y,fall,320.0,0.0028799999999999,0.7,25.0,10.0939,0.5,1.08e-07,2.16e-07,0,1,1,5.771441123130016,0.0028758607454642,9259259.25925926,4629629.62962963,26666.666666666664,13333.333333333332,13333.333333333332,4629629.62962963,1.4285714285714286,0.04,-0.3333333333333333,1,23.83523
ASAP7,NORX1,NOR5x1f_ASAP7_6t_L,B,Y,fall,10.0,0.0230399999999999,0.7,25.0,100.676,2.0,2.16e-07,1.08e-07,0,1,1,2.3978952727983707,0.0227785868893395,4629629.62962963,9259259.25925926,106666.66666666666,213333.3333333333,213333.3333333333,9259259.25925926,1.4285714285714286,0.04,0.3333333333333333,1,1.0855638
ASAP7,NANDX1,NAND3x1_ASAP7_6t_L,A,Y,rise,20.0,0.0007199999999999,0.7,25.0,14.0502,0.5,1.08e-07,2.16e-07,0,1,1,3.044522437723423,0.0007197409243488,9259259.25925926,4629629.62962963,6666.666666666666,3333.333333333333,6666.666666666666,9259259.25925926,1.4285714285714286,0.04,-0.3333333333333333,1,18.612362
ASAP7,NANDX1,NAND3x1_ASAP7_6t_L,B,Y,rise,5.0,0.0057599999999999,0.7,25.0,37.4189,0.5,1.08e-07,2.16e-07,0,1,1,1.791759469228055,0.0057434746270657,9259259.25925926,4629629.62962963,53333.33333333333,26666.666666666664,53333.33333333333,9259259.25925926,1.4285714285714286,0.04,-0.3333333333333333,1,44.92553
ASAP7,NORX1,NOR3x1f_ASAP7_6t_L,C,Y,rise,10.0,0.0115199999999999,0.7,25.0,168.313,2.0,2.16e-07,1.08e-07,0,1,1,2.3978952727983707,0.0114541500451158,4629629.62962963,9259259.25925926,53333.33333333333,106666.66666666666,53333.33333333333,4629629.62962963,1.4285714285714286,0.04,0.3333333333333333,1,1.09636
ASAP7,NORX1,NOR5x1f_ASAP7_6t_L,A,Y,rise,10.0,0.0014399999999999,0.7,25.0,48.634,2.0,2.16e-07,1.08e-07,0,1,1,2.3978952727983707,0.0014389641942542,4629629.62962963,9259259.25925926,6666.666666666666,13333.333333333332,6666.666666666666,4629629.62962963,1.4285714285714286,0.04,0.3333333333333333,1,41.754646
ASAP7,INVX1,INVx11_ASAP7_6t_L,A,Y,rise,320.0,0.0230399999999999,0.7,25.0,57.7303,1.0,5.4e-08,5.4e-08,1,1,1,5.771441123130016,0.0227785868893395,18518518.51851852,18518518.51851852,426666.6666666666,426666.6666666666,426666.6666666666,18518518.51851852,1.4285714285714286,0.04,0.0,1,52.58326
ASAP7,NANDX1,NAND2x1p5_ASAP7_6t_L,B,Y,rise,5.0,0.0057599999999999,0.7,25.0,35.1029,0.5,1.08e-07,2.16e-07,0,1,1,1.791759469228055,0.0057434746270657,9259259.25925926,4629629.62962963,53333.33333333333,26666.666666666664,53333.33333333333,9259259.25925926,1.4285714285714286,0.04,-0.3333333333333333,1,44.925526
ASAP7,NORX1,NOR5x1f_ASAP7_6t_L,D,Y,fall,10.0,0.0230399999999999,0.7,25.0,101.765,2.0,2.16e-07,1.08e-07,0,1,1,2.3978952727983707,0.0227785868893395,4629629.62962963,9259259.25925926,106666.66666666666,213333.3333333333,213333.3333333333,9259259.25925926,1.4285714285714286,0.04,0.3333333333333333,1,122.88082
ASAP7,NORX1,NOR5x1f_ASAP7_6t_L,D,Y,rise,160.0,0.0007199999999999,0.7,25.0,53.8482,2.0,2.16e-07,1.08e-07,0,1,1,5.081404364984463,0.0007197409243488,4629629.62962963,9259259.25925926,3333.333333333333,6666.666666666666,3333.333333333333,4629629.62962963,1.4285714285714286,0.04,0.3333333333333333,1,59.54244
ASAP7,NANDX1,NAND2x1_ASAP7_6t_L,A,Y,rise,320.0,0.0460799999999999,0.7,25.0,335.994,0.5,1.08e-07,2.16e-07,0,1,1,5.771441123130016,0.0450498445537087,9259259.25925926,4629629.62962963,426666.6666666666,213333.3333333333,426666.6666666666,9259259.25925926,1.4285714285714286,0.04,-0.3333333333333333,1,264.52917
ASAP7,NANDX1,NAND3x1_ASAP7_6t_L,C,Y,rise,320.0,0.0014399999999999,0.7,25.0,80.4404,0.5,1.08e-07,2.16e-07,0,1,1,5.771441123130016,0.0014389641942542,9259259.25925926,4629629.62962963,13333.333333333332,6666.666666666666,13333.333333333332,9259259.25925926,1.4285714285714286,0.04,-0.3333333333333333,1,49.04863
ASAP7,INVX1,INVx1_ASAP7_6t_L,A,Y,fall,10.0,0.0028799999999999,0.7,25.0,16.4968,1.0,5.4e-08,5.4e-08,1,1,1,2.3978952727983707,0.0028758607454642,18518518.51851852,18518518.51851852,53333.33333333333,53333.33333333333,53333.33333333333,18518518.51851852,1.4285714285714286,0.04,0.0,1,8.255811
ASAP7,NANDX1,NAND2x1_ASAP7_6t_L,A,Y,fall,160.0,0.0057599999999999,0.7,25.0,40.1163,0.5,1.08e-07,2.16e-07,0,1,1,5.081404364984463,0.0057434746270657,9259259.25925926,4629629.62962963,53333.33333333333,26666.666666666664,26666.666666666664,4629629.62962963,1.4285714285714286,0.04,-0.3333333333333333,1,32.396114
ASAP7,INVX1,INVx1_ASAP7_6t_L,A,Y,fall,160.0,0.0028799999999999,0.7,25.0,37.4818,1.0,5.4e-08,5.4e-08,1,1,1,5.081404364984463,0.0028758607454642,18518518.51851852,18518518.51851852,53333.33333333333,53333.33333333333,53333.33333333333,18518518.51851852,1.4285714285714286,0.04,0.0,1,31.221333
ASAP7,NORX1,NOR2x1_ASAP7_6t_L,B,Y,fall,80.0,0.0230399999999999,0.7,25.0,120.835,2.0,2.16e-07,1.08e-07,0,1,1,4.394449154672439,0.0227785868893395,4629629.62962963,9259259.25925926,106666.66666666666,213333.3333333333,213333.3333333333,9259259.25925926,1.4285714285714286,0.04,0.3333333333333333,1,113.61911
ASAP7,NORX1,NOR5x1f_ASAP7_6t_L,D,Y,rise,80.0,0.0014399999999999,0.7,25.0,61.7765,2.0,2.16e-07,1.08e-07,0,1,1,4.394449154672439,0.0014389641942542,4629629.62962963,9259259.25925926,6666.666666666666,13333.333333333332,6666.666666666666,4629629.62962963,1.4285714285714286,0.04,0.3333333333333333,1,35.066265
ASAP7,NORX1,NOR3x1_ASAP7_6t_L,B,Y,rise,10.0,0.0028799999999999,0.7,25.0,21.8331,2.0,2.16e-07,1.08e-07,0,1,1,2.3978952727983707,0.0028758607454642,4629629.62962963,9259259.25925926,13333.333333333332,26666.666666666664,13333.333333333332,4629629.62962963,1.4285714285714286,0.04,0.3333333333333333,1,48.28328
ASAP7,NANDX1,NAND2x1p5_ASAP7_6t_L,B,Y,fall,80.0,0.0003599999999999,0.7,25.0,5.20421,0.5,1.08e-07,2.16e-07,0,1,1,4.394449154672439,0.0003599352155478,9259259.25925926,4629629.62962963,3333.333333333333,1666.6666666666663,1666.6666666666663,4629629.62962963,1.4285714285714286,0.04,-0.3333333333333333,1,10.568396
ASAP7,NORX1,NOR5x1f_ASAP7_6t_L,D,Y,fall,40.0,0.0003599999999999,0.7,25.0,12.4506,2.0,2.16e-07,1.08e-07,0,1,1,3.713572066704308,0.0003599352155478,4629629.62962963,9259259.25925926,1666.6666666666663,3333.333333333333,3333.333333333333,9259259.25925926,1.4285714285714286,0.04,0.3333333333333333,1,15.032116
ASAP7,NANDX1,NAND2x1p5_ASAP7_6t_L,A,Y,fall,160.0,0.0007199999999999,0.7,25.0,2.87742,0.5,1.08e-07,2.16e-07,0,1,1,5.081404364984463,0.0007197409243488,9259259.25925926,4629629.62962963,6666.666666666666,3333.333333333333,3333.333333333333,4629629.62962963,1.4285714285714286,0.04,-0.3333333333333333,1,15.327354
ASAP7,NORX1,NOR5x1f_ASAP7_6t_L,C,Y,rise,10.0,0.0007199999999999,0.7,25.0,36.7637,2.0,2.16e-07,1.08e-07,0,1,1,2.3978952727983707,0.0007197409243488,4629629.62962963,9259259.25925926,3333.333333333333,6666.666666666666,3333.333333333333,4629629.62962963,1.4285714285714286,0.04,0.3333333333333333,1,1.0858527
ASAP7,INVX1,INVx1_ASAP7_6t_L,A,Y,fall,80.0,0.0460799999999999,0.7,25.0,213.103,1.0,5.4e-08,5.4e-08,1,1,1,4.394449154672439,0.0450498445537087,18518518.51851852,18518518.51851852,853333.3333333333,853333.3333333333,853333.3333333333,18518518.51851852,1.4285714285714286,0.04,0.0,1,251.01025
ASAP7,NANDX1,NAND2x1p5_ASAP7_6t_L,A,Y,rise,10.0,0.0007199999999999,0.7,25.0,13.0463,0.5,1.08e-07,2.16e-07,0,1,1,2.3978952727983707,0.0007197409243488,9259259.25925926,4629629.62962963,6666.666666666666,3333.333333333333,6666.666666666666,9259259.25925926,1.4285714285714286,0.04,-0.3333333333333333,1,15.389356
ASAP7,NANDX1,NAND2x1_ASAP7_6t_L,A,Y,fall,320.0,0.0057599999999999,0.7,25.0,43.9097,0.5,1.08e-07,2.16e-07,0,1,1,5.771441123130016,0.0057434746270657,9259259.25925926,4629629.62962963,53333.33333333333,26666.666666666664,26666.666666666664,4629629.62962963,1.4285714285714286,0.04,-0.3333333333333333,1,34.889988
ASAP7,NANDX1,NAND2x1p5_ASAP7_6t_L,A,Y,fall,20.0,0.0003599999999999,0.7,25.0,5.8873,0.5,1.08e-07,2.16e-07,0,1,1,3.044522437723423,0.0003599352155478,9259259.25925926,4629629.62962963,3333.333333333333,1666.6666666666663,1666.6666666666663,4629629.62962963,1.4285714285714286,0.04,-0.3333333333333333,1,7.5196605
ASAP7,NANDX1,NAND3x1_ASAP7_6t_L,C,Y,fall,5.0,0.0460799999999999,0.7,25.0,158.039,0.5,1.08e-07,2.16e-07,0,1,1,1.791759469228055,0.0450498445537087,9259259.25925926,4629629.62962963,426666.6666666666,213333.3333333333,213333.3333333333,4629629.62962963,1.4285714285714286,0.04,-0.3333333333333333,1,148.43684
ASAP7,NANDX1,NAND3x1_ASAP7_6t_L,B,Y,rise,5.0,0.0230399999999999,0.7,25.0,122.65,0.5,1.08e-07,2.16e-07,0,1,1,1.791759469228055,0.0227785868893395,9259259.25925926,4629629.62962963,213333.3333333333,106666.66666666666,213333.3333333333,9259259.25925926,1.4285714285714286,0.04,-0.3333333333333333,1,119.62928
ASAP7,NANDX1,NAND2x1_ASAP7_6t_L,A,Y,rise,160.0,0.0460799999999999,0.7,25.0,282.095,0.5,1.08e-07,2.16e-07,0,1,1,5.081404364984463,0.0450498445537087,9259259.25925926,4629629.62962963,426666.6666666666,213333.3333333333,426666.6666666666,9259259.25925926,1.4285714285714286,0.04,-0.3333333333333333,1,245.2771
ASAP7,NORX1,NOR3x1f_ASAP7_6t_L,A,Y,rise,10.0,0.0115199999999999,0.7,25.0,167.308,2.0,2.16e-07,1.08e-07,0,1,1,2.3978952727983707,0.0114541500451158,4629629.62962963,9259259.25925926,53333.33333333333,106666.66666666666,53333.33333333333,4629629.62962963,1.4285714285714286,0.04,0.3333333333333333,1,1.09636
ASAP7,NORX1,NOR3x1_ASAP7_6t_L,A,Y,rise,40.0,0.0007199999999999,0.7,25.0,14.1533,2.0,2.16e-07,1.08e-07,0,1,1,3.713572066704308,0.0007197409243488,4629629.62962963,9259259.25925926,3333.333333333333,6666.666666666666,3333.333333333333,4629629.62962963,1.4285714285714286,0.04,0.3333333333333333,1,19.171303
ASAP7,NORX1,NOR5x1f_ASAP7_6t_L,C,Y,fall,80.0,0.0115199999999999,0.7,25.0,74.3191,2.0,2.16e-07,1.08e-07,0,1,1,4.394449154672439,0.0114541500451158,4629629.62962963,9259259.25925926,53333.33333333333,106666.66666666666,106666.66666666666,9259259.25925926,1.4285714285714286,0.04,0.3333333333333333,1,63.030884
ASAP7,NORX1,NOR5x1f_ASAP7_6t_L,C,Y,rise,160.0,0.0057599999999999,0.7,25.0,173.624,2.0,2.16e-07,1.08e-07,0,1,1,5.081404364984463,0.0057434746270657,4629629.62962963,9259259.25925926,26666.666666666664,53333.33333333333,26666.666666666664,4629629.62962963,1.4285714285714286,0.04,0.3333333333333333,1,158.27264
ASAP7,NANDX1,NAND3x1_ASAP7_6t_L,C,Y,rise,5.0,0.0230399999999999,0.7,25.0,124.529,0.5,1.08e-07,2.16e-07,0,1,1,1.791759469228055,0.0227785868893395,9259259.25925926,4629629.62962963,213333.3333333333,106666.66666666666,213333.3333333333,9259259.25925926,1.4285714285714286,0.04,-0.3333333333333333,1,119.62928
ASAP7,NORX1,NOR3x1_ASAP7_6t_L,B,Y,fall,160.0,0.0230399999999999,0.7,25.0,147.689,2.0,2.16e-07,1.08e-07,0,1,1,5.081404364984463,0.0227785868893395,4629629.62962963,9259259.25925926,106666.66666666666,213333.3333333333,213333.3333333333,9259259.25925926,1.4285714285714286,0.04,0.3333333333333333,1,173.70908
ASAP7,INVX1,INVx1_ASAP7_6t_L,A,Y,fall,10.0,0.0007199999999999,0.7,25.0,7.47306,1.0,5.4e-08,5.4e-08,1,1,1,2.3978952727983707,0.0007197409243488,18518518.51851852,18518518.51851852,13333.333333333332,13333.333333333332,13333.333333333332,18518518.51851852,1.4285714285714286,0.04,0.0,1,8.097019
ASAP7,NORX1,NOR3x1f_ASAP7_6t_L,A,Y,fall,320.0,0.0057599999999999,0.7,25.0,71.3081,2.0,2.16e-07,1.08e-07,0,1,1,5.771441123130016,0.0057434746270657,4629629.62962963,9259259.25925926,26666.666666666664,53333.33333333333,53333.33333333333,9259259.25925926,1.4285714285714286,0.04,0.3333333333333333,1,1.1780678
ASAP7,NANDX1,NAND3x1_ASAP7_6t_L,C,Y,fall,40.0,0.0057599999999999,0.7,25.0,28.609,0.5,1.08e-07,2.16e-07,0,1,1,3.713572066704308,0.0057434746270657,9259259.25925926,4629629.62962963,53333.33333333333,26666.666666666664,26666.666666666664,4629629.62962963,1.4285714285714286,0.04,-0.3333333333333333,1,33.37024
ASAP7,NORX1,NOR3x1f_ASAP7_6t_L,B,Y,rise,320.0,0.0115199999999999,0.7,25.0,233.34,2.0,2.16e-07,1.08e-07,0,1,1,5.771441123130016,0.0114541500451158,4629629.62962963,9259259.25925926,53333.33333333333,106666.66666666666,53333.33333333333,4629629.62962963,1.4285714285714286,0.04,0.3333333333333333,1,1.2052208
ASAP7,NANDX1,NAND3x1_ASAP7_6t_L,A,Y,fall,320.0,0.0007199999999999,0.7,25.0,4.63983,0.5,1.08e-07,2.16e-07,0,1,1,5.771441123130016,0.0007197409243488,9259259.25925926,4629629.62962963,6666.666666666666,3333.333333333333,3333.333333333333,4629629.62962963,1.4285714285714286,0.04,-0.3333333333333333,1,18.426867
ASAP7,NORX1,NOR3x1_ASAP7_6t_L,C,Y,fall,10.0,0.0115199999999999,0.7,25.0,58.0676,2.0,2.16e-07,1.08e-07,0,1,1,2.3978952727983707,0.0114541500451158,4629629.62962963,9259259.25925926,53333.33333333333,106666.66666666666,106666.66666666666,9259259.25925926,1.4285714285714286,0.04,0.3333333333333333,1,48.245518
ASAP7,NORX1,NOR3x1f_ASAP7_6t_L,A,Y,rise,10.0,0.0230399999999999,0.7,25.0,324.218,2.0,2.16e-07,1.08e-07,0,1,1,2.3978952727983707,0.0227785868893395,4629629.62962963,9259259.25925926,106666.66666666666,213333.3333333333,106666.66666666666,4629629.62962963,1.4285714285714286,0.04,0.3333333333333333,1,304.85312
ASAP7,INVX1,INVx13_ASAP7_6t_L,A,Y,rise,5.0,0.0460799999999999,0.7,25.0,22.098,1.0,5.4e-08,5.4e-08,1,1,1,1.791759469228055,0.0450498445537087,18518518.51851852,18518518.51851852,853333.3333333333,853333.3333333333,853333.3333333333,18518518.51851852,1.4285714285714286,0.04,0.0,1,28.749998
ASAP7,NORX1,NOR5x1f_ASAP7_6t_L,D,Y,rise,20.0,0.0115199999999999,0.7,25.0,283.252,2.0,2.16e-07,1.08e-07,0,1,1,3.044522437723423,0.0114541500451158,4629629.62962963,9259259.25925926,53333.33333333333,106666.66666666666,53333.33333333333,4629629.62962963,1.4285714285714286,0.04,0.3333333333333333,1,166.96771
ASAP7,NORX1,NOR5x1f_ASAP7_6t_L,C,Y,fall,20.0,0.0115199999999999,0.7,25.0,56.8351,2.0,2.16e-07,1.08e-07,0,1,1,3.044522437723423,0.0114541500451158,4629629.62962963,9259259.25925926,53333.33333333333,106666.66666666666,106666.66666666666,9259259.25925926,1.4285714285714286,0.04,0.3333333333333333,1,53.74294
ASAP7,NANDX1,NAND2x1p5_ASAP7_6t_L,B,Y,rise,10.0,0.0057599999999999,0.7,25.0,36.4733,0.5,1.08e-07,2.16e-07,0,1,1,2.3978952727983707,0.0057434746270657,9259259.25925926,4629629.62962963,53333.33333333333,26666.666666666664,53333.33333333333,9259259.25925926,1.4285714285714286,0.04,-0.3333333333333333,1,36.032852
ASAP7,NANDX1,NAND2x1_ASAP7_6t_L,A,Y,rise,320.0,0.0014399999999999,0.7,25.0,66.5991,0.5,1.08e-07,2.16e-07,0,1,1,5.771441123130016,0.0014389641942542,9259259.25925926,4629629.62962963,13333.333333333332,6666.666666666666,13333.333333333332,9259259.25925926,1.4285714285714286,0.04,-0.3333333333333333,1,43.305515
ASAP7,NORX1,NOR2x1_ASAP7_6t_L,B,Y,rise,5.0,0.0028799999999999,0.7,25.0,18.2911,2.0,2.16e-07,1.08e-07,0,1,1,1.791759469228055,0.0028758607454642,4629629.62962963,9259259.25925926,13333.333333333332,26666.666666666664,13333.333333333332,4629629.62962963,1.4285714285714286,0.04,0.3333333333333333,1,22.524029
ASAP7,NORX1,NOR3x1_ASAP7_6t_L,A,Y,fall,5.0,0.0028799999999999,0.7,25.0,17.9559,2.0,2.16e-07,1.08e-07,0,1,1,1.791759469228055,0.0028758607454642,4629629.62962963,9259259.25925926,13333.333333333332,26666.666666666664,26666.666666666664,9259259.25925926,1.4285714285714286,0.04,0.3333333333333333,1,11.972432
ASAP7,NORX1,NOR2x1_ASAP7_6t_L,B,Y,fall,40.0,0.0028799999999999,0.7,25.0,25.9898,2.0,2.16e-07,1.08e-07,0,1,1,3.713572066704308,0.0028758607454642,4629629.62962963,9259259.25925926,13333.333333333332,26666.666666666664,26666.666666666664,9259259.25925926,1.4285714285714286,0.04,0.3333333333333333,1,22.273699
ASAP7,NANDX1,NAND2x1_ASAP7_6t_L,A,Y,rise,160.0,0.0057599999999999,0.7,25.0,78.9123,0.5,1.08e-07,2.16e-07,0,1,1,5.081404364984463,0.0057434746270657,9259259.25925926,4629629.62962963,53333.33333333333,26666.666666666664,53333.33333333333,9259259.25925926,1.4285714285714286,0.04,-0.3333333333333333,1,58.72284
ASAP7,NANDX1,NAND2x1p5_ASAP7_6t_L,A,Y,fall,80.0,0.0115199999999999,0.7,25.0,41.903,0.5,1.08e-07,2.16e-07,0,1,1,4.394449154672439,0.0114541500451158,9259259.25925926,4629629.62962963,106666.66666666666,53333.33333333333,53333.33333333333,4629629.62962963,1.4285714285714286,0.04,-0.3333333333333333,1,46.638844
ASAP7,NANDX1,NAND3x1_ASAP7_6t_L,A,Y,fall,80.0,0.0007199999999999,0.7,25.0,10.994,0.5,1.08e-07,2.16e-07,0,1,1,4.394449154672439,0.0007197409243488,9259259.25925926,4629629.62962963,6666.666666666666,3333.333333333333,3333.333333333333,4629629.62962963,1.4285714285714286,0.04,-0.3333333333333333,1,11.076122
ASAP7,NORX1,NOR5x1f_ASAP7_6t_L,B,Y,rise,5.0,0.0003599999999999,0.7,25.0,25.6715,2.0,2.16e-07,1.08e-07,0,1,1,1.791759469228055,0.0003599352155478,4629629.62962963,9259259.25925926,1666.6666666666663,3333.333333333333,1666.6666666666663,4629629.62962963,1.4285714285714286,0.04,0.3333333333333333,1,15.5649805
ASAP7,NORX1,NOR3x1_ASAP7_6t_L,B,Y,rise,10.0,0.0007199999999999,0.7,25.0,11.6973,2.0,2.16e-07,1.08e-07,0,1,1,2.3978952727983707,0.0007197409243488,4629629.62962963,9259259.25925926,3333.333333333333,6666.666666666666,3333.333333333333,4629629.62962963,1.4285714285714286,0.04,0.3333333333333333,1,1.0858527
ASAP7,NORX1,NOR3x1_ASAP7_6t_L,A,Y,rise,320.0,0.0014399999999999,0.7,25.0,36.8632,2.0,2.16e-07,1.08e-07,0,1,1,5.771441123130016,0.0014389641942542,4629629.62962963,9259259.25925926,6666.666666666666,13333.333333333332,6666.666666666666,4629629.62962963,1.4285714285714286,0.04,0.3333333333333333,1,66.96722
ASAP7,NORX1,NOR2x1_ASAP7_6t_L,B,Y,rise,40.0,0.0028799999999999,0.7,25.0,27.7208,2.0,2.16e-07,1.08e-07,0,1,1,3.713572066704308,0.0028758607454642,4629629.62962963,9259259.25925926,13333.333333333332,26666.666666666664,13333.333333333332,4629629.62962963,1.4285714285714286,0.04,0.3333333333333333,1,31.400988
ASAP7,NORX1,NOR2x1_ASAP7_6t_L,B,Y,fall,10.0,0.0115199999999999,0.7,25.0,53.4863,2.0,2.16e-07,1.08e-07,0,1,1,2.3978952727983707,0.0114541500451158,4629629.62962963,9259259.25925926,53333.33333333333,106666.66666666666,106666.66666666666,9259259.25925926,1.4285714285714286,0.04,0.3333333333333333,1,48.245518
ASAP7,NANDX1,NAND3x1_ASAP7_6t_L,B,Y,fall,20.0,0.0057599999999999,0.7,25.0,27.3089,0.5,1.08e-07,2.16e-07,0,1,1,3.044522437723423,0.0057434746270657,9259259.25925926,4629629.62962963,53333.33333333333,26666.666666666664,26666.666666666664,4629629.62962963,1.4285714285714286,0.04,-0.3333333333333333,1,17.672062
ASAP7,NORX1,NOR3x1f_ASAP7_6t_L,A,Y,fall,40.0,0.0007199999999999,0.7,25.0,12.2938,2.0,2.16e-07,1.08e-07,0,1,1,3.713572066704308,0.0007197409243488,4629629.62962963,9259259.25925926,3333.333333333333,6666.666666666666,6666.666666666666,9259259.25925926,1.4285714285714286,0.04,0.3333333333333333,1,1.08263
ASAP7,NORX1,NOR2x1_ASAP7_6t_L,B,Y,rise,40.0,0.0115199999999999,0.7,25.0,68.3011,2.0,2.16e-07,1.08e-07,0,1,1,3.713572066704308,0.0114541500451158,4629629.62962963,9259259.25925926,53333.33333333333,106666.66666666666,53333.33333333333,4629629.62962963,1.4285714285714286,0.04,0.3333333333333333,1,177.28854
ASAP7,NORX1,NOR3x1_ASAP7_6t_L,C,Y,fall,160.0,0.0115199999999999,0.7,25.0,99.766,2.0,2.16e-07,1.08e-07,0,1,1,5.081404364984463,0.0114541500451158,4629629.62962963,9259259.25925926,53333.33333333333,106666.66666666666,106666.66666666666,9259259.25925926,1.4285714285714286,0.04,0.3333333333333333,1,65.888
ASAP7,NANDX1,NAND3x1_ASAP7_6t_L,A,Y,fall,40.0,0.0014399999999999,0.7,25.0,14.3844,0.5,1.08e-07,2.16e-07,0,1,1,3.713572066704308,0.0014389641942542,9259259.25925926,4629629.62962963,13333.333333333332,6666.666666666666,6666.666666666666,4629629.62962963,1.4285714285714286,0.04,-0.3333333333333333,1,10.526385
ASAP7,INVX1,INVx1_ASAP7_6t_L,A,Y,rise,160.0,0.0460799999999999,0.7,25.0,278.253,1.0,5.4e-08,5.4e-08,1,1,1,5.081404364984463,0.0450498445537087,18518518.51851852,18518518.51851852,853333.3333333333,853333.3333333333,853333.3333333333,18518518.51851852,1.4285714285714286,0.04,0.0,1,219.99937
ASAP7,NANDX1,NAND2x1_ASAP7_6t_L,A,Y,rise,160.0,0.0230399999999999,0.7,25.0,170.046,0.5,1.08e-07,2.16e-07,0,1,1,5.081404364984463,0.0227785868893395,9259259.25925926,4629629.62962963,213333.3333333333,106666.66666666666,213333.3333333333,9259259.25925926,1.4285714285714286,0.04,-0.3333333333333333,1,243.84175
ASAP7,NANDX1,NAND3x1_ASAP7_6t_L,C,Y,fall,10.0,0.0057599999999999,0.7,25.0,25.7319,0.5,1.08e-07,2.16e-07,0,1,1,2.3978952727983707,0.0057434746270657,9259259.25925926,4629629.62962963,53333.33333333333,26666.666666666664,26666.666666666664,4629629.62962963,1.4285714285714286,0.04,-0.3333333333333333,1,17.409527
ASAP7,NANDX1,NAND2x1_ASAP7_6t_L,B,Y,rise,160.0,0.0115199999999999,0.7,25.0,111.064,0.5,1.08e-07,2.16e-07,0,1,1,5.081404364984463,0.0114541500451158,9259259.25925926,4629629.62962963,106666.66666666666,53333.33333333333,106666.66666666666,9259259.25925926,1.4285714285714286,0.04,-0.3333333333333333,1,95.09903
ASAP7,NORX1,NOR5x1f_ASAP7_6t_L,E,Y,fall,40.0,0.0007199999999999,0.7,25.0,15.3517,2.0,2.16e-07,1.08e-07,0,1,1,3.713572066704308,0.0007197409243488,4629629.62962963,9259259.25925926,3333.333333333333,6666.666666666666,6666.666666666666,9259259.25925926,1.4285714285714286,0.04,0.3333333333333333,1,15.705982
ASAP7,NORX1,NOR3x1f_ASAP7_6t_L,C,Y,fall,10.0,0.0057599999999999,0.7,25.0,29.5891,2.0,2.16e-07,1.08e-07,0,1,1,2.3978952727983707,0.0057434746270657,4629629.62962963,9259259.25925926,26666.666666666664,53333.33333333333,53333.33333333333,9259259.25925926,1.4285714285714286,0.04,0.3333333333333333,1,22.861832
ASAP7,NORX1,NOR5x1f_ASAP7_6t_L,E,Y,rise,320.0,0.0014399999999999,0.7,25.0,83.4701,2.0,2.16e-07,1.08e-07,0,1,1,5.771441123130016,0.0014389641942542,4629629.62962963,9259259.25925926,6666.666666666666,13333.333333333332,6666.666666666666,4629629.62962963,1.4285714285714286,0.04,0.3333333333333333,1,66.96722
ASAP7,NORX1,NOR2x1_ASAP7_6t_L,A,Y,rise,320.0,0.0115199999999999,0.7,25.0,107.856,2.0,2.16e-07,1.08e-07,0,1,1,5.771441123130016,0.0114541500451158,4629629.62962963,9259259.25925926,53333.33333333333,106666.66666666666,53333.33333333333,4629629.62962963,1.4285714285714286,0.04,0.3333333333333333,1,1.2052208
ASAP7,NORX1,NOR3x1f_ASAP7_6t_L,B,Y,fall,320.0,0.0028799999999999,0.7,25.0,44.6438,2.0,2.16e-07,1.08e-07,0,1,1,5.771441123130016,0.0028758607454642,4629629.62962963,9259259.25925926,13333.333333333332,26666.666666666664,26666.666666666664,9259259.25925926,1.4285714285714286,0.04,0.3333333333333333,1,37.391388
ASAP7,NANDX1,NAND3x1_ASAP7_6t_L,A,Y,rise,80.0,0.0057599999999999,0.7,25.0,58.6719,0.5,1.08e-07,2.16e-07,0,1,1,4.394449154672439,0.0057434746270657,9259259.25925926,4629629.62962963,53333.33333333333,26666.666666666664,53333.33333333333,9259259.25925926,1.4285714285714286,0.04,-0.3333333333333333,1,53.186295
ASAP7,NORX1,NOR3x1f_ASAP7_6t_L,C,Y,rise,10.0,0.0230399999999999,0.7,25.0,325.211,2.0,2.16e-07,1.08e-07,0,1,1,2.3978952727983707,0.0227785868893395,4629629.62962963,9259259.25925926,106666.66666666666,213333.3333333333,106666.66666666666,4629629.62962963,1.4285714285714286,0.04,0.3333333333333333,1,304.85312
ASAP7,NANDX1,NAND3x1_ASAP7_6t_L,B,Y,fall,5.0,0.0007199999999999,0.7,25.0,7.92496,0.5,1.08e-07,2.16e-07,0,1,1,1.791759469228055,0.0007197409243488,9259259.25925926,4629629.62962963,6666.666666666666,3333.333333333333,3333.333333333333,4629629.62962963,1.4285714285714286,0.04,-0.3333333333333333,1,8.55849
ASAP7,INVX1,INVx1_ASAP7_6t_L,A,Y,rise,5.0,0.0007199999999999,0.7,25.0,7.08085,1.0,5.4e-08,5.4e-08,1,1,1,1.791759469228055,0.0007197409243488,18518518.51851852,18518518.51851852,13333.333333333332,13333.333333333332,13333.333333333332,18518518.51851852,1.4285714285714286,0.04,0.0,1,6.4976497
ASAP7,NANDX1,NAND3x1_ASAP7_6t_L,A,Y,rise,80.0,0.0115199999999999,0.7,25.0,87.1691,0.5,1.08e-07,2.16e-07,0,1,1,4.394449154672439,0.0114541500451158,9259259.25925926,4629629.62962963,106666.66666666666,53333.33333333333,106666.66666666666,9259259.25925926,1.4285714285714286,0.04,-0.3333333333333333,1,91.06472
ASAP7,INVX1,INVx11_ASAP7_6t_L,A,Y,rise,80.0,0.0115199999999999,0.7,25.0,22.3421,1.0,5.4e-08,5.4e-08,1,1,1,4.394449154672439,0.0114541500451158,18518518.51851852,18518518.51851852,213333.3333333333,213333.3333333333,213333.3333333333,18518518.51851852,1.4285714285714286,0.04,0.0,1,34.085438
ASAP7,NANDX1,NAND2x1_ASAP7_6t_L,A,Y,fall,20.0,0.0460799999999999,0.7,25.0,166.805,0.5,1.08e-07,2.16e-07,0,1,1,3.044522437723423,0.0450498445537087,9259259.25925926,4629629.62962963,426666.6666666666,213333.3333333333,213333.3333333333,4629629.62962963,1.4285714285714286,0.04,-0.3333333333333333,1,168.82973
ASAP7,NORX1,NOR2x1_ASAP7_6t_L,B,Y,rise,160.0,0.0057599999999999,0.7,25.0,66.0813,2.0,2.16e-07,1.08e-07,0,1,1,5.081404364984463,0.0057434746270657,4629629.62962963,9259259.25925926,26666.666666666664,53333.33333333333,26666.666666666664,4629629.62962963,1.4285714285714286,0.04,0.3333333333333333,1,47.792263
ASAP7,NORX1,NOR5x1f_ASAP7_6t_L,D,Y,fall,10.0,0.0115199999999999,0.7,25.0,54.4244,2.0,2.16e-07,1.08e-07,0,1,1,2.3978952727983707,0.0114541500451158,4629629.62962963,9259259.25925926,53333.33333333333,106666.66666666666,106666.66666666666,9259259.25925926,1.4285714285714286,0.04,0.3333333333333333,1,48.245518
ASAP7,INVX1,INVx13_ASAP7_6t_L,A,Y,fall,80.0,0.1843199999999999,0.7,25.0,85.6775,1.0,5.4e-08,5.4e-08,1,1,1,4.394449154672439,0.169168770215654,18518518.51851852,18518518.51851852,3413333.333333333,3413333.333333333,3413333.333333333,18518518.51851852,1.4285714285714286,0.04,0.0,1,63.91776
ASAP7,INVX2,INVx2_ASAP7_6t_L,A,Y,fall,40.0,0.0115199999999999,0.7,25.0,36.8193,1.0,1.08e-07,1.08e-07,1,1,1,3.713572066704308,0.0114541500451158,9259259.25925926,9259259.25925926,106666.66666666666,106666.66666666666,106666.66666666666,9259259.25925926,1.4285714285714286,0.04,0.0,1,25.45367
ASAP7,NANDX1,NAND2x1_ASAP7_6t_L,B,Y,fall,10.0,0.0028799999999999,0.7,25.0,15.2109,0.5,1.08e-07,2.16e-07,0,1,1,2.3978952727983707,0.0028758607454642,9259259.25925926,4629629.62962963,26666.666666666664,13333.333333333332,13333.333333333332,4629629.62962963,1.4285714285714286,0.04,-0.3333333333333333,1,8.913683
ASAP7,NORX1,NOR3x1f_ASAP7_6t_L,C,Y,rise,160.0,0.0230399999999999,0.7,25.0,344.736,2.0,2.16e-07,1.08e-07,0,1,1,5.081404364984463,0.0227785868893395,4629629.62962963,9259259.25925926,106666.66666666666,213333.3333333333,106666.66666666666,4629629.62962963,1.4285714285714286,0.04,0.3333333333333333,1,333.08188
ASAP7,INVX2,INVx2_ASAP7_6t_L,A,Y,fall,40.0,0.0230399999999999,0.7,25.0,60.2193,1.0,1.08e-07,1.08e-07,1,1,1,3.713572066704308,0.0227785868893395,9259259.25925926,9259259.25925926,213333.3333333333,213333.3333333333,213333.3333333333,9259259.25925926,1.4285714285714286,0.04,0.0,1,61.589146
ASAP7,NORX1,NOR3x1f_ASAP7_6t_L,B,Y,rise,160.0,0.0003599999999999,0.7,25.0,35.2342,2.0,2.16e-07,1.08e-07,0,1,1,5.081404364984463,0.0003599352155478,4629629.62962963,9259259.25925926,1666.6666666666663,3333.333333333333,1666.6666666666663,4629629.62962963,1.4285714285714286,0.04,0.3333333333333333,1,18.324593
ASAP7,NANDX1,NAND2x1_ASAP7_6t_L,A,Y,rise,80.0,0.0028799999999999,0.7,25.0,42.4889,0.5,1.08e-07,2.16e-07,0,1,1,4.394449154672439,0.0028758607454642,9259259.25925926,4629629.62962963,26666.666666666664,13333.333333333332,26666.666666666664,9259259.25925926,1.4285714285714286,0.04,-0.3333333333333333,1,50.20763
ASAP7,NORX1,NOR5x1f_ASAP7_6t_L,D,Y,rise,20.0,0.0003599999999999,0.7,25.0,30.6905,2.0,2.16e-07,1.08e-07,0,1,1,3.044522437723423,0.0003599352155478,4629629.62962963,9259259.25925926,1666.6666666666663,3333.333333333333,1666.6666666666663,4629629.62962963,1.4285714285714286,0.04,0.3333333333333333,1,16.24753
ASAP7,INVX1,INVx13_ASAP7_6t_L,A,Y,fall,40.0,0.3686399999999999,0.7,25.0,134.895,1.0,5.4e-08,5.4e-08,1,1,1,3.713572066704308,0.3138175460564067,18518518.51851852,18518518.51851852,6826666.666666666,6826666.666666666,6826666.666666666,18518518.51851852,1.4285714285714286,0.04,0.0,1,182.92476
ASAP7,NORX1,NOR3x1f_ASAP7_6t_L,A,Y,rise,40.0,0.0057599999999999,0.7,25.0,96.3332,2.0,2.16e-07,1.08e-07,0,1,1,3.713572066704308,0.0057434746270657,4629629.62962963,9259259.25925926,26666.666666666664,53333.33333333333,26666.666666666664,4629629.62962963,1.4285714285714286,0.04,0.3333333333333333,1,78.08784
ASAP7,NANDX1,NAND2x1_ASAP7_6t_L,A,Y,fall,80.0,0.0028799999999999,0.7,25.0,22.2923,0.5,1.08e-07,2.16e-07,0,1,1,4.394449154672439,0.0028758607454642,9259259.25925926,4629629.62962963,26666.666666666664,13333.333333333332,13333.333333333332,4629629.62962963,1.4285714285714286,0.04,-0.3333333333333333,1,21.222012
ASAP7,NANDX1,NAND3x1_ASAP7_6t_L,B,Y,rise,20.0,0.0014399999999999,0.7,25.0,20.3425,0.5,1.08e-07,2.16e-07,0,1,1,3.044522437723423,0.0014389641942542,9259259.25925926,4629629.62962963,13333.333333333332,6666.666666666666,13333.333333333332,9259259.25925926,1.4285714285714286,0.04,-0.3333333333333333,1,25.416174
ASAP7,NANDX1,NAND2x1_ASAP7_6t_L,A,Y,fall,160.0,0.0028799999999999,0.7,25.0,24.4427,0.5,1.08e-07,2.16e-07,0,1,1,5.081404364984463,0.0028758607454642,9259259.25925926,4629629.62962963,26666.666666666664,13333.333333333332,13333.333333333332,4629629.62962963,1.4285714285714286,0.04,-0.3333333333333333,1,24.075733
ASAP7,NORX1,NOR5x1f_ASAP7_6t_L,C,Y,fall,320.0,0.0007199999999999,0.7,25.0,15.9761,2.0,2.16e-07,1.08e-07,0,1,1,5.771441123130016,0.0007197409243488,4629629.62962963,9259259.25925926,3333.333333333333,6666.666666666666,6666.666666666666,9259259.25925926,1.4285714285714286,0.04,0.3333333333333333,1,1.1738122
ASAP7,NANDX1,NAND2x1p5_ASAP7_6t_L,A,Y,rise,20.0,0.0003599999999999,0.7,25.0,14.2489,0.5,1.08e-07,2.16e-07,0,1,1,3.044522437723423,0.0003599352155478,9259259.25925926,4629629.62962963,3333.333333333333,1666.6666666666663,3333.333333333333,9259259.25925926,1.4285714285714286,0.04,-0.3333333333333333,1,18.612398
ASAP7,NORX1,NOR3x1f_ASAP7_6t_L,B,Y,rise,10.0,0.0007199999999999,0.7,25.0,20.2924,2.0,2.16e-07,1.08e-07,0,1,1,2.3978952727983707,0.0007197409243488,4629629.62962963,9259259.25925926,3333.333333333333,6666.666666666666,3333.333333333333,4629629.62962963,1.4285714285714286,0.04,0.3333333333333333,1,38.69021
ASAP7,NORX1,NOR3x1_ASAP7_6t_L,B,Y,fall,40.0,0.0028799999999999,0.7,25.0,29.2194,2.0,2.16e-07,1.08e-07,0,1,1,3.713572066704308,0.0028758607454642,4629629.62962963,9259259.25925926,13333.333333333332,26666.666666666664,26666.666666666664,9259259.25925926,1.4285714285714286,0.04,0.3333333333333333,1,22.273699
ASAP7,INVX1,INVx11_ASAP7_6t_L,A,Y,fall,20.0,0.3686399999999999,0.7,25.0,149.444,1.0,5.4e-08,5.4e-08,1,1,1,3.044522437723423,0.3138175460564067,18518518.51851852,18518518.51851852,6826666.666666666,6826666.666666666,6826666.666666666,18518518.51851852,1.4285714285714286,0.04,0.0,1,168.22878
ASAP7,NORX1,NOR5x1f_ASAP7_6t_L,C,Y,rise,80.0,0.0014399999999999,0.7,25.0,63.058,2.0,2.16e-07,1.08e-07,0,1,1,4.394449154672439,0.0014389641942542,4629629.62962963,9259259.25925926,6666.666666666666,13333.333333333332,6666.666666666666,4629629.62962963,1.4285714285714286,0.04,0.3333333333333333,1,36.823994
ASAP7,NANDX1,NAND2x1_ASAP7_6t_L,A,Y,rise,80.0,0.0460799999999999,0.7,25.0,256.631,0.5,1.08e-07,2.16e-07,0,1,1,4.394449154672439,0.0450498445537087,9259259.25925926,4629629.62962963,426666.6666666666,213333.3333333333,426666.6666666666,9259259.25925926,1.4285714285714286,0.04,-0.3333333333333333,1,234.19974
ASAP7,NORX1,NOR3x1_ASAP7_6t_L,A,Y,fall,20.0,0.0057599999999999,0.7,25.0,33.9039,2.0,2.16e-07,1.08e-07,0,1,1,3.044522437723423,0.0057434746270657,4629629.62962963,9259259.25925926,26666.666666666664,53333.33333333333,53333.33333333333,9259259.25925926,1.4285714285714286,0.04,0.3333333333333333,1,28.12747
ASAP7,NORX1,NOR3x1f_ASAP7_6t_L,C,Y,fall,10.0,0.0115199999999999,0.7,25.0,53.2982,2.0,2.16e-07,1.08e-07,0,1,1,2.3978952727983707,0.0114541500451158,4629629.62962963,9259259.25925926,53333.33333333333,106666.66666666666,106666.66666666666,9259259.25925926,1.4285714285714286,0.04,0.3333333333333333,1,48.245518
ASAP7,NANDX1,NAND2x1_ASAP7_6t_L,A,Y,fall,320.0,0.0028799999999999,0.7,25.0,23.2309,0.5,1.08e-07,2.16e-07,0,1,1,5.771441123130016,0.0028758607454642,9259259.25925926,4629629.62962963,26666.666666666664,13333.333333333332,13333.333333333332,4629629.62962963,1.4285714285714286,0.04,-0.3333333333333333,1,23.83523
ASAP7,INVX1,INVx11_ASAP7_6t_L,A,Y,fall,320.0,0.1843199999999999,0.7,25.0,148.21,1.0,5.4e-08,5.4e-08,1,1,1,5.771441123130016,0.169168770215654,18518518.51851852,18518518.51851852,3413333.333333333,3413333.333333333,3413333.333333333,18518518.51851852,1.4285714285714286,0.04,0.0,1,133.69118
ASAP7,INVX1,INVx1_ASAP7_6t_L,A,Y,fall,5.0,0.0028799999999999,0.7,25.0,15.0684,1.0,5.4e-08,5.4e-08,1,1,1,1.791759469228055,0.0028758607454642,18518518.51851852,18518518.51851852,53333.33333333333,53333.33333333333,53333.33333333333,18518518.51851852,1.4285714285714286,0.04,0.0,1,8.525459
ASAP7,NORX1,NOR3x1_ASAP7_6t_L,B,Y,rise,320.0,0.0057599999999999,0.7,25.0,69.4216,2.0,2.16e-07,1.08e-07,0,1,1,5.771441123130016,0.0057434746270657,4629629.62962963,9259259.25925926,26666.666666666664,53333.33333333333,26666.666666666664,4629629.62962963,1.4285714285714286,0.04,0.3333333333333333,1,86.13372
ASAP7,NORX1,NOR2x1_ASAP7_6t_L,A,Y,fall,160.0,0.0115199999999999,0.7,25.0,95.584,2.0,2.16e-07,1.08e-07,0,1,1,5.081404364984463,0.0114541500451158,4629629.62962963,9259259.25925926,53333.33333333333,106666.66666666666,106666.66666666666,9259259.25925926,1.4285714285714286,0.04,0.3333333333333333,1,65.888
ASAP7,INVX2,INVx2_ASAP7_6t_L,A,Y,fall,160.0,0.0460799999999999,0.7,25.0,142.426,1.0,1.08e-07,1.08e-07,1,1,1,5.081404364984463,0.0450498445537087,9259259.25925926,9259259.25925926,426666.6666666666,426666.6666666666,426666.6666666666,9259259.25925926,1.4285714285714286,0.04,0.0,1,222.31612
ASAP7,NANDX1,NAND2x1_ASAP7_6t_L,A,Y,fall,80.0,0.0057599999999999,0.7,25.0,34.8688,0.5,1.08e-07,2.16e-07,0,1,1,4.394449154672439,0.0057434746270657,9259259.25925926,4629629.62962963,53333.33333333333,26666.666666666664,26666.666666666664,4629629.62962963,1.4285714285714286,0.04,-0.3333333333333333,1,23.295835
ASAP7,INVX1,INVx1_ASAP7_6t_L,A,Y,rise,20.0,0.0007199999999999,0.7,25.0,11.0337,1.0,5.4e-08,5.4e-08,1,1,1,3.044522437723423,0.0007197409243488,18518518.51851852,18518518.51851852,13333.333333333332,13333.333333333332,13333.333333333332,18518518.51851852,1.4285714285714286,0.04,0.0,1,9.6788025
ASAP7,NORX1,NOR2x1_ASAP7_6t_L,B,Y,rise,80.0,0.0057599999999999,0.7,25.0,52.0908,2.0,2.16e-07,1.08e-07,0,1,1,4.394449154672439,0.0057434746270657,4629629.62962963,9259259.25925926,26666.666666666664,53333.33333333333,26666.666666666664,4629629.62962963,1.4285714285714286,0.04,0.3333333333333333,1,72.84052
ASAP7,NORX1,NOR5x1f_ASAP7_6t_L,B,Y,rise,5.0,0.0028799999999999,0.7,25.0,83.1505,2.0,2.16e-07,1.08e-07,0,1,1,1.791759469228055,0.0028758607454642,4629629.62962963,9259259.25925926,13333.333333333332,26666.666666666664,13333.333333333332,4629629.62962963,1.4285714285714286,0.04,0.3333333333333333,1,31.888498
ASAP7,NORX1,NOR5x1f_ASAP7_6t_L,C,Y,rise,160.0,0.0115199999999999,0.7,25.0,301.938,2.0,2.16e-07,1.08e-07,0,1,1,5.081404364984463,0.0114541500451158,4629629.62962963,9259259.25925926,53333.33333333333,106666.66666666666,53333.33333333333,4629629.62962963,1.4285714285714286,0.04,0.3333333333333333,1,173.93552
ASAP7,NORX1,NOR3x1f_ASAP7_6t_L,A,Y,rise,20.0,0.0007199999999999,0.7,25.0,21.9324,2.0,2.16e-07,1.08e-07,0,1,1,3.044522437723423,0.0007197409243488,4629629.62962963,9259259.25925926,3333.333333333333,6666.666666666666,3333.333333333333,4629629.62962963,1.4285714285714286,0.04,0.3333333333333333,1,27.185719
ASAP7,NORX1,NOR3x1_ASAP7_6t_L,C,Y,rise,320.0,0.0014399999999999,0.7,25.0,22.9436,2.0,2.16e-07,1.08e-07,0,1,1,5.771441123130016,0.0014389641942542,4629629.62962963,9259259.25925926,6666.666666666666,13333.333333333332,6666.666666666666,4629629.62962963,1.4285714285714286,0.04,0.3333333333333333,1,66.96722
ASAP7,NORX1,NOR3x1f_ASAP7_6t_L,B,Y,rise,320.0,0.0007199999999999,0.7,25.0,61.4988,2.0,2.16e-07,1.08e-07,0,1,1,5.771441123130016,0.0007197409243488,4629629.62962963,9259259.25925926,3333.333333333333,6666.666666666666,3333.333333333333,4629629.62962963,1.4285714285714286,0.04,0.3333333333333333,1,63.724564
ASAP7,NORX1,NOR5x1f_ASAP7_6t_L,C,Y,rise,80.0,0.0115199999999999,0.7,25.0,289.881,2.0,2.16e-07,1.08e-07,0,1,1,4.394449154672439,0.0114541500451158,4629629.62962963,9259259.25925926,53333.33333333333,106666.66666666666,53333.33333333333,4629629.62962963,1.4285714285714286,0.04,0.3333333333333333,1,181.54622
ASAP7,NORX1,NOR3x1_ASAP7_6t_L,A,Y,rise,40.0,0.0028799999999999,0.7,25.0,27.5279,2.0,2.16e-07,1.08e-07,0,1,1,3.713572066704308,0.0028758607454642,4629629.62962963,9259259.25925926,13333.333333333332,26666.666666666664,13333.333333333332,4629629.62962963,1.4285714285714286,0.04,0.3333333333333333,1,32.50199
ASAP7,NORX1,NOR3x1_ASAP7_6t_L,B,Y,rise,320.0,0.0230399999999999,0.7,25.0,171.221,2.0,2.16e-07,1.08e-07,0,1,1,5.771441123130016,0.0227785868893395,4629629.62962963,9259259.25925926,106666.66666666666,213333.3333333333,106666.66666666666,4629629.62962963,1.4285714285714286,0.04,0.3333333333333333,1,297.26065
ASAP7,NORX1,NOR3x1f_ASAP7_6t_L,B,Y,rise,10.0,0.0230399999999999,0.7,25.0,324.958,2.0,2.16e-07,1.08e-07,0,1,1,2.3978952727983707,0.0227785868893395,4629629.62962963,9259259.25925926,106666.66666666666,213333.3333333333,106666.66666666666,4629629.62962963,1.4285714285714286,0.04,0.3333333333333333,1,304.85312
ASAP7,NANDX1,NAND2x1_ASAP7_6t_L,A,Y,fall,160.0,0.0115199999999999,0.7,25.0,65.3966,0.5,1.08e-07,2.16e-07,0,1,1,5.081404364984463,0.0114541500451158,9259259.25925926,4629629.62962963,106666.66666666666,53333.33333333333,53333.33333333333,4629629.62962963,1.4285714285714286,0.04,-0.3333333333333333,1,68.847206
ASAP7,NORX1,NOR2x1_ASAP7_6t_L,B,Y,rise,80.0,0.0014399999999999,0.7,25.0,24.1124,2.0,2.16e-07,1.08e-07,0,1,1,4.394449154672439,0.0014389641942542,4629629.62962963,9259259.25925926,6666.666666666666,13333.333333333332,6666.666666666666,4629629.62962963,1.4285714285714286,0.04,0.3333333333333333,1,36.823994
ASAP7,NORX1,NOR5x1f_ASAP7_6t_L,D,Y,fall,320.0,0.0007199999999999,0.7,25.0,18.1515,2.0,2.16e-07,1.08e-07,0,1,1,5.771441123130016,0.0007197409243488,4629629.62962963,9259259.25925926,3333.333333333333,6666.666666666666,6666.666666666666,9259259.25925926,1.4285714285714286,0.04,0.3333333333333333,1,1.1738122
ASAP7,NANDX1,NAND2x1_ASAP7_6t_L,B,Y,rise,5.0,0.0230399999999999,0.7,25.0,118.789,0.5,1.08e-07,2.16e-07,0,1,1,1.791759469228055,0.0227785868893395,9259259.25925926,4629629.62962963,213333.3333333333,106666.66666666666,213333.3333333333,9259259.25925926,1.4285714285714286,0.04,-0.3333333333333333,1,119.62928
ASAP7,NORX1,NOR3x1f_ASAP7_6t_L,B,Y,rise,5.0,0.0003599999999999,0.7,25.0,14.4131,2.0,2.16e-07,1.08e-07,0,1,1,1.791759469228055,0.0003599352155478,4629629.62962963,9259259.25925926,1666.6666666666663,3333.333333333333,1666.6666666666663,4629629.62962963,1.4285714285714286,0.04,0.3333333333333333,1,15.5649805
ASAP7,NANDX1,NAND2x1_ASAP7_6t_L,B,Y,rise,160.0,0.0028799999999999,0.7,25.0,53.8927,0.5,1.08e-07,2.16e-07,0,1,1,5.081404364984463,0.0028758607454642,9259259.25925926,4629629.62962963,26666.666666666664,13333.333333333332,26666.666666666664,9259259.25925926,1.4285714285714286,0.04,-0.3333333333333333,1,44.22166
ASAP7,NORX1,NOR5x1f_ASAP7_6t_L,C,Y,fall,320.0,0.0230399999999999,0.7,25.0,181.966,2.0,2.16e-07,1.08e-07,0,1,1,5.771441123130016,0.0227785868893395,4629629.62962963,9259259.25925926,106666.66666666666,213333.3333333333,213333.3333333333,9259259.25925926,1.4285714285714286,0.04,0.3333333333333333,1,156.88664
ASAP7,NORX1,NOR3x1_ASAP7_6t_L,A,Y,rise,320.0,0.0007199999999999,0.7,25.0,27.0404,2.0,2.16e-07,1.08e-07,0,1,1,5.771441123130016,0.0007197409243488,4629629.62962963,9259259.25925926,3333.333333333333,6666.666666666666,3333.333333333333,4629629.62962963,1.4285714285714286,0.04,0.3333333333333333,1,1.192617
ASAP7,NORX1,NOR5x1f_ASAP7_6t_L,A,Y,rise,5.0,0.0003599999999999,0.7,25.0,22.8681,2.0,2.16e-07,1.08e-07,0,1,1,1.791759469228055,0.0003599352155478,4629629.62962963,9259259.25925926,1666.6666666666663,3333.333333333333,1666.6666666666663,4629629.62962963,1.4285714285714286,0.04,0.3333333333333333,1,15.5649805
ASAP7,NORX1,NOR2x1_ASAP7_6t_L,A,Y,fall,80.0,0.0057599999999999,0.7,25.0,50.105,2.0,2.16e-07,1.08e-07,0,1,1,4.394449154672439,0.0057434746270657,4629629.62962963,9259259.25925926,26666.666666666664,53333.33333333333,53333.33333333333,9259259.25925926,1.4285714285714286,0.04,0.3333333333333333,1,39.294956
ASAP7,NORX1,NOR2x1_ASAP7_6t_L,B,Y,fall,10.0,0.0014399999999999,0.7,25.0,11.944,2.0,2.16e-07,1.08e-07,0,1,1,2.3978952727983707,0.0014389641942542,4629629.62962963,9259259.25925926,6666.666666666666,13333.333333333332,13333.333333333332,9259259.25925926,1.4285714285714286,0.04,0.3333333333333333,1,12.131723
ASAP7,NORX1,NOR5x1f_ASAP7_6t_L,B,Y,rise,5.0,0.0115199999999999,0.7,25.0,277.754,2.0,2.16e-07,1.08e-07,0,1,1,1.791759469228055,0.0114541500451158,4629629.62962963,9259259.25925926,53333.33333333333,106666.66666666666,53333.33333333333,4629629.62962963,1.4285714285714286,0.04,0.3333333333333333,1,139.48363
ASAP7,NORX1,NOR3x1_ASAP7_6t_L,A,Y,fall,320.0,0.0028799999999999,0.7,25.0,57.4281,2.0,2.16e-07,1.08e-07,0,1,1,5.771441123130016,0.0028758607454642,4629629.62962963,9259259.25925926,13333.333333333332,26666.666666666664,26666.666666666664,9259259.25925926,1.4285714285714286,0.04,0.3333333333333333,1,37.391388
ASAP7,INVX1,INVx1_ASAP7_6t_L,A,Y,rise,20.0,0.0014399999999999,0.7,25.0,15.3247,1.0,5.4e-08,5.4e-08,1,1,1,3.044522437723423,0.0014389641942542,18518518.51851852,18518518.51851852,26666.666666666664,26666.666666666664,26666.666666666664,18518518.51851852,1.4285714285714286,0.04,0.0,1,10.037436
ASAP7,INVX2,INVx2_ASAP7_6t_L,A,Y,rise,40.0,0.0921599999999999,0.7,25.0,240.76,1.0,1.08e-07,1.08e-07,1,1,1,3.713572066704308,0.0881573867362051,9259259.25925926,9259259.25925926,853333.3333333333,853333.3333333333,853333.3333333333,9259259.25925926,1.4285714285714286,0.04,0.0,1,218.88466
ASAP7,NANDX1,NAND2x1p5_ASAP7_6t_L,B,Y,rise,10.0,0.0230399999999999,0.7,25.0,121.643,0.5,1.08e-07,2.16e-07,0,1,1,2.3978952727983707,0.0227785868893395,9259259.25925926,4629629.62962963,213333.3333333333,106666.66666666666,213333.3333333333,9259259.25925926,1.4285714285714286,0.04,-0.3333333333333333,1,127.61167
ASAP7,NORX1,NOR3x1_ASAP7_6t_L,B,Y,rise,20.0,0.0007199999999999,0.7,25.0,13.2154,2.0,2.16e-07,1.08e-07,0,1,1,3.044522437723423,0.0007197409243488,4629629.62962963,9259259.25925926,3333.333333333333,6666.666666666666,3333.333333333333,4629629.62962963,1.4285714285714286,0.04,0.3333333333333333,1,27.386051
ASAP7,INVX2,INVx2_ASAP7_6t_L,A,Y,fall,20.0,0.0230399999999999,0.7,25.0,54.5303,1.0,1.08e-07,1.08e-07,1,1,1,3.044522437723423,0.0227785868893395,9259259.25925926,9259259.25925926,213333.3333333333,213333.3333333333,213333.3333333333,9259259.25925926,1.4285714285714286,0.04,0.0,1,61.515892
ASAP7,NANDX1,NAND3x1_ASAP7_6t_L,A,Y,fall,320.0,0.0115199999999999,0.7,25.0,89.1148,0.5,1.08e-07,2.16e-07,0,1,1,5.771441123130016,0.0114541500451158,9259259.25925926,4629629.62962963,106666.66666666666,53333.33333333333,53333.33333333333,4629629.62962963,1.4285714285714286,0.04,-0.3333333333333333,1,107.855095
ASAP7,INVX1,INVx1_ASAP7_6t_L,A,Y,fall,20.0,0.0007199999999999,0.7,25.0,9.18653,1.0,5.4e-08,5.4e-08,1,1,1,3.044522437723423,0.0007197409243488,18518518.51851852,18518518.51851852,13333.333333333332,13333.333333333332,13333.333333333332,18518518.51851852,1.4285714285714286,0.04,0.0,1,8.989682
ASAP7,NORX1,NOR2x1_ASAP7_6t_L,A,Y,fall,320.0,0.0014399999999999,0.7,25.0,43.6459,2.0,2.16e-07,1.08e-07,0,1,1,5.771441123130016,0.0014389641942542,4629629.62962963,9259259.25925926,6666.666666666666,13333.333333333332,13333.333333333332,9259259.25925926,1.4285714285714286,0.04,0.3333333333333333,1,1.174386
ASAP7,NORX1,NOR2x1_ASAP7_6t_L,B,Y,fall,160.0,0.0460799999999999,0.7,25.0,238.006,2.0,2.16e-07,1.08e-07,0,1,1,5.081404364984463,0.0450498445537087,4629629.62962963,9259259.25925926,213333.3333333333,426666.6666666666,426666.6666666666,9259259.25925926,1.4285714285714286,0.04,0.3333333333333333,1,177.77678
ASAP7,NORX1,NOR5x1f_ASAP7_6t_L,E,Y,fall,160.0,0.0115199999999999,0.7,25.0,94.7919,2.0,2.16e-07,1.08e-07,0,1,1,5.081404364984463,0.0114541500451158,4629629.62962963,9259259.25925926,53333.33333333333,106666.66666666666,106666.66666666666,9259259.25925926,1.4285714285714286,0.04,0.3333333333333333,1,65.888
ASAP7,NORX1,NOR3x1_ASAP7_6t_L,B,Y,rise,10.0,0.0115199999999999,0.7,25.0,61.8215,2.0,2.16e-07,1.08e-07,0,1,1,2.3978952727983707,0.0114541500451158,4629629.62962963,9259259.25925926,53333.33333333333,106666.66666666666,53333.33333333333,4629629.62962963,1.4285714285714286,0.04,0.3333333333333333,1,153.73238
ASAP7,NORX1,NOR5x1f_ASAP7_6t_L,A,Y,rise,320.0,0.0007199999999999,0.7,25.0,93.866,2.0,2.16e-07,1.08e-07,0,1,1,5.771441123130016,0.0007197409243488,4629629.62962963,9259259.25925926,3333.333333333333,6666.666666666666,3333.333333333333,4629629.62962963,1.4285714285714286,0.04,0.3333333333333333,1,63.724564
ASAP7,NORX1,NOR5x1f_ASAP7_6t_L,D,Y,fall,20.0,0.0230399999999999,0.7,25.0,104.502,2.0,2.16e-07,1.08e-07,0,1,1,3.044522437723423,0.0227785868893395,4629629.62962963,9259259.25925926,106666.66666666666,213333.3333333333,213333.3333333333,9259259.25925926,1.4285714285714286,0.04,0.3333333333333333,1,121.11496
ASAP7,NORX1,NOR2x1_ASAP7_6t_L,B,Y,fall,5.0,0.0115199999999999,0.7,25.0,52.1249,2.0,2.16e-07,1.08e-07,0,1,1,1.791759469228055,0.0114541500451158,4629629.62962963,9259259.25925926,53333.33333333333,106666.66666666666,106666.66666666666,9259259.25925926,1.4285714285714286,0.04,0.3333333333333333,1,42.714035
ASAP7,NORX1,NOR2x1_ASAP7_6t_L,A,Y,rise,80.0,0.0115199999999999,0.7,25.0,74.7564,2.0,2.16e-07,1.08e-07,0,1,1,4.394449154672439,0.0114541500451158,4629629.62962963,9259259.25925926,53333.33333333333,106666.66666666666,53333.33333333333,4629629.62962963,1.4285714285714286,0.04,0.3333333333333333,1,181.54622
ASAP7,NORX1,NOR5x1f_ASAP7_6t_L,A,Y,fall,10.0,0.0115199999999999,0.7,25.0,53.2556,2.0,2.16e-07,1.08e-07,0,1,1,2.3978952727983707,0.0114541500451158,4629629.62962963,9259259.25925926,53333.33333333333,106666.66666666666,106666.66666666666,9259259.25925926,1.4285714285714286,0.04,0.3333333333333333,1,48.245518
ASAP7,NORX1,NOR3x1f_ASAP7_6t_L,B,Y,fall,20.0,0.0115199999999999,0.7,25.0,55.7109,2.0,2.16e-07,1.08e-07,0,1,1,3.044522437723423,0.0114541500451158,4629629.62962963,9259259.25925926,53333.33333333333,106666.66666666666,106666.66666666666,9259259.25925926,1.4285714285714286,0.04,0.3333333333333333,1,53.74294
ASAP7,NORX1,NOR5x1f_ASAP7_6t_L,C,Y,rise,20.0,0.0007199999999999,0.7,25.0,37.8515,2.0,2.16e-07,1.08e-07,0,1,1,3.044522437723423,0.0007197409243488,4629629.62962963,9259259.25925926,3333.333333333333,6666.666666666666,3333.333333333333,4629629.62962963,1.4285714285714286,0.04,0.3333333333333333,1,27.386055
ASAP7,NORX1,NOR3x1_ASAP7_6t_L,B,Y,fall,80.0,0.0007199999999999,0.7,25.0,22.9051,2.0,2.16e-07,1.08e-07,0,1,1,4.394449154672439,0.0007197409243488,4629629.62962963,9259259.25925926,3333.333333333333,6666.666666666666,6666.666666666666,9259259.25925926,1.4285714285714286,0.04,0.3333333333333333,1,19.546381
ASAP7,NANDX1,NAND2x1_ASAP7_6t_L,A,Y,rise,20.0,0.0028799999999999,0.7,25.0,25.7975,0.5,1.08e-07,2.16e-07,0,1,1,3.044522437723423,0.0028758607454642,9259259.25925926,4629629.62962963,26666.666666666664,13333.333333333332,26666.666666666664,9259259.25925926,1.4285714285714286,0.04,-0.3333333333333333,1,38.359234
ASAP7,NORX1,NOR5x1f_ASAP7_6t_L,C,Y,fall,40.0,0.0007199999999999,0.7,25.0,14.7466,2.0,2.16e-07,1.08e-07,0,1,1,3.713572066704308,0.0007197409243488,4629629.62962963,9259259.25925926,3333.333333333333,6666.666666666666,6666.666666666666,9259259.25925926,1.4285714285714286,0.04,0.3333333333333333,1,15.705981
ASAP7,NANDX1,NAND2x1_ASAP7_6t_L,B,Y,rise,20.0,0.0115199999999999,0.7,25.0,66.6623,0.5,1.08e-07,2.16e-07,0,1,1,3.044522437723423,0.0114541500451158,9259259.25925926,4629629.62962963,106666.66666666666,53333.33333333333,106666.66666666666,9259259.25925926,1.4285714285714286,0.04,-0.3333333333333333,1,61.343357
ASAP7,INVX1,INVx11_ASAP7_6t_L,A,Y,fall,20.0,0.0921599999999999,0.7,25.0,43.0846,1.0,5.4e-08,5.4e-08,1,1,1,3.044522437723423,0.0881573867362051,18518518.51851852,18518518.51851852,1706666.6666666665,1706666.6666666665,1706666.6666666665,18518518.51851852,1.4285714285714286,0.04,0.0,1,35.500492
ASAP7,NANDX1,NAND3x1_ASAP7_6t_L,A,Y,rise,80.0,0.0014399999999999,0.7,25.0,30.9614,0.5,1.08e-07,2.16e-07,0,1,1,4.394449154672439,0.0014389641942542,9259259.25925926,4629629.62962963,13333.333333333332,6666.666666666666,13333.333333333332,9259259.25925926,1.4285714285714286,0.04,-0.3333333333333333,1,30.927418
ASAP7,NORX1,NOR3x1f_ASAP7_6t_L,B,Y,fall,20.0,0.0057599999999999,0.7,25.0,32.1722,2.0,2.16e-07,1.08e-07,0,1,1,3.044522437723423,0.0057434746270657,4629629.62962963,9259259.25925926,26666.666666666664,53333.33333333333,53333.33333333333,9259259.25925926,1.4285714285714286,0.04,0.3333333333333333,1,28.12747
ASAP7,NORX1,NOR3x1_ASAP7_6t_L,B,Y,rise,160.0,0.0014399999999999,0.7,25.0,26.7285,2.0,2.16e-07,1.08e-07,0,1,1,5.081404364984463,0.0014389641942542,4629629.62962963,9259259.25925926,6666.666666666666,13333.333333333332,6666.666666666666,4629629.62962963,1.4285714285714286,0.04,0.3333333333333333,1,26.89651
ASAP7,INVX1,INVx11_ASAP7_6t_L,A,Y,rise,320.0,0.3686399999999999,0.7,25.0,273.284,1.0,5.4e-08,5.4e-08,1,1,1,5.771441123130016,0.3138175460564067,18518518.51851852,18518518.51851852,6826666.666666666,6826666.666666666,6826666.666666666,18518518.51851852,1.4285714285714286,0.04,0.0,1,199.24557
ASAP7,NANDX1,NAND2x1_ASAP7_6t_L,B,Y,fall,5.0,0.0230399999999999,0.7,25.0,83.7707,0.5,1.08e-07,2.16e-07,0,1,1,1.791759469228055,0.0227785868893395,9259259.25925926,4629629.62962963,213333.3333333333,106666.66666666666,106666.66666666666,4629629.62962963,1.4285714285714286,0.04,-0.3333333333333333,1,64.77831
ASAP7,NANDX1,NAND2x1_ASAP7_6t_L,B,Y,rise,20.0,0.0230399999999999,0.7,25.0,123.222,0.5,1.08e-07,2.16e-07,0,1,1,3.044522437723423,0.0227785868893395,9259259.25925926,4629629.62962963,213333.3333333333,106666.66666666666,213333.3333333333,9259259.25925926,1.4285714285714286,0.04,-0.3333333333333333,1,134.3926
ASAP7,NORX1,NOR3x1_ASAP7_6t_L,A,Y,rise,5.0,0.0014399999999999,0.7,25.0,12.2288,2.0,2.16e-07,1.08e-07,0,1,1,1.791759469228055,0.0014389641942542,4629629.62962963,9259259.25925926,6666.666666666666,13333.333333333332,6666.666666666666,4629629.62962963,1.4285714285714286,0.04,0.3333333333333333,1,25.097095
ASAP7,INVX1,INVx1_ASAP7_6t_L,A,Y,fall,5.0,0.0460799999999999,0.7,25.0,192.021,1.0,5.4e-08,5.4e-08,1,1,1,1.791759469228055,0.0450498445537087,18518518.51851852,18518518.51851852,853333.3333333333,853333.3333333333,853333.3333333333,18518518.51851852,1.4285714285714286,0.04,0.0,1,201.76794
ASAP7,NORX1,NOR3x1f_ASAP7_6t_L,C,Y,fall,80.0,0.0057599999999999,0.7,25.0,48.1301,2.0,2.16e-07,1.08e-07,0,1,1,4.394449154672439,0.0057434746270657,4629629.62962963,9259259.25925926,26666.666666666664,53333.33333333333,53333.33333333333,9259259.25925926,1.4285714285714286,0.04,0.3333333333333333,1,39.294956
ASAP7,NANDX1,NAND2x1_ASAP7_6t_L,A,Y,rise,40.0,0.0057599999999999,0.7,25.0,46.4017,0.5,1.08e-07,2.16e-07,0,1,1,3.713572066704308,0.0057434746270657,9259259.25925926,4629629.62962963,53333.33333333333,26666.666666666664,53333.33333333333,9259259.25925926,1.4285714285714286,0.04,-0.3333333333333333,1,47.443756
ASAP7,NORX1,NOR3x1_ASAP7_6t_L,A,Y,fall,160.0,0.0014399999999999,0.7,25.0,31.8236,2.0,2.16e-07,1.08e-07,0,1,1,5.081404364984463,0.0014389641942542,4629629.62962963,9259259.25925926,6666.666666666666,13333.333333333332,13333.333333333332,9259259.25925926,1.4285714285714286,0.04,0.3333333333333333,1,27.294607
ASAP7,NORX1,NOR5x1f_ASAP7_6t_L,A,Y,rise,80.0,0.0115199999999999,0.7,25.0,291.332,2.0,2.16e-07,1.08e-07,0,1,1,4.394449154672439,0.0114541500451158,4629629.62962963,9259259.25925926,53333.33333333333,106666.66666666666,53333.33333333333,4629629.62962963,1.4285714285714286,0.04,0.3333333333333333,1,181.5547
ASAP7,NORX1,NOR2x1_ASAP7_6t_L,B,Y,rise,160.0,0.0007199999999999,0.7,25.0,22.9009,2.0,2.16e-07,1.08e-07,0,1,1,5.081404364984463,0.0007197409243488,4629629.62962963,9259259.25925926,3333.333333333333,6666.666666666666,3333.333333333333,4629629.62962963,1.4285714285714286,0.04,0.3333333333333333,1,23.038242
ASAP7,NORX1,NOR2x1_ASAP7_6t_L,B,Y,fall,160.0,0.0230399999999999,0.7,25.0,143.805,2.0,2.16e-07,1.08e-07,0,1,1,5.081404364984463,0.0227785868893395,4629629.62962963,9259259.25925926,106666.66666666666,213333.3333333333,213333.3333333333,9259259.25925926,1.4285714285714286,0.04,0.3333333333333333,1,173.70908
ASAP7,NANDX1,NAND2x1p5_ASAP7_6t_L,A,Y,rise,80.0,0.0014399999999999,0.7,25.0,35.1628,0.5,1.08e-07,2.16e-07,0,1,1,4.394449154672439,0.0014389641942542,9259259.25925926,4629629.62962963,13333.333333333332,6666.666666666666,13333.333333333332,9259259.25925926,1.4285714285714286,0.04,-0.3333333333333333,1,36.275375
ASAP7,NANDX1,NAND2x1_ASAP7_6t_L,A,Y,fall,10.0,0.0028799999999999,0.7,25.0,15.6031,0.5,1.08e-07,2.16e-07,0,1,1,2.3978952727983707,0.0028758607454642,9259259.25925926,4629629.62962963,26666.666666666664,13333.333333333332,13333.333333333332,4629629.62962963,1.4285714285714286,0.04,-0.3333333333333333,1,7.112429
ASAP7,NORX1,NOR3x1_ASAP7_6t_L,C,Y,rise,5.0,0.0115199999999999,0.7,25.0,61.2505,2.0,2.16e-07,1.08e-07,0,1,1,1.791759469228055,0.0114541500451158,4629629.62962963,9259259.25925926,53333.33333333333,106666.66666666666,53333.33333333333,4629629.62962963,1.4285714285714286,0.04,0.3333333333333333,1,139.48363
ASAP7,NORX1,NOR3x1_ASAP7_6t_L,A,Y,rise,320.0,0.0460799999999999,0.7,25.0,302.162,2.0,2.16e-07,1.08e-07,0,1,1,5.771441123130016,0.0450498445537087,4629629.62962963,9259259.25925926,213333.3333333333,426666.6666666666,213333.3333333333,4629629.62962963,1.4285714285714286,0.04,0.3333333333333333,1,297.7357
ASAP7,NANDX1,NAND3x1_ASAP7_6t_L,A,Y,fall,80.0,0.0115199999999999,0.7,25.0,61.2479,0.5,1.08e-07,2.16e-07,0,1,1,4.394449154672439,0.0114541500451158,9259259.25925926,4629629.62962963,106666.66666666666,53333.33333333333,53333.33333333333,4629629.62962963,1.4285714285714286,0.04,-0.3333333333333333,1,76.175285
ASAP7,INVX1,INVx1_ASAP7_6t_L,A,Y,fall,320.0,0.0115199999999999,0.7,25.0,114.341,1.0,5.4e-08,5.4e-08,1,1,1,5.771441123130016,0.0114541500451158,18518518.51851852,18518518.51851852,213333.3333333333,213333.3333333333,213333.3333333333,18518518.51851852,1.4285714285714286,0.04,0.0,1,112.43436
ASAP7,NORX1,NOR5x1f_ASAP7_6t_L,C,Y,rise,10.0,0.0014399999999999,0.7,25.0,53.3048,2.0,2.16e-07,1.08e-07,0,1,1,2.3978952727983707,0.0014389641942542,4629629.62962963,9259259.25925926,6666.666666666666,13333.333333333332,6666.666666666666,4629629.62962963,1.4285714285714286,0.04,0.3333333333333333,1,41.75465
ASAP7,NORX1,NOR5x1f_ASAP7_6t_L,B,Y,fall,80.0,0.0007199999999999,0.7,25.0,16.4091,2.0,2.16e-07,1.08e-07,0,1,1,4.394449154672439,0.0007197409243488,4629629.62962963,9259259.25925926,3333.333333333333,6666.666666666666,6666.666666666666,9259259.25925926,1.4285714285714286,0.04,0.3333333333333333,1,19.534277
ASAP7,NORX1,NOR5x1f_ASAP7_6t_L,A,Y,fall,80.0,0.0115199999999999,0.7,25.0,73.5607,2.0,2.16e-07,1.08e-07,0,1,1,4.394449154672439,0.0114541500451158,4629629.62962963,9259259.25925926,53333.33333333333,106666.66666666666,106666.66666666666,9259259.25925926,1.4285714285714286,0.04,0.3333333333333333,1,63.030884
ASAP7,NORX1,NOR3x1_ASAP7_6t_L,A,Y,rise,5.0,0.0230399999999999,0.7,25.0,112.215,2.0,2.16e-07,1.08e-07,0,1,1,1.791759469228055,0.0227785868893395,4629629.62962963,9259259.25925926,106666.66666666666,213333.3333333333,106666.66666666666,4629629.62962963,1.4285714285714286,0.04,0.3333333333333333,0,300.07977
ASAP7,NORX1,NOR5x1f_ASAP7_6t_L,D,Y,rise,40.0,0.0057599999999999,0.7,25.0,155.404,2.0,2.16e-07,1.08e-07,0,1,1,3.713572066704308,0.0057434746270657,4629629.62962963,9259259.25925926,26666.666666666664,53333.33333333333,26666.666666666664,4629629.62962963,1.4285714285714286,0.04,0.3333333333333333,0,78.8707
ASAP7,NANDX1,NAND3x1_ASAP7_6t_L,A,Y,rise,160.0,0.0115199999999999,0.7,25.0,112.644,0.5,1.08e-07,2.16e-07,0,1,1,5.081404364984463,0.0114541500451158,9259259.25925926,4629629.62962963,106666.66666666666,53333.33333333333,106666.66666666666,9259259.25925926,1.4285714285714286,0.04,-0.3333333333333333,0,95.09903
ASAP7,INVX2,INVx2_ASAP7_6t_L,A,Y,rise,5.0,0.0057599999999999,0.7,25.0,17.4941,1.0,1.08e-07,1.08e-07,1,1,1,1.791759469228055,0.0057434746270657,9259259.25925926,9259259.25925926,53333.33333333333,53333.33333333333,53333.33333333333,9259259.25925926,1.4285714285714286,0.04,0.0,0,17.828993
ASAP7,NORX1,NOR3x1_ASAP7_6t_L,A,Y,fall,320.0,0.0014399999999999,0.7,25.0,41.9099,2.0,2.16e-07,1.08e-07,0,1,1,5.771441123130016,0.0014389641942542,4629629.62962963,9259259.25925926,6666.666666666666,13333.333333333332,13333.333333333332,9259259.25925926,1.4285714285714286,0.04,0.3333333333333333,0,1.174386
ASAP7,NANDX1,NAND2x1_ASAP7_6t_L,A,Y,rise,20.0,0.0115199999999999,0.7,25.0,68.2066,0.5,1.08e-07,2.16e-07,0,1,1,3.044522437723423,0.0114541500451158,9259259.25925926,4629629.62962963,106666.66666666666,53333.33333333333,106666.66666666666,9259259.25925926,1.4285714285714286,0.04,-0.3333333333333333,0,61.343357
ASAP7,NORX1,NOR5x1f_ASAP7_6t_L,A,Y,fall,40.0,0.0003599999999999,0.7,25.0,10.6531,2.0,2.16e-07,1.08e-07,0,1,1,3.713572066704308,0.0003599352155478,4629629.62962963,9259259.25925926,1666.6666666666663,3333.333333333333,3333.333333333333,9259259.25925926,1.4285714285714286,0.04,0.3333333333333333,0,15.032116
ASAP7,NANDX1,NAND2x1_ASAP7_6t_L,B,Y,rise,160.0,0.0057599999999999,0.7,25.0,75.8,0.5,1.08e-07,2.16e-07,0,1,1,5.081404364984463,0.0057434746270657,9259259.25925926,4629629.62962963,53333.33333333333,26666.666666666664,53333.33333333333,9259259.25925926,1.4285714285714286,0.04,-0.3333333333333333,0,58.722836
ASAP7,NANDX1,NAND3x1_ASAP7_6t_L,C,Y,fall,40.0,0.0007199999999999,0.7,25.0,10.1207,0.5,1.08e-07,2.16e-07,0,1,1,3.713572066704308,0.0007197409243488,9259259.25925926,4629629.62962963,6666.666666666666,3333.333333333333,3333.333333333333,4629629.62962963,1.4285714285714286,0.04,-0.3333333333333333,0,8.871296
ASAP7,NORX1,NOR5x1f_ASAP7_6t_L,B,Y,fall,160.0,0.0230399999999999,0.7,25.0,144.055,2.0,2.16e-07,1.08e-07,0,1,1,5.081404364984463,0.0227785868893395,4629629.62962963,9259259.25925926,106666.66666666666,213333.3333333333,213333.3333333333,9259259.25925926,1.4285714285714286,0.04,0.3333333333333333,0,177.20824
ASAP7,NANDX1,NAND2x1p5_ASAP7_6t_L,A,Y,fall,5.0,0.0003599999999999,0.7,25.0,4.85872,0.5,1.08e-07,2.16e-07,0,1,1,1.791759469228055,0.0003599352155478,9259259.25925926,4629629.62962963,3333.333333333333,1666.6666666666663,1666.6666666666663,4629629.62962963,1.4285714285714286,0.04,-0.3333333333333333,0,8.557502
ASAP7,NANDX1,NAND2x1p5_ASAP7_6t_L,B,Y,fall,160.0,0.0007199999999999,0.7,25.0,5.46547,0.5,1.08e-07,2.16e-07,0,1,1,5.081404364984463,0.0007197409243488,9259259.25925926,4629629.62962963,6666.666666666666,3333.333333333333,3333.333333333333,4629629.62962963,1.4285714285714286,0.04,-0.3333333333333333,0,16.109312
ASAP7,NORX1,NOR5x1f_ASAP7_6t_L,B,Y,rise,160.0,0.0230399999999999,0.7,25.0,565.267,2.0,2.16e-07,1.08e-07,0,1,1,5.081404364984463,0.0227785868893395,4629629.62962963,9259259.25925926,106666.66666666666,213333.3333333333,106666.66666666666,4629629.62962963,1.4285714285714286,0.04,0.3333333333333333,0,330.48788
ASAP7,NORX1,NOR5x1f_ASAP7_6t_L,C,Y,rise,5.0,0.0007199999999999,0.7,25.0,36.2162,2.0,2.16e-07,1.08e-07,0,1,1,1.791759469228055,0.0007197409243488,4629629.62962963,9259259.25925926,3333.333333333333,6666.666666666666,3333.333333333333,4629629.62962963,1.4285714285714286,0.04,0.3333333333333333,0,23.060722
ASAP7,NORX1,NOR3x1f_ASAP7_6t_L,A,Y,fall,10.0,0.0007199999999999,0.7,25.0,8.3372,2.0,2.16e-07,1.08e-07,0,1,1,2.3978952727983707,0.0007197409243488,4629629.62962963,9259259.25925926,3333.333333333333,6666.666666666666,6666.666666666666,9259259.25925926,1.4285714285714286,0.04,0.3333333333333333,0,10.803201
ASAP7,NANDX1,NAND3x1_ASAP7_6t_L,C,Y,rise,160.0,0.0014399999999999,0.7,25.0,53.8544,0.5,1.08e-07,2.16e-07,0,1,1,5.081404364984463,0.0014389641942542,9259259.25925926,4629629.62962963,13333.333333333332,6666.666666666666,13333.333333333332,9259259.25925926,1.4285714285714286,0.04,-0.3333333333333333,0,42.281754
ASAP7,INVX1,INVx13_ASAP7_6t_L,A,Y,fall,160.0,0.7372799999999999,0.7,25.0,290.576,1.0,5.4e-08,5.4e-08,1,1,1,5.081404364984463,0.5523206717349491,18518518.51851852,18518518.51851852,13653333.333333332,13653333.333333332,13653333.333333332,18518518.51851852,1.4285714285714286,0.04,0.0,0,337.7167
ASAP7,NANDX1,NAND3x1_ASAP7_6t_L,A,Y,rise,10.0,0.0014399999999999,0.7,25.0,15.0001,0.5,1.08e-07,2.16e-07,0,1,1,2.3978952727983707,0.0014389641942542,9259259.25925926,4629629.62962963,13333.333333333332,6666.666666666666,13333.333333333332,9259259.25925926,1.4285714285714286,0.04,-0.3333333333333333,0,17.508512
ASAP7,INVX1,INVx1_ASAP7_6t_L,A,Y,rise,320.0,0.0028799999999999,0.7,25.0,68.1681,1.0,5.4e-08,5.4e-08,1,1,1,5.771441123130016,0.0028758607454642,18518518.51851852,18518518.51851852,53333.33333333333,53333.33333333333,53333.33333333333,18518518.51851852,1.4285714285714286,0.04,0.0,0,69.848854
ASAP7,NORX1,NOR3x1_ASAP7_6t_L,B,Y,fall,160.0,0.0007199999999999,0.7,25.0,30.2693,2.0,2.16e-07,1.08e-07,0,1,1,5.081404364984463,0.0007197409243488,4629629.62962963,9259259.25925926,3333.333333333333,6666.666666666666,6666.666666666666,9259259.25925926,1.4285714285714286,0.04,0.3333333333333333,0,24.50729
ASAP7,NORX1,NOR2x1_ASAP7_6t_L,A,Y,rise,10.0,0.0230399999999999,0.7,25.0,114.111,2.0,2.16e-07,1.08e-07,0,1,1,2.3978952727983707,0.0227785868893395,4629629.62962963,9259259.25925926,106666.66666666666,213333.3333333333,106666.66666666666,4629629.62962963,1.4285714285714286,0.04,0.3333333333333333,0,1.1085159
ASAP7,INVX1,INVx11_ASAP7_6t_L,A,Y,fall,40.0,0.0057599999999999,0.7,25.0,9.48213,1.0,5.4e-08,5.4e-08,1,1,1,3.713572066704308,0.0057434746270657,18518518.51851852,18518518.51851852,106666.66666666666,106666.66666666666,106666.66666666666,18518518.51851852,1.4285714285714286,0.04,0.0,0,89.91006
ASAP7,NORX1,NOR5x1f_ASAP7_6t_L,C,Y,fall,5.0,0.0003599999999999,0.7,25.0,6.55751,2.0,2.16e-07,1.08e-07,0,1,1,1.791759469228055,0.0003599352155478,4629629.62962963,9259259.25925926,1666.6666666666663,3333.333333333333,3333.333333333333,9259259.25925926,1.4285714285714286,0.04,0.3333333333333333,0,8.154864
ASAP7,NORX1,NOR3x1f_ASAP7_6t_L,A,Y,fall,320.0,0.0028799999999999,0.7,25.0,42.1285,2.0,2.16e-07,1.08e-07,0,1,1,5.771441123130016,0.0028758607454642,4629629.62962963,9259259.25925926,13333.333333333332,26666.666666666664,26666.666666666664,9259259.25925926,1.4285714285714286,0.04,0.3333333333333333,0,37.391388
ASAP7,INVX1,INVx11_ASAP7_6t_L,A,Y,fall,40.0,0.0460799999999999,0.7,25.0,30.778,1.0,5.4e-08,5.4e-08,1,1,1,3.713572066704308,0.0450498445537087,18518518.51851852,18518518.51851852,853333.3333333333,853333.3333333333,853333.3333333333,18518518.51851852,1.4285714285714286,0.04,0.0,0,251.16771
ASAP7,NORX1,NOR3x1f_ASAP7_6t_L,A,Y,fall,160.0,0.0007199999999999,0.7,25.0,14.6777,2.0,2.16e-07,1.08e-07,0,1,1,5.081404364984463,0.0007197409243488,4629629.62962963,9259259.25925926,3333.333333333333,6666.666666666666,6666.666666666666,9259259.25925926,1.4285714285714286,0.04,0.3333333333333333,0,24.61823
ASAP7,NANDX1,NAND3x1_ASAP7_6t_L,A,Y,fall,5.0,0.0028799999999999,0.7,25.0,13.9346,0.5,1.08e-07,2.16e-07,0,1,1,1.791759469228055,0.0028758607454642,9259259.25925926,4629629.62962963,26666.666666666664,13333.333333333332,13333.333333333332,4629629.62962963,1.4285714285714286,0.04,-0.3333333333333333,0,11.487164
ASAP7,NORX1,NOR3x1_ASAP7_6t_L,B,Y,rise,20.0,0.0014399999999999,0.7,25.0,17.0562,2.0,2.16e-07,1.08e-07,0,1,1,3.044522437723423,0.0014389641942542,4629629.62962963,9259259.25925926,6666.666666666666,13333.333333333332,6666.666666666666,4629629.62962963,1.4285714285714286,0.04,0.3333333333333333,0,23.158209
ASAP7,NORX1,NOR3x1_ASAP7_6t_L,C,Y,fall,5.0,0.0460799999999999,0.7,25.0,198.777,2.0,2.16e-07,1.08e-07,0,1,1,1.791759469228055,0.0450498445537087,4629629.62962963,9259259.25925926,213333.3333333333,426666.6666666666,426666.6666666666,9259259.25925926,1.4285714285714286,0.04,0.3333333333333333,0,178.52826
ASAP7,NORX1,NOR2x1_ASAP7_6t_L,A,Y,rise,320.0,0.0057599999999999,0.7,25.0,69.9876,2.0,2.16e-07,1.08e-07,0,1,1,5.771441123130016,0.0057434746270657,4629629.62962963,9259259.25925926,26666.666666666664,53333.33333333333,26666.666666666664,4629629.62962963,1.4285714285714286,0.04,0.3333333333333333,0,86.13372
ASAP7,NORX1,NOR2x1_ASAP7_6t_L,B,Y,fall,320.0,0.0460799999999999,0.7,25.0,285.885,2.0,2.16e-07,1.08e-07,0,1,1,5.771441123130016,0.0450498445537087,4629629.62962963,9259259.25925926,213333.3333333333,426666.6666666666,426666.6666666666,9259259.25925926,1.4285714285714286,0.04,0.3333333333333333,0,157.59459
ASAP7,INVX1,INVx13_ASAP7_6t_L,A,Y,fall,10.0,0.0921599999999999,0.7,25.0,35.3589,1.0,5.4e-08,5.4e-08,1,1,1,2.3978952727983707,0.0881573867362051,18518518.51851852,18518518.51851852,1706666.6666666665,1706666.6666666665,1706666.6666666665,18518518.51851852,1.4285714285714286,0.04,0.0,0,35.488327
ASAP7,NANDX1,NAND2x1_ASAP7_6t_L,B,Y,fall,40.0,0.0230399999999999,0.7,25.0,92.8904,0.5,1.08e-07,2.16e-07,0,1,1,3.713572066704308,0.0227785868893395,9259259.25925926,4629629.62962963,213333.3333333333,106666.66666666666,106666.66666666666,4629629.62962963,1.4285714285714286,0.04,-0.3333333333333333,0,71.947655
ASAP7,NORX1,NOR3x1f_ASAP7_6t_L,C,Y,rise,160.0,0.0115199999999999,0.7,25.0,189.089,2.0,2.16e-07,1.08e-07,0,1,1,5.081404364984463,0.0114541500451158,4629629.62962963,9259259.25925926,53333.33333333333,106666.66666666666,53333.33333333333,4629629.62962963,1.4285714285714286,0.04,0.3333333333333333,0,173.93188
ASAP7,NANDX1,NAND3x1_ASAP7_6t_L,A,Y,fall,10.0,0.0115199999999999,0.7,25.0,43.6552,0.5,1.08e-07,2.16e-07,0,1,1,2.3978952727983707,0.0114541500451158,9259259.25925926,4629629.62962963,106666.66666666666,53333.33333333333,53333.33333333333,4629629.62962963,1.4285714285714286,0.04,-0.3333333333333333,0,21.237333
ASAP7,NANDX1,NAND2x1_ASAP7_6t_L,A,Y,rise,20.0,0.0014399999999999,0.7,25.0,18.5967,0.5,1.08e-07,2.16e-07,0,1,1,3.044522437723423,0.0014389641942542,9259259.25925926,4629629.62962963,13333.333333333332,6666.666666666666,13333.333333333332,9259259.25925926,1.4285714285714286,0.04,-0.3333333333333333,0,21.237173
ASAP7,NORX1,NOR5x1f_ASAP7_6t_L,E,Y,rise,80.0,0.0115199999999999,0.7,25.0,287.199,2.0,2.16e-07,1.08e-07,0,1,1,4.394449154672439,0.0114541500451158,4629629.62962963,9259259.25925926,53333.33333333333,106666.66666666666,53333.33333333333,4629629.62962963,1.4285714285714286,0.04,0.3333333333333333,0,149.13266
ASAP7,NORX1,NOR5x1f_ASAP7_6t_L,D,Y,fall,40.0,0.0057599999999999,0.7,25.0,39.4454,2.0,2.16e-07,1.08e-07,0,1,1,3.713572066704308,0.0057434746270657,4629629.62962963,9259259.25925926,26666.666666666664,53333.33333333333,53333.33333333333,9259259.25925926,1.4285714285714286,0.04,0.3333333333333333,0,33.722412
ASAP7,NANDX1,NAND3x1_ASAP7_6t_L,B,Y,fall,5.0,0.0014399999999999,0.7,25.0,10.3438,0.5,1.08e-07,2.16e-07,0,1,1,1.791759469228055,0.0014389641942542,9259259.25925926,4629629.62962963,13333.333333333332,6666.666666666666,6666.666666666666,4629629.62962963,1.4285714285714286,0.04,-0.3333333333333333,0,8.665715
ASAP7,INVX1,INVx11_ASAP7_6t_L,A,Y,fall,5.0,0.0230399999999999,0.7,25.0,12.2397,1.0,5.4e-08,5.4e-08,1,1,1,1.791759469228055,0.0227785868893395,18518518.51851852,18518518.51851852,426666.6666666666,426666.6666666666,426666.6666666666,18518518.51851852,1.4285714285714286,0.04,0.0,0,160.85164
ASAP7,NORX1,NOR3x1f_ASAP7_6t_L,B,Y,fall,5.0,0.0014399999999999,0.7,25.0,10.1271,2.0,2.16e-07,1.08e-07,0,1,1,1.791759469228055,0.0014389641942542,4629629.62962963,9259259.25925926,6666.666666666666,13333.333333333332,13333.333333333332,9259259.25925926,1.4285714285714286,0.04,0.3333333333333333,0,1.0535611
ASAP7,NORX1,NOR2x1_ASAP7_6t_L,A,Y,rise,160.0,0.0007199999999999,0.7,25.0,18.9766,2.0,2.16e-07,1.08e-07,0,1,1,5.081404364984463,0.0007197409243488,4629629.62962963,9259259.25925926,3333.333333333333,6666.666666666666,3333.333333333333,4629629.62962963,1.4285714285714286,0.04,0.3333333333333333,0,24.920984
ASAP7,NORX1,NOR3x1f_ASAP7_6t_L,C,Y,rise,80.0,0.0057599999999999,0.7,25.0,98.8019,2.0,2.16e-07,1.08e-07,0,1,1,4.394449154672439,0.0057434746270657,4629629.62962963,9259259.25925926,26666.666666666664,53333.33333333333,26666.666666666664,4629629.62962963,1.4285714285714286,0.04,0.3333333333333333,0,72.84052
ASAP7,NORX1,NOR3x1f_ASAP7_6t_L,B,Y,rise,40.0,0.0057599999999999,0.7,25.0,95.1379,2.0,2.16e-07,1.08e-07,0,1,1,3.713572066704308,0.0057434746270657,4629629.62962963,9259259.25925926,26666.666666666664,53333.33333333333,26666.666666666664,4629629.62962963,1.4285714285714286,0.04,0.3333333333333333,0,78.087845
ASAP7,NORX1,NOR3x1_ASAP7_6t_L,A,Y,fall,20.0,0.0007199999999999,0.7,25.0,12.1223,2.0,2.16e-07,1.08e-07,0,1,1,3.044522437723423,0.0007197409243488,4629629.62962963,9259259.25925926,3333.333333333333,6666.666666666666,6666.666666666666,9259259.25925926,1.4285714285714286,0.04,0.3333333333333333,0,13.1613455
ASAP7,NORX1,NOR5x1f_ASAP7_6t_L,D,Y,rise,5.0,0.0014399999999999,0.7,25.0,53.9965,2.0,2.16e-07,1.08e-07,0,1,1,1.791759469228055,0.0014389641942542,4629629.62962963,9259259.25925926,6666.666666666666,13333.333333333332,6666.666666666666,4629629.62962963,1.4285714285714286,0.04,0.3333333333333333,0,25.097095
ASAP7,NORX1,NOR5x1f_ASAP7_6t_L,E,Y,rise,160.0,0.0057599999999999,0.7,25.0,164.08,2.0,2.16e-07,1.08e-07,0,1,1,5.081404364984463,0.0057434746270657,4629629.62962963,9259259.25925926,26666.666666666664,53333.33333333333,26666.666666666664,4629629.62962963,1.4285714285714286,0.04,0.3333333333333333,0,47.78548
ASAP7,NORX1,NOR2x1_ASAP7_6t_L,B,Y,rise,10.0,0.0057599999999999,0.7,25.0,33.0564,2.0,2.16e-07,1.08e-07,0,1,1,2.3978952727983707,0.0057434746270657,4629629.62962963,9259259.25925926,26666.666666666664,53333.33333333333,26666.666666666664,4629629.62962963,1.4285714285714286,0.04,0.3333333333333333,0,66.264946
ASAP7,NORX1,NOR5x1f_ASAP7_6t_L,C,Y,fall,10.0,0.0230399999999999,0.7,25.0,101.203,2.0,2.16e-07,1.08e-07,0,1,1,2.3978952727983707,0.0227785868893395,4629629.62962963,9259259.25925926,106666.66666666666,213333.3333333333,213333.3333333333,9259259.25925926,1.4285714285714286,0.04,0.3333333333333333,0,122.88082
ASAP7,NANDX1,NAND2x1p5_ASAP7_6t_L,A,Y,rise,320.0,0.0003599999999999,0.7,25.0,62.8106,0.5,1.08e-07,2.16e-07,0,1,1,5.771441123130016,0.0003599352155478,9259259.25925926,4629629.62962963,3333.333333333333,1666.6666666666663,3333.333333333333,9259259.25925926,1.4285714285714286,0.04,-0.3333333333333333,0,39.768208
ASAP7,NORX1,NOR3x1f_ASAP7_6t_L,B,Y,fall,80.0,0.0057599999999999,0.7,25.0,47.8039,2.0,2.16e-07,1.08e-07,0,1,1,4.394449154672439,0.0057434746270657,4629629.62962963,9259259.25925926,26666.666666666664,53333.33333333333,53333.33333333333,9259259.25925926,1.4285714285714286,0.04,0.3333333333333333,0,39.294956
ASAP7,NANDX1,NAND3x1_ASAP7_6t_L,A,Y,fall,5.0,0.0115199999999999,0.7,25.0,42.4689,0.5,1.08e-07,2.16e-07,0,1,1,1.791759469228055,0.0114541500451158,9259259.25925926,4629629.62962963,106666.66666666666,53333.33333333333,53333.33333333333,4629629.62962963,1.4285714285714286,0.04,-0.3333333333333333,0,28.905085
ASAP7,NORX1,NOR3x1f_ASAP7_6t_L,A,Y,rise,160.0,0.0003599999999999,0.7,25.0,39.3398,2.0,2.16e-07,1.08e-07,0,1,1,5.081404364984463,0.0003599352155478,4629629.62962963,9259259.25925926,1666.6666666666663,3333.333333333333,1666.6666666666663,4629629.62962963,1.4285714285714286,0.04,0.3333333333333333,0,18.324593
ASAP7,NANDX1,NAND2x1p5_ASAP7_6t_L,A,Y,rise,40.0,0.0007199999999999,0.7,25.0,21.4386,0.5,1.08e-07,2.16e-07,0,1,1,3.713572066704308,0.0007197409243488,9259259.25925926,4629629.62962963,6666.666666666666,3333.333333333333,6666.666666666666,9259259.25925926,1.4285714285714286,0.04,-0.3333333333333333,0,24.320374
ASAP7,NORX1,NOR5x1f_ASAP7_6t_L,A,Y,fall,320.0,0.0230399999999999,0.7,25.0,181.415,2.0,2.16e-07,1.08e-07,0,1,1,5.771441123130016,0.0227785868893395,4629629.62962963,9259259.25925926,106666.66666666666,213333.3333333333,213333.3333333333,9259259.25925926,1.4285714285714286,0.04,0.3333333333333333,0,1.1979785
ASAP7,INVX1,INVx1_ASAP7_6t_L,A,Y,rise,40.0,0.0057599999999999,0.7,25.0,42.9377,1.0,5.4e-08,5.4e-08,1,1,1,3.713572066704308,0.0057434746270657,18518518.51851852,18518518.51851852,106666.66666666666,106666.66666666666,106666.66666666666,18518518.51851852,1.4285714285714286,0.04,0.0,0,21.09214
ASAP7,NORX1,NOR5x1f_ASAP7_6t_L,B,Y,fall,80.0,0.0014399999999999,0.7,25.0,22.7944,2.0,2.16e-07,1.08e-07,0,1,1,4.394449154672439,0.0014389641942542,4629629.62962963,9259259.25925926,6666.666666666666,13333.333333333332,13333.333333333332,9259259.25925926,1.4285714285714286,0.04,0.3333333333333333,0,22.135805
ASAP7,NORX1,NOR5x1f_ASAP7_6t_L,B,Y,rise,160.0,0.0057599999999999,0.7,25.0,178.714,2.0,2.16e-07,1.08e-07,0,1,1,5.081404364984463,0.0057434746270657,4629629.62962963,9259259.25925926,26666.666666666664,53333.33333333333,26666.666666666664,4629629.62962963,1.4285714285714286,0.04,0.3333333333333333,0,48.880825
ASAP7,INVX1,INVx11_ASAP7_6t_L,A,Y,fall,160.0,0.0057599999999999,0.7,25.0,12.2855,1.0,5.4e-08,5.4e-08,1,1,1,5.081404364984463,0.0057434746270657,18518518.51851852,18518518.51851852,106666.66666666666,106666.66666666666,106666.66666666666,18518518.51851852,1.4285714285714286,0.04,0.0,0,32.97526
ASAP7,NORX1,NOR3x1_ASAP7_6t_L,B,Y,fall,320.0,0.0014399999999999,0.7,25.0,49.6955,2.0,2.16e-07,1.08e-07,0,1,1,5.771441123130016,0.0014389641942542,4629629.62962963,9259259.25925926,6666.666666666666,13333.333333333332,13333.333333333332,9259259.25925926,1.4285714285714286,0.04,0.3333333333333333,0,32.193302
ASAP7,NORX1,NOR5x1f_ASAP7_6t_L,B,Y,fall,40.0,0.0003599999999999,0.7,25.0,11.426,2.0,2.16e-07,1.08e-07,0,1,1,3.713572066704308,0.0003599352155478,4629629.62962963,9259259.25925926,1666.6666666666663,3333.333333333333,3333.333333333333,9259259.25925926,1.4285714285714286,0.04,0.3333333333333333,0,15.032116
ASAP7,INVX1,INVx13_ASAP7_6t_L,A,Y,rise,10.0,0.1843199999999999,0.7,25.0,78.2953,1.0,5.4e-08,5.4e-08,1,1,1,2.3978952727983707,0.169168770215654,18518518.51851852,18518518.51851852,3413333.333333333,3413333.333333333,3413333.333333333,18518518.51851852,1.4285714285714286,0.04,0.0,0,95.087906
ASAP7,NANDX1,NAND3x1_ASAP7_6t_L,C,Y,rise,20.0,0.0230399999999999,0.7,25.0,128.901,0.5,1.08e-07,2.16e-07,0,1,1,3.044522437723423,0.0227785868893395,9259259.25925926,4629629.62962963,213333.3333333333,106666.66666666666,213333.3333333333,9259259.25925926,1.4285714285714286,0.04,-0.3333333333333333,0,134.3926
ASAP7,NANDX1,NAND2x1_ASAP7_6t_L,A,Y,rise,80.0,0.0007199999999999,0.7,25.0,26.446,0.5,1.08e-07,2.16e-07,0,1,1,4.394449154672439,0.0007197409243488,9259259.25925926,4629629.62962963,6666.666666666666,3333.333333333333,6666.666666666666,9259259.25925926,1.4285714285714286,0.04,-0.3333333333333333,0,27.482395
ASAP7,INVX1,INVx1_ASAP7_6t_L,A,Y,fall,320.0,0.0057599999999999,0.7,25.0,72.5775,1.0,5.4e-08,5.4e-08,1,1,1,5.771441123130016,0.0057434746270657,18518518.51851852,18518518.51851852,106666.66666666666,106666.66666666666,106666.66666666666,18518518.51851852,1.4285714285714286,0.04,0.0,0,221.38963
ASAP7,NANDX1,NAND2x1p5_ASAP7_6t_L,B,Y,rise,10.0,0.0115199999999999,0.7,25.0,64.8946,0.5,1.08e-07,2.16e-07,0,1,1,2.3978952727983707,0.0114541500451158,9259259.25925926,4629629.62962963,106666.66666666666,53333.33333333333,106666.66666666666,9259259.25925926,1.4285714285714286,0.04,-0.3333333333333333,0,54.9515
ASAP7,NANDX1,NAND3x1_ASAP7_6t_L,A,Y,fall,80.0,0.0460799999999999,0.7,25.0,174.827,0.5,1.08e-07,2.16e-07,0,1,1,4.394449154672439,0.0450498445537087,9259259.25925926,4629629.62962963,426666.6666666666,213333.3333333333,213333.3333333333,4629629.62962963,1.4285714285714286,0.04,-0.3333333333333333,0,174.20555
ASAP7,NANDX1,NAND3x1_ASAP7_6t_L,A,Y,fall,160.0,0.0230399999999999,0.7,25.0,119.291,0.5,1.08e-07,2.16e-07,0,1,1,5.081404364984463,0.0227785868893395,9259259.25925926,4629629.62962963,213333.3333333333,106666.66666666666,106666.66666666666,4629629.62962963,1.4285714285714286,0.04,-0.3333333333333333,0,184.72325
ASAP7,NANDX1,NAND2x1p5_ASAP7_6t_L,A,Y,rise,80.0,0.0007199999999999,0.7,25.0,29.5629,0.5,1.08e-07,2.16e-07,0,1,1,4.394449154672439,0.0007197409243488,9259259.25925926,4629629.62962963,6666.666666666666,3333.333333333333,6666.666666666666,9259259.25925926,1.4285714285714286,0.04,-0.3333333333333333,0,29.384748
ASAP7,NORX1,NOR3x1f_ASAP7_6t_L,C,Y,fall,320.0,0.0230399999999999,0.7,25.0,181.673,2.0,2.16e-07,1.08e-07,0,1,1,5.771441123130016,0.0227785868893395,4629629.62962963,9259259.25925926,106666.66666666666,213333.3333333333,213333.3333333333,9259259.25925926,1.4285714285714286,0.04,0.3333333333333333,0,156.88664
ASAP7,NORX1,NOR5x1f_ASAP7_6t_L,E,Y,rise,40.0,0.0014399999999999,0.7,25.0,57.1229,2.0,2.16e-07,1.08e-07,0,1,1,3.713572066704308,0.0014389641942542,4629629.62962963,9259259.25925926,6666.666666666666,13333.333333333332,6666.666666666666,4629629.62962963,1.4285714285714286,0.04,0.3333333333333333,0,22.574535
ASAP7,NORX1,NOR3x1f_ASAP7_6t_L,C,Y,rise,40.0,0.0007199999999999,0.7,25.0,24.2176,2.0,2.16e-07,1.08e-07,0,1,1,3.713572066704308,0.0007197409243488,4629629.62962963,9259259.25925926,3333.333333333333,6666.666666666666,3333.333333333333,4629629.62962963,1.4285714285714286,0.04,0.3333333333333333,0,17.74042
ASAP7,INVX1,INVx1_ASAP7_6t_L,A,Y,rise,20.0,0.0028799999999999,0.7,25.0,22.492,1.0,5.4e-08,5.4e-08,1,1,1,3.044522437723423,0.0028758607454642,18518518.51851852,18518518.51851852,53333.33333333333,53333.33333333333,53333.33333333333,18518518.51851852,1.4285714285714286,0.04,0.0,0,10.265199
ASAP7,NORX1,NOR3x1_ASAP7_6t_L,B,Y,fall,40.0,0.0007199999999999,0.7,25.0,17.9128,2.0,2.16e-07,1.08e-07,0,1,1,3.713572066704308,0.0007197409243488,4629629.62962963,9259259.25925926,3333.333333333333,6666.666666666666,6666.666666666666,9259259.25925926,1.4285714285714286,0.04,0.3333333333333333,0,15.705981
ASAP7,NORX1,NOR5x1f_ASAP7_6t_L,B,Y,rise,10.0,0.0230399999999999,0.7,25.0,537.67,2.0,2.16e-07,1.08e-07,0,1,1,2.3978952727983707,0.0227785868893395,4629629.62962963,9259259.25925926,106666.66666666666,213333.3333333333,106666.66666666666,4629629.62962963,1.4285714285714286,0.04,0.3333333333333333,0,304.85312
ASAP7,NORX1,NOR3x1f_ASAP7_6t_L,C,Y,fall,20.0,0.0115199999999999,0.7,25.0,56.1626,2.0,2.16e-07,1.08e-07,0,1,1,3.044522437723423,0.0114541500451158,4629629.62962963,9259259.25925926,53333.33333333333,106666.66666666666,106666.66666666666,9259259.25925926,1.4285714285714286,0.04,0.3333333333333333,0,53.74294
ASAP7,NANDX1,NAND2x1p5_ASAP7_6t_L,B,Y,rise,160.0,0.0014399999999999,0.7,25.0,44.5807,0.5,1.08e-07,2.16e-07,0,1,1,5.081404364984463,0.0014389641942542,9259259.25925926,4629629.62962963,13333.333333333332,6666.666666666666,13333.333333333332,9259259.25925926,1.4285714285714286,0.04,-0.3333333333333333,0,36.996265
ASAP7,INVX1,INVx11_ASAP7_6t_L,A,Y,rise,20.0,0.0921599999999999,0.7,25.0,50.8535,1.0,5.4e-08,5.4e-08,1,1,1,3.044522437723423,0.0881573867362051,18518518.51851852,18518518.51851852,1706666.6666666665,1706666.6666666665,1706666.6666666665,18518518.51851852,1.4285714285714286,0.04,0.0,0,53.75966
ASAP7,NORX1,NOR3x1_ASAP7_6t_L,B,Y,rise,80.0,0.0028799999999999,0.7,25.0,31.9532,2.0,2.16e-07,1.08e-07,0,1,1,4.394449154672439,0.0028758607454642,4629629.62962963,9259259.25925926,13333.333333333332,26666.666666666664,13333.333333333332,4629629.62962963,1.4285714285714286,0.04,0.3333333333333333,0,47.804256
ASAP7,NORX1,NOR3x1_ASAP7_6t_L,A,Y,rise,160.0,0.0230399999999999,0.7,25.0,153.15,2.0,2.16e-07,1.08e-07,0,1,1,5.081404364984463,0.0227785868893395,4629629.62962963,9259259.25925926,106666.66666666666,213333.3333333333,106666.66666666666,4629629.62962963,1.4285714285714286,0.04,0.3333333333333333,0,330.48788
ASAP7,NANDX1,NAND3x1_ASAP7_6t_L,C,Y,fall,160.0,0.0057599999999999,0.7,25.0,32.2621,0.5,1.08e-07,2.16e-07,0,1,1,5.081404364984463,0.0057434746270657,9259259.25925926,4629629.62962963,53333.33333333333,26666.666666666664,26666.666666666664,4629629.62962963,1.4285714285714286,0.04,-0.3333333333333333,0,54.075542
ASAP7,NANDX1,NAND3x1_ASAP7_6t_L,B,Y,rise,320.0,0.0230399999999999,0.7,25.0,223.298,0.5,1.08e-07,2.16e-07,0,1,1,5.771441123130016,0.0227785868893395,9259259.25925926,4629629.62962963,213333.3333333333,106666.66666666666,213333.3333333333,9259259.25925926,1.4285714285714286,0.04,-0.3333333333333333,0,262.7002
ASAP7,NANDX1,NAND3x1_ASAP7_6t_L,C,Y,fall,80.0,0.0028799999999999,0.7,25.0,19.5725,0.5,1.08e-07,2.16e-07,0,1,1,4.394449154672439,0.0028758607454642,9259259.25925926,4629629.62962963,26666.666666666664,13333.333333333332,13333.333333333332,4629629.62962963,1.4285714285714286,0.04,-0.3333333333333333,0,21.22201
ASAP7,INVX1,INVx11_ASAP7_6t_L,A,Y,fall,40.0,0.3686399999999999,0.7,25.0,154.948,1.0,5.4e-08,5.4e-08,1,1,1,3.713572066704308,0.3138175460564067,18518518.51851852,18518518.51851852,6826666.666666666,6826666.666666666,6826666.666666666,18518518.51851852,1.4285714285714286,0.04,0.0,0,182.92474
ASAP7,NORX1,NOR2x1_ASAP7_6t_L,A,Y,fall,160.0,0.0460799999999999,0.7,25.0,238.758,2.0,2.16e-07,1.08e-07,0,1,1,5.081404364984463,0.0450498445537087,4629629.62962963,9259259.25925926,213333.3333333333,426666.6666666666,426666.6666666666,9259259.25925926,1.4285714285714286,0.04,0.3333333333333333,0,177.77678
ASAP7,NORX1,NOR3x1f_ASAP7_6t_L,A,Y,rise,5.0,0.0003599999999999,0.7,25.0,13.2616,2.0,2.16e-07,1.08e-07,0,1,1,1.791759469228055,0.0003599352155478,4629629.62962963,9259259.25925926,1666.6666666666663,3333.333333333333,1666.6666666666663,4629629.62962963,1.4285714285714286,0.04,0.3333333333333333,0,15.564981
ASAP7,NORX1,NOR5x1f_ASAP7_6t_L,D,Y,fall,5.0,0.0007199999999999,0.7,25.0,8.31095,2.0,2.16e-07,1.08e-07,0,1,1,1.791759469228055,0.0007197409243488,4629629.62962963,9259259.25925926,3333.333333333333,6666.666666666666,6666.666666666666,9259259.25925926,1.4285714285714286,0.04,0.3333333333333333,0,9.526201
ASAP7,NANDX1,NAND3x1_ASAP7_6t_L,A,Y,rise,160.0,0.0460799999999999,0.7,25.0,282.604,0.5,1.08e-07,2.16e-07,0,1,1,5.081404364984463,0.0450498445537087,9259259.25925926,4629629.62962963,426666.6666666666,213333.3333333333,426666.6666666666,9259259.25925926,1.4285714285714286,0.04,-0.3333333333333333,0,245.2771
ASAP7,NANDX1,NAND3x1_ASAP7_6t_L,A,Y,rise,20.0,0.0460799999999999,0.7,25.0,238.139,0.5,1.08e-07,2.16e-07,0,1,1,3.044522437723423,0.0450498445537087,9259259.25925926,4629629.62962963,426666.6666666666,213333.3333333333,426666.6666666666,9259259.25925926,1.4285714285714286,0.04,-0.3333333333333333,0,229.84097
ASAP7,INVX1,INVx13_ASAP7_6t_L,A,Y,fall,40.0,0.0115199999999999,0.7,25.0,12.6546,1.0,5.4e-08,5.4e-08,1,1,1,3.713572066704308,0.0114541500451158,18518518.51851852,18518518.51851852,213333.3333333333,213333.3333333333,213333.3333333333,18518518.51851852,1.4285714285714286,0.04,0.0,0,109.45092
ASAP7,INVX2,INVx2_ASAP7_6t_L,A,Y,fall,320.0,0.0057599999999999,0.7,25.0,44.7426,1.0,1.08e-07,1.08e-07,1,1,1,5.771441123130016,0.0057434746270657,9259259.25925926,9259259.25925926,53333.33333333333,53333.33333333333,53333.33333333333,9259259.25925926,1.4285714285714286,0.04,0.0,0,79.148445
ASAP7,NORX1,NOR5x1f_ASAP7_6t_L,A,Y,fall,20.0,0.0057599999999999,0.7,25.0,32.5302,2.0,2.16e-07,1.08e-07,0,1,1,3.044522437723423,0.0057434746270657,4629629.62962963,9259259.25925926,26666.666666666664,53333.33333333333,53333.33333333333,9259259.25925926,1.4285714285714286,0.04,0.3333333333333333,0,28.127472
ASAP7,NORX1,NOR2x1_ASAP7_6t_L,B,Y,rise,10.0,0.0230399999999999,0.7,25.0,113.216,2.0,2.16e-07,1.08e-07,0,1,1,2.3978952727983707,0.0227785868893395,4629629.62962963,9259259.25925926,106666.66666666666,213333.3333333333,106666.66666666666,4629629.62962963,1.4285714285714286,0.04,0.3333333333333333,0,304.85312
ASAP7,NORX1,NOR5x1f_ASAP7_6t_L,D,Y,fall,5.0,0.0028799999999999,0.7,25.0,17.5067,2.0,2.16e-07,1.08e-07,0,1,1,1.791759469228055,0.0028758607454642,4629629.62962963,9259259.25925926,13333.333333333332,26666.666666666664,26666.666666666664,9259259.25925926,1.4285714285714286,0.04,0.3333333333333333,0,11.972432
ASAP7,INVX1,INVx1_ASAP7_6t_L,A,Y,rise,40.0,0.0028799999999999,0.7,25.0,28.6262,1.0,5.4e-08,5.4e-08,1,1,1,3.713572066704308,0.0028758607454642,18518518.51851852,18518518.51851852,53333.33333333333,53333.33333333333,53333.33333333333,18518518.51851852,1.4285714285714286,0.04,0.0,0,18.847273
ASAP7,NANDX1,NAND3x1_ASAP7_6t_L,C,Y,rise,20.0,0.0007199999999999,0.7,25.0,18.5454,0.5,1.08e-07,2.16e-07,0,1,1,3.044522437723423,0.0007197409243488,9259259.25925926,4629629.62962963,6666.666666666666,3333.333333333333,6666.666666666666,9259259.25925926,1.4285714285714286,0.04,-0.3333333333333333,0,18.61236
ASAP7,NORX1,NOR5x1f_ASAP7_6t_L,A,Y,rise,80.0,0.0014399999999999,0.7,25.0,66.4001,2.0,2.16e-07,1.08e-07,0,1,1,4.394449154672439,0.0014389641942542,4629629.62962963,9259259.25925926,6666.666666666666,13333.333333333332,6666.666666666666,4629629.62962963,1.4285714285714286,0.04,0.3333333333333333,0,40.39865
ASAP7,INVX2,INVx2_ASAP7_6t_L,A,Y,rise,10.0,0.0057599999999999,0.7,25.0,19.0318,1.0,1.08e-07,1.08e-07,1,1,1,2.3978952727983707,0.0057434746270657,9259259.25925926,9259259.25925926,53333.33333333333,53333.33333333333,53333.33333333333,9259259.25925926,1.4285714285714286,0.04,0.0,0,12.996138
ASAP7,NORX1,NOR3x1_ASAP7_6t_L,C,Y,rise,320.0,0.0057599999999999,0.7,25.0,56.51,2.0,2.16e-07,1.08e-07,0,1,1,5.771441123130016,0.0057434746270657,4629629.62962963,9259259.25925926,26666.666666666664,53333.33333333333,26666.666666666664,4629629.62962963,1.4285714285714286,0.04,0.3333333333333333,0,86.13372
ASAP7,NORX1,NOR3x1f_ASAP7_6t_L,A,Y,fall,80.0,0.0230399999999999,0.7,25.0,119.789,2.0,2.16e-07,1.08e-07,0,1,1,4.394449154672439,0.0227785868893395,4629629.62962963,9259259.25925926,106666.66666666666,213333.3333333333,213333.3333333333,9259259.25925926,1.4285714285714286,0.04,0.3333333333333333,0,113.61911
ASAP7,NANDX1,NAND2x1_ASAP7_6t_L,A,Y,rise,320.0,0.0115199999999999,0.7,25.0,151.411,0.5,1.08e-07,2.16e-07,0,1,1,5.771441123130016,0.0114541500451158,9259259.25925926,4629629.62962963,106666.66666666666,53333.33333333333,106666.66666666666,9259259.25925926,1.4285714285714286,0.04,-0.3333333333333333,0,192.10164
ASAP7,NANDX1,NAND2x1_ASAP7_6t_L,B,Y,rise,160.0,0.0230399999999999,0.7,25.0,168.311,0.5,1.08e-07,2.16e-07,0,1,1,5.081404364984463,0.0227785868893395,9259259.25925926,4629629.62962963,213333.3333333333,106666.66666666666,213333.3333333333,9259259.25925926,1.4285714285714286,0.04,-0.3333333333333333,0,243.84175
ASAP7,NORX1,NOR3x1f_ASAP7_6t_L,A,Y,rise,5.0,0.0014399999999999,0.7,25.0,28.5157,2.0,2.16e-07,1.08e-07,0,1,1,1.791759469228055,0.0014389641942542,4629629.62962963,9259259.25925926,6666.666666666666,13333.333333333332,6666.666666666666,4629629.62962963,1.4285714285714286,0.04,0.3333333333333333,0,18.271818
ASAP7,NORX1,NOR3x1f_ASAP7_6t_L,C,Y,fall,160.0,0.0057599999999999,0.7,25.0,60.64,2.0,2.16e-07,1.08e-07,0,1,1,5.081404364984463,0.0057434746270657,4629629.62962963,9259259.25925926,26666.666666666664,53333.33333333333,53333.33333333333,9259259.25925926,1.4285714285714286,0.04,0.3333333333333333,0,1.1287992
ASAP7,NORX1,NOR3x1_ASAP7_6t_L,A,Y,fall,320.0,0.0115199999999999,0.7,25.0,122.955,2.0,2.16e-07,1.08e-07,0,1,1,5.771441123130016,0.0114541500451158,4629629.62962963,9259259.25925926,53333.33333333333,106666.66666666666,106666.66666666666,9259259.25925926,1.4285714285714286,0.04,0.3333333333333333,0,1.1840497
ASAP7,NORX1,NOR5x1f_ASAP7_6t_L,A,Y,fall,320.0,0.0007199999999999,0.7,25.0,10.3039,2.0,2.16e-07,1.08e-07,0,1,1,5.771441123130016,0.0007197409243488,4629629.62962963,9259259.25925926,3333.333333333333,6666.666666666666,6666.666666666666,9259259.25925926,1.4285714285714286,0.04,0.3333333333333333,0,29.42817
ASAP7,NORX1,NOR3x1f_ASAP7_6t_L,C,Y,fall,5.0,0.0007199999999999,0.7,25.0,7.38681,2.0,2.16e-07,1.08e-07,0,1,1,1.791759469228055,0.0007197409243488,4629629.62962963,9259259.25925926,3333.333333333333,6666.666666666666,6666.666666666666,9259259.25925926,1.4285714285714286,0.04,0.3333333333333333,0,1.0529853
ASAP7,INVX1,INVx1_ASAP7_6t_L,A,Y,rise,160.0,0.0007199999999999,0.7,25.0,26.2665,1.0,5.4e-08,5.4e-08,1,1,1,5.081404364984463,0.0007197409243488,18518518.51851852,18518518.51851852,13333.333333333332,13333.333333333332,13333.333333333332,18518518.51851852,1.4285714285714286,0.04,0.0,0,29.912554
ASAP7,NORX1,NOR5x1f_ASAP7_6t_L,D,Y,fall,40.0,0.0115199999999999,0.7,25.0,63.1212,2.0,2.16e-07,1.08e-07,0,1,1,3.713572066704308,0.0114541500451158,4629629.62962963,9259259.25925926,53333.33333333333,106666.66666666666,106666.66666666666,9259259.25925926,1.4285714285714286,0.04,0.3333333333333333,0,1.0935768
ASAP7,INVX1,INVx13_ASAP7_6t_L,A,Y,rise,160.0,0.0460799999999999,0.7,25.0,56.0705,1.0,5.4e-08,5.4e-08,1,1,1,5.081404364984463,0.0450498445537087,18518518.51851852,18518518.51851852,853333.3333333333,853333.3333333333,853333.3333333333,18518518.51851852,1.4285714285714286,0.04,0.0,0,37.852016
ASAP7,INVX1,INVx11_ASAP7_6t_L,A,Y,rise,40.0,0.0921599999999999,0.7,25.0,57.0676,1.0,5.4e-08,5.4e-08,1,1,1,3.713572066704308,0.0881573867362051,18518518.51851852,18518518.51851852,1706666.6666666665,1706666.6666666665,1706666.6666666665,18518518.51851852,1.4285714285714286,0.04,0.0,0,57.936066
ASAP7,NORX1,NOR3x1_ASAP7_6t_L,A,Y,fall,20.0,0.0115199999999999,0.7,25.0,57.5903,2.0,2.16e-07,1.08e-07,0,1,1,3.044522437723423,0.0114541500451158,4629629.62962963,9259259.25925926,53333.33333333333,106666.66666666666,106666.66666666666,9259259.25925926,1.4285714285714286,0.04,0.3333333333333333,0,53.74294
ASAP7,NANDX1,NAND2x1p5_ASAP7_6t_L,B,Y,fall,80.0,0.0230399999999999,0.7,25.0,77.9869,0.5,1.08e-07,2.16e-07,0,1,1,4.394449154672439,0.0227785868893395,9259259.25925926,4629629.62962963,213333.3333333333,106666.66666666666,106666.66666666666,4629629.62962963,1.4285714285714286,0.04,-0.3333333333333333,0,77.724144
ASAP7,NORX1,NOR5x1f_ASAP7_6t_L,A,Y,rise,80.0,0.0028799999999999,0.7,25.0,97.6256,2.0,2.16e-07,1.08e-07,0,1,1,4.394449154672439,0.0028758607454642,4629629.62962963,9259259.25925926,13333.333333333332,26666.666666666664,13333.333333333332,4629629.62962963,1.4285714285714286,0.04,0.3333333333333333,0,52.4513
ASAP7,NORX1,NOR3x1_ASAP7_6t_L,B,Y,fall,80.0,0.0460799999999999,0.7,25.0,218.34,2.0,2.16e-07,1.08e-07,0,1,1,4.394449154672439,0.0450498445537087,4629629.62962963,9259259.25925926,213333.3333333333,426666.6666666666,426666.6666666666,9259259.25925926,1.4285714285714286,0.04,0.3333333333333333,0,184.79936
ASAP7,NANDX1,NAND3x1_ASAP7_6t_L,B,Y,rise,40.0,0.0230399999999999,0.7,25.0,133.22,0.5,1.08e-07,2.16e-07,0,1,1,3.713572066704308,0.0227785868893395,9259259.25925926,4629629.62962963,213333.3333333333,106666.66666666666,213333.3333333333,9259259.25925926,1.4285714285714286,0.04,-0.3333333333333333,0,144.1459
ASAP7,INVX1,INVx13_ASAP7_6t_L,A,Y,fall,320.0,0.0921599999999999,0.7,25.0,84.4477,1.0,5.4e-08,5.4e-08,1,1,1,5.771441123130016,0.0881573867362051,18518518.51851852,18518518.51851852,1706666.6666666665,1706666.6666666665,1706666.6666666665,18518518.51851852,1.4285714285714286,0.04,0.0,0,39.17934
ASAP7,INVX1,INVx1_ASAP7_6t_L,A,Y,fall,320.0,0.0028799999999999,0.7,25.0,45.4591,1.0,5.4e-08,5.4e-08,1,1,1,5.771441123130016,0.0028758607454642,18518518.51851852,18518518.51851852,53333.33333333333,53333.33333333333,53333.33333333333,18518518.51851852,1.4285714285714286,0.04,0.0,0,220.86757
ASAP7,NANDX1,NAND2x1_ASAP7_6t_L,A,Y,rise,40.0,0.0014399999999999,0.7,25.0,24.1475,0.5,1.08e-07,2.16e-07,0,1,1,3.713572066704308,0.0014389641942542,9259259.25925926,4629629.62962963,13333.333333333332,6666.666666666666,13333.333333333332,9259259.25925926,1.4285714285714286,0.04,-0.3333333333333333,0,25.839674
ASAP7,NORX1,NOR3x1_ASAP7_6t_L,C,Y,fall,80.0,0.0230399999999999,0.7,25.0,125.674,2.0,2.16e-07,1.08e-07,0,1,1,4.394449154672439,0.0227785868893395,4629629.62962963,9259259.25925926,106666.66666666666,213333.3333333333,213333.3333333333,9259259.25925926,1.4285714285714286,0.04,0.3333333333333333,0,1.12174
ASAP7,NORX1,NOR3x1_ASAP7_6t_L,A,Y,rise,320.0,0.0028799999999999,0.7,25.0,52.7643,2.0,2.16e-07,1.08e-07,0,1,1,5.771441123130016,0.0028758607454642,4629629.62962963,9259259.25925926,13333.333333333332,26666.666666666664,13333.333333333332,4629629.62962963,1.4285714285714286,0.04,0.3333333333333333,0,1.1950207
ASAP7,NANDX1,NAND3x1_ASAP7_6t_L,B,Y,fall,5.0,0.0115199999999999,0.7,25.0,43.6574,0.5,1.08e-07,2.16e-07,0,1,1,1.791759469228055,0.0114541500451158,9259259.25925926,4629629.62962963,106666.66666666666,53333.33333333333,53333.33333333333,4629629.62962963,1.4285714285714286,0.04,-0.3333333333333333,0,28.922188
ASAP7,NORX1,NOR3x1f_ASAP7_6t_L,B,Y,fall,10.0,0.0057599999999999,0.7,25.0,29.2962,2.0,2.16e-07,1.08e-07,0,1,1,2.3978952727983707,0.0057434746270657,4629629.62962963,9259259.25925926,26666.666666666664,53333.33333333333,53333.33333333333,9259259.25925926,1.4285714285714286,0.04,0.3333333333333333,0,22.861832
ASAP7,NORX1,NOR5x1f_ASAP7_6t_L,A,Y,fall,20.0,0.0028799999999999,0.7,25.0,20.686,2.0,2.16e-07,1.08e-07,0,1,1,3.044522437723423,0.0028758607454642,4629629.62962963,9259259.25925926,13333.333333333332,26666.666666666664,26666.666666666664,9259259.25925926,1.4285714285714286,0.04,0.3333333333333333,0,17.51046
ASAP7,INVX1,INVx13_ASAP7_6t_L,A,Y,rise,80.0,0.0460799999999999,0.7,25.0,42.6756,1.0,5.4e-08,5.4e-08,1,1,1,4.394449154672439,0.0450498445537087,18518518.51851852,18518518.51851852,853333.3333333333,853333.3333333333,853333.3333333333,18518518.51851852,1.4285714285714286,0.04,0.0,0,33.71983
ASAP7,NORX1,NOR5x1f_ASAP7_6t_L,E,Y,fall,320.0,0.0007199999999999,0.7,25.0,19.9213,2.0,2.16e-07,1.08e-07,0,1,1,5.771441123130016,0.0007197409243488,4629629.62962963,9259259.25925926,3333.333333333333,6666.666666666666,6666.666666666666,9259259.25925926,1.4285714285714286,0.04,0.3333333333333333,0,29.42817
ASAP7,NANDX1,NAND3x1_ASAP7_6t_L,B,Y,rise,10.0,0.0057599999999999,0.7,25.0,38.8332,0.5,1.08e-07,2.16e-07,0,1,1,2.3978952727983707,0.0057434746270657,9259259.25925926,4629629.62962963,53333.33333333333,26666.666666666664,53333.33333333333,9259259.25925926,1.4285714285714286,0.04,-0.3333333333333333,0,36.032852
ASAP7,INVX1,INVx1_ASAP7_6t_L,A,Y,rise,160.0,0.0028799999999999,0.7,25.0,49.7696,1.0,5.4e-08,5.4e-08,1,1,1,5.081404364984463,0.0028758607454642,18518518.51851852,18518518.51851852,53333.33333333333,53333.33333333333,53333.33333333333,18518518.51851852,1.4285714285714286,0.04,0.0,0,29.403759
ASAP7,NORX1,NOR3x1f_ASAP7_6t_L,C,Y,fall,40.0,0.0003599999999999,0.7,25.0,10.8928,2.0,2.16e-07,1.08e-07,0,1,1,3.713572066704308,0.0003599352155478,4629629.62962963,9259259.25925926,1666.6666666666663,3333.333333333333,3333.333333333333,9259259.25925926,1.4285714285714286,0.04,0.3333333333333333,0,15.032116
ASAP7,INVX2,INVx2_ASAP7_6t_L,A,Y,rise,10.0,0.0921599999999999,0.7,25.0,231.57,1.0,1.08e-07,1.08e-07,1,1,1,2.3978952727983707,0.0881573867362051,9259259.25925926,9259259.25925926,853333.3333333333,853333.3333333333,853333.3333333333,9259259.25925926,1.4285714285714286,0.04,0.0,0,218.69312
ASAP7,NORX1,NOR5x1f_ASAP7_6t_L,B,Y,fall,10.0,0.0014399999999999,0.7,25.0,12.2643,2.0,2.16e-07,1.08e-07,0,1,1,2.3978952727983707,0.0014389641942542,4629629.62962963,9259259.25925926,6666.666666666666,13333.333333333332,13333.333333333332,9259259.25925926,1.4285714285714286,0.04,0.3333333333333333,0,12.131723
ASAP7,NANDX1,NAND2x1p5_ASAP7_6t_L,A,Y,rise,40.0,0.0057599999999999,0.7,25.0,47.8068,0.5,1.08e-07,2.16e-07,0,1,1,3.713572066704308,0.0057434746270657,9259259.25925926,4629629.62962963,53333.33333333333,26666.666666666664,53333.33333333333,9259259.25925926,1.4285714285714286,0.04,-0.3333333333333333,0,77.62165
ASAP7,NORX1,NOR5x1f_ASAP7_6t_L,A,Y,fall,10.0,0.0003599999999999,0.7,25.0,7.37193,2.0,2.16e-07,1.08e-07,0,1,1,2.3978952727983707,0.0003599352155478,4629629.62962963,9259259.25925926,1666.6666666666663,3333.333333333333,3333.333333333333,9259259.25925926,1.4285714285714286,0.04,0.3333333333333333,0,9.7154045
ASAP7,NANDX1,NAND3x1_ASAP7_6t_L,A,Y,fall,320.0,0.0230399999999999,0.7,25.0,145.815,0.5,1.08e-07,2.16e-07,0,1,1,5.771441123130016,0.0227785868893395,9259259.25925926,4629629.62962963,213333.3333333333,106666.66666666666,106666.66666666666,4629629.62962963,1.4285714285714286,0.04,-0.3333333333333333,0,114.43245
ASAP7,NORX1,NOR5x1f_ASAP7_6t_L,D,Y,rise,40.0,0.0007199999999999,0.7,25.0,41.0233,2.0,2.16e-07,1.08e-07,0,1,1,3.713572066704308,0.0007197409243488,4629629.62962963,9259259.25925926,3333.333333333333,6666.666666666666,3333.333333333333,4629629.62962963,1.4285714285714286,0.04,0.3333333333333333,0,10.95305
ASAP7,INVX1,INVx13_ASAP7_6t_L,A,Y,fall,80.0,0.0460799999999999,0.7,25.0,35.0559,1.0,5.4e-08,5.4e-08,1,1,1,4.394449154672439,0.0450498445537087,18518518.51851852,18518518.51851852,853333.3333333333,853333.3333333333,853333.3333333333,18518518.51851852,1.4285714285714286,0.04,0.0,0,251.28621
ASAP7,NORX1,NOR5x1f_ASAP7_6t_L,E,Y,fall,80.0,0.0230399999999999,0.7,25.0,121.851,2.0,2.16e-07,1.08e-07,0,1,1,4.394449154672439,0.0227785868893395,4629629.62962963,9259259.25925926,106666.66666666666,213333.3333333333,213333.3333333333,9259259.25925926,1.4285714285714286,0.04,0.3333333333333333,0,113.61911
ASAP7,NORX1,NOR3x1_ASAP7_6t_L,A,Y,fall,80.0,0.0230399999999999,0.7,25.0,122.309,2.0,2.16e-07,1.08e-07,0,1,1,4.394449154672439,0.0227785868893395,4629629.62962963,9259259.25925926,106666.66666666666,213333.3333333333,213333.3333333333,9259259.25925926,1.4285714285714286,0.04,0.3333333333333333,0,113.61911
ASAP7,NORX1,NOR3x1f_ASAP7_6t_L,B,Y,rise,5.0,0.0007199999999999,0.7,25.0,19.4995,2.0,2.16e-07,1.08e-07,0,1,1,1.791759469228055,0.0007197409243488,4629629.62962963,9259259.25925926,3333.333333333333,6666.666666666666,3333.333333333333,4629629.62962963,1.4285714285714286,0.04,0.3333333333333333,0,23.774256
ASAP7,INVX1,INVx13_ASAP7_6t_L,A,Y,fall,160.0,0.0460799999999999,0.7,25.0,43.5311,1.0,5.4e-08,5.4e-08,1,1,1,5.081404364984463,0.0450498445537087,18518518.51851852,18518518.51851852,853333.3333333333,853333.3333333333,853333.3333333333,18518518.51851852,1.4285714285714286,0.04,0.0,0,252.04356
ASAP7,NORX1,NOR3x1_ASAP7_6t_L,C,Y,rise,10.0,0.0014399999999999,0.7,25.0,15.6036,2.0,2.16e-07,1.08e-07,0,1,1,2.3978952727983707,0.0014389641942542,4629629.62962963,9259259.25925926,6666.666666666666,13333.333333333332,6666.666666666666,4629629.62962963,1.4285714285714286,0.04,0.3333333333333333,0,1.0865611
ASAP7,NORX1,NOR3x1_ASAP7_6t_L,A,Y,rise,20.0,0.0007199999999999,0.7,25.0,11.7877,2.0,2.16e-07,1.08e-07,0,1,1,3.044522437723423,0.0007197409243488,4629629.62962963,9259259.25925926,3333.333333333333,6666.666666666666,3333.333333333333,4629629.62962963,1.4285714285714286,0.04,0.3333333333333333,0,30.013695
ASAP7,NANDX1,NAND3x1_ASAP7_6t_L,C,Y,rise,160.0,0.0230399999999999,0.7,25.0,174.599,0.5,1.08e-07,2.16e-07,0,1,1,5.081404364984463,0.0227785868893395,9259259.25925926,4629629.62962963,213333.3333333333,106666.66666666666,213333.3333333333,9259259.25925926,1.4285714285714286,0.04,-0.3333333333333333,0,243.84175
ASAP7,NORX1,NOR3x1_ASAP7_6t_L,B,Y,fall,5.0,0.0115199999999999,0.7,25.0,55.18,2.0,2.16e-07,1.08e-07,0,1,1,1.791759469228055,0.0114541500451158,4629629.62962963,9259259.25925926,53333.33333333333,106666.66666666666,106666.66666666666,9259259.25925926,1.4285714285714286,0.04,0.3333333333333333,0,1.0641688
ASAP7,INVX2,INVx2_ASAP7_6t_L,A,Y,rise,5.0,0.0230399999999999,0.7,25.0,60.0382,1.0,1.08e-07,1.08e-07,1,1,1,1.791759469228055,0.0227785868893395,9259259.25925926,9259259.25925926,213333.3333333333,213333.3333333333,213333.3333333333,9259259.25925926,1.4285714285714286,0.04,0.0,0,46.068233
ASAP7,NANDX1,NAND2x1_ASAP7_6t_L,A,Y,rise,10.0,0.0057599999999999,0.7,25.0,36.8947,0.5,1.08e-07,2.16e-07,0,1,1,2.3978952727983707,0.0057434746270657,9259259.25925926,4629629.62962963,53333.33333333333,26666.666666666664,53333.33333333333,9259259.25925926,1.4285714285714286,0.04,-0.3333333333333333,0,36.03285
ASAP7,NANDX1,NAND3x1_ASAP7_6t_L,C,Y,fall,5.0,0.0115199999999999,0.7,25.0,44.0365,0.5,1.08e-07,2.16e-07,0,1,1,1.791759469228055,0.0114541500451158,9259259.25925926,4629629.62962963,106666.66666666666,53333.33333333333,53333.33333333333,4629629.62962963,1.4285714285714286,0.04,-0.3333333333333333,0,22.386148
ASAP7,NANDX1,NAND2x1_ASAP7_6t_L,B,Y,fall,160.0,0.0014399999999999,0.7,25.0,18.873,0.5,1.08e-07,2.16e-07,0,1,1,5.081404364984463,0.0014389641942542,9259259.25925926,4629629.62962963,13333.333333333332,6666.666666666666,6666.666666666666,4629629.62962963,1.4285714285714286,0.04,-0.3333333333333333,0,16.78353
ASAP7,NORX1,NOR5x1f_ASAP7_6t_L,C,Y,rise,80.0,0.0028799999999999,0.7,25.0,95.3486,2.0,2.16e-07,1.08e-07,0,1,1,4.394449154672439,0.0028758607454642,4629629.62962963,9259259.25925926,13333.333333333332,26666.666666666664,13333.333333333332,4629629.62962963,1.4285714285714286,0.04,0.3333333333333333,0,46.558815
ASAP7,NORX1,NOR5x1f_ASAP7_6t_L,C,Y,fall,80.0,0.0057599999999999,0.7,25.0,49.1058,2.0,2.16e-07,1.08e-07,0,1,1,4.394449154672439,0.0057434746270657,4629629.62962963,9259259.25925926,26666.666666666664,53333.33333333333,53333.33333333333,9259259.25925926,1.4285714285714286,0.04,0.3333333333333333,0,39.294956
ASAP7,NANDX1,NAND3x1_ASAP7_6t_L,A,Y,rise,40.0,0.0014399999999999,0.7,25.0,23.2415,0.5,1.08e-07,2.16e-07,0,1,1,3.713572066704308,0.0014389641942542,9259259.25925926,4629629.62962963,13333.333333333332,6666.666666666666,13333.333333333332,9259259.25925926,1.4285714285714286,0.04,-0.3333333333333333,0,25.839674
ASAP7,NORX1,NOR3x1f_ASAP7_6t_L,A,Y,rise,160.0,0.0230399999999999,0.7,25.0,362.51,2.0,2.16e-07,1.08e-07,0,1,1,5.081404364984463,0.0227785868893395,4629629.62962963,9259259.25925926,106666.66666666666,213333.3333333333,106666.66666666666,4629629.62962963,1.4285714285714286,0.04,0.3333333333333333,0,333.08188
ASAP7,INVX1,INVx13_ASAP7_6t_L,A,Y,fall,80.0,0.0921599999999999,0.7,25.0,54.2827,1.0,5.4e-08,5.4e-08,1,1,1,4.394449154672439,0.0881573867362051,18518518.51851852,18518518.51851852,1706666.6666666665,1706666.6666666665,1706666.6666666665,18518518.51851852,1.4285714285714286,0.04,0.0,0,37.858894
ASAP7,NORX1,NOR5x1f_ASAP7_6t_L,B,Y,fall,320.0,0.0003599999999999,0.7,25.0,6.17246,2.0,2.16e-07,1.08e-07,0,1,1,5.771441123130016,0.0003599352155478,4629629.62962963,9259259.25925926,1666.6666666666663,3333.333333333333,3333.333333333333,9259259.25925926,1.4285714285714286,0.04,0.3333333333333333,0,29.827616
ASAP7,NORX1,NOR3x1f_ASAP7_6t_L,B,Y,rise,5.0,0.0230399999999999,0.7,25.0,323.948,2.0,2.16e-07,1.08e-07,0,1,1,1.791759469228055,0.0227785868893395,4629629.62962963,9259259.25925926,106666.66666666666,213333.3333333333,106666.66666666666,4629629.62962963,1.4285714285714286,0.04,0.3333333333333333,0,300.07977
ASAP7,NANDX1,NAND2x1p5_ASAP7_6t_L,B,Y,rise,320.0,0.0028799999999999,0.7,25.0,83.2919,0.5,1.08e-07,2.16e-07,0,1,1,5.771441123130016,0.0028758607454642,9259259.25925926,4629629.62962963,26666.666666666664,13333.333333333332,26666.666666666664,9259259.25925926,1.4285714285714286,0.04,-0.3333333333333333,0,50.860374
ASAP7,NORX1,NOR5x1f_ASAP7_6t_L,E,Y,rise,10.0,0.0115199999999999,0.7,25.0,282.12,2.0,2.16e-07,1.08e-07,0,1,1,2.3978952727983707,0.0114541500451158,4629629.62962963,9259259.25925926,53333.33333333333,106666.66666666666,53333.33333333333,4629629.62962963,1.4285714285714286,0.04,0.3333333333333333,0,1.09636
ASAP7,NORX1,NOR3x1_ASAP7_6t_L,A,Y,rise,20.0,0.0230399999999999,0.7,25.0,115.845,2.0,2.16e-07,1.08e-07,0,1,1,3.044522437723423,0.0227785868893395,4629629.62962963,9259259.25925926,106666.66666666666,213333.3333333333,106666.66666666666,4629629.62962963,1.4285714285714286,0.04,0.3333333333333333,0,307.11768
ASAP7,NANDX1,NAND2x1_ASAP7_6t_L,B,Y,rise,80.0,0.0115199999999999,0.7,25.0,85.6461,0.5,1.08e-07,2.16e-07,0,1,1,4.394449154672439,0.0114541500451158,9259259.25925926,4629629.62962963,106666.66666666666,53333.33333333333,106666.66666666666,9259259.25925926,1.4285714285714286,0.04,-0.3333333333333333,0,152.89487
ASAP7,INVX1,INVx13_ASAP7_6t_L,A,Y,rise,20.0,0.7372799999999999,0.7,25.0,300.384,1.0,5.4e-08,5.4e-08,1,1,1,3.044522437723423,0.5523206717349491,18518518.51851852,18518518.51851852,13653333.333333332,13653333.333333332,13653333.333333332,18518518.51851852,1.4285714285714286,0.04,0.0,0,333.24667
ASAP7,NANDX1,NAND2x1_ASAP7_6t_L,A,Y,fall,40.0,0.0028799999999999,0.7,25.0,19.5486,0.5,1.08e-07,2.16e-07,0,1,1,3.713572066704308,0.0028758607454642,9259259.25925926,4629629.62962963,26666.666666666664,13333.333333333332,13333.333333333332,4629629.62962963,1.4285714285714286,0.04,-0.3333333333333333,0,15.197462
ASAP7,NORX1,NOR3x1_ASAP7_6t_L,A,Y,fall,160.0,0.0115199999999999,0.7,25.0,95.3349,2.0,2.16e-07,1.08e-07,0,1,1,5.081404364984463,0.0114541500451158,4629629.62962963,9259259.25925926,53333.33333333333,106666.66666666666,106666.66666666666,9259259.25925926,1.4285714285714286,0.04,0.3333333333333333,0,1.1347979
ASAP7,NANDX1,NAND3x1_ASAP7_6t_L,C,Y,rise,40.0,0.0230399999999999,0.7,25.0,134.981,0.5,1.08e-07,2.16e-07,0,1,1,3.713572066704308,0.0227785868893395,9259259.25925926,4629629.62962963,213333.3333333333,106666.66666666666,213333.3333333333,9259259.25925926,1.4285714285714286,0.04,-0.3333333333333333,0,144.1459
ASAP7,NANDX1,NAND2x1_ASAP7_6t_L,B,Y,rise,40.0,0.0007199999999999,0.7,25.0,16.5261,0.5,1.08e-07,2.16e-07,0,1,1,3.713572066704308,0.0007197409243488,9259259.25925926,4629629.62962963,6666.666666666666,3333.333333333333,6666.666666666666,9259259.25925926,1.4285714285714286,0.04,-0.3333333333333333,0,22.541082
ASAP7,NORX1,NOR5x1f_ASAP7_6t_L,B,Y,rise,5.0,0.0007199999999999,0.7,25.0,34.0613,2.0,2.16e-07,1.08e-07,0,1,1,1.791759469228055,0.0007197409243488,4629629.62962963,9259259.25925926,3333.333333333333,6666.666666666666,3333.333333333333,4629629.62962963,1.4285714285714286,0.04,0.3333333333333333,0,22.694233
ASAP7,NORX1,NOR3x1f_ASAP7_6t_L,C,Y,fall,80.0,0.0230399999999999,0.7,25.0,120.532,2.0,2.16e-07,1.08e-07,0,1,1,4.394449154672439,0.0227785868893395,4629629.62962963,9259259.25925926,106666.66666666666,213333.3333333333,213333.3333333333,9259259.25925926,1.4285714285714286,0.04,0.3333333333333333,0,1.12174
ASAP7,NORX1,NOR5x1f_ASAP7_6t_L,C,Y,fall,5.0,0.0057599999999999,0.7,25.0,28.979,2.0,2.16e-07,1.08e-07,0,1,1,1.791759469228055,0.0057434746270657,4629629.62962963,9259259.25925926,26666.666666666664,53333.33333333333,53333.33333333333,9259259.25925926,1.4285714285714286,0.04,0.3333333333333333,0,1.057894
ASAP7,NANDX1,NAND2x1_ASAP7_6t_L,B,Y,fall,20.0,0.0028799999999999,0.7,25.0,17.9734,0.5,1.08e-07,2.16e-07,0,1,1,3.044522437723423,0.0028758607454642,9259259.25925926,4629629.62962963,26666.666666666664,13333.333333333332,13333.333333333332,4629629.62962963,1.4285714285714286,0.04,-0.3333333333333333,0,12.589657
ASAP7,NORX1,NOR2x1_ASAP7_6t_L,B,Y,fall,40.0,0.0230399999999999,0.7,25.0,109.145,2.0,2.16e-07,1.08e-07,0,1,1,3.713572066704308,0.0227785868893395,4629629.62962963,9259259.25925926,106666.66666666666,213333.3333333333,213333.3333333333,9259259.25925926,1.4285714285714286,0.04,0.3333333333333333,0,118.16541
ASAP7,NORX1,NOR5x1f_ASAP7_6t_L,D,Y,fall,40.0,0.0028799999999999,0.7,25.0,27.1265,2.0,2.16e-07,1.08e-07,0,1,1,3.713572066704308,0.0028758607454642,4629629.62962963,9259259.25925926,13333.333333333332,26666.666666666664,26666.666666666664,9259259.25925926,1.4285714285714286,0.04,0.3333333333333333,0,1.0846692
ASAP7,NANDX1,NAND2x1p5_ASAP7_6t_L,A,Y,rise,80.0,0.0057599999999999,0.7,25.0,61.0154,0.5,1.08e-07,2.16e-07,0,1,1,4.394449154672439,0.0057434746270657,9259259.25925926,4629629.62962963,53333.33333333333,26666.666666666664,53333.33333333333,9259259.25925926,1.4285714285714286,0.04,-0.3333333333333333,0,53.186295
ASAP7,NANDX1,NAND2x1p5_ASAP7_6t_L,A,Y,rise,80.0,0.0115199999999999,0.7,25.0,88.9868,0.5,1.08e-07,2.16e-07,0,1,1,4.394449154672439,0.0114541500451158,9259259.25925926,4629629.62962963,106666.66666666666,53333.33333333333,106666.66666666666,9259259.25925926,1.4285714285714286,0.04,-0.3333333333333333,0,91.06473
ASAP7,INVX2,INVx2_ASAP7_6t_L,A,Y,fall,40.0,0.0057599999999999,0.7,25.0,23.9757,1.0,1.08e-07,1.08e-07,1,1,1,3.713572066704308,0.0057434746270657,9259259.25925926,9259259.25925926,53333.33333333333,53333.33333333333,53333.33333333333,9259259.25925926,1.4285714285714286,0.04,0.0,0,9.314558
ASAP7,NORX1,NOR2x1_ASAP7_6t_L,B,Y,rise,10.0,0.0014399999999999,0.7,25.0,12.8254,2.0,2.16e-07,1.08e-07,0,1,1,2.3978952727983707,0.0014389641942542,4629629.62962963,9259259.25925926,6666.666666666666,13333.333333333332,6666.666666666666,4629629.62962963,1.4285714285714286,0.04,0.3333333333333333,0,41.754646
ASAP7,NANDX1,NAND3x1_ASAP7_6t_L,C,Y,rise,320.0,0.0028799999999999,0.7,25.0,94.5005,0.5,1.08e-07,2.16e-07,0,1,1,5.771441123130016,0.0028758607454642,9259259.25925926,4629629.62962963,26666.666666666664,13333.333333333332,26666.666666666664,9259259.25925926,1.4285714285714286,0.04,-0.3333333333333333,0,61.883064
ASAP7,NANDX1,NAND3x1_ASAP7_6t_L,C,Y,rise,20.0,0.0460799999999999,0.7,25.0,242.43,0.5,1.08e-07,2.16e-07,0,1,1,3.044522437723423,0.0450498445537087,9259259.25925926,4629629.62962963,426666.6666666666,213333.3333333333,426666.6666666666,9259259.25925926,1.4285714285714286,0.04,-0.3333333333333333,0,229.84097
ASAP7,NANDX1,NAND2x1p5_ASAP7_6t_L,A,Y,fall,160.0,0.0230399999999999,0.7,25.0,79.9925,0.5,1.08e-07,2.16e-07,0,1,1,5.081404364984463,0.0227785868893395,9259259.25925926,4629629.62962963,213333.3333333333,106666.66666666666,106666.66666666666,4629629.62962963,1.4285714285714286,0.04,-0.3333333333333333,0,105.596794
ASAP7,NORX1,NOR2x1_ASAP7_6t_L,A,Y,rise,160.0,0.0460799999999999,0.7,25.0,250.841,2.0,2.16e-07,1.08e-07,0,1,1,5.081404364984463,0.0450498445537087,4629629.62962963,9259259.25925926,213333.3333333333,426666.6666666666,213333.3333333333,4629629.62962963,1.4285714285714286,0.04,0.3333333333333333,0,333.56363
ASAP7,NORX1,NOR3x1f_ASAP7_6t_L,B,Y,rise,20.0,0.0014399999999999,0.7,25.0,32.0963,2.0,2.16e-07,1.08e-07,0,1,1,3.044522437723423,0.0014389641942542,4629629.62962963,9259259.25925926,6666.666666666666,13333.333333333332,6666.666666666666,4629629.62962963,1.4285714285714286,0.04,0.3333333333333333,0,23.896574
ASAP7,INVX1,INVx1_ASAP7_6t_L,A,Y,rise,10.0,0.0007199999999999,0.7,25.0,8.63952,1.0,5.4e-08,5.4e-08,1,1,1,2.3978952727983707,0.0007197409243488,18518518.51851852,18518518.51851852,13333.333333333332,13333.333333333332,13333.333333333332,18518518.51851852,1.4285714285714286,0.04,0.0,0,6.3180394
ASAP7,INVX1,INVx13_ASAP7_6t_L,A,Y,fall,40.0,0.7372799999999999,0.7,25.0,256.848,1.0,5.4e-08,5.4e-08,1,1,1,3.713572066704308,0.5523206717349491,18518518.51851852,18518518.51851852,13653333.333333332,13653333.333333332,13653333.333333332,18518518.51851852,1.4285714285714286,0.04,0.0,0,333.2187
ASAP7,NORX1,NOR3x1f_ASAP7_6t_L,B,Y,fall,5.0,0.0028799999999999,0.7,25.0,16.086,2.0,2.16e-07,1.08e-07,0,1,1,1.791759469228055,0.0028758607454642,4629629.62962963,9259259.25925926,13333.333333333332,26666.666666666664,26666.666666666664,9259259.25925926,1.4285714285714286,0.04,0.3333333333333333,0,1.0549546
ASAP7,INVX1,INVx13_ASAP7_6t_L,A,Y,rise,40.0,0.0230399999999999,0.7,25.0,22.5014,1.0,5.4e-08,5.4e-08,1,1,1,3.713572066704308,0.0227785868893395,18518518.51851852,18518518.51851852,426666.6666666666,426666.6666666666,426666.6666666666,18518518.51851852,1.4285714285714286,0.04,0.0,0,129.98021
ASAP7,INVX1,INVx1_ASAP7_6t_L,A,Y,fall,160.0,0.0057599999999999,0.7,25.0,58.5861,1.0,5.4e-08,5.4e-08,1,1,1,5.081404364984463,0.0057434746270657,18518518.51851852,18518518.51851852,106666.66666666666,106666.66666666666,106666.66666666666,18518518.51851852,1.4285714285714286,0.04,0.0,0,31.179964
ASAP7,NANDX1,NAND3x1_ASAP7_6t_L,C,Y,rise,5.0,0.0007199999999999,0.7,25.0,13.954,0.5,1.08e-07,2.16e-07,0,1,1,1.791759469228055,0.0007197409243488,9259259.25925926,4629629.62962963,6666.666666666666,3333.333333333333,6666.666666666666,9259259.25925926,1.4285714285714286,0.04,-0.3333333333333333,0,13.8186865
ASAP7,NANDX1,NAND2x1p5_ASAP7_6t_L,A,Y,rise,10.0,0.0028799999999999,0.7,25.0,23.9432,0.5,1.08e-07,2.16e-07,0,1,1,2.3978952727983707,0.0028758607454642,9259259.25925926,4629629.62962963,26666.666666666664,13333.333333333332,26666.666666666664,9259259.25925926,1.4285714285714286,0.04,-0.3333333333333333,0,32.72605
ASAP7,NORX1,NOR2x1_ASAP7_6t_L,A,Y,fall,10.0,0.0460799999999999,0.7,25.0,196.359,2.0,2.16e-07,1.08e-07,0,1,1,2.3978952727983707,0.0450498445537087,4629629.62962963,9259259.25925926,213333.3333333333,426666.6666666666,426666.6666666666,9259259.25925926,1.4285714285714286,0.04,0.3333333333333333,0,181.40564
ASAP7,NORX1,NOR5x1f_ASAP7_6t_L,B,Y,rise,10.0,0.0014399999999999,0.7,25.0,51.1552,2.0,2.16e-07,1.08e-07,0,1,1,2.3978952727983707,0.0014389641942542,4629629.62962963,9259259.25925926,6666.666666666666,13333.333333333332,6666.666666666666,4629629.62962963,1.4285714285714286,0.04,0.3333333333333333,0,41.754646
ASAP7,NORX1,NOR5x1f_ASAP7_6t_L,C,Y,rise,5.0,0.0057599999999999,0.7,25.0,150.209,2.0,2.16e-07,1.08e-07,0,1,1,1.791759469228055,0.0057434746270657,4629629.62962963,9259259.25925926,26666.666666666664,53333.33333333333,26666.666666666664,4629629.62962963,1.4285714285714286,0.04,0.3333333333333333,0,47.74304
ASAP7,NANDX1,NAND2x1_ASAP7_6t_L,B,Y,fall,20.0,0.0014399999999999,0.7,25.0,12.4068,0.5,1.08e-07,2.16e-07,0,1,1,3.044522437723423,0.0014389641942542,9259259.25925926,4629629.62962963,13333.333333333332,6666.666666666666,6666.666666666666,4629629.62962963,1.4285714285714286,0.04,-0.3333333333333333,0,8.922258
ASAP7,INVX1,INVx1_ASAP7_6t_L,A,Y,fall,80.0,0.0028799999999999,0.7,25.0,30.4127,1.0,5.4e-08,5.4e-08,1,1,1,4.394449154672439,0.0028758607454642,18518518.51851852,18518518.51851852,53333.33333333333,53333.33333333333,53333.33333333333,18518518.51851852,1.4285714285714286,0.04,0.0,0,29.365824
ASAP7,NANDX1,NAND3x1_ASAP7_6t_L,C,Y,fall,80.0,0.0460799999999999,0.7,25.0,165.018,0.5,1.08e-07,2.16e-07,0,1,1,4.394449154672439,0.0450498445537087,9259259.25925926,4629629.62962963,426666.6666666666,213333.3333333333,213333.3333333333,4629629.62962963,1.4285714285714286,0.04,-0.3333333333333333,0,174.20555
ASAP7,NANDX1,NAND2x1p5_ASAP7_6t_L,A,Y,rise,320.0,0.0230399999999999,0.7,25.0,223.871,0.5,1.08e-07,2.16e-07,0,1,1,5.771441123130016,0.0227785868893395,9259259.25925926,4629629.62962963,213333.3333333333,106666.66666666666,213333.3333333333,9259259.25925926,1.4285714285714286,0.04,-0.3333333333333333,0,262.7002
ASAP7,INVX2,INVx2_ASAP7_6t_L,A,Y,fall,20.0,0.0115199999999999,0.7,25.0,30.953,1.0,1.08e-07,1.08e-07,1,1,1,3.044522437723423,0.0114541500451158,9259259.25925926,9259259.25925926,106666.66666666666,106666.66666666666,106666.66666666666,9259259.25925926,1.4285714285714286,0.04,0.0,0,12.28062
ASAP7,NORX1,NOR3x1_ASAP7_6t_L,B,Y,rise,40.0,0.0007199999999999,0.7,25.0,15.0639,2.0,2.16e-07,1.08e-07,0,1,1,3.713572066704308,0.0007197409243488,4629629.62962963,9259259.25925926,3333.333333333333,6666.666666666666,3333.333333333333,4629629.62962963,1.4285714285714286,0.04,0.3333333333333333,0,18.589083
ASAP7,NORX1,NOR3x1f_ASAP7_6t_L,A,Y,rise,80.0,0.0057599999999999,0.7,25.0,106.802,2.0,2.16e-07,1.08e-07,0,1,1,4.394449154672439,0.0057434746270657,4629629.62962963,9259259.25925926,26666.666666666664,53333.33333333333,26666.666666666664,4629629.62962963,1.4285714285714286,0.04,0.3333333333333333,0,94.884026
ASAP7,NANDX1,NAND3x1_ASAP7_6t_L,B,Y,fall,160.0,0.0057599999999999,0.7,25.0,40.4494,0.5,1.08e-07,2.16e-07,0,1,1,5.081404364984463,0.0057434746270657,9259259.25925926,4629629.62962963,53333.33333333333,26666.666666666664,26666.666666666664,4629629.62962963,1.4285714285714286,0.04,-0.3333333333333333,0,40.731236
ASAP7,NANDX1,NAND2x1p5_ASAP7_6t_L,A,Y,rise,20.0,0.0028799999999999,0.7,25.0,27.125,0.5,1.08e-07,2.16e-07,0,1,1,3.044522437723423,0.0028758607454642,9259259.25925926,4629629.62962963,26666.666666666664,13333.333333333332,26666.666666666664,9259259.25925926,1.4285714285714286,0.04,-0.3333333333333333,0,38.359234
ASAP7,NORX1,NOR3x1f_ASAP7_6t_L,C,Y,fall,80.0,0.0003599999999999,0.7,25.0,12.7198,2.0,2.16e-07,1.08e-07,0,1,1,4.394449154672439,0.0003599352155478,4629629.62962963,9259259.25925926,1666.6666666666663,3333.333333333333,3333.333333333333,9259259.25925926,1.4285714285714286,0.04,0.3333333333333333,0,19.499786
ASAP7,NORX1,NOR3x1f_ASAP7_6t_L,C,Y,rise,160.0,0.0003599999999999,0.7,25.0,29.6952,2.0,2.16e-07,1.08e-07,0,1,1,5.081404364984463,0.0003599352155478,4629629.62962963,9259259.25925926,1666.6666666666663,3333.333333333333,1666.6666666666663,4629629.62962963,1.4285714285714286,0.04,0.3333333333333333,0,18.32459
ASAP7,NORX1,NOR3x1_ASAP7_6t_L,B,Y,rise,5.0,0.0057599999999999,0.7,25.0,34.088,2.0,2.16e-07,1.08e-07,0,1,1,1.791759469228055,0.0057434746270657,4629629.62962963,9259259.25925926,26666.666666666664,53333.33333333333,26666.666666666664,4629629.62962963,1.4285714285714286,0.04,0.3333333333333333,0,22.640055
ASAP7,NANDX1,NAND3x1_ASAP7_6t_L,A,Y,rise,10.0,0.0028799999999999,0.7,25.0,22.3749,0.5,1.08e-07,2.16e-07,0,1,1,2.3978952727983707,0.0028758607454642,9259259.25925926,4629629.62962963,26666.666666666664,13333.333333333332,26666.666666666664,9259259.25925926,1.4285714285714286,0.04,-0.3333333333333333,0,22.813961
ASAP7,NORX1,NOR5x1f_ASAP7_6t_L,C,Y,fall,80.0,0.0028799999999999,0.7,25.0,33.3747,2.0,2.16e-07,1.08e-07,0,1,1,4.394449154672439,0.0028758607454642,4629629.62962963,9259259.25925926,13333.333333333332,26666.666666666664,26666.666666666664,9259259.25925926,1.4285714285714286,0.04,0.3333333333333333,0,1.1006472
ASAP7,NANDX1,NAND2x1p5_ASAP7_6t_L,A,Y,rise,10.0,0.0057599999999999,0.7,25.0,38.2112,0.5,1.08e-07,2.16e-07,0,1,1,2.3978952727983707,0.0057434746270657,9259259.25925926,4629629.62962963,53333.33333333333,26666.666666666664,53333.33333333333,9259259.25925926,1.4285714285714286,0.04,-0.3333333333333333,0,50.923557
ASAP7,INVX1,INVx1_ASAP7_6t_L,A,Y,fall,160.0,0.0460799999999999,0.7,25.0,236.519,1.0,5.4e-08,5.4e-08,1,1,1,5.081404364984463,0.0450498445537087,18518518.51851852,18518518.51851852,853333.3333333333,853333.3333333333,853333.3333333333,18518518.51851852,1.4285714285714286,0.04,0.0,0,252.5899
ASAP7,NORX1,NOR5x1f_ASAP7_6t_L,D,Y,rise,160.0,0.0028799999999999,0.7,25.0,104.5,2.0,2.16e-07,1.08e-07,0,1,1,5.081404364984463,0.0028758607454642,4629629.62962963,9259259.25925926,13333.333333333332,26666.666666666664,13333.333333333332,4629629.62962963,1.4285714285714286,0.04,0.3333333333333333,0,34.41649
ASAP7,NANDX1,NAND2x1_ASAP7_6t_L,A,Y,rise,20.0,0.0007199999999999,0.7,25.0,14.8406,0.5,1.08e-07,2.16e-07,0,1,1,3.044522437723423,0.0007197409243488,9259259.25925926,4629629.62962963,6666.666666666666,3333.333333333333,6666.666666666666,9259259.25925926,1.4285714285714286,0.04,-0.3333333333333333,0,18.61236
ASAP7,NORX1,NOR3x1f_ASAP7_6t_L,A,Y,rise,40.0,0.0014399999999999,0.7,25.0,37.4986,2.0,2.16e-07,1.08e-07,0,1,1,3.713572066704308,0.0014389641942542,4629629.62962963,9259259.25925926,6666.666666666666,13333.333333333332,6666.666666666666,4629629.62962963,1.4285714285714286,0.04,0.3333333333333333,0,22.06175
ASAP7,INVX1,INVx13_ASAP7_6t_L,A,Y,fall,20.0,0.0460799999999999,0.7,25.0,22.9775,1.0,5.4e-08,5.4e-08,1,1,1,3.044522437723423,0.0450498445537087,18518518.51851852,18518518.51851852,853333.3333333333,853333.3333333333,853333.3333333333,18518518.51851852,1.4285714285714286,0.04,0.0,0,216.84
ASAP7,NORX1,NOR5x1f_ASAP7_6t_L,E,Y,fall,40.0,0.0230399999999999,0.7,25.0,110.628,2.0,2.16e-07,1.08e-07,0,1,1,3.713572066704308,0.0227785868893395,4629629.62962963,9259259.25925926,106666.66666666666,213333.3333333333,213333.3333333333,9259259.25925926,1.4285714285714286,0.04,0.3333333333333333,0,1.1054348
ASAP7,NANDX1,NAND2x1_ASAP7_6t_L,A,Y,rise,80.0,0.0057599999999999,0.7,25.0,59.0588,0.5,1.08e-07,2.16e-07,0,1,1,4.394449154672439,0.0057434746270657,9259259.25925926,4629629.62962963,53333.33333333333,26666.666666666664,53333.33333333333,9259259.25925926,1.4285714285714286,0.04,-0.3333333333333333,0,85.80549
ASAP7,NORX1,NOR5x1f_ASAP7_6t_L,E,Y,rise,10.0,0.0003599999999999,0.7,25.0,29.9235,2.0,2.16e-07,1.08e-07,0,1,1,2.3978952727983707,0.0003599352155478,4629629.62962963,9259259.25925926,1666.6666666666663,3333.333333333333,1666.6666666666663,4629629.62962963,1.4285714285714286,0.04,0.3333333333333333,0,39.426502
ASAP7,NANDX1,NAND3x1_ASAP7_6t_L,C,Y,rise,80.0,0.0028799999999999,0.7,25.0,47.6576,0.5,1.08e-07,2.16e-07,0,1,1,4.394449154672439,0.0028758607454642,9259259.25925926,4629629.62962963,26666.666666666664,13333.333333333332,26666.666666666664,9259259.25925926,1.4285714285714286,0.04,-0.3333333333333333,0,50.20763
ASAP7,NANDX1,NAND2x1p5_ASAP7_6t_L,A,Y,rise,320.0,0.0014399999999999,0.7,25.0,75.8984,0.5,1.08e-07,2.16e-07,0,1,1,5.771441123130016,0.0014389641942542,9259259.25925926,4629629.62962963,13333.333333333332,6666.666666666666,13333.333333333332,9259259.25925926,1.4285714285714286,0.04,-0.3333333333333333,0,43.305515
ASAP7,NORX1,NOR5x1f_ASAP7_6t_L,A,Y,rise,20.0,0.0057599999999999,0.7,25.0,148.44,2.0,2.16e-07,1.08e-07,0,1,1,3.044522437723423,0.0057434746270657,4629629.62962963,9259259.25925926,26666.666666666664,53333.33333333333,26666.666666666664,4629629.62962963,1.4285714285714286,0.04,0.3333333333333333,0,35.446396
ASAP7,NORX1,NOR3x1_ASAP7_6t_L,C,Y,fall,5.0,0.0028799999999999,0.7,25.0,20.9173,2.0,2.16e-07,1.08e-07,0,1,1,1.791759469228055,0.0028758607454642,4629629.62962963,9259259.25925926,13333.333333333332,26666.666666666664,26666.666666666664,9259259.25925926,1.4285714285714286,0.04,0.3333333333333333,0,1.0549546
ASAP7,NORX1,NOR3x1f_ASAP7_6t_L,A,Y,fall,80.0,0.0057599999999999,0.7,25.0,47.4902,2.0,2.16e-07,1.08e-07,0,1,1,4.394449154672439,0.0057434746270657,4629629.62962963,9259259.25925926,26666.666666666664,53333.33333333333,53333.33333333333,9259259.25925926,1.4285714285714286,0.04,0.3333333333333333,0,1.1034489
ASAP7,NORX1,NOR5x1f_ASAP7_6t_L,E,Y,rise,10.0,0.0230399999999999,0.7,25.0,541.247,2.0,2.16e-07,1.08e-07,0,1,1,2.3978952727983707,0.0227785868893395,4629629.62962963,9259259.25925926,106666.66666666666,213333.3333333333,106666.66666666666,4629629.62962963,1.4285714285714286,0.04,0.3333333333333333,0,304.85312
ASAP7,NORX1,NOR2x1_ASAP7_6t_L,B,Y,fall,320.0,0.0115199999999999,0.7,25.0,119.537,2.0,2.16e-07,1.08e-07,0,1,1,5.771441123130016,0.0114541500451158,4629629.62962963,9259259.25925926,53333.33333333333,106666.66666666666,106666.66666666666,9259259.25925926,1.4285714285714286,0.04,0.3333333333333333,0,1.1840497
ASAP7,NANDX1,NAND2x1p5_ASAP7_6t_L,B,Y,rise,20.0,0.0057599999999999,0.7,25.0,39.3539,0.5,1.08e-07,2.16e-07,0,1,1,3.044522437723423,0.0057434746270657,9259259.25925926,4629629.62962963,53333.33333333333,26666.666666666664,53333.33333333333,9259259.25925926,1.4285714285714286,0.04,-0.3333333333333333,0,41.646038
ASAP7,NANDX1,NAND2x1_ASAP7_6t_L,A,Y,fall,20.0,0.0028799999999999,0.7,25.0,17.1804,0.5,1.08e-07,2.16e-07,0,1,1,3.044522437723423,0.0028758607454642,9259259.25925926,4629629.62962963,26666.666666666664,13333.333333333332,13333.333333333332,4629629.62962963,1.4285714285714286,0.04,-0.3333333333333333,0,10.264643
ASAP7,NANDX1,NAND2x1p5_ASAP7_6t_L,A,Y,fall,10.0,0.0230399999999999,0.7,25.0,58.9699,0.5,1.08e-07,2.16e-07,0,1,1,2.3978952727983707,0.0227785868893395,9259259.25925926,4629629.62962963,213333.3333333333,106666.66666666666,106666.66666666666,4629629.62962963,1.4285714285714286,0.04,-0.3333333333333333,0,70.12035
ASAP7,NORX1,NOR5x1f_ASAP7_6t_L,D,Y,rise,320.0,0.0230399999999999,0.7,25.0,574.024,2.0,2.16e-07,1.08e-07,0,1,1,5.771441123130016,0.0227785868893395,4629629.62962963,9259259.25925926,106666.66666666666,213333.3333333333,106666.66666666666,4629629.62962963,1.4285714285714286,0.04,0.3333333333333333,0,294.76447
ASAP7,INVX1,INVx1_ASAP7_6t_L,A,Y,rise,80.0,0.0460799999999999,0.7,25.0,253.101,1.0,5.4e-08,5.4e-08,1,1,1,4.394449154672439,0.0450498445537087,18518518.51851852,18518518.51851852,853333.3333333333,853333.3333333333,853333.3333333333,18518518.51851852,1.4285714285714286,0.04,0.0,0,33.71983
ASAP7,NORX1,NOR3x1f_ASAP7_6t_L,C,Y,rise,10.0,0.0007199999999999,0.7,25.0,20.5781,2.0,2.16e-07,1.08e-07,0,1,1,2.3978952727983707,0.0007197409243488,4629629.62962963,9259259.25925926,3333.333333333333,6666.666666666666,3333.333333333333,4629629.62962963,1.4285714285714286,0.04,0.3333333333333333,0,38.69021
ASAP7,NORX1,NOR5x1f_ASAP7_6t_L,E,Y,fall,40.0,0.0028799999999999,0.7,25.0,27.3663,2.0,2.16e-07,1.08e-07,0,1,1,3.713572066704308,0.0028758607454642,4629629.62962963,9259259.25925926,13333.333333333332,26666.666666666664,26666.666666666664,9259259.25925926,1.4285714285714286,0.04,0.3333333333333333,0,22.2737
ASAP7,NORX1,NOR3x1_ASAP7_6t_L,A,Y,rise,320.0,0.0115199999999999,0.7,25.0,121.368,2.0,2.16e-07,1.08e-07,0,1,1,5.771441123130016,0.0114541500451158,4629629.62962963,9259259.25925926,53333.33333333333,106666.66666666666,53333.33333333333,4629629.62962963,1.4285714285714286,0.04,0.3333333333333333,0,145.95467
ASAP7,NORX1,NOR5x1f_ASAP7_6t_L,E,Y,rise,40.0,0.0003599999999999,0.7,25.0,32.3735,2.0,2.16e-07,1.08e-07,0,1,1,3.713572066704308,0.0003599352155478,4629629.62962963,9259259.25925926,1666.6666666666663,3333.333333333333,1666.6666666666663,4629629.62962963,1.4285714285714286,0.04,0.3333333333333333,0,17.322603
ASAP7,NORX1,NOR5x1f_ASAP7_6t_L,A,Y,fall,320.0,0.0057599999999999,0.7,25.0,71.0546,2.0,2.16e-07,1.08e-07,0,1,1,5.771441123130016,0.0057434746270657,4629629.62962963,9259259.25925926,26666.666666666664,53333.33333333333,53333.33333333333,9259259.25925926,1.4285714285714286,0.04,0.3333333333333333,0,48.205162
ASAP7,NORX1,NOR5x1f_ASAP7_6t_L,D,Y,fall,160.0,0.0115199999999999,0.7,25.0,94.25,2.0,2.16e-07,1.08e-07,0,1,1,5.081404364984463,0.0114541500451158,4629629.62962963,9259259.25925926,53333.33333333333,106666.66666666666,106666.66666666666,9259259.25925926,1.4285714285714286,0.04,0.3333333333333333,0,1.1347979
ASAP7,NANDX1,NAND2x1p5_ASAP7_6t_L,B,Y,fall,5.0,0.0014399999999999,0.7,25.0,7.09161,0.5,1.08e-07,2.16e-07,0,1,1,1.791759469228055,0.0014389641942542,9259259.25925926,4629629.62962963,13333.333333333332,6666.666666666666,6666.666666666666,4629629.62962963,1.4285714285714286,0.04,-0.3333333333333333,0,8.665715
ASAP7,INVX2,INVx2_ASAP7_6t_L,A,Y,rise,80.0,0.0057599999999999,0.7,25.0,37.0636,1.0,1.08e-07,1.08e-07,1,1,1,4.394449154672439,0.0057434746270657,9259259.25925926,9259259.25925926,53333.33333333333,53333.33333333333,53333.33333333333,9259259.25925926,1.4285714285714286,0.04,0.0,0,24.441753
ASAP7,NORX1,NOR5x1f_ASAP7_6t_L,D,Y,fall,160.0,0.0028799999999999,0.7,25.0,40.815,2.0,2.16e-07,1.08e-07,0,1,1,5.081404364984463,0.0028758607454642,4629629.62962963,9259259.25925926,13333.333333333332,26666.666666666664,26666.666666666664,9259259.25925926,1.4285714285714286,0.04,0.3333333333333333,0,1.1258426
ASAP7,INVX2,INVx2_ASAP7_6t_L,A,Y,fall,80.0,0.0115199999999999,0.7,25.0,46.4204,1.0,1.08e-07,1.08e-07,1,1,1,4.394449154672439,0.0114541500451158,9259259.25925926,9259259.25925926,106666.66666666666,106666.66666666666,106666.66666666666,9259259.25925926,1.4285714285714286,0.04,0.0,0,58.63262
ASAP7,NANDX1,NAND3x1_ASAP7_6t_L,A,Y,fall,10.0,0.0007199999999999,0.7,25.0,7.83186,0.5,1.08e-07,2.16e-07,0,1,1,2.3978952727983707,0.0007197409243488,9259259.25925926,4629629.62962963,6666.666666666666,3333.333333333333,3333.333333333333,4629629.62962963,1.4285714285714286,0.04,-0.3333333333333333,0,5.431961
ASAP7,NORX1,NOR5x1f_ASAP7_6t_L,A,Y,rise,20.0,0.0230399999999999,0.7,25.0,537.333,2.0,2.16e-07,1.08e-07,0,1,1,3.044522437723423,0.0227785868893395,4629629.62962963,9259259.25925926,106666.66666666666,213333.3333333333,106666.66666666666,4629629.62962963,1.4285714285714286,0.04,0.3333333333333333,0,307.11768
ASAP7,NORX1,NOR3x1f_ASAP7_6t_L,C,Y,fall,40.0,0.0230399999999999,0.7,25.0,108.986,2.0,2.16e-07,1.08e-07,0,1,1,3.713572066704308,0.0227785868893395,4629629.62962963,9259259.25925926,106666.66666666666,213333.3333333333,213333.3333333333,9259259.25925926,1.4285714285714286,0.04,0.3333333333333333,0,118.16541
ASAP7,NANDX1,NAND2x1_ASAP7_6t_L,B,Y,fall,40.0,0.0115199999999999,0.7,25.0,53.1019,0.5,1.08e-07,2.16e-07,0,1,1,3.713572066704308,0.0114541500451158,9259259.25925926,4629629.62962963,106666.66666666666,53333.33333333333,53333.33333333333,4629629.62962963,1.4285714285714286,0.04,-0.3333333333333333,0,35.298405
ASAP7,INVX2,INVx2_ASAP7_6t_L,A,Y,rise,5.0,0.0115199999999999,0.7,25.0,31.706,1.0,1.08e-07,1.08e-07,1,1,1,1.791759469228055,0.0114541500451158,9259259.25925926,9259259.25925926,106666.66666666666,106666.66666666666,106666.66666666666,9259259.25925926,1.4285714285714286,0.04,0.0,0,39.014854
ASAP7,NANDX1,NAND3x1_ASAP7_6t_L,B,Y,fall,5.0,0.0460799999999999,0.7,25.0,157.682,0.5,1.08e-07,2.16e-07,0,1,1,1.791759469228055,0.0450498445537087,9259259.25925926,4629629.62962963,426666.6666666666,213333.3333333333,213333.3333333333,4629629.62962963,1.4285714285714286,0.04,-0.3333333333333333,0,148.43686
ASAP7,INVX1,INVx1_ASAP7_6t_L,A,Y,rise,320.0,0.0014399999999999,0.7,25.0,49.3551,1.0,5.4e-08,5.4e-08,1,1,1,5.771441123130016,0.0014389641942542,18518518.51851852,18518518.51851852,26666.666666666664,26666.666666666664,26666.666666666664,18518518.51851852,1.4285714285714286,0.04,0.0,0,66.511894
ASAP7,INVX1,INVx13_ASAP7_6t_L,A,Y,rise,5.0,0.0230399999999999,0.7,25.0,12.9331,1.0,5.4e-08,5.4e-08,1,1,1,1.791759469228055,0.0227785868893395,18518518.51851852,18518518.51851852,426666.6666666666,426666.6666666666,426666.6666666666,18518518.51851852,1.4285714285714286,0.04,0.0,0,121.85419
ASAP7,NORX1,NOR3x1_ASAP7_6t_L,B,Y,fall,160.0,0.0460799999999999,0.7,25.0,241.679,2.0,2.16e-07,1.08e-07,0,1,1,5.081404364984463,0.0450498445537087,4629629.62962963,9259259.25925926,213333.3333333333,426666.6666666666,426666.6666666666,9259259.25925926,1.4285714285714286,0.04,0.3333333333333333,0,177.77678
ASAP7,INVX1,INVx1_ASAP7_6t_L,A,Y,fall,160.0,0.0014399999999999,0.7,25.0,24.1332,1.0,5.4e-08,5.4e-08,1,1,1,5.081404364984463,0.0014389641942542,18518518.51851852,18518518.51851852,26666.666666666664,26666.666666666664,26666.666666666664,18518518.51851852,1.4285714285714286,0.04,0.0,0,30.8376
ASAP7,INVX2,INVx2_ASAP7_6t_L,A,Y,fall,10.0,0.0230399999999999,0.7,25.0,51.7092,1.0,1.08e-07,1.08e-07,1,1,1,2.3978952727983707,0.0227785868893395,9259259.25925926,9259259.25925926,213333.3333333333,213333.3333333333,213333.3333333333,9259259.25925926,1.4285714285714286,0.04,0.0,0,51.20806
ASAP7,NORX1,NOR5x1f_ASAP7_6t_L,A,Y,fall,160.0,0.0230399999999999,0.7,25.0,143.711,2.0,2.16e-07,1.08e-07,0,1,1,5.081404364984463,0.0227785868893395,4629629.62962963,9259259.25925926,106666.66666666666,213333.3333333333,213333.3333333333,9259259.25925926,1.4285714285714286,0.04,0.3333333333333333,0,177.75832
ASAP7,NORX1,NOR3x1_ASAP7_6t_L,C,Y,fall,40.0,0.0007199999999999,0.7,25.0,19.9093,2.0,2.16e-07,1.08e-07,0,1,1,3.713572066704308,0.0007197409243488,4629629.62962963,9259259.25925926,3333.333333333333,6666.666666666666,6666.666666666666,9259259.25925926,1.4285714285714286,0.04,0.3333333333333333,0,15.705982
ASAP7,NANDX1,NAND2x1p5_ASAP7_6t_L,A,Y,fall,5.0,0.0115199999999999,0.7,25.0,31.1142,0.5,1.08e-07,2.16e-07,0,1,1,1.791759469228055,0.0114541500451158,9259259.25925926,4629629.62962963,106666.66666666666,53333.33333333333,53333.33333333333,4629629.62962963,1.4285714285714286,0.04,-0.3333333333333333,0,28.905085
ASAP7,NORX1,NOR2x1_ASAP7_6t_L,B,Y,fall,80.0,0.0057599999999999,0.7,25.0,48.5502,2.0,2.16e-07,1.08e-07,0,1,1,4.394449154672439,0.0057434746270657,4629629.62962963,9259259.25925926,26666.666666666664,53333.33333333333,53333.33333333333,9259259.25925926,1.4285714285714286,0.04,0.3333333333333333,0,1.1034489
ASAP7,NORX1,NOR5x1f_ASAP7_6t_L,E,Y,rise,10.0,0.0028799999999999,0.7,25.0,87.5195,2.0,2.16e-07,1.08e-07,0,1,1,2.3978952727983707,0.0028758607454642,4629629.62962963,9259259.25925926,13333.333333333332,26666.666666666664,13333.333333333332,4629629.62962963,1.4285714285714286,0.04,0.3333333333333333,0,48.28328
ASAP7,NORX1,NOR2x1_ASAP7_6t_L,A,Y,rise,10.0,0.0007199999999999,0.7,25.0,10.2674,2.0,2.16e-07,1.08e-07,0,1,1,2.3978952727983707,0.0007197409243488,4629629.62962963,9259259.25925926,3333.333333333333,6666.666666666666,3333.333333333333,4629629.62962963,1.4285714285714286,0.04,0.3333333333333333,0,38.69021
ASAP7,NORX1,NOR3x1_ASAP7_6t_L,A,Y,rise,10.0,0.0115199999999999,0.7,25.0,60.182,2.0,2.16e-07,1.08e-07,0,1,1,2.3978952727983707,0.0114541500451158,4629629.62962963,9259259.25925926,53333.33333333333,106666.66666666666,53333.33333333333,4629629.62962963,1.4285714285714286,0.04,0.3333333333333333,0,153.73238
ASAP7,NORX1,NOR3x1f_ASAP7_6t_L,C,Y,fall,40.0,0.0115199999999999,0.7,25.0,61.7111,2.0,2.16e-07,1.08e-07,0,1,1,3.713572066704308,0.0114541500451158,4629629.62962963,9259259.25925926,53333.33333333333,106666.66666666666,106666.66666666666,9259259.25925926,1.4285714285714286,0.04,0.3333333333333333,0,58.830967
ASAP7,INVX1,INVx13_ASAP7_6t_L,A,Y,rise,40.0,0.3686399999999999,0.7,25.0,160.355,1.0,5.4e-08,5.4e-08,1,1,1,3.713572066704308,0.3138175460564067,18518518.51851852,18518518.51851852,6826666.666666666,6826666.666666666,6826666.666666666,18518518.51851852,1.4285714285714286,0.04,0.0,0,193.3375
ASAP7,NORX1,NOR5x1f_ASAP7_6t_L,E,Y,fall,10.0,0.0028799999999999,0.7,25.0,19.0184,2.0,2.16e-07,1.08e-07,0,1,1,2.3978952727983707,0.0028758607454642,4629629.62962963,9259259.25925926,13333.333333333332,26666.666666666664,26666.666666666664,9259259.25925926,1.4285714285714286,0.04,0.3333333333333333,0,13.969619
ASAP7,INVX1,INVx13_ASAP7_6t_L,A,Y,fall,160.0,0.0921599999999999,0.7,25.0,67.823,1.0,5.4e-08,5.4e-08,1,1,1,5.081404364984463,0.0881573867362051,18518518.51851852,18518518.51851852,1706666.6666666665,1706666.6666666665,1706666.6666666665,18518518.51851852,1.4285714285714286,0.04,0.0,0,58.572914
ASAP7,NORX1,NOR2x1_ASAP7_6t_L,B,Y,rise,160.0,0.0115199999999999,0.7,25.0,100.999,2.0,2.16e-07,1.08e-07,0,1,1,5.081404364984463,0.0114541500451158,4629629.62962963,9259259.25925926,53333.33333333333,106666.66666666666,53333.33333333333,4629629.62962963,1.4285714285714286,0.04,0.3333333333333333,0,185.83998
ASAP7,NANDX1,NAND2x1_ASAP7_6t_L,B,Y,rise,320.0,0.0007199999999999,0.7,25.0,48.0059,0.5,1.08e-07,2.16e-07,0,1,1,5.771441123130016,0.0007197409243488,9259259.25925926,4629629.62962963,6666.666666666666,3333.333333333333,6666.666666666666,9259259.25925926,1.4285714285714286,0.04,-0.3333333333333333,0,41.862972
ASAP7,NANDX1,NAND3x1_ASAP7_6t_L,A,Y,fall,80.0,0.0028799999999999,0.7,25.0,25.0838,0.5,1.08e-07,2.16e-07,0,1,1,4.394449154672439,0.0028758607454642,9259259.25925926,4629629.62962963,26666.666666666664,13333.333333333332,13333.333333333332,4629629.62962963,1.4285714285714286,0.04,-0.3333333333333333,0,14.4409895
ASAP7,NORX1,NOR3x1_ASAP7_6t_L,A,Y,fall,320.0,0.0057599999999999,0.7,25.0,82.9219,2.0,2.16e-07,1.08e-07,0,1,1,5.771441123130016,0.0057434746270657,4629629.62962963,9259259.25925926,26666.666666666664,53333.33333333333,53333.33333333333,9259259.25925926,1.4285714285714286,0.04,0.3333333333333333,0,48.205162
ASAP7,NORX1,NOR5x1f_ASAP7_6t_L,D,Y,rise,5.0,0.0003599999999999,0.7,25.0,29.168,2.0,2.16e-07,1.08e-07,0,1,1,1.791759469228055,0.0003599352155478,4629629.62962963,9259259.25925926,1666.6666666666663,3333.333333333333,1666.6666666666663,4629629.62962963,1.4285714285714286,0.04,0.3333333333333333,0,15.5649805
ASAP7,NORX1,NOR3x1_ASAP7_6t_L,B,Y,rise,5.0,0.0014399999999999,0.7,25.0,14.0418,2.0,2.16e-07,1.08e-07,0,1,1,1.791759469228055,0.0014389641942542,4629629.62962963,9259259.25925926,6666.666666666666,13333.333333333332,6666.666666666666,4629629.62962963,1.4285714285714286,0.04,0.3333333333333333,0,25.397894
ASAP7,NORX1,NOR2x1_ASAP7_6t_L,B,Y,rise,40.0,0.0057599999999999,0.7,25.0,41.5142,2.0,2.16e-07,1.08e-07,0,1,1,3.713572066704308,0.0057434746270657,4629629.62962963,9259259.25925926,26666.666666666664,53333.33333333333,26666.666666666664,4629629.62962963,1.4285714285714286,0.04,0.3333333333333333,0,46.079784
ASAP7,NORX1,NOR3x1_ASAP7_6t_L,B,Y,rise,80.0,0.0230399999999999,0.7,25.0,128.607,2.0,2.16e-07,1.08e-07,0,1,1,4.394449154672439,0.0227785868893395,4629629.62962963,9259259.25925926,106666.66666666666,213333.3333333333,106666.66666666666,4629629.62962963,1.4285714285714286,0.04,0.3333333333333333,0,297.00415
ASAP7,INVX1,INVx11_ASAP7_6t_L,A,Y,fall,20.0,0.0230399999999999,0.7,25.0,16.3897,1.0,5.4e-08,5.4e-08,1,1,1,3.044522437723423,0.0227785868893395,18518518.51851852,18518518.51851852,426666.6666666666,426666.6666666666,426666.6666666666,18518518.51851852,1.4285714285714286,0.04,0.0,0,197.09398
ASAP7,NORX1,NOR2x1_ASAP7_6t_L,B,Y,fall,320.0,0.0014399999999999,0.7,25.0,36.2099,2.0,2.16e-07,1.08e-07,0,1,1,5.771441123130016,0.0014389641942542,4629629.62962963,9259259.25925926,6666.666666666666,13333.333333333332,13333.333333333332,9259259.25925926,1.4285714285714286,0.04,0.3333333333333333,0,32.1933
ASAP7,INVX2,INVx2_ASAP7_6t_L,A,Y,fall,10.0,0.0115199999999999,0.7,25.0,28.0012,1.0,1.08e-07,1.08e-07,1,1,1,2.3978952727983707,0.0114541500451158,9259259.25925926,9259259.25925926,106666.66666666666,106666.66666666666,106666.66666666666,9259259.25925926,1.4285714285714286,0.04,0.0,0,43.31088
ASAP7,NANDX1,NAND2x1p5_ASAP7_6t_L,A,Y,fall,5.0,0.0230399999999999,0.7,25.0,58.0961,0.5,1.08e-07,2.16e-07,0,1,1,1.791759469228055,0.0227785868893395,9259259.25925926,4629629.62962963,213333.3333333333,106666.66666666666,106666.66666666666,4629629.62962963,1.4285714285714286,0.04,-0.3333333333333333,0,64.778305
ASAP7,NANDX1,NAND3x1_ASAP7_6t_L,B,Y,fall,40.0,0.0460799999999999,0.7,25.0,163.736,0.5,1.08e-07,2.16e-07,0,1,1,3.713572066704308,0.0450498445537087,9259259.25925926,4629629.62962963,426666.6666666666,213333.3333333333,213333.3333333333,4629629.62962963,1.4285714285714286,0.04,-0.3333333333333333,0,173.65047
ASAP7,NORX1,NOR3x1f_ASAP7_6t_L,B,Y,rise,320.0,0.0014399999999999,0.7,25.0,77.1186,2.0,2.16e-07,1.08e-07,0,1,1,5.771441123130016,0.0014389641942542,4629629.62962963,9259259.25925926,6666.666666666666,13333.333333333332,6666.666666666666,4629629.62962963,1.4285714285714286,0.04,0.3333333333333333,0,1.1934187
ASAP7,NORX1,NOR3x1f_ASAP7_6t_L,A,Y,rise,160.0,0.0028799999999999,0.7,25.0,87.7082,2.0,2.16e-07,1.08e-07,0,1,1,5.081404364984463,0.0028758607454642,4629629.62962963,9259259.25925926,13333.333333333332,26666.666666666664,13333.333333333332,4629629.62962963,1.4285714285714286,0.04,0.3333333333333333,0,132.21904
ASAP7,NORX1,NOR2x1_ASAP7_6t_L,A,Y,fall,5.0,0.0115199999999999,0.7,25.0,53.3897,2.0,2.16e-07,1.08e-07,0,1,1,1.791759469228055,0.0114541500451158,4629629.62962963,9259259.25925926,53333.33333333333,106666.66666666666,106666.66666666666,9259259.25925926,1.4285714285714286,0.04,0.3333333333333333,0,42.714035
ASAP7,NANDX1,NAND3x1_ASAP7_6t_L,C,Y,rise,40.0,0.0460799999999999,0.7,25.0,248.421,0.5,1.08e-07,2.16e-07,0,1,1,3.713572066704308,0.0450498445537087,9259259.25925926,4629629.62962963,426666.6666666666,213333.3333333333,426666.6666666666,9259259.25925926,1.4285714285714286,0.04,-0.3333333333333333,0,233.83086
ASAP7,NORX1,NOR5x1f_ASAP7_6t_L,C,Y,fall,160.0,0.0115199999999999,0.7,25.0,93.579,2.0,2.16e-07,1.08e-07,0,1,1,5.081404364984463,0.0114541500451158,4629629.62962963,9259259.25925926,53333.33333333333,106666.66666666666,106666.66666666666,9259259.25925926,1.4285714285714286,0.04,0.3333333333333333,0,65.888
ASAP7,INVX1,INVx11_ASAP7_6t_L,A,Y,fall,5.0,0.0057599999999999,0.7,25.0,5.47538,1.0,5.4e-08,5.4e-08,1,1,1,1.791759469228055,0.0057434746270657,18518518.51851852,18518518.51851852,106666.66666666666,106666.66666666666,106666.66666666666,18518518.51851852,1.4285714285714286,0.04,0.0,0,8.079115
ASAP7,NANDX1,NAND3x1_ASAP7_6t_L,B,Y,fall,5.0,0.0028799999999999,0.7,25.0,15.1319,0.5,1.08e-07,2.16e-07,0,1,1,1.791759469228055,0.0028758607454642,9259259.25925926,4629629.62962963,26666.666666666664,13333.333333333332,13333.333333333332,4629629.62962963,1.4285714285714286,0.04,-0.3333333333333333,0,9.182926
ASAP7,NORX1,NOR5x1f_ASAP7_6t_L,B,Y,fall,20.0,0.0057599999999999,0.7,25.0,32.7937,2.0,2.16e-07,1.08e-07,0,1,1,3.044522437723423,0.0057434746270657,4629629.62962963,9259259.25925926,26666.666666666664,53333.33333333333,53333.33333333333,9259259.25925926,1.4285714285714286,0.04,0.3333333333333333,0,1.075526
ASAP7,NORX1,NOR3x1f_ASAP7_6t_L,A,Y,fall,5.0,0.0115199999999999,0.7,25.0,51.1494,2.0,2.16e-07,1.08e-07,0,1,1,1.791759469228055,0.0114541500451158,4629629.62962963,9259259.25925926,53333.33333333333,106666.66666666666,106666.66666666666,9259259.25925926,1.4285714285714286,0.04,0.3333333333333333,0,42.714035
ASAP7,NANDX1,NAND3x1_ASAP7_6t_L,A,Y,fall,10.0,0.0460799999999999,0.7,25.0,157.577,0.5,1.08e-07,2.16e-07,0,1,1,2.3978952727983707,0.0450498445537087,9259259.25925926,4629629.62962963,426666.6666666666,213333.3333333333,213333.3333333333,4629629.62962963,1.4285714285714286,0.04,-0.3333333333333333,0,160.02838
ASAP7,NORX1,NOR5x1f_ASAP7_6t_L,E,Y,fall,80.0,0.0057599999999999,0.7,25.0,49.7963,2.0,2.16e-07,1.08e-07,0,1,1,4.394449154672439,0.0057434746270657,4629629.62962963,9259259.25925926,26666.666666666664,53333.33333333333,53333.33333333333,9259259.25925926,1.4285714285714286,0.04,0.3333333333333333,0,39.294956
ASAP7,NORX1,NOR5x1f_ASAP7_6t_L,C,Y,fall,160.0,0.0007199999999999,0.7,25.0,18.7955,2.0,2.16e-07,1.08e-07,0,1,1,5.081404364984463,0.0007197409243488,4629629.62962963,9259259.25925926,3333.333333333333,6666.666666666666,6666.666666666666,9259259.25925926,1.4285714285714286,0.04,0.3333333333333333,0,1.1237785
ASAP7,INVX1,INVx11_ASAP7_6t_L,A,Y,rise,40.0,0.0230399999999999,0.7,25.0,24.3669,1.0,5.4e-08,5.4e-08,1,1,1,3.713572066704308,0.0227785868893395,18518518.51851852,18518518.51851852,426666.6666666666,426666.6666666666,426666.6666666666,18518518.51851852,1.4285714285714286,0.04,0.0,0,118.45462
ASAP7,NORX1,NOR3x1f_ASAP7_6t_L,A,Y,fall,40.0,0.0230399999999999,0.7,25.0,108.264,2.0,2.16e-07,1.08e-07,0,1,1,3.713572066704308,0.0227785868893395,4629629.62962963,9259259.25925926,106666.66666666666,213333.3333333333,213333.3333333333,9259259.25925926,1.4285714285714286,0.04,0.3333333333333333,0,118.16541
ASAP7,NANDX1,NAND3x1_ASAP7_6t_L,A,Y,rise,10.0,0.0007199999999999,0.7,25.0,11.1801,0.5,1.08e-07,2.16e-07,0,1,1,2.3978952727983707,0.0007197409243488,9259259.25925926,4629629.62962963,6666.666666666666,3333.333333333333,6666.666666666666,9259259.25925926,1.4285714285714286,0.04,-0.3333333333333333,0,16.412123
ASAP7,NORX1,NOR2x1_ASAP7_6t_L,A,Y,rise,80.0,0.0014399999999999,0.7,25.0,21.586,2.0,2.16e-07,1.08e-07,0,1,1,4.394449154672439,0.0014389641942542,4629629.62962963,9259259.25925926,6666.666666666666,13333.333333333332,6666.666666666666,4629629.62962963,1.4285714285714286,0.04,0.3333333333333333,0,38.34995
ASAP7,NORX1,NOR5x1f_ASAP7_6t_L,D,Y,fall,320.0,0.0003599999999999,0.7,25.0,11.6692,2.0,2.16e-07,1.08e-07,0,1,1,5.771441123130016,0.0003599352155478,4629629.62962963,9259259.25925926,1666.6666666666663,3333.333333333333,3333.333333333333,9259259.25925926,1.4285714285714286,0.04,0.3333333333333333,0,29.827616
ASAP7,NORX1,NOR3x1_ASAP7_6t_L,C,Y,rise,40.0,0.0460799999999999,0.7,25.0,226.125,2.0,2.16e-07,1.08e-07,0,1,1,3.713572066704308,0.0450498445537087,4629629.62962963,9259259.25925926,213333.3333333333,426666.6666666666,213333.3333333333,4629629.62962963,1.4285714285714286,0.04,0.3333333333333333,0,338.0694
ASAP7,NORX1,NOR3x1f_ASAP7_6t_L,B,Y,fall,40.0,0.0007199999999999,0.7,25.0,13.0537,2.0,2.16e-07,1.08e-07,0,1,1,3.713572066704308,0.0007197409243488,4629629.62962963,9259259.25925926,3333.333333333333,6666.666666666666,6666.666666666666,9259259.25925926,1.4285714285714286,0.04,0.3333333333333333,0,15.705981
ASAP7,NORX1,NOR5x1f_ASAP7_6t_L,A,Y,rise,20.0,0.0014399999999999,0.7,25.0,50.4314,2.0,2.16e-07,1.08e-07,0,1,1,3.044522437723423,0.0014389641942542,4629629.62962963,9259259.25925926,6666.666666666666,13333.333333333332,6666.666666666666,4629629.62962963,1.4285714285714286,0.04,0.3333333333333333,0,23.896578
ASAP7,NORX1,NOR2x1_ASAP7_6t_L,A,Y,rise,20.0,0.0007199999999999,0.7,25.0,11.8001,2.0,2.16e-07,1.08e-07,0,1,1,3.044522437723423,0.0007197409243488,4629629.62962963,9259259.25925926,3333.333333333333,6666.666666666666,3333.333333333333,4629629.62962963,1.4285714285714286,0.04,0.3333333333333333,0,29.426872
ASAP7,INVX2,INVx2_ASAP7_6t_L,A,Y,rise,20.0,0.0115199999999999,0.7,25.0,36.3136,1.0,1.08e-07,1.08e-07,1,1,1,3.044522437723423,0.0114541500451158,9259259.25925926,9259259.25925926,106666.66666666666,106666.66666666666,106666.66666666666,9259259.25925926,1.4285714285714286,0.04,0.0,0,19.697992
ASAP7,INVX2,INVx2_ASAP7_6t_L,A,Y,fall,10.0,0.0028799999999999,0.7,25.0,10.2574,1.0,1.08e-07,1.08e-07,1,1,1,2.3978952727983707,0.0028758607454642,9259259.25925926,9259259.25925926,26666.666666666664,26666.666666666664,26666.666666666664,9259259.25925926,1.4285714285714286,0.04,0.0,0,7.590186
ASAP7,INVX2,INVx2_ASAP7_6t_L,A,Y,rise,10.0,0.0460799999999999,0.7,25.0,118.22,1.0,1.08e-07,1.08e-07,1,1,1,2.3978952727983707,0.0450498445537087,9259259.25925926,9259259.25925926,426666.6666666666,426666.6666666666,426666.6666666666,9259259.25925926,1.4285714285714286,0.04,0.0,0,139.50961
ASAP7,NORX1,NOR5x1f_ASAP7_6t_L,E,Y,rise,5.0,0.0003599999999999,0.7,25.0,29.4587,2.0,2.16e-07,1.08e-07,0,1,1,1.791759469228055,0.0003599352155478,4629629.62962963,9259259.25925926,1666.6666666666663,3333.333333333333,1666.6666666666663,4629629.62962963,1.4285714285714286,0.04,0.3333333333333333,0,15.5649805
ASAP7,NORX1,NOR3x1f_ASAP7_6t_L,C,Y,rise,10.0,0.0014399999999999,0.7,25.0,30.594,2.0,2.16e-07,1.08e-07,0,1,1,2.3978952727983707,0.0014389641942542,4629629.62962963,9259259.25925926,6666.666666666666,13333.333333333332,6666.666666666666,4629629.62962963,1.4285714285714286,0.04,0.3333333333333333,0,41.754646
ASAP7,NORX1,NOR3x1_ASAP7_6t_L,B,Y,fall,160.0,0.0057599999999999,0.7,25.0,66.9178,2.0,2.16e-07,1.08e-07,0,1,1,5.081404364984463,0.0057434746270657,4629629.62962963,9259259.25925926,26666.666666666664,53333.33333333333,53333.33333333333,9259259.25925926,1.4285714285714286,0.04,0.3333333333333333,0,44.377712
ASAP7,NORX1,NOR3x1f_ASAP7_6t_L,B,Y,rise,160.0,0.0230399999999999,0.7,25.0,354.483,2.0,2.16e-07,1.08e-07,0,1,1,5.081404364984463,0.0227785868893395,4629629.62962963,9259259.25925926,106666.66666666666,213333.3333333333,106666.66666666666,4629629.62962963,1.4285714285714286,0.04,0.3333333333333333,0,333.08188
ASAP7,NANDX1,NAND2x1p5_ASAP7_6t_L,B,Y,fall,40.0,0.0057599999999999,0.7,25.0,26.0554,0.5,1.08e-07,2.16e-07,0,1,1,3.713572066704308,0.0057434746270657,9259259.25925926,4629629.62962963,53333.33333333333,26666.666666666664,26666.666666666664,4629629.62962963,1.4285714285714286,0.04,-0.3333333333333333,0,17.997543
ASAP7,NORX1,NOR2x1_ASAP7_6t_L,A,Y,fall,20.0,0.0007199999999999,0.7,25.0,12.5609,2.0,2.16e-07,1.08e-07,0,1,1,3.044522437723423,0.0007197409243488,4629629.62962963,9259259.25925926,3333.333333333333,6666.666666666666,6666.666666666666,9259259.25925926,1.4285714285714286,0.04,0.3333333333333333,0,1.0706828
ASAP7,NORX1,NOR3x1f_ASAP7_6t_L,A,Y,rise,20.0,0.0003599999999999,0.7,25.0,16.9831,2.0,2.16e-07,1.08e-07,0,1,1,3.044522437723423,0.0003599352155478,4629629.62962963,9259259.25925926,1666.6666666666663,3333.333333333333,1666.6666666666663,4629629.62962963,1.4285714285714286,0.04,0.3333333333333333,0,16.247532
ASAP7,NORX1,NOR3x1f_ASAP7_6t_L,A,Y,rise,40.0,0.0003599999999999,0.7,25.0,21.1639,2.0,2.16e-07,1.08e-07,0,1,1,3.713572066704308,0.0003599352155478,4629629.62962963,9259259.25925926,1666.6666666666663,3333.333333333333,1666.6666666666663,4629629.62962963,1.4285714285714286,0.04,0.3333333333333333,0,17.322603
ASAP7,NORX1,NOR2x1_ASAP7_6t_L,A,Y,fall,20.0,0.0057599999999999,0.7,25.0,33.8627,2.0,2.16e-07,1.08e-07,0,1,1,3.044522437723423,0.0057434746270657,4629629.62962963,9259259.25925926,26666.666666666664,53333.33333333333,53333.33333333333,9259259.25925926,1.4285714285714286,0.04,0.3333333333333333,0,28.127472
ASAP7,NORX1,NOR2x1_ASAP7_6t_L,B,Y,fall,20.0,0.0007199999999999,0.7,25.0,10.8235,2.0,2.16e-07,1.08e-07,0,1,1,3.044522437723423,0.0007197409243488,4629629.62962963,9259259.25925926,3333.333333333333,6666.666666666666,6666.666666666666,9259259.25925926,1.4285714285714286,0.04,0.3333333333333333,0,1.0706828
ASAP7,INVX1,INVx11_ASAP7_6t_L,A,Y,rise,10.0,0.3686399999999999,0.7,25.0,175.416,1.0,5.4e-08,5.4e-08,1,1,1,2.3978952727983707,0.3138175460564067,18518518.51851852,18518518.51851852,6826666.666666666,6826666.666666666,6826666.666666666,18518518.51851852,1.4285714285714286,0.04,0.0,0,190.66617
ASAP7,NORX1,NOR2x1_ASAP7_6t_L,B,Y,fall,5.0,0.0230399999999999,0.7,25.0,99.4169,2.0,2.16e-07,1.08e-07,0,1,1,1.791759469228055,0.0227785868893395,4629629.62962963,9259259.25925926,106666.66666666666,213333.3333333333,213333.3333333333,9259259.25925926,1.4285714285714286,0.04,0.3333333333333333,0,123.40321
ASAP7,NANDX1,NAND2x1_ASAP7_6t_L,B,Y,rise,40.0,0.0057599999999999,0.7,25.0,44.7199,0.5,1.08e-07,2.16e-07,0,1,1,3.713572066704308,0.0057434746270657,9259259.25925926,4629629.62962963,53333.33333333333,26666.666666666664,53333.33333333333,9259259.25925926,1.4285714285714286,0.04,-0.3333333333333333,0,47.443756
ASAP7,NANDX1,NAND2x1_ASAP7_6t_L,A,Y,rise,20.0,0.0057599999999999,0.7,25.0,39.9772,0.5,1.08e-07,2.16e-07,0,1,1,3.044522437723423,0.0057434746270657,9259259.25925926,4629629.62962963,53333.33333333333,26666.666666666664,53333.33333333333,9259259.25925926,1.4285714285714286,0.04,-0.3333333333333333,0,57.662754
ASAP7,NANDX1,NAND3x1_ASAP7_6t_L,A,Y,rise,10.0,0.0057599999999999,0.7,25.0,36.914,0.5,1.08e-07,2.16e-07,0,1,1,2.3978952727983707,0.0057434746270657,9259259.25925926,4629629.62962963,53333.33333333333,26666.666666666664,53333.33333333333,9259259.25925926,1.4285714285714286,0.04,-0.3333333333333333,0,36.032852
ASAP7,NORX1,NOR5x1f_ASAP7_6t_L,B,Y,fall,80.0,0.0003599999999999,0.7,25.0,12.795,2.0,2.16e-07,1.08e-07,0,1,1,4.394449154672439,0.0003599352155478,4629629.62962963,9259259.25925926,1666.6666666666663,3333.333333333333,3333.333333333333,9259259.25925926,1.4285714285714286,0.04,0.3333333333333333,0,19.499786
ASAP7,NORX1,NOR3x1f_ASAP7_6t_L,A,Y,fall,20.0,0.0057599999999999,0.7,25.0,31.8864,2.0,2.16e-07,1.08e-07,0,1,1,3.044522437723423,0.0057434746270657,4629629.62962963,9259259.25925926,26666.666666666664,53333.33333333333,53333.33333333333,9259259.25925926,1.4285714285714286,0.04,0.3333333333333333,0,28.127472
ASAP7,NANDX1,NAND3x1_ASAP7_6t_L,B,Y,fall,40.0,0.0028799999999999,0.7,25.0,20.1174,0.5,1.08e-07,2.16e-07,0,1,1,3.713572066704308,0.0028758607454642,9259259.25925926,4629629.62962963,26666.666666666664,13333.333333333332,13333.333333333332,4629629.62962963,1.4285714285714286,0.04,-0.3333333333333333,0,12.994714
ASAP7,NANDX1,NAND2x1p5_ASAP7_6t_L,B,Y,rise,320.0,0.0115199999999999,0.7,25.0,152.641,0.5,1.08e-07,2.16e-07,0,1,1,5.771441123130016,0.0114541500451158,9259259.25925926,4629629.62962963,106666.66666666666,53333.33333333333,106666.66666666666,9259259.25925926,1.4285714285714286,0.04,-0.3333333333333333,0,95.39114
ASAP7,NANDX1,NAND2x1p5_ASAP7_6t_L,A,Y,fall,10.0,0.0028799999999999,0.7,25.0,11.7153,0.5,1.08e-07,2.16e-07,0,1,1,2.3978952727983707,0.0028758607454642,9259259.25925926,4629629.62962963,26666.666666666664,13333.333333333332,13333.333333333332,4629629.62962963,1.4285714285714286,0.04,-0.3333333333333333,0,7.1124287
ASAP7,NORX1,NOR3x1_ASAP7_6t_L,C,Y,fall,40.0,0.0115199999999999,0.7,25.0,66.4103,2.0,2.16e-07,1.08e-07,0,1,1,3.713572066704308,0.0114541500451158,4629629.62962963,9259259.25925926,53333.33333333333,106666.66666666666,106666.66666666666,9259259.25925926,1.4285714285714286,0.04,0.3333333333333333,0,58.830967
ASAP7,INVX2,INVx2_ASAP7_6t_L,A,Y,fall,160.0,0.0230399999999999,0.7,25.0,91.2006,1.0,1.08e-07,1.08e-07,1,1,1,5.081404364984463,0.0227785868893395,9259259.25925926,9259259.25925926,213333.3333333333,213333.3333333333,213333.3333333333,9259259.25925926,1.4285714285714286,0.04,0.0,0,60.487167
ASAP7,NANDX1,NAND3x1_ASAP7_6t_L,A,Y,rise,320.0,0.0014399999999999,0.7,25.0,64.5931,0.5,1.08e-07,2.16e-07,0,1,1,5.771441123130016,0.0014389641942542,9259259.25925926,4629629.62962963,13333.333333333332,6666.666666666666,13333.333333333332,9259259.25925926,1.4285714285714286,0.04,-0.3333333333333333,0,43.30552
ASAP7,NORX1,NOR3x1_ASAP7_6t_L,B,Y,rise,160.0,0.0460799999999999,0.7,25.0,250.541,2.0,2.16e-07,1.08e-07,0,1,1,5.081404364984463,0.0450498445537087,4629629.62962963,9259259.25925926,213333.3333333333,426666.6666666666,213333.3333333333,4629629.62962963,1.4285714285714286,0.04,0.3333333333333333,0,333.56363
ASAP7,NORX1,NOR3x1f_ASAP7_6t_L,B,Y,rise,10.0,0.0014399999999999,0.7,25.0,30.3344,2.0,2.16e-07,1.08e-07,0,1,1,2.3978952727983707,0.0014389641942542,4629629.62962963,9259259.25925926,6666.666666666666,13333.333333333332,6666.666666666666,4629629.62962963,1.4285714285714286,0.04,0.3333333333333333,0,41.754646
ASAP7,NORX1,NOR3x1f_ASAP7_6t_L,A,Y,fall,5.0,0.0057599999999999,0.7,25.0,27.5828,2.0,2.16e-07,1.08e-07,0,1,1,1.791759469228055,0.0057434746270657,4629629.62962963,9259259.25925926,26666.666666666664,53333.33333333333,53333.33333333333,9259259.25925926,1.4285714285714286,0.04,0.3333333333333333,0,18.32636
ASAP7,NORX1,NOR5x1f_ASAP7_6t_L,A,Y,fall,10.0,0.0028799999999999,0.7,25.0,17.9125,2.0,2.16e-07,1.08e-07,0,1,1,2.3978952727983707,0.0028758607454642,4629629.62962963,9259259.25925926,13333.333333333332,26666.666666666664,26666.666666666664,9259259.25925926,1.4285714285714286,0.04,0.3333333333333333,0,1.062865
ASAP7,NORX1,NOR5x1f_ASAP7_6t_L,B,Y,fall,20.0,0.0007199999999999,0.7,25.0,11.5828,2.0,2.16e-07,1.08e-07,0,1,1,3.044522437723423,0.0007197409243488,4629629.62962963,9259259.25925926,3333.333333333333,6666.666666666666,6666.666666666666,9259259.25925926,1.4285714285714286,0.04,0.3333333333333333,0,1.0706828
ASAP7,NORX1,NOR5x1f_ASAP7_6t_L,B,Y,rise,320.0,0.0014399999999999,0.7,25.0,109.56,2.0,2.16e-07,1.08e-07,0,1,1,5.771441123130016,0.0014389641942542,4629629.62962963,9259259.25925926,6666.666666666666,13333.333333333332,6666.666666666666,4629629.62962963,1.4285714285714286,0.04,0.3333333333333333,0,66.96722
ASAP7,NANDX1,NAND2x1_ASAP7_6t_L,B,Y,fall,320.0,0.0014399999999999,0.7,25.0,17.8768,0.5,1.08e-07,2.16e-07,0,1,1,5.771441123130016,0.0014389641942542,9259259.25925926,4629629.62962963,13333.333333333332,6666.666666666666,6666.666666666666,4629629.62962963,1.4285714285714286,0.04,-0.3333333333333333,0,18.4268
ASAP7,NANDX1,NAND3x1_ASAP7_6t_L,B,Y,rise,20.0,0.0028799999999999,0.7,25.0,27.4254,0.5,1.08e-07,2.16e-07,0,1,1,3.044522437723423,0.0028758607454642,9259259.25925926,4629629.62962963,26666.666666666664,13333.333333333332,26666.666666666664,9259259.25925926,1.4285714285714286,0.04,-0.3333333333333333,0,27.52897
ASAP7,NANDX1,NAND2x1p5_ASAP7_6t_L,B,Y,rise,40.0,0.0014399999999999,0.7,25.0,23.0159,0.5,1.08e-07,2.16e-07,0,1,1,3.713572066704308,0.0014389641942542,9259259.25925926,4629629.62962963,13333.333333333332,6666.666666666666,13333.333333333332,9259259.25925926,1.4285714285714286,0.04,-0.3333333333333333,0,25.839674
ASAP7,NORX1,NOR3x1_ASAP7_6t_L,B,Y,rise,80.0,0.0007199999999999,0.7,25.0,17.2919,2.0,2.16e-07,1.08e-07,0,1,1,4.394449154672439,0.0007197409243488,4629629.62962963,9259259.25925926,3333.333333333333,6666.666666666666,3333.333333333333,4629629.62962963,1.4285714285714286,0.04,0.3333333333333333,0,30.997158
ASAP7,NORX1,NOR5x1f_ASAP7_6t_L,C,Y,fall,5.0,0.0028799999999999,0.7,25.0,17.147,2.0,2.16e-07,1.08e-07,0,1,1,1.791759469228055,0.0028758607454642,4629629.62962963,9259259.25925926,13333.333333333332,26666.666666666664,26666.666666666664,9259259.25925926,1.4285714285714286,0.04,0.3333333333333333,0,11.972432
ASAP7,INVX1,INVx11_ASAP7_6t_L,A,Y,rise,10.0,0.0115199999999999,0.7,25.0,10.4481,1.0,5.4e-08,5.4e-08,1,1,1,2.3978952727983707,0.0114541500451158,18518518.51851852,18518518.51851852,213333.3333333333,213333.3333333333,213333.3333333333,18518518.51851852,1.4285714285714286,0.04,0.0,0,84.686905
ASAP7,INVX2,INVx2_ASAP7_6t_L,A,Y,rise,40.0,0.0028799999999999,0.7,25.0,19.4389,1.0,1.08e-07,1.08e-07,1,1,1,3.713572066704308,0.0028758607454642,9259259.25925926,9259259.25925926,26666.666666666664,26666.666666666664,26666.666666666664,9259259.25925926,1.4285714285714286,0.04,0.0,0,14.454692
ASAP7,NORX1,NOR5x1f_ASAP7_6t_L,E,Y,rise,20.0,0.0230399999999999,0.7,25.0,542.479,2.0,2.16e-07,1.08e-07,0,1,1,3.044522437723423,0.0227785868893395,4629629.62962963,9259259.25925926,106666.66666666666,213333.3333333333,106666.66666666666,4629629.62962963,1.4285714285714286,0.04,0.3333333333333333,0,307.11768
ASAP7,NANDX1,NAND2x1_ASAP7_6t_L,A,Y,rise,160.0,0.0007199999999999,0.7,25.0,38.0205,0.5,1.08e-07,2.16e-07,0,1,1,5.081404364984463,0.0007197409243488,9259259.25925926,4629629.62962963,6666.666666666666,3333.333333333333,6666.666666666666,9259259.25925926,1.4285714285714286,0.04,-0.3333333333333333,0,35.445847
ASAP7,INVX1,INVx13_ASAP7_6t_L,A,Y,rise,10.0,0.0115199999999999,0.7,25.0,9.82576,1.0,5.4e-08,5.4e-08,1,1,1,2.3978952727983707,0.0114541500451158,18518518.51851852,18518518.51851852,213333.3333333333,213333.3333333333,213333.3333333333,18518518.51851852,1.4285714285714286,0.04,0.0,0,88.65714
ASAP7,NORX1,NOR3x1_ASAP7_6t_L,B,Y,fall,10.0,0.0007199999999999,0.7,25.0,11.7699,2.0,2.16e-07,1.08e-07,0,1,1,2.3978952727983707,0.0007197409243488,4629629.62962963,9259259.25925926,3333.333333333333,6666.666666666666,6666.666666666666,9259259.25925926,1.4285714285714286,0.04,0.3333333333333333,0,11.356401
ASAP7,INVX1,INVx13_ASAP7_6t_L,A,Y,rise,40.0,0.0460799999999999,0.7,25.0,32.9574,1.0,5.4e-08,5.4e-08,1,1,1,3.713572066704308,0.0450498445537087,18518518.51851852,18518518.51851852,853333.3333333333,853333.3333333333,853333.3333333333,18518518.51851852,1.4285714285714286,0.04,0.0,0,33.30522
ASAP7,NORX1,NOR3x1_ASAP7_6t_L,A,Y,fall,80.0,0.0057599999999999,0.7,25.0,50.0444,2.0,2.16e-07,1.08e-07,0,1,1,4.394449154672439,0.0057434746270657,4629629.62962963,9259259.25925926,26666.666666666664,53333.33333333333,53333.33333333333,9259259.25925926,1.4285714285714286,0.04,0.3333333333333333,0,1.1034489
ASAP7,NORX1,NOR5x1f_ASAP7_6t_L,D,Y,rise,5.0,0.0230399999999999,0.7,25.0,540.136,2.0,2.16e-07,1.08e-07,0,1,1,1.791759469228055,0.0227785868893395,4629629.62962963,9259259.25925926,106666.66666666666,213333.3333333333,106666.66666666666,4629629.62962963,1.4285714285714286,0.04,0.3333333333333333,0,300.07977
ASAP7,NORX1,NOR5x1f_ASAP7_6t_L,D,Y,fall,80.0,0.0003599999999999,0.7,25.0,14.5538,2.0,2.16e-07,1.08e-07,0,1,1,4.394449154672439,0.0003599352155478,4629629.62962963,9259259.25925926,1666.6666666666663,3333.333333333333,3333.333333333333,9259259.25925926,1.4285714285714286,0.04,0.3333333333333333,0,19.499786
ASAP7,NORX1,NOR3x1f_ASAP7_6t_L,C,Y,fall,40.0,0.0057599999999999,0.7,25.0,38.3887,2.0,2.16e-07,1.08e-07,0,1,1,3.713572066704308,0.0057434746270657,4629629.62962963,9259259.25925926,26666.666666666664,53333.33333333333,53333.33333333333,9259259.25925926,1.4285714285714286,0.04,0.3333333333333333,0,33.722412
ASAP7,INVX1,INVx13_ASAP7_6t_L,A,Y,rise,20.0,0.0921599999999999,0.7,25.0,44.9839,1.0,5.4e-08,5.4e-08,1,1,1,3.044522437723423,0.0881573867362051,18518518.51851852,18518518.51851852,1706666.6666666665,1706666.6666666665,1706666.6666666665,18518518.51851852,1.4285714285714286,0.04,0.0,0,53.75966
ASAP7,NORX1,NOR3x1_ASAP7_6t_L,C,Y,fall,5.0,0.0014399999999999,0.7,25.0,14.759,2.0,2.16e-07,1.08e-07,0,1,1,1.791759469228055,0.0014389641942542,4629629.62962963,9259259.25925926,6666.666666666666,13333.333333333332,13333.333333333332,9259259.25925926,1.4285714285714286,0.04,0.3333333333333333,0,10.476035
ASAP7,NORX1,NOR5x1f_ASAP7_6t_L,D,Y,rise,160.0,0.0057599999999999,0.7,25.0,168.647,2.0,2.16e-07,1.08e-07,0,1,1,5.081404364984463,0.0057434746270657,4629629.62962963,9259259.25925926,26666.666666666664,53333.33333333333,26666.666666666664,4629629.62962963,1.4285714285714286,0.04,0.3333333333333333,0,159.39157
ASAP7,NANDX1,NAND2x1p5_ASAP7_6t_L,B,Y,rise,5.0,0.0028799999999999,0.7,25.0,20.7411,0.5,1.08e-07,2.16e-07,0,1,1,1.791759469228055,0.0028758607454642,9259259.25925926,4629629.62962963,26666.666666666664,13333.333333333332,26666.666666666664,9259259.25925926,1.4285714285714286,0.04,-0.3333333333333333,0,18.93736
ASAP7,NANDX1,NAND2x1p5_ASAP7_6t_L,B,Y,fall,20.0,0.0007199999999999,0.7,25.0,7.34668,0.5,1.08e-07,2.16e-07,0,1,1,3.044522437723423,0.0007197409243488,9259259.25925926,4629629.62962963,6666.666666666666,3333.333333333333,3333.333333333333,4629629.62962963,1.4285714285714286,0.04,-0.3333333333333333,0,7.4950485
ASAP7,NORX1,NOR3x1f_ASAP7_6t_L,C,Y,rise,10.0,0.0003599999999999,0.7,25.0,15.481,2.0,2.16e-07,1.08e-07,0,1,1,2.3978952727983707,0.0003599352155478,4629629.62962963,9259259.25925926,1666.6666666666663,3333.333333333333,1666.6666666666663,4629629.62962963,1.4285714285714286,0.04,0.3333333333333333,0,39.426502
ASAP7,NORX1,NOR5x1f_ASAP7_6t_L,B,Y,fall,160.0,0.0115199999999999,0.7,25.0,92.6429,2.0,2.16e-07,1.08e-07,0,1,1,5.081404364984463,0.0114541500451158,4629629.62962963,9259259.25925926,53333.33333333333,106666.66666666666,106666.66666666666,9259259.25925926,1.4285714285714286,0.04,0.3333333333333333,0,1.1347979
ASAP7,NANDX1,NAND3x1_ASAP7_6t_L,A,Y,rise,5.0,0.0115199999999999,0.7,25.0,63.8028,0.5,1.08e-07,2.16e-07,0,1,1,1.791759469228055,0.0114541500451158,9259259.25925926,4629629.62962963,106666.66666666666,53333.33333333333,106666.66666666666,9259259.25925926,1.4285714285714286,0.04,-0.3333333333333333,0,49.2569
ASAP7,NORX1,NOR2x1_ASAP7_6t_L,B,Y,fall,40.0,0.0057599999999999,0.7,25.0,38.4922,2.0,2.16e-07,1.08e-07,0,1,1,3.713572066704308,0.0057434746270657,4629629.62962963,9259259.25925926,26666.666666666664,53333.33333333333,53333.33333333333,9259259.25925926,1.4285714285714286,0.04,0.3333333333333333,0,33.722412
ASAP7,NANDX1,NAND2x1p5_ASAP7_6t_L,B,Y,fall,10.0,0.0057599999999999,0.7,25.0,18.5712,0.5,1.08e-07,2.16e-07,0,1,1,2.3978952727983707,0.0057434746270657,9259259.25925926,4629629.62962963,53333.33333333333,26666.666666666664,26666.666666666664,4629629.62962963,1.4285714285714286,0.04,-0.3333333333333333,0,10.424713
ASAP7,NANDX1,NAND2x1_ASAP7_6t_L,B,Y,fall,10.0,0.0460799999999999,0.7,25.0,164.742,0.5,1.08e-07,2.16e-07,0,1,1,2.3978952727983707,0.0450498445537087,9259259.25925926,4629629.62962963,426666.6666666666,213333.3333333333,213333.3333333333,4629629.62962963,1.4285714285714286,0.04,-0.3333333333333333,0,160.02838
ASAP7,INVX1,INVx11_ASAP7_6t_L,A,Y,fall,160.0,0.0460799999999999,0.7,25.0,47.9495,1.0,5.4e-08,5.4e-08,1,1,1,5.081404364984463,0.0450498445537087,18518518.51851852,18518518.51851852,853333.3333333333,853333.3333333333,853333.3333333333,18518518.51851852,1.4285714285714286,0.04,0.0,0,251.12166
ASAP7,NORX1,NOR3x1_ASAP7_6t_L,C,Y,rise,5.0,0.0057599999999999,0.7,25.0,34.6279,2.0,2.16e-07,1.08e-07,0,1,1,1.791759469228055,0.0057434746270657,4629629.62962963,9259259.25925926,26666.666666666664,53333.33333333333,26666.666666666664,4629629.62962963,1.4285714285714286,0.04,0.3333333333333333,0,47.187435
ASAP7,NORX1,NOR5x1f_ASAP7_6t_L,E,Y,rise,20.0,0.0014399999999999,0.7,25.0,55.7318,2.0,2.16e-07,1.08e-07,0,1,1,3.044522437723423,0.0014389641942542,4629629.62962963,9259259.25925926,6666.666666666666,13333.333333333332,6666.666666666666,4629629.62962963,1.4285714285714286,0.04,0.3333333333333333,0,23.829626
ASAP7,NORX1,NOR5x1f_ASAP7_6t_L,D,Y,fall,20.0,0.0003599999999999,0.7,25.0,10.1627,2.0,2.16e-07,1.08e-07,0,1,1,3.044522437723423,0.0003599352155478,4629629.62962963,9259259.25925926,1666.6666666666663,3333.333333333333,3333.333333333333,9259259.25925926,1.4285714285714286,0.04,0.3333333333333333,0,12.135748
ASAP7,NANDX1,NAND3x1_ASAP7_6t_L,C,Y,rise,40.0,0.0115199999999999,0.7,25.0,78.535,0.5,1.08e-07,2.16e-07,0,1,1,3.713572066704308,0.0114541500451158,9259259.25925926,4629629.62962963,106666.66666666666,53333.33333333333,106666.66666666666,9259259.25925926,1.4285714285714286,0.04,-0.3333333333333333,0,142.6089
ASAP7,NORX1,NOR3x1f_ASAP7_6t_L,B,Y,fall,160.0,0.0230399999999999,0.7,25.0,143.545,2.0,2.16e-07,1.08e-07,0,1,1,5.081404364984463,0.0227785868893395,4629629.62962963,9259259.25925926,106666.66666666666,213333.3333333333,213333.3333333333,9259259.25925926,1.4285714285714286,0.04,0.3333333333333333,0,1.1472647
ASAP7,NORX1,NOR3x1f_ASAP7_6t_L,B,Y,rise,10.0,0.0057599999999999,0.7,25.0,89.5041,2.0,2.16e-07,1.08e-07,0,1,1,2.3978952727983707,0.0057434746270657,4629629.62962963,9259259.25925926,26666.666666666664,53333.33333333333,26666.666666666664,4629629.62962963,1.4285714285714286,0.04,0.3333333333333333,0,66.264946
ASAP7,NANDX1,NAND2x1_ASAP7_6t_L,B,Y,fall,5.0,0.0115199999999999,0.7,25.0,43.9094,0.5,1.08e-07,2.16e-07,0,1,1,1.791759469228055,0.0114541500451158,9259259.25925926,4629629.62962963,106666.66666666666,53333.33333333333,53333.33333333333,4629629.62962963,1.4285714285714286,0.04,-0.3333333333333333,0,26.516384
ASAP7,NORX1,NOR5x1f_ASAP7_6t_L,E,Y,fall,20.0,0.0014399999999999,0.7,25.0,15.7337,2.0,2.16e-07,1.08e-07,0,1,1,3.044522437723423,0.0014389641942542,4629629.62962963,9259259.25925926,6666.666666666666,13333.333333333332,13333.333333333332,9259259.25925926,1.4285714285714286,0.04,0.3333333333333333,0,14.109812
ASAP7,NANDX1,NAND2x1_ASAP7_6t_L,B,Y,rise,5.0,0.0115199999999999,0.7,25.0,62.1908,0.5,1.08e-07,2.16e-07,0,1,1,1.791759469228055,0.0114541500451158,9259259.25925926,4629629.62962963,106666.66666666666,53333.33333333333,106666.66666666666,9259259.25925926,1.4285714285714286,0.04,-0.3333333333333333,0,49.2569
ASAP7,NORX1,NOR2x1_ASAP7_6t_L,A,Y,fall,40.0,0.0028799999999999,0.7,25.0,27.4812,2.0,2.16e-07,1.08e-07,0,1,1,3.713572066704308,0.0028758607454642,4629629.62962963,9259259.25925926,13333.333333333332,26666.666666666664,26666.666666666664,9259259.25925926,1.4285714285714286,0.04,0.3333333333333333,0,22.273699
ASAP7,NORX1,NOR5x1f_ASAP7_6t_L,C,Y,fall,40.0,0.0003599999999999,0.7,25.0,12.0502,2.0,2.16e-07,1.08e-07,0,1,1,3.713572066704308,0.0003599352155478,4629629.62962963,9259259.25925926,1666.6666666666663,3333.333333333333,3333.333333333333,9259259.25925926,1.4285714285714286,0.04,0.3333333333333333,0,15.032116
ASAP7,NORX1,NOR3x1f_ASAP7_6t_L,B,Y,fall,80.0,0.0230399999999999,0.7,25.0,119.77,2.0,2.16e-07,1.08e-07,0,1,1,4.394449154672439,0.0227785868893395,4629629.62962963,9259259.25925926,106666.66666666666,213333.3333333333,213333.3333333333,9259259.25925926,1.4285714285714286,0.04,0.3333333333333333,0,113.61911
ASAP7,NORX1,NOR3x1f_ASAP7_6t_L,C,Y,rise,160.0,0.0028799999999999,0.7,25.0,70.1104,2.0,2.16e-07,1.08e-07,0,1,1,5.081404364984463,0.0028758607454642,4629629.62962963,9259259.25925926,13333.333333333332,26666.666666666664,13333.333333333332,4629629.62962963,1.4285714285714286,0.04,0.3333333333333333,0,32.195232
ASAP7,INVX1,INVx11_ASAP7_6t_L,A,Y,fall,40.0,0.0115199999999999,0.7,25.0,13.6624,1.0,5.4e-08,5.4e-08,1,1,1,3.713572066704308,0.0114541500451158,18518518.51851852,18518518.51851852,213333.3333333333,213333.3333333333,213333.3333333333,18518518.51851852,1.4285714285714286,0.04,0.0,0,144.95494
ASAP7,INVX1,INVx11_ASAP7_6t_L,A,Y,fall,20.0,0.0057599999999999,0.7,25.0,7.92906,1.0,5.4e-08,5.4e-08,1,1,1,3.044522437723423,0.0057434746270657,18518518.51851852,18518518.51851852,106666.66666666666,106666.66666666666,106666.66666666666,18518518.51851852,1.4285714285714286,0.04,0.0,0,61.609608
ASAP7,NORX1,NOR2x1_ASAP7_6t_L,B,Y,rise,320.0,0.0230399999999999,0.7,25.0,198.022,2.0,2.16e-07,1.08e-07,0,1,1,5.771441123130016,0.0227785868893395,4629629.62962963,9259259.25925926,106666.66666666666,213333.3333333333,106666.66666666666,4629629.62962963,1.4285714285714286,0.04,0.3333333333333333,0,294.76447
ASAP7,NORX1,NOR3x1f_ASAP7_6t_L,B,Y,rise,40.0,0.0007199999999999,0.7,25.0,25.6925,2.0,2.16e-07,1.08e-07,0,1,1,3.713572066704308,0.0007197409243488,4629629.62962963,9259259.25925926,3333.333333333333,6666.666666666666,3333.333333333333,4629629.62962963,1.4285714285714286,0.04,0.3333333333333333,0,18.589083
ASAP7,NANDX1,NAND3x1_ASAP7_6t_L,A,Y,fall,20.0,0.0115199999999999,0.7,25.0,46.2155,0.5,1.08e-07,2.16e-07,0,1,1,3.044522437723423,0.0114541500451158,9259259.25925926,4629629.62962963,106666.66666666666,53333.33333333333,53333.33333333333,4629629.62962963,1.4285714285714286,0.04,-0.3333333333333333,0,27.943619
ASAP7,NORX1,NOR2x1_ASAP7_6t_L,B,Y,rise,40.0,0.0230399999999999,0.7,25.0,121.751,2.0,2.16e-07,1.08e-07,0,1,1,3.713572066704308,0.0227785868893395,4629629.62962963,9259259.25925926,106666.66666666666,213333.3333333333,106666.66666666666,4629629.62962963,1.4285714285714286,0.04,0.3333333333333333,0,1.1296706
ASAP7,NORX1,NOR3x1f_ASAP7_6t_L,A,Y,fall,160.0,0.0014399999999999,0.7,25.0,23.6899,2.0,2.16e-07,1.08e-07,0,1,1,5.081404364984463,0.0014389641942542,4629629.62962963,9259259.25925926,6666.666666666666,13333.333333333332,13333.333333333332,9259259.25925926,1.4285714285714286,0.04,0.3333333333333333,0,1.1244422
ASAP7,NORX1,NOR3x1_ASAP7_6t_L,A,Y,rise,5.0,0.0460799999999999,0.7,25.0,218.572,2.0,2.16e-07,1.08e-07,0,1,1,1.791759469228055,0.0450498445537087,4629629.62962963,9259259.25925926,213333.3333333333,426666.6666666666,213333.3333333333,4629629.62962963,1.4285714285714286,0.04,0.3333333333333333,0,328.72556
ASAP7,NORX1,NOR5x1f_ASAP7_6t_L,A,Y,fall,20.0,0.0014399999999999,0.7,25.0,14.7098,2.0,2.16e-07,1.08e-07,0,1,1,3.044522437723423,0.0014389641942542,4629629.62962963,9259259.25925926,6666.666666666666,13333.333333333332,13333.333333333332,9259259.25925926,1.4285714285714286,0.04,0.3333333333333333,0,14.109812
ASAP7,NORX1,NOR3x1_ASAP7_6t_L,C,Y,fall,160.0,0.0057599999999999,0.7,25.0,69.6383,2.0,2.16e-07,1.08e-07,0,1,1,5.081404364984463,0.0057434746270657,4629629.62962963,9259259.25925926,26666.666666666664,53333.33333333333,53333.33333333333,9259259.25925926,1.4285714285714286,0.04,0.3333333333333333,0,1.1287992
ASAP7,NANDX1,NAND3x1_ASAP7_6t_L,B,Y,fall,5.0,0.0230399999999999,0.7,25.0,81.6833,0.5,1.08e-07,2.16e-07,0,1,1,1.791759469228055,0.0227785868893395,9259259.25925926,4629629.62962963,213333.3333333333,106666.66666666666,106666.66666666666,4629629.62962963,1.4285714285714286,0.04,-0.3333333333333333,0,64.778305
ASAP7,NORX1,NOR5x1f_ASAP7_6t_L,B,Y,rise,10.0,0.0007199999999999,0.7,25.0,34.5829,2.0,2.16e-07,1.08e-07,0,1,1,2.3978952727983707,0.0007197409243488,4629629.62962963,9259259.25925926,3333.333333333333,6666.666666666666,3333.333333333333,4629629.62962963,1.4285714285714286,0.04,0.3333333333333333,0,38.69021
ASAP7,INVX1,INVx1_ASAP7_6t_L,A,Y,rise,10.0,0.0028799999999999,0.7,25.0,19.3205,1.0,5.4e-08,5.4e-08,1,1,1,2.3978952727983707,0.0028758607454642,18518518.51851852,18518518.51851852,53333.33333333333,53333.33333333333,53333.33333333333,18518518.51851852,1.4285714285714286,0.04,0.0,0,6.3058534
ASAP7,NANDX1,NAND3x1_ASAP7_6t_L,A,Y,fall,20.0,0.0007199999999999,0.7,25.0,9.09776,0.5,1.08e-07,2.16e-07,0,1,1,3.044522437723423,0.0007197409243488,9259259.25925926,4629629.62962963,6666.666666666666,3333.333333333333,3333.333333333333,4629629.62962963,1.4285714285714286,0.04,-0.3333333333333333,0,7.5200315
ASAP7,NORX1,NOR5x1f_ASAP7_6t_L,B,Y,rise,40.0,0.0230399999999999,0.7,25.0,542.781,2.0,2.16e-07,1.08e-07,0,1,1,3.713572066704308,0.0227785868893395,4629629.62962963,9259259.25925926,106666.66666666666,213333.3333333333,106666.66666666666,4629629.62962963,1.4285714285714286,0.04,0.3333333333333333,0,305.32718
ASAP7,NANDX1,NAND2x1_ASAP7_6t_L,B,Y,fall,20.0,0.0115199999999999,0.7,25.0,47.9091,0.5,1.08e-07,2.16e-07,0,1,1,3.044522437723423,0.0114541500451158,9259259.25925926,4629629.62962963,106666.66666666666,53333.33333333333,53333.33333333333,4629629.62962963,1.4285714285714286,0.04,-0.3333333333333333,0,27.943619
ASAP7,INVX2,INVx2_ASAP7_6t_L,A,Y,fall,80.0,0.0921599999999999,0.7,25.0,213.291,1.0,1.08e-07,1.08e-07,1,1,1,4.394449154672439,0.0881573867362051,9259259.25925926,9259259.25925926,853333.3333333333,853333.3333333333,853333.3333333333,9259259.25925926,1.4285714285714286,0.04,0.0,0,217.31525
ASAP7,NANDX1,NAND2x1_ASAP7_6t_L,B,Y,rise,320.0,0.0057599999999999,0.7,25.0,103.912,0.5,1.08e-07,2.16e-07,0,1,1,5.771441123130016,0.0057434746270657,9259259.25925926,4629629.62962963,53333.33333333333,26666.666666666664,53333.33333333333,9259259.25925926,1.4285714285714286,0.04,-0.3333333333333333,0,64.459694
ASAP7,NORX1,NOR2x1_ASAP7_6t_L,A,Y,fall,10.0,0.0014399999999999,0.7,25.0,13.216,2.0,2.16e-07,1.08e-07,0,1,1,2.3978952727983707,0.0014389641942542,4629629.62962963,9259259.25925926,6666.666666666666,13333.333333333332,13333.333333333332,9259259.25925926,1.4285714285714286,0.04,0.3333333333333333,0,12.131723
ASAP7,NORX1,NOR5x1f_ASAP7_6t_L,A,Y,rise,80.0,0.0230399999999999,0.7,25.0,550.133,2.0,2.16e-07,1.08e-07,0,1,1,4.394449154672439,0.0227785868893395,4629629.62962963,9259259.25925926,106666.66666666666,213333.3333333333,106666.66666666666,4629629.62962963,1.4285714285714286,0.04,0.3333333333333333,0,297.00415
ASAP7,INVX1,INVx1_ASAP7_6t_L,A,Y,rise,5.0,0.0028799999999999,0.7,25.0,17.8033,1.0,5.4e-08,5.4e-08,1,1,1,1.791759469228055,0.0028758607454642,18518518.51851852,18518518.51851852,53333.33333333333,53333.33333333333,53333.33333333333,18518518.51851852,1.4285714285714286,0.04,0.0,0,6.4623995
ASAP7,NANDX1,NAND2x1_ASAP7_6t_L,B,Y,fall,40.0,0.0014399999999999,0.7,25.0,14.8591,0.5,1.08e-07,2.16e-07,0,1,1,3.713572066704308,0.0014389641942542,9259259.25925926,4629629.62962963,13333.333333333332,6666.666666666666,6666.666666666666,4629629.62962963,1.4285714285714286,0.04,-0.3333333333333333,0,9.365974
ASAP7,NORX1,NOR5x1f_ASAP7_6t_L,D,Y,fall,80.0,0.0014399999999999,0.7,25.0,24.0816,2.0,2.16e-07,1.08e-07,0,1,1,4.394449154672439,0.0014389641942542,4629629.62962963,9259259.25925926,6666.666666666666,13333.333333333332,13333.333333333332,9259259.25925926,1.4285714285714286,0.04,0.3333333333333333,0,22.135805
ASAP7,NANDX1,NAND2x1p5_ASAP7_6t_L,A,Y,rise,5.0,0.0014399999999999,0.7,25.0,15.3472,0.5,1.08e-07,2.16e-07,0,1,1,1.791759469228055,0.0014389641942542,9259259.25925926,4629629.62962963,13333.333333333332,6666.666666666666,13333.333333333332,9259259.25925926,1.4285714285714286,0.04,-0.3333333333333333,0,17.173111
ASAP7,NANDX1,NAND2x1_ASAP7_6t_L,B,Y,rise,80.0,0.0014399999999999,0.7,25.0,28.9692,0.5,1.08e-07,2.16e-07,0,1,1,4.394449154672439,0.0014389641942542,9259259.25925926,4629629.62962963,13333.333333333332,6666.666666666666,13333.333333333332,9259259.25925926,1.4285714285714286,0.04,-0.3333333333333333,0,30.927418
ASAP7,INVX2,INVx2_ASAP7_6t_L,A,Y,rise,20.0,0.0014399999999999,0.7,25.0,10.5957,1.0,1.08e-07,1.08e-07,1,1,1,3.044522437723423,0.0014389641942542,9259259.25925926,9259259.25925926,13333.333333333332,13333.333333333332,13333.333333333332,9259259.25925926,1.4285714285714286,0.04,0.0,0,10.329032
ASAP7,NORX1,NOR5x1f_ASAP7_6t_L,A,Y,rise,10.0,0.0057599999999999,0.7,25.0,146.543,2.0,2.16e-07,1.08e-07,0,1,1,2.3978952727983707,0.0057434746270657,4629629.62962963,9259259.25925926,26666.666666666664,53333.33333333333,26666.666666666664,4629629.62962963,1.4285714285714286,0.04,0.3333333333333333,0,66.264946
ASAP7,NANDX1,NAND3x1_ASAP7_6t_L,C,Y,rise,5.0,0.0115199999999999,0.7,25.0,67.7143,0.5,1.08e-07,2.16e-07,0,1,1,1.791759469228055,0.0114541500451158,9259259.25925926,4629629.62962963,106666.66666666666,53333.33333333333,106666.66666666666,9259259.25925926,1.4285714285714286,0.04,-0.3333333333333333,0,49.2569
ASAP7,INVX1,INVx11_ASAP7_6t_L,A,Y,fall,10.0,0.0460799999999999,0.7,25.0,22.4632,1.0,5.4e-08,5.4e-08,1,1,1,2.3978952727983707,0.0450498445537087,18518518.51851852,18518518.51851852,853333.3333333333,853333.3333333333,853333.3333333333,18518518.51851852,1.4285714285714286,0.04,0.0,0,208.7504
ASAP7,NANDX1,NAND3x1_ASAP7_6t_L,A,Y,fall,10.0,0.0028799999999999,0.7,25.0,15.2026,0.5,1.08e-07,2.16e-07,0,1,1,2.3978952727983707,0.0028758607454642,9259259.25925926,4629629.62962963,26666.666666666664,13333.333333333332,13333.333333333332,4629629.62962963,1.4285714285714286,0.04,-0.3333333333333333,0,7.112429
ASAP7,NORX1,NOR5x1f_ASAP7_6t_L,E,Y,fall,20.0,0.0007199999999999,0.7,25.0,12.2303,2.0,2.16e-07,1.08e-07,0,1,1,3.044522437723423,0.0007197409243488,4629629.62962963,9259259.25925926,3333.333333333333,6666.666666666666,6666.666666666666,9259259.25925926,1.4285714285714286,0.04,0.3333333333333333,0,13.1613455
ASAP7,INVX1,INVx1_ASAP7_6t_L,A,Y,rise,10.0,0.0115199999999999,0.7,25.0,61.7308,1.0,5.4e-08,5.4e-08,1,1,1,2.3978952727983707,0.0114541500451158,18518518.51851852,18518518.51851852,213333.3333333333,213333.3333333333,213333.3333333333,18518518.51851852,1.4285714285714286,0.04,0.0,0,81.650154
ASAP7,NORX1,NOR3x1f_ASAP7_6t_L,C,Y,rise,5.0,0.0230399999999999,0.7,25.0,324.32,2.0,2.16e-07,1.08e-07,0,1,1,1.791759469228055,0.0227785868893395,4629629.62962963,9259259.25925926,106666.66666666666,213333.3333333333,106666.66666666666,4629629.62962963,1.4285714285714286,0.04,0.3333333333333333,0,300.07977
ASAP7,NORX1,NOR5x1f_ASAP7_6t_L,E,Y,fall,20.0,0.0003599999999999,0.7,25.0,10.1918,2.0,2.16e-07,1.08e-07,0,1,1,3.044522437723423,0.0003599352155478,4629629.62962963,9259259.25925926,1666.6666666666663,3333.333333333333,3333.333333333333,9259259.25925926,1.4285714285714286,0.04,0.3333333333333333,0,12.135748
ASAP7,NORX1,NOR5x1f_ASAP7_6t_L,E,Y,fall,160.0,0.0057599999999999,0.7,25.0,62.4732,2.0,2.16e-07,1.08e-07,0,1,1,5.081404364984463,0.0057434746270657,4629629.62962963,9259259.25925926,26666.666666666664,53333.33333333333,53333.33333333333,9259259.25925926,1.4285714285714286,0.04,0.3333333333333333,0,1.1287992
ASAP7,INVX1,INVx13_ASAP7_6t_L,A,Y,fall,20.0,0.0230399999999999,0.7,25.0,15.1592,1.0,5.4e-08,5.4e-08,1,1,1,3.044522437723423,0.0227785868893395,18518518.51851852,18518518.51851852,426666.6666666666,426666.6666666666,426666.6666666666,18518518.51851852,1.4285714285714286,0.04,0.0,0,197.09396
ASAP7,NORX1,NOR2x1_ASAP7_6t_L,A,Y,fall,20.0,0.0115199999999999,0.7,25.0,57.4263,2.0,2.16e-07,1.08e-07,0,1,1,3.044522437723423,0.0114541500451158,4629629.62962963,9259259.25925926,53333.33333333333,106666.66666666666,106666.66666666666,9259259.25925926,1.4285714285714286,0.04,0.3333333333333333,0,1.0814451
ASAP7,NANDX1,NAND3x1_ASAP7_6t_L,B,Y,rise,160.0,0.0230399999999999,0.7,25.0,172.172,0.5,1.08e-07,2.16e-07,0,1,1,5.081404364984463,0.0227785868893395,9259259.25925926,4629629.62962963,213333.3333333333,106666.66666666666,213333.3333333333,9259259.25925926,1.4285714285714286,0.04,-0.3333333333333333,0,191.86371
ASAP7,NORX1,NOR2x1_ASAP7_6t_L,A,Y,fall,20.0,0.0014399999999999,0.7,25.0,16.0477,2.0,2.16e-07,1.08e-07,0,1,1,3.044522437723423,0.0014389641942542,4629629.62962963,9259259.25925926,6666.666666666666,13333.333333333332,13333.333333333332,9259259.25925926,1.4285714285714286,0.04,0.3333333333333333,0,1.0713754
ASAP7,INVX1,INVx1_ASAP7_6t_L,A,Y,fall,10.0,0.0115199999999999,0.7,25.0,51.9096,1.0,5.4e-08,5.4e-08,1,1,1,2.3978952727983707,0.0114541500451158,18518518.51851852,18518518.51851852,213333.3333333333,213333.3333333333,213333.3333333333,18518518.51851852,1.4285714285714286,0.04,0.0,0,136.25221
ASAP7,NANDX1,NAND2x1_ASAP7_6t_L,B,Y,rise,20.0,0.0028799999999999,0.7,25.0,24.0741,0.5,1.08e-07,2.16e-07,0,1,1,3.044522437723423,0.0028758607454642,9259259.25925926,4629629.62962963,26666.666666666664,13333.333333333332,26666.666666666664,9259259.25925926,1.4285714285714286,0.04,-0.3333333333333333,0,27.52897
ASAP7,NORX1,NOR5x1f_ASAP7_6t_L,D,Y,rise,80.0,0.0028799999999999,0.7,25.0,94.274,2.0,2.16e-07,1.08e-07,0,1,1,4.394449154672439,0.0028758607454642,4629629.62962963,9259259.25925926,13333.333333333332,26666.666666666664,13333.333333333332,4629629.62962963,1.4285714285714286,0.04,0.3333333333333333,0,50.06836
ASAP7,NORX1,NOR5x1f_ASAP7_6t_L,A,Y,fall,80.0,0.0057599999999999,0.7,25.0,48.1023,2.0,2.16e-07,1.08e-07,0,1,1,4.394449154672439,0.0057434746270657,4629629.62962963,9259259.25925926,26666.666666666664,53333.33333333333,53333.33333333333,9259259.25925926,1.4285714285714286,0.04,0.3333333333333333,0,39.294956
ASAP7,NANDX1,NAND2x1p5_ASAP7_6t_L,A,Y,fall,10.0,0.0115199999999999,0.7,25.0,31.9878,0.5,1.08e-07,2.16e-07,0,1,1,2.3978952727983707,0.0114541500451158,9259259.25925926,4629629.62962963,106666.66666666666,53333.33333333333,53333.33333333333,4629629.62962963,1.4285714285714286,0.04,-0.3333333333333333,0,21.237333
ASAP7,NORX1,NOR3x1_ASAP7_6t_L,B,Y,fall,160.0,0.0028799999999999,0.7,25.0,48.1261,2.0,2.16e-07,1.08e-07,0,1,1,5.081404364984463,0.0028758607454642,4629629.62962963,9259259.25925926,13333.333333333332,26666.666666666664,26666.666666666664,9259259.25925926,1.4285714285714286,0.04,0.3333333333333333,0,1.1258426
ASAP7,INVX1,INVx11_ASAP7_6t_L,A,Y,rise,20.0,0.3686399999999999,0.7,25.0,178.443,1.0,5.4e-08,5.4e-08,1,1,1,3.044522437723423,0.3138175460564067,18518518.51851852,18518518.51851852,6826666.666666666,6826666.666666666,6826666.666666666,18518518.51851852,1.4285714285714286,0.04,0.0,0,190.66783
ASAP7,NORX1,NOR2x1_ASAP7_6t_L,B,Y,fall,5.0,0.0028799999999999,0.7,25.0,16.6917,2.0,2.16e-07,1.08e-07,0,1,1,1.791759469228055,0.0028758607454642,4629629.62962963,9259259.25925926,13333.333333333332,26666.666666666664,26666.666666666664,9259259.25925926,1.4285714285714286,0.04,0.3333333333333333,0,11.972432
ASAP7,NORX1,NOR3x1f_ASAP7_6t_L,C,Y,rise,80.0,0.0007199999999999,0.7,25.0,28.2468,2.0,2.16e-07,1.08e-07,0,1,1,4.394449154672439,0.0007197409243488,4629629.62962963,9259259.25925926,3333.333333333333,6666.666666666666,3333.333333333333,4629629.62962963,1.4285714285714286,0.04,0.3333333333333333,0,27.803392
ASAP7,INVX2,INVx2_ASAP7_6t_L,A,Y,fall,160.0,0.0115199999999999,0.7,25.0,58.1478,1.0,1.08e-07,1.08e-07,1,1,1,5.081404364984463,0.0114541500451158,9259259.25925926,9259259.25925926,106666.66666666666,106666.66666666666,106666.66666666666,9259259.25925926,1.4285714285714286,0.04,0.0,0,42.99146
ASAP7,NANDX1,NAND2x1_ASAP7_6t_L,B,Y,rise,320.0,0.0460799999999999,0.7,25.0,331.746,0.5,1.08e-07,2.16e-07,0,1,1,5.771441123130016,0.0450498445537087,9259259.25925926,4629629.62962963,426666.6666666666,213333.3333333333,426666.6666666666,9259259.25925926,1.4285714285714286,0.04,-0.3333333333333333,0,264.52917
ASAP7,NANDX1,NAND3x1_ASAP7_6t_L,A,Y,fall,160.0,0.0007199999999999,0.7,25.0,9.98586,0.5,1.08e-07,2.16e-07,0,1,1,5.081404364984463,0.0007197409243488,9259259.25925926,4629629.62962963,6666.666666666666,3333.333333333333,3333.333333333333,4629629.62962963,1.4285714285714286,0.04,-0.3333333333333333,0,15.958873
ASAP7,NANDX1,NAND2x1p5_ASAP7_6t_L,A,Y,fall,320.0,0.0057599999999999,0.7,25.0,27.0294,0.5,1.08e-07,2.16e-07,0,1,1,5.771441123130016,0.0057434746270657,9259259.25925926,4629629.62962963,53333.33333333333,26666.666666666664,26666.666666666664,4629629.62962963,1.4285714285714286,0.04,-0.3333333333333333,0,34.889988
ASAP7,INVX1,INVx11_ASAP7_6t_L,A,Y,fall,80.0,0.3686399999999999,0.7,25.0,166.792,1.0,5.4e-08,5.4e-08,1,1,1,4.394449154672439,0.3138175460564067,18518518.51851852,18518518.51851852,6826666.666666666,6826666.666666666,6826666.666666666,18518518.51851852,1.4285714285714286,0.04,0.0,0,184.373
ASAP7,NORX1,NOR3x1_ASAP7_6t_L,A,Y,rise,80.0,0.0057599999999999,0.7,25.0,50.8235,2.0,2.16e-07,1.08e-07,0,1,1,4.394449154672439,0.0057434746270657,4629629.62962963,9259259.25925926,26666.666666666664,53333.33333333333,26666.666666666664,4629629.62962963,1.4285714285714286,0.04,0.3333333333333333,0,72.84052
ASAP7,NORX1,NOR5x1f_ASAP7_6t_L,A,Y,fall,160.0,0.0028799999999999,0.7,25.0,38.4305,2.0,2.16e-07,1.08e-07,0,1,1,5.081404364984463,0.0028758607454642,4629629.62962963,9259259.25925926,13333.333333333332,26666.666666666664,26666.666666666664,9259259.25925926,1.4285714285714286,0.04,0.3333333333333333,0,1.1258426
ASAP7,NORX1,NOR3x1_ASAP7_6t_L,B,Y,fall,160.0,0.0115199999999999,0.7,25.0,97.601,2.0,2.16e-07,1.08e-07,0,1,1,5.081404364984463,0.0114541500451158,4629629.62962963,9259259.25925926,53333.33333333333,106666.66666666666,106666.66666666666,9259259.25925926,1.4285714285714286,0.04,0.3333333333333333,0,65.888
ASAP7,INVX1,INVx1_ASAP7_6t_L,A,Y,fall,40.0,0.0115199999999999,0.7,25.0,60.512,1.0,5.4e-08,5.4e-08,1,1,1,3.713572066704308,0.0114541500451158,18518518.51851852,18518518.51851852,213333.3333333333,213333.3333333333,213333.3333333333,18518518.51851852,1.4285714285714286,0.04,0.0,0,112.867004
ASAP7,NANDX1,NAND3x1_ASAP7_6t_L,B,Y,rise,10.0,0.0460799999999999,0.7,25.0,237.612,0.5,1.08e-07,2.16e-07,0,1,1,2.3978952727983707,0.0450498445537087,9259259.25925926,4629629.62962963,426666.6666666666,213333.3333333333,426666.6666666666,9259259.25925926,1.4285714285714286,0.04,-0.3333333333333333,0,222.60262
ASAP7,NANDX1,NAND3x1_ASAP7_6t_L,B,Y,fall,160.0,0.0115199999999999,0.7,25.0,65.5553,0.5,1.08e-07,2.16e-07,0,1,1,5.081404364984463,0.0114541500451158,9259259.25925926,4629629.62962963,106666.66666666666,53333.33333333333,53333.33333333333,4629629.62962963,1.4285714285714286,0.04,-0.3333333333333333,0,58.751347
ASAP7,NORX1,NOR5x1f_ASAP7_6t_L,A,Y,fall,80.0,0.0014399999999999,0.7,25.0,21.9439,2.0,2.16e-07,1.08e-07,0,1,1,4.394449154672439,0.0014389641942542,4629629.62962963,9259259.25925926,6666.666666666666,13333.333333333332,13333.333333333332,9259259.25925926,1.4285714285714286,0.04,0.3333333333333333,0,22.135805
ASAP7,NANDX1,NAND3x1_ASAP7_6t_L,B,Y,rise,10.0,0.0230399999999999,0.7,25.0,124.063,0.5,1.08e-07,2.16e-07,0,1,1,2.3978952727983707,0.0227785868893395,9259259.25925926,4629629.62962963,213333.3333333333,106666.66666666666,213333.3333333333,9259259.25925926,1.4285714285714286,0.04,-0.3333333333333333,0,133.47913
ASAP7,NANDX1,NAND3x1_ASAP7_6t_L,B,Y,rise,160.0,0.0028799999999999,0.7,25.0,61.3202,0.5,1.08e-07,2.16e-07,0,1,1,5.081404364984463,0.0028758607454642,9259259.25925926,4629629.62962963,26666.666666666664,13333.333333333332,26666.666666666664,9259259.25925926,1.4285714285714286,0.04,-0.3333333333333333,0,55.98052
ASAP7,NORX1,NOR3x1f_ASAP7_6t_L,A,Y,rise,5.0,0.0028799999999999,0.7,25.0,48.339,2.0,2.16e-07,1.08e-07,0,1,1,1.791759469228055,0.0028758607454642,4629629.62962963,9259259.25925926,13333.333333333332,26666.666666666664,13333.333333333332,4629629.62962963,1.4285714285714286,0.04,0.3333333333333333,0,31.732271
ASAP7,NANDX1,NAND2x1_ASAP7_6t_L,A,Y,rise,160.0,0.0028799999999999,0.7,25.0,57.8221,0.5,1.08e-07,2.16e-07,0,1,1,5.081404364984463,0.0028758607454642,9259259.25925926,4629629.62962963,26666.666666666664,13333.333333333332,26666.666666666664,9259259.25925926,1.4285714285714286,0.04,-0.3333333333333333,0,44.22166
ASAP7,NORX1,NOR2x1_ASAP7_6t_L,B,Y,rise,160.0,0.0460799999999999,0.7,25.0,262.799,2.0,2.16e-07,1.08e-07,0,1,1,5.081404364984463,0.0450498445537087,4629629.62962963,9259259.25925926,213333.3333333333,426666.6666666666,213333.3333333333,4629629.62962963,1.4285714285714286,0.04,0.3333333333333333,0,333.56363
ASAP7,NANDX1,NAND3x1_ASAP7_6t_L,B,Y,fall,160.0,0.0028799999999999,0.7,25.0,24.7248,0.5,1.08e-07,2.16e-07,0,1,1,5.081404364984463,0.0028758607454642,9259259.25925926,4629629.62962963,26666.666666666664,13333.333333333332,13333.333333333332,4629629.62962963,1.4285714285714286,0.04,-0.3333333333333333,0,23.418938
ASAP7,NORX1,NOR5x1f_ASAP7_6t_L,B,Y,fall,40.0,0.0230399999999999,0.7,25.0,109.26,2.0,2.16e-07,1.08e-07,0,1,1,3.713572066704308,0.0227785868893395,4629629.62962963,9259259.25925926,106666.66666666666,213333.3333333333,213333.3333333333,9259259.25925926,1.4285714285714286,0.04,0.3333333333333333,0,118.16541
ASAP7,NANDX1,NAND2x1_ASAP7_6t_L,A,Y,fall,20.0,0.0057599999999999,0.7,25.0,27.1906,0.5,1.08e-07,2.16e-07,0,1,1,3.044522437723423,0.0057434746270657,9259259.25925926,4629629.62962963,53333.33333333333,26666.666666666664,26666.666666666664,4629629.62962963,1.4285714285714286,0.04,-0.3333333333333333,0,14.730301
ASAP7,INVX1,INVx11_ASAP7_6t_L,A,Y,fall,80.0,0.0115199999999999,0.7,25.0,16.4531,1.0,5.4e-08,5.4e-08,1,1,1,4.394449154672439,0.0114541500451158,18518518.51851852,18518518.51851852,213333.3333333333,213333.3333333333,213333.3333333333,18518518.51851852,1.4285714285714286,0.04,0.0,0,148.06798
ASAP7,NANDX1,NAND3x1_ASAP7_6t_L,C,Y,fall,160.0,0.0007199999999999,0.7,25.0,6.01438,0.5,1.08e-07,2.16e-07,0,1,1,5.081404364984463,0.0007197409243488,9259259.25925926,4629629.62962963,6666.666666666666,3333.333333333333,3333.333333333333,4629629.62962963,1.4285714285714286,0.04,-0.3333333333333333,0,15.357466
ASAP7,INVX1,INVx11_ASAP7_6t_L,A,Y,rise,80.0,0.0921599999999999,0.7,25.0,69.7082,1.0,5.4e-08,5.4e-08,1,1,1,4.394449154672439,0.0881573867362051,18518518.51851852,18518518.51851852,1706666.6666666665,1706666.6666666665,1706666.6666666665,18518518.51851852,1.4285714285714286,0.04,0.0,0,58.123795
ASAP7,NANDX1,NAND3x1_ASAP7_6t_L,B,Y,rise,160.0,0.0115199999999999,0.7,25.0,115.234,0.5,1.08e-07,2.16e-07,0,1,1,5.081404364984463,0.0114541500451158,9259259.25925926,4629629.62962963,106666.66666666666,53333.33333333333,106666.66666666666,9259259.25925926,1.4285714285714286,0.04,-0.3333333333333333,0,95.09903
ASAP7,NORX1,NOR3x1f_ASAP7_6t_L,C,Y,fall,5.0,0.0115199999999999,0.7,25.0,51.8978,2.0,2.16e-07,1.08e-07,0,1,1,1.791759469228055,0.0114541500451158,4629629.62962963,9259259.25925926,53333.33333333333,106666.66666666666,106666.66666666666,9259259.25925926,1.4285714285714286,0.04,0.3333333333333333,0,1.0641688
ASAP7,NORX1,NOR5x1f_ASAP7_6t_L,C,Y,fall,5.0,0.0230399999999999,0.7,25.0,99.7788,2.0,2.16e-07,1.08e-07,0,1,1,1.791759469228055,0.0227785868893395,4629629.62962963,9259259.25925926,106666.66666666666,213333.3333333333,213333.3333333333,9259259.25925926,1.4285714285714286,0.04,0.3333333333333333,0,1.0786042
ASAP7,INVX2,INVx2_ASAP7_6t_L,A,Y,fall,160.0,0.0057599999999999,0.7,25.0,36.9804,1.0,1.08e-07,1.08e-07,1,1,1,5.081404364984463,0.0057434746270657,9259259.25925926,9259259.25925926,53333.33333333333,53333.33333333333,53333.33333333333,9259259.25925926,1.4285714285714286,0.04,0.0,0,43.0516
ASAP7,INVX1,INVx1_ASAP7_6t_L,A,Y,rise,80.0,0.0028799999999999,0.7,25.0,37.4775,1.0,5.4e-08,5.4e-08,1,1,1,4.394449154672439,0.0028758607454642,18518518.51851852,18518518.51851852,53333.33333333333,53333.33333333333,53333.33333333333,18518518.51851852,1.4285714285714286,0.04,0.0,0,25.121992
ASAP7,NORX1,NOR3x1f_ASAP7_6t_L,B,Y,fall,10.0,0.0014399999999999,0.7,25.0,11.6306,2.0,2.16e-07,1.08e-07,0,1,1,2.3978952727983707,0.0014389641942542,4629629.62962963,9259259.25925926,6666.666666666666,13333.333333333332,13333.333333333332,9259259.25925926,1.4285714285714286,0.04,0.3333333333333333,0,12.131723
ASAP7,NORX1,NOR3x1_ASAP7_6t_L,A,Y,fall,5.0,0.0007199999999999,0.7,25.0,8.65856,2.0,2.16e-07,1.08e-07,0,1,1,1.791759469228055,0.0007197409243488,4629629.62962963,9259259.25925926,3333.333333333333,6666.666666666666,6666.666666666666,9259259.25925926,1.4285714285714286,0.04,0.3333333333333333,0,9.5262
ASAP7,INVX2,INVx2_ASAP7_6t_L,A,Y,rise,10.0,0.0230399999999999,0.7,25.0,61.5235,1.0,1.08e-07,1.08e-07,1,1,1,2.3978952727983707,0.0227785868893395,9259259.25925926,9259259.25925926,213333.3333333333,213333.3333333333,213333.3333333333,9259259.25925926,1.4285714285714286,0.04,0.0,0,46.916183
ASAP7,INVX1,INVx1_ASAP7_6t_L,A,Y,rise,10.0,0.0460799999999999,0.7,25.0,231.35,1.0,5.4e-08,5.4e-08,1,1,1,2.3978952727983707,0.0450498445537087,18518518.51851852,18518518.51851852,853333.3333333333,853333.3333333333,853333.3333333333,18518518.51851852,1.4285714285714286,0.04,0.0,0,30.441431
ASAP7,NORX1,NOR5x1f_ASAP7_6t_L,C,Y,fall,80.0,0.0230399999999999,0.7,25.0,120.809,2.0,2.16e-07,1.08e-07,0,1,1,4.394449154672439,0.0227785868893395,4629629.62962963,9259259.25925926,106666.66666666666,213333.3333333333,213333.3333333333,9259259.25925926,1.4285714285714286,0.04,0.3333333333333333,0,113.61911
ASAP7,NORX1,NOR3x1_ASAP7_6t_L,B,Y,fall,80.0,0.0115199999999999,0.7,25.0,76.9488,2.0,2.16e-07,1.08e-07,0,1,1,4.394449154672439,0.0114541500451158,4629629.62962963,9259259.25925926,53333.33333333333,106666.66666666666,106666.66666666666,9259259.25925926,1.4285714285714286,0.04,0.3333333333333333,0,63.030884
ASAP7,NORX1,NOR5x1f_ASAP7_6t_L,E,Y,fall,80.0,0.0028799999999999,0.7,25.0,34.2296,2.0,2.16e-07,1.08e-07,0,1,1,4.394449154672439,0.0028758607454642,4629629.62962963,9259259.25925926,13333.333333333332,26666.666666666664,26666.666666666664,9259259.25925926,1.4285714285714286,0.04,0.3333333333333333,0,27.520985
ASAP7,NORX1,NOR5x1f_ASAP7_6t_L,B,Y,fall,5.0,0.0115199999999999,0.7,25.0,52.1302,2.0,2.16e-07,1.08e-07,0,1,1,1.791759469228055,0.0114541500451158,4629629.62962963,9259259.25925926,53333.33333333333,106666.66666666666,106666.66666666666,9259259.25925926,1.4285714285714286,0.04,0.3333333333333333,0,42.714035
ASAP7,NANDX1,NAND2x1p5_ASAP7_6t_L,B,Y,rise,80.0,0.0115199999999999,0.7,25.0,86.6686,0.5,1.08e-07,2.16e-07,0,1,1,4.394449154672439,0.0114541500451158,9259259.25925926,4629629.62962963,106666.66666666666,53333.33333333333,106666.66666666666,9259259.25925926,1.4285714285714286,0.04,-0.3333333333333333,0,152.89487
ASAP7,NANDX1,NAND2x1p5_ASAP7_6t_L,B,Y,rise,40.0,0.0057599999999999,0.7,25.0,45.7077,0.5,1.08e-07,2.16e-07,0,1,1,3.713572066704308,0.0057434746270657,9259259.25925926,4629629.62962963,53333.33333333333,26666.666666666664,53333.33333333333,9259259.25925926,1.4285714285714286,0.04,-0.3333333333333333,0,47.443756
ASAP7,NORX1,NOR3x1f_ASAP7_6t_L,C,Y,fall,160.0,0.0007199999999999,0.7,25.0,18.5277,2.0,2.16e-07,1.08e-07,0,1,1,5.081404364984463,0.0007197409243488,4629629.62962963,9259259.25925926,3333.333333333333,6666.666666666666,6666.666666666666,9259259.25925926,1.4285714285714286,0.04,0.3333333333333333,0,24.50729
ASAP7,NANDX1,NAND3x1_ASAP7_6t_L,C,Y,rise,40.0,0.0057599999999999,0.7,25.0,50.3058,0.5,1.08e-07,2.16e-07,0,1,1,3.713572066704308,0.0057434746270657,9259259.25925926,4629629.62962963,53333.33333333333,26666.666666666664,53333.33333333333,9259259.25925926,1.4285714285714286,0.04,-0.3333333333333333,0,47.443756
ASAP7,NORX1,NOR5x1f_ASAP7_6t_L,E,Y,fall,10.0,0.0014399999999999,0.7,25.0,12.8787,2.0,2.16e-07,1.08e-07,0,1,1,2.3978952727983707,0.0014389641942542,4629629.62962963,9259259.25925926,6666.666666666666,13333.333333333332,13333.333333333332,9259259.25925926,1.4285714285714286,0.04,0.3333333333333333,0,12.131723
ASAP7,NANDX1,NAND2x1_ASAP7_6t_L,A,Y,fall,320.0,0.0007199999999999,0.7,25.0,1.48005,0.5,1.08e-07,2.16e-07,0,1,1,5.771441123130016,0.0007197409243488,9259259.25925926,4629629.62962963,6666.666666666666,3333.333333333333,3333.333333333333,4629629.62962963,1.4285714285714286,0.04,-0.3333333333333333,0,18.426867
ASAP7,NORX1,NOR3x1_ASAP7_6t_L,A,Y,rise,5.0,0.0028799999999999,0.7,25.0,18.985,2.0,2.16e-07,1.08e-07,0,1,1,1.791759469228055,0.0028758607454642,4629629.62962963,9259259.25925926,13333.333333333332,26666.666666666664,13333.333333333332,4629629.62962963,1.4285714285714286,0.04,0.3333333333333333,0,31.86208
ASAP7,INVX1,INVx1_ASAP7_6t_L,A,Y,fall,80.0,0.0115199999999999,0.7,25.0,72.1789,1.0,5.4e-08,5.4e-08,1,1,1,4.394449154672439,0.0114541500451158,18518518.51851852,18518518.51851852,213333.3333333333,213333.3333333333,213333.3333333333,18518518.51851852,1.4285714285714286,0.04,0.0,0,151.59473
ASAP7,NORX1,NOR5x1f_ASAP7_6t_L,E,Y,fall,160.0,0.0003599999999999,0.7,25.0,15.9686,2.0,2.16e-07,1.08e-07,0,1,1,5.081404364984463,0.0003599352155478,4629629.62962963,9259259.25925926,1666.6666666666663,3333.333333333333,3333.333333333333,9259259.25925926,1.4285714285714286,0.04,0.3333333333333333,0,24.794863
ASAP7,INVX1,INVx1_ASAP7_6t_L,A,Y,rise,40.0,0.0115199999999999,0.7,25.0,71.1408,1.0,5.4e-08,5.4e-08,1,1,1,3.713572066704308,0.0114541500451158,18518518.51851852,18518518.51851852,213333.3333333333,213333.3333333333,213333.3333333333,18518518.51851852,1.4285714285714286,0.04,0.0,0,34.405266
ASAP7,NANDX1,NAND3x1_ASAP7_6t_L,B,Y,fall,40.0,0.0057599999999999,0.7,25.0,30.5718,0.5,1.08e-07,2.16e-07,0,1,1,3.713572066704308,0.0057434746270657,9259259.25925926,4629629.62962963,53333.33333333333,26666.666666666664,26666.666666666664,4629629.62962963,1.4285714285714286,0.04,-0.3333333333333333,0,17.997543
ASAP7,NANDX1,NAND2x1_ASAP7_6t_L,B,Y,fall,80.0,0.0115199999999999,0.7,25.0,64.0761,0.5,1.08e-07,2.16e-07,0,1,1,4.394449154672439,0.0114541500451158,9259259.25925926,4629629.62962963,106666.66666666666,53333.33333333333,53333.33333333333,4629629.62962963,1.4285714285714286,0.04,-0.3333333333333333,0,46.638844
ASAP7,NANDX1,NAND2x1_ASAP7_6t_L,A,Y,rise,20.0,0.0230399999999999,0.7,25.0,124.799,0.5,1.08e-07,2.16e-07,0,1,1,3.044522437723423,0.0227785868893395,9259259.25925926,4629629.62962963,213333.3333333333,106666.66666666666,213333.3333333333,9259259.25925926,1.4285714285714286,0.04,-0.3333333333333333,0,134.3926
ASAP7,NORX1,NOR2x1_ASAP7_6t_L,A,Y,rise,20.0,0.0028799999999999,0.7,25.0,22.5152,2.0,2.16e-07,1.08e-07,0,1,1,3.044522437723423,0.0028758607454642,4629629.62962963,9259259.25925926,13333.333333333332,26666.666666666664,13333.333333333332,4629629.62962963,1.4285714285714286,0.04,0.3333333333333333,0,34.1952
ASAP7,NORX1,NOR3x1f_ASAP7_6t_L,A,Y,rise,160.0,0.0014399999999999,0.7,25.0,62.3094,2.0,2.16e-07,1.08e-07,0,1,1,5.081404364984463,0.0014389641942542,4629629.62962963,9259259.25925926,6666.666666666666,13333.333333333332,6666.666666666666,4629629.62962963,1.4285714285714286,0.04,0.3333333333333333,0,115.03113
ASAP7,NANDX1,NAND2x1_ASAP7_6t_L,B,Y,fall,320.0,0.0115199999999999,0.7,25.0,96.4922,0.5,1.08e-07,2.16e-07,0,1,1,5.771441123130016,0.0114541500451158,9259259.25925926,4629629.62962963,106666.66666666666,53333.33333333333,53333.33333333333,4629629.62962963,1.4285714285714286,0.04,-0.3333333333333333,0,56.266933
ASAP7,NORX1,NOR3x1f_ASAP7_6t_L,B,Y,fall,320.0,0.0003599999999999,0.7,25.0,8.22254,2.0,2.16e-07,1.08e-07,0,1,1,5.771441123130016,0.0003599352155478,4629629.62962963,9259259.25925926,1666.6666666666663,3333.333333333333,3333.333333333333,9259259.25925926,1.4285714285714286,0.04,0.3333333333333333,0,29.827616
ASAP7,NORX1,NOR3x1_ASAP7_6t_L,B,Y,rise,20.0,0.0057599999999999,0.7,25.0,37.2208,2.0,2.16e-07,1.08e-07,0,1,1,3.044522437723423,0.0057434746270657,4629629.62962963,9259259.25925926,26666.666666666664,53333.33333333333,26666.666666666664,4629629.62962963,1.4285714285714286,0.04,0.3333333333333333,0,71.93967
ASAP7,NORX1,NOR5x1f_ASAP7_6t_L,E,Y,fall,320.0,0.0003599999999999,0.7,25.0,13.6529,2.0,2.16e-07,1.08e-07,0,1,1,5.771441123130016,0.0003599352155478,4629629.62962963,9259259.25925926,1666.6666666666663,3333.333333333333,3333.333333333333,9259259.25925926,1.4285714285714286,0.04,0.3333333333333333,0,29.827616
ASAP7,NORX1,NOR3x1_ASAP7_6t_L,A,Y,fall,160.0,0.0460799999999999,0.7,25.0,239.42,2.0,2.16e-07,1.08e-07,0,1,1,5.081404364984463,0.0450498445537087,4629629.62962963,9259259.25925926,213333.3333333333,426666.6666666666,426666.6666666666,9259259.25925926,1.4285714285714286,0.04,0.3333333333333333,0,177.77678
ASAP7,NANDX1,NAND2x1p5_ASAP7_6t_L,A,Y,fall,160.0,0.0028799999999999,0.7,25.0,16.0744,0.5,1.08e-07,2.16e-07,0,1,1,5.081404364984463,0.0028758607454642,9259259.25925926,4629629.62962963,26666.666666666664,13333.333333333332,13333.333333333332,4629629.62962963,1.4285714285714286,0.04,-0.3333333333333333,0,21.251736
ASAP7,NANDX1,NAND3x1_ASAP7_6t_L,C,Y,fall,5.0,0.0028799999999999,0.7,25.0,15.4878,0.5,1.08e-07,2.16e-07,0,1,1,1.791759469228055,0.0028758607454642,9259259.25925926,4629629.62962963,26666.666666666664,13333.333333333332,13333.333333333332,4629629.62962963,1.4285714285714286,0.04,-0.3333333333333333,0,9.182926
ASAP7,NANDX1,NAND2x1_ASAP7_6t_L,A,Y,fall,5.0,0.0460799999999999,0.7,25.0,164.275,0.5,1.08e-07,2.16e-07,0,1,1,1.791759469228055,0.0450498445537087,9259259.25925926,4629629.62962963,426666.6666666666,213333.3333333333,213333.3333333333,4629629.62962963,1.4285714285714286,0.04,-0.3333333333333333,0,148.43684
ASAP7,NORX1,NOR3x1f_ASAP7_6t_L,C,Y,rise,20.0,0.0003599999999999,0.7,25.0,16.8343,2.0,2.16e-07,1.08e-07,0,1,1,3.044522437723423,0.0003599352155478,4629629.62962963,9259259.25925926,1666.6666666666663,3333.333333333333,1666.6666666666663,4629629.62962963,1.4285714285714286,0.04,0.3333333333333333,0,16.247532
ASAP7,NANDX1,NAND3x1_ASAP7_6t_L,B,Y,fall,10.0,0.0230399999999999,0.7,25.0,82.5761,0.5,1.08e-07,2.16e-07,0,1,1,2.3978952727983707,0.0227785868893395,9259259.25925926,4629629.62962963,213333.3333333333,106666.66666666666,106666.66666666666,4629629.62962963,1.4285714285714286,0.04,-0.3333333333333333,0,75.018364
ASAP7,NORX1,NOR5x1f_ASAP7_6t_L,C,Y,fall,40.0,0.0115199999999999,0.7,25.0,62.6362,2.0,2.16e-07,1.08e-07,0,1,1,3.713572066704308,0.0114541500451158,4629629.62962963,9259259.25925926,53333.33333333333,106666.66666666666,106666.66666666666,9259259.25925926,1.4285714285714286,0.04,0.3333333333333333,0,58.830967
ASAP7,NANDX1,NAND3x1_ASAP7_6t_L,C,Y,rise,20.0,0.0028799999999999,0.7,25.0,29.4899,0.5,1.08e-07,2.16e-07,0,1,1,3.044522437723423,0.0028758607454642,9259259.25925926,4629629.62962963,26666.666666666664,13333.333333333332,26666.666666666664,9259259.25925926,1.4285714285714286,0.04,-0.3333333333333333,0,27.528969
ASAP7,NORX1,NOR3x1_ASAP7_6t_L,B,Y,rise,320.0,0.0115199999999999,0.7,25.0,107.742,2.0,2.16e-07,1.08e-07,0,1,1,5.771441123130016,0.0114541500451158,4629629.62962963,9259259.25925926,53333.33333333333,106666.66666666666,53333.33333333333,4629629.62962963,1.4285714285714286,0.04,0.3333333333333333,0,145.95467
ASAP7,NORX1,NOR3x1_ASAP7_6t_L,A,Y,fall,160.0,0.0007199999999999,0.7,25.0,24.4114,2.0,2.16e-07,1.08e-07,0,1,1,5.081404364984463,0.0007197409243488,4629629.62962963,9259259.25925926,3333.333333333333,6666.666666666666,6666.666666666666,9259259.25925926,1.4285714285714286,0.04,0.3333333333333333,0,24.50729
ASAP7,NORX1,NOR2x1_ASAP7_6t_L,A,Y,rise,320.0,0.0014399999999999,0.7,25.0,31.6794,2.0,2.16e-07,1.08e-07,0,1,1,5.771441123130016,0.0014389641942542,4629629.62962963,9259259.25925926,6666.666666666666,13333.333333333332,6666.666666666666,4629629.62962963,1.4285714285714286,0.04,0.3333333333333333,0,66.96722
ASAP7,INVX1,INVx11_ASAP7_6t_L,A,Y,rise,320.0,0.0460799999999999,0.7,25.0,82.0628,1.0,5.4e-08,5.4e-08,1,1,1,5.771441123130016,0.0450498445537087,18518518.51851852,18518518.51851852,853333.3333333333,853333.3333333333,853333.3333333333,18518518.51851852,1.4285714285714286,0.04,0.0,0,208.07884
ASAP7,NORX1,NOR5x1f_ASAP7_6t_L,C,Y,rise,5.0,0.0028799999999999,0.7,25.0,85.2653,2.0,2.16e-07,1.08e-07,0,1,1,1.791759469228055,0.0028758607454642,4629629.62962963,9259259.25925926,13333.333333333332,26666.666666666664,13333.333333333332,4629629.62962963,1.4285714285714286,0.04,0.3333333333333333,0,31.452995
ASAP7,NORX1,NOR2x1_ASAP7_6t_L,B,Y,rise,20.0,0.0115199999999999,0.7,25.0,62.4432,2.0,2.16e-07,1.08e-07,0,1,1,3.044522437723423,0.0114541500451158,4629629.62962963,9259259.25925926,53333.33333333333,106666.66666666666,53333.33333333333,4629629.62962963,1.4285714285714286,0.04,0.3333333333333333,0,166.96758
ASAP7,INVX2,INVx2_ASAP7_6t_L,A,Y,rise,5.0,0.0014399999999999,0.7,25.0,6.75561,1.0,1.08e-07,1.08e-07,1,1,1,1.791759469228055,0.0014389641942542,9259259.25925926,9259259.25925926,13333.333333333332,13333.333333333332,13333.333333333332,9259259.25925926,1.4285714285714286,0.04,0.0,0,10.62801
ASAP7,NORX1,NOR3x1_ASAP7_6t_L,A,Y,rise,20.0,0.0460799999999999,0.7,25.0,222.069,2.0,2.16e-07,1.08e-07,0,1,1,3.044522437723423,0.0450498445537087,4629629.62962963,9259259.25925926,213333.3333333333,426666.6666666666,213333.3333333333,4629629.62962963,1.4285714285714286,0.04,0.3333333333333333,0,335.08572
ASAP7,NANDX1,NAND2x1p5_ASAP7_6t_L,A,Y,rise,5.0,0.0003599999999999,0.7,25.0,9.78017,0.5,1.08e-07,2.16e-07,0,1,1,1.791759469228055,0.0003599352155478,9259259.25925926,4629629.62962963,3333.333333333333,1666.6666666666663,3333.333333333333,9259259.25925926,1.4285714285714286,0.04,-0.3333333333333333,0,13.085517
ASAP7,NORX1,NOR5x1f_ASAP7_6t_L,A,Y,rise,320.0,0.0115199999999999,0.7,25.0,354.448,2.0,2.16e-07,1.08e-07,0,1,1,5.771441123130016,0.0114541500451158,4629629.62962963,9259259.25925926,53333.33333333333,106666.66666666666,53333.33333333333,4629629.62962963,1.4285714285714286,0.04,0.3333333333333333,0,145.95467
ASAP7,NANDX1,NAND2x1p5_ASAP7_6t_L,B,Y,fall,5.0,0.0115199999999999,0.7,25.0,30.764,0.5,1.08e-07,2.16e-07,0,1,1,1.791759469228055,0.0114541500451158,9259259.25925926,4629629.62962963,106666.66666666666,53333.33333333333,53333.33333333333,4629629.62962963,1.4285714285714286,0.04,-0.3333333333333333,0,22.38615
ASAP7,NORX1,NOR2x1_ASAP7_6t_L,A,Y,rise,80.0,0.0230399999999999,0.7,25.0,128.311,2.0,2.16e-07,1.08e-07,0,1,1,4.394449154672439,0.0227785868893395,4629629.62962963,9259259.25925926,106666.66666666666,213333.3333333333,106666.66666666666,4629629.62962963,1.4285714285714286,0.04,0.3333333333333333,0,297.00415
ASAP7,NORX1,NOR5x1f_ASAP7_6t_L,A,Y,fall,40.0,0.0057599999999999,0.7,25.0,38.381,2.0,2.16e-07,1.08e-07,0,1,1,3.713572066704308,0.0057434746270657,4629629.62962963,9259259.25925926,26666.666666666664,53333.33333333333,53333.33333333333,9259259.25925926,1.4285714285714286,0.04,0.3333333333333333,0,33.722416
ASAP7,NORX1,NOR5x1f_ASAP7_6t_L,E,Y,fall,10.0,0.0007199999999999,0.7,25.0,9.68164,2.0,2.16e-07,1.08e-07,0,1,1,2.3978952727983707,0.0007197409243488,4629629.62962963,9259259.25925926,3333.333333333333,6666.666666666666,6666.666666666666,9259259.25925926,1.4285714285714286,0.04,0.3333333333333333,0,11.3564005
ASAP7,NANDX1,NAND2x1_ASAP7_6t_L,A,Y,rise,320.0,0.0028799999999999,0.7,25.0,82.2922,0.5,1.08e-07,2.16e-07,0,1,1,5.771441123130016,0.0028758607454642,9259259.25925926,4629629.62962963,26666.666666666664,13333.333333333332,26666.666666666664,9259259.25925926,1.4285714285714286,0.04,-0.3333333333333333,0,61.88307
ASAP7,NANDX1,NAND2x1p5_ASAP7_6t_L,B,Y,fall,10.0,0.0028799999999999,0.7,25.0,11.8237,0.5,1.08e-07,2.16e-07,0,1,1,2.3978952727983707,0.0028758607454642,9259259.25925926,4629629.62962963,26666.666666666664,13333.333333333332,13333.333333333332,4629629.62962963,1.4285714285714286,0.04,-0.3333333333333333,0,8.913684
ASAP7,NORX1,NOR3x1_ASAP7_6t_L,C,Y,rise,40.0,0.0230399999999999,0.7,25.0,119.824,2.0,2.16e-07,1.08e-07,0,1,1,3.713572066704308,0.0227785868893395,4629629.62962963,9259259.25925926,106666.66666666666,213333.3333333333,106666.66666666666,4629629.62962963,1.4285714285714286,0.04,0.3333333333333333,0,305.32718
ASAP7,NANDX1,NAND2x1_ASAP7_6t_L,A,Y,rise,5.0,0.0014399999999999,0.7,25.0,13.9903,0.5,1.08e-07,2.16e-07,0,1,1,1.791759469228055,0.0014389641942542,9259259.25925926,4629629.62962963,13333.333333333332,6666.666666666666,13333.333333333332,9259259.25925926,1.4285714285714286,0.04,-0.3333333333333333,0,17.17311
ASAP7,NANDX1,NAND3x1_ASAP7_6t_L,B,Y,rise,80.0,0.0028799999999999,0.7,25.0,44.8723,0.5,1.08e-07,2.16e-07,0,1,1,4.394449154672439,0.0028758607454642,9259259.25925926,4629629.62962963,26666.666666666664,13333.333333333332,26666.666666666664,9259259.25925926,1.4285714285714286,0.04,-0.3333333333333333,0,38.36319
ASAP7,NANDX1,NAND2x1_ASAP7_6t_L,B,Y,rise,320.0,0.0028799999999999,0.7,25.0,75.8492,0.5,1.08e-07,2.16e-07,0,1,1,5.771441123130016,0.0028758607454642,9259259.25925926,4629629.62962963,26666.666666666664,13333.333333333332,26666.666666666664,9259259.25925926,1.4285714285714286,0.04,-0.3333333333333333,0,50.860374
ASAP7,INVX1,INVx11_ASAP7_6t_L,A,Y,rise,80.0,0.0230399999999999,0.7,25.0,31.7236,1.0,5.4e-08,5.4e-08,1,1,1,4.394449154672439,0.0227785868893395,18518518.51851852,18518518.51851852,426666.6666666666,426666.6666666666,426666.6666666666,18518518.51851852,1.4285714285714286,0.04,0.0,0,119.65352
ASAP7,NORX1,NOR5x1f_ASAP7_6t_L,B,Y,rise,80.0,0.0028799999999999,0.7,25.0,96.8438,2.0,2.16e-07,1.08e-07,0,1,1,4.394449154672439,0.0028758607454642,4629629.62962963,9259259.25925926,13333.333333333332,26666.666666666664,13333.333333333332,4629629.62962963,1.4285714285714286,0.04,0.3333333333333333,0,47.804256
ASAP7,NORX1,NOR3x1f_ASAP7_6t_L,B,Y,fall,160.0,0.0003599999999999,0.7,25.0,11.6161,2.0,2.16e-07,1.08e-07,0,1,1,5.081404364984463,0.0003599352155478,4629629.62962963,9259259.25925926,1666.6666666666663,3333.333333333333,3333.333333333333,9259259.25925926,1.4285714285714286,0.04,0.3333333333333333,0,24.794863
ASAP7,NORX1,NOR5x1f_ASAP7_6t_L,A,Y,fall,20.0,0.0003599999999999,0.7,25.0,9.03234,2.0,2.16e-07,1.08e-07,0,1,1,3.044522437723423,0.0003599352155478,4629629.62962963,9259259.25925926,1666.6666666666663,3333.333333333333,3333.333333333333,9259259.25925926,1.4285714285714286,0.04,0.3333333333333333,0,12.135748
ASAP7,NORX1,NOR2x1_ASAP7_6t_L,A,Y,rise,80.0,0.0460799999999999,0.7,25.0,234.773,2.0,2.16e-07,1.08e-07,0,1,1,4.394449154672439,0.0450498445537087,4629629.62962963,9259259.25925926,213333.3333333333,426666.6666666666,213333.3333333333,4629629.62962963,1.4285714285714286,0.04,0.3333333333333333,0,338.26855
ASAP7,NORX1,NOR3x1_ASAP7_6t_L,A,Y,rise,80.0,0.0115199999999999,0.7,25.0,78.6898,2.0,2.16e-07,1.08e-07,0,1,1,4.394449154672439,0.0114541500451158,4629629.62962963,9259259.25925926,53333.33333333333,106666.66666666666,53333.33333333333,4629629.62962963,1.4285714285714286,0.04,0.3333333333333333,0,181.54622
ASAP7,NORX1,NOR3x1_ASAP7_6t_L,C,Y,rise,80.0,0.0007199999999999,0.7,25.0,16.2096,2.0,2.16e-07,1.08e-07,0,1,1,4.394449154672439,0.0007197409243488,4629629.62962963,9259259.25925926,3333.333333333333,6666.666666666666,3333.333333333333,4629629.62962963,1.4285714285714286,0.04,0.3333333333333333,0,26.037956
ASAP7,NORX1,NOR5x1f_ASAP7_6t_L,C,Y,rise,40.0,0.0115199999999999,0.7,25.0,284.557,2.0,2.16e-07,1.08e-07,0,1,1,3.713572066704308,0.0114541500451158,4629629.62962963,9259259.25925926,53333.33333333333,106666.66666666666,53333.33333333333,4629629.62962963,1.4285714285714286,0.04,0.3333333333333333,0,177.29353
ASAP7,NORX1,NOR5x1f_ASAP7_6t_L,A,Y,fall,80.0,0.0028799999999999,0.7,25.0,32.2294,2.0,2.16e-07,1.08e-07,0,1,1,4.394449154672439,0.0028758607454642,4629629.62962963,9259259.25925926,13333.333333333332,26666.666666666664,26666.666666666664,9259259.25925926,1.4285714285714286,0.04,0.3333333333333333,0,27.520985
ASAP7,NORX1,NOR3x1_ASAP7_6t_L,C,Y,fall,20.0,0.0115199999999999,0.7,25.0,60.6887,2.0,2.16e-07,1.08e-07,0,1,1,3.044522437723423,0.0114541500451158,4629629.62962963,9259259.25925926,53333.33333333333,106666.66666666666,106666.66666666666,9259259.25925926,1.4285714285714286,0.04,0.3333333333333333,0,53.74294
ASAP7,NANDX1,NAND3x1_ASAP7_6t_L,C,Y,fall,20.0,0.0460799999999999,0.7,25.0,159.846,0.5,1.08e-07,2.16e-07,0,1,1,3.044522437723423,0.0450498445537087,9259259.25925926,4629629.62962963,426666.6666666666,213333.3333333333,213333.3333333333,4629629.62962963,1.4285714285714286,0.04,-0.3333333333333333,0,168.82973
ASAP7,INVX2,INVx2_ASAP7_6t_L,A,Y,fall,5.0,0.0028799999999999,0.7,25.0,8.8711,1.0,1.08e-07,1.08e-07,1,1,1,1.791759469228055,0.0028758607454642,9259259.25925926,9259259.25925926,26666.666666666664,26666.666666666664,26666.666666666664,9259259.25925926,1.4285714285714286,0.04,0.0,0,8.139087
ASAP7,NANDX1,NAND2x1_ASAP7_6t_L,B,Y,fall,20.0,0.0057599999999999,0.7,25.0,27.974,0.5,1.08e-07,2.16e-07,0,1,1,3.044522437723423,0.0057434746270657,9259259.25925926,4629629.62962963,53333.33333333333,26666.666666666664,26666.666666666664,4629629.62962963,1.4285714285714286,0.04,-0.3333333333333333,0,14.730301
ASAP7,NORX1,NOR2x1_ASAP7_6t_L,B,Y,fall,20.0,0.0230399999999999,0.7,25.0,103.383,2.0,2.16e-07,1.08e-07,0,1,1,3.044522437723423,0.0227785868893395,4629629.62962963,9259259.25925926,106666.66666666666,213333.3333333333,213333.3333333333,9259259.25925926,1.4285714285714286,0.04,0.3333333333333333,0,1.09415
ASAP7,NANDX1,NAND2x1p5_ASAP7_6t_L,A,Y,fall,320.0,0.0115199999999999,0.7,25.0,52.7573,0.5,1.08e-07,2.16e-07,0,1,1,5.771441123130016,0.0114541500451158,9259259.25925926,4629629.62962963,106666.66666666666,53333.33333333333,53333.33333333333,4629629.62962963,1.4285714285714286,0.04,-0.3333333333333333,0,107.855095
ASAP7,NANDX1,NAND2x1p5_ASAP7_6t_L,B,Y,fall,10.0,0.0230399999999999,0.7,25.0,58.9818,0.5,1.08e-07,2.16e-07,0,1,1,2.3978952727983707,0.0227785868893395,9259259.25925926,4629629.62962963,213333.3333333333,106666.66666666666,106666.66666666666,4629629.62962963,1.4285714285714286,0.04,-0.3333333333333333,0,69.894135
ASAP7,NORX1,NOR5x1f_ASAP7_6t_L,B,Y,fall,80.0,0.0115199999999999,0.7,25.0,73.7705,2.0,2.16e-07,1.08e-07,0,1,1,4.394449154672439,0.0114541500451158,4629629.62962963,9259259.25925926,53333.33333333333,106666.66666666666,106666.66666666666,9259259.25925926,1.4285714285714286,0.04,0.3333333333333333,0,63.030884
ASAP7,INVX2,INVx2_ASAP7_6t_L,A,Y,fall,10.0,0.0057599999999999,0.7,25.0,16.2007,1.0,1.08e-07,1.08e-07,1,1,1,2.3978952727983707,0.0057434746270657,9259259.25925926,9259259.25925926,53333.33333333333,53333.33333333333,53333.33333333333,9259259.25925926,1.4285714285714286,0.04,0.0,0,8.251336
ASAP7,INVX1,INVx11_ASAP7_6t_L,A,Y,fall,320.0,0.0057599999999999,0.7,25.0,11.9415,1.0,5.4e-08,5.4e-08,1,1,1,5.771441123130016,0.0057434746270657,18518518.51851852,18518518.51851852,106666.66666666666,106666.66666666666,106666.66666666666,18518518.51851852,1.4285714285714286,0.04,0.0,0,221.59218
ASAP7,NANDX1,NAND3x1_ASAP7_6t_L,C,Y,fall,80.0,0.0230399999999999,0.7,25.0,89.0722,0.5,1.08e-07,2.16e-07,0,1,1,4.394449154672439,0.0227785868893395,9259259.25925926,4629629.62962963,213333.3333333333,106666.66666666666,106666.66666666666,4629629.62962963,1.4285714285714286,0.04,-0.3333333333333333,0,77.72414
ASAP7,NORX1,NOR5x1f_ASAP7_6t_L,A,Y,fall,5.0,0.0003599999999999,0.7,25.0,6.02268,2.0,2.16e-07,1.08e-07,0,1,1,1.791759469228055,0.0003599352155478,4629629.62962963,9259259.25925926,1666.6666666666663,3333.333333333333,3333.333333333333,9259259.25925926,1.4285714285714286,0.04,0.3333333333333333,0,8.154864
ASAP7,NORX1,NOR2x1_ASAP7_6t_L,B,Y,rise,5.0,0.0115199999999999,0.7,25.0,58.4614,2.0,2.16e-07,1.08e-07,0,1,1,1.791759469228055,0.0114541500451158,4629629.62962963,9259259.25925926,53333.33333333333,106666.66666666666,53333.33333333333,4629629.62962963,1.4285714285714286,0.04,0.3333333333333333,0,139.48412
ASAP7,NORX1,NOR2x1_ASAP7_6t_L,A,Y,rise,20.0,0.0115199999999999,0.7,25.0,62.7406,2.0,2.16e-07,1.08e-07,0,1,1,3.044522437723423,0.0114541500451158,4629629.62962963,9259259.25925926,53333.33333333333,106666.66666666666,53333.33333333333,4629629.62962963,1.4285714285714286,0.04,0.3333333333333333,0,166.96758
ASAP7,INVX1,INVx1_ASAP7_6t_L,A,Y,fall,20.0,0.0028799999999999,0.7,25.0,19.3368,1.0,5.4e-08,5.4e-08,1,1,1,3.044522437723423,0.0028758607454642,18518518.51851852,18518518.51851852,53333.33333333333,53333.33333333333,53333.33333333333,18518518.51851852,1.4285714285714286,0.04,0.0,0,9.256069
ASAP7,NORX1,NOR3x1_ASAP7_6t_L,A,Y,rise,5.0,0.0057599999999999,0.7,25.0,32.349,2.0,2.16e-07,1.08e-07,0,1,1,1.791759469228055,0.0057434746270657,4629629.62962963,9259259.25925926,26666.666666666664,53333.33333333333,26666.666666666664,4629629.62962963,1.4285714285714286,0.04,0.3333333333333333,0,47.187435
ASAP7,NANDX1,NAND2x1p5_ASAP7_6t_L,B,Y,fall,20.0,0.0028799999999999,0.7,25.0,14.2791,0.5,1.08e-07,2.16e-07,0,1,1,3.044522437723423,0.0028758607454642,9259259.25925926,4629629.62962963,26666.666666666664,13333.333333333332,13333.333333333332,4629629.62962963,1.4285714285714286,0.04,-0.3333333333333333,0,9.496538
ASAP7,NANDX1,NAND2x1p5_ASAP7_6t_L,B,Y,fall,40.0,0.0028799999999999,0.7,25.0,17.2037,0.5,1.08e-07,2.16e-07,0,1,1,3.713572066704308,0.0028758607454642,9259259.25925926,4629629.62962963,26666.666666666664,13333.333333333332,13333.333333333332,4629629.62962963,1.4285714285714286,0.04,-0.3333333333333333,0,11.398601
ASAP7,NANDX1,NAND2x1p5_ASAP7_6t_L,B,Y,fall,80.0,0.0115199999999999,0.7,25.0,49.4693,0.5,1.08e-07,2.16e-07,0,1,1,4.394449154672439,0.0114541500451158,9259259.25925926,4629629.62962963,106666.66666666666,53333.33333333333,53333.33333333333,4629629.62962963,1.4285714285714286,0.04,-0.3333333333333333,0,56.51378
ASAP7,NANDX1,NAND2x1_ASAP7_6t_L,B,Y,fall,80.0,0.0007199999999999,0.7,25.0,11.5272,0.5,1.08e-07,2.16e-07,0,1,1,4.394449154672439,0.0007197409243488,9259259.25925926,4629629.62962963,6666.666666666666,3333.333333333333,3333.333333333333,4629629.62962963,1.4285714285714286,0.04,-0.3333333333333333,0,10.568886
ASAP7,NORX1,NOR5x1f_ASAP7_6t_L,A,Y,fall,5.0,0.0007199999999999,0.7,25.0,7.52468,2.0,2.16e-07,1.08e-07,0,1,1,1.791759469228055,0.0007197409243488,4629629.62962963,9259259.25925926,3333.333333333333,6666.666666666666,6666.666666666666,9259259.25925926,1.4285714285714286,0.04,0.3333333333333333,0,9.526201
ASAP7,NORX1,NOR5x1f_ASAP7_6t_L,A,Y,rise,5.0,0.0007199999999999,0.7,25.0,31.4147,2.0,2.16e-07,1.08e-07,0,1,1,1.791759469228055,0.0007197409243488,4629629.62962963,9259259.25925926,3333.333333333333,6666.666666666666,3333.333333333333,4629629.62962963,1.4285714285714286,0.04,0.3333333333333333,0,21.846249
ASAP7,NORX1,NOR5x1f_ASAP7_6t_L,A,Y,rise,5.0,0.0230399999999999,0.7,25.0,534.474,2.0,2.16e-07,1.08e-07,0,1,1,1.791759469228055,0.0227785868893395,4629629.62962963,9259259.25925926,106666.66666666666,213333.3333333333,106666.66666666666,4629629.62962963,1.4285714285714286,0.04,0.3333333333333333,0,1.1001877
ASAP7,NORX1,NOR3x1f_ASAP7_6t_L,C,Y,rise,5.0,0.0115199999999999,0.7,25.0,167.375,2.0,2.16e-07,1.08e-07,0,1,1,1.791759469228055,0.0114541500451158,4629629.62962963,9259259.25925926,53333.33333333333,106666.66666666666,53333.33333333333,4629629.62962963,1.4285714285714286,0.04,0.3333333333333333,0,139.48363
ASAP7,NORX1,NOR5x1f_ASAP7_6t_L,C,Y,rise,40.0,0.0003599999999999,0.7,25.0,32.1246,2.0,2.16e-07,1.08e-07,0,1,1,3.713572066704308,0.0003599352155478,4629629.62962963,9259259.25925926,1666.6666666666663,3333.333333333333,1666.6666666666663,4629629.62962963,1.4285714285714286,0.04,0.3333333333333333,0,17.322603
ASAP7,NORX1,NOR3x1f_ASAP7_6t_L,A,Y,fall,5.0,0.0003599999999999,0.7,25.0,5.37251,2.0,2.16e-07,1.08e-07,0,1,1,1.791759469228055,0.0003599352155478,4629629.62962963,9259259.25925926,1666.6666666666663,3333.333333333333,3333.333333333333,9259259.25925926,1.4285714285714286,0.04,0.3333333333333333,0,8.154864
ASAP7,INVX2,INVx2_ASAP7_6t_L,A,Y,rise,5.0,0.0921599999999999,0.7,25.0,230.116,1.0,1.08e-07,1.08e-07,1,1,1,1.791759469228055,0.0881573867362051,9259259.25925926,9259259.25925926,853333.3333333333,853333.3333333333,853333.3333333333,9259259.25925926,1.4285714285714286,0.04,0.0,0,214.56032
ASAP7,NORX1,NOR3x1_ASAP7_6t_L,A,Y,rise,5.0,0.0115199999999999,0.7,25.0,58.9963,2.0,2.16e-07,1.08e-07,0,1,1,1.791759469228055,0.0114541500451158,4629629.62962963,9259259.25925926,53333.33333333333,106666.66666666666,53333.33333333333,4629629.62962963,1.4285714285714286,0.04,0.3333333333333333,0,38.52123
ASAP7,NORX1,NOR3x1f_ASAP7_6t_L,A,Y,fall,320.0,0.0007199999999999,0.7,25.0,11.13,2.0,2.16e-07,1.08e-07,0,1,1,5.771441123130016,0.0007197409243488,4629629.62962963,9259259.25925926,3333.333333333333,6666.666666666666,6666.666666666666,9259259.25925926,1.4285714285714286,0.04,0.3333333333333333,0,29.582964
ASAP7,NORX1,NOR3x1f_ASAP7_6t_L,A,Y,fall,5.0,0.0014399999999999,0.7,25.0,9.88183,2.0,2.16e-07,1.08e-07,0,1,1,1.791759469228055,0.0014389641942542,4629629.62962963,9259259.25925926,6666.666666666666,13333.333333333332,13333.333333333332,9259259.25925926,1.4285714285714286,0.04,0.3333333333333333,0,10.476035
ASAP7,NANDX1,NAND3x1_ASAP7_6t_L,B,Y,fall,20.0,0.0230399999999999,0.7,25.0,84.3537,0.5,1.08e-07,2.16e-07,0,1,1,3.044522437723423,0.0227785868893395,9259259.25925926,4629629.62962963,213333.3333333333,106666.66666666666,106666.66666666666,4629629.62962963,1.4285714285714286,0.04,-0.3333333333333333,0,67.52579
ASAP7,INVX2,INVx2_ASAP7_6t_L,A,Y,rise,40.0,0.0014399999999999,0.7,25.0,13.7832,1.0,1.08e-07,1.08e-07,1,1,1,3.713572066704308,0.0014389641942542,9259259.25925926,9259259.25925926,13333.333333333332,13333.333333333332,13333.333333333332,9259259.25925926,1.4285714285714286,0.04,0.0,0,14.499412
ASAP7,NORX1,NOR3x1f_ASAP7_6t_L,C,Y,fall,40.0,0.0028799999999999,0.7,25.0,25.9691,2.0,2.16e-07,1.08e-07,0,1,1,3.713572066704308,0.0028758607454642,4629629.62962963,9259259.25925926,13333.333333333332,26666.666666666664,26666.666666666664,9259259.25925926,1.4285714285714286,0.04,0.3333333333333333,0,22.2737
ASAP7,NANDX1,NAND2x1_ASAP7_6t_L,A,Y,fall,10.0,0.0230399999999999,0.7,25.0,85.4303,0.5,1.08e-07,2.16e-07,0,1,1,2.3978952727983707,0.0227785868893395,9259259.25925926,4629629.62962963,213333.3333333333,106666.66666666666,106666.66666666666,4629629.62962963,1.4285714285714286,0.04,-0.3333333333333333,0,69.516884
ASAP7,NANDX1,NAND2x1p5_ASAP7_6t_L,A,Y,rise,10.0,0.0230399999999999,0.7,25.0,123.199,0.5,1.08e-07,2.16e-07,0,1,1,2.3978952727983707,0.0227785868893395,9259259.25925926,4629629.62962963,213333.3333333333,106666.66666666666,213333.3333333333,9259259.25925926,1.4285714285714286,0.04,-0.3333333333333333,0,126.668564
ASAP7,INVX1,INVx13_ASAP7_6t_L,A,Y,fall,80.0,0.0115199999999999,0.7,25.0,15.2038,1.0,5.4e-08,5.4e-08,1,1,1,4.394449154672439,0.0114541500451158,18518518.51851852,18518518.51851852,213333.3333333333,213333.3333333333,213333.3333333333,18518518.51851852,1.4285714285714286,0.04,0.0,0,149.04236
ASAP7,NORX1,NOR3x1_ASAP7_6t_L,A,Y,fall,20.0,0.0460799999999999,0.7,25.0,199.294,2.0,2.16e-07,1.08e-07,0,1,1,3.044522437723423,0.0450498445537087,4629629.62962963,9259259.25925926,213333.3333333333,426666.6666666666,426666.6666666666,9259259.25925926,1.4285714285714286,0.04,0.3333333333333333,0,182.26678
ASAP7,NORX1,NOR5x1f_ASAP7_6t_L,E,Y,fall,320.0,0.0057599999999999,0.7,25.0,75.6106,2.0,2.16e-07,1.08e-07,0,1,1,5.771441123130016,0.0057434746270657,4629629.62962963,9259259.25925926,26666.666666666664,53333.33333333333,53333.33333333333,9259259.25925926,1.4285714285714286,0.04,0.3333333333333333,0,1.1780678
ASAP7,INVX1,INVx11_ASAP7_6t_L,A,Y,rise,160.0,0.0230399999999999,0.7,25.0,42.3052,1.0,5.4e-08,5.4e-08,1,1,1,5.081404364984463,0.0227785868893395,18518518.51851852,18518518.51851852,426666.6666666666,426666.6666666666,426666.6666666666,18518518.51851852,1.4285714285714286,0.04,0.0,0,28.27369
ASAP7,INVX1,INVx13_ASAP7_6t_L,A,Y,rise,40.0,0.1843199999999999,0.7,25.0,87.5826,1.0,5.4e-08,5.4e-08,1,1,1,3.713572066704308,0.169168770215654,18518518.51851852,18518518.51851852,3413333.333333333,3413333.333333333,3413333.333333333,18518518.51851852,1.4285714285714286,0.04,0.0,0,95.77874
ASAP7,NORX1,NOR3x1f_ASAP7_6t_L,C,Y,fall,20.0,0.0230399999999999,0.7,25.0,103.198,2.0,2.16e-07,1.08e-07,0,1,1,3.044522437723423,0.0227785868893395,4629629.62962963,9259259.25925926,106666.66666666666,213333.3333333333,213333.3333333333,9259259.25925926,1.4285714285714286,0.04,0.3333333333333333,0,121.11496
ASAP7,NANDX1,NAND2x1_ASAP7_6t_L,A,Y,rise,5.0,0.0028799999999999,0.7,25.0,21.1712,0.5,1.08e-07,2.16e-07,0,1,1,1.791759469228055,0.0028758607454642,9259259.25925926,4629629.62962963,26666.666666666664,13333.333333333332,26666.666666666664,9259259.25925926,1.4285714285714286,0.04,-0.3333333333333333,0,18.93736
ASAP7,NORX1,NOR3x1f_ASAP7_6t_L,A,Y,rise,5.0,0.0230399999999999,0.7,25.0,323.074,2.0,2.16e-07,1.08e-07,0,1,1,1.791759469228055,0.0227785868893395,4629629.62962963,9259259.25925926,106666.66666666666,213333.3333333333,106666.66666666666,4629629.62962963,1.4285714285714286,0.04,0.3333333333333333,0,300.07977
ASAP7,NORX1,NOR3x1f_ASAP7_6t_L,A,Y,fall,320.0,0.0230399999999999,0.7,25.0,181.049,2.0,2.16e-07,1.08e-07,0,1,1,5.771441123130016,0.0227785868893395,4629629.62962963,9259259.25925926,106666.66666666666,213333.3333333333,213333.3333333333,9259259.25925926,1.4285714285714286,0.04,0.3333333333333333,0,156.88663
ASAP7,INVX1,INVx11_ASAP7_6t_L,A,Y,rise,160.0,0.0921599999999999,0.7,25.0,91.034,1.0,5.4e-08,5.4e-08,1,1,1,5.081404364984463,0.0881573867362051,18518518.51851852,18518518.51851852,1706666.6666666665,1706666.6666666665,1706666.6666666665,18518518.51851852,1.4285714285714286,0.04,0.0,0,58.33859
ASAP7,NANDX1,NAND2x1_ASAP7_6t_L,A,Y,fall,40.0,0.0007199999999999,0.7,25.0,9.7582,0.5,1.08e-07,2.16e-07,0,1,1,3.713572066704308,0.0007197409243488,9259259.25925926,4629629.62962963,6666.666666666666,3333.333333333333,3333.333333333333,4629629.62962963,1.4285714285714286,0.04,-0.3333333333333333,0,8.458495
ASAP7,NANDX1,NAND3x1_ASAP7_6t_L,C,Y,rise,10.0,0.0115199999999999,0.7,25.0,69.297,0.5,1.08e-07,2.16e-07,0,1,1,2.3978952727983707,0.0114541500451158,9259259.25925926,4629629.62962963,106666.66666666666,53333.33333333333,106666.66666666666,9259259.25925926,1.4285714285714286,0.04,-0.3333333333333333,0,54.9515
ASAP7,NANDX1,NAND3x1_ASAP7_6t_L,B,Y,rise,40.0,0.0057599999999999,0.7,25.0,48.2239,0.5,1.08e-07,2.16e-07,0,1,1,3.713572066704308,0.0057434746270657,9259259.25925926,4629629.62962963,53333.33333333333,26666.666666666664,53333.33333333333,9259259.25925926,1.4285714285714286,0.04,-0.3333333333333333,0,77.62165
ASAP7,INVX2,INVx2_ASAP7_6t_L,A,Y,rise,160.0,0.0057599999999999,0.7,25.0,49.2246,1.0,1.08e-07,1.08e-07,1,1,1,5.081404364984463,0.0057434746270657,9259259.25925926,9259259.25925926,53333.33333333333,53333.33333333333,53333.33333333333,9259259.25925926,1.4285714285714286,0.04,0.0,0,55.00471
ASAP7,NORX1,NOR3x1_ASAP7_6t_L,C,Y,fall,40.0,0.0460799999999999,0.7,25.0,208.162,2.0,2.16e-07,1.08e-07,0,1,1,3.713572066704308,0.0450498445537087,4629629.62962963,9259259.25925926,213333.3333333333,426666.6666666666,426666.6666666666,9259259.25925926,1.4285714285714286,0.04,0.3333333333333333,0,184.33234
ASAP7,INVX1,INVx13_ASAP7_6t_L,A,Y,fall,320.0,0.3686399999999999,0.7,25.0,210.266,1.0,5.4e-08,5.4e-08,1,1,1,5.771441123130016,0.3138175460564067,18518518.51851852,18518518.51851852,6826666.666666666,6826666.666666666,6826666.666666666,18518518.51851852,1.4285714285714286,0.04,0.0,0,198.45541
ASAP7,NORX1,NOR5x1f_ASAP7_6t_L,D,Y,fall,5.0,0.0230399999999999,0.7,25.0,100.416,2.0,2.16e-07,1.08e-07,0,1,1,1.791759469228055,0.0227785868893395,4629629.62962963,9259259.25925926,106666.66666666666,213333.3333333333,213333.3333333333,9259259.25925926,1.4285714285714286,0.04,0.3333333333333333,0,1.0786042
ASAP7,NORX1,NOR5x1f_ASAP7_6t_L,D,Y,fall,80.0,0.0028799999999999,0.7,25.0,33.8304,2.0,2.16e-07,1.08e-07,0,1,1,4.394449154672439,0.0028758607454642,4629629.62962963,9259259.25925926,13333.333333333332,26666.666666666664,26666.666666666664,9259259.25925926,1.4285714285714286,0.04,0.3333333333333333,0,27.520985
ASAP7,NANDX1,NAND2x1p5_ASAP7_6t_L,A,Y,rise,320.0,0.0057599999999999,0.7,25.0,115.086,0.5,1.08e-07,2.16e-07,0,1,1,5.771441123130016,0.0057434746270657,9259259.25925926,4629629.62962963,53333.33333333333,26666.666666666664,53333.33333333333,9259259.25925926,1.4285714285714286,0.04,-0.3333333333333333,0,64.459694
ASAP7,INVX2,INVx2_ASAP7_6t_L,A,Y,rise,80.0,0.0014399999999999,0.7,25.0,18.4178,1.0,1.08e-07,1.08e-07,1,1,1,4.394449154672439,0.0014389641942542,9259259.25925926,9259259.25925926,13333.333333333332,13333.333333333332,13333.333333333332,9259259.25925926,1.4285714285714286,0.04,0.0,0,17.397032
ASAP7,NORX1,NOR5x1f_ASAP7_6t_L,C,Y,fall,10.0,0.0115199999999999,0.7,25.0,53.9581,2.0,2.16e-07,1.08e-07,0,1,1,2.3978952727983707,0.0114541500451158,4629629.62962963,9259259.25925926,53333.33333333333,106666.66666666666,106666.66666666666,9259259.25925926,1.4285714285714286,0.04,0.3333333333333333,0,48.245518
ASAP7,INVX1,INVx1_ASAP7_6t_L,A,Y,fall,40.0,0.0007199999999999,0.7,25.0,11.1756,1.0,5.4e-08,5.4e-08,1,1,1,3.713572066704308,0.0007197409243488,18518518.51851852,18518518.51851852,13333.333333333332,13333.333333333332,13333.333333333332,18518518.51851852,1.4285714285714286,0.04,0.0,0,10.914777
ASAP7,NANDX1,NAND3x1_ASAP7_6t_L,C,Y,fall,80.0,0.0115199999999999,0.7,25.0,50.9991,0.5,1.08e-07,2.16e-07,0,1,1,4.394449154672439,0.0114541500451158,9259259.25925926,4629629.62962963,106666.66666666666,53333.33333333333,53333.33333333333,4629629.62962963,1.4285714285714286,0.04,-0.3333333333333333,0,76.06417
ASAP7,NORX1,NOR5x1f_ASAP7_6t_L,A,Y,fall,20.0,0.0230399999999999,0.7,25.0,103.113,2.0,2.16e-07,1.08e-07,0,1,1,3.044522437723423,0.0227785868893395,4629629.62962963,9259259.25925926,106666.66666666666,213333.3333333333,213333.3333333333,9259259.25925926,1.4285714285714286,0.04,0.3333333333333333,0,121.11496
ASAP7,NANDX1,NAND2x1_ASAP7_6t_L,B,Y,fall,160.0,0.0230399999999999,0.7,25.0,125.409,0.5,1.08e-07,2.16e-07,0,1,1,5.081404364984463,0.0227785868893395,9259259.25925926,4629629.62962963,213333.3333333333,106666.66666666666,106666.66666666666,4629629.62962963,1.4285714285714286,0.04,-0.3333333333333333,0,184.72327
ASAP7,NORX1,NOR3x1_ASAP7_6t_L,A,Y,fall,20.0,0.0028799999999999,0.7,25.0,21.9311,2.0,2.16e-07,1.08e-07,0,1,1,3.044522437723423,0.0028758607454642,4629629.62962963,9259259.25925926,13333.333333333332,26666.666666666664,26666.666666666664,9259259.25925926,1.4285714285714286,0.04,0.3333333333333333,0,17.51046
ASAP7,NORX1,NOR5x1f_ASAP7_6t_L,A,Y,rise,40.0,0.0230399999999999,0.7,25.0,541.863,2.0,2.16e-07,1.08e-07,0,1,1,3.713572066704308,0.0227785868893395,4629629.62962963,9259259.25925926,106666.66666666666,213333.3333333333,106666.66666666666,4629629.62962963,1.4285714285714286,0.04,0.3333333333333333,0,305.32718
ASAP7,NORX1,NOR5x1f_ASAP7_6t_L,B,Y,rise,160.0,0.0028799999999999,0.7,25.0,114.713,2.0,2.16e-07,1.08e-07,0,1,1,5.081404364984463,0.0028758607454642,4629629.62962963,9259259.25925926,13333.333333333332,26666.666666666664,13333.333333333332,4629629.62962963,1.4285714285714286,0.04,0.3333333333333333,0,31.564497
ASAP7,NORX1,NOR5x1f_ASAP7_6t_L,A,Y,rise,320.0,0.0028799999999999,0.7,25.0,157.109,2.0,2.16e-07,1.08e-07,0,1,1,5.771441123130016,0.0028758607454642,4629629.62962963,9259259.25925926,13333.333333333332,26666.666666666664,13333.333333333332,4629629.62962963,1.4285714285714286,0.04,0.3333333333333333,0,72.96555
ASAP7,NORX1,NOR3x1f_ASAP7_6t_L,C,Y,rise,80.0,0.0115199999999999,0.7,25.0,177.41,2.0,2.16e-07,1.08e-07,0,1,1,4.394449154672439,0.0114541500451158,4629629.62962963,9259259.25925926,53333.33333333333,106666.66666666666,53333.33333333333,4629629.62962963,1.4285714285714286,0.04,0.3333333333333333,0,181.54622
ASAP7,NORX1,NOR5x1f_ASAP7_6t_L,E,Y,fall,20.0,0.0057599999999999,0.7,25.0,33.8949,2.0,2.16e-07,1.08e-07,0,1,1,3.044522437723423,0.0057434746270657,4629629.62962963,9259259.25925926,26666.666666666664,53333.33333333333,53333.33333333333,9259259.25925926,1.4285714285714286,0.04,0.3333333333333333,0,28.127472
ASAP7,NORX1,NOR5x1f_ASAP7_6t_L,D,Y,fall,320.0,0.0014399999999999,0.7,25.0,29.2588,2.0,2.16e-07,1.08e-07,0,1,1,5.771441123130016,0.0014389641942542,4629629.62962963,9259259.25925926,6666.666666666666,13333.333333333332,13333.333333333332,9259259.25925926,1.4285714285714286,0.04,0.3333333333333333,0,32.193302
ASAP7,NANDX1,NAND3x1_ASAP7_6t_L,C,Y,rise,10.0,0.0007199999999999,0.7,25.0,15.3839,0.5,1.08e-07,2.16e-07,0,1,1,2.3978952727983707,0.0007197409243488,9259259.25925926,4629629.62962963,6666.666666666666,3333.333333333333,6666.666666666666,9259259.25925926,1.4285714285714286,0.04,-0.3333333333333333,0,15.389356
ASAP7,NORX1,NOR3x1_ASAP7_6t_L,A,Y,rise,40.0,0.0230399999999999,0.7,25.0,120.837,2.0,2.16e-07,1.08e-07,0,1,1,3.713572066704308,0.0227785868893395,4629629.62962963,9259259.25925926,106666.66666666666,213333.3333333333,106666.66666666666,4629629.62962963,1.4285714285714286,0.04,0.3333333333333333,0,305.32718
ASAP7,NORX1,NOR3x1f_ASAP7_6t_L,C,Y,rise,5.0,0.0028799999999999,0.7,25.0,49.6156,2.0,2.16e-07,1.08e-07,0,1,1,1.791759469228055,0.0028758607454642,4629629.62962963,9259259.25925926,13333.333333333332,26666.666666666664,13333.333333333332,4629629.62962963,1.4285714285714286,0.04,0.3333333333333333,0,31.888498
ASAP7,NORX1,NOR3x1_ASAP7_6t_L,A,Y,fall,40.0,0.0057599999999999,0.7,25.0,39.4991,2.0,2.16e-07,1.08e-07,0,1,1,3.713572066704308,0.0057434746270657,4629629.62962963,9259259.25925926,26666.666666666664,53333.33333333333,53333.33333333333,9259259.25925926,1.4285714285714286,0.04,0.3333333333333333,0,33.722416
ASAP7,NORX1,NOR5x1f_ASAP7_6t_L,E,Y,rise,20.0,0.0003599999999999,0.7,25.0,30.8097,2.0,2.16e-07,1.08e-07,0,1,1,3.044522437723423,0.0003599352155478,4629629.62962963,9259259.25925926,1666.6666666666663,3333.333333333333,1666.6666666666663,4629629.62962963,1.4285714285714286,0.04,0.3333333333333333,0,16.247532
ASAP7,NANDX1,NAND3x1_ASAP7_6t_L,B,Y,fall,10.0,0.0007199999999999,0.7,25.0,8.79034,0.5,1.08e-07,2.16e-07,0,1,1,2.3978952727983707,0.0007197409243488,9259259.25925926,4629629.62962963,6666.666666666666,3333.333333333333,3333.333333333333,4629629.62962963,1.4285714285714286,0.04,-0.3333333333333333,0,5.6504827
ASAP7,NANDX1,NAND2x1_ASAP7_6t_L,B,Y,fall,80.0,0.0230399999999999,0.7,25.0,103.875,0.5,1.08e-07,2.16e-07,0,1,1,4.394449154672439,0.0227785868893395,9259259.25925926,4629629.62962963,213333.3333333333,106666.66666666666,106666.66666666666,4629629.62962963,1.4285714285714286,0.04,-0.3333333333333333,0,77.72414
ASAP7,NANDX1,NAND3x1_ASAP7_6t_L,B,Y,fall,20.0,0.0028799999999999,0.7,25.0,17.7556,0.5,1.08e-07,2.16e-07,0,1,1,3.044522437723423,0.0028758607454642,9259259.25925926,4629629.62962963,26666.666666666664,13333.333333333332,13333.333333333332,4629629.62962963,1.4285714285714286,0.04,-0.3333333333333333,0,9.822007
ASAP7,NORX1,NOR5x1f_ASAP7_6t_L,B,Y,fall,320.0,0.0230399999999999,0.7,25.0,182.246,2.0,2.16e-07,1.08e-07,0,1,1,5.771441123130016,0.0227785868893395,4629629.62962963,9259259.25925926,106666.66666666666,213333.3333333333,213333.3333333333,9259259.25925926,1.4285714285714286,0.04,0.3333333333333333,0,153.34547
ASAP7,NORX1,NOR5x1f_ASAP7_6t_L,C,Y,fall,40.0,0.0057599999999999,0.7,25.0,39.0907,2.0,2.16e-07,1.08e-07,0,1,1,3.713572066704308,0.0057434746270657,4629629.62962963,9259259.25925926,26666.666666666664,53333.33333333333,53333.33333333333,9259259.25925926,1.4285714285714286,0.04,0.3333333333333333,0,33.722416
ASAP7,NORX1,NOR2x1_ASAP7_6t_L,A,Y,rise,10.0,0.0028799999999999,0.7,25.0,20.4739,2.0,2.16e-07,1.08e-07,0,1,1,2.3978952727983707,0.0028758607454642,4629629.62962963,9259259.25925926,13333.333333333332,26666.666666666664,13333.333333333332,4629629.62962963,1.4285714285714286,0.04,0.3333333333333333,0,48.28328
ASAP7,NORX1,NOR2x1_ASAP7_6t_L,B,Y,fall,40.0,0.0460799999999999,0.7,25.0,203.153,2.0,2.16e-07,1.08e-07,0,1,1,3.713572066704308,0.0450498445537087,4629629.62962963,9259259.25925926,213333.3333333333,426666.6666666666,426666.6666666666,9259259.25925926,1.4285714285714286,0.04,0.3333333333333333,0,184.33234
ASAP7,NANDX1,NAND3x1_ASAP7_6t_L,B,Y,fall,20.0,0.0014399999999999,0.7,25.0,12.6108,0.5,1.08e-07,2.16e-07,0,1,1,3.044522437723423,0.0014389641942542,9259259.25925926,4629629.62962963,13333.333333333332,6666.666666666666,6666.666666666666,4629629.62962963,1.4285714285714286,0.04,-0.3333333333333333,0,7.7855134
ASAP7,NANDX1,NAND3x1_ASAP7_6t_L,B,Y,fall,160.0,0.0014399999999999,0.7,25.0,14.6472,0.5,1.08e-07,2.16e-07,0,1,1,5.081404364984463,0.0014389641942542,9259259.25925926,4629629.62962963,13333.333333333332,6666.666666666666,6666.666666666666,4629629.62962963,1.4285714285714286,0.04,-0.3333333333333333,0,17.680382
ASAP7,INVX1,INVx11_ASAP7_6t_L,A,Y,fall,5.0,0.0921599999999999,0.7,25.0,38.8842,1.0,5.4e-08,5.4e-08,1,1,1,1.791759469228055,0.0881573867362051,18518518.51851852,18518518.51851852,1706666.6666666665,1706666.6666666665,1706666.6666666665,18518518.51851852,1.4285714285714286,0.04,0.0,0,55.028202
ASAP7,NANDX1,NAND2x1p5_ASAP7_6t_L,B,Y,fall,160.0,0.0230399999999999,0.7,25.0,96.4357,0.5,1.08e-07,2.16e-07,0,1,1,5.081404364984463,0.0227785868893395,9259259.25925926,4629629.62962963,213333.3333333333,106666.66666666666,106666.66666666666,4629629.62962963,1.4285714285714286,0.04,-0.3333333333333333,0,184.72327
ASAP7,NORX1,NOR5x1f_ASAP7_6t_L,E,Y,fall,20.0,0.0028799999999999,0.7,25.0,21.8984,2.0,2.16e-07,1.08e-07,0,1,1,3.044522437723423,0.0028758607454642,4629629.62962963,9259259.25925926,13333.333333333332,26666.666666666664,26666.666666666664,9259259.25925926,1.4285714285714286,0.04,0.3333333333333333,0,17.51046
ASAP7,NORX1,NOR5x1f_ASAP7_6t_L,B,Y,fall,10.0,0.0003599999999999,0.7,25.0,7.72735,2.0,2.16e-07,1.08e-07,0,1,1,2.3978952727983707,0.0003599352155478,4629629.62962963,9259259.25925926,1666.6666666666663,3333.333333333333,3333.333333333333,9259259.25925926,1.4285714285714286,0.04,0.3333333333333333,0,9.7154045
ASAP7,NORX1,NOR3x1_ASAP7_6t_L,A,Y,fall,40.0,0.0230399999999999,0.7,25.0,110.519,2.0,2.16e-07,1.08e-07,0,1,1,3.713572066704308,0.0227785868893395,4629629.62962963,9259259.25925926,106666.66666666666,213333.3333333333,213333.3333333333,9259259.25925926,1.4285714285714286,0.04,0.3333333333333333,0,1.1054348
ASAP7,NANDX1,NAND2x1_ASAP7_6t_L,B,Y,rise,20.0,0.0014399999999999,0.7,25.0,16.8547,0.5,1.08e-07,2.16e-07,0,1,1,3.044522437723423,0.0014389641942542,9259259.25925926,4629629.62962963,13333.333333333332,6666.666666666666,13333.333333333332,9259259.25925926,1.4285714285714286,0.04,-0.3333333333333333,0,19.950396
ASAP7,NANDX1,NAND2x1p5_ASAP7_6t_L,B,Y,fall,40.0,0.0003599999999999,0.7,25.0,6.00271,0.5,1.08e-07,2.16e-07,0,1,1,3.713572066704308,0.0003599352155478,9259259.25925926,4629629.62962963,3333.333333333333,1666.6666666666663,1666.6666666666663,4629629.62962963,1.4285714285714286,0.04,-0.3333333333333333,0,8.458136
ASAP7,NORX1,NOR3x1_ASAP7_6t_L,B,Y,fall,5.0,0.0007199999999999,0.7,25.0,10.4444,2.0,2.16e-07,1.08e-07,0,1,1,1.791759469228055,0.0007197409243488,4629629.62962963,9259259.25925926,3333.333333333333,6666.666666666666,6666.666666666666,9259259.25925926,1.4285714285714286,0.04,0.3333333333333333,0,9.526201
ASAP7,NORX1,NOR2x1_ASAP7_6t_L,B,Y,rise,320.0,0.0007199999999999,0.7,25.0,30.1813,2.0,2.16e-07,1.08e-07,0,1,1,5.771441123130016,0.0007197409243488,4629629.62962963,9259259.25925926,3333.333333333333,6666.666666666666,3333.333333333333,4629629.62962963,1.4285714285714286,0.04,0.3333333333333333,0,63.58294
ASAP7,NORX1,NOR3x1_ASAP7_6t_L,B,Y,rise,40.0,0.0014399999999999,0.7,25.0,19.4648,2.0,2.16e-07,1.08e-07,0,1,1,3.713572066704308,0.0014389641942542,4629629.62962963,9259259.25925926,6666.666666666666,13333.333333333332,6666.666666666666,4629629.62962963,1.4285714285714286,0.04,0.3333333333333333,0,22.541157
ASAP7,NORX1,NOR3x1_ASAP7_6t_L,B,Y,fall,320.0,0.0460799999999999,0.7,25.0,289.352,2.0,2.16e-07,1.08e-07,0,1,1,5.771441123130016,0.0450498445537087,4629629.62962963,9259259.25925926,213333.3333333333,426666.6666666666,426666.6666666666,9259259.25925926,1.4285714285714286,0.04,0.3333333333333333,0,157.59459
ASAP7,NORX1,NOR2x1_ASAP7_6t_L,A,Y,fall,320.0,0.0057599999999999,0.7,25.0,83.182,2.0,2.16e-07,1.08e-07,0,1,1,5.771441123130016,0.0057434746270657,4629629.62962963,9259259.25925926,26666.666666666664,53333.33333333333,53333.33333333333,9259259.25925926,1.4285714285714286,0.04,0.3333333333333333,0,48.205162
ASAP7,INVX2,INVx2_ASAP7_6t_L,A,Y,fall,40.0,0.0028799999999999,0.7,25.0,15.8667,1.0,1.08e-07,1.08e-07,1,1,1,3.713572066704308,0.0028758607454642,9259259.25925926,9259259.25925926,26666.666666666664,26666.666666666664,26666.666666666664,9259259.25925926,1.4285714285714286,0.04,0.0,0,9.346492
ASAP7,NANDX1,NAND3x1_ASAP7_6t_L,B,Y,rise,80.0,0.0057599999999999,0.7,25.0,61.2793,0.5,1.08e-07,2.16e-07,0,1,1,4.394449154672439,0.0057434746270657,9259259.25925926,4629629.62962963,53333.33333333333,26666.666666666664,53333.33333333333,9259259.25925926,1.4285714285714286,0.04,-0.3333333333333333,0,53.186295
ASAP7,NORX1,NOR3x1_ASAP7_6t_L,B,Y,rise,20.0,0.0028799999999999,0.7,25.0,23.8389,2.0,2.16e-07,1.08e-07,0,1,1,3.044522437723423,0.0028758607454642,4629629.62962963,9259259.25925926,13333.333333333332,26666.666666666664,13333.333333333332,4629629.62962963,1.4285714285714286,0.04,0.3333333333333333,0,34.1952
ASAP7,INVX2,INVx2_ASAP7_6t_L,A,Y,rise,20.0,0.0028799999999999,0.7,25.0,14.9679,1.0,1.08e-07,1.08e-07,1,1,1,3.044522437723423,0.0028758607454642,9259259.25925926,9259259.25925926,26666.666666666664,26666.666666666664,26666.666666666664,9259259.25925926,1.4285714285714286,0.04,0.0,0,12.488574
ASAP7,NORX1,NOR2x1_ASAP7_6t_L,B,Y,rise,80.0,0.0028799999999999,0.7,25.0,34.897,2.0,2.16e-07,1.08e-07,0,1,1,4.394449154672439,0.0028758607454642,4629629.62962963,9259259.25925926,13333.333333333332,26666.666666666664,13333.333333333332,4629629.62962963,1.4285714285714286,0.04,0.3333333333333333,0,47.804256
ASAP7,NORX1,NOR5x1f_ASAP7_6t_L,D,Y,rise,20.0,0.0007199999999999,0.7,25.0,39.0506,2.0,2.16e-07,1.08e-07,0,1,1,3.044522437723423,0.0007197409243488,4629629.62962963,9259259.25925926,3333.333333333333,6666.666666666666,3333.333333333333,4629629.62962963,1.4285714285714286,0.04,0.3333333333333333,0,26.176903
ASAP7,NANDX1,NAND2x1_ASAP7_6t_L,B,Y,fall,320.0,0.0028799999999999,0.7,25.0,33.6511,0.5,1.08e-07,2.16e-07,0,1,1,5.771441123130016,0.0028758607454642,9259259.25925926,4629629.62962963,26666.666666666664,13333.333333333332,13333.333333333332,4629629.62962963,1.4285714285714286,0.04,-0.3333333333333333,0,23.83523
ASAP7,NORX1,NOR2x1_ASAP7_6t_L,B,Y,rise,5.0,0.0460799999999999,0.7,25.0,218.803,2.0,2.16e-07,1.08e-07,0,1,1,1.791759469228055,0.0450498445537087,4629629.62962963,9259259.25925926,213333.3333333333,426666.6666666666,213333.3333333333,4629629.62962963,1.4285714285714286,0.04,0.3333333333333333,0,328.72556
ASAP7,NANDX1,NAND2x1p5_ASAP7_6t_L,B,Y,fall,160.0,0.0115199999999999,0.7,25.0,60.2377,0.5,1.08e-07,2.16e-07,0,1,1,5.081404364984463,0.0114541500451158,9259259.25925926,4629629.62962963,106666.66666666666,53333.33333333333,53333.33333333333,4629629.62962963,1.4285714285714286,0.04,-0.3333333333333333,0,58.75135
ASAP7,NORX1,NOR5x1f_ASAP7_6t_L,D,Y,rise,320.0,0.0014399999999999,0.7,25.0,91.5924,2.0,2.16e-07,1.08e-07,0,1,1,5.771441123130016,0.0014389641942542,4629629.62962963,9259259.25925926,6666.666666666666,13333.333333333332,6666.666666666666,4629629.62962963,1.4285714285714286,0.04,0.3333333333333333,0,66.96722
ASAP7,NORX1,NOR5x1f_ASAP7_6t_L,D,Y,fall,10.0,0.0003599999999999,0.7,25.0,8.11403,2.0,2.16e-07,1.08e-07,0,1,1,2.3978952727983707,0.0003599352155478,4629629.62962963,9259259.25925926,1666.6666666666663,3333.333333333333,3333.333333333333,9259259.25925926,1.4285714285714286,0.04,0.3333333333333333,0,9.7154045
ASAP7,INVX1,INVx13_ASAP7_6t_L,A,Y,fall,5.0,0.3686399999999999,0.7,25.0,125.517,1.0,5.4e-08,5.4e-08,1,1,1,1.791759469228055,0.3138175460564067,18518518.51851852,18518518.51851852,6826666.666666666,6826666.666666666,6826666.666666666,18518518.51851852,1.4285714285714286,0.04,0.0,0,163.28084
ASAP7,NORX1,NOR5x1f_ASAP7_6t_L,C,Y,rise,320.0,0.0057599999999999,0.7,25.0,203.133,2.0,2.16e-07,1.08e-07,0,1,1,5.771441123130016,0.0057434746270657,4629629.62962963,9259259.25925926,26666.666666666664,53333.33333333333,26666.666666666664,4629629.62962963,1.4285714285714286,0.04,0.3333333333333333,0,86.13372
ASAP7,NORX1,NOR5x1f_ASAP7_6t_L,D,Y,fall,40.0,0.0230399999999999,0.7,25.0,110.095,2.0,2.16e-07,1.08e-07,0,1,1,3.713572066704308,0.0227785868893395,4629629.62962963,9259259.25925926,106666.66666666666,213333.3333333333,213333.3333333333,9259259.25925926,1.4285714285714286,0.04,0.3333333333333333,0,118.16541
ASAP7,NORX1,NOR5x1f_ASAP7_6t_L,E,Y,fall,40.0,0.0014399999999999,0.7,25.0,19.8927,2.0,2.16e-07,1.08e-07,0,1,1,3.713572066704308,0.0014389641942542,4629629.62962963,9259259.25925926,6666.666666666666,13333.333333333332,13333.333333333332,9259259.25925926,1.4285714285714286,0.04,0.3333333333333333,0,17.493435
ASAP7,NANDX1,NAND3x1_ASAP7_6t_L,A,Y,fall,80.0,0.0014399999999999,0.7,25.0,16.3881,0.5,1.08e-07,2.16e-07,0,1,1,4.394449154672439,0.0014389641942542,9259259.25925926,4629629.62962963,13333.333333333332,6666.666666666666,6666.666666666666,4629629.62962963,1.4285714285714286,0.04,-0.3333333333333333,0,11.749996
ASAP7,NORX1,NOR3x1f_ASAP7_6t_L,C,Y,rise,20.0,0.0007199999999999,0.7,25.0,21.8791,2.0,2.16e-07,1.08e-07,0,1,1,3.044522437723423,0.0007197409243488,4629629.62962963,9259259.25925926,3333.333333333333,6666.666666666666,3333.333333333333,4629629.62962963,1.4285714285714286,0.04,0.3333333333333333,0,18.855116
ASAP7,INVX2,INVx2_ASAP7_6t_L,A,Y,rise,40.0,0.0115199999999999,0.7,25.0,42.5952,1.0,1.08e-07,1.08e-07,1,1,1,3.713572066704308,0.0114541500451158,9259259.25925926,9259259.25925926,106666.66666666666,106666.66666666666,106666.66666666666,9259259.25925926,1.4285714285714286,0.04,0.0,0,25.14707
ASAP7,NORX1,NOR5x1f_ASAP7_6t_L,E,Y,rise,40.0,0.0007199999999999,0.7,25.0,40.6794,2.0,2.16e-07,1.08e-07,0,1,1,3.713572066704308,0.0007197409243488,4629629.62962963,9259259.25925926,3333.333333333333,6666.666666666666,3333.333333333333,4629629.62962963,1.4285714285714286,0.04,0.3333333333333333,0,36.36653
ASAP7,NANDX1,NAND3x1_ASAP7_6t_L,C,Y,fall,10.0,0.0460799999999999,0.7,25.0,158.758,0.5,1.08e-07,2.16e-07,0,1,1,2.3978952727983707,0.0450498445537087,9259259.25925926,4629629.62962963,426666.6666666666,213333.3333333333,213333.3333333333,4629629.62962963,1.4285714285714286,0.04,-0.3333333333333333,0,160.02838
ASAP7,NANDX1,NAND3x1_ASAP7_6t_L,B,Y,fall,320.0,0.0460799999999999,0.7,25.0,210.844,0.5,1.08e-07,2.16e-07,0,1,1,5.771441123130016,0.0450498445537087,9259259.25925926,4629629.62962963,426666.6666666666,213333.3333333333,213333.3333333333,4629629.62962963,1.4285714285714286,0.04,-0.3333333333333333,0,200.9965
ASAP7,NORX1,NOR5x1f_ASAP7_6t_L,A,Y,rise,160.0,0.0028799999999999,0.7,25.0,120.061,2.0,2.16e-07,1.08e-07,0,1,1,5.081404364984463,0.0028758607454642,4629629.62962963,9259259.25925926,13333.333333333332,26666.666666666664,13333.333333333332,4629629.62962963,1.4285714285714286,0.04,0.3333333333333333,0,32.19523
ASAP7,NORX1,NOR5x1f_ASAP7_6t_L,A,Y,rise,5.0,0.0057599999999999,0.7,25.0,145.715,2.0,2.16e-07,1.08e-07,0,1,1,1.791759469228055,0.0057434746270657,4629629.62962963,9259259.25925926,26666.666666666664,53333.33333333333,26666.666666666664,4629629.62962963,1.4285714285714286,0.04,0.3333333333333333,0,47.524544
ASAP7,NANDX1,NAND3x1_ASAP7_6t_L,B,Y,fall,160.0,0.0230399999999999,0.7,25.0,107.826,0.5,1.08e-07,2.16e-07,0,1,1,5.081404364984463,0.0227785868893395,9259259.25925926,4629629.62962963,213333.3333333333,106666.66666666666,106666.66666666666,4629629.62962963,1.4285714285714286,0.04,-0.3333333333333333,0,105.596794
ASAP7,NANDX1,NAND3x1_ASAP7_6t_L,C,Y,fall,20.0,0.0007199999999999,0.7,25.0,9.65089,0.5,1.08e-07,2.16e-07,0,1,1,3.044522437723423,0.0007197409243488,9259259.25925926,4629629.62962963,6666.666666666666,3333.333333333333,3333.333333333333,4629629.62962963,1.4285714285714286,0.04,-0.3333333333333333,0,7.7780385
ASAP7,NORX1,NOR3x1f_ASAP7_6t_L,B,Y,fall,80.0,0.0007199999999999,0.7,25.0,15.3704,2.0,2.16e-07,1.08e-07,0,1,1,4.394449154672439,0.0007197409243488,4629629.62962963,9259259.25925926,3333.333333333333,6666.666666666666,6666.666666666666,9259259.25925926,1.4285714285714286,0.04,0.3333333333333333,0,1.0986489
ASAP7,INVX2,INVx2_ASAP7_6t_L,A,Y,fall,5.0,0.0014399999999999,0.7,25.0,5.90596,1.0,1.08e-07,1.08e-07,1,1,1,1.791759469228055,0.0014389641942542,9259259.25925926,9259259.25925926,13333.333333333332,13333.333333333332,13333.333333333332,9259259.25925926,1.4285714285714286,0.04,0.0,0,7.7780313
ASAP7,NORX1,NOR2x1_ASAP7_6t_L,B,Y,fall,10.0,0.0460799999999999,0.7,25.0,194.998,2.0,2.16e-07,1.08e-07,0,1,1,2.3978952727983707,0.0450498445537087,4629629.62962963,9259259.25925926,213333.3333333333,426666.6666666666,426666.6666666666,9259259.25925926,1.4285714285714286,0.04,0.3333333333333333,0,181.40564
ASAP7,NANDX1,NAND2x1_ASAP7_6t_L,A,Y,rise,5.0,0.0460799999999999,0.7,25.0,233.696,0.5,1.08e-07,2.16e-07,0,1,1,1.791759469228055,0.0450498445537087,9259259.25925926,4629629.62962963,426666.6666666666,213333.3333333333,426666.6666666666,9259259.25925926,1.4285714285714286,0.04,-0.3333333333333333,0,213.26918
ASAP7,NANDX1,NAND2x1_ASAP7_6t_L,B,Y,fall,320.0,0.0057599999999999,0.7,25.0,58.4157,0.5,1.08e-07,2.16e-07,0,1,1,5.771441123130016,0.0057434746270657,9259259.25925926,4629629.62962963,53333.33333333333,26666.666666666664,26666.666666666664,4629629.62962963,1.4285714285714286,0.04,-0.3333333333333333,0,51.290226
ASAP7,NANDX1,NAND2x1p5_ASAP7_6t_L,B,Y,rise,40.0,0.0007199999999999,0.7,25.0,17.9806,0.5,1.08e-07,2.16e-07,0,1,1,3.713572066704308,0.0007197409243488,9259259.25925926,4629629.62962963,6666.666666666666,3333.333333333333,6666.666666666666,9259259.25925926,1.4285714285714286,0.04,-0.3333333333333333,0,22.541084
ASAP7,NORX1,NOR5x1f_ASAP7_6t_L,B,Y,rise,40.0,0.0028799999999999,0.7,25.0,88.5633,2.0,2.16e-07,1.08e-07,0,1,1,3.713572066704308,0.0028758607454642,4629629.62962963,9259259.25925926,13333.333333333332,26666.666666666664,13333.333333333332,4629629.62962963,1.4285714285714286,0.04,0.3333333333333333,0,31.624287
ASAP7,NORX1,NOR5x1f_ASAP7_6t_L,E,Y,fall,320.0,0.0115199999999999,0.7,25.0,118.841,2.0,2.16e-07,1.08e-07,0,1,1,5.771441123130016,0.0114541500451158,4629629.62962963,9259259.25925926,53333.33333333333,106666.66666666666,106666.66666666666,9259259.25925926,1.4285714285714286,0.04,0.3333333333333333,0,67.389084
ASAP7,INVX1,INVx1_ASAP7_6t_L,A,Y,fall,320.0,0.0230399999999999,0.7,25.0,180.648,1.0,5.4e-08,5.4e-08,1,1,1,5.771441123130016,0.0227785868893395,18518518.51851852,18518518.51851852,426666.6666666666,426666.6666666666,426666.6666666666,18518518.51851852,1.4285714285714286,0.04,0.0,0,124.3398
ASAP7,NORX1,NOR3x1f_ASAP7_6t_L,A,Y,fall,5.0,0.0007199999999999,0.7,25.0,6.89174,2.0,2.16e-07,1.08e-07,0,1,1,1.791759469228055,0.0007197409243488,4629629.62962963,9259259.25925926,3333.333333333333,6666.666666666666,6666.666666666666,9259259.25925926,1.4285714285714286,0.04,0.3333333333333333,0,9.056346
ASAP7,NORX1,NOR3x1_ASAP7_6t_L,A,Y,rise,10.0,0.0230399999999999,0.7,25.0,113.308,2.0,2.16e-07,1.08e-07,0,1,1,2.3978952727983707,0.0227785868893395,4629629.62962963,9259259.25925926,106666.66666666666,213333.3333333333,106666.66666666666,4629629.62962963,1.4285714285714286,0.04,0.3333333333333333,0,1.1085159
ASAP7,NORX1,NOR5x1f_ASAP7_6t_L,C,Y,fall,10.0,0.0028799999999999,0.7,25.0,18.5926,2.0,2.16e-07,1.08e-07,0,1,1,2.3978952727983707,0.0028758607454642,4629629.62962963,9259259.25925926,13333.333333333332,26666.666666666664,26666.666666666664,9259259.25925926,1.4285714285714286,0.04,0.3333333333333333,0,13.969619
ASAP7,NORX1,NOR3x1f_ASAP7_6t_L,B,Y,fall,40.0,0.0230399999999999,0.7,25.0,108.647,2.0,2.16e-07,1.08e-07,0,1,1,3.713572066704308,0.0227785868893395,4629629.62962963,9259259.25925926,106666.66666666666,213333.3333333333,213333.3333333333,9259259.25925926,1.4285714285714286,0.04,0.3333333333333333,0,1.1054348
ASAP7,INVX1,INVx13_ASAP7_6t_L,A,Y,rise,320.0,0.0230399999999999,0.7,25.0,53.7974,1.0,5.4e-08,5.4e-08,1,1,1,5.771441123130016,0.0227785868893395,18518518.51851852,18518518.51851852,426666.6666666666,426666.6666666666,426666.6666666666,18518518.51851852,1.4285714285714286,0.04,0.0,0,71.610115
ASAP7,NORX1,NOR2x1_ASAP7_6t_L,B,Y,fall,10.0,0.0007199999999999,0.7,25.0,8.89598,2.0,2.16e-07,1.08e-07,0,1,1,2.3978952727983707,0.0007197409243488,4629629.62962963,9259259.25925926,3333.333333333333,6666.666666666666,6666.666666666666,9259259.25925926,1.4285714285714286,0.04,0.3333333333333333,0,11.3564005
ASAP7,INVX1,INVx11_ASAP7_6t_L,A,Y,rise,5.0,0.0230399999999999,0.7,25.0,14.3178,1.0,5.4e-08,5.4e-08,1,1,1,1.791759469228055,0.0227785868893395,18518518.51851852,18518518.51851852,426666.6666666666,426666.6666666666,426666.6666666666,18518518.51851852,1.4285714285714286,0.04,0.0,0,121.85419
ASAP7,NORX1,NOR5x1f_ASAP7_6t_L,B,Y,fall,80.0,0.0230399999999999,0.7,25.0,120.636,2.0,2.16e-07,1.08e-07,0,1,1,4.394449154672439,0.0227785868893395,4629629.62962963,9259259.25925926,106666.66666666666,213333.3333333333,213333.3333333333,9259259.25925926,1.4285714285714286,0.04,0.3333333333333333,0,113.61911
ASAP7,NANDX1,NAND2x1_ASAP7_6t_L,B,Y,fall,160.0,0.0028799999999999,0.7,25.0,30.982,0.5,1.08e-07,2.16e-07,0,1,1,5.081404364984463,0.0028758607454642,9259259.25925926,4629629.62962963,26666.666666666664,13333.333333333332,13333.333333333332,4629629.62962963,1.4285714285714286,0.04,-0.3333333333333333,0,30.422321
ASAP7,NORX1,NOR3x1_ASAP7_6t_L,C,Y,fall,320.0,0.0028799999999999,0.7,25.0,69.3893,2.0,2.16e-07,1.08e-07,0,1,1,5.771441123130016,0.0028758607454642,4629629.62962963,9259259.25925926,13333.333333333332,26666.666666666664,26666.666666666664,9259259.25925926,1.4285714285714286,0.04,0.3333333333333333,0,1.1755594
ASAP7,INVX2,INVx2_ASAP7_6t_L,A,Y,rise,320.0,0.0115199999999999,0.7,25.0,96.5909,1.0,1.08e-07,1.08e-07,1,1,1,5.771441123130016,0.0114541500451158,9259259.25925926,9259259.25925926,106666.66666666666,106666.66666666666,106666.66666666666,9259259.25925926,1.4285714285714286,0.04,0.0,0,72.75748
ASAP7,INVX2,INVx2_ASAP7_6t_L,A,Y,fall,20.0,0.0028799999999999,0.7,25.0,12.7855,1.0,1.08e-07,1.08e-07,1,1,1,3.044522437723423,0.0028758607454642,9259259.25925926,9259259.25925926,26666.666666666664,26666.666666666664,26666.666666666664,9259259.25925926,1.4285714285714286,0.04,0.0,0,7.915335
ASAP7,INVX1,INVx1_ASAP7_6t_L,A,Y,fall,20.0,0.0460799999999999,0.7,25.0,195.994,1.0,5.4e-08,5.4e-08,1,1,1,3.044522437723423,0.0450498445537087,18518518.51851852,18518518.51851852,853333.3333333333,853333.3333333333,853333.3333333333,18518518.51851852,1.4285714285714286,0.04,0.0,0,216.83998
ASAP7,INVX2,INVx2_ASAP7_6t_L,A,Y,fall,80.0,0.0460799999999999,0.7,25.0,118.991,1.0,1.08e-07,1.08e-07,1,1,1,4.394449154672439,0.0450498445537087,9259259.25925926,9259259.25925926,426666.6666666666,426666.6666666666,426666.6666666666,9259259.25925926,1.4285714285714286,0.04,0.0,0,153.70985
ASAP7,NORX1,NOR3x1_ASAP7_6t_L,C,Y,rise,5.0,0.0028799999999999,0.7,25.0,21.2906,2.0,2.16e-07,1.08e-07,0,1,1,1.791759469228055,0.0028758607454642,4629629.62962963,9259259.25925926,13333.333333333332,26666.666666666664,13333.333333333332,4629629.62962963,1.4285714285714286,0.04,0.3333333333333333,0,32.41466
ASAP7,NORX1,NOR5x1f_ASAP7_6t_L,C,Y,rise,40.0,0.0028799999999999,0.7,25.0,89.6745,2.0,2.16e-07,1.08e-07,0,1,1,3.713572066704308,0.0028758607454642,4629629.62962963,9259259.25925926,13333.333333333332,26666.666666666664,13333.333333333332,4629629.62962963,1.4285714285714286,0.04,0.3333333333333333,0,32.60959
ASAP7,NANDX1,NAND2x1_ASAP7_6t_L,A,Y,rise,320.0,0.0230399999999999,0.7,25.0,220.591,0.5,1.08e-07,2.16e-07,0,1,1,5.771441123130016,0.0227785868893395,9259259.25925926,4629629.62962963,213333.3333333333,106666.66666666666,213333.3333333333,9259259.25925926,1.4285714285714286,0.04,-0.3333333333333333,0,262.7002
ASAP7,INVX1,INVx1_ASAP7_6t_L,A,Y,fall,40.0,0.0230399999999999,0.7,25.0,107.515,1.0,5.4e-08,5.4e-08,1,1,1,3.713572066704308,0.0227785868893395,18518518.51851852,18518518.51851852,426666.6666666666,426666.6666666666,426666.6666666666,18518518.51851852,1.4285714285714286,0.04,0.0,0,192.20044
ASAP7,NORX1,NOR5x1f_ASAP7_6t_L,A,Y,fall,320.0,0.0003599999999999,0.7,25.0,2.81421,2.0,2.16e-07,1.08e-07,0,1,1,5.771441123130016,0.0003599352155478,4629629.62962963,9259259.25925926,1666.6666666666663,3333.333333333333,3333.333333333333,9259259.25925926,1.4285714285714286,0.04,0.3333333333333333,0,29.827616
ASAP7,NORX1,NOR3x1_ASAP7_6t_L,B,Y,rise,160.0,0.0028799999999999,0.7,25.0,38.2923,2.0,2.16e-07,1.08e-07,0,1,1,5.081404364984463,0.0028758607454642,4629629.62962963,9259259.25925926,13333.333333333332,26666.666666666664,13333.333333333332,4629629.62962963,1.4285714285714286,0.04,0.3333333333333333,0,132.24507
ASAP7,INVX1,INVx1_ASAP7_6t_L,A,Y,rise,320.0,0.0460799999999999,0.7,25.0,330.706,1.0,5.4e-08,5.4e-08,1,1,1,5.771441123130016,0.0450498445537087,18518518.51851852,18518518.51851852,853333.3333333333,853333.3333333333,853333.3333333333,18518518.51851852,1.4285714285714286,0.04,0.0,0,208.07884
ASAP7,NORX1,NOR3x1_ASAP7_6t_L,C,Y,rise,320.0,0.0460799999999999,0.7,25.0,261.695,2.0,2.16e-07,1.08e-07,0,1,1,5.771441123130016,0.0450498445537087,4629629.62962963,9259259.25925926,213333.3333333333,426666.6666666666,213333.3333333333,4629629.62962963,1.4285714285714286,0.04,0.3333333333333333,0,297.7357
ASAP7,NORX1,NOR2x1_ASAP7_6t_L,A,Y,rise,20.0,0.0230399999999999,0.7,25.0,116.153,2.0,2.16e-07,1.08e-07,0,1,1,3.044522437723423,0.0227785868893395,4629629.62962963,9259259.25925926,106666.66666666666,213333.3333333333,106666.66666666666,4629629.62962963,1.4285714285714286,0.04,0.3333333333333333,0,307.11768
ASAP7,NANDX1,NAND3x1_ASAP7_6t_L,C,Y,fall,20.0,0.0115199999999999,0.7,25.0,45.8803,0.5,1.08e-07,2.16e-07,0,1,1,3.044522437723423,0.0114541500451158,9259259.25925926,4629629.62962963,106666.66666666666,53333.33333333333,53333.33333333333,4629629.62962963,1.4285714285714286,0.04,-0.3333333333333333,0,27.943619
ASAP7,NORX1,NOR2x1_ASAP7_6t_L,A,Y,fall,5.0,0.0014399999999999,0.7,25.0,11.8697,2.0,2.16e-07,1.08e-07,0,1,1,1.791759469228055,0.0014389641942542,4629629.62962963,9259259.25925926,6666.666666666666,13333.333333333332,13333.333333333332,9259259.25925926,1.4285714285714286,0.04,0.3333333333333333,0,10.476035
ASAP7,NORX1,NOR3x1_ASAP7_6t_L,A,Y,fall,5.0,0.0115199999999999,0.7,25.0,53.5989,2.0,2.16e-07,1.08e-07,0,1,1,1.791759469228055,0.0114541500451158,4629629.62962963,9259259.25925926,53333.33333333333,106666.66666666666,106666.66666666666,9259259.25925926,1.4285714285714286,0.04,0.3333333333333333,0,1.0641688
ASAP7,NORX1,NOR3x1_ASAP7_6t_L,A,Y,fall,40.0,0.0115199999999999,0.7,25.0,63.3176,2.0,2.16e-07,1.08e-07,0,1,1,3.713572066704308,0.0114541500451158,4629629.62962963,9259259.25925926,53333.33333333333,106666.66666666666,106666.66666666666,9259259.25925926,1.4285714285714286,0.04,0.3333333333333333,0,58.830967
ASAP7,NANDX1,NAND2x1p5_ASAP7_6t_L,A,Y,rise,20.0,0.0115199999999999,0.7,25.0,69.5858,0.5,1.08e-07,2.16e-07,0,1,1,3.044522437723423,0.0114541500451158,9259259.25925926,4629629.62962963,106666.66666666666,53333.33333333333,106666.66666666666,9259259.25925926,1.4285714285714286,0.04,-0.3333333333333333,0,61.343357
ASAP7,NANDX1,NAND2x1_ASAP7_6t_L,A,Y,rise,40.0,0.0028799999999999,0.7,25.0,32.3011,0.5,1.08e-07,2.16e-07,0,1,1,3.713572066704308,0.0028758607454642,9259259.25925926,4629629.62962963,26666.666666666664,13333.333333333332,26666.666666666664,9259259.25925926,1.4285714285714286,0.04,-0.3333333333333333,0,32.826733
ASAP7,INVX1,INVx1_ASAP7_6t_L,A,Y,fall,80.0,0.0007199999999999,0.7,25.0,13.4118,1.0,5.4e-08,5.4e-08,1,1,1,4.394449154672439,0.0007197409243488,18518518.51851852,18518518.51851852,13333.333333333332,13333.333333333332,13333.333333333332,18518518.51851852,1.4285714285714286,0.04,0.0,0,21.493538
ASAP7,NORX1,NOR2x1_ASAP7_6t_L,B,Y,fall,20.0,0.0028799999999999,0.7,25.0,20.792,2.0,2.16e-07,1.08e-07,0,1,1,3.044522437723423,0.0028758607454642,4629629.62962963,9259259.25925926,13333.333333333332,26666.666666666664,26666.666666666664,9259259.25925926,1.4285714285714286,0.04,0.3333333333333333,0,1.0727599
ASAP7,NANDX1,NAND3x1_ASAP7_6t_L,A,Y,rise,5.0,0.0028799999999999,0.7,25.0,21.03,0.5,1.08e-07,2.16e-07,0,1,1,1.791759469228055,0.0028758607454642,9259259.25925926,4629629.62962963,26666.666666666664,13333.333333333332,26666.666666666664,9259259.25925926,1.4285714285714286,0.04,-0.3333333333333333,0,27.629637
ASAP7,NORX1,NOR2x1_ASAP7_6t_L,A,Y,fall,10.0,0.0230399999999999,0.7,25.0,101.962,2.0,2.16e-07,1.08e-07,0,1,1,2.3978952727983707,0.0227785868893395,4629629.62962963,9259259.25925926,106666.66666666666,213333.3333333333,213333.3333333333,9259259.25925926,1.4285714285714286,0.04,0.3333333333333333,0,122.88082
ASAP7,INVX1,INVx1_ASAP7_6t_L,A,Y,fall,5.0,0.0230399999999999,0.7,25.0,97.6987,1.0,5.4e-08,5.4e-08,1,1,1,1.791759469228055,0.0227785868893395,18518518.51851852,18518518.51851852,426666.6666666666,426666.6666666666,426666.6666666666,18518518.51851852,1.4285714285714286,0.04,0.0,0,159.94777
ASAP7,NANDX1,NAND2x1_ASAP7_6t_L,A,Y,rise,40.0,0.0007199999999999,0.7,25.0,19.401,0.5,1.08e-07,2.16e-07,0,1,1,3.713572066704308,0.0007197409243488,9259259.25925926,4629629.62962963,6666.666666666666,3333.333333333333,6666.666666666666,9259259.25925926,1.4285714285714286,0.04,-0.3333333333333333,0,24.320374
ASAP7,NORX1,NOR3x1f_ASAP7_6t_L,C,Y,rise,80.0,0.0028799999999999,0.7,25.0,59.977,2.0,2.16e-07,1.08e-07,0,1,1,4.394449154672439,0.0028758607454642,4629629.62962963,9259259.25925926,13333.333333333332,26666.666666666664,13333.333333333332,4629629.62962963,1.4285714285714286,0.04,0.3333333333333333,0,47.80426
ASAP7,NORX1,NOR3x1f_ASAP7_6t_L,B,Y,fall,320.0,0.0115199999999999,0.7,25.0,115.177,2.0,2.16e-07,1.08e-07,0,1,1,5.771441123130016,0.0114541500451158,4629629.62962963,9259259.25925926,53333.33333333333,106666.66666666666,106666.66666666666,9259259.25925926,1.4285714285714286,0.04,0.3333333333333333,0,67.389084
ASAP7,NORX1,NOR3x1_ASAP7_6t_L,C,Y,rise,20.0,0.0057599999999999,0.7,25.0,37.2697,2.0,2.16e-07,1.08e-07,0,1,1,3.044522437723423,0.0057434746270657,4629629.62962963,9259259.25925926,26666.666666666664,53333.33333333333,26666.666666666664,4629629.62962963,1.4285714285714286,0.04,0.3333333333333333,0,71.93967
ASAP7,INVX2,INVx2_ASAP7_6t_L,A,Y,rise,20.0,0.0057599999999999,0.7,25.0,22.2,1.0,1.08e-07,1.08e-07,1,1,1,3.044522437723423,0.0057434746270657,9259259.25925926,9259259.25925926,53333.33333333333,53333.33333333333,53333.33333333333,9259259.25925926,1.4285714285714286,0.04,0.0,0,14.334817
ASAP7,NORX1,NOR5x1f_ASAP7_6t_L,E,Y,rise,10.0,0.0007199999999999,0.7,25.0,38.3158,2.0,2.16e-07,1.08e-07,0,1,1,2.3978952727983707,0.0007197409243488,4629629.62962963,9259259.25925926,3333.333333333333,6666.666666666666,3333.333333333333,4629629.62962963,1.4285714285714286,0.04,0.3333333333333333,0,38.69021
ASAP7,NANDX1,NAND3x1_ASAP7_6t_L,B,Y,rise,20.0,0.0057599999999999,0.7,25.0,41.8249,0.5,1.08e-07,2.16e-07,0,1,1,3.044522437723423,0.0057434746270657,9259259.25925926,4629629.62962963,53333.33333333333,26666.666666666664,53333.33333333333,9259259.25925926,1.4285714285714286,0.04,-0.3333333333333333,0,57.662754
ASAP7,NORX1,NOR2x1_ASAP7_6t_L,B,Y,fall,10.0,0.0057599999999999,0.7,25.0,29.8749,2.0,2.16e-07,1.08e-07,0,1,1,2.3978952727983707,0.0057434746270657,4629629.62962963,9259259.25925926,26666.666666666664,53333.33333333333,53333.33333333333,9259259.25925926,1.4285714285714286,0.04,0.3333333333333333,0,22.861832
ASAP7,NANDX1,NAND2x1_ASAP7_6t_L,A,Y,rise,80.0,0.0230399999999999,0.7,25.0,143.635,0.5,1.08e-07,2.16e-07,0,1,1,4.394449154672439,0.0227785868893395,9259259.25925926,4629629.62962963,213333.3333333333,106666.66666666666,213333.3333333333,9259259.25925926,1.4285714285714286,0.04,-0.3333333333333333,0,154.48157
ASAP7,NORX1,NOR5x1f_ASAP7_6t_L,E,Y,rise,40.0,0.0115199999999999,0.7,25.0,284.916,2.0,2.16e-07,1.08e-07,0,1,1,3.713572066704308,0.0114541500451158,4629629.62962963,9259259.25925926,53333.33333333333,106666.66666666666,53333.33333333333,4629629.62962963,1.4285714285714286,0.04,0.3333333333333333,0,177.28856
ASAP7,NORX1,NOR3x1f_ASAP7_6t_L,A,Y,fall,80.0,0.0014399999999999,0.7,25.0,20.8765,2.0,2.16e-07,1.08e-07,0,1,1,4.394449154672439,0.0014389641942542,4629629.62962963,9259259.25925926,6666.666666666666,13333.333333333332,13333.333333333332,9259259.25925926,1.4285714285714286,0.04,0.3333333333333333,0,22.135805
ASAP7,NORX1,NOR5x1f_ASAP7_6t_L,C,Y,fall,20.0,0.0057599999999999,0.7,25.0,33.2233,2.0,2.16e-07,1.08e-07,0,1,1,3.044522437723423,0.0057434746270657,4629629.62962963,9259259.25925926,26666.666666666664,53333.33333333333,53333.33333333333,9259259.25925926,1.4285714285714286,0.04,0.3333333333333333,0,28.127472
ASAP7,NANDX1,NAND2x1p5_ASAP7_6t_L,B,Y,rise,160.0,0.0057599999999999,0.7,25.0,78.3974,0.5,1.08e-07,2.16e-07,0,1,1,5.081404364984463,0.0057434746270657,9259259.25925926,4629629.62962963,53333.33333333333,26666.666666666664,53333.33333333333,9259259.25925926,1.4285714285714286,0.04,-0.3333333333333333,0,90.235504
ASAP7,NORX1,NOR3x1f_ASAP7_6t_L,C,Y,fall,10.0,0.0014399999999999,0.7,25.0,11.8725,2.0,2.16e-07,1.08e-07,0,1,1,2.3978952727983707,0.0014389641942542,4629629.62962963,9259259.25925926,6666.666666666666,13333.333333333332,13333.333333333332,9259259.25925926,1.4285714285714286,0.04,0.3333333333333333,0,12.131722
ASAP7,INVX2,INVx2_ASAP7_6t_L,A,Y,fall,5.0,0.0460799999999999,0.7,25.0,97.6197,1.0,1.08e-07,1.08e-07,1,1,1,1.791759469228055,0.0450498445537087,9259259.25925926,9259259.25925926,426666.6666666666,426666.6666666666,426666.6666666666,9259259.25925926,1.4285714285714286,0.04,0.0,0,122.13674
ASAP7,NORX1,NOR3x1_ASAP7_6t_L,B,Y,rise,40.0,0.0057599999999999,0.7,25.0,41.1312,2.0,2.16e-07,1.08e-07,0,1,1,3.713572066704308,0.0057434746270657,4629629.62962963,9259259.25925926,26666.666666666664,53333.33333333333,26666.666666666664,4629629.62962963,1.4285714285714286,0.04,0.3333333333333333,0,80.263
ASAP7,NANDX1,NAND3x1_ASAP7_6t_L,C,Y,rise,10.0,0.0230399999999999,0.7,25.0,126.116,0.5,1.08e-07,2.16e-07,0,1,1,2.3978952727983707,0.0227785868893395,9259259.25925926,4629629.62962963,213333.3333333333,106666.66666666666,213333.3333333333,9259259.25925926,1.4285714285714286,0.04,-0.3333333333333333,0,126.66856
ASAP7,NORX1,NOR5x1f_ASAP7_6t_L,E,Y,fall,320.0,0.0014399999999999,0.7,25.0,30.9558,2.0,2.16e-07,1.08e-07,0,1,1,5.771441123130016,0.0014389641942542,4629629.62962963,9259259.25925926,6666.666666666666,13333.333333333332,13333.333333333332,9259259.25925926,1.4285714285714286,0.04,0.3333333333333333,0,1.174386
ASAP7,NANDX1,NAND2x1_ASAP7_6t_L,B,Y,rise,160.0,0.0014399999999999,0.7,25.0,40.3256,0.5,1.08e-07,2.16e-07,0,1,1,5.081404364984463,0.0014389641942542,9259259.25925926,4629629.62962963,13333.333333333332,6666.666666666666,13333.333333333332,9259259.25925926,1.4285714285714286,0.04,-0.3333333333333333,0,36.996265
ASAP7,NORX1,NOR2x1_ASAP7_6t_L,B,Y,fall,5.0,0.0057599999999999,0.7,25.0,28.6011,2.0,2.16e-07,1.08e-07,0,1,1,1.791759469228055,0.0057434746270657,4629629.62962963,9259259.25925926,26666.666666666664,53333.33333333333,53333.33333333333,9259259.25925926,1.4285714285714286,0.04,0.3333333333333333,0,18.326359
ASAP7,INVX2,INVx2_ASAP7_6t_L,A,Y,fall,20.0,0.0921599999999999,0.7,25.0,196.257,1.0,1.08e-07,1.08e-07,1,1,1,3.044522437723423,0.0881573867362051,9259259.25925926,9259259.25925926,853333.3333333333,853333.3333333333,853333.3333333333,9259259.25925926,1.4285714285714286,0.04,0.0,0,202.51674
ASAP7,INVX1,INVx13_ASAP7_6t_L,A,Y,fall,160.0,0.0115199999999999,0.7,25.0,17.596,1.0,5.4e-08,5.4e-08,1,1,1,5.081404364984463,0.0114541500451158,18518518.51851852,18518518.51851852,213333.3333333333,213333.3333333333,213333.3333333333,18518518.51851852,1.4285714285714286,0.04,0.0,0,33.81886
ASAP7,INVX1,INVx13_ASAP7_6t_L,A,Y,fall,40.0,0.0460799999999999,0.7,25.0,28.2083,1.0,5.4e-08,5.4e-08,1,1,1,3.713572066704308,0.0450498445537087,18518518.51851852,18518518.51851852,853333.3333333333,853333.3333333333,853333.3333333333,18518518.51851852,1.4285714285714286,0.04,0.0,0,250.96248
ASAP7,NORX1,NOR2x1_ASAP7_6t_L,A,Y,rise,5.0,0.0007199999999999,0.7,25.0,9.14821,2.0,2.16e-07,1.08e-07,0,1,1,1.791759469228055,0.0007197409243488,4629629.62962963,9259259.25925926,3333.333333333333,6666.666666666666,3333.333333333333,4629629.62962963,1.4285714285714286,0.04,0.3333333333333333,0,22.110415
ASAP7,NORX1,NOR2x1_ASAP7_6t_L,A,Y,fall,5.0,0.0230399999999999,0.7,25.0,100.644,2.0,2.16e-07,1.08e-07,0,1,1,1.791759469228055,0.0227785868893395,4629629.62962963,9259259.25925926,106666.66666666666,213333.3333333333,213333.3333333333,9259259.25925926,1.4285714285714286,0.04,0.3333333333333333,0,123.40321
ASAP7,NANDX1,NAND3x1_ASAP7_6t_L,C,Y,fall,10.0,0.0115199999999999,0.7,25.0,44.7479,0.5,1.08e-07,2.16e-07,0,1,1,2.3978952727983707,0.0114541500451158,9259259.25925926,4629629.62962963,106666.66666666666,53333.33333333333,53333.33333333333,4629629.62962963,1.4285714285714286,0.04,-0.3333333333333333,0,21.237333
ASAP7,NANDX1,NAND3x1_ASAP7_6t_L,A,Y,rise,80.0,0.0460799999999999,0.7,25.0,256.386,0.5,1.08e-07,2.16e-07,0,1,1,4.394449154672439,0.0450498445537087,9259259.25925926,4629629.62962963,426666.6666666666,213333.3333333333,426666.6666666666,9259259.25925926,1.4285714285714286,0.04,-0.3333333333333333,0,234.19974
ASAP7,INVX1,INVx13_ASAP7_6t_L,A,Y,fall,160.0,0.3686399999999999,0.7,25.0,168.752,1.0,5.4e-08,5.4e-08,1,1,1,5.081404364984463,0.3138175460564067,18518518.51851852,18518518.51851852,6826666.666666666,6826666.666666666,6826666.666666666,18518518.51851852,1.4285714285714286,0.04,0.0,0,192.51892
ASAP7,NANDX1,NAND2x1p5_ASAP7_6t_L,A,Y,rise,80.0,0.0028799999999999,0.7,25.0,44.7537,0.5,1.08e-07,2.16e-07,0,1,1,4.394449154672439,0.0028758607454642,9259259.25925926,4629629.62962963,26666.666666666664,13333.333333333332,26666.666666666664,9259259.25925926,1.4285714285714286,0.04,-0.3333333333333333,0,38.36319
ASAP7,INVX1,INVx13_ASAP7_6t_L,A,Y,fall,5.0,0.1843199999999999,0.7,25.0,64.5581,1.0,5.4e-08,5.4e-08,1,1,1,1.791759469228055,0.169168770215654,18518518.51851852,18518518.51851852,3413333.333333333,3413333.333333333,3413333.333333333,18518518.51851852,1.4285714285714286,0.04,0.0,0,62.55862
ASAP7,INVX1,INVx13_ASAP7_6t_L,A,Y,fall,10.0,0.1843199999999999,0.7,25.0,65.8191,1.0,5.4e-08,5.4e-08,1,1,1,2.3978952727983707,0.169168770215654,18518518.51851852,18518518.51851852,3413333.333333333,3413333.333333333,3413333.333333333,18518518.51851852,1.4285714285714286,0.04,0.0,0,62.81506
ASAP7,NORX1,NOR5x1f_ASAP7_6t_L,B,Y,fall,40.0,0.0028799999999999,0.7,25.0,26.3447,2.0,2.16e-07,1.08e-07,0,1,1,3.713572066704308,0.0028758607454642,4629629.62962963,9259259.25925926,13333.333333333332,26666.666666666664,26666.666666666664,9259259.25925926,1.4285714285714286,0.04,0.3333333333333333,0,22.2737
ASAP7,INVX1,INVx1_ASAP7_6t_L,A,Y,fall,40.0,0.0460799999999999,0.7,25.0,201.513,1.0,5.4e-08,5.4e-08,1,1,1,3.713572066704308,0.0450498445537087,18518518.51851852,18518518.51851852,853333.3333333333,853333.3333333333,853333.3333333333,18518518.51851852,1.4285714285714286,0.04,0.0,0,250.90424
ASAP7,NANDX1,NAND2x1p5_ASAP7_6t_L,A,Y,rise,40.0,0.0115199999999999,0.7,25.0,75.8823,0.5,1.08e-07,2.16e-07,0,1,1,3.713572066704308,0.0114541500451158,9259259.25925926,4629629.62962963,106666.66666666666,53333.33333333333,106666.66666666666,9259259.25925926,1.4285714285714286,0.04,-0.3333333333333333,0,83.17604
ASAP7,NANDX1,NAND2x1_ASAP7_6t_L,A,Y,fall,320.0,0.0460799999999999,0.7,25.0,214.501,0.5,1.08e-07,2.16e-07,0,1,1,5.771441123130016,0.0450498445537087,9259259.25925926,4629629.62962963,426666.6666666666,213333.3333333333,213333.3333333333,4629629.62962963,1.4285714285714286,0.04,-0.3333333333333333,0,200.9965
ASAP7,NORX1,NOR2x1_ASAP7_6t_L,A,Y,fall,10.0,0.0115199999999999,0.7,25.0,54.7089,2.0,2.16e-07,1.08e-07,0,1,1,2.3978952727983707,0.0114541500451158,4629629.62962963,9259259.25925926,53333.33333333333,106666.66666666666,106666.66666666666,9259259.25925926,1.4285714285714286,0.04,0.3333333333333333,0,1.0715908
ASAP7,NORX1,NOR3x1_ASAP7_6t_L,A,Y,rise,160.0,0.0014399999999999,0.7,25.0,29.3622,2.0,2.16e-07,1.08e-07,0,1,1,5.081404364984463,0.0014389641942542,4629629.62962963,9259259.25925926,6666.666666666666,13333.333333333332,6666.666666666666,4629629.62962963,1.4285714285714286,0.04,0.3333333333333333,0,23.453766
ASAP7,NORX1,NOR3x1f_ASAP7_6t_L,C,Y,rise,40.0,0.0003599999999999,0.7,25.0,18.7222,2.0,2.16e-07,1.08e-07,0,1,1,3.713572066704308,0.0003599352155478,4629629.62962963,9259259.25925926,1666.6666666666663,3333.333333333333,1666.6666666666663,4629629.62962963,1.4285714285714286,0.04,0.3333333333333333,0,17.322603
ASAP7,INVX2,INVx2_ASAP7_6t_L,A,Y,fall,80.0,0.0014399999999999,0.7,25.0,12.7416,1.0,1.08e-07,1.08e-07,1,1,1,4.394449154672439,0.0014389641942542,9259259.25925926,9259259.25925926,13333.333333333332,13333.333333333332,13333.333333333332,9259259.25925926,1.4285714285714286,0.04,0.0,0,12.149022
ASAP7,INVX1,INVx1_ASAP7_6t_L,A,Y,rise,40.0,0.0230399999999999,0.7,25.0,127.602,1.0,5.4e-08,5.4e-08,1,1,1,3.713572066704308,0.0227785868893395,18518518.51851852,18518518.51851852,426666.6666666666,426666.6666666666,426666.6666666666,18518518.51851852,1.4285714285714286,0.04,0.0,0,121.783066
ASAP7,NANDX1,NAND2x1p5_ASAP7_6t_L,A,Y,rise,5.0,0.0115199999999999,0.7,25.0,65.1279,0.5,1.08e-07,2.16e-07,0,1,1,1.791759469228055,0.0114541500451158,9259259.25925926,4629629.62962963,106666.66666666666,53333.33333333333,106666.66666666666,9259259.25925926,1.4285714285714286,0.04,-0.3333333333333333,0,49.2569
ASAP7,NANDX1,NAND2x1_ASAP7_6t_L,A,Y,fall,160.0,0.0007199999999999,0.7,25.0,8.08901,0.5,1.08e-07,2.16e-07,0,1,1,5.081404364984463,0.0007197409243488,9259259.25925926,4629629.62962963,6666.666666666666,3333.333333333333,3333.333333333333,4629629.62962963,1.4285714285714286,0.04,-0.3333333333333333,0,15.420348
ASAP7,NANDX1,NAND3x1_ASAP7_6t_L,C,Y,rise,5.0,0.0028799999999999,0.7,25.0,24.9376,0.5,1.08e-07,2.16e-07,0,1,1,1.791759469228055,0.0028758607454642,9259259.25925926,4629629.62962963,26666.666666666664,13333.333333333332,26666.666666666664,9259259.25925926,1.4285714285714286,0.04,-0.3333333333333333,0,18.93736
ASAP7,NORX1,NOR5x1f_ASAP7_6t_L,C,Y,fall,20.0,0.0028799999999999,0.7,25.0,21.3739,2.0,2.16e-07,1.08e-07,0,1,1,3.044522437723423,0.0028758607454642,4629629.62962963,9259259.25925926,13333.333333333332,26666.666666666664,26666.666666666664,9259259.25925926,1.4285714285714286,0.04,0.3333333333333333,0,17.51046
ASAP7,NANDX1,NAND3x1_ASAP7_6t_L,C,Y,rise,80.0,0.0057599999999999,0.7,25.0,63.4698,0.5,1.08e-07,2.16e-07,0,1,1,4.394449154672439,0.0057434746270657,9259259.25925926,4629629.62962963,53333.33333333333,26666.666666666664,53333.33333333333,9259259.25925926,1.4285714285714286,0.04,-0.3333333333333333,0,53.186295
ASAP7,NANDX1,NAND3x1_ASAP7_6t_L,A,Y,fall,10.0,0.0230399999999999,0.7,25.0,81.6368,0.5,1.08e-07,2.16e-07,0,1,1,2.3978952727983707,0.0227785868893395,9259259.25925926,4629629.62962963,213333.3333333333,106666.66666666666,106666.66666666666,4629629.62962963,1.4285714285714286,0.04,-0.3333333333333333,0,75.13778
ASAP7,NANDX1,NAND2x1p5_ASAP7_6t_L,B,Y,rise,5.0,0.0115199999999999,0.7,25.0,63.5218,0.5,1.08e-07,2.16e-07,0,1,1,1.791759469228055,0.0114541500451158,9259259.25925926,4629629.62962963,106666.66666666666,53333.33333333333,106666.66666666666,9259259.25925926,1.4285714285714286,0.04,-0.3333333333333333,0,49.2569
ASAP7,NORX1,NOR3x1_ASAP7_6t_L,B,Y,fall,40.0,0.0014399999999999,0.7,25.0,22.1413,2.0,2.16e-07,1.08e-07,0,1,1,3.713572066704308,0.0014389641942542,4629629.62962963,9259259.25925926,6666.666666666666,13333.333333333332,13333.333333333332,9259259.25925926,1.4285714285714286,0.04,0.3333333333333333,0,17.493435
ASAP7,INVX1,INVx13_ASAP7_6t_L,A,Y,rise,160.0,0.0921599999999999,0.7,25.0,82.5804,1.0,5.4e-08,5.4e-08,1,1,1,5.081404364984463,0.0881573867362051,18518518.51851852,18518518.51851852,1706666.6666666665,1706666.6666666665,1706666.6666666665,18518518.51851852,1.4285714285714286,0.04,0.0,0,58.338585
ASAP7,NANDX1,NAND2x1_ASAP7_6t_L,B,Y,rise,80.0,0.0007199999999999,0.7,25.0,22.4345,0.5,1.08e-07,2.16e-07,0,1,1,4.394449154672439,0.0007197409243488,9259259.25925926,4629629.62962963,6666.666666666666,3333.333333333333,6666.666666666666,9259259.25925926,1.4285714285714286,0.04,-0.3333333333333333,0,29.384748
ASAP7,NANDX1,NAND2x1p5_ASAP7_6t_L,A,Y,rise,160.0,0.0115199999999999,0.7,25.0,115.25,0.5,1.08e-07,2.16e-07,0,1,1,5.081404364984463,0.0114541500451158,9259259.25925926,4629629.62962963,106666.66666666666,53333.33333333333,106666.66666666666,9259259.25925926,1.4285714285714286,0.04,-0.3333333333333333,0,190.13048
ASAP7,INVX2,INVx2_ASAP7_6t_L,A,Y,rise,160.0,0.0460799999999999,0.7,25.0,166.248,1.0,1.08e-07,1.08e-07,1,1,1,5.081404364984463,0.0450498445537087,9259259.25925926,9259259.25925926,426666.6666666666,426666.6666666666,426666.6666666666,9259259.25925926,1.4285714285714286,0.04,0.0,0,228.22705
ASAP7,NANDX1,NAND3x1_ASAP7_6t_L,A,Y,rise,5.0,0.0057599999999999,0.7,25.0,35.3825,0.5,1.08e-07,2.16e-07,0,1,1,1.791759469228055,0.0057434746270657,9259259.25925926,4629629.62962963,53333.33333333333,26666.666666666664,53333.33333333333,9259259.25925926,1.4285714285714286,0.04,-0.3333333333333333,0,30.827599
ASAP7,NORX1,NOR3x1_ASAP7_6t_L,A,Y,rise,20.0,0.0057599999999999,0.7,25.0,36.0303,2.0,2.16e-07,1.08e-07,0,1,1,3.044522437723423,0.0057434746270657,4629629.62962963,9259259.25925926,26666.666666666664,53333.33333333333,26666.666666666664,4629629.62962963,1.4285714285714286,0.04,0.3333333333333333,0,35.747017
ASAP7,NORX1,NOR3x1f_ASAP7_6t_L,A,Y,rise,5.0,0.0057599999999999,0.7,25.0,87.7009,2.0,2.16e-07,1.08e-07,0,1,1,1.791759469228055,0.0057434746270657,4629629.62962963,9259259.25925926,26666.666666666664,53333.33333333333,26666.666666666664,4629629.62962963,1.4285714285714286,0.04,0.3333333333333333,0,47.187435
ASAP7,NORX1,NOR3x1_ASAP7_6t_L,B,Y,fall,5.0,0.0230399999999999,0.7,25.0,102.527,2.0,2.16e-07,1.08e-07,0,1,1,1.791759469228055,0.0227785868893395,4629629.62962963,9259259.25925926,106666.66666666666,213333.3333333333,213333.3333333333,9259259.25925926,1.4285714285714286,0.04,0.3333333333333333,0,123.40321
ASAP7,NORX1,NOR5x1f_ASAP7_6t_L,C,Y,fall,160.0,0.0014399999999999,0.7,25.0,27.0735,2.0,2.16e-07,1.08e-07,0,1,1,5.081404364984463,0.0014389641942542,4629629.62962963,9259259.25925926,6666.666666666666,13333.333333333332,13333.333333333332,9259259.25925926,1.4285714285714286,0.04,0.3333333333333333,0,27.294607
ASAP7,NORX1,NOR3x1_ASAP7_6t_L,B,Y,fall,20.0,0.0230399999999999,0.7,25.0,106.555,2.0,2.16e-07,1.08e-07,0,1,1,3.044522437723423,0.0227785868893395,4629629.62962963,9259259.25925926,106666.66666666666,213333.3333333333,213333.3333333333,9259259.25925926,1.4285714285714286,0.04,0.3333333333333333,0,121.11496
ASAP7,NORX1,NOR3x1_ASAP7_6t_L,C,Y,fall,160.0,0.0460799999999999,0.7,25.0,243.13,2.0,2.16e-07,1.08e-07,0,1,1,5.081404364984463,0.0450498445537087,4629629.62962963,9259259.25925926,213333.3333333333,426666.6666666666,426666.6666666666,9259259.25925926,1.4285714285714286,0.04,0.3333333333333333,0,177.77678
ASAP7,NANDX1,NAND2x1p5_ASAP7_6t_L,B,Y,rise,80.0,0.0003599999999999,0.7,25.0,21.4626,0.5,1.08e-07,2.16e-07,0,1,1,4.394449154672439,0.0003599352155478,9259259.25925926,4629629.62962963,3333.333333333333,1666.6666666666663,3333.333333333333,9259259.25925926,1.4285714285714286,0.04,-0.3333333333333333,0,27.482368
ASAP7,INVX1,INVx11_ASAP7_6t_L,A,Y,rise,20.0,0.0115199999999999,0.7,25.0,13.2098,1.0,5.4e-08,5.4e-08,1,1,1,3.044522437723423,0.0114541500451158,18518518.51851852,18518518.51851852,213333.3333333333,213333.3333333333,213333.3333333333,18518518.51851852,1.4285714285714286,0.04,0.0,0,82.53193
ASAP7,NORX1,NOR5x1f_ASAP7_6t_L,C,Y,rise,40.0,0.0230399999999999,0.7,25.0,543.828,2.0,2.16e-07,1.08e-07,0,1,1,3.713572066704308,0.0227785868893395,4629629.62962963,9259259.25925926,106666.66666666666,213333.3333333333,106666.66666666666,4629629.62962963,1.4285714285714286,0.04,0.3333333333333333,0,305.32718
ASAP7,INVX1,INVx1_ASAP7_6t_L,A,Y,fall,320.0,0.0007199999999999,0.7,25.0,16.2929,1.0,5.4e-08,5.4e-08,1,1,1,5.771441123130016,0.0007197409243488,18518518.51851852,18518518.51851852,13333.333333333332,13333.333333333332,13333.333333333332,18518518.51851852,1.4285714285714286,0.04,0.0,0,119.818474
ASAP7,NORX1,NOR2x1_ASAP7_6t_L,B,Y,fall,160.0,0.0028799999999999,0.7,25.0,41.4563,2.0,2.16e-07,1.08e-07,0,1,1,5.081404364984463,0.0028758607454642,4629629.62962963,9259259.25925926,13333.333333333332,26666.666666666664,26666.666666666664,9259259.25925926,1.4285714285714286,0.04,0.3333333333333333,0,32.716522
ASAP7,NORX1,NOR5x1f_ASAP7_6t_L,C,Y,rise,10.0,0.0003599999999999,0.7,25.0,28.3457,2.0,2.16e-07,1.08e-07,0,1,1,2.3978952727983707,0.0003599352155478,4629629.62962963,9259259.25925926,1666.6666666666663,3333.333333333333,1666.6666666666663,4629629.62962963,1.4285714285714286,0.04,0.3333333333333333,0,39.426502
ASAP7,NORX1,NOR3x1_ASAP7_6t_L,B,Y,rise,80.0,0.0014399999999999,0.7,25.0,22.5826,2.0,2.16e-07,1.08e-07,0,1,1,4.394449154672439,0.0014389641942542,4629629.62962963,9259259.25925926,6666.666666666666,13333.333333333332,6666.666666666666,4629629.62962963,1.4285714285714286,0.04,0.3333333333333333,0,36.823994
ASAP7,NORX1,NOR5x1f_ASAP7_6t_L,D,Y,rise,10.0,0.0003599999999999,0.7,25.0,29.6727,2.0,2.16e-07,1.08e-07,0,1,1,2.3978952727983707,0.0003599352155478,4629629.62962963,9259259.25925926,1666.6666666666663,3333.333333333333,1666.6666666666663,4629629.62962963,1.4285714285714286,0.04,0.3333333333333333,0,39.426502
ASAP7,NANDX1,NAND3x1_ASAP7_6t_L,C,Y,fall,40.0,0.0460799999999999,0.7,25.0,161.688,0.5,1.08e-07,2.16e-07,0,1,1,3.713572066704308,0.0450498445537087,9259259.25925926,4629629.62962963,426666.6666666666,213333.3333333333,213333.3333333333,4629629.62962963,1.4285714285714286,0.04,-0.3333333333333333,0,173.65047
ASAP7,NANDX1,NAND2x1_ASAP7_6t_L,B,Y,fall,80.0,0.0057599999999999,0.7,25.0,41.0511,0.5,1.08e-07,2.16e-07,0,1,1,4.394449154672439,0.0057434746270657,9259259.25925926,4629629.62962963,53333.33333333333,26666.666666666664,26666.666666666664,4629629.62962963,1.4285714285714286,0.04,-0.3333333333333333,0,28.25617
ASAP7,NANDX1,NAND2x1p5_ASAP7_6t_L,A,Y,fall,20.0,0.0028799999999999,0.7,25.0,13.1217,0.5,1.08e-07,2.16e-07,0,1,1,3.044522437723423,0.0028758607454642,9259259.25925926,4629629.62962963,26666.666666666664,13333.333333333332,13333.333333333332,4629629.62962963,1.4285714285714286,0.04,-0.3333333333333333,0,12.239712
ASAP7,NANDX1,NAND3x1_ASAP7_6t_L,C,Y,fall,80.0,0.0057599999999999,0.7,25.0,30.7386,0.5,1.08e-07,2.16e-07,0,1,1,4.394449154672439,0.0057434746270657,9259259.25925926,4629629.62962963,53333.33333333333,26666.666666666664,26666.666666666664,4629629.62962963,1.4285714285714286,0.04,-0.3333333333333333,0,23.295835
ASAP7,NORX1,NOR3x1_ASAP7_6t_L,A,Y,rise,160.0,0.0028799999999999,0.7,25.0,42.1653,2.0,2.16e-07,1.08e-07,0,1,1,5.081404364984463,0.0028758607454642,4629629.62962963,9259259.25925926,13333.333333333332,26666.666666666664,13333.333333333332,4629629.62962963,1.4285714285714286,0.04,0.3333333333333333,0,32.286133
ASAP7,NANDX1,NAND2x1_ASAP7_6t_L,A,Y,fall,40.0,0.0057599999999999,0.7,25.0,30.2765,0.5,1.08e-07,2.16e-07,0,1,1,3.713572066704308,0.0057434746270657,9259259.25925926,4629629.62962963,53333.33333333333,26666.666666666664,26666.666666666664,4629629.62962963,1.4285714285714286,0.04,-0.3333333333333333,0,17.997541
ASAP7,NORX1,NOR5x1f_ASAP7_6t_L,C,Y,rise,20.0,0.0115199999999999,0.7,25.0,282.057,2.0,2.16e-07,1.08e-07,0,1,1,3.044522437723423,0.0114541500451158,4629629.62962963,9259259.25925926,53333.33333333333,106666.66666666666,53333.33333333333,4629629.62962963,1.4285714285714286,0.04,0.3333333333333333,0,166.96756
ASAP7,INVX1,INVx1_ASAP7_6t_L,A,Y,rise,5.0,0.0057599999999999,0.7,25.0,31.9749,1.0,5.4e-08,5.4e-08,1,1,1,1.791759469228055,0.0057434746270657,18518518.51851852,18518518.51851852,106666.66666666666,106666.66666666666,106666.66666666666,18518518.51851852,1.4285714285714286,0.04,0.0,0,7.679562
ASAP7,NORX1,NOR5x1f_ASAP7_6t_L,C,Y,rise,320.0,0.0115199999999999,0.7,25.0,330.152,2.0,2.16e-07,1.08e-07,0,1,1,5.771441123130016,0.0114541500451158,4629629.62962963,9259259.25925926,53333.33333333333,106666.66666666666,53333.33333333333,4629629.62962963,1.4285714285714286,0.04,0.3333333333333333,0,145.95467
ASAP7,NORX1,NOR3x1f_ASAP7_6t_L,A,Y,fall,5.0,0.0028799999999999,0.7,25.0,15.7774,2.0,2.16e-07,1.08e-07,0,1,1,1.791759469228055,0.0028758607454642,4629629.62962963,9259259.25925926,13333.333333333332,26666.666666666664,26666.666666666664,9259259.25925926,1.4285714285714286,0.04,0.3333333333333333,0,11.972432
ASAP7,NORX1,NOR5x1f_ASAP7_6t_L,D,Y,fall,80.0,0.0057599999999999,0.7,25.0,49.5032,2.0,2.16e-07,1.08e-07,0,1,1,4.394449154672439,0.0057434746270657,4629629.62962963,9259259.25925926,26666.666666666664,53333.33333333333,53333.33333333333,9259259.25925926,1.4285714285714286,0.04,0.3333333333333333,0,39.294956
ASAP7,NORX1,NOR5x1f_ASAP7_6t_L,A,Y,rise,20.0,0.0007199999999999,0.7,25.0,33.7947,2.0,2.16e-07,1.08e-07,0,1,1,3.044522437723423,0.0007197409243488,4629629.62962963,9259259.25925926,3333.333333333333,6666.666666666666,3333.333333333333,4629629.62962963,1.4285714285714286,0.04,0.3333333333333333,0,28.70859
ASAP7,NORX1,NOR5x1f_ASAP7_6t_L,D,Y,rise,320.0,0.0028799999999999,0.7,25.0,125.697,2.0,2.16e-07,1.08e-07,0,1,1,5.771441123130016,0.0028758607454642,4629629.62962963,9259259.25925926,13333.333333333332,26666.666666666664,13333.333333333332,4629629.62962963,1.4285714285714286,0.04,0.3333333333333333,0,72.96555
ASAP7,NORX1,NOR3x1_ASAP7_6t_L,C,Y,rise,160.0,0.0057599999999999,0.7,25.0,49.6827,2.0,2.16e-07,1.08e-07,0,1,1,5.081404364984463,0.0057434746270657,4629629.62962963,9259259.25925926,26666.666666666664,53333.33333333333,26666.666666666664,4629629.62962963,1.4285714285714286,0.04,0.3333333333333333,0,48.386955
ASAP7,NORX1,NOR5x1f_ASAP7_6t_L,A,Y,rise,10.0,0.0115199999999999,0.7,25.0,276.201,2.0,2.16e-07,1.08e-07,0,1,1,2.3978952727983707,0.0114541500451158,4629629.62962963,9259259.25925926,53333.33333333333,106666.66666666666,53333.33333333333,4629629.62962963,1.4285714285714286,0.04,0.3333333333333333,0,153.73238
ASAP7,NORX1,NOR3x1f_ASAP7_6t_L,B,Y,fall,160.0,0.0014399999999999,0.7,25.0,25.1754,2.0,2.16e-07,1.08e-07,0,1,1,5.081404364984463,0.0014389641942542,4629629.62962963,9259259.25925926,6666.666666666666,13333.333333333332,13333.333333333332,9259259.25925926,1.4285714285714286,0.04,0.3333333333333333,0,1.1244422
ASAP7,NORX1,NOR5x1f_ASAP7_6t_L,B,Y,rise,10.0,0.0028799999999999,0.7,25.0,83.8737,2.0,2.16e-07,1.08e-07,0,1,1,2.3978952727983707,0.0028758607454642,4629629.62962963,9259259.25925926,13333.333333333332,26666.666666666664,13333.333333333332,4629629.62962963,1.4285714285714286,0.04,0.3333333333333333,0,1.0879102
ASAP7,NANDX1,NAND2x1p5_ASAP7_6t_L,A,Y,rise,5.0,0.0028799999999999,0.7,25.0,22.5188,0.5,1.08e-07,2.16e-07,0,1,1,1.791759469228055,0.0028758607454642,9259259.25925926,4629629.62962963,26666.666666666664,13333.333333333332,26666.666666666664,9259259.25925926,1.4285714285714286,0.04,-0.3333333333333333,0,18.93736
ASAP7,NORX1,NOR5x1f_ASAP7_6t_L,C,Y,fall,320.0,0.0003599999999999,0.7,25.0,9.18107,2.0,2.16e-07,1.08e-07,0,1,1,5.771441123130016,0.0003599352155478,4629629.62962963,9259259.25925926,1666.6666666666663,3333.333333333333,3333.333333333333,9259259.25925926,1.4285714285714286,0.04,0.3333333333333333,0,29.827616
ASAP7,NORX1,NOR5x1f_ASAP7_6t_L,A,Y,rise,40.0,0.0007199999999999,0.7,25.0,39.1516,2.0,2.16e-07,1.08e-07,0,1,1,3.713572066704308,0.0007197409243488,4629629.62962963,9259259.25925926,3333.333333333333,6666.666666666666,3333.333333333333,4629629.62962963,1.4285714285714286,0.04,0.3333333333333333,0,19.188454
ASAP7,NORX1,NOR2x1_ASAP7_6t_L,A,Y,rise,80.0,0.0057599999999999,0.7,25.0,47.0498,2.0,2.16e-07,1.08e-07,0,1,1,4.394449154672439,0.0057434746270657,4629629.62962963,9259259.25925926,26666.666666666664,53333.33333333333,26666.666666666664,4629629.62962963,1.4285714285714286,0.04,0.3333333333333333,0,67.95665
ASAP7,NORX1,NOR5x1f_ASAP7_6t_L,A,Y,rise,320.0,0.0057599999999999,0.7,25.0,228.074,2.0,2.16e-07,1.08e-07,0,1,1,5.771441123130016,0.0057434746270657,4629629.62962963,9259259.25925926,26666.666666666664,53333.33333333333,26666.666666666664,4629629.62962963,1.4285714285714286,0.04,0.3333333333333333,0,1.1983923
ASAP7,NORX1,NOR2x1_ASAP7_6t_L,A,Y,rise,320.0,0.0007199999999999,0.7,25.0,22.688,2.0,2.16e-07,1.08e-07,0,1,1,5.771441123130016,0.0007197409243488,4629629.62962963,9259259.25925926,3333.333333333333,6666.666666666666,3333.333333333333,4629629.62962963,1.4285714285714286,0.04,0.3333333333333333,0,63.724564
ASAP7,NORX1,NOR3x1f_ASAP7_6t_L,C,Y,rise,40.0,0.0230399999999999,0.7,25.0,329.151,2.0,2.16e-07,1.08e-07,0,1,1,3.713572066704308,0.0227785868893395,4629629.62962963,9259259.25925926,106666.66666666666,213333.3333333333,106666.66666666666,4629629.62962963,1.4285714285714286,0.04,0.3333333333333333,0,1.1296706
ASAP7,NORX1,NOR2x1_ASAP7_6t_L,A,Y,rise,160.0,0.0115199999999999,0.7,25.0,88.7148,2.0,2.16e-07,1.08e-07,0,1,1,5.081404364984463,0.0114541500451158,4629629.62962963,9259259.25925926,53333.33333333333,106666.66666666666,53333.33333333333,4629629.62962963,1.4285714285714286,0.04,0.3333333333333333,0,173.93187
ASAP7,NORX1,NOR5x1f_ASAP7_6t_L,C,Y,fall,320.0,0.0028799999999999,0.7,25.0,45.2762,2.0,2.16e-07,1.08e-07,0,1,1,5.771441123130016,0.0028758607454642,4629629.62962963,9259259.25925926,13333.333333333332,26666.666666666664,26666.666666666664,9259259.25925926,1.4285714285714286,0.04,0.3333333333333333,0,1.1755594
ASAP7,NORX1,NOR5x1f_ASAP7_6t_L,A,Y,rise,160.0,0.0007199999999999,0.7,25.0,65.3355,2.0,2.16e-07,1.08e-07,0,1,1,5.081404364984463,0.0007197409243488,4629629.62962963,9259259.25925926,3333.333333333333,6666.666666666666,3333.333333333333,4629629.62962963,1.4285714285714286,0.04,0.3333333333333333,0,21.475842
ASAP7,NANDX1,NAND3x1_ASAP7_6t_L,A,Y,rise,160.0,0.0057599999999999,0.7,25.0,78.0901,0.5,1.08e-07,2.16e-07,0,1,1,5.081404364984463,0.0057434746270657,9259259.25925926,4629629.62962963,53333.33333333333,26666.666666666664,53333.33333333333,9259259.25925926,1.4285714285714286,0.04,-0.3333333333333333,0,58.722836
ASAP7,NORX1,NOR2x1_ASAP7_6t_L,B,Y,rise,20.0,0.0460799999999999,0.7,25.0,222.752,2.0,2.16e-07,1.08e-07,0,1,1,3.044522437723423,0.0450498445537087,4629629.62962963,9259259.25925926,213333.3333333333,426666.6666666666,213333.3333333333,4629629.62962963,1.4285714285714286,0.04,0.3333333333333333,0,335.08572
ASAP7,INVX1,INVx11_ASAP7_6t_L,A,Y,rise,320.0,0.0115199999999999,0.7,25.0,42.6392,1.0,5.4e-08,5.4e-08,1,1,1,5.771441123130016,0.0114541500451158,18518518.51851852,18518518.51851852,213333.3333333333,213333.3333333333,213333.3333333333,18518518.51851852,1.4285714285714286,0.04,0.0,0,47.502728
ASAP7,NORX1,NOR3x1f_ASAP7_6t_L,C,Y,fall,320.0,0.0057599999999999,0.7,25.0,74.3791,2.0,2.16e-07,1.08e-07,0,1,1,5.771441123130016,0.0057434746270657,4629629.62962963,9259259.25925926,26666.666666666664,53333.33333333333,53333.33333333333,9259259.25925926,1.4285714285714286,0.04,0.3333333333333333,0,48.205162
ASAP7,INVX1,INVx1_ASAP7_6t_L,A,Y,fall,80.0,0.0014399999999999,0.7,25.0,19.917,1.0,5.4e-08,5.4e-08,1,1,1,4.394449154672439,0.0014389641942542,18518518.51851852,18518518.51851852,26666.666666666664,26666.666666666664,26666.666666666664,18518518.51851852,1.4285714285714286,0.04,0.0,0,21.449003
ASAP7,NORX1,NOR3x1_ASAP7_6t_L,C,Y,rise,10.0,0.0460799999999999,0.7,25.0,221.842,2.0,2.16e-07,1.08e-07,0,1,1,2.3978952727983707,0.0450498445537087,4629629.62962963,9259259.25925926,213333.3333333333,426666.6666666666,213333.3333333333,4629629.62962963,1.4285714285714286,0.04,0.3333333333333333,0,332.12555
ASAP7,NANDX1,NAND3x1_ASAP7_6t_L,A,Y,fall,160.0,0.0057599999999999,0.7,25.0,46.4197,0.5,1.08e-07,2.16e-07,0,1,1,5.081404364984463,0.0057434746270657,9259259.25925926,4629629.62962963,53333.33333333333,26666.666666666664,26666.666666666664,4629629.62962963,1.4285714285714286,0.04,-0.3333333333333333,0,51.018982
ASAP7,INVX1,INVx13_ASAP7_6t_L,A,Y,rise,5.0,0.0921599999999999,0.7,25.0,40.3484,1.0,5.4e-08,5.4e-08,1,1,1,1.791759469228055,0.0881573867362051,18518518.51851852,18518518.51851852,1706666.6666666665,1706666.6666666665,1706666.6666666665,18518518.51851852,1.4285714285714286,0.04,0.0,0,52.07106
ASAP7,NORX1,NOR3x1_ASAP7_6t_L,B,Y,fall,320.0,0.0007199999999999,0.7,25.0,41.4063,2.0,2.16e-07,1.08e-07,0,1,1,5.771441123130016,0.0007197409243488,4629629.62962963,9259259.25925926,3333.333333333333,6666.666666666666,6666.666666666666,9259259.25925926,1.4285714285714286,0.04,0.3333333333333333,0,29.42817
ASAP7,NORX1,NOR5x1f_ASAP7_6t_L,E,Y,rise,20.0,0.0057599999999999,0.7,25.0,153.562,2.0,2.16e-07,1.08e-07,0,1,1,3.044522437723423,0.0057434746270657,4629629.62962963,9259259.25925926,26666.666666666664,53333.33333333333,26666.666666666664,4629629.62962963,1.4285714285714286,0.04,0.3333333333333333,0,35.58488
ASAP7,NORX1,NOR3x1_ASAP7_6t_L,A,Y,fall,40.0,0.0007199999999999,0.7,25.0,14.9538,2.0,2.16e-07,1.08e-07,0,1,1,3.713572066704308,0.0007197409243488,4629629.62962963,9259259.25925926,3333.333333333333,6666.666666666666,6666.666666666666,9259259.25925926,1.4285714285714286,0.04,0.3333333333333333,0,15.032106
ASAP7,INVX1,INVx13_ASAP7_6t_L,A,Y,rise,10.0,0.0460799999999999,0.7,25.0,23.5121,1.0,5.4e-08,5.4e-08,1,1,1,2.3978952727983707,0.0450498445537087,18518518.51851852,18518518.51851852,853333.3333333333,853333.3333333333,853333.3333333333,18518518.51851852,1.4285714285714286,0.04,0.0,0,30.460955
ASAP7,NORX1,NOR3x1_ASAP7_6t_L,B,Y,rise,10.0,0.0460799999999999,0.7,25.0,221.363,2.0,2.16e-07,1.08e-07,0,1,1,2.3978952727983707,0.0450498445537087,4629629.62962963,9259259.25925926,213333.3333333333,426666.6666666666,213333.3333333333,4629629.62962963,1.4285714285714286,0.04,0.3333333333333333,0,332.12558
ASAP7,NANDX1,NAND2x1_ASAP7_6t_L,B,Y,rise,10.0,0.0007199999999999,0.7,25.0,10.0421,0.5,1.08e-07,2.16e-07,0,1,1,2.3978952727983707,0.0007197409243488,9259259.25925926,4629629.62962963,6666.666666666666,3333.333333333333,6666.666666666666,9259259.25925926,1.4285714285714286,0.04,-0.3333333333333333,0,15.389357
ASAP7,NORX1,NOR5x1f_ASAP7_6t_L,E,Y,fall,160.0,0.0014399999999999,0.7,25.0,28.7146,2.0,2.16e-07,1.08e-07,0,1,1,5.081404364984463,0.0014389641942542,4629629.62962963,9259259.25925926,6666.666666666666,13333.333333333332,13333.333333333332,9259259.25925926,1.4285714285714286,0.04,0.3333333333333333,0,1.1244422
ASAP7,NANDX1,NAND3x1_ASAP7_6t_L,A,Y,rise,40.0,0.0057599999999999,0.7,25.0,46.0941,0.5,1.08e-07,2.16e-07,0,1,1,3.713572066704308,0.0057434746270657,9259259.25925926,4629629.62962963,53333.33333333333,26666.666666666664,53333.33333333333,9259259.25925926,1.4285714285714286,0.04,-0.3333333333333333,0,77.62166
ASAP7,NORX1,NOR3x1f_ASAP7_6t_L,B,Y,fall,20.0,0.0007199999999999,0.7,25.0,10.6807,2.0,2.16e-07,1.08e-07,0,1,1,3.044522437723423,0.0007197409243488,4629629.62962963,9259259.25925926,3333.333333333333,6666.666666666666,6666.666666666666,9259259.25925926,1.4285714285714286,0.04,0.3333333333333333,0,13.1613455
ASAP7,NORX1,NOR2x1_ASAP7_6t_L,B,Y,rise,20.0,0.0028799999999999,0.7,25.0,22.3897,2.0,2.16e-07,1.08e-07,0,1,1,3.044522437723423,0.0028758607454642,4629629.62962963,9259259.25925926,13333.333333333332,26666.666666666664,13333.333333333332,4629629.62962963,1.4285714285714286,0.04,0.3333333333333333,0,34.685688
ASAP7,NANDX1,NAND3x1_ASAP7_6t_L,C,Y,fall,320.0,0.0057599999999999,0.7,25.0,30.9281,0.5,1.08e-07,2.16e-07,0,1,1,5.771441123130016,0.0057434746270657,9259259.25925926,4629629.62962963,53333.33333333333,26666.666666666664,26666.666666666664,4629629.62962963,1.4285714285714286,0.04,-0.3333333333333333,0,34.889988
ASAP7,NORX1,NOR3x1_ASAP7_6t_L,A,Y,rise,80.0,0.0460799999999999,0.7,25.0,237.459,2.0,2.16e-07,1.08e-07,0,1,1,4.394449154672439,0.0450498445537087,4629629.62962963,9259259.25925926,213333.3333333333,426666.6666666666,213333.3333333333,4629629.62962963,1.4285714285714286,0.04,0.3333333333333333,0,338.26855
ASAP7,NORX1,NOR2x1_ASAP7_6t_L,B,Y,rise,40.0,0.0007199999999999,0.7,25.0,14.064,2.0,2.16e-07,1.08e-07,0,1,1,3.713572066704308,0.0007197409243488,4629629.62962963,9259259.25925926,3333.333333333333,6666.666666666666,3333.333333333333,4629629.62962963,1.4285714285714286,0.04,0.3333333333333333,0,18.511047
ASAP7,NORX1,NOR3x1_ASAP7_6t_L,C,Y,rise,40.0,0.0115199999999999,0.7,25.0,66.6306,2.0,2.16e-07,1.08e-07,0,1,1,3.713572066704308,0.0114541500451158,4629629.62962963,9259259.25925926,53333.33333333333,106666.66666666666,53333.33333333333,4629629.62962963,1.4285714285714286,0.04,0.3333333333333333,0,177.29082
ASAP7,NORX1,NOR3x1f_ASAP7_6t_L,B,Y,fall,80.0,0.0003599999999999,0.7,25.0,11.5632,2.0,2.16e-07,1.08e-07,0,1,1,4.394449154672439,0.0003599352155478,4629629.62962963,9259259.25925926,1666.6666666666663,3333.333333333333,3333.333333333333,9259259.25925926,1.4285714285714286,0.04,0.3333333333333333,0,19.499786
ASAP7,NORX1,NOR5x1f_ASAP7_6t_L,D,Y,rise,5.0,0.0057599999999999,0.7,25.0,151.519,2.0,2.16e-07,1.08e-07,0,1,1,1.791759469228055,0.0057434746270657,4629629.62962963,9259259.25925926,26666.666666666664,53333.33333333333,26666.666666666664,4629629.62962963,1.4285714285714286,0.04,0.3333333333333333,0,49.516724
ASAP7,NORX1,NOR5x1f_ASAP7_6t_L,E,Y,rise,10.0,0.0057599999999999,0.7,25.0,152.541,2.0,2.16e-07,1.08e-07,0,1,1,2.3978952727983707,0.0057434746270657,4629629.62962963,9259259.25925926,26666.666666666664,53333.33333333333,26666.666666666664,4629629.62962963,1.4285714285714286,0.04,0.3333333333333333,0,1.0905848
ASAP7,NORX1,NOR3x1_ASAP7_6t_L,A,Y,rise,160.0,0.0007199999999999,0.7,25.0,21.7936,2.0,2.16e-07,1.08e-07,0,1,1,5.081404364984463,0.0007197409243488,4629629.62962963,9259259.25925926,3333.333333333333,6666.666666666666,3333.333333333333,4629629.62962963,1.4285714285714286,0.04,0.3333333333333333,0,99.1437
ASAP7,NANDX1,NAND2x1p5_ASAP7_6t_L,B,Y,rise,80.0,0.0014399999999999,0.7,25.0,31.1022,0.5,1.08e-07,2.16e-07,0,1,1,4.394449154672439,0.0014389641942542,9259259.25925926,4629629.62962963,13333.333333333332,6666.666666666666,13333.333333333332,9259259.25925926,1.4285714285714286,0.04,-0.3333333333333333,0,34.668324
ASAP7,INVX1,INVx11_ASAP7_6t_L,A,Y,fall,40.0,0.0230399999999999,0.7,25.0,20.325,1.0,5.4e-08,5.4e-08,1,1,1,3.713572066704308,0.0227785868893395,18518518.51851852,18518518.51851852,426666.6666666666,426666.6666666666,426666.6666666666,18518518.51851852,1.4285714285714286,0.04,0.0,0,196.98486
ASAP7,NANDX1,NAND2x1_ASAP7_6t_L,B,Y,rise,10.0,0.0057599999999999,0.7,25.0,35.3005,0.5,1.08e-07,2.16e-07,0,1,1,2.3978952727983707,0.0057434746270657,9259259.25925926,4629629.62962963,53333.33333333333,26666.666666666664,53333.33333333333,9259259.25925926,1.4285714285714286,0.04,-0.3333333333333333,0,50.923565
ASAP7,NORX1,NOR3x1f_ASAP7_6t_L,A,Y,fall,10.0,0.0230399999999999,0.7,25.0,99.7947,2.0,2.16e-07,1.08e-07,0,1,1,2.3978952727983707,0.0227785868893395,4629629.62962963,9259259.25925926,106666.66666666666,213333.3333333333,213333.3333333333,9259259.25925926,1.4285714285714286,0.04,0.3333333333333333,0,122.88082
ASAP7,NORX1,NOR3x1f_ASAP7_6t_L,A,Y,rise,5.0,0.0115199999999999,0.7,25.0,166.23,2.0,2.16e-07,1.08e-07,0,1,1,1.791759469228055,0.0114541500451158,4629629.62962963,9259259.25925926,53333.33333333333,106666.66666666666,53333.33333333333,4629629.62962963,1.4285714285714286,0.04,0.3333333333333333,0,139.48363
ASAP7,NORX1,NOR5x1f_ASAP7_6t_L,E,Y,rise,10.0,0.0014399999999999,0.7,25.0,54.8322,2.0,2.16e-07,1.08e-07,0,1,1,2.3978952727983707,0.0014389641942542,4629629.62962963,9259259.25925926,6666.666666666666,13333.333333333332,6666.666666666666,4629629.62962963,1.4285714285714286,0.04,0.3333333333333333,0,1.0865611
ASAP7,NANDX1,NAND2x1_ASAP7_6t_L,A,Y,fall,160.0,0.0230399999999999,0.7,25.0,109.046,0.5,1.08e-07,2.16e-07,0,1,1,5.081404364984463,0.0227785868893395,9259259.25925926,4629629.62962963,213333.3333333333,106666.66666666666,106666.66666666666,4629629.62962963,1.4285714285714286,0.04,-0.3333333333333333,0,184.72325
ASAP7,NORX1,NOR3x1_ASAP7_6t_L,B,Y,fall,40.0,0.0460799999999999,0.7,25.0,207.172,2.0,2.16e-07,1.08e-07,0,1,1,3.713572066704308,0.0450498445537087,4629629.62962963,9259259.25925926,213333.3333333333,426666.6666666666,426666.6666666666,9259259.25925926,1.4285714285714286,0.04,0.3333333333333333,0,184.33234
ASAP7,NORX1,NOR2x1_ASAP7_6t_L,B,Y,fall,20.0,0.0014399999999999,0.7,25.0,14.5852,2.0,2.16e-07,1.08e-07,0,1,1,3.044522437723423,0.0014389641942542,4629629.62962963,9259259.25925926,6666.666666666666,13333.333333333332,13333.333333333332,9259259.25925926,1.4285714285714286,0.04,0.3333333333333333,0,1.0713754
ASAP7,NORX1,NOR5x1f_ASAP7_6t_L,E,Y,fall,160.0,0.0028799999999999,0.7,25.0,41.4473,2.0,2.16e-07,1.08e-07,0,1,1,5.081404364984463,0.0028758607454642,4629629.62962963,9259259.25925926,13333.333333333332,26666.666666666664,26666.666666666664,9259259.25925926,1.4285714285714286,0.04,0.3333333333333333,0,32.716522
ASAP7,NORX1,NOR2x1_ASAP7_6t_L,B,Y,fall,80.0,0.0014399999999999,0.7,25.0,22.6452,2.0,2.16e-07,1.08e-07,0,1,1,4.394449154672439,0.0014389641942542,4629629.62962963,9259259.25925926,6666.666666666666,13333.333333333332,13333.333333333332,9259259.25925926,1.4285714285714286,0.04,0.3333333333333333,0,22.135805
ASAP7,NANDX1,NAND2x1_ASAP7_6t_L,A,Y,rise,10.0,0.0460799999999999,0.7,25.0,235.125,0.5,1.08e-07,2.16e-07,0,1,1,2.3978952727983707,0.0450498445537087,9259259.25925926,4629629.62962963,426666.6666666666,213333.3333333333,426666.6666666666,9259259.25925926,1.4285714285714286,0.04,-0.3333333333333333,0,222.60262
ASAP7,NANDX1,NAND2x1p5_ASAP7_6t_L,B,Y,fall,40.0,0.0115199999999999,0.7,25.0,40.1631,0.5,1.08e-07,2.16e-07,0,1,1,3.713572066704308,0.0114541500451158,9259259.25925926,4629629.62962963,106666.66666666666,53333.33333333333,53333.33333333333,4629629.62962963,1.4285714285714286,0.04,-0.3333333333333333,0,35.298405
ASAP7,NORX1,NOR5x1f_ASAP7_6t_L,A,Y,fall,160.0,0.0003599999999999,0.7,25.0,10.18,2.0,2.16e-07,1.08e-07,0,1,1,5.081404364984463,0.0003599352155478,4629629.62962963,9259259.25925926,1666.6666666666663,3333.333333333333,3333.333333333333,9259259.25925926,1.4285714285714286,0.04,0.3333333333333333,0,24.794863
ASAP7,NORX1,NOR3x1_ASAP7_6t_L,B,Y,rise,160.0,0.0115199999999999,0.7,25.0,88.6788,2.0,2.16e-07,1.08e-07,0,1,1,5.081404364984463,0.0114541500451158,4629629.62962963,9259259.25925926,53333.33333333333,106666.66666666666,53333.33333333333,4629629.62962963,1.4285714285714286,0.04,0.3333333333333333,0,173.94446
ASAP7,NORX1,NOR2x1_ASAP7_6t_L,A,Y,fall,40.0,0.0230399999999999,0.7,25.0,110.526,2.0,2.16e-07,1.08e-07,0,1,1,3.713572066704308,0.0227785868893395,4629629.62962963,9259259.25925926,106666.66666666666,213333.3333333333,213333.3333333333,9259259.25925926,1.4285714285714286,0.04,0.3333333333333333,0,118.16541
ASAP7,NORX1,NOR3x1f_ASAP7_6t_L,B,Y,fall,160.0,0.0007199999999999,0.7,25.0,16.7336,2.0,2.16e-07,1.08e-07,0,1,1,5.081404364984463,0.0007197409243488,4629629.62962963,9259259.25925926,3333.333333333333,6666.666666666666,6666.666666666666,9259259.25925926,1.4285714285714286,0.04,0.3333333333333333,0,1.1237785
ASAP7,NANDX1,NAND2x1p5_ASAP7_6t_L,B,Y,fall,10.0,0.0115199999999999,0.7,25.0,32.0173,0.5,1.08e-07,2.16e-07,0,1,1,2.3978952727983707,0.0114541500451158,9259259.25925926,4629629.62962963,106666.66666666666,53333.33333333333,53333.33333333333,4629629.62962963,1.4285714285714286,0.04,-0.3333333333333333,0,21.237333
ASAP7,NANDX1,NAND3x1_ASAP7_6t_L,A,Y,rise,80.0,0.0007199999999999,0.7,25.0,24.837,0.5,1.08e-07,2.16e-07,0,1,1,4.394449154672439,0.0007197409243488,9259259.25925926,4629629.62962963,6666.666666666666,3333.333333333333,6666.666666666666,9259259.25925926,1.4285714285714286,0.04,-0.3333333333333333,0,27.482395
ASAP7,NORX1,NOR5x1f_ASAP7_6t_L,D,Y,rise,20.0,0.0028799999999999,0.7,25.0,88.4141,2.0,2.16e-07,1.08e-07,0,1,1,3.044522437723423,0.0028758607454642,4629629.62962963,9259259.25925926,13333.333333333332,26666.666666666664,13333.333333333332,4629629.62962963,1.4285714285714286,0.04,0.3333333333333333,0,34.1952
ASAP7,NORX1,NOR3x1f_ASAP7_6t_L,A,Y,fall,160.0,0.0230399999999999,0.7,25.0,143.31,2.0,2.16e-07,1.08e-07,0,1,1,5.081404364984463,0.0227785868893395,4629629.62962963,9259259.25925926,106666.66666666666,213333.3333333333,213333.3333333333,9259259.25925926,1.4285714285714286,0.04,0.3333333333333333,0,177.75832
ASAP7,NORX1,NOR3x1_ASAP7_6t_L,B,Y,rise,10.0,0.0057599999999999,0.7,25.0,35.1978,2.0,2.16e-07,1.08e-07,0,1,1,2.3978952727983707,0.0057434746270657,4629629.62962963,9259259.25925926,26666.666666666664,53333.33333333333,26666.666666666664,4629629.62962963,1.4285714285714286,0.04,0.3333333333333333,0,66.264946
ASAP7,INVX1,INVx13_ASAP7_6t_L,A,Y,fall,5.0,0.0230399999999999,0.7,25.0,11.1898,1.0,5.4e-08,5.4e-08,1,1,1,1.791759469228055,0.0227785868893395,18518518.51851852,18518518.51851852,426666.6666666666,426666.6666666666,426666.6666666666,18518518.51851852,1.4285714285714286,0.04,0.0,0,160.8516
ASAP7,NORX1,NOR2x1_ASAP7_6t_L,A,Y,rise,5.0,0.0028799999999999,0.7,25.0,19.3107,2.0,2.16e-07,1.08e-07,0,1,1,1.791759469228055,0.0028758607454642,4629629.62962963,9259259.25925926,13333.333333333332,26666.666666666664,13333.333333333332,4629629.62962963,1.4285714285714286,0.04,0.3333333333333333,0,31.7972
ASAP7,NORX1,NOR3x1_ASAP7_6t_L,A,Y,rise,40.0,0.0115199999999999,0.7,25.0,67.738,2.0,2.16e-07,1.08e-07,0,1,1,3.713572066704308,0.0114541500451158,4629629.62962963,9259259.25925926,53333.33333333333,106666.66666666666,53333.33333333333,4629629.62962963,1.4285714285714286,0.04,0.3333333333333333,0,75.32733
ASAP7,NANDX1,NAND2x1p5_ASAP7_6t_L,B,Y,rise,10.0,0.0028799999999999,0.7,25.0,22.0946,0.5,1.08e-07,2.16e-07,0,1,1,2.3978952727983707,0.0028758607454642,9259259.25925926,4629629.62962963,26666.666666666664,13333.333333333332,26666.666666666664,9259259.25925926,1.4285714285714286,0.04,-0.3333333333333333,0,32.726048
ASAP7,NANDX1,NAND3x1_ASAP7_6t_L,A,Y,rise,160.0,0.0230399999999999,0.7,25.0,169.492,0.5,1.08e-07,2.16e-07,0,1,1,5.081404364984463,0.0227785868893395,9259259.25925926,4629629.62962963,213333.3333333333,106666.66666666666,213333.3333333333,9259259.25925926,1.4285714285714286,0.04,-0.3333333333333333,0,191.86372
ASAP7,NORX1,NOR5x1f_ASAP7_6t_L,A,Y,rise,5.0,0.0014399999999999,0.7,25.0,48.0365,2.0,2.16e-07,1.08e-07,0,1,1,1.791759469228055,0.0014389641942542,4629629.62962963,9259259.25925926,6666.666666666666,13333.333333333332,6666.666666666666,4629629.62962963,1.4285714285714286,0.04,0.3333333333333333,0,25.147606
ASAP7,NORX1,NOR3x1_ASAP7_6t_L,A,Y,fall,5.0,0.0014399999999999,0.7,25.0,11.774,2.0,2.16e-07,1.08e-07,0,1,1,1.791759469228055,0.0014389641942542,4629629.62962963,9259259.25925926,6666.666666666666,13333.333333333332,13333.333333333332,9259259.25925926,1.4285714285714286,0.04,0.3333333333333333,0,10.476035
ASAP7,NORX1,NOR3x1_ASAP7_6t_L,C,Y,rise,40.0,0.0057599999999999,0.7,25.0,39.9746,2.0,2.16e-07,1.08e-07,0,1,1,3.713572066704308,0.0057434746270657,4629629.62962963,9259259.25925926,26666.666666666664,53333.33333333333,26666.666666666664,4629629.62962963,1.4285714285714286,0.04,0.3333333333333333,0,78.72287
ASAP7,NANDX1,NAND2x1p5_ASAP7_6t_L,B,Y,rise,20.0,0.0115199999999999,0.7,25.0,67.8724,0.5,1.08e-07,2.16e-07,0,1,1,3.044522437723423,0.0114541500451158,9259259.25925926,4629629.62962963,106666.66666666666,53333.33333333333,106666.66666666666,9259259.25925926,1.4285714285714286,0.04,-0.3333333333333333,0,61.343357
ASAP7,NORX1,NOR5x1f_ASAP7_6t_L,C,Y,rise,40.0,0.0057599999999999,0.7,25.0,154.737,2.0,2.16e-07,1.08e-07,0,1,1,3.713572066704308,0.0057434746270657,4629629.62962963,9259259.25925926,26666.666666666664,53333.33333333333,26666.666666666664,4629629.62962963,1.4285714285714286,0.04,0.3333333333333333,0,79.07315
ASAP7,NANDX1,NAND3x1_ASAP7_6t_L,B,Y,rise,320.0,0.0057599999999999,0.7,25.0,113.292,0.5,1.08e-07,2.16e-07,0,1,1,5.771441123130016,0.0057434746270657,9259259.25925926,4629629.62962963,53333.33333333333,26666.666666666664,53333.33333333333,9259259.25925926,1.4285714285714286,0.04,-0.3333333333333333,0,64.459694
ASAP7,NANDX1,NAND3x1_ASAP7_6t_L,B,Y,rise,80.0,0.0014399999999999,0.7,25.0,35.0016,0.5,1.08e-07,2.16e-07,0,1,1,4.394449154672439,0.0014389641942542,9259259.25925926,4629629.62962963,13333.333333333332,6666.666666666666,13333.333333333332,9259259.25925926,1.4285714285714286,0.04,-0.3333333333333333,0,36.275375
ASAP7,NORX1,NOR3x1f_ASAP7_6t_L,C,Y,rise,320.0,0.0230399999999999,0.7,25.0,369.418,2.0,2.16e-07,1.08e-07,0,1,1,5.771441123130016,0.0227785868893395,4629629.62962963,9259259.25925926,106666.66666666666,213333.3333333333,106666.66666666666,4629629.62962963,1.4285714285714286,0.04,0.3333333333333333,0,297.26065
ASAP7,NORX1,NOR3x1_ASAP7_6t_L,A,Y,rise,40.0,0.0014399999999999,0.7,25.0,19.1455,2.0,2.16e-07,1.08e-07,0,1,1,3.713572066704308,0.0014389641942542,4629629.62962963,9259259.25925926,6666.666666666666,13333.333333333332,6666.666666666666,4629629.62962963,1.4285714285714286,0.04,0.3333333333333333,0,43.78505
ASAP7,NORX1,NOR3x1_ASAP7_6t_L,C,Y,fall,320.0,0.0230399999999999,0.7,25.0,191.158,2.0,2.16e-07,1.08e-07,0,1,1,5.771441123130016,0.0227785868893395,4629629.62962963,9259259.25925926,106666.66666666666,213333.3333333333,213333.3333333333,9259259.25925926,1.4285714285714286,0.04,0.3333333333333333,0,153.34547
ASAP7,NORX1,NOR2x1_ASAP7_6t_L,B,Y,rise,10.0,0.0007199999999999,0.7,25.0,9.37854,2.0,2.16e-07,1.08e-07,0,1,1,2.3978952727983707,0.0007197409243488,4629629.62962963,9259259.25925926,3333.333333333333,6666.666666666666,3333.333333333333,4629629.62962963,1.4285714285714286,0.04,0.3333333333333333,0,38.69021
ASAP7,INVX1,INVx13_ASAP7_6t_L,A,Y,fall,20.0,0.7372799999999999,0.7,25.0,251.453,1.0,5.4e-08,5.4e-08,1,1,1,3.044522437723423,0.5523206717349491,18518518.51851852,18518518.51851852,13653333.333333332,13653333.333333332,13653333.333333332,18518518.51851852,1.4285714285714286,0.04,0.0,0,332.6186
ASAP7,NANDX1,NAND2x1p5_ASAP7_6t_L,B,Y,rise,320.0,0.0230399999999999,0.7,25.0,221.167,0.5,1.08e-07,2.16e-07,0,1,1,5.771441123130016,0.0227785868893395,9259259.25925926,4629629.62962963,213333.3333333333,106666.66666666666,213333.3333333333,9259259.25925926,1.4285714285714286,0.04,-0.3333333333333333,0,262.7002
ASAP7,NORX1,NOR5x1f_ASAP7_6t_L,B,Y,rise,80.0,0.0057599999999999,0.7,25.0,161.288,2.0,2.16e-07,1.08e-07,0,1,1,4.394449154672439,0.0057434746270657,4629629.62962963,9259259.25925926,26666.666666666664,53333.33333333333,26666.666666666664,4629629.62962963,1.4285714285714286,0.04,0.3333333333333333,0,90.250595
ASAP7,INVX1,INVx11_ASAP7_6t_L,A,Y,rise,40.0,0.1843199999999999,0.7,25.0,99.7068,1.0,5.4e-08,5.4e-08,1,1,1,3.713572066704308,0.169168770215654,18518518.51851852,18518518.51851852,3413333.333333333,3413333.333333333,3413333.333333333,18518518.51851852,1.4285714285714286,0.04,0.0,0,95.77874
ASAP7,NORX1,NOR2x1_ASAP7_6t_L,B,Y,rise,5.0,0.0014399999999999,0.7,25.0,11.5378,2.0,2.16e-07,1.08e-07,0,1,1,1.791759469228055,0.0014389641942542,4629629.62962963,9259259.25925926,6666.666666666666,13333.333333333332,6666.666666666666,4629629.62962963,1.4285714285714286,0.04,0.3333333333333333,0,25.182423
ASAP7,NORX1,NOR3x1_ASAP7_6t_L,A,Y,fall,5.0,0.0460799999999999,0.7,25.0,195.231,2.0,2.16e-07,1.08e-07,0,1,1,1.791759469228055,0.0450498445537087,4629629.62962963,9259259.25925926,213333.3333333333,426666.6666666666,426666.6666666666,9259259.25925926,1.4285714285714286,0.04,0.3333333333333333,0,178.52826
ASAP7,NANDX1,NAND3x1_ASAP7_6t_L,C,Y,rise,40.0,0.0028799999999999,0.7,25.0,36.12,0.5,1.08e-07,2.16e-07,0,1,1,3.713572066704308,0.0028758607454642,9259259.25925926,4629629.62962963,26666.666666666664,13333.333333333332,26666.666666666664,9259259.25925926,1.4285714285714286,0.04,-0.3333333333333333,0,44.28293
ASAP7,NANDX1,NAND3x1_ASAP7_6t_L,C,Y,fall,20.0,0.0057599999999999,0.7,25.0,26.8409,0.5,1.08e-07,2.16e-07,0,1,1,3.044522437723423,0.0057434746270657,9259259.25925926,4629629.62962963,53333.33333333333,26666.666666666664,26666.666666666664,4629629.62962963,1.4285714285714286,0.04,-0.3333333333333333,0,25.814348
ASAP7,NORX1,NOR3x1_ASAP7_6t_L,B,Y,rise,160.0,0.0230399999999999,0.7,25.0,144.34,2.0,2.16e-07,1.08e-07,0,1,1,5.081404364984463,0.0227785868893395,4629629.62962963,9259259.25925926,106666.66666666666,213333.3333333333,106666.66666666666,4629629.62962963,1.4285714285714286,0.04,0.3333333333333333,0,330.48788
ASAP7,NORX1,NOR5x1f_ASAP7_6t_L,D,Y,rise,80.0,0.0007199999999999,0.7,25.0,44.8284,2.0,2.16e-07,1.08e-07,0,1,1,4.394449154672439,0.0007197409243488,4629629.62962963,9259259.25925926,3333.333333333333,6666.666666666666,3333.333333333333,4629629.62962963,1.4285714285714286,0.04,0.3333333333333333,0,29.44944
ASAP7,NORX1,NOR5x1f_ASAP7_6t_L,B,Y,fall,10.0,0.0057599999999999,0.7,25.0,29.9218,2.0,2.16e-07,1.08e-07,0,1,1,2.3978952727983707,0.0057434746270657,4629629.62962963,9259259.25925926,26666.666666666664,53333.33333333333,53333.33333333333,9259259.25925926,1.4285714285714286,0.04,0.3333333333333333,0,22.861832
ASAP7,INVX1,INVx11_ASAP7_6t_L,A,Y,rise,160.0,0.3686399999999999,0.7,25.0,221.792,1.0,5.4e-08,5.4e-08,1,1,1,5.081404364984463,0.3138175460564067,18518518.51851852,18518518.51851852,6826666.666666666,6826666.666666666,6826666.666666666,18518518.51851852,1.4285714285714286,0.04,0.0,0,198.64807
ASAP7,NORX1,NOR2x1_ASAP7_6t_L,A,Y,rise,10.0,0.0460799999999999,0.7,25.0,221.02,2.0,2.16e-07,1.08e-07,0,1,1,2.3978952727983707,0.0450498445537087,4629629.62962963,9259259.25925926,213333.3333333333,426666.6666666666,213333.3333333333,4629629.62962963,1.4285714285714286,0.04,0.3333333333333333,0,332.12555
ASAP7,NORX1,NOR5x1f_ASAP7_6t_L,D,Y,fall,10.0,0.0007199999999999,0.7,25.0,9.71226,2.0,2.16e-07,1.08e-07,0,1,1,2.3978952727983707,0.0007197409243488,4629629.62962963,9259259.25925926,3333.333333333333,6666.666666666666,6666.666666666666,9259259.25925926,1.4285714285714286,0.04,0.3333333333333333,0,11.356401
ASAP7,NORX1,NOR2x1_ASAP7_6t_L,B,Y,rise,40.0,0.0460799999999999,0.7,25.0,228.344,2.0,2.16e-07,1.08e-07,0,1,1,3.713572066704308,0.0450498445537087,4629629.62962963,9259259.25925926,213333.3333333333,426666.6666666666,213333.3333333333,4629629.62962963,1.4285714285714286,0.04,0.3333333333333333,0,338.0694
ASAP7,NORX1,NOR2x1_ASAP7_6t_L,A,Y,rise,40.0,0.0028799999999999,0.7,25.0,26.0774,2.0,2.16e-07,1.08e-07,0,1,1,3.713572066704308,0.0028758607454642,4629629.62962963,9259259.25925926,13333.333333333332,26666.666666666664,13333.333333333332,4629629.62962963,1.4285714285714286,0.04,0.3333333333333333,0,32.71515
ASAP7,NANDX1,NAND2x1p5_ASAP7_6t_L,A,Y,rise,40.0,0.0003599999999999,0.7,25.0,18.9473,0.5,1.08e-07,2.16e-07,0,1,1,3.713572066704308,0.0003599352155478,9259259.25925926,4629629.62962963,3333.333333333333,1666.6666666666663,3333.333333333333,9259259.25925926,1.4285714285714286,0.04,-0.3333333333333333,0,22.541079
ASAP7,NORX1,NOR3x1f_ASAP7_6t_L,B,Y,fall,160.0,0.0115199999999999,0.7,25.0,92.1268,2.0,2.16e-07,1.08e-07,0,1,1,5.081404364984463,0.0114541500451158,4629629.62962963,9259259.25925926,53333.33333333333,106666.66666666666,106666.66666666666,9259259.25925926,1.4285714285714286,0.04,0.3333333333333333,0,65.888
ASAP7,NORX1,NOR5x1f_ASAP7_6t_L,A,Y,fall,10.0,0.0007199999999999,0.7,25.0,8.95711,2.0,2.16e-07,1.08e-07,0,1,1,2.3978952727983707,0.0007197409243488,4629629.62962963,9259259.25925926,3333.333333333333,6666.666666666666,6666.666666666666,9259259.25925926,1.4285714285714286,0.04,0.3333333333333333,0,11.356401
ASAP7,NORX1,NOR2x1_ASAP7_6t_L,B,Y,rise,10.0,0.0028799999999999,0.7,25.0,19.6187,2.0,2.16e-07,1.08e-07,0,1,1,2.3978952727983707,0.0028758607454642,4629629.62962963,9259259.25925926,13333.333333333332,26666.666666666664,13333.333333333332,4629629.62962963,1.4285714285714286,0.04,0.3333333333333333,0,48.28328
ASAP7,NORX1,NOR3x1_ASAP7_6t_L,B,Y,rise,5.0,0.0230399999999999,0.7,25.0,113.925,2.0,2.16e-07,1.08e-07,0,1,1,1.791759469228055,0.0227785868893395,4629629.62962963,9259259.25925926,106666.66666666666,213333.3333333333,106666.66666666666,4629629.62962963,1.4285714285714286,0.04,0.3333333333333333,0,300.07977
ASAP7,NANDX1,NAND2x1_ASAP7_6t_L,B,Y,rise,5.0,0.0057599999999999,0.7,25.0,33.8409,0.5,1.08e-07,2.16e-07,0,1,1,1.791759469228055,0.0057434746270657,9259259.25925926,4629629.62962963,53333.33333333333,26666.666666666664,53333.33333333333,9259259.25925926,1.4285714285714286,0.04,-0.3333333333333333,0,30.827599
ASAP7,INVX1,INVx1_ASAP7_6t_L,A,Y,rise,160.0,0.0230399999999999,0.7,25.0,166.612,1.0,5.4e-08,5.4e-08,1,1,1,5.081404364984463,0.0227785868893395,18518518.51851852,18518518.51851852,426666.6666666666,426666.6666666666,426666.6666666666,18518518.51851852,1.4285714285714286,0.04,0.0,0,32.1085
ASAP7,NANDX1,NAND2x1_ASAP7_6t_L,B,Y,fall,10.0,0.0230399999999999,0.7,25.0,85.0414,0.5,1.08e-07,2.16e-07,0,1,1,2.3978952727983707,0.0227785868893395,9259259.25925926,4629629.62962963,213333.3333333333,106666.66666666666,106666.66666666666,4629629.62962963,1.4285714285714286,0.04,-0.3333333333333333,0,69.77146
ASAP7,NANDX1,NAND2x1_ASAP7_6t_L,B,Y,rise,80.0,0.0028799999999999,0.7,25.0,39.7955,0.5,1.08e-07,2.16e-07,0,1,1,4.394449154672439,0.0028758607454642,9259259.25925926,4629629.62962963,26666.666666666664,13333.333333333332,26666.666666666664,9259259.25925926,1.4285714285714286,0.04,-0.3333333333333333,0,38.36319
ASAP7,NORX1,NOR5x1f_ASAP7_6t_L,D,Y,rise,80.0,0.0003599999999999,0.7,25.0,36.0184,2.0,2.16e-07,1.08e-07,0,1,1,4.394449154672439,0.0003599352155478,4629629.62962963,9259259.25925926,1666.6666666666663,3333.333333333333,1666.6666666666663,4629629.62962963,1.4285714285714286,0.04,0.3333333333333333,0,17.53604
ASAP7,NANDX1,NAND2x1p5_ASAP7_6t_L,B,Y,rise,160.0,0.0028799999999999,0.7,25.0,57.1786,0.5,1.08e-07,2.16e-07,0,1,1,5.081404364984463,0.0028758607454642,9259259.25925926,4629629.62962963,26666.666666666664,13333.333333333332,26666.666666666664,9259259.25925926,1.4285714285714286,0.04,-0.3333333333333333,0,44.22166
ASAP7,NORX1,NOR3x1f_ASAP7_6t_L,B,Y,rise,5.0,0.0028799999999999,0.7,25.0,49.2316,2.0,2.16e-07,1.08e-07,0,1,1,1.791759469228055,0.0028758607454642,4629629.62962963,9259259.25925926,13333.333333333332,26666.666666666664,13333.333333333332,4629629.62962963,1.4285714285714286,0.04,0.3333333333333333,0,23.556604
ASAP7,NORX1,NOR5x1f_ASAP7_6t_L,C,Y,rise,40.0,0.0007199999999999,0.7,25.0,40.5037,2.0,2.16e-07,1.08e-07,0,1,1,3.713572066704308,0.0007197409243488,4629629.62962963,9259259.25925926,3333.333333333333,6666.666666666666,3333.333333333333,4629629.62962963,1.4285714285714286,0.04,0.3333333333333333,0,19.188454
ASAP7,INVX1,INVx11_ASAP7_6t_L,A,Y,fall,10.0,0.0230399999999999,0.7,25.0,13.611,1.0,5.4e-08,5.4e-08,1,1,1,2.3978952727983707,0.0227785868893395,18518518.51851852,18518518.51851852,426666.6666666666,426666.6666666666,426666.6666666666,18518518.51851852,1.4285714285714286,0.04,0.0,0,197.47623
ASAP7,NANDX1,NAND2x1p5_ASAP7_6t_L,A,Y,rise,320.0,0.0007199999999999,0.7,25.0,67.5731,0.5,1.08e-07,2.16e-07,0,1,1,5.771441123130016,0.0007197409243488,9259259.25925926,4629629.62962963,6666.666666666666,3333.333333333333,6666.666666666666,9259259.25925926,1.4285714285714286,0.04,-0.3333333333333333,0,41.862972
ASAP7,NORX1,NOR3x1_ASAP7_6t_L,B,Y,fall,10.0,0.0028799999999999,0.7,25.0,20.9699,2.0,2.16e-07,1.08e-07,0,1,1,2.3978952727983707,0.0028758607454642,4629629.62962963,9259259.25925926,13333.333333333332,26666.666666666664,26666.666666666664,9259259.25925926,1.4285714285714286,0.04,0.3333333333333333,0,13.969619
ASAP7,NANDX1,NAND2x1p5_ASAP7_6t_L,A,Y,rise,5.0,0.0057599999999999,0.7,25.0,36.7539,0.5,1.08e-07,2.16e-07,0,1,1,1.791759469228055,0.0057434746270657,9259259.25925926,4629629.62962963,53333.33333333333,26666.666666666664,53333.33333333333,9259259.25925926,1.4285714285714286,0.04,-0.3333333333333333,0,44.925526
ASAP7,NORX1,NOR5x1f_ASAP7_6t_L,D,Y,fall,20.0,0.0028799999999999,0.7,25.0,21.6804,2.0,2.16e-07,1.08e-07,0,1,1,3.044522437723423,0.0028758607454642,4629629.62962963,9259259.25925926,13333.333333333332,26666.666666666664,26666.666666666664,9259259.25925926,1.4285714285714286,0.04,0.3333333333333333,0,17.51046
ASAP7,NANDX1,NAND3x1_ASAP7_6t_L,B,Y,fall,20.0,0.0007199999999999,0.7,25.0,9.72141,0.5,1.08e-07,2.16e-07,0,1,1,3.044522437723423,0.0007197409243488,9259259.25925926,4629629.62962963,6666.666666666666,3333.333333333333,3333.333333333333,4629629.62962963,1.4285714285714286,0.04,-0.3333333333333333,0,7.5200315
ASAP7,NORX1,NOR5x1f_ASAP7_6t_L,B,Y,fall,20.0,0.0003599999999999,0.7,25.0,9.5659,2.0,2.16e-07,1.08e-07,0,1,1,3.044522437723423,0.0003599352155478,4629629.62962963,9259259.25925926,1666.6666666666663,3333.333333333333,3333.333333333333,9259259.25925926,1.4285714285714286,0.04,0.3333333333333333,0,12.135748
ASAP7,NANDX1,NAND3x1_ASAP7_6t_L,B,Y,rise,80.0,0.0007199999999999,0.7,25.0,29.4653,0.5,1.08e-07,2.16e-07,0,1,1,4.394449154672439,0.0007197409243488,9259259.25925926,4629629.62962963,6666.666666666666,3333.333333333333,6666.666666666666,9259259.25925926,1.4285714285714286,0.04,-0.3333333333333333,0,29.384748
ASAP7,NORX1,NOR3x1f_ASAP7_6t_L,B,Y,rise,160.0,0.0028799999999999,0.7,25.0,79.1353,2.0,2.16e-07,1.08e-07,0,1,1,5.081404364984463,0.0028758607454642,4629629.62962963,9259259.25925926,13333.333333333332,26666.666666666664,13333.333333333332,4629629.62962963,1.4285714285714286,0.04,0.3333333333333333,0,32.690502
ASAP7,NORX1,NOR5x1f_ASAP7_6t_L,E,Y,rise,5.0,0.0057599999999999,0.7,25.0,151.7,2.0,2.16e-07,1.08e-07,0,1,1,1.791759469228055,0.0057434746270657,4629629.62962963,9259259.25925926,26666.666666666664,53333.33333333333,26666.666666666664,4629629.62962963,1.4285714285714286,0.04,0.3333333333333333,0,23.00635
ASAP7,NORX1,NOR3x1_ASAP7_6t_L,A,Y,fall,40.0,0.0014399999999999,0.7,25.0,19.6133,2.0,2.16e-07,1.08e-07,0,1,1,3.713572066704308,0.0014389641942542,4629629.62962963,9259259.25925926,6666.666666666666,13333.333333333332,13333.333333333332,9259259.25925926,1.4285714285714286,0.04,0.3333333333333333,0,17.493435
ASAP7,NORX1,NOR5x1f_ASAP7_6t_L,E,Y,fall,160.0,0.0007199999999999,0.7,25.0,20.7231,2.0,2.16e-07,1.08e-07,0,1,1,5.081404364984463,0.0007197409243488,4629629.62962963,9259259.25925926,3333.333333333333,6666.666666666666,6666.666666666666,9259259.25925926,1.4285714285714286,0.04,0.3333333333333333,0,1.1237785
ASAP7,NORX1,NOR3x1f_ASAP7_6t_L,B,Y,rise,10.0,0.0003599999999999,0.7,25.0,15.2134,2.0,2.16e-07,1.08e-07,0,1,1,2.3978952727983707,0.0003599352155478,4629629.62962963,9259259.25925926,1666.6666666666663,3333.333333333333,1666.6666666666663,4629629.62962963,1.4285714285714286,0.04,0.3333333333333333,0,39.426502
ASAP7,NANDX1,NAND2x1p5_ASAP7_6t_L,B,Y,rise,40.0,0.0028799999999999,0.7,25.0,31.3767,0.5,1.08e-07,2.16e-07,0,1,1,3.713572066704308,0.0028758607454642,9259259.25925926,4629629.62962963,26666.666666666664,13333.333333333332,26666.666666666664,9259259.25925926,1.4285714285714286,0.04,-0.3333333333333333,0,32.826733
ASAP7,NANDX1,NAND3x1_ASAP7_6t_L,C,Y,rise,320.0,0.0460799999999999,0.7,25.0,340.188,0.5,1.08e-07,2.16e-07,0,1,1,5.771441123130016,0.0450498445537087,9259259.25925926,4629629.62962963,426666.6666666666,213333.3333333333,426666.6666666666,9259259.25925926,1.4285714285714286,0.04,-0.3333333333333333,0,264.52917
ASAP7,NANDX1,NAND2x1p5_ASAP7_6t_L,B,Y,fall,20.0,0.0003599999999999,0.7,25.0,5.71105,0.5,1.08e-07,2.16e-07,0,1,1,3.044522437723423,0.0003599352155478,9259259.25925926,4629629.62962963,3333.333333333333,1666.6666666666663,1666.6666666666663,4629629.62962963,1.4285714285714286,0.04,-0.3333333333333333,0,7.519661
ASAP7,NORX1,NOR3x1f_ASAP7_6t_L,A,Y,rise,80.0,0.0014399999999999,0.7,25.0,47.3052,2.0,2.16e-07,1.08e-07,0,1,1,4.394449154672439,0.0014389641942542,4629629.62962963,9259259.25925926,6666.666666666666,13333.333333333332,6666.666666666666,4629629.62962963,1.4285714285714286,0.04,0.3333333333333333,0,40.398655
ASAP7,NORX1,NOR3x1f_ASAP7_6t_L,A,Y,rise,320.0,0.0007199999999999,0.7,25.0,69.4315,2.0,2.16e-07,1.08e-07,0,1,1,5.771441123130016,0.0007197409243488,4629629.62962963,9259259.25925926,3333.333333333333,6666.666666666666,3333.333333333333,4629629.62962963,1.4285714285714286,0.04,0.3333333333333333,0,1.192617
ASAP7,NANDX1,NAND2x1_ASAP7_6t_L,B,Y,rise,40.0,0.0028799999999999,0.7,25.0,30.3022,0.5,1.08e-07,2.16e-07,0,1,1,3.713572066704308,0.0028758607454642,9259259.25925926,4629629.62962963,26666.666666666664,13333.333333333332,26666.666666666664,9259259.25925926,1.4285714285714286,0.04,-0.3333333333333333,0,44.282925
ASAP7,INVX1,INVx11_ASAP7_6t_L,A,Y,fall,80.0,0.0921599999999999,0.7,25.0,59.8131,1.0,5.4e-08,5.4e-08,1,1,1,4.394449154672439,0.0881573867362051,18518518.51851852,18518518.51851852,1706666.6666666665,1706666.6666666665,1706666.6666666665,18518518.51851852,1.4285714285714286,0.04,0.0,0,37.858894
ASAP7,NORX1,NOR5x1f_ASAP7_6t_L,C,Y,rise,80.0,0.0007199999999999,0.7,25.0,45.976,2.0,2.16e-07,1.08e-07,0,1,1,4.394449154672439,0.0007197409243488,4629629.62962963,9259259.25925926,3333.333333333333,6666.666666666666,3333.333333333333,4629629.62962963,1.4285714285714286,0.04,0.3333333333333333,0,28.95409
ASAP7,NANDX1,NAND3x1_ASAP7_6t_L,B,Y,rise,160.0,0.0057599999999999,0.7,25.0,81.7875,0.5,1.08e-07,2.16e-07,0,1,1,5.081404364984463,0.0057434746270657,9259259.25925926,4629629.62962963,53333.33333333333,26666.666666666664,53333.33333333333,9259259.25925926,1.4285714285714286,0.04,-0.3333333333333333,0,90.23551
ASAP7,NORX1,NOR5x1f_ASAP7_6t_L,D,Y,rise,10.0,0.0028799999999999,0.7,25.0,87.3254,2.0,2.16e-07,1.08e-07,0,1,1,2.3978952727983707,0.0028758607454642,4629629.62962963,9259259.25925926,13333.333333333332,26666.666666666664,13333.333333333332,4629629.62962963,1.4285714285714286,0.04,0.3333333333333333,0,1.0879102
ASAP7,INVX1,INVx13_ASAP7_6t_L,A,Y,fall,5.0,0.0921599999999999,0.7,25.0,34.0568,1.0,5.4e-08,5.4e-08,1,1,1,1.791759469228055,0.0881573867362051,18518518.51851852,18518518.51851852,1706666.6666666665,1706666.6666666665,1706666.6666666665,18518518.51851852,1.4285714285714286,0.04,0.0,0,55.028202
ASAP7,NANDX1,NAND2x1p5_ASAP7_6t_L,B,Y,fall,320.0,0.0028799999999999,0.7,25.0,18.6902,0.5,1.08e-07,2.16e-07,0,1,1,5.771441123130016,0.0028758607454642,9259259.25925926,4629629.62962963,26666.666666666664,13333.333333333332,13333.333333333332,4629629.62962963,1.4285714285714286,0.04,-0.3333333333333333,0,32.016342
ASAP7,INVX2,INVx2_ASAP7_6t_L,A,Y,rise,160.0,0.0014399999999999,0.7,25.0,25.4357,1.0,1.08e-07,1.08e-07,1,1,1,5.081404364984463,0.0014389641942542,9259259.25925926,9259259.25925926,13333.333333333332,13333.333333333332,13333.333333333332,9259259.25925926,1.4285714285714286,0.04,0.0,0,24.893017
ASAP7,INVX1,INVx11_ASAP7_6t_L,A,Y,rise,5.0,0.3686399999999999,0.7,25.0,174.015,1.0,5.4e-08,5.4e-08,1,1,1,1.791759469228055,0.3138175460564067,18518518.51851852,18518518.51851852,6826666.666666666,6826666.666666666,6826666.666666666,18518518.51851852,1.4285714285714286,0.04,0.0,0,185.66933
ASAP7,NANDX1,NAND3x1_ASAP7_6t_L,B,Y,fall,20.0,0.0115199999999999,0.7,25.0,46.3418,0.5,1.08e-07,2.16e-07,0,1,1,3.044522437723423,0.0114541500451158,9259259.25925926,4629629.62962963,106666.66666666666,53333.33333333333,53333.33333333333,4629629.62962963,1.4285714285714286,0.04,-0.3333333333333333,0,27.943619
ASAP7,NORX1,NOR3x1_ASAP7_6t_L,B,Y,rise,20.0,0.0460799999999999,0.7,25.0,223.413,2.0,2.16e-07,1.08e-07,0,1,1,3.044522437723423,0.0450498445537087,4629629.62962963,9259259.25925926,213333.3333333333,426666.6666666666,213333.3333333333,4629629.62962963,1.4285714285714286,0.04,0.3333333333333333,0,335.08572
ASAP7,NORX1,NOR3x1f_ASAP7_6t_L,C,Y,fall,40.0,0.0014399999999999,0.7,25.0,18.3382,2.0,2.16e-07,1.08e-07,0,1,1,3.713572066704308,0.0014389641942542,4629629.62962963,9259259.25925926,6666.666666666666,13333.333333333332,13333.333333333332,9259259.25925926,1.4285714285714286,0.04,0.3333333333333333,0,17.493435
ASAP7,NANDX1,NAND3x1_ASAP7_6t_L,B,Y,rise,80.0,0.0230399999999999,0.7,25.0,146.038,0.5,1.08e-07,2.16e-07,0,1,1,4.394449154672439,0.0227785868893395,9259259.25925926,4629629.62962963,213333.3333333333,106666.66666666666,213333.3333333333,9259259.25925926,1.4285714285714286,0.04,-0.3333333333333333,0,154.48157
ASAP7,NANDX1,NAND2x1_ASAP7_6t_L,A,Y,fall,40.0,0.0460799999999999,0.7,25.0,169.944,0.5,1.08e-07,2.16e-07,0,1,1,3.713572066704308,0.0450498445537087,9259259.25925926,4629629.62962963,426666.6666666666,213333.3333333333,213333.3333333333,4629629.62962963,1.4285714285714286,0.04,-0.3333333333333333,0,173.65047
ASAP7,INVX1,INVx13_ASAP7_6t_L,A,Y,fall,80.0,0.7372799999999999,0.7,25.0,268.452,1.0,5.4e-08,5.4e-08,1,1,1,4.394449154672439,0.5523206717349491,18518518.51851852,18518518.51851852,13653333.333333332,13653333.333333332,13653333.333333332,18518518.51851852,1.4285714285714286,0.04,0.0,0,333.2216
ASAP7,INVX1,INVx13_ASAP7_6t_L,A,Y,fall,20.0,0.0921599999999999,0.7,25.0,38.2559,1.0,5.4e-08,5.4e-08,1,1,1,3.044522437723423,0.0881573867362051,18518518.51851852,18518518.51851852,1706666.6666666665,1706666.6666666665,1706666.6666666665,18518518.51851852,1.4285714285714286,0.04,0.0,0,35.500492
ASAP7,NANDX1,NAND2x1_ASAP7_6t_L,A,Y,fall,10.0,0.0057599999999999,0.7,25.0,25.599,0.5,1.08e-07,2.16e-07,0,1,1,2.3978952727983707,0.0057434746270657,9259259.25925926,4629629.62962963,53333.33333333333,26666.666666666664,26666.666666666664,4629629.62962963,1.4285714285714286,0.04,-0.3333333333333333,0,10.424713
ASAP7,NANDX1,NAND2x1_ASAP7_6t_L,B,Y,rise,5.0,0.0007199999999999,0.7,25.0,8.62004,0.5,1.08e-07,2.16e-07,0,1,1,1.791759469228055,0.0007197409243488,9259259.25925926,4629629.62962963,6666.666666666666,3333.333333333333,6666.666666666666,9259259.25925926,1.4285714285714286,0.04,-0.3333333333333333,0,13.085497
ASAP7,NORX1,NOR5x1f_ASAP7_6t_L,D,Y,fall,320.0,0.0230399999999999,0.7,25.0,183.042,2.0,2.16e-07,1.08e-07,0,1,1,5.771441123130016,0.0227785868893395,4629629.62962963,9259259.25925926,106666.66666666666,213333.3333333333,213333.3333333333,9259259.25925926,1.4285714285714286,0.04,0.3333333333333333,0,153.34547
ASAP7,NORX1,NOR3x1_ASAP7_6t_L,C,Y,rise,10.0,0.0028799999999999,0.7,25.0,22.3261,2.0,2.16e-07,1.08e-07,0,1,1,2.3978952727983707,0.0028758607454642,4629629.62962963,9259259.25925926,13333.333333333332,26666.666666666664,13333.333333333332,4629629.62962963,1.4285714285714286,0.04,0.3333333333333333,0,48.28328
ASAP7,NORX1,NOR2x1_ASAP7_6t_L,A,Y,rise,160.0,0.0230399999999999,0.7,25.0,144.377,2.0,2.16e-07,1.08e-07,0,1,1,5.081404364984463,0.0227785868893395,4629629.62962963,9259259.25925926,106666.66666666666,213333.3333333333,106666.66666666666,4629629.62962963,1.4285714285714286,0.04,0.3333333333333333,0,1.1712333
ASAP7,NORX1,NOR3x1f_ASAP7_6t_L,C,Y,fall,80.0,0.0007199999999999,0.7,25.0,16.3945,2.0,2.16e-07,1.08e-07,0,1,1,4.394449154672439,0.0007197409243488,4629629.62962963,9259259.25925926,3333.333333333333,6666.666666666666,6666.666666666666,9259259.25925926,1.4285714285714286,0.04,0.3333333333333333,0,1.0986489
ASAP7,NORX1,NOR5x1f_ASAP7_6t_L,A,Y,rise,80.0,0.0057599999999999,0.7,25.0,162.119,2.0,2.16e-07,1.08e-07,0,1,1,4.394449154672439,0.0057434746270657,4629629.62962963,9259259.25925926,26666.666666666664,53333.33333333333,26666.666666666664,4629629.62962963,1.4285714285714286,0.04,0.3333333333333333,0,72.84052
ASAP7,NORX1,NOR3x1_ASAP7_6t_L,C,Y,rise,40.0,0.0028799999999999,0.7,25.0,26.2981,2.0,2.16e-07,1.08e-07,0,1,1,3.713572066704308,0.0028758607454642,4629629.62962963,9259259.25925926,13333.333333333332,26666.666666666664,13333.333333333332,4629629.62962963,1.4285714285714286,0.04,0.3333333333333333,0,32.50199
ASAP7,NORX1,NOR3x1_ASAP7_6t_L,A,Y,rise,20.0,0.0115199999999999,0.7,25.0,62.6394,2.0,2.16e-07,1.08e-07,0,1,1,3.044522437723423,0.0114541500451158,4629629.62962963,9259259.25925926,53333.33333333333,106666.66666666666,53333.33333333333,4629629.62962963,1.4285714285714286,0.04,0.3333333333333333,0,166.96884
ASAP7,NORX1,NOR3x1_ASAP7_6t_L,C,Y,rise,160.0,0.0115199999999999,0.7,25.0,79.7966,2.0,2.16e-07,1.08e-07,0,1,1,5.081404364984463,0.0114541500451158,4629629.62962963,9259259.25925926,53333.33333333333,106666.66666666666,53333.33333333333,4629629.62962963,1.4285714285714286,0.04,0.3333333333333333,0,173.93211
ASAP7,NORX1,NOR3x1_ASAP7_6t_L,C,Y,fall,320.0,0.0115199999999999,0.7,25.0,129.552,2.0,2.16e-07,1.08e-07,0,1,1,5.771441123130016,0.0114541500451158,4629629.62962963,9259259.25925926,53333.33333333333,106666.66666666666,106666.66666666666,9259259.25925926,1.4285714285714286,0.04,0.3333333333333333,0,67.389084
ASAP7,INVX2,INVx2_ASAP7_6t_L,A,Y,rise,80.0,0.0460799999999999,0.7,25.0,140.33,1.0,1.08e-07,1.08e-07,1,1,1,4.394449154672439,0.0450498445537087,9259259.25925926,9259259.25925926,426666.6666666666,426666.6666666666,426666.6666666666,9259259.25925926,1.4285714285714286,0.04,0.0,0,169.58142
ASAP7,NANDX1,NAND2x1_ASAP7_6t_L,A,Y,fall,5.0,0.0014399999999999,0.7,25.0,9.69037,0.5,1.08e-07,2.16e-07,0,1,1,1.791759469228055,0.0014389641942542,9259259.25925926,4629629.62962963,13333.333333333332,6666.666666666666,6666.666666666666,4629629.62962963,1.4285714285714286,0.04,-0.3333333333333333,0,8.13149
ASAP7,NORX1,NOR3x1_ASAP7_6t_L,B,Y,rise,20.0,0.0115199999999999,0.7,25.0,63.848,2.0,2.16e-07,1.08e-07,0,1,1,3.044522437723423,0.0114541500451158,4629629.62962963,9259259.25925926,53333.33333333333,106666.66666666666,53333.33333333333,4629629.62962963,1.4285714285714286,0.04,0.3333333333333333,0,166.96756
ASAP7,NORX1,NOR3x1_ASAP7_6t_L,A,Y,rise,20.0,0.0028799999999999,0.7,25.0,22.6781,2.0,2.16e-07,1.08e-07,0,1,1,3.044522437723423,0.0028758607454642,4629629.62962963,9259259.25925926,13333.333333333332,26666.666666666664,13333.333333333332,4629629.62962963,1.4285714285714286,0.04,0.3333333333333333,0,34.68569
ASAP7,NANDX1,NAND3x1_ASAP7_6t_L,A,Y,fall,5.0,0.0230399999999999,0.7,25.0,80.467,0.5,1.08e-07,2.16e-07,0,1,1,1.791759469228055,0.0227785868893395,9259259.25925926,4629629.62962963,213333.3333333333,106666.66666666666,106666.66666666666,4629629.62962963,1.4285714285714286,0.04,-0.3333333333333333,0,64.7783
ASAP7,NORX1,NOR3x1f_ASAP7_6t_L,A,Y,fall,320.0,0.0014399999999999,0.7,25.0,23.4497,2.0,2.16e-07,1.08e-07,0,1,1,5.771441123130016,0.0014389641942542,4629629.62962963,9259259.25925926,6666.666666666666,13333.333333333332,13333.333333333332,9259259.25925926,1.4285714285714286,0.04,0.3333333333333333,0,32.193302
ASAP7,NORX1,NOR3x1f_ASAP7_6t_L,A,Y,fall,10.0,0.0014399999999999,0.7,25.0,11.3397,2.0,2.16e-07,1.08e-07,0,1,1,2.3978952727983707,0.0014389641942542,4629629.62962963,9259259.25925926,6666.666666666666,13333.333333333332,13333.333333333332,9259259.25925926,1.4285714285714286,0.04,0.3333333333333333,0,12.131723
ASAP7,INVX1,INVx11_ASAP7_6t_L,A,Y,fall,160.0,0.0230399999999999,0.7,25.0,30.5119,1.0,5.4e-08,5.4e-08,1,1,1,5.081404364984463,0.0227785868893395,18518518.51851852,18518518.51851852,426666.6666666666,426666.6666666666,426666.6666666666,18518518.51851852,1.4285714285714286,0.04,0.0,0,51.40023
ASAP7,NORX1,NOR5x1f_ASAP7_6t_L,E,Y,rise,320.0,0.0003599999999999,0.7,25.0,55.7959,2.0,2.16e-07,1.08e-07,0,1,1,5.771441123130016,0.0003599352155478,4629629.62962963,9259259.25925926,1666.6666666666663,3333.333333333333,1666.6666666666663,4629629.62962963,1.4285714285714286,0.04,0.3333333333333333,0,63.290775
ASAP7,NANDX1,NAND2x1p5_ASAP7_6t_L,B,Y,fall,320.0,0.0230399999999999,0.7,25.0,116.59,0.5,1.08e-07,2.16e-07,0,1,1,5.771441123130016,0.0227785868893395,9259259.25925926,4629629.62962963,213333.3333333333,106666.66666666666,106666.66666666666,4629629.62962963,1.4285714285714286,0.04,-0.3333333333333333,0,198.77495
ASAP7,NORX1,NOR3x1f_ASAP7_6t_L,C,Y,fall,320.0,0.0007199999999999,0.7,25.0,18.8228,2.0,2.16e-07,1.08e-07,0,1,1,5.771441123130016,0.0007197409243488,4629629.62962963,9259259.25925926,3333.333333333333,6666.666666666666,6666.666666666666,9259259.25925926,1.4285714285714286,0.04,0.3333333333333333,0,29.42817
ASAP7,INVX1,INVx11_ASAP7_6t_L,A,Y,fall,5.0,0.1843199999999999,0.7,25.0,74.4199,1.0,5.4e-08,5.4e-08,1,1,1,1.791759469228055,0.169168770215654,18518518.51851852,18518518.51851852,3413333.333333333,3413333.333333333,3413333.333333333,18518518.51851852,1.4285714285714286,0.04,0.0,0,62.55862
ASAP7,NORX1,NOR3x1f_ASAP7_6t_L,A,Y,fall,40.0,0.0014399999999999,0.7,25.0,17.2427,2.0,2.16e-07,1.08e-07,0,1,1,3.713572066704308,0.0014389641942542,4629629.62962963,9259259.25925926,6666.666666666666,13333.333333333332,13333.333333333332,9259259.25925926,1.4285714285714286,0.04,0.3333333333333333,0,17.493435
ASAP7,NORX1,NOR3x1_ASAP7_6t_L,B,Y,fall,320.0,0.0230399999999999,0.7,25.0,188.851,2.0,2.16e-07,1.08e-07,0,1,1,5.771441123130016,0.0227785868893395,4629629.62962963,9259259.25925926,106666.66666666666,213333.3333333333,213333.3333333333,9259259.25925926,1.4285714285714286,0.04,0.3333333333333333,0,153.34547
ASAP7,NORX1,NOR3x1f_ASAP7_6t_L,B,Y,fall,80.0,0.0115199999999999,0.7,25.0,73.1184,2.0,2.16e-07,1.08e-07,0,1,1,4.394449154672439,0.0114541500451158,4629629.62962963,9259259.25925926,53333.33333333333,106666.66666666666,106666.66666666666,9259259.25925926,1.4285714285714286,0.04,0.3333333333333333,0,1.1093545
ASAP7,INVX1,INVx13_ASAP7_6t_L,A,Y,rise,20.0,0.0230399999999999,0.7,25.0,17.6046,1.0,5.4e-08,5.4e-08,1,1,1,3.044522437723423,0.0227785868893395,18518518.51851852,18518518.51851852,426666.6666666666,426666.6666666666,426666.6666666666,18518518.51851852,1.4285714285714286,0.04,0.0,0,135.61661
ASAP7,NORX1,NOR5x1f_ASAP7_6t_L,D,Y,rise,320.0,0.0115199999999999,0.7,25.0,318.382,2.0,2.16e-07,1.08e-07,0,1,1,5.771441123130016,0.0114541500451158,4629629.62962963,9259259.25925926,53333.33333333333,106666.66666666666,53333.33333333333,4629629.62962963,1.4285714285714286,0.04,0.3333333333333333,0,145.95467
ASAP7,NANDX1,NAND3x1_ASAP7_6t_L,C,Y,rise,10.0,0.0460799999999999,0.7,25.0,239.669,0.5,1.08e-07,2.16e-07,0,1,1,2.3978952727983707,0.0450498445537087,9259259.25925926,4629629.62962963,426666.6666666666,213333.3333333333,426666.6666666666,9259259.25925926,1.4285714285714286,0.04,-0.3333333333333333,0,222.6026
ASAP7,NORX1,NOR3x1f_ASAP7_6t_L,A,Y,fall,80.0,0.0028799999999999,0.7,25.0,31.2511,2.0,2.16e-07,1.08e-07,0,1,1,4.394449154672439,0.0028758607454642,4629629.62962963,9259259.25925926,13333.333333333332,26666.666666666664,26666.666666666664,9259259.25925926,1.4285714285714286,0.04,0.3333333333333333,0,27.520985
ASAP7,NORX1,NOR5x1f_ASAP7_6t_L,D,Y,fall,40.0,0.0007199999999999,0.7,25.0,15.1143,2.0,2.16e-07,1.08e-07,0,1,1,3.713572066704308,0.0007197409243488,4629629.62962963,9259259.25925926,3333.333333333333,6666.666666666666,6666.666666666666,9259259.25925926,1.4285714285714286,0.04,0.3333333333333333,0,15.705981
ASAP7,NANDX1,NAND3x1_ASAP7_6t_L,C,Y,rise,160.0,0.0007199999999999,0.7,25.0,47.7516,0.5,1.08e-07,2.16e-07,0,1,1,5.081404364984463,0.0007197409243488,9259259.25925926,4629629.62962963,6666.666666666666,3333.333333333333,6666.666666666666,9259259.25925926,1.4285714285714286,0.04,-0.3333333333333333,0,33.263676
ASAP7,NANDX1,NAND2x1p5_ASAP7_6t_L,A,Y,rise,5.0,0.0007199999999999,0.7,25.0,11.6659,0.5,1.08e-07,2.16e-07,0,1,1,1.791759469228055,0.0007197409243488,9259259.25925926,4629629.62962963,6666.666666666666,3333.333333333333,6666.666666666666,9259259.25925926,1.4285714285714286,0.04,-0.3333333333333333,0,13.8186865
ASAP7,NORX1,NOR5x1f_ASAP7_6t_L,A,Y,fall,5.0,0.0230399999999999,0.7,25.0,98.9023,2.0,2.16e-07,1.08e-07,0,1,1,1.791759469228055,0.0227785868893395,4629629.62962963,9259259.25925926,106666.66666666666,213333.3333333333,213333.3333333333,9259259.25925926,1.4285714285714286,0.04,0.3333333333333333,0,1.0786042
ASAP7,INVX1,INVx11_ASAP7_6t_L,A,Y,rise,20.0,0.0460799999999999,0.7,25.0,29.5739,1.0,5.4e-08,5.4e-08,1,1,1,3.044522437723423,0.0450498445537087,18518518.51851852,18518518.51851852,853333.3333333333,853333.3333333333,853333.3333333333,18518518.51851852,1.4285714285714286,0.04,0.0,0,30.736366
ASAP7,NORX1,NOR3x1f_ASAP7_6t_L,C,Y,fall,10.0,0.0003599999999999,0.7,25.0,7.2192,2.0,2.16e-07,1.08e-07,0,1,1,2.3978952727983707,0.0003599352155478,4629629.62962963,9259259.25925926,1666.6666666666663,3333.333333333333,3333.333333333333,9259259.25925926,1.4285714285714286,0.04,0.3333333333333333,0,9.7154045
ASAP7,INVX1,INVx1_ASAP7_6t_L,A,Y,fall,160.0,0.0230399999999999,0.7,25.0,142.489,1.0,5.4e-08,5.4e-08,1,1,1,5.081404364984463,0.0227785868893395,18518518.51851852,18518518.51851852,426666.6666666666,426666.6666666666,426666.6666666666,18518518.51851852,1.4285714285714286,0.04,0.0,0,159.30289
ASAP7,NANDX1,NAND2x1_ASAP7_6t_L,A,Y,rise,160.0,0.0014399999999999,0.7,25.0,45.2746,0.5,1.08e-07,2.16e-07,0,1,1,5.081404364984463,0.0014389641942542,9259259.25925926,4629629.62962963,13333.333333333332,6666.666666666666,13333.333333333332,9259259.25925926,1.4285714285714286,0.04,-0.3333333333333333,0,35.446083
ASAP7,NORX1,NOR2x1_ASAP7_6t_L,B,Y,fall,320.0,0.0057599999999999,0.7,25.0,78.9206,2.0,2.16e-07,1.08e-07,0,1,1,5.771441123130016,0.0057434746270657,4629629.62962963,9259259.25925926,26666.666666666664,53333.33333333333,53333.33333333333,9259259.25925926,1.4285714285714286,0.04,0.3333333333333333,0,48.205162
ASAP7,NANDX1,NAND2x1p5_ASAP7_6t_L,A,Y,fall,80.0,0.0057599999999999,0.7,25.0,25.782,0.5,1.08e-07,2.16e-07,0,1,1,4.394449154672439,0.0057434746270657,9259259.25925926,4629629.62962963,53333.33333333333,26666.666666666664,26666.666666666664,4629629.62962963,1.4285714285714286,0.04,-0.3333333333333333,0,44.468628
ASAP7,INVX1,INVx11_ASAP7_6t_L,A,Y,rise,80.0,0.0460799999999999,0.7,25.0,46.5789,1.0,5.4e-08,5.4e-08,1,1,1,4.394449154672439,0.0450498445537087,18518518.51851852,18518518.51851852,853333.3333333333,853333.3333333333,853333.3333333333,18518518.51851852,1.4285714285714286,0.04,0.0,0,33.722466
ASAP7,NANDX1,NAND2x1p5_ASAP7_6t_L,B,Y,rise,160.0,0.0115199999999999,0.7,25.0,112.617,0.5,1.08e-07,2.16e-07,0,1,1,5.081404364984463,0.0114541500451158,9259259.25925926,4629629.62962963,106666.66666666666,53333.33333333333,106666.66666666666,9259259.25925926,1.4285714285714286,0.04,-0.3333333333333333,0,190.13048
ASAP7,NANDX1,NAND3x1_ASAP7_6t_L,B,Y,fall,40.0,0.0230399999999999,0.7,25.0,87.614,0.5,1.08e-07,2.16e-07,0,1,1,3.713572066704308,0.0227785868893395,9259259.25925926,4629629.62962963,213333.3333333333,106666.66666666666,106666.66666666666,4629629.62962963,1.4285714285714286,0.04,-0.3333333333333333,0,71.94765
ASAP7,NORX1,NOR3x1_ASAP7_6t_L,C,Y,fall,20.0,0.0460799999999999,0.7,25.0,202.736,2.0,2.16e-07,1.08e-07,0,1,1,3.044522437723423,0.0450498445537087,4629629.62962963,9259259.25925926,213333.3333333333,426666.6666666666,426666.6666666666,9259259.25925926,1.4285714285714286,0.04,0.3333333333333333,0,182.26678
ASAP7,INVX1,INVx1_ASAP7_6t_L,A,Y,rise,20.0,0.0115199999999999,0.7,25.0,64.8449,1.0,5.4e-08,5.4e-08,1,1,1,3.044522437723423,0.0114541500451158,18518518.51851852,18518518.51851852,213333.3333333333,213333.3333333333,213333.3333333333,18518518.51851852,1.4285714285714286,0.04,0.0,0,82.71862
ASAP7,NORX1,NOR3x1f_ASAP7_6t_L,B,Y,fall,80.0,0.0028799999999999,0.7,25.0,31.8742,2.0,2.16e-07,1.08e-07,0,1,1,4.394449154672439,0.0028758607454642,4629629.62962963,9259259.25925926,13333.333333333332,26666.666666666664,26666.666666666664,9259259.25925926,1.4285714285714286,0.04,0.3333333333333333,0,27.520985
ASAP7,NORX1,NOR2x1_ASAP7_6t_L,A,Y,fall,320.0,0.0028799999999999,0.7,25.0,58.5679,2.0,2.16e-07,1.08e-07,0,1,1,5.771441123130016,0.0028758607454642,4629629.62962963,9259259.25925926,13333.333333333332,26666.666666666664,26666.666666666664,9259259.25925926,1.4285714285714286,0.04,0.3333333333333333,0,1.1755594
ASAP7,INVX2,INVx2_ASAP7_6t_L,A,Y,rise,80.0,0.0230399999999999,0.7,25.0,84.0312,1.0,1.08e-07,1.08e-07,1,1,1,4.394449154672439,0.0227785868893395,9259259.25925926,9259259.25925926,213333.3333333333,213333.3333333333,213333.3333333333,9259259.25925926,1.4285714285714286,0.04,0.0,0,56.855103
ASAP7,NANDX1,NAND2x1_ASAP7_6t_L,B,Y,fall,40.0,0.0007199999999999,0.7,25.0,10.4083,0.5,1.08e-07,2.16e-07,0,1,1,3.713572066704308,0.0007197409243488,9259259.25925926,4629629.62962963,6666.666666666666,3333.333333333333,3333.333333333333,4629629.62962963,1.4285714285714286,0.04,-0.3333333333333333,0,8.458494
ASAP7,NORX1,NOR2x1_ASAP7_6t_L,A,Y,rise,20.0,0.0014399999999999,0.7,25.0,15.6474,2.0,2.16e-07,1.08e-07,0,1,1,3.044522437723423,0.0014389641942542,4629629.62962963,9259259.25925926,6666.666666666666,13333.333333333332,6666.666666666666,4629629.62962963,1.4285714285714286,0.04,0.3333333333333333,0,26.855453
ASAP7,NORX1,NOR3x1f_ASAP7_6t_L,A,Y,rise,80.0,0.0028799999999999,0.7,25.0,68.4027,2.0,2.16e-07,1.08e-07,0,1,1,4.394449154672439,0.0028758607454642,4629629.62962963,9259259.25925926,13333.333333333332,26666.666666666664,13333.333333333332,4629629.62962963,1.4285714285714286,0.04,0.3333333333333333,0,52.4513
ASAP7,INVX2,INVx2_ASAP7_6t_L,A,Y,rise,320.0,0.0460799999999999,0.7,25.0,214.879,1.0,1.08e-07,1.08e-07,1,1,1,5.771441123130016,0.0450498445537087,9259259.25925926,9259259.25925926,426666.6666666666,426666.6666666666,426666.6666666666,9259259.25925926,1.4285714285714286,0.04,0.0,0,225.95567
ASAP7,INVX1,INVx13_ASAP7_6t_L,A,Y,fall,5.0,0.0115199999999999,0.7,25.0,7.32316,1.0,5.4e-08,5.4e-08,1,1,1,1.791759469228055,0.0114541500451158,18518518.51851852,18518518.51851852,213333.3333333333,213333.3333333333,213333.3333333333,18518518.51851852,1.4285714285714286,0.04,0.0,0,86.31414
ASAP7,NORX1,NOR3x1f_ASAP7_6t_L,A,Y,rise,160.0,0.0115199999999999,0.7,25.0,207.393,2.0,2.16e-07,1.08e-07,0,1,1,5.081404364984463,0.0114541500451158,4629629.62962963,9259259.25925926,53333.33333333333,106666.66666666666,53333.33333333333,4629629.62962963,1.4285714285714286,0.04,0.3333333333333333,0,215.49951
ASAP7,NORX1,NOR2x1_ASAP7_6t_L,A,Y,rise,160.0,0.0014399999999999,0.7,25.0,26.0078,2.0,2.16e-07,1.08e-07,0,1,1,5.081404364984463,0.0014389641942542,4629629.62962963,9259259.25925926,6666.666666666666,13333.333333333332,6666.666666666666,4629629.62962963,1.4285714285714286,0.04,0.3333333333333333,0,26.89651
ASAP7,NORX1,NOR5x1f_ASAP7_6t_L,A,Y,rise,20.0,0.0003599999999999,0.7,25.0,25.6426,2.0,2.16e-07,1.08e-07,0,1,1,3.044522437723423,0.0003599352155478,4629629.62962963,9259259.25925926,1666.6666666666663,3333.333333333333,1666.6666666666663,4629629.62962963,1.4285714285714286,0.04,0.3333333333333333,0,16.247532
ASAP7,NANDX1,NAND3x1_ASAP7_6t_L,B,Y,fall,160.0,0.0460799999999999,0.7,25.0,184.213,0.5,1.08e-07,2.16e-07,0,1,1,5.081404364984463,0.0450498445537087,9259259.25925926,4629629.62962963,426666.6666666666,213333.3333333333,213333.3333333333,4629629.62962963,1.4285714285714286,0.04,-0.3333333333333333,0,186.92924
ASAP7,NORX1,NOR2x1_ASAP7_6t_L,A,Y,rise,5.0,0.0014399999999999,0.7,25.0,12.5709,2.0,2.16e-07,1.08e-07,0,1,1,1.791759469228055,0.0014389641942542,4629629.62962963,9259259.25925926,6666.666666666666,13333.333333333332,6666.666666666666,4629629.62962963,1.4285714285714286,0.04,0.3333333333333333,0,25.875492
ASAP7,INVX1,INVx13_ASAP7_6t_L,A,Y,fall,10.0,0.0230399999999999,0.7,25.0,12.5268,1.0,5.4e-08,5.4e-08,1,1,1,2.3978952727983707,0.0227785868893395,18518518.51851852,18518518.51851852,426666.6666666666,426666.6666666666,426666.6666666666,18518518.51851852,1.4285714285714286,0.04,0.0,0,197.47624
ASAP7,NORX1,NOR5x1f_ASAP7_6t_L,C,Y,fall,40.0,0.0028799999999999,0.7,25.0,26.6822,2.0,2.16e-07,1.08e-07,0,1,1,3.713572066704308,0.0028758607454642,4629629.62962963,9259259.25925926,13333.333333333332,26666.666666666664,26666.666666666664,9259259.25925926,1.4285714285714286,0.04,0.3333333333333333,0,22.273699
ASAP7,NORX1,NOR3x1_ASAP7_6t_L,B,Y,rise,160.0,0.0057599999999999,0.7,25.0,57.0039,2.0,2.16e-07,1.08e-07,0,1,1,5.081404364984463,0.0057434746270657,4629629.62962963,9259259.25925926,26666.666666666664,53333.33333333333,26666.666666666664,4629629.62962963,1.4285714285714286,0.04,0.3333333333333333,0,47.863163
ASAP7,NORX1,NOR5x1f_ASAP7_6t_L,B,Y,fall,20.0,0.0115199999999999,0.7,25.0,56.3748,2.0,2.16e-07,1.08e-07,0,1,1,3.044522437723423,0.0114541500451158,4629629.62962963,9259259.25925926,53333.33333333333,106666.66666666666,106666.66666666666,9259259.25925926,1.4285714285714286,0.04,0.3333333333333333,0,53.74294
ASAP7,NORX1,NOR3x1f_ASAP7_6t_L,A,Y,rise,320.0,0.0014399999999999,0.7,25.0,87.158,2.0,2.16e-07,1.08e-07,0,1,1,5.771441123130016,0.0014389641942542,4629629.62962963,9259259.25925926,6666.666666666666,13333.333333333332,6666.666666666666,4629629.62962963,1.4285714285714286,0.04,0.3333333333333333,0,66.96722
ASAP7,NORX1,NOR5x1f_ASAP7_6t_L,A,Y,rise,40.0,0.0028799999999999,0.7,25.0,87.5752,2.0,2.16e-07,1.08e-07,0,1,1,3.713572066704308,0.0028758607454642,4629629.62962963,9259259.25925926,13333.333333333332,26666.666666666664,13333.333333333332,4629629.62962963,1.4285714285714286,0.04,0.3333333333333333,0,32.609592
ASAP7,NORX1,NOR3x1f_ASAP7_6t_L,A,Y,rise,320.0,0.0115199999999999,0.7,25.0,253.984,2.0,2.16e-07,1.08e-07,0,1,1,5.771441123130016,0.0114541500451158,4629629.62962963,9259259.25925926,53333.33333333333,106666.66666666666,53333.33333333333,4629629.62962963,1.4285714285714286,0.04,0.3333333333333333,0,1.2052208
ASAP7,NORX1,NOR5x1f_ASAP7_6t_L,D,Y,fall,10.0,0.0014399999999999,0.7,25.0,12.8211,2.0,2.16e-07,1.08e-07,0,1,1,2.3978952727983707,0.0014389641942542,4629629.62962963,9259259.25925926,6666.666666666666,13333.333333333332,13333.333333333332,9259259.25925926,1.4285714285714286,0.04,0.3333333333333333,0,12.131723
ASAP7,NORX1,NOR3x1_ASAP7_6t_L,B,Y,rise,320.0,0.0460799999999999,0.7,25.0,281.728,2.0,2.16e-07,1.08e-07,0,1,1,5.771441123130016,0.0450498445537087,4629629.62962963,9259259.25925926,213333.3333333333,426666.6666666666,213333.3333333333,4629629.62962963,1.4285714285714286,0.04,0.3333333333333333,0,297.7357
ASAP7,NORX1,NOR5x1f_ASAP7_6t_L,D,Y,fall,5.0,0.0014399999999999,0.7,25.0,11.4554,2.0,2.16e-07,1.08e-07,0,1,1,1.791759469228055,0.0014389641942542,4629629.62962963,9259259.25925926,6666.666666666666,13333.333333333332,13333.333333333332,9259259.25925926,1.4285714285714286,0.04,0.3333333333333333,0,10.476035
ASAP7,NORX1,NOR3x1f_ASAP7_6t_L,B,Y,fall,20.0,0.0014399999999999,0.7,25.0,14.289,2.0,2.16e-07,1.08e-07,0,1,1,3.044522437723423,0.0014389641942542,4629629.62962963,9259259.25925926,6666.666666666666,13333.333333333332,13333.333333333332,9259259.25925926,1.4285714285714286,0.04,0.3333333333333333,0,1.0713754
ASAP7,NORX1,NOR3x1f_ASAP7_6t_L,B,Y,fall,40.0,0.0003599999999999,0.7,25.0,10.215,2.0,2.16e-07,1.08e-07,0,1,1,3.713572066704308,0.0003599352155478,4629629.62962963,9259259.25925926,1666.6666666666663,3333.333333333333,3333.333333333333,9259259.25925926,1.4285714285714286,0.04,0.3333333333333333,0,15.032116
ASAP7,NORX1,NOR5x1f_ASAP7_6t_L,C,Y,fall,5.0,0.0115199999999999,0.7,25.0,52.5748,2.0,2.16e-07,1.08e-07,0,1,1,1.791759469228055,0.0114541500451158,4629629.62962963,9259259.25925926,53333.33333333333,106666.66666666666,106666.66666666666,9259259.25925926,1.4285714285714286,0.04,0.3333333333333333,0,42.714035
ASAP7,NANDX1,NAND3x1_ASAP7_6t_L,B,Y,fall,10.0,0.0460799999999999,0.7,25.0,158.544,0.5,1.08e-07,2.16e-07,0,1,1,2.3978952727983707,0.0450498445537087,9259259.25925926,4629629.62962963,426666.6666666666,213333.3333333333,213333.3333333333,4629629.62962963,1.4285714285714286,0.04,-0.3333333333333333,0,160.02838
ASAP7,NORX1,NOR5x1f_ASAP7_6t_L,C,Y,fall,10.0,0.0003599999999999,0.7,25.0,8.00486,2.0,2.16e-07,1.08e-07,0,1,1,2.3978952727983707,0.0003599352155478,4629629.62962963,9259259.25925926,1666.6666666666663,3333.333333333333,3333.333333333333,9259259.25925926,1.4285714285714286,0.04,0.3333333333333333,0,9.7154045
ASAP7,INVX2,INVx2_ASAP7_6t_L,A,Y,fall,5.0,0.0115199999999999,0.7,25.0,26.6671,1.0,1.08e-07,1.08e-07,1,1,1,1.791759469228055,0.0114541500451158,9259259.25925926,9259259.25925926,106666.66666666666,106666.66666666666,106666.66666666666,9259259.25925926,1.4285714285714286,0.04,0.0,0,40.612797
ASAP7,NORX1,NOR5x1f_ASAP7_6t_L,A,Y,rise,10.0,0.0003599999999999,0.7,25.0,23.4608,2.0,2.16e-07,1.08e-07,0,1,1,2.3978952727983707,0.0003599352155478,4629629.62962963,9259259.25925926,1666.6666666666663,3333.333333333333,1666.6666666666663,4629629.62962963,1.4285714285714286,0.04,0.3333333333333333,0,39.426502
ASAP7,NORX1,NOR5x1f_ASAP7_6t_L,E,Y,fall,40.0,0.0057599999999999,0.7,25.0,39.6584,2.0,2.16e-07,1.08e-07,0,1,1,3.713572066704308,0.0057434746270657,4629629.62962963,9259259.25925926,26666.666666666664,53333.33333333333,53333.33333333333,9259259.25925926,1.4285714285714286,0.04,0.3333333333333333,0,33.722416
ASAP7,INVX2,INVx2_ASAP7_6t_L,A,Y,fall,320.0,0.0014399999999999,0.7,25.0,15.1678,1.0,1.08e-07,1.08e-07,1,1,1,5.771441123130016,0.0014389641942542,9259259.25925926,9259259.25925926,13333.333333333332,13333.333333333332,13333.333333333332,9259259.25925926,1.4285714285714286,0.04,0.0,0,79.16644
ASAP7,NORX1,NOR3x1f_ASAP7_6t_L,A,Y,rise,10.0,0.0007199999999999,0.7,25.0,19.3814,2.0,2.16e-07,1.08e-07,0,1,1,2.3978952727983707,0.0007197409243488,4629629.62962963,9259259.25925926,3333.333333333333,6666.666666666666,3333.333333333333,4629629.62962963,1.4285714285714286,0.04,0.3333333333333333,0,38.92682
ASAP7,NORX1,NOR3x1f_ASAP7_6t_L,B,Y,fall,320.0,0.0057599999999999,0.7,25.0,72.4481,2.0,2.16e-07,1.08e-07,0,1,1,5.771441123130016,0.0057434746270657,4629629.62962963,9259259.25925926,26666.666666666664,53333.33333333333,53333.33333333333,9259259.25925926,1.4285714285714286,0.04,0.3333333333333333,0,48.205162
ASAP7,INVX1,INVx1_ASAP7_6t_L,A,Y,rise,320.0,0.0230399999999999,0.7,25.0,214.735,1.0,5.4e-08,5.4e-08,1,1,1,5.771441123130016,0.0227785868893395,18518518.51851852,18518518.51851852,426666.6666666666,426666.6666666666,426666.6666666666,18518518.51851852,1.4285714285714286,0.04,0.0,0,52.583256
ASAP7,NORX1,NOR3x1_ASAP7_6t_L,B,Y,fall,20.0,0.0028799999999999,0.7,25.0,23.6755,2.0,2.16e-07,1.08e-07,0,1,1,3.044522437723423,0.0028758607454642,4629629.62962963,9259259.25925926,13333.333333333332,26666.666666666664,26666.666666666664,9259259.25925926,1.4285714285714286,0.04,0.3333333333333333,0,17.51046
ASAP7,NANDX1,NAND3x1_ASAP7_6t_L,B,Y,fall,10.0,0.0115199999999999,0.7,25.0,44.5992,0.5,1.08e-07,2.16e-07,0,1,1,2.3978952727983707,0.0114541500451158,9259259.25925926,4629629.62962963,106666.66666666666,53333.33333333333,53333.33333333333,4629629.62962963,1.4285714285714286,0.04,-0.3333333333333333,0,21.237333
ASAP7,NORX1,NOR5x1f_ASAP7_6t_L,B,Y,fall,160.0,0.0014399999999999,0.7,25.0,25.7939,2.0,2.16e-07,1.08e-07,0,1,1,5.081404364984463,0.0014389641942542,4629629.62962963,9259259.25925926,6666.666666666666,13333.333333333332,13333.333333333332,9259259.25925926,1.4285714285714286,0.04,0.3333333333333333,0,27.294607
ASAP7,INVX2,INVx2_ASAP7_6t_L,A,Y,rise,20.0,0.0230399999999999,0.7,25.0,64.6293,1.0,1.08e-07,1.08e-07,1,1,1,3.044522437723423,0.0227785868893395,9259259.25925926,9259259.25925926,213333.3333333333,213333.3333333333,213333.3333333333,9259259.25925926,1.4285714285714286,0.04,0.0,0,54.15432
ASAP7,NORX1,NOR5x1f_ASAP7_6t_L,E,Y,rise,160.0,0.0230399999999999,0.7,25.0,550.833,2.0,2.16e-07,1.08e-07,0,1,1,5.081404364984463,0.0227785868893395,4629629.62962963,9259259.25925926,106666.66666666666,213333.3333333333,106666.66666666666,4629629.62962963,1.4285714285714286,0.04,0.3333333333333333,0,1.1712333
ASAP7,NORX1,NOR3x1_ASAP7_6t_L,C,Y,fall,10.0,0.0460799999999999,0.7,25.0,200.179,2.0,2.16e-07,1.08e-07,0,1,1,2.3978952727983707,0.0450498445537087,4629629.62962963,9259259.25925926,213333.3333333333,426666.6666666666,426666.6666666666,9259259.25925926,1.4285714285714286,0.04,0.3333333333333333,0,181.40564
ASAP7,NANDX1,NAND3x1_ASAP7_6t_L,B,Y,fall,320.0,0.0014399999999999,0.7,25.0,9.18155,0.5,1.08e-07,2.16e-07,0,1,1,5.771441123130016,0.0014389641942542,9259259.25925926,4629629.62962963,13333.333333333332,6666.666666666666,6666.666666666666,4629629.62962963,1.4285714285714286,0.04,-0.3333333333333333,0,21.398026
ASAP7,NANDX1,NAND2x1p5_ASAP7_6t_L,A,Y,fall,40.0,0.0014399999999999,0.7,25.0,10.2508,0.5,1.08e-07,2.16e-07,0,1,1,3.713572066704308,0.0014389641942542,9259259.25925926,4629629.62962963,13333.333333333332,6666.666666666666,6666.666666666666,4629629.62962963,1.4285714285714286,0.04,-0.3333333333333333,0,10.526383
ASAP7,NORX1,NOR5x1f_ASAP7_6t_L,B,Y,rise,320.0,0.0230399999999999,0.7,25.0,598.742,2.0,2.16e-07,1.08e-07,0,1,1,5.771441123130016,0.0227785868893395,4629629.62962963,9259259.25925926,106666.66666666666,213333.3333333333,106666.66666666666,4629629.62962963,1.4285714285714286,0.04,0.3333333333333333,0,297.26065
ASAP7,INVX2,INVx2_ASAP7_6t_L,A,Y,fall,40.0,0.0921599999999999,0.7,25.0,201.811,1.0,1.08e-07,1.08e-07,1,1,1,3.713572066704308,0.0881573867362051,9259259.25925926,9259259.25925926,853333.3333333333,853333.3333333333,853333.3333333333,9259259.25925926,1.4285714285714286,0.04,0.0,0,214.29056
ASAP7,NANDX1,NAND2x1_ASAP7_6t_L,B,Y,fall,40.0,0.0460799999999999,0.7,25.0,172.555,0.5,1.08e-07,2.16e-07,0,1,1,3.713572066704308,0.0450498445537087,9259259.25925926,4629629.62962963,426666.6666666666,213333.3333333333,213333.3333333333,4629629.62962963,1.4285714285714286,0.04,-0.3333333333333333,0,173.65047
ASAP7,NORX1,NOR3x1f_ASAP7_6t_L,B,Y,fall,5.0,0.0003599999999999,0.7,25.0,5.66029,2.0,2.16e-07,1.08e-07,0,1,1,1.791759469228055,0.0003599352155478,4629629.62962963,9259259.25925926,1666.6666666666663,3333.333333333333,3333.333333333333,9259259.25925926,1.4285714285714286,0.04,0.3333333333333333,0,8.154864
ASAP7,NANDX1,NAND3x1_ASAP7_6t_L,A,Y,rise,320.0,0.0115199999999999,0.7,25.0,151.414,0.5,1.08e-07,2.16e-07,0,1,1,5.771441123130016,0.0114541500451158,9259259.25925926,4629629.62962963,106666.66666666666,53333.33333333333,106666.66666666666,9259259.25925926,1.4285714285714286,0.04,-0.3333333333333333,0,95.39114
ASAP7,NANDX1,NAND3x1_ASAP7_6t_L,C,Y,rise,10.0,0.0014399999999999,0.7,25.0,19.1409,0.5,1.08e-07,2.16e-07,0,1,1,2.3978952727983707,0.0014389641942542,9259259.25925926,4629629.62962963,13333.333333333332,6666.666666666666,13333.333333333332,9259259.25925926,1.4285714285714286,0.04,-0.3333333333333333,0,16.412035
ASAP7,NORX1,NOR3x1f_ASAP7_6t_L,B,Y,fall,20.0,0.0230399999999999,0.7,25.0,102.784,2.0,2.16e-07,1.08e-07,0,1,1,3.044522437723423,0.0227785868893395,4629629.62962963,9259259.25925926,106666.66666666666,213333.3333333333,213333.3333333333,9259259.25925926,1.4285714285714286,0.04,0.3333333333333333,0,121.11496
ASAP7,NORX1,NOR5x1f_ASAP7_6t_L,A,Y,fall,40.0,0.0007199999999999,0.7,25.0,13.5239,2.0,2.16e-07,1.08e-07,0,1,1,3.713572066704308,0.0007197409243488,4629629.62962963,9259259.25925926,3333.333333333333,6666.666666666666,6666.666666666666,9259259.25925926,1.4285714285714286,0.04,0.3333333333333333,0,15.705981
ASAP7,NANDX1,NAND3x1_ASAP7_6t_L,A,Y,rise,160.0,0.0007199999999999,0.7,25.0,35.8425,0.5,1.08e-07,2.16e-07,0,1,1,5.081404364984463,0.0007197409243488,9259259.25925926,4629629.62962963,6666.666666666666,3333.333333333333,6666.666666666666,9259259.25925926,1.4285714285714286,0.04,-0.3333333333333333,0,35.44585
ASAP7,NANDX1,NAND3x1_ASAP7_6t_L,A,Y,rise,5.0,0.0007199999999999,0.7,25.0,9.80579,0.5,1.08e-07,2.16e-07,0,1,1,1.791759469228055,0.0007197409243488,9259259.25925926,4629629.62962963,6666.666666666666,3333.333333333333,6666.666666666666,9259259.25925926,1.4285714285714286,0.04,-0.3333333333333333,0,13.085498
ASAP7,NANDX1,NAND3x1_ASAP7_6t_L,C,Y,fall,80.0,0.0014399999999999,0.7,25.0,13.2861,0.5,1.08e-07,2.16e-07,0,1,1,4.394449154672439,0.0014389641942542,9259259.25925926,4629629.62962963,13333.333333333332,6666.666666666666,6666.666666666666,4629629.62962963,1.4285714285714286,0.04,-0.3333333333333333,0,13.072931
ASAP7,NORX1,NOR3x1f_ASAP7_6t_L,A,Y,rise,20.0,0.0014399999999999,0.7,25.0,31.8228,2.0,2.16e-07,1.08e-07,0,1,1,3.044522437723423,0.0014389641942542,4629629.62962963,9259259.25925926,6666.666666666666,13333.333333333332,6666.666666666666,4629629.62962963,1.4285714285714286,0.04,0.3333333333333333,0,23.896578
ASAP7,NANDX1,NAND3x1_ASAP7_6t_L,C,Y,rise,160.0,0.0115199999999999,0.7,25.0,117.608,0.5,1.08e-07,2.16e-07,0,1,1,5.081404364984463,0.0114541500451158,9259259.25925926,4629629.62962963,106666.66666666666,53333.33333333333,106666.66666666666,9259259.25925926,1.4285714285714286,0.04,-0.3333333333333333,0,190.13048
ASAP7,NORX1,NOR3x1_ASAP7_6t_L,C,Y,rise,20.0,0.0460799999999999,0.7,25.0,223.471,2.0,2.16e-07,1.08e-07,0,1,1,3.044522437723423,0.0450498445537087,4629629.62962963,9259259.25925926,213333.3333333333,426666.6666666666,213333.3333333333,4629629.62962963,1.4285714285714286,0.04,0.3333333333333333,0,335.08575
ASAP7,NORX1,NOR3x1f_ASAP7_6t_L,C,Y,fall,80.0,0.0014399999999999,0.7,25.0,22.512,2.0,2.16e-07,1.08e-07,0,1,1,4.394449154672439,0.0014389641942542,4629629.62962963,9259259.25925926,6666.666666666666,13333.333333333332,13333.333333333332,9259259.25925926,1.4285714285714286,0.04,0.3333333333333333,0,22.135805
ASAP7,NORX1,NOR3x1_ASAP7_6t_L,C,Y,fall,10.0,0.0028799999999999,0.7,25.0,22.2596,2.0,2.16e-07,1.08e-07,0,1,1,2.3978952727983707,0.0028758607454642,4629629.62962963,9259259.25925926,13333.333333333332,26666.666666666664,26666.666666666664,9259259.25925926,1.4285714285714286,0.04,0.3333333333333333,0,13.969619
ASAP7,INVX1,INVx13_ASAP7_6t_L,A,Y,rise,80.0,0.0115199999999999,0.7,25.0,20.9874,1.0,5.4e-08,5.4e-08,1,1,1,4.394449154672439,0.0114541500451158,18518518.51851852,18518518.51851852,213333.3333333333,213333.3333333333,213333.3333333333,18518518.51851852,1.4285714285714286,0.04,0.0,0,32.16647
ASAP7,NANDX1,NAND3x1_ASAP7_6t_L,B,Y,rise,10.0,0.0115199999999999,0.7,25.0,67.2823,0.5,1.08e-07,2.16e-07,0,1,1,2.3978952727983707,0.0114541500451158,9259259.25925926,4629629.62962963,106666.66666666666,53333.33333333333,106666.66666666666,9259259.25925926,1.4285714285714286,0.04,-0.3333333333333333,0,54.9515
ASAP7,NORX1,NOR5x1f_ASAP7_6t_L,B,Y,rise,20.0,0.0057599999999999,0.7,25.0,150.42,2.0,2.16e-07,1.08e-07,0,1,1,3.044522437723423,0.0057434746270657,4629629.62962963,9259259.25925926,26666.666666666664,53333.33333333333,26666.666666666664,4629629.62962963,1.4285714285714286,0.04,0.3333333333333333,0,72.84743
ASAP7,NANDX1,NAND3x1_ASAP7_6t_L,C,Y,rise,80.0,0.0230399999999999,0.7,25.0,147.854,0.5,1.08e-07,2.16e-07,0,1,1,4.394449154672439,0.0227785868893395,9259259.25925926,4629629.62962963,213333.3333333333,106666.66666666666,213333.3333333333,9259259.25925926,1.4285714285714286,0.04,-0.3333333333333333,0,154.48157
ASAP7,INVX2,INVx2_ASAP7_6t_L,A,Y,fall,10.0,0.0460799999999999,0.7,25.0,98.9962,1.0,1.08e-07,1.08e-07,1,1,1,2.3978952727983707,0.0450498445537087,9259259.25925926,9259259.25925926,426666.6666666666,426666.6666666666,426666.6666666666,9259259.25925926,1.4285714285714286,0.04,0.0,0,121.78267
ASAP7,NORX1,NOR5x1f_ASAP7_6t_L,B,Y,fall,10.0,0.0115199999999999,0.7,25.0,53.4828,2.0,2.16e-07,1.08e-07,0,1,1,2.3978952727983707,0.0114541500451158,4629629.62962963,9259259.25925926,53333.33333333333,106666.66666666666,106666.66666666666,9259259.25925926,1.4285714285714286,0.04,0.3333333333333333,0,48.245518
ASAP7,NANDX1,NAND2x1p5_ASAP7_6t_L,B,Y,rise,5.0,0.0003599999999999,0.7,25.0,7.50287,0.5,1.08e-07,2.16e-07,0,1,1,1.791759469228055,0.0003599352155478,9259259.25925926,4629629.62962963,3333.333333333333,1666.6666666666663,3333.333333333333,9259259.25925926,1.4285714285714286,0.04,-0.3333333333333333,0,13.085517
ASAP7,NANDX1,NAND3x1_ASAP7_6t_L,A,Y,fall,5.0,0.0007199999999999,0.7,25.0,6.68262,0.5,1.08e-07,2.16e-07,0,1,1,1.791759469228055,0.0007197409243488,9259259.25925926,4629629.62962963,6666.666666666666,3333.333333333333,3333.333333333333,4629629.62962963,1.4285714285714286,0.04,-0.3333333333333333,0,8.3620615
ASAP7,NORX1,NOR5x1f_ASAP7_6t_L,B,Y,rise,10.0,0.0003599999999999,0.7,25.0,26.1635,2.0,2.16e-07,1.08e-07,0,1,1,2.3978952727983707,0.0003599352155478,4629629.62962963,9259259.25925926,1666.6666666666663,3333.333333333333,1666.6666666666663,4629629.62962963,1.4285714285714286,0.04,0.3333333333333333,0,39.426502
ASAP7,NANDX1,NAND3x1_ASAP7_6t_L,C,Y,rise,10.0,0.0057599999999999,0.7,25.0,40.7793,0.5,1.08e-07,2.16e-07,0,1,1,2.3978952727983707,0.0057434746270657,9259259.25925926,4629629.62962963,53333.33333333333,26666.666666666664,53333.33333333333,9259259.25925926,1.4285714285714286,0.04,-0.3333333333333333,0,50.923557
ASAP7,NORX1,NOR5x1f_ASAP7_6t_L,A,Y,fall,80.0,0.0230399999999999,0.7,25.0,120.445,2.0,2.16e-07,1.08e-07,0,1,1,4.394449154672439,0.0227785868893395,4629629.62962963,9259259.25925926,106666.66666666666,213333.3333333333,213333.3333333333,9259259.25925926,1.4285714285714286,0.04,0.3333333333333333,0,1.12174
ASAP7,INVX1,INVx13_ASAP7_6t_L,A,Y,rise,320.0,0.0115199999999999,0.7,25.0,40.142,1.0,5.4e-08,5.4e-08,1,1,1,5.771441123130016,0.0114541500451158,18518518.51851852,18518518.51851852,213333.3333333333,213333.3333333333,213333.3333333333,18518518.51851852,1.4285714285714286,0.04,0.0,0,47.502724
ASAP7,NORX1,NOR5x1f_ASAP7_6t_L,A,Y,fall,80.0,0.0007199999999999,0.7,25.0,15.4144,2.0,2.16e-07,1.08e-07,0,1,1,4.394449154672439,0.0007197409243488,4629629.62962963,9259259.25925926,3333.333333333333,6666.666666666666,6666.666666666666,9259259.25925926,1.4285714285714286,0.04,0.3333333333333333,0,1.0986489
ASAP7,NORX1,NOR3x1f_ASAP7_6t_L,C,Y,rise,160.0,0.0007199999999999,0.7,25.0,36.3252,2.0,2.16e-07,1.08e-07,0,1,1,5.081404364984463,0.0007197409243488,4629629.62962963,9259259.25925926,3333.333333333333,6666.666666666666,3333.333333333333,4629629.62962963,1.4285714285714286,0.04,0.3333333333333333,0,23.219532
ASAP7,NORX1,NOR3x1f_ASAP7_6t_L,A,Y,fall,320.0,0.0115199999999999,0.7,25.0,114.463,2.0,2.16e-07,1.08e-07,0,1,1,5.771441123130016,0.0114541500451158,4629629.62962963,9259259.25925926,53333.33333333333,106666.66666666666,106666.66666666666,9259259.25925926,1.4285714285714286,0.04,0.3333333333333333,0,67.389084
ASAP7,NORX1,NOR5x1f_ASAP7_6t_L,C,Y,rise,80.0,0.0057599999999999,0.7,25.0,160.102,2.0,2.16e-07,1.08e-07,0,1,1,4.394449154672439,0.0057434746270657,4629629.62962963,9259259.25925926,26666.666666666664,53333.33333333333,26666.666666666664,4629629.62962963,1.4285714285714286,0.04,0.3333333333333333,0,89.85376
ASAP7,NORX1,NOR3x1_ASAP7_6t_L,C,Y,rise,10.0,0.0230399999999999,0.7,25.0,115.521,2.0,2.16e-07,1.08e-07,0,1,1,2.3978952727983707,0.0227785868893395,4629629.62962963,9259259.25925926,106666.66666666666,213333.3333333333,106666.66666666666,4629629.62962963,1.4285714285714286,0.04,0.3333333333333333,0,304.85312
ASAP7,NORX1,NOR3x1f_ASAP7_6t_L,A,Y,rise,320.0,0.0230399999999999,0.7,25.0,408.705,2.0,2.16e-07,1.08e-07,0,1,1,5.771441123130016,0.0227785868893395,4629629.62962963,9259259.25925926,106666.66666666666,213333.3333333333,106666.66666666666,4629629.62962963,1.4285714285714286,0.04,0.3333333333333333,0,294.76447
ASAP7,NORX1,NOR5x1f_ASAP7_6t_L,D,Y,fall,80.0,0.0230399999999999,0.7,25.0,121.264,2.0,2.16e-07,1.08e-07,0,1,1,4.394449154672439,0.0227785868893395,4629629.62962963,9259259.25925926,106666.66666666666,213333.3333333333,213333.3333333333,9259259.25925926,1.4285714285714286,0.04,0.3333333333333333,0,113.61911
ASAP7,NANDX1,NAND2x1p5_ASAP7_6t_L,B,Y,rise,80.0,0.0007199999999999,0.7,25.0,24.9266,0.5,1.08e-07,2.16e-07,0,1,1,4.394449154672439,0.0007197409243488,9259259.25925926,4629629.62962963,6666.666666666666,3333.333333333333,6666.666666666666,9259259.25925926,1.4285714285714286,0.04,-0.3333333333333333,0,27.482395
ASAP7,NORX1,NOR2x1_ASAP7_6t_L,A,Y,fall,160.0,0.0028799999999999,0.7,25.0,44.8187,2.0,2.16e-07,1.08e-07,0,1,1,5.081404364984463,0.0028758607454642,4629629.62962963,9259259.25925926,13333.333333333332,26666.666666666664,26666.666666666664,9259259.25925926,1.4285714285714286,0.04,0.3333333333333333,0,32.716522
ASAP7,NORX1,NOR3x1f_ASAP7_6t_L,B,Y,fall,40.0,0.0028799999999999,0.7,25.0,25.4995,2.0,2.16e-07,1.08e-07,0,1,1,3.713572066704308,0.0028758607454642,4629629.62962963,9259259.25925926,13333.333333333332,26666.666666666664,26666.666666666664,9259259.25925926,1.4285714285714286,0.04,0.3333333333333333,0,22.273699
ASAP7,NANDX1,NAND3x1_ASAP7_6t_L,A,Y,fall,320.0,0.0028799999999999,0.7,25.0,28.7385,0.5,1.08e-07,2.16e-07,0,1,1,5.771441123130016,0.0028758607454642,9259259.25925926,4629629.62962963,26666.666666666664,13333.333333333332,13333.333333333332,4629629.62962963,1.4285714285714286,0.04,-0.3333333333333333,0,23.83523
ASAP7,INVX1,INVx11_ASAP7_6t_L,A,Y,rise,10.0,0.0460799999999999,0.7,25.0,26.4202,1.0,5.4e-08,5.4e-08,1,1,1,2.3978952727983707,0.0450498445537087,18518518.51851852,18518518.51851852,853333.3333333333,853333.3333333333,853333.3333333333,18518518.51851852,1.4285714285714286,0.04,0.0,0,30.460955
ASAP7,NORX1,NOR3x1_ASAP7_6t_L,C,Y,rise,320.0,0.0230399999999999,0.7,25.0,151.936,2.0,2.16e-07,1.08e-07,0,1,1,5.771441123130016,0.0227785868893395,4629629.62962963,9259259.25925926,106666.66666666666,213333.3333333333,106666.66666666666,4629629.62962963,1.4285714285714286,0.04,0.3333333333333333,0,294.76447
ASAP7,NORX1,NOR5x1f_ASAP7_6t_L,B,Y,rise,5.0,0.0057599999999999,0.7,25.0,148.096,2.0,2.16e-07,1.08e-07,0,1,1,1.791759469228055,0.0057434746270657,4629629.62962963,9259259.25925926,26666.666666666664,53333.33333333333,26666.666666666664,4629629.62962963,1.4285714285714286,0.04,0.3333333333333333,0,47.187435
ASAP7,NANDX1,NAND2x1p5_ASAP7_6t_L,B,Y,fall,40.0,0.0014399999999999,0.7,25.0,11.621,0.5,1.08e-07,2.16e-07,0,1,1,3.713572066704308,0.0014389641942542,9259259.25925926,4629629.62962963,13333.333333333332,6666.666666666666,6666.666666666666,4629629.62962963,1.4285714285714286,0.04,-0.3333333333333333,0,10.526383
ASAP7,NANDX1,NAND2x1p5_ASAP7_6t_L,A,Y,rise,160.0,0.0028799999999999,0.7,25.0,61.7515,0.5,1.08e-07,2.16e-07,0,1,1,5.081404364984463,0.0028758607454642,9259259.25925926,4629629.62962963,26666.666666666664,13333.333333333332,26666.666666666664,9259259.25925926,1.4285714285714286,0.04,-0.3333333333333333,0,55.980522
ASAP7,NORX1,NOR3x1_ASAP7_6t_L,C,Y,rise,160.0,0.0014399999999999,0.7,25.0,22.5843,2.0,2.16e-07,1.08e-07,0,1,1,5.081404364984463,0.0014389641942542,4629629.62962963,9259259.25925926,6666.666666666666,13333.333333333332,6666.666666666666,4629629.62962963,1.4285714285714286,0.04,0.3333333333333333,0,26.917032
ASAP7,INVX1,INVx13_ASAP7_6t_L,A,Y,rise,80.0,0.0921599999999999,0.7,25.0,63.5768,1.0,5.4e-08,5.4e-08,1,1,1,4.394449154672439,0.0881573867362051,18518518.51851852,18518518.51851852,1706666.6666666665,1706666.6666666665,1706666.6666666665,18518518.51851852,1.4285714285714286,0.04,0.0,0,58.123795
ASAP7,NANDX1,NAND3x1_ASAP7_6t_L,A,Y,fall,20.0,0.0028799999999999,0.7,25.0,17.6846,0.5,1.08e-07,2.16e-07,0,1,1,3.044522437723423,0.0028758607454642,9259259.25925926,4629629.62962963,26666.666666666664,13333.333333333332,13333.333333333332,4629629.62962963,1.4285714285714286,0.04,-0.3333333333333333,0,12.936793
ASAP7,INVX2,INVx2_ASAP7_6t_L,A,Y,rise,80.0,0.0028799999999999,0.7,25.0,25.6315,1.0,1.08e-07,1.08e-07,1,1,1,4.394449154672439,0.0028758607454642,9259259.25925926,9259259.25925926,26666.666666666664,26666.666666666664,26666.666666666664,9259259.25925926,1.4285714285714286,0.04,0.0,0,17.46617
ASAP7,NORX1,NOR3x1_ASAP7_6t_L,C,Y,rise,5.0,0.0230399999999999,0.7,25.0,114.454,2.0,2.16e-07,1.08e-07,0,1,1,1.791759469228055,0.0227785868893395,4629629.62962963,9259259.25925926,106666.66666666666,213333.3333333333,106666.66666666666,4629629.62962963,1.4285714285714286,0.04,0.3333333333333333,0,300.07977
ASAP7,NORX1,NOR5x1f_ASAP7_6t_L,D,Y,fall,5.0,0.0057599999999999,0.7,25.0,29.4229,2.0,2.16e-07,1.08e-07,0,1,1,1.791759469228055,0.0057434746270657,4629629.62962963,9259259.25925926,26666.666666666664,53333.33333333333,53333.33333333333,9259259.25925926,1.4285714285714286,0.04,0.3333333333333333,0,18.326359
ASAP7,NORX1,NOR5x1f_ASAP7_6t_L,E,Y,rise,40.0,0.0057599999999999,0.7,25.0,155.002,2.0,2.16e-07,1.08e-07,0,1,1,3.713572066704308,0.0057434746270657,4629629.62962963,9259259.25925926,26666.666666666664,53333.33333333333,26666.666666666664,4629629.62962963,1.4285714285714286,0.04,0.3333333333333333,0,46.25213
ASAP7,INVX1,INVx11_ASAP7_6t_L,A,Y,rise,20.0,0.0057599999999999,0.7,25.0,9.62564,1.0,5.4e-08,5.4e-08,1,1,1,3.044522437723423,0.0057434746270657,18518518.51851852,18518518.51851852,106666.66666666666,106666.66666666666,106666.66666666666,18518518.51851852,1.4285714285714286,0.04,0.0,0,18.166368
ASAP7,NORX1,NOR3x1f_ASAP7_6t_L,C,Y,rise,80.0,0.0230399999999999,0.7,25.0,334.128,2.0,2.16e-07,1.08e-07,0,1,1,4.394449154672439,0.0227785868893395,4629629.62962963,9259259.25925926,106666.66666666666,213333.3333333333,106666.66666666666,4629629.62962963,1.4285714285714286,0.04,0.3333333333333333,0,297.00415
ASAP7,INVX1,INVx1_ASAP7_6t_L,A,Y,rise,20.0,0.0230399999999999,0.7,25.0,121.298,1.0,5.4e-08,5.4e-08,1,1,1,3.044522437723423,0.0227785868893395,18518518.51851852,18518518.51851852,426666.6666666666,426666.6666666666,426666.6666666666,18518518.51851852,1.4285714285714286,0.04,0.0,0,119.47132
ASAP7,NORX1,NOR5x1f_ASAP7_6t_L,D,Y,rise,5.0,0.0028799999999999,0.7,25.0,86.5739,2.0,2.16e-07,1.08e-07,0,1,1,1.791759469228055,0.0028758607454642,4629629.62962963,9259259.25925926,13333.333333333332,26666.666666666664,13333.333333333332,4629629.62962963,1.4285714285714286,0.04,0.3333333333333333,0,32.500755
ASAP7,NORX1,NOR3x1f_ASAP7_6t_L,B,Y,rise,80.0,0.0014399999999999,0.7,25.0,43.4929,2.0,2.16e-07,1.08e-07,0,1,1,4.394449154672439,0.0014389641942542,4629629.62962963,9259259.25925926,6666.666666666666,13333.333333333332,6666.666666666666,4629629.62962963,1.4285714285714286,0.04,0.3333333333333333,0,40.891815
ASAP7,NORX1,NOR2x1_ASAP7_6t_L,B,Y,rise,10.0,0.0460799999999999,0.7,25.0,220.117,2.0,2.16e-07,1.08e-07,0,1,1,2.3978952727983707,0.0450498445537087,4629629.62962963,9259259.25925926,213333.3333333333,426666.6666666666,213333.3333333333,4629629.62962963,1.4285714285714286,0.04,0.3333333333333333,0,332.12555
ASAP7,NORX1,NOR3x1_ASAP7_6t_L,B,Y,fall,20.0,0.0014399999999999,0.7,25.0,17.6166,2.0,2.16e-07,1.08e-07,0,1,1,3.044522437723423,0.0014389641942542,4629629.62962963,9259259.25925926,6666.666666666666,13333.333333333332,13333.333333333332,9259259.25925926,1.4285714285714286,0.04,0.3333333333333333,0,14.109812
ASAP7,NORX1,NOR3x1_ASAP7_6t_L,A,Y,fall,160.0,0.0230399999999999,0.7,25.0,146.16,2.0,2.16e-07,1.08e-07,0,1,1,5.081404364984463,0.0227785868893395,4629629.62962963,9259259.25925926,106666.66666666666,213333.3333333333,213333.3333333333,9259259.25925926,1.4285714285714286,0.04,0.3333333333333333,0,173.70908
ASAP7,NANDX1,NAND3x1_ASAP7_6t_L,A,Y,fall,160.0,0.0028799999999999,0.7,25.0,28.3504,0.5,1.08e-07,2.16e-07,0,1,1,5.081404364984463,0.0028758607454642,9259259.25925926,4629629.62962963,26666.666666666664,13333.333333333332,13333.333333333332,4629629.62962963,1.4285714285714286,0.04,-0.3333333333333333,0,30.523136
ASAP7,NANDX1,NAND2x1_ASAP7_6t_L,B,Y,rise,40.0,0.0230399999999999,0.7,25.0,129.46,0.5,1.08e-07,2.16e-07,0,1,1,3.713572066704308,0.0227785868893395,9259259.25925926,4629629.62962963,213333.3333333333,106666.66666666666,213333.3333333333,9259259.25925926,1.4285714285714286,0.04,-0.3333333333333333,0,144.1459
ASAP7,NANDX1,NAND2x1p5_ASAP7_6t_L,A,Y,rise,10.0,0.0014399999999999,0.7,25.0,16.7333,0.5,1.08e-07,2.16e-07,0,1,1,2.3978952727983707,0.0014389641942542,9259259.25925926,4629629.62962963,13333.333333333332,6666.666666666666,13333.333333333332,9259259.25925926,1.4285714285714286,0.04,-0.3333333333333333,0,20.841507
ASAP7,INVX1,INVx13_ASAP7_6t_L,A,Y,fall,320.0,0.7372799999999999,0.7,25.0,336.316,1.0,5.4e-08,5.4e-08,1,1,1,5.771441123130016,0.5523206717349491,18518518.51851852,18518518.51851852,13653333.333333332,13653333.333333332,13653333.333333332,18518518.51851852,1.4285714285714286,0.04,0.0,0,338.27658
ASAP7,INVX1,INVx1_ASAP7_6t_L,A,Y,fall,320.0,0.0014399999999999,0.7,25.0,27.6744,1.0,5.4e-08,5.4e-08,1,1,1,5.771441123130016,0.0014389641942542,18518518.51851852,18518518.51851852,26666.666666666664,26666.666666666664,26666.666666666664,18518518.51851852,1.4285714285714286,0.04,0.0,0,220.48827
ASAP7,NANDX1,NAND3x1_ASAP7_6t_L,B,Y,fall,40.0,0.0115199999999999,0.7,25.0,49.5925,0.5,1.08e-07,2.16e-07,0,1,1,3.713572066704308,0.0114541500451158,9259259.25925926,4629629.62962963,106666.66666666666,53333.33333333333,53333.33333333333,4629629.62962963,1.4285714285714286,0.04,-0.3333333333333333,0,70.406136
ASAP7,NORX1,NOR3x1f_ASAP7_6t_L,C,Y,rise,320.0,0.0014399999999999,0.7,25.0,64.4883,2.0,2.16e-07,1.08e-07,0,1,1,5.771441123130016,0.0014389641942542,4629629.62962963,9259259.25925926,6666.666666666666,13333.333333333332,6666.666666666666,4629629.62962963,1.4285714285714286,0.04,0.3333333333333333,0,66.96722
ASAP7,NORX1,NOR3x1f_ASAP7_6t_L,C,Y,fall,320.0,0.0003599999999999,0.7,25.0,12.3215,2.0,2.16e-07,1.08e-07,0,1,1,5.771441123130016,0.0003599352155478,4629629.62962963,9259259.25925926,1666.6666666666663,3333.333333333333,3333.333333333333,9259259.25925926,1.4285714285714286,0.04,0.3333333333333333,0,29.827616
ASAP7,NORX1,NOR2x1_ASAP7_6t_L,A,Y,fall,5.0,0.0007199999999999,0.7,25.0,8.80804,2.0,2.16e-07,1.08e-07,0,1,1,1.791759469228055,0.0007197409243488,4629629.62962963,9259259.25925926,3333.333333333333,6666.666666666666,6666.666666666666,9259259.25925926,1.4285714285714286,0.04,0.3333333333333333,0,1.0529853
ASAP7,NANDX1,NAND2x1_ASAP7_6t_L,B,Y,fall,10.0,0.0057599999999999,0.7,25.0,25.2249,0.5,1.08e-07,2.16e-07,0,1,1,2.3978952727983707,0.0057434746270657,9259259.25925926,4629629.62962963,53333.33333333333,26666.666666666664,26666.666666666664,4629629.62962963,1.4285714285714286,0.04,-0.3333333333333333,0,17.409525
ASAP7,INVX1,INVx13_ASAP7_6t_L,A,Y,fall,10.0,0.0460799999999999,0.7,25.0,20.2177,1.0,5.4e-08,5.4e-08,1,1,1,2.3978952727983707,0.0450498445537087,18518518.51851852,18518518.51851852,853333.3333333333,853333.3333333333,853333.3333333333,18518518.51851852,1.4285714285714286,0.04,0.0,0,216.56657
ASAP7,NANDX1,NAND2x1_ASAP7_6t_L,A,Y,rise,40.0,0.0460799999999999,0.7,25.0,244.198,0.5,1.08e-07,2.16e-07,0,1,1,3.713572066704308,0.0450498445537087,9259259.25925926,4629629.62962963,426666.6666666666,213333.3333333333,426666.6666666666,9259259.25925926,1.4285714285714286,0.04,-0.3333333333333333,0,233.83086
ASAP7,NANDX1,NAND3x1_ASAP7_6t_L,B,Y,rise,320.0,0.0115199999999999,0.7,25.0,155.232,0.5,1.08e-07,2.16e-07,0,1,1,5.771441123130016,0.0114541500451158,9259259.25925926,4629629.62962963,106666.66666666666,53333.33333333333,106666.66666666666,9259259.25925926,1.4285714285714286,0.04,-0.3333333333333333,0,192.10164
ASAP7,NORX1,NOR3x1_ASAP7_6t_L,B,Y,fall,5.0,0.0460799999999999,0.7,25.0,197.136,2.0,2.16e-07,1.08e-07,0,1,1,1.791759469228055,0.0450498445537087,4629629.62962963,9259259.25925926,213333.3333333333,426666.6666666666,426666.6666666666,9259259.25925926,1.4285714285714286,0.04,0.3333333333333333,0,178.52826
ASAP7,NANDX1,NAND2x1_ASAP7_6t_L,A,Y,fall,160.0,0.0014399999999999,0.7,25.0,14.4211,0.5,1.08e-07,2.16e-07,0,1,1,5.081404364984463,0.0014389641942542,9259259.25925926,4629629.62962963,13333.333333333332,6666.666666666666,6666.666666666666,4629629.62962963,1.4285714285714286,0.04,-0.3333333333333333,0,18.198875
ASAP7,NORX1,NOR3x1_ASAP7_6t_L,B,Y,fall,10.0,0.0460799999999999,0.7,25.0,198.518,2.0,2.16e-07,1.08e-07,0,1,1,2.3978952727983707,0.0450498445537087,4629629.62962963,9259259.25925926,213333.3333333333,426666.6666666666,426666.6666666666,9259259.25925926,1.4285714285714286,0.04,0.3333333333333333,0,181.40564
ASAP7,NANDX1,NAND2x1_ASAP7_6t_L,B,Y,fall,20.0,0.0007199999999999,0.7,25.0,8.97512,0.5,1.08e-07,2.16e-07,0,1,1,3.044522437723423,0.0007197409243488,9259259.25925926,4629629.62962963,6666.666666666666,3333.333333333333,3333.333333333333,4629629.62962963,1.4285714285714286,0.04,-0.3333333333333333,0,7.702236
ASAP7,NORX1,NOR2x1_ASAP7_6t_L,B,Y,rise,80.0,0.0230399999999999,0.7,25.0,132.961,2.0,2.16e-07,1.08e-07,0,1,1,4.394449154672439,0.0227785868893395,4629629.62962963,9259259.25925926,106666.66666666666,213333.3333333333,106666.66666666666,4629629.62962963,1.4285714285714286,0.04,0.3333333333333333,0,1.1461679
ASAP7,INVX2,INVx2_ASAP7_6t_L,A,Y,fall,320.0,0.0460799999999999,0.7,25.0,180.611,1.0,1.08e-07,1.08e-07,1,1,1,5.771441123130016,0.0450498445537087,9259259.25925926,9259259.25925926,426666.6666666666,426666.6666666666,426666.6666666666,9259259.25925926,1.4285714285714286,0.04,0.0,0,295.68976
ASAP7,NANDX1,NAND2x1_ASAP7_6t_L,B,Y,fall,160.0,0.0115199999999999,0.7,25.0,79.3127,0.5,1.08e-07,2.16e-07,0,1,1,5.081404364984463,0.0114541500451158,9259259.25925926,4629629.62962963,106666.66666666666,53333.33333333333,53333.33333333333,4629629.62962963,1.4285714285714286,0.04,-0.3333333333333333,0,101.56318
ASAP7,NORX1,NOR5x1f_ASAP7_6t_L,D,Y,rise,40.0,0.0003599999999999,0.7,25.0,32.7237,2.0,2.16e-07,1.08e-07,0,1,1,3.713572066704308,0.0003599352155478,4629629.62962963,9259259.25925926,1666.6666666666663,3333.333333333333,1666.6666666666663,4629629.62962963,1.4285714285714286,0.04,0.3333333333333333,0,17.322603
ASAP7,NORX1,NOR3x1_ASAP7_6t_L,B,Y,fall,10.0,0.0014399999999999,0.7,25.0,14.8952,2.0,2.16e-07,1.08e-07,0,1,1,2.3978952727983707,0.0014389641942542,4629629.62962963,9259259.25925926,6666.666666666666,13333.333333333332,13333.333333333332,9259259.25925926,1.4285714285714286,0.04,0.3333333333333333,0,12.131723
ASAP7,NORX1,NOR5x1f_ASAP7_6t_L,C,Y,fall,80.0,0.0003599999999999,0.7,25.0,13.8871,2.0,2.16e-07,1.08e-07,0,1,1,4.394449154672439,0.0003599352155478,4629629.62962963,9259259.25925926,1666.6666666666663,3333.333333333333,3333.333333333333,9259259.25925926,1.4285714285714286,0.04,0.3333333333333333,0,19.499786
ASAP7,NANDX1,NAND3x1_ASAP7_6t_L,A,Y,rise,320.0,0.0007199999999999,0.7,25.0,54.518,0.5,1.08e-07,2.16e-07,0,1,1,5.771441123130016,0.0007197409243488,9259259.25925926,4629629.62962963,6666.666666666666,3333.333333333333,6666.666666666666,9259259.25925926,1.4285714285714286,0.04,-0.3333333333333333,0,39.76828
ASAP7,NORX1,NOR5x1f_ASAP7_6t_L,D,Y,fall,320.0,0.0057599999999999,0.7,25.0,74.919,2.0,2.16e-07,1.08e-07,0,1,1,5.771441123130016,0.0057434746270657,4629629.62962963,9259259.25925926,26666.666666666664,53333.33333333333,53333.33333333333,9259259.25925926,1.4285714285714286,0.04,0.3333333333333333,0,48.205162
ASAP7,NANDX1,NAND3x1_ASAP7_6t_L,C,Y,rise,80.0,0.0115199999999999,0.7,25.0,91.5479,0.5,1.08e-07,2.16e-07,0,1,1,4.394449154672439,0.0114541500451158,9259259.25925926,4629629.62962963,106666.66666666666,53333.33333333333,106666.66666666666,9259259.25925926,1.4285714285714286,0.04,-0.3333333333333333,0,91.06473
ASAP7,NORX1,NOR2x1_ASAP7_6t_L,B,Y,fall,80.0,0.0028799999999999,0.7,25.0,32.5714,2.0,2.16e-07,1.08e-07,0,1,1,4.394449154672439,0.0028758607454642,4629629.62962963,9259259.25925926,13333.333333333332,26666.666666666664,26666.666666666664,9259259.25925926,1.4285714285714286,0.04,0.3333333333333333,0,1.1006472
ASAP7,NORX1,NOR5x1f_ASAP7_6t_L,C,Y,fall,10.0,0.0057599999999999,0.7,25.0,30.345,2.0,2.16e-07,1.08e-07,0,1,1,2.3978952727983707,0.0057434746270657,4629629.62962963,9259259.25925926,26666.666666666664,53333.33333333333,53333.33333333333,9259259.25925926,1.4285714285714286,0.04,0.3333333333333333,0,22.861832
ASAP7,NANDX1,NAND2x1p5_ASAP7_6t_L,A,Y,fall,40.0,0.0230399999999999,0.7,25.0,63.739,0.5,1.08e-07,2.16e-07,0,1,1,3.713572066704308,0.0227785868893395,9259259.25925926,4629629.62962963,213333.3333333333,106666.66666666666,106666.66666666666,4629629.62962963,1.4285714285714286,0.04,-0.3333333333333333,0,71.947655
ASAP7,NORX1,NOR5x1f_ASAP7_6t_L,B,Y,fall,20.0,0.0014399999999999,0.7,25.0,15.0309,2.0,2.16e-07,1.08e-07,0,1,1,3.044522437723423,0.0014389641942542,4629629.62962963,9259259.25925926,6666.666666666666,13333.333333333332,13333.333333333332,9259259.25925926,1.4285714285714286,0.04,0.3333333333333333,0,14.109812
ASAP7,INVX1,INVx13_ASAP7_6t_L,A,Y,rise,320.0,0.0460799999999999,0.7,25.0,75.5768,1.0,5.4e-08,5.4e-08,1,1,1,5.771441123130016,0.0450498445537087,18518518.51851852,18518518.51851852,853333.3333333333,853333.3333333333,853333.3333333333,18518518.51851852,1.4285714285714286,0.04,0.0,0,221.53622
ASAP7,NORX1,NOR5x1f_ASAP7_6t_L,B,Y,fall,80.0,0.0057599999999999,0.7,25.0,48.5727,2.0,2.16e-07,1.08e-07,0,1,1,4.394449154672439,0.0057434746270657,4629629.62962963,9259259.25925926,26666.666666666664,53333.33333333333,53333.33333333333,9259259.25925926,1.4285714285714286,0.04,0.3333333333333333,0,39.294956
ASAP7,NORX1,NOR5x1f_ASAP7_6t_L,C,Y,fall,320.0,0.0115199999999999,0.7,25.0,116.772,2.0,2.16e-07,1.08e-07,0,1,1,5.771441123130016,0.0114541500451158,4629629.62962963,9259259.25925926,53333.33333333333,106666.66666666666,106666.66666666666,9259259.25925926,1.4285714285714286,0.04,0.3333333333333333,0,67.389084
ASAP7,NANDX1,NAND2x1_ASAP7_6t_L,A,Y,rise,80.0,0.0014399999999999,0.7,25.0,32.2917,0.5,1.08e-07,2.16e-07,0,1,1,4.394449154672439,0.0014389641942542,9259259.25925926,4629629.62962963,13333.333333333332,6666.666666666666,13333.333333333332,9259259.25925926,1.4285714285714286,0.04,-0.3333333333333333,0,30.927418
ASAP7,NANDX1,NAND3x1_ASAP7_6t_L,A,Y,rise,40.0,0.0007199999999999,0.7,25.0,18.1848,0.5,1.08e-07,2.16e-07,0,1,1,3.713572066704308,0.0007197409243488,9259259.25925926,4629629.62962963,6666.666666666666,3333.333333333333,6666.666666666666,9259259.25925926,1.4285714285714286,0.04,-0.3333333333333333,0,22.541082
ASAP7,NANDX1,NAND2x1p5_ASAP7_6t_L,A,Y,rise,40.0,0.0230399999999999,0.7,25.0,132.397,0.5,1.08e-07,2.16e-07,0,1,1,3.713572066704308,0.0227785868893395,9259259.25925926,4629629.62962963,213333.3333333333,106666.66666666666,213333.3333333333,9259259.25925926,1.4285714285714286,0.04,-0.3333333333333333,0,144.1459
ASAP7,INVX2,INVx2_ASAP7_6t_L,A,Y,rise,5.0,0.0028799999999999,0.7,25.0,10.3748,1.0,1.08e-07,1.08e-07,1,1,1,1.791759469228055,0.0028758607454642,9259259.25925926,9259259.25925926,26666.666666666664,26666.666666666664,26666.666666666664,9259259.25925926,1.4285714285714286,0.04,0.0,0,16.834593
ASAP7,NANDX1,NAND2x1_ASAP7_6t_L,A,Y,rise,10.0,0.0028799999999999,0.7,25.0,22.5784,0.5,1.08e-07,2.16e-07,0,1,1,2.3978952727983707,0.0028758607454642,9259259.25925926,4629629.62962963,26666.666666666664,13333.333333333332,26666.666666666664,9259259.25925926,1.4285714285714286,0.04,-0.3333333333333333,0,22.813961
ASAP7,INVX1,INVx11_ASAP7_6t_L,A,Y,fall,160.0,0.0921599999999999,0.7,25.0,75.0469,1.0,5.4e-08,5.4e-08,1,1,1,5.081404364984463,0.0881573867362051,18518518.51851852,18518518.51851852,1706666.6666666665,1706666.6666666665,1706666.6666666665,18518518.51851852,1.4285714285714286,0.04,0.0,0,58.572914
ASAP7,NORX1,NOR3x1f_ASAP7_6t_L,C,Y,rise,40.0,0.0014399999999999,0.7,25.0,34.5769,2.0,2.16e-07,1.08e-07,0,1,1,3.713572066704308,0.0014389641942542,4629629.62962963,9259259.25925926,6666.666666666666,13333.333333333332,6666.666666666666,4629629.62962963,1.4285714285714286,0.04,0.3333333333333333,0,22.574535
ASAP7,NORX1,NOR5x1f_ASAP7_6t_L,E,Y,fall,10.0,0.0057599999999999,0.7,25.0,30.9975,2.0,2.16e-07,1.08e-07,0,1,1,2.3978952727983707,0.0057434746270657,4629629.62962963,9259259.25925926,26666.666666666664,53333.33333333333,53333.33333333333,9259259.25925926,1.4285714285714286,0.04,0.3333333333333333,0,22.861832
ASAP7,INVX1,INVx13_ASAP7_6t_L,A,Y,rise,80.0,0.3686399999999999,0.7,25.0,172.727,1.0,5.4e-08,5.4e-08,1,1,1,4.394449154672439,0.3138175460564067,18518518.51851852,18518518.51851852,6826666.666666666,6826666.666666666,6826666.666666666,18518518.51851852,1.4285714285714286,0.04,0.0,0,194.93932
ASAP7,NORX1,NOR3x1_ASAP7_6t_L,A,Y,fall,320.0,0.0460799999999999,0.7,25.0,287.632,2.0,2.16e-07,1.08e-07,0,1,1,5.771441123130016,0.0450498445537087,4629629.62962963,9259259.25925926,213333.3333333333,426666.6666666666,426666.6666666666,9259259.25925926,1.4285714285714286,0.04,0.3333333333333333,0,157.59459
ASAP7,NORX1,NOR3x1_ASAP7_6t_L,B,Y,fall,80.0,0.0028799999999999,0.7,25.0,37.1952,2.0,2.16e-07,1.08e-07,0,1,1,4.394449154672439,0.0028758607454642,4629629.62962963,9259259.25925926,13333.333333333332,26666.666666666664,26666.666666666664,9259259.25925926,1.4285714285714286,0.04,0.3333333333333333,0,27.520985
ASAP7,NORX1,NOR3x1f_ASAP7_6t_L,C,Y,rise,320.0,0.0007199999999999,0.7,25.0,50.3758,2.0,2.16e-07,1.08e-07,0,1,1,5.771441123130016,0.0007197409243488,4629629.62962963,9259259.25925926,3333.333333333333,6666.666666666666,3333.333333333333,4629629.62962963,1.4285714285714286,0.04,0.3333333333333333,0,63.724564
ASAP7,NORX1,NOR5x1f_ASAP7_6t_L,B,Y,fall,10.0,0.0028799999999999,0.7,25.0,18.1439,2.0,2.16e-07,1.08e-07,0,1,1,2.3978952727983707,0.0028758607454642,4629629.62962963,9259259.25925926,13333.333333333332,26666.666666666664,26666.666666666664,9259259.25925926,1.4285714285714286,0.04,0.3333333333333333,0,13.969619
ASAP7,NORX1,NOR3x1f_ASAP7_6t_L,B,Y,fall,160.0,0.0057599999999999,0.7,25.0,59.9693,2.0,2.16e-07,1.08e-07,0,1,1,5.081404364984463,0.0057434746270657,4629629.62962963,9259259.25925926,26666.666666666664,53333.33333333333,53333.33333333333,9259259.25925926,1.4285714285714286,0.04,0.3333333333333333,0,44.377712
ASAP7,NANDX1,NAND2x1p5_ASAP7_6t_L,B,Y,rise,320.0,0.0003599999999999,0.7,25.0,51.5882,0.5,1.08e-07,2.16e-07,0,1,1,5.771441123130016,0.0003599352155478,9259259.25925926,4629629.62962963,3333.333333333333,1666.6666666666663,3333.333333333333,9259259.25925926,1.4285714285714286,0.04,-0.3333333333333333,0,39.768208
ASAP7,NORX1,NOR3x1_ASAP7_6t_L,A,Y,rise,320.0,0.0230399999999999,0.7,25.0,190.236,2.0,2.16e-07,1.08e-07,0,1,1,5.771441123130016,0.0227785868893395,4629629.62962963,9259259.25925926,106666.66666666666,213333.3333333333,106666.66666666666,4629629.62962963,1.4285714285714286,0.04,0.3333333333333333,0,1.2188642
ASAP7,NORX1,NOR3x1_ASAP7_6t_L,C,Y,fall,40.0,0.0028799999999999,0.7,25.0,30.6445,2.0,2.16e-07,1.08e-07,0,1,1,3.713572066704308,0.0028758607454642,4629629.62962963,9259259.25925926,13333.333333333332,26666.666666666664,26666.666666666664,9259259.25925926,1.4285714285714286,0.04,0.3333333333333333,0,22.2737
ASAP7,INVX1,INVx1_ASAP7_6t_L,A,Y,fall,40.0,0.0057599999999999,0.7,25.0,37.0195,1.0,5.4e-08,5.4e-08,1,1,1,3.713572066704308,0.0057434746270657,18518518.51851852,18518518.51851852,106666.66666666666,106666.66666666666,106666.66666666666,18518518.51851852,1.4285714285714286,0.04,0.0,0,92.31318
ASAP7,NORX1,NOR3x1_ASAP7_6t_L,C,Y,fall,160.0,0.0007199999999999,0.7,25.0,34.8641,2.0,2.16e-07,1.08e-07,0,1,1,5.081404364984463,0.0007197409243488,4629629.62962963,9259259.25925926,3333.333333333333,6666.666666666666,6666.666666666666,9259259.25925926,1.4285714285714286,0.04,0.3333333333333333,0,24.61823
ASAP7,NORX1,NOR3x1f_ASAP7_6t_L,C,Y,fall,20.0,0.0014399999999999,0.7,25.0,14.6346,2.0,2.16e-07,1.08e-07,0,1,1,3.044522437723423,0.0014389641942542,4629629.62962963,9259259.25925926,6666.666666666666,13333.333333333332,13333.333333333332,9259259.25925926,1.4285714285714286,0.04,0.3333333333333333,0,14.109812
ASAP7,NANDX1,NAND3x1_ASAP7_6t_L,B,Y,rise,160.0,0.0460799999999999,0.7,25.0,284.382,0.5,1.08e-07,2.16e-07,0,1,1,5.081404364984463,0.0450498445537087,9259259.25925926,4629629.62962963,426666.6666666666,213333.3333333333,426666.6666666666,9259259.25925926,1.4285714285714286,0.04,-0.3333333333333333,0,245.2771
ASAP7,NORX1,NOR3x1_ASAP7_6t_L,A,Y,fall,5.0,0.0057599999999999,0.7,25.0,29.8911,2.0,2.16e-07,1.08e-07,0,1,1,1.791759469228055,0.0057434746270657,4629629.62962963,9259259.25925926,26666.666666666664,53333.33333333333,53333.33333333333,9259259.25925926,1.4285714285714286,0.04,0.3333333333333333,0,18.326359
ASAP7,NORX1,NOR5x1f_ASAP7_6t_L,B,Y,rise,20.0,0.0115199999999999,0.7,25.0,280.122,2.0,2.16e-07,1.08e-07,0,1,1,3.044522437723423,0.0114541500451158,4629629.62962963,9259259.25925926,53333.33333333333,106666.66666666666,53333.33333333333,4629629.62962963,1.4285714285714286,0.04,0.3333333333333333,0,166.97005
ASAP7,NORX1,NOR3x1f_ASAP7_6t_L,C,Y,rise,10.0,0.0028799999999999,0.7,25.0,50.4054,2.0,2.16e-07,1.08e-07,0,1,1,2.3978952727983707,0.0028758607454642,4629629.62962963,9259259.25925926,13333.333333333332,26666.666666666664,13333.333333333332,4629629.62962963,1.4285714285714286,0.04,0.3333333333333333,0,48.28328
ASAP7,NORX1,NOR3x1f_ASAP7_6t_L,B,Y,fall,5.0,0.0007199999999999,0.7,25.0,7.17759,2.0,2.16e-07,1.08e-07,0,1,1,1.791759469228055,0.0007197409243488,4629629.62962963,9259259.25925926,3333.333333333333,6666.666666666666,6666.666666666666,9259259.25925926,1.4285714285714286,0.04,0.3333333333333333,0,8.154815
ASAP7,INVX2,INVx2_ASAP7_6t_L,A,Y,fall,80.0,0.0230399999999999,0.7,25.0,72.038,1.0,1.08e-07,1.08e-07,1,1,1,4.394449154672439,0.0227785868893395,9259259.25925926,9259259.25925926,213333.3333333333,213333.3333333333,213333.3333333333,9259259.25925926,1.4285714285714286,0.04,0.0,0,58.590935
ASAP7,INVX2,INVx2_ASAP7_6t_L,A,Y,rise,160.0,0.0230399999999999,0.7,25.0,107.948,1.0,1.08e-07,1.08e-07,1,1,1,5.081404364984463,0.0227785868893395,9259259.25925926,9259259.25925926,213333.3333333333,213333.3333333333,213333.3333333333,9259259.25925926,1.4285714285714286,0.04,0.0,0,57.970913
ASAP7,NORX1,NOR3x1_ASAP7_6t_L,C,Y,fall,320.0,0.0057599999999999,0.7,25.0,91.9475,2.0,2.16e-07,1.08e-07,0,1,1,5.771441123130016,0.0057434746270657,4629629.62962963,9259259.25925926,26666.666666666664,53333.33333333333,53333.33333333333,9259259.25925926,1.4285714285714286,0.04,0.3333333333333333,0,48.205162
ASAP7,NORX1,NOR5x1f_ASAP7_6t_L,D,Y,fall,5.0,0.0115199999999999,0.7,25.0,53.1399,2.0,2.16e-07,1.08e-07,0,1,1,1.791759469228055,0.0114541500451158,4629629.62962963,9259259.25925926,53333.33333333333,106666.66666666666,106666.66666666666,9259259.25925926,1.4285714285714286,0.04,0.3333333333333333,0,42.714035
ASAP7,NORX1,NOR2x1_ASAP7_6t_L,A,Y,rise,320.0,0.0230399999999999,0.7,25.0,172.185,2.0,2.16e-07,1.08e-07,0,1,1,5.771441123130016,0.0227785868893395,4629629.62962963,9259259.25925926,106666.66666666666,213333.3333333333,106666.66666666666,4629629.62962963,1.4285714285714286,0.04,0.3333333333333333,0,297.71628
ASAP7,NANDX1,NAND3x1_ASAP7_6t_L,B,Y,rise,80.0,0.0460799999999999,0.7,25.0,258.766,0.5,1.08e-07,2.16e-07,0,1,1,4.394449154672439,0.0450498445537087,9259259.25925926,4629629.62962963,426666.6666666666,213333.3333333333,426666.6666666666,9259259.25925926,1.4285714285714286,0.04,-0.3333333333333333,0,234.19974
ASAP7,NANDX1,NAND2x1p5_ASAP7_6t_L,B,Y,fall,320.0,0.0115199999999999,0.7,25.0,70.2691,0.5,1.08e-07,2.16e-07,0,1,1,5.771441123130016,0.0114541500451158,9259259.25925926,4629629.62962963,106666.66666666666,53333.33333333333,53333.33333333333,4629629.62962963,1.4285714285714286,0.04,-0.3333333333333333,0,107.8551
ASAP7,NORX1,NOR3x1_ASAP7_6t_L,C,Y,fall,5.0,0.0007199999999999,0.7,25.0,11.5771,2.0,2.16e-07,1.08e-07,0,1,1,1.791759469228055,0.0007197409243488,4629629.62962963,9259259.25925926,3333.333333333333,6666.666666666666,6666.666666666666,9259259.25925926,1.4285714285714286,0.04,0.3333333333333333,0,9.526201
ASAP7,INVX2,INVx2_ASAP7_6t_L,A,Y,rise,80.0,0.0921599999999999,0.7,25.0,253.079,1.0,1.08e-07,1.08e-07,1,1,1,4.394449154672439,0.0881573867362051,9259259.25925926,9259259.25925926,853333.3333333333,853333.3333333333,853333.3333333333,9259259.25925926,1.4285714285714286,0.04,0.0,0,298.77304
ASAP7,INVX2,INVx2_ASAP7_6t_L,A,Y,rise,40.0,0.0460799999999999,0.7,25.0,127.468,1.0,1.08e-07,1.08e-07,1,1,1,3.713572066704308,0.0450498445537087,9259259.25925926,9259259.25925926,426666.6666666666,426666.6666666666,426666.6666666666,9259259.25925926,1.4285714285714286,0.04,0.0,0,53.688347
ASAP7,NORX1,NOR3x1f_ASAP7_6t_L,B,Y,fall,320.0,0.0230399999999999,0.7,25.0,181.357,2.0,2.16e-07,1.08e-07,0,1,1,5.771441123130016,0.0227785868893395,4629629.62962963,9259259.25925926,106666.66666666666,213333.3333333333,213333.3333333333,9259259.25925926,1.4285714285714286,0.04,0.3333333333333333,0,156.88663
ASAP7,INVX1,INVx11_ASAP7_6t_L,A,Y,rise,10.0,0.1843199999999999,0.7,25.0,90.3363,1.0,5.4e-08,5.4e-08,1,1,1,2.3978952727983707,0.169168770215654,18518518.51851852,18518518.51851852,3413333.333333333,3413333.333333333,3413333.333333333,18518518.51851852,1.4285714285714286,0.04,0.0,0,95.087906
ASAP7,NANDX1,NAND3x1_ASAP7_6t_L,B,Y,rise,40.0,0.0007199999999999,0.7,25.0,21.6253,0.5,1.08e-07,2.16e-07,0,1,1,3.713572066704308,0.0007197409243488,9259259.25925926,4629629.62962963,6666.666666666666,3333.333333333333,6666.666666666666,9259259.25925926,1.4285714285714286,0.04,-0.3333333333333333,0,24.320374
ASAP7,INVX1,INVx13_ASAP7_6t_L,A,Y,fall,40.0,0.0921599999999999,0.7,25.0,43.8223,1.0,5.4e-08,5.4e-08,1,1,1,3.713572066704308,0.0881573867362051,18518518.51851852,18518518.51851852,1706666.6666666665,1706666.6666666665,1706666.6666666665,18518518.51851852,1.4285714285714286,0.04,0.0,0,37.289227
ASAP7,INVX1,INVx1_ASAP7_6t_L,A,Y,fall,20.0,0.0014399999999999,0.7,25.0,13.1164,1.0,5.4e-08,5.4e-08,1,1,1,3.044522437723423,0.0014389641942542,18518518.51851852,18518518.51851852,26666.666666666664,26666.666666666664,26666.666666666664,18518518.51851852,1.4285714285714286,0.04,0.0,0,8.965948
ASAP7,NORX1,NOR3x1f_ASAP7_6t_L,A,Y,fall,10.0,0.0115199999999999,0.7,25.0,52.6213,2.0,2.16e-07,1.08e-07,0,1,1,2.3978952727983707,0.0114541500451158,4629629.62962963,9259259.25925926,53333.33333333333,106666.66666666666,106666.66666666666,9259259.25925926,1.4285714285714286,0.04,0.3333333333333333,0,48.245518
ASAP7,NORX1,NOR5x1f_ASAP7_6t_L,C,Y,rise,20.0,0.0014399999999999,0.7,25.0,54.4043,2.0,2.16e-07,1.08e-07,0,1,1,3.044522437723423,0.0014389641942542,4629629.62962963,9259259.25925926,6666.666666666666,13333.333333333332,6666.666666666666,4629629.62962963,1.4285714285714286,0.04,0.3333333333333333,0,23.829628
ASAP7,NANDX1,NAND3x1_ASAP7_6t_L,B,Y,rise,40.0,0.0115199999999999,0.7,25.0,76.6638,0.5,1.08e-07,2.16e-07,0,1,1,3.713572066704308,0.0114541500451158,9259259.25925926,4629629.62962963,106666.66666666666,53333.33333333333,106666.66666666666,9259259.25925926,1.4285714285714286,0.04,-0.3333333333333333,0,142.6089
ASAP7,INVX1,INVx1_ASAP7_6t_L,A,Y,fall,10.0,0.0460799999999999,0.7,25.0,193.388,1.0,5.4e-08,5.4e-08,1,1,1,2.3978952727983707,0.0450498445537087,18518518.51851852,18518518.51851852,853333.3333333333,853333.3333333333,853333.3333333333,18518518.51851852,1.4285714285714286,0.04,0.0,0,209.00684
ASAP7,NANDX1,NAND3x1_ASAP7_6t_L,A,Y,fall,20.0,0.0057599999999999,0.7,25.0,27.2381,0.5,1.08e-07,2.16e-07,0,1,1,3.044522437723423,0.0057434746270657,9259259.25925926,4629629.62962963,53333.33333333333,26666.666666666664,26666.666666666664,4629629.62962963,1.4285714285714286,0.04,-0.3333333333333333,0,22.912699
ASAP7,INVX1,INVx13_ASAP7_6t_L,A,Y,rise,160.0,0.3686399999999999,0.7,25.0,197.14,1.0,5.4e-08,5.4e-08,1,1,1,5.081404364984463,0.3138175460564067,18518518.51851852,18518518.51851852,6826666.666666666,6826666.666666666,6826666.666666666,18518518.51851852,1.4285714285714286,0.04,0.0,0,198.64804
ASAP7,INVX2,INVx2_ASAP7_6t_L,A,Y,rise,40.0,0.0230399999999999,0.7,25.0,70.9267,1.0,1.08e-07,1.08e-07,1,1,1,3.713572066704308,0.0227785868893395,9259259.25925926,9259259.25925926,213333.3333333333,213333.3333333333,213333.3333333333,9259259.25925926,1.4285714285714286,0.04,0.0,0,57.10476
ASAP7,NANDX1,NAND2x1p5_ASAP7_6t_L,A,Y,fall,20.0,0.0014399999999999,0.7,25.0,9.2709,0.5,1.08e-07,2.16e-07,0,1,1,3.044522437723423,0.0014389641942542,9259259.25925926,4629629.62962963,13333.333333333332,6666.666666666666,6666.666666666666,4629629.62962963,1.4285714285714286,0.04,-0.3333333333333333,0,8.828967
ASAP7,NORX1,NOR3x1f_ASAP7_6t_L,A,Y,fall,160.0,0.0115199999999999,0.7,25.0,91.9442,2.0,2.16e-07,1.08e-07,0,1,1,5.081404364984463,0.0114541500451158,4629629.62962963,9259259.25925926,53333.33333333333,106666.66666666666,106666.66666666666,9259259.25925926,1.4285714285714286,0.04,0.3333333333333333,0,65.888
ASAP7,NORX1,NOR3x1f_ASAP7_6t_L,A,Y,rise,20.0,0.0028799999999999,0.7,25.0,51.687,2.0,2.16e-07,1.08e-07,0,1,1,3.044522437723423,0.0028758607454642,4629629.62962963,9259259.25925926,13333.333333333332,26666.666666666664,13333.333333333332,4629629.62962963,1.4285714285714286,0.04,0.3333333333333333,0,33.396503
ASAP7,NANDX1,NAND2x1_ASAP7_6t_L,B,Y,fall,20.0,0.0230399999999999,0.7,25.0,87.6052,0.5,1.08e-07,2.16e-07,0,1,1,3.044522437723423,0.0227785868893395,9259259.25925926,4629629.62962963,213333.3333333333,106666.66666666666,106666.66666666666,4629629.62962963,1.4285714285714286,0.04,-0.3333333333333333,0,67.52579
ASAP7,INVX1,INVx13_ASAP7_6t_L,A,Y,rise,160.0,0.7372799999999999,0.7,25.0,342.4,1.0,5.4e-08,5.4e-08,1,1,1,5.081404364984463,0.5523206717349491,18518518.51851852,18518518.51851852,13653333.333333332,13653333.333333332,13653333.333333332,18518518.51851852,1.4285714285714286,0.04,0.0,0,337.78067
ASAP7,INVX1,INVx13_ASAP7_6t_L,A,Y,rise,20.0,0.0115199999999999,0.7,25.0,12.3899,1.0,5.4e-08,5.4e-08,1,1,1,3.044522437723423,0.0114541500451158,18518518.51851852,18518518.51851852,213333.3333333333,213333.3333333333,213333.3333333333,18518518.51851852,1.4285714285714286,0.04,0.0,0,82.53193
ASAP7,NANDX1,NAND2x1_ASAP7_6t_L,B,Y,rise,160.0,0.0460799999999999,0.7,25.0,281.068,0.5,1.08e-07,2.16e-07,0,1,1,5.081404364984463,0.0450498445537087,9259259.25925926,4629629.62962963,426666.6666666666,213333.3333333333,426666.6666666666,9259259.25925926,1.4285714285714286,0.04,-0.3333333333333333,0,245.2771
ASAP7,INVX1,INVx1_ASAP7_6t_L,A,Y,rise,80.0,0.0007199999999999,0.7,25.0,19.1608,1.0,5.4e-08,5.4e-08,1,1,1,4.394449154672439,0.0007197409243488,18518518.51851852,18518518.51851852,13333.333333333332,13333.333333333332,13333.333333333332,18518518.51851852,1.4285714285714286,0.04,0.0,0,18.504107
ASAP7,NANDX1,NAND2x1p5_ASAP7_6t_L,B,Y,rise,160.0,0.0230399999999999,0.7,25.0,169.425,0.5,1.08e-07,2.16e-07,0,1,1,5.081404364984463,0.0227785868893395,9259259.25925926,4629629.62962963,213333.3333333333,106666.66666666666,213333.3333333333,9259259.25925926,1.4285714285714286,0.04,-0.3333333333333333,0,243.84175
ASAP7,NORX1,NOR5x1f_ASAP7_6t_L,D,Y,rise,40.0,0.0230399999999999,0.7,25.0,544.448,2.0,2.16e-07,1.08e-07,0,1,1,3.713572066704308,0.0227785868893395,4629629.62962963,9259259.25925926,106666.66666666666,213333.3333333333,106666.66666666666,4629629.62962963,1.4285714285714286,0.04,0.3333333333333333,0,305.32718
ASAP7,NORX1,NOR5x1f_ASAP7_6t_L,B,Y,rise,20.0,0.0003599999999999,0.7,25.0,27.6317,2.0,2.16e-07,1.08e-07,0,1,1,3.044522437723423,0.0003599352155478,4629629.62962963,9259259.25925926,1666.6666666666663,3333.333333333333,1666.6666666666663,4629629.62962963,1.4285714285714286,0.04,0.3333333333333333,0,16.247532
ASAP7,INVX2,INVx2_ASAP7_6t_L,A,Y,rise,80.0,0.0115199999999999,0.7,25.0,54.9865,1.0,1.08e-07,1.08e-07,1,1,1,4.394449154672439,0.0114541500451158,9259259.25925926,9259259.25925926,106666.66666666666,106666.66666666666,106666.66666666666,9259259.25925926,1.4285714285714286,0.04,0.0,0,56.561398
ASAP7,NORX1,NOR3x1_ASAP7_6t_L,A,Y,fall,10.0,0.0007199999999999,0.7,25.0,9.91214,2.0,2.16e-07,1.08e-07,0,1,1,2.3978952727983707,0.0007197409243488,4629629.62962963,9259259.25925926,3333.333333333333,6666.666666666666,6666.666666666666,9259259.25925926,1.4285714285714286,0.04,0.3333333333333333,0,11.356401
ASAP7,NORX1,NOR3x1f_ASAP7_6t_L,B,Y,rise,80.0,0.0028799999999999,0.7,25.0,64.3365,2.0,2.16e-07,1.08e-07,0,1,1,4.394449154672439,0.0028758607454642,4629629.62962963,9259259.25925926,13333.333333333332,26666.666666666664,13333.333333333332,4629629.62962963,1.4285714285714286,0.04,0.3333333333333333,0,47.636875
ASAP7,NORX1,NOR5x1f_ASAP7_6t_L,A,Y,fall,320.0,0.0028799999999999,0.7,25.0,41.96,2.0,2.16e-07,1.08e-07,0,1,1,5.771441123130016,0.0028758607454642,4629629.62962963,9259259.25925926,13333.333333333332,26666.666666666664,26666.666666666664,9259259.25925926,1.4285714285714286,0.04,0.3333333333333333,0,37.391388
ASAP7,NANDX1,NAND2x1p5_ASAP7_6t_L,B,Y,rise,80.0,0.0057599999999999,0.7,25.0,58.2885,0.5,1.08e-07,2.16e-07,0,1,1,4.394449154672439,0.0057434746270657,9259259.25925926,4629629.62962963,53333.33333333333,26666.666666666664,53333.33333333333,9259259.25925926,1.4285714285714286,0.04,-0.3333333333333333,0,85.80548
ASAP7,NANDX1,NAND3x1_ASAP7_6t_L,A,Y,fall,20.0,0.0230399999999999,0.7,25.0,84.1346,0.5,1.08e-07,2.16e-07,0,1,1,3.044522437723423,0.0227785868893395,9259259.25925926,4629629.62962963,213333.3333333333,106666.66666666666,106666.66666666666,4629629.62962963,1.4285714285714286,0.04,-0.3333333333333333,0,67.52579
ASAP7,INVX1,INVx13_ASAP7_6t_L,A,Y,fall,320.0,0.1843199999999999,0.7,25.0,133.115,1.0,5.4e-08,5.4e-08,1,1,1,5.771441123130016,0.169168770215654,18518518.51851852,18518518.51851852,3413333.333333333,3413333.333333333,3413333.333333333,18518518.51851852,1.4285714285714286,0.04,0.0,0,133.69118
ASAP7,NANDX1,NAND2x1_ASAP7_6t_L,B,Y,fall,80.0,0.0460799999999999,0.7,25.0,183.225,0.5,1.08e-07,2.16e-07,0,1,1,4.394449154672439,0.0450498445537087,9259259.25925926,4629629.62962963,426666.6666666666,213333.3333333333,213333.3333333333,4629629.62962963,1.4285714285714286,0.04,-0.3333333333333333,0,174.20555
ASAP7,NANDX1,NAND3x1_ASAP7_6t_L,B,Y,fall,40.0,0.0007199999999999,0.7,25.0,10.7123,0.5,1.08e-07,2.16e-07,0,1,1,3.713572066704308,0.0007197409243488,9259259.25925926,4629629.62962963,6666.666666666666,3333.333333333333,3333.333333333333,4629629.62962963,1.4285714285714286,0.04,-0.3333333333333333,0,8.458493
ASAP7,NANDX1,NAND2x1_ASAP7_6t_L,B,Y,rise,10.0,0.0460799999999999,0.7,25.0,233.405,0.5,1.08e-07,2.16e-07,0,1,1,2.3978952727983707,0.0450498445537087,9259259.25925926,4629629.62962963,426666.6666666666,213333.3333333333,426666.6666666666,9259259.25925926,1.4285714285714286,0.04,-0.3333333333333333,0,222.60258
ASAP7,NORX1,NOR3x1f_ASAP7_6t_L,A,Y,rise,10.0,0.0057599999999999,0.7,25.0,88.7412,2.0,2.16e-07,1.08e-07,0,1,1,2.3978952727983707,0.0057434746270657,4629629.62962963,9259259.25925926,26666.666666666664,53333.33333333333,26666.666666666664,4629629.62962963,1.4285714285714286,0.04,0.3333333333333333,0,1.0905848
ASAP7,NORX1,NOR3x1f_ASAP7_6t_L,A,Y,rise,5.0,0.0007199999999999,0.7,25.0,18.4404,2.0,2.16e-07,1.08e-07,0,1,1,1.791759469228055,0.0007197409243488,4629629.62962963,9259259.25925926,3333.333333333333,6666.666666666666,3333.333333333333,4629629.62962963,1.4285714285714286,0.04,0.3333333333333333,0,13.520542
ASAP7,NANDX1,NAND2x1p5_ASAP7_6t_L,A,Y,fall,10.0,0.0007199999999999,0.7,25.0,6.3971,0.5,1.08e-07,2.16e-07,0,1,1,2.3978952727983707,0.0007197409243488,9259259.25925926,4629629.62962963,6666.666666666666,3333.333333333333,3333.333333333333,4629629.62962963,1.4285714285714286,0.04,-0.3333333333333333,0,5.650482
ASAP7,INVX1,INVx11_ASAP7_6t_L,A,Y,rise,5.0,0.0460799999999999,0.7,25.0,25.0003,1.0,5.4e-08,5.4e-08,1,1,1,1.791759469228055,0.0450498445537087,18518518.51851852,18518518.51851852,853333.3333333333,853333.3333333333,853333.3333333333,18518518.51851852,1.4285714285714286,0.04,0.0,0,30.461359
ASAP7,NORX1,NOR3x1_ASAP7_6t_L,C,Y,fall,80.0,0.0115199999999999,0.7,25.0,78.4704,2.0,2.16e-07,1.08e-07,0,1,1,4.394449154672439,0.0114541500451158,4629629.62962963,9259259.25925926,53333.33333333333,106666.66666666666,106666.66666666666,9259259.25925926,1.4285714285714286,0.04,0.3333333333333333,0,63.030884
ASAP7,NANDX1,NAND2x1_ASAP7_6t_L,A,Y,fall,40.0,0.0230399999999999,0.7,25.0,90.1442,0.5,1.08e-07,2.16e-07,0,1,1,3.713572066704308,0.0227785868893395,9259259.25925926,4629629.62962963,213333.3333333333,106666.66666666666,106666.66666666666,4629629.62962963,1.4285714285714286,0.04,-0.3333333333333333,0,71.94765
ASAP7,NORX1,NOR3x1_ASAP7_6t_L,A,Y,fall,80.0,0.0014399999999999,0.7,25.0,24.7416,2.0,2.16e-07,1.08e-07,0,1,1,4.394449154672439,0.0014389641942542,4629629.62962963,9259259.25925926,6666.666666666666,13333.333333333332,13333.333333333332,9259259.25925926,1.4285714285714286,0.04,0.3333333333333333,0,22.135805
ASAP7,INVX1,INVx11_ASAP7_6t_L,A,Y,rise,5.0,0.1843199999999999,0.7,25.0,88.8692,1.0,5.4e-08,5.4e-08,1,1,1,1.791759469228055,0.169168770215654,18518518.51851852,18518518.51851852,3413333.333333333,3413333.333333333,3413333.333333333,18518518.51851852,1.4285714285714286,0.04,0.0,0,123.03124
ASAP7,NORX1,NOR3x1f_ASAP7_6t_L,C,Y,rise,20.0,0.0115199999999999,0.7,25.0,169.765,2.0,2.16e-07,1.08e-07,0,1,1,3.044522437723423,0.0114541500451158,4629629.62962963,9259259.25925926,53333.33333333333,106666.66666666666,53333.33333333333,4629629.62962963,1.4285714285714286,0.04,0.3333333333333333,0,41.72776
ASAP7,NORX1,NOR5x1f_ASAP7_6t_L,B,Y,rise,320.0,0.0115199999999999,0.7,25.0,343.435,2.0,2.16e-07,1.08e-07,0,1,1,5.771441123130016,0.0114541500451158,4629629.62962963,9259259.25925926,53333.33333333333,106666.66666666666,53333.33333333333,4629629.62962963,1.4285714285714286,0.04,0.3333333333333333,0,145.95467
ASAP7,NANDX1,NAND2x1_ASAP7_6t_L,B,Y,fall,10.0,0.0014399999999999,0.7,25.0,10.2677,0.5,1.08e-07,2.16e-07,0,1,1,2.3978952727983707,0.0014389641942542,9259259.25925926,4629629.62962963,13333.333333333332,6666.666666666666,6666.666666666666,4629629.62962963,1.4285714285714286,0.04,-0.3333333333333333,0,6.5367746
ASAP7,INVX1,INVx1_ASAP7_6t_L,A,Y,rise,80.0,0.0115199999999999,0.7,25.0,84.1453,1.0,5.4e-08,5.4e-08,1,1,1,4.394449154672439,0.0114541500451158,18518518.51851852,18518518.51851852,213333.3333333333,213333.3333333333,213333.3333333333,18518518.51851852,1.4285714285714286,0.04,0.0,0,34.085438
ASAP7,NANDX1,NAND3x1_ASAP7_6t_L,C,Y,fall,160.0,0.0230399999999999,0.7,25.0,95.4364,0.5,1.08e-07,2.16e-07,0,1,1,5.081404364984463,0.0227785868893395,9259259.25925926,4629629.62962963,213333.3333333333,106666.66666666666,106666.66666666666,4629629.62962963,1.4285714285714286,0.04,-0.3333333333333333,0,184.72325
ASAP7,NANDX1,NAND2x1_ASAP7_6t_L,B,Y,fall,5.0,0.0057599999999999,0.7,25.0,23.9849,0.5,1.08e-07,2.16e-07,0,1,1,1.791759469228055,0.0057434746270657,9259259.25925926,4629629.62962963,53333.33333333333,26666.666666666664,26666.666666666664,4629629.62962963,1.4285714285714286,0.04,-0.3333333333333333,0,15.776331
ASAP7,INVX1,INVx1_ASAP7_6t_L,A,Y,rise,320.0,0.0115199999999999,0.7,25.0,143.397,1.0,5.4e-08,5.4e-08,1,1,1,5.771441123130016,0.0114541500451158,18518518.51851852,18518518.51851852,213333.3333333333,213333.3333333333,213333.3333333333,18518518.51851852,1.4285714285714286,0.04,0.0,0,47.50272
ASAP7,NANDX1,NAND3x1_ASAP7_6t_L,B,Y,rise,40.0,0.0014399999999999,0.7,25.0,26.1759,0.5,1.08e-07,2.16e-07,0,1,1,3.713572066704308,0.0014389641942542,9259259.25925926,4629629.62962963,13333.333333333332,6666.666666666666,13333.333333333332,9259259.25925926,1.4285714285714286,0.04,-0.3333333333333333,0,30.664711
ASAP7,NORX1,NOR5x1f_ASAP7_6t_L,E,Y,rise,80.0,0.0014399999999999,0.7,25.0,60.1111,2.0,2.16e-07,1.08e-07,0,1,1,4.394449154672439,0.0014389641942542,4629629.62962963,9259259.25925926,6666.666666666666,13333.333333333332,6666.666666666666,4629629.62962963,1.4285714285714286,0.04,0.3333333333333333,0,37.360126
ASAP7,NORX1,NOR2x1_ASAP7_6t_L,A,Y,fall,160.0,0.0230399999999999,0.7,25.0,145.981,2.0,2.16e-07,1.08e-07,0,1,1,5.081404364984463,0.0227785868893395,4629629.62962963,9259259.25925926,106666.66666666666,213333.3333333333,213333.3333333333,9259259.25925926,1.4285714285714286,0.04,0.3333333333333333,0,173.70908
ASAP7,NORX1,NOR3x1f_ASAP7_6t_L,A,Y,rise,80.0,0.0115199999999999,0.7,25.0,184.889,2.0,2.16e-07,1.08e-07,0,1,1,4.394449154672439,0.0114541500451158,4629629.62962963,9259259.25925926,53333.33333333333,106666.66666666666,53333.33333333333,4629629.62962963,1.4285714285714286,0.04,0.3333333333333333,0,181.54657
ASAP7,NORX1,NOR3x1_ASAP7_6t_L,C,Y,rise,5.0,0.0007199999999999,0.7,25.0,11.2036,2.0,2.16e-07,1.08e-07,0,1,1,1.791759469228055,0.0007197409243488,4629629.62962963,9259259.25925926,3333.333333333333,6666.666666666666,3333.333333333333,4629629.62962963,1.4285714285714286,0.04,0.3333333333333333,0,13.994224
ASAP7,NANDX1,NAND3x1_ASAP7_6t_L,A,Y,fall,20.0,0.0014399999999999,0.7,25.0,12.3124,0.5,1.08e-07,2.16e-07,0,1,1,3.044522437723423,0.0014389641942542,9259259.25925926,4629629.62962963,13333.333333333332,6666.666666666666,6666.666666666666,4629629.62962963,1.4285714285714286,0.04,-0.3333333333333333,0,7.939051
ASAP7,NORX1,NOR5x1f_ASAP7_6t_L,B,Y,fall,5.0,0.0028799999999999,0.7,25.0,16.7393,2.0,2.16e-07,1.08e-07,0,1,1,1.791759469228055,0.0028758607454642,4629629.62962963,9259259.25925926,13333.333333333332,26666.666666666664,26666.666666666664,9259259.25925926,1.4285714285714286,0.04,0.3333333333333333,0,11.972432
ASAP7,NORX1,NOR5x1f_ASAP7_6t_L,A,Y,fall,5.0,0.0028799999999999,0.7,25.0,16.4125,2.0,2.16e-07,1.08e-07,0,1,1,1.791759469228055,0.0028758607454642,4629629.62962963,9259259.25925926,13333.333333333332,26666.666666666664,26666.666666666664,9259259.25925926,1.4285714285714286,0.04,0.3333333333333333,0,11.972432
ASAP7,NORX1,NOR3x1_ASAP7_6t_L,C,Y,fall,160.0,0.0230399999999999,0.7,25.0,149.647,2.0,2.16e-07,1.08e-07,0,1,1,5.081404364984463,0.0227785868893395,4629629.62962963,9259259.25925926,106666.66666666666,213333.3333333333,213333.3333333333,9259259.25925926,1.4285714285714286,0.04,0.3333333333333333,0,173.70908
ASAP7,INVX1,INVx1_ASAP7_6t_L,A,Y,fall,80.0,0.0057599999999999,0.7,25.0,46.5822,1.0,5.4e-08,5.4e-08,1,1,1,4.394449154672439,0.0057434746270657,18518518.51851852,18518518.51851852,106666.66666666666,106666.66666666666,106666.66666666666,18518518.51851852,1.4285714285714286,0.04,0.0,0,31.107609
ASAP7,NANDX1,NAND2x1p5_ASAP7_6t_L,A,Y,fall,40.0,0.0028799999999999,0.7,25.0,14.8382,0.5,1.08e-07,2.16e-07,0,1,1,3.713572066704308,0.0028758607454642,9259259.25925926,4629629.62962963,26666.666666666664,13333.333333333332,13333.333333333332,4629629.62962963,1.4285714285714286,0.04,-0.3333333333333333,0,16.09102
ASAP7,NORX1,NOR5x1f_ASAP7_6t_L,A,Y,fall,40.0,0.0014399999999999,0.7,25.0,18.2527,2.0,2.16e-07,1.08e-07,0,1,1,3.713572066704308,0.0014389641942542,4629629.62962963,9259259.25925926,6666.666666666666,13333.333333333332,13333.333333333332,9259259.25925926,1.4285714285714286,0.04,0.3333333333333333,0,17.493435
ASAP7,NORX1,NOR5x1f_ASAP7_6t_L,B,Y,rise,160.0,0.0003599999999999,0.7,25.0,51.9868,2.0,2.16e-07,1.08e-07,0,1,1,5.081404364984463,0.0003599352155478,4629629.62962963,9259259.25925926,1666.6666666666663,3333.333333333333,1666.6666666666663,4629629.62962963,1.4285714285714286,0.04,0.3333333333333333,0,18.324593
ASAP7,INVX2,INVx2_ASAP7_6t_L,A,Y,rise,20.0,0.0921599999999999,0.7,25.0,234.54,1.0,1.08e-07,1.08e-07,1,1,1,3.044522437723423,0.0881573867362051,9259259.25925926,9259259.25925926,853333.3333333333,853333.3333333333,853333.3333333333,9259259.25925926,1.4285714285714286,0.04,0.0,0,218.69925
ASAP7,NORX1,NOR3x1_ASAP7_6t_L,A,Y,fall,40.0,0.0460799999999999,0.7,25.0,204.856,2.0,2.16e-07,1.08e-07,0,1,1,3.713572066704308,0.0450498445537087,4629629.62962963,9259259.25925926,213333.3333333333,426666.6666666666,426666.6666666666,9259259.25925926,1.4285714285714286,0.04,0.3333333333333333,0,184.3323
ASAP7,NORX1,NOR3x1f_ASAP7_6t_L,A,Y,rise,320.0,0.0028799999999999,0.7,25.0,117.176,2.0,2.16e-07,1.08e-07,0,1,1,5.771441123130016,0.0028758607454642,4629629.62962963,9259259.25925926,13333.333333333332,26666.666666666664,13333.333333333332,4629629.62962963,1.4285714285714286,0.04,0.3333333333333333,0,72.965546
ASAP7,NANDX1,NAND2x1p5_ASAP7_6t_L,B,Y,rise,10.0,0.0014399999999999,0.7,25.0,14.6554,0.5,1.08e-07,2.16e-07,0,1,1,2.3978952727983707,0.0014389641942542,9259259.25925926,4629629.62962963,13333.333333333332,6666.666666666666,13333.333333333332,9259259.25925926,1.4285714285714286,0.04,-0.3333333333333333,0,20.841507
ASAP7,NORX1,NOR5x1f_ASAP7_6t_L,B,Y,fall,20.0,0.0028799999999999,0.7,25.0,21.0414,2.0,2.16e-07,1.08e-07,0,1,1,3.044522437723423,0.0028758607454642,4629629.62962963,9259259.25925926,13333.333333333332,26666.666666666664,26666.666666666664,9259259.25925926,1.4285714285714286,0.04,0.3333333333333333,0,17.51046
ASAP7,NANDX1,NAND2x1_ASAP7_6t_L,A,Y,rise,80.0,0.0115199999999999,0.7,25.0,87.3399,0.5,1.08e-07,2.16e-07,0,1,1,4.394449154672439,0.0114541500451158,9259259.25925926,4629629.62962963,106666.66666666666,53333.33333333333,106666.66666666666,9259259.25925926,1.4285714285714286,0.04,-0.3333333333333333,0,91.06472
ASAP7,NANDX1,NAND2x1p5_ASAP7_6t_L,A,Y,rise,5.0,0.0230399999999999,0.7,25.0,121.798,0.5,1.08e-07,2.16e-07,0,1,1,1.791759469228055,0.0227785868893395,9259259.25925926,4629629.62962963,213333.3333333333,106666.66666666666,213333.3333333333,9259259.25925926,1.4285714285714286,0.04,-0.3333333333333333,0,119.62928
ASAP7,NORX1,NOR5x1f_ASAP7_6t_L,E,Y,fall,40.0,0.0115199999999999,0.7,25.0,63.359,2.0,2.16e-07,1.08e-07,0,1,1,3.713572066704308,0.0114541500451158,4629629.62962963,9259259.25925926,53333.33333333333,106666.66666666666,106666.66666666666,9259259.25925926,1.4285714285714286,0.04,0.3333333333333333,0,58.830967
ASAP7,NORX1,NOR3x1f_ASAP7_6t_L,B,Y,rise,320.0,0.0003599999999999,0.7,25.0,52.2391,2.0,2.16e-07,1.08e-07,0,1,1,5.771441123130016,0.0003599352155478,4629629.62962963,9259259.25925926,1666.6666666666663,3333.333333333333,1666.6666666666663,4629629.62962963,1.4285714285714286,0.04,0.3333333333333333,0,63.290775
ASAP7,NANDX1,NAND2x1p5_ASAP7_6t_L,A,Y,rise,80.0,0.0230399999999999,0.7,25.0,145.222,0.5,1.08e-07,2.16e-07,0,1,1,4.394449154672439,0.0227785868893395,9259259.25925926,4629629.62962963,213333.3333333333,106666.66666666666,213333.3333333333,9259259.25925926,1.4285714285714286,0.04,-0.3333333333333333,0,154.48157
ASAP7,NORX1,NOR5x1f_ASAP7_6t_L,A,Y,rise,40.0,0.0003599999999999,0.7,25.0,30.9308,2.0,2.16e-07,1.08e-07,0,1,1,3.713572066704308,0.0003599352155478,4629629.62962963,9259259.25925926,1666.6666666666663,3333.333333333333,1666.6666666666663,4629629.62962963,1.4285714285714286,0.04,0.3333333333333333,0,17.322603
ASAP7,NORX1,NOR5x1f_ASAP7_6t_L,D,Y,fall,20.0,0.0007199999999999,0.7,25.0,12.208,2.0,2.16e-07,1.08e-07,0,1,1,3.044522437723423,0.0007197409243488,4629629.62962963,9259259.25925926,3333.333333333333,6666.666666666666,6666.666666666666,9259259.25925926,1.4285714285714286,0.04,0.3333333333333333,0,13.1613455
ASAP7,INVX1,INVx1_ASAP7_6t_L,A,Y,rise,80.0,0.0057599999999999,0.7,25.0,55.3109,1.0,5.4e-08,5.4e-08,1,1,1,4.394449154672439,0.0057434746270657,18518518.51851852,18518518.51851852,106666.66666666666,106666.66666666666,106666.66666666666,18518518.51851852,1.4285714285714286,0.04,0.0,0,24.982481
ASAP7,NORX1,NOR3x1_ASAP7_6t_L,C,Y,rise,160.0,0.0230399999999999,0.7,25.0,135.214,2.0,2.16e-07,1.08e-07,0,1,1,5.081404364984463,0.0227785868893395,4629629.62962963,9259259.25925926,106666.66666666666,213333.3333333333,106666.66666666666,4629629.62962963,1.4285714285714286,0.04,0.3333333333333333,0,333.08188
ASAP7,NORX1,NOR2x1_ASAP7_6t_L,B,Y,rise,5.0,0.0007199999999999,0.7,25.0,8.0647,2.0,2.16e-07,1.08e-07,0,1,1,1.791759469228055,0.0007197409243488,4629629.62962963,9259259.25925926,3333.333333333333,6666.666666666666,3333.333333333333,4629629.62962963,1.4285714285714286,0.04,0.3333333333333333,0,22.825558
ASAP7,NORX1,NOR5x1f_ASAP7_6t_L,A,Y,rise,320.0,0.0230399999999999,0.7,25.0,609.358,2.0,2.16e-07,1.08e-07,0,1,1,5.771441123130016,0.0227785868893395,4629629.62962963,9259259.25925926,106666.66666666666,213333.3333333333,106666.66666666666,4629629.62962963,1.4285714285714286,0.04,0.3333333333333333,0,294.76447
ASAP7,NORX1,NOR3x1_ASAP7_6t_L,C,Y,rise,20.0,0.0007199999999999,0.7,25.0,13.5394,2.0,2.16e-07,1.08e-07,0,1,1,3.044522437723423,0.0007197409243488,4629629.62962963,9259259.25925926,3333.333333333333,6666.666666666666,3333.333333333333,4629629.62962963,1.4285714285714286,0.04,0.3333333333333333,0,137.69063
ASAP7,INVX1,INVx11_ASAP7_6t_L,A,Y,fall,20.0,0.0460799999999999,0.7,25.0,25.3183,1.0,5.4e-08,5.4e-08,1,1,1,3.044522437723423,0.0450498445537087,18518518.51851852,18518518.51851852,853333.3333333333,853333.3333333333,853333.3333333333,18518518.51851852,1.4285714285714286,0.04,0.0,0,219.8281
ASAP7,INVX1,INVx11_ASAP7_6t_L,A,Y,rise,40.0,0.0460799999999999,0.7,25.0,36.003,1.0,5.4e-08,5.4e-08,1,1,1,3.713572066704308,0.0450498445537087,18518518.51851852,18518518.51851852,853333.3333333333,853333.3333333333,853333.3333333333,18518518.51851852,1.4285714285714286,0.04,0.0,0,33.26274
ASAP7,NORX1,NOR2x1_ASAP7_6t_L,B,Y,fall,20.0,0.0057599999999999,0.7,25.0,32.5356,2.0,2.16e-07,1.08e-07,0,1,1,3.044522437723423,0.0057434746270657,4629629.62962963,9259259.25925926,26666.666666666664,53333.33333333333,53333.33333333333,9259259.25925926,1.4285714285714286,0.04,0.3333333333333333,0,28.12747
ASAP7,INVX1,INVx13_ASAP7_6t_L,A,Y,rise,320.0,0.1843199999999999,0.7,25.0,163.053,1.0,5.4e-08,5.4e-08,1,1,1,5.771441123130016,0.169168770215654,18518518.51851852,18518518.51851852,3413333.333333333,3413333.333333333,3413333.333333333,18518518.51851852,1.4285714285714286,0.04,0.0,0,102.15557
ASAP7,NANDX1,NAND2x1_ASAP7_6t_L,B,Y,rise,320.0,0.0115199999999999,0.7,25.0,147.871,0.5,1.08e-07,2.16e-07,0,1,1,5.771441123130016,0.0114541500451158,9259259.25925926,4629629.62962963,106666.66666666666,53333.33333333333,106666.66666666666,9259259.25925926,1.4285714285714286,0.04,-0.3333333333333333,0,192.10164
ASAP7,NANDX1,NAND3x1_ASAP7_6t_L,A,Y,rise,80.0,0.0230399999999999,0.7,25.0,143.352,0.5,1.08e-07,2.16e-07,0,1,1,4.394449154672439,0.0227785868893395,9259259.25925926,4629629.62962963,213333.3333333333,106666.66666666666,213333.3333333333,9259259.25925926,1.4285714285714286,0.04,-0.3333333333333333,0,154.48157
ASAP7,NORX1,NOR3x1_ASAP7_6t_L,C,Y,rise,320.0,0.0007199999999999,0.7,25.0,15.543,2.0,2.16e-07,1.08e-07,0,1,1,5.771441123130016,0.0007197409243488,4629629.62962963,9259259.25925926,3333.333333333333,6666.666666666666,3333.333333333333,4629629.62962963,1.4285714285714286,0.04,0.3333333333333333,0,63.724564
ASAP7,INVX1,INVx11_ASAP7_6t_L,A,Y,fall,160.0,0.0115199999999999,0.7,25.0,19.2486,1.0,5.4e-08,5.4e-08,1,1,1,5.081404364984463,0.0114541500451158,18518518.51851852,18518518.51851852,213333.3333333333,213333.3333333333,213333.3333333333,18518518.51851852,1.4285714285714286,0.04,0.0,0,33.818855
ASAP7,NORX1,NOR2x1_ASAP7_6t_L,B,Y,fall,160.0,0.0014399999999999,0.7,25.0,28.6435,2.0,2.16e-07,1.08e-07,0,1,1,5.081404364984463,0.0014389641942542,4629629.62962963,9259259.25925926,6666.666666666666,13333.333333333332,13333.333333333332,9259259.25925926,1.4285714285714286,0.04,0.3333333333333333,0,27.294607
ASAP7,NORX1,NOR3x1f_ASAP7_6t_L,C,Y,fall,20.0,0.0003599999999999,0.7,25.0,8.91014,2.0,2.16e-07,1.08e-07,0,1,1,3.044522437723423,0.0003599352155478,4629629.62962963,9259259.25925926,1666.6666666666663,3333.333333333333,3333.333333333333,9259259.25925926,1.4285714285714286,0.04,0.3333333333333333,0,12.135748
ASAP7,NORX1,NOR3x1f_ASAP7_6t_L,C,Y,rise,40.0,0.0115199999999999,0.7,25.0,172.251,2.0,2.16e-07,1.08e-07,0,1,1,3.713572066704308,0.0114541500451158,4629629.62962963,9259259.25925926,53333.33333333333,106666.66666666666,53333.33333333333,4629629.62962963,1.4285714285714286,0.04,0.3333333333333333,0,177.28856
ASAP7,NORX1,NOR5x1f_ASAP7_6t_L,E,Y,rise,320.0,0.0230399999999999,0.7,25.0,562.734,2.0,2.16e-07,1.08e-07,0,1,1,5.771441123130016,0.0227785868893395,4629629.62962963,9259259.25925926,106666.66666666666,213333.3333333333,106666.66666666666,4629629.62962963,1.4285714285714286,0.04,0.3333333333333333,0,1.2188642
ASAP7,NORX1,NOR3x1_ASAP7_6t_L,C,Y,fall,80.0,0.0014399999999999,0.7,25.0,30.8007,2.0,2.16e-07,1.08e-07,0,1,1,4.394449154672439,0.0014389641942542,4629629.62962963,9259259.25925926,6666.666666666666,13333.333333333332,13333.333333333332,9259259.25925926,1.4285714285714286,0.04,0.3333333333333333,0,22.135805
ASAP7,NANDX1,NAND2x1_ASAP7_6t_L,A,Y,fall,320.0,0.0014399999999999,0.7,25.0,9.89233,0.5,1.08e-07,2.16e-07,0,1,1,5.771441123130016,0.0014389641942542,9259259.25925926,4629629.62962963,13333.333333333332,6666.666666666666,6666.666666666666,4629629.62962963,1.4285714285714286,0.04,-0.3333333333333333,0,18.4268
ASAP7,NORX1,NOR5x1f_ASAP7_6t_L,C,Y,rise,160.0,0.0028799999999999,0.7,25.0,109.519,2.0,2.16e-07,1.08e-07,0,1,1,5.081404364984463,0.0028758607454642,4629629.62962963,9259259.25925926,13333.333333333332,26666.666666666664,13333.333333333332,4629629.62962963,1.4285714285714286,0.04,0.3333333333333333,0,32.461765
ASAP7,NORX1,NOR5x1f_ASAP7_6t_L,D,Y,fall,160.0,0.0230399999999999,0.7,25.0,145.04,2.0,2.16e-07,1.08e-07,0,1,1,5.081404364984463,0.0227785868893395,4629629.62962963,9259259.25925926,106666.66666666666,213333.3333333333,213333.3333333333,9259259.25925926,1.4285714285714286,0.04,0.3333333333333333,0,177.20824
ASAP7,NORX1,NOR5x1f_ASAP7_6t_L,E,Y,fall,5.0,0.0230399999999999,0.7,25.0,100.811,2.0,2.16e-07,1.08e-07,0,1,1,1.791759469228055,0.0227785868893395,4629629.62962963,9259259.25925926,106666.66666666666,213333.3333333333,213333.3333333333,9259259.25925926,1.4285714285714286,0.04,0.3333333333333333,0,123.40321
ASAP7,NORX1,NOR3x1_ASAP7_6t_L,C,Y,fall,40.0,0.0230399999999999,0.7,25.0,113.959,2.0,2.16e-07,1.08e-07,0,1,1,3.713572066704308,0.0227785868893395,4629629.62962963,9259259.25925926,106666.66666666666,213333.3333333333,213333.3333333333,9259259.25925926,1.4285714285714286,0.04,0.3333333333333333,0,118.16541
ASAP7,NORX1,NOR5x1f_ASAP7_6t_L,E,Y,fall,10.0,0.0115199999999999,0.7,25.0,54.8053,2.0,2.16e-07,1.08e-07,0,1,1,2.3978952727983707,0.0114541500451158,4629629.62962963,9259259.25925926,53333.33333333333,106666.66666666666,106666.66666666666,9259259.25925926,1.4285714285714286,0.04,0.3333333333333333,0,48.245518
ASAP7,INVX2,INVx2_ASAP7_6t_L,A,Y,fall,20.0,0.0460799999999999,0.7,25.0,101.662,1.0,1.08e-07,1.08e-07,1,1,1,3.044522437723423,0.0450498445537087,9259259.25925926,9259259.25925926,426666.6666666666,426666.6666666666,426666.6666666666,9259259.25925926,1.4285714285714286,0.04,0.0,0,106.1089
ASAP7,NANDX1,NAND2x1p5_ASAP7_6t_L,B,Y,fall,20.0,0.0057599999999999,0.7,25.0,21.2033,0.5,1.08e-07,2.16e-07,0,1,1,3.044522437723423,0.0057434746270657,9259259.25925926,4629629.62962963,53333.33333333333,26666.666666666664,26666.666666666664,4629629.62962963,1.4285714285714286,0.04,-0.3333333333333333,0,14.730302
ASAP7,NORX1,NOR3x1f_ASAP7_6t_L,B,Y,rise,20.0,0.0007199999999999,0.7,25.0,22.0908,2.0,2.16e-07,1.08e-07,0,1,1,3.044522437723423,0.0007197409243488,4629629.62962963,9259259.25925926,3333.333333333333,6666.666666666666,3333.333333333333,4629629.62962963,1.4285714285714286,0.04,0.3333333333333333,0,29.066544
ASAP7,NANDX1,NAND3x1_ASAP7_6t_L,C,Y,fall,5.0,0.0057599999999999,0.7,25.0,25.0184,0.5,1.08e-07,2.16e-07,0,1,1,1.791759469228055,0.0057434746270657,9259259.25925926,4629629.62962963,53333.33333333333,26666.666666666664,26666.666666666664,4629629.62962963,1.4285714285714286,0.04,-0.3333333333333333,0,18.475058
ASAP7,NANDX1,NAND3x1_ASAP7_6t_L,C,Y,fall,10.0,0.0007199999999999,0.7,25.0,8.97404,0.5,1.08e-07,2.16e-07,0,1,1,2.3978952727983707,0.0007197409243488,9259259.25925926,4629629.62962963,6666.666666666666,3333.333333333333,3333.333333333333,4629629.62962963,1.4285714285714286,0.04,-0.3333333333333333,0,5.431961
ASAP7,NORX1,NOR3x1f_ASAP7_6t_L,A,Y,fall,20.0,0.0014399999999999,0.7,25.0,13.9347,2.0,2.16e-07,1.08e-07,0,1,1,3.044522437723423,0.0014389641942542,4629629.62962963,9259259.25925926,6666.666666666666,13333.333333333332,13333.333333333332,9259259.25925926,1.4285714285714286,0.04,0.3333333333333333,0,14.109812
ASAP7,NORX1,NOR3x1_ASAP7_6t_L,A,Y,fall,20.0,0.0230399999999999,0.7,25.0,104.816,2.0,2.16e-07,1.08e-07,0,1,1,3.044522437723423,0.0227785868893395,4629629.62962963,9259259.25925926,106666.66666666666,213333.3333333333,213333.3333333333,9259259.25925926,1.4285714285714286,0.04,0.3333333333333333,0,121.11496
ASAP7,NORX1,NOR3x1f_ASAP7_6t_L,C,Y,fall,10.0,0.0007199999999999,0.7,25.0,8.85101,2.0,2.16e-07,1.08e-07,0,1,1,2.3978952727983707,0.0007197409243488,4629629.62962963,9259259.25925926,3333.333333333333,6666.666666666666,6666.666666666666,9259259.25925926,1.4285714285714286,0.04,0.3333333333333333,0,10.8032
ASAP7,NORX1,NOR3x1_ASAP7_6t_L,B,Y,fall,80.0,0.0230399999999999,0.7,25.0,123.959,2.0,2.16e-07,1.08e-07,0,1,1,4.394449154672439,0.0227785868893395,4629629.62962963,9259259.25925926,106666.66666666666,213333.3333333333,213333.3333333333,9259259.25925926,1.4285714285714286,0.04,0.3333333333333333,0,113.61911
ASAP7,NANDX1,NAND2x1p5_ASAP7_6t_L,A,Y,fall,80.0,0.0003599999999999,0.7,25.0,4.58463,0.5,1.08e-07,2.16e-07,0,1,1,4.394449154672439,0.0003599352155478,9259259.25925926,4629629.62962963,3333.333333333333,1666.6666666666663,1666.6666666666663,4629629.62962963,1.4285714285714286,0.04,-0.3333333333333333,0,10.568396
ASAP7,INVX2,INVx2_ASAP7_6t_L,A,Y,fall,40.0,0.0014399999999999,0.7,25.0,10.665,1.0,1.08e-07,1.08e-07,1,1,1,3.713572066704308,0.0014389641942542,9259259.25925926,9259259.25925926,13333.333333333332,13333.333333333332,13333.333333333332,9259259.25925926,1.4285714285714286,0.04,0.0,0,9.51522
ASAP7,NORX1,NOR5x1f_ASAP7_6t_L,C,Y,rise,10.0,0.0115199999999999,0.7,25.0,280.776,2.0,2.16e-07,1.08e-07,0,1,1,2.3978952727983707,0.0114541500451158,4629629.62962963,9259259.25925926,53333.33333333333,106666.66666666666,53333.33333333333,4629629.62962963,1.4285714285714286,0.04,0.3333333333333333,0,153.73238
ASAP7,NORX1,NOR2x1_ASAP7_6t_L,B,Y,fall,40.0,0.0007199999999999,0.7,25.0,13.305,2.0,2.16e-07,1.08e-07,0,1,1,3.713572066704308,0.0007197409243488,4629629.62962963,9259259.25925926,3333.333333333333,6666.666666666666,6666.666666666666,9259259.25925926,1.4285714285714286,0.04,0.3333333333333333,0,15.705981
ASAP7,INVX1,INVx11_ASAP7_6t_L,A,Y,fall,80.0,0.0057599999999999,0.7,25.0,11.123,1.0,5.4e-08,5.4e-08,1,1,1,4.394449154672439,0.0057434746270657,18518518.51851852,18518518.51851852,106666.66666666666,106666.66666666666,106666.66666666666,18518518.51851852,1.4285714285714286,0.04,0.0,0,30.794956
ASAP7,INVX1,INVx11_ASAP7_6t_L,A,Y,rise,40.0,0.3686399999999999,0.7,25.0,184.352,1.0,5.4e-08,5.4e-08,1,1,1,3.713572066704308,0.3138175460564067,18518518.51851852,18518518.51851852,6826666.666666666,6826666.666666666,6826666.666666666,18518518.51851852,1.4285714285714286,0.04,0.0,0,193.3375
ASAP7,NORX1,NOR5x1f_ASAP7_6t_L,A,Y,fall,80.0,0.0003599999999999,0.7,25.0,11.6154,2.0,2.16e-07,1.08e-07,0,1,1,4.394449154672439,0.0003599352155478,4629629.62962963,9259259.25925926,1666.6666666666663,3333.333333333333,3333.333333333333,9259259.25925926,1.4285714285714286,0.04,0.3333333333333333,0,19.499786
ASAP7,NANDX1,NAND2x1_ASAP7_6t_L,B,Y,rise,160.0,0.0007199999999999,0.7,25.0,32.0684,0.5,1.08e-07,2.16e-07,0,1,1,5.081404364984463,0.0007197409243488,9259259.25925926,4629629.62962963,6666.666666666666,3333.333333333333,6666.666666666666,9259259.25925926,1.4285714285714286,0.04,-0.3333333333333333,0,35.445847
ASAP7,NANDX1,NAND2x1p5_ASAP7_6t_L,B,Y,rise,320.0,0.0007199999999999,0.7,25.0,57.1669,0.5,1.08e-07,2.16e-07,0,1,1,5.771441123130016,0.0007197409243488,9259259.25925926,4629629.62962963,6666.666666666666,3333.333333333333,6666.666666666666,9259259.25925926,1.4285714285714286,0.04,-0.3333333333333333,0,41.862972
ASAP7,INVX1,INVx11_ASAP7_6t_L,A,Y,fall,5.0,0.3686399999999999,0.7,25.0,145.486,1.0,5.4e-08,5.4e-08,1,1,1,1.791759469228055,0.3138175460564067,18518518.51851852,18518518.51851852,6826666.666666666,6826666.666666666,6826666.666666666,18518518.51851852,1.4285714285714286,0.04,0.0,0,163.28084
ASAP7,NANDX1,NAND2x1p5_ASAP7_6t_L,A,Y,fall,5.0,0.0007199999999999,0.7,25.0,5.73537,0.5,1.08e-07,2.16e-07,0,1,1,1.791759469228055,0.0007197409243488,9259259.25925926,4629629.62962963,6666.666666666666,3333.333333333333,3333.333333333333,4629629.62962963,1.4285714285714286,0.04,-0.3333333333333333,0,8.55849
ASAP7,INVX2,INVx2_ASAP7_6t_L,A,Y,rise,10.0,0.0028799999999999,0.7,25.0,11.9173,1.0,1.08e-07,1.08e-07,1,1,1,2.3978952727983707,0.0028758607454642,9259259.25925926,9259259.25925926,26666.666666666664,26666.666666666664,26666.666666666664,9259259.25925926,1.4285714285714286,0.04,0.0,0,9.915907
ASAP7,NANDX1,NAND2x1p5_ASAP7_6t_L,B,Y,rise,160.0,0.0007199999999999,0.7,25.0,36.857,0.5,1.08e-07,2.16e-07,0,1,1,5.081404364984463,0.0007197409243488,9259259.25925926,4629629.62962963,6666.666666666666,3333.333333333333,6666.666666666666,9259259.25925926,1.4285714285714286,0.04,-0.3333333333333333,0,33.263676
ASAP7,NORX1,NOR3x1f_ASAP7_6t_L,A,Y,fall,20.0,0.0115199999999999,0.7,25.0,55.3113,2.0,2.16e-07,1.08e-07,0,1,1,3.044522437723423,0.0114541500451158,4629629.62962963,9259259.25925926,53333.33333333333,106666.66666666666,106666.66666666666,9259259.25925926,1.4285714285714286,0.04,0.3333333333333333,0,53.74294
ASAP7,NANDX1,NAND2x1p5_ASAP7_6t_L,A,Y,rise,160.0,0.0007199999999999,0.7,25.0,43.507,0.5,1.08e-07,2.16e-07,0,1,1,5.081404364984463,0.0007197409243488,9259259.25925926,4629629.62962963,6666.666666666666,3333.333333333333,6666.666666666666,9259259.25925926,1.4285714285714286,0.04,-0.3333333333333333,0,33.263676
ASAP7,INVX1,INVx11_ASAP7_6t_L,A,Y,rise,10.0,0.0057599999999999,0.7,25.0,7.65486,1.0,5.4e-08,5.4e-08,1,1,1,2.3978952727983707,0.0057434746270657,18518518.51851852,18518518.51851852,106666.66666666666,106666.66666666666,106666.66666666666,18518518.51851852,1.4285714285714286,0.04,0.0,0,41.94945
ASAP7,NORX1,NOR3x1_ASAP7_6t_L,A,Y,rise,10.0,0.0460799999999999,0.7,25.0,219.708,2.0,2.16e-07,1.08e-07,0,1,1,2.3978952727983707,0.0450498445537087,4629629.62962963,9259259.25925926,213333.3333333333,426666.6666666666,213333.3333333333,4629629.62962963,1.4285714285714286,0.04,0.3333333333333333,0,332.12555
ASAP7,NANDX1,NAND3x1_ASAP7_6t_L,A,Y,rise,40.0,0.0115199999999999,0.7,25.0,74.6725,0.5,1.08e-07,2.16e-07,0,1,1,3.713572066704308,0.0114541500451158,9259259.25925926,4629629.62962963,106666.66666666666,53333.33333333333,106666.66666666666,9259259.25925926,1.4285714285714286,0.04,-0.3333333333333333,0,83.17604
ASAP7,NANDX1,NAND3x1_ASAP7_6t_L,C,Y,fall,40.0,0.0230399999999999,0.7,25.0,85.6685,0.5,1.08e-07,2.16e-07,0,1,1,3.713572066704308,0.0227785868893395,9259259.25925926,4629629.62962963,213333.3333333333,106666.66666666666,106666.66666666666,4629629.62962963,1.4285714285714286,0.04,-0.3333333333333333,0,71.94765
ASAP7,INVX2,INVx2_ASAP7_6t_L,A,Y,rise,320.0,0.0014399999999999,0.7,25.0,36.2082,1.0,1.08e-07,1.08e-07,1,1,1,5.771441123130016,0.0014389641942542,9259259.25925926,9259259.25925926,13333.333333333332,13333.333333333332,13333.333333333332,9259259.25925926,1.4285714285714286,0.04,0.0,0,24.904604
ASAP7,INVX1,INVx11_ASAP7_6t_L,A,Y,rise,320.0,0.1843199999999999,0.7,25.0,179.275,1.0,5.4e-08,5.4e-08,1,1,1,5.771441123130016,0.169168770215654,18518518.51851852,18518518.51851852,3413333.333333333,3413333.333333333,3413333.333333333,18518518.51851852,1.4285714285714286,0.04,0.0,0,102.15557
ASAP7,NORX1,NOR5x1f_ASAP7_6t_L,B,Y,rise,160.0,0.0014399999999999,0.7,25.0,80.6235,2.0,2.16e-07,1.08e-07,0,1,1,5.081404364984463,0.0014389641942542,4629629.62962963,9259259.25925926,6666.666666666666,13333.333333333332,6666.666666666666,4629629.62962963,1.4285714285714286,0.04,0.3333333333333333,0,27.180017
ASAP7,INVX1,INVx13_ASAP7_6t_L,A,Y,rise,10.0,0.0230399999999999,0.7,25.0,14.3911,1.0,5.4e-08,5.4e-08,1,1,1,2.3978952727983707,0.0227785868893395,18518518.51851852,18518518.51851852,426666.6666666666,426666.6666666666,426666.6666666666,18518518.51851852,1.4285714285714286,0.04,0.0,0,135.82945
ASAP7,INVX2,INVx2_ASAP7_6t_L,A,Y,fall,5.0,0.0921599999999999,0.7,25.0,192.231,1.0,1.08e-07,1.08e-07,1,1,1,1.791759469228055,0.0881573867362051,9259259.25925926,9259259.25925926,853333.3333333333,853333.3333333333,853333.3333333333,9259259.25925926,1.4285714285714286,0.04,0.0,0,184.39894
ASAP7,NORX1,NOR2x1_ASAP7_6t_L,A,Y,rise,10.0,0.0014399999999999,0.7,25.0,13.7078,2.0,2.16e-07,1.08e-07,0,1,1,2.3978952727983707,0.0014389641942542,4629629.62962963,9259259.25925926,6666.666666666666,13333.333333333332,6666.666666666666,4629629.62962963,1.4285714285714286,0.04,0.3333333333333333,0,41.754646
ASAP7,INVX1,INVx1_ASAP7_6t_L,A,Y,rise,320.0,0.0007199999999999,0.7,25.0,37.3752,1.0,5.4e-08,5.4e-08,1,1,1,5.771441123130016,0.0007197409243488,18518518.51851852,18518518.51851852,13333.333333333332,13333.333333333332,13333.333333333332,18518518.51851852,1.4285714285714286,0.04,0.0,0,59.913963
ASAP7,INVX1,INVx1_ASAP7_6t_L,A,Y,rise,20.0,0.0057599999999999,0.7,25.0,36.621,1.0,5.4e-08,5.4e-08,1,1,1,3.044522437723423,0.0057434746270657,18518518.51851852,18518518.51851852,106666.66666666666,106666.66666666666,106666.66666666666,18518518.51851852,1.4285714285714286,0.04,0.0,0,13.728156
ASAP7,NORX1,NOR2x1_ASAP7_6t_L,A,Y,fall,40.0,0.0057599999999999,0.7,25.0,39.7967,2.0,2.16e-07,1.08e-07,0,1,1,3.713572066704308,0.0057434746270657,4629629.62962963,9259259.25925926,26666.666666666664,53333.33333333333,53333.33333333333,9259259.25925926,1.4285714285714286,0.04,0.3333333333333333,0,1.0876596
ASAP7,NORX1,NOR3x1f_ASAP7_6t_L,B,Y,rise,20.0,0.0057599999999999,0.7,25.0,91.3315,2.0,2.16e-07,1.08e-07,0,1,1,3.044522437723423,0.0057434746270657,4629629.62962963,9259259.25925926,26666.666666666664,53333.33333333333,26666.666666666664,4629629.62962963,1.4285714285714286,0.04,0.3333333333333333,0,72.91696
ASAP7,NORX1,NOR5x1f_ASAP7_6t_L,C,Y,rise,320.0,0.0230399999999999,0.7,25.0,584.383,2.0,2.16e-07,1.08e-07,0,1,1,5.771441123130016,0.0227785868893395,4629629.62962963,9259259.25925926,106666.66666666666,213333.3333333333,106666.66666666666,4629629.62962963,1.4285714285714286,0.04,0.3333333333333333,0,297.26065
ASAP7,NANDX1,NAND3x1_ASAP7_6t_L,A,Y,rise,20.0,0.0014399999999999,0.7,25.0,18.0245,0.5,1.08e-07,2.16e-07,0,1,1,3.044522437723423,0.0014389641942542,9259259.25925926,4629629.62962963,13333.333333333332,6666.666666666666,13333.333333333332,9259259.25925926,1.4285714285714286,0.04,-0.3333333333333333,0,21.237173
ASAP7,NORX1,NOR2x1_ASAP7_6t_L,A,Y,rise,40.0,0.0115199999999999,0.7,25.0,66.7786,2.0,2.16e-07,1.08e-07,0,1,1,3.713572066704308,0.0114541500451158,4629629.62962963,9259259.25925926,53333.33333333333,106666.66666666666,53333.33333333333,4629629.62962963,1.4285714285714286,0.04,0.3333333333333333,0,177.28871
ASAP7,NORX1,NOR3x1f_ASAP7_6t_L,A,Y,rise,20.0,0.0115199999999999,0.7,25.0,169.65,2.0,2.16e-07,1.08e-07,0,1,1,3.044522437723423,0.0114541500451158,4629629.62962963,9259259.25925926,53333.33333333333,106666.66666666666,53333.33333333333,4629629.62962963,1.4285714285714286,0.04,0.3333333333333333,0,166.96883
ASAP7,NORX1,NOR3x1_ASAP7_6t_L,C,Y,rise,320.0,0.0115199999999999,0.7,25.0,91.2191,2.0,2.16e-07,1.08e-07,0,1,1,5.771441123130016,0.0114541500451158,4629629.62962963,9259259.25925926,53333.33333333333,106666.66666666666,53333.33333333333,4629629.62962963,1.4285714285714286,0.04,0.3333333333333333,0,145.95467
ASAP7,NORX1,NOR5x1f_ASAP7_6t_L,C,Y,rise,160.0,0.0003599999999999,0.7,25.0,48.5544,2.0,2.16e-07,1.08e-07,0,1,1,5.081404364984463,0.0003599352155478,4629629.62962963,9259259.25925926,1666.6666666666663,3333.333333333333,1666.6666666666663,4629629.62962963,1.4285714285714286,0.04,0.3333333333333333,0,18.324593
ASAP7,INVX2,INVx2_ASAP7_6t_L,A,Y,fall,5.0,0.0057599999999999,0.7,25.0,14.8261,1.0,1.08e-07,1.08e-07,1,1,1,1.791759469228055,0.0057434746270657,9259259.25925926,9259259.25925926,53333.33333333333,53333.33333333333,53333.33333333333,9259259.25925926,1.4285714285714286,0.04,0.0,0,10.1698265
ASAP7,NANDX1,NAND2x1_ASAP7_6t_L,B,Y,rise,80.0,0.0230399999999999,0.7,25.0,142.061,0.5,1.08e-07,2.16e-07,0,1,1,4.394449154672439,0.0227785868893395,9259259.25925926,4629629.62962963,213333.3333333333,106666.66666666666,213333.3333333333,9259259.25925926,1.4285714285714286,0.04,-0.3333333333333333,0,154.48157
ASAP7,INVX1,INVx1_ASAP7_6t_L,A,Y,rise,160.0,0.0014399999999999,0.7,25.0,35.4908,1.0,5.4e-08,5.4e-08,1,1,1,5.081404364984463,0.0014389641942542,18518518.51851852,18518518.51851852,26666.666666666664,26666.666666666664,26666.666666666664,18518518.51851852,1.4285714285714286,0.04,0.0,0,29.859497
ASAP7,NANDX1,NAND2x1p5_ASAP7_6t_L,A,Y,fall,10.0,0.0003599999999999,0.7,25.0,5.38227,0.5,1.08e-07,2.16e-07,0,1,1,2.3978952727983707,0.0003599352155478,9259259.25925926,4629629.62962963,3333.333333333333,1666.6666666666663,1666.6666666666663,4629629.62962963,1.4285714285714286,0.04,-0.3333333333333333,0,5.4320517
ASAP7,NORX1,NOR5x1f_ASAP7_6t_L,B,Y,fall,40.0,0.0007199999999999,0.7,25.0,14.16,2.0,2.16e-07,1.08e-07,0,1,1,3.713572066704308,0.0007197409243488,4629629.62962963,9259259.25925926,3333.333333333333,6666.666666666666,6666.666666666666,9259259.25925926,1.4285714285714286,0.04,0.3333333333333333,0,15.705982
ASAP7,NORX1,NOR3x1_ASAP7_6t_L,B,Y,fall,20.0,0.0007199999999999,0.7,25.0,14.2634,2.0,2.16e-07,1.08e-07,0,1,1,3.044522437723423,0.0007197409243488,4629629.62962963,9259259.25925926,3333.333333333333,6666.666666666666,6666.666666666666,9259259.25925926,1.4285714285714286,0.04,0.3333333333333333,0,13.1613455
ASAP7,NANDX1,NAND2x1_ASAP7_6t_L,B,Y,rise,320.0,0.0014399999999999,0.7,25.0,58.7616,0.5,1.08e-07,2.16e-07,0,1,1,5.771441123130016,0.0014389641942542,9259259.25925926,4629629.62962963,13333.333333333332,6666.666666666666,13333.333333333332,9259259.25925926,1.4285714285714286,0.04,-0.3333333333333333,0,47.679417
ASAP7,NORX1,NOR5x1f_ASAP7_6t_L,B,Y,fall,40.0,0.0014399999999999,0.7,25.0,18.7585,2.0,2.16e-07,1.08e-07,0,1,1,3.713572066704308,0.0014389641942542,4629629.62962963,9259259.25925926,6666.666666666666,13333.333333333332,13333.333333333332,9259259.25925926,1.4285714285714286,0.04,0.3333333333333333,0,1.0833013
ASAP7,NANDX1,NAND2x1p5_ASAP7_6t_L,A,Y,rise,20.0,0.0007199999999999,0.7,25.0,16.3079,0.5,1.08e-07,2.16e-07,0,1,1,3.044522437723423,0.0007197409243488,9259259.25925926,4629629.62962963,6666.666666666666,3333.333333333333,6666.666666666666,9259259.25925926,1.4285714285714286,0.04,-0.3333333333333333,0,19.950489
ASAP7,NORX1,NOR3x1f_ASAP7_6t_L,A,Y,fall,5.0,0.0230399999999999,0.7,25.0,98.3207,2.0,2.16e-07,1.08e-07,0,1,1,1.791759469228055,0.0227785868893395,4629629.62962963,9259259.25925926,106666.66666666666,213333.3333333333,213333.3333333333,9259259.25925926,1.4285714285714286,0.04,0.3333333333333333,0,123.40321
ASAP7,NORX1,NOR3x1_ASAP7_6t_L,B,Y,fall,10.0,0.0230399999999999,0.7,25.0,103.985,2.0,2.16e-07,1.08e-07,0,1,1,2.3978952727983707,0.0227785868893395,4629629.62962963,9259259.25925926,106666.66666666666,213333.3333333333,213333.3333333333,9259259.25925926,1.4285714285714286,0.04,0.3333333333333333,0,122.88082
ASAP7,NORX1,NOR2x1_ASAP7_6t_L,A,Y,rise,5.0,0.0057599999999999,0.7,25.0,32.7103,2.0,2.16e-07,1.08e-07,0,1,1,1.791759469228055,0.0057434746270657,4629629.62962963,9259259.25925926,26666.666666666664,53333.33333333333,26666.666666666664,4629629.62962963,1.4285714285714286,0.04,0.3333333333333333,0,49.140182
ASAP7,NORX1,NOR5x1f_ASAP7_6t_L,E,Y,rise,5.0,0.0115199999999999,0.7,25.0,281.279,2.0,2.16e-07,1.08e-07,0,1,1,1.791759469228055,0.0114541500451158,4629629.62962963,9259259.25925926,53333.33333333333,106666.66666666666,53333.33333333333,4629629.62962963,1.4285714285714286,0.04,0.3333333333333333,0,139.48413
ASAP7,INVX1,INVx11_ASAP7_6t_L,A,Y,fall,10.0,0.0921599999999999,0.7,25.0,40.2567,1.0,5.4e-08,5.4e-08,1,1,1,2.3978952727983707,0.0881573867362051,18518518.51851852,18518518.51851852,1706666.6666666665,1706666.6666666665,1706666.6666666665,18518518.51851852,1.4285714285714286,0.04,0.0,0,35.488323
ASAP7,NORX1,NOR3x1f_ASAP7_6t_L,B,Y,rise,80.0,0.0057599999999999,0.7,25.0,103.431,2.0,2.16e-07,1.08e-07,0,1,1,4.394449154672439,0.0057434746270657,4629629.62962963,9259259.25925926,26666.666666666664,53333.33333333333,26666.666666666664,4629629.62962963,1.4285714285714286,0.04,0.3333333333333333,0,72.84052
ASAP7,INVX1,INVx11_ASAP7_6t_L,A,Y,fall,320.0,0.0115199999999999,0.7,25.0,21.3441,1.0,5.4e-08,5.4e-08,1,1,1,5.771441123130016,0.0114541500451158,18518518.51851852,18518518.51851852,213333.3333333333,213333.3333333333,213333.3333333333,18518518.51851852,1.4285714285714286,0.04,0.0,0,112.43436
ASAP7,NANDX1,NAND2x1p5_ASAP7_6t_L,A,Y,fall,80.0,0.0007199999999999,0.7,25.0,6.75885,0.5,1.08e-07,2.16e-07,0,1,1,4.394449154672439,0.0007197409243488,9259259.25925926,4629629.62962963,6666.666666666666,3333.333333333333,3333.333333333333,4629629.62962963,1.4285714285714286,0.04,-0.3333333333333333,0,10.568886
ASAP7,NORX1,NOR3x1_ASAP7_6t_L,C,Y,rise,80.0,0.0028799999999999,0.7,25.0,29.1608,2.0,2.16e-07,1.08e-07,0,1,1,4.394449154672439,0.0028758607454642,4629629.62962963,9259259.25925926,13333.333333333332,26666.666666666664,13333.333333333332,4629629.62962963,1.4285714285714286,0.04,0.3333333333333333,0,47.636875
ASAP7,NORX1,NOR5x1f_ASAP7_6t_L,C,Y,fall,10.0,0.0014399999999999,0.7,25.0,12.6007,2.0,2.16e-07,1.08e-07,0,1,1,2.3978952727983707,0.0014389641942542,4629629.62962963,9259259.25925926,6666.666666666666,13333.333333333332,13333.333333333332,9259259.25925926,1.4285714285714286,0.04,0.3333333333333333,0,1.0614806
ASAP7,INVX1,INVx1_ASAP7_6t_L,A,Y,fall,160.0,0.0007199999999999,0.7,25.0,15.491,1.0,5.4e-08,5.4e-08,1,1,1,5.081404364984463,0.0007197409243488,18518518.51851852,18518518.51851852,13333.333333333332,13333.333333333332,13333.333333333332,18518518.51851852,1.4285714285714286,0.04,0.0,0,30.830973
ASAP7,NORX1,NOR5x1f_ASAP7_6t_L,B,Y,rise,80.0,0.0014399999999999,0.7,25.0,64.6804,2.0,2.16e-07,1.08e-07,0,1,1,4.394449154672439,0.0014389641942542,4629629.62962963,9259259.25925926,6666.666666666666,13333.333333333332,6666.666666666666,4629629.62962963,1.4285714285714286,0.04,0.3333333333333333,0,38.63382
ASAP7,INVX2,INVx2_ASAP7_6t_L,A,Y,fall,20.0,0.0057599999999999,0.7,25.0,19.0867,1.0,1.08e-07,1.08e-07,1,1,1,3.044522437723423,0.0057434746270657,9259259.25925926,9259259.25925926,53333.33333333333,53333.33333333333,53333.33333333333,9259259.25925926,1.4285714285714286,0.04,0.0,0,8.291748
ASAP7,NORX1,NOR3x1_ASAP7_6t_L,C,Y,fall,5.0,0.0230399999999999,0.7,25.0,104.131,2.0,2.16e-07,1.08e-07,0,1,1,1.791759469228055,0.0227785868893395,4629629.62962963,9259259.25925926,106666.66666666666,213333.3333333333,213333.3333333333,9259259.25925926,1.4285714285714286,0.04,0.3333333333333333,0,123.40321
ASAP7,NORX1,NOR3x1_ASAP7_6t_L,B,Y,rise,80.0,0.0115199999999999,0.7,25.0,75.678,2.0,2.16e-07,1.08e-07,0,1,1,4.394449154672439,0.0114541500451158,4629629.62962963,9259259.25925926,53333.33333333333,106666.66666666666,53333.33333333333,4629629.62962963,1.4285714285714286,0.04,0.3333333333333333,0,181.54622
ASAP7,NORX1,NOR5x1f_ASAP7_6t_L,A,Y,rise,160.0,0.0014399999999999,0.7,25.0,84.919,2.0,2.16e-07,1.08e-07,0,1,1,5.081404364984463,0.0014389641942542,4629629.62962963,9259259.25925926,6666.666666666666,13333.333333333332,6666.666666666666,4629629.62962963,1.4285714285714286,0.04,0.3333333333333333,0,116.227425
ASAP7,NANDX1,NAND3x1_ASAP7_6t_L,A,Y,fall,20.0,0.0460799999999999,0.7,25.0,159.955,0.5,1.08e-07,2.16e-07,0,1,1,3.044522437723423,0.0450498445537087,9259259.25925926,4629629.62962963,426666.6666666666,213333.3333333333,213333.3333333333,4629629.62962963,1.4285714285714286,0.04,-0.3333333333333333,0,168.82973
ASAP7,NORX1,NOR2x1_ASAP7_6t_L,B,Y,rise,160.0,0.0028799999999999,0.7,25.0,44.5547,2.0,2.16e-07,1.08e-07,0,1,1,5.081404364984463,0.0028758607454642,4629629.62962963,9259259.25925926,13333.333333333332,26666.666666666664,13333.333333333332,4629629.62962963,1.4285714285714286,0.04,0.3333333333333333,0,31.93729
ASAP7,NORX1,NOR3x1f_ASAP7_6t_L,C,Y,fall,160.0,0.0230399999999999,0.7,25.0,143.996,2.0,2.16e-07,1.08e-07,0,1,1,5.081404364984463,0.0227785868893395,4629629.62962963,9259259.25925926,106666.66666666666,213333.3333333333,213333.3333333333,9259259.25925926,1.4285714285714286,0.04,0.3333333333333333,0,173.70908
ASAP7,INVX1,INVx13_ASAP7_6t_L,A,Y,rise,10.0,0.3686399999999999,0.7,25.0,151.275,1.0,5.4e-08,5.4e-08,1,1,1,2.3978952727983707,0.3138175460564067,18518518.51851852,18518518.51851852,6826666.666666666,6826666.666666666,6826666.666666666,18518518.51851852,1.4285714285714286,0.04,0.0,0,190.66617
ASAP7,INVX1,INVx11_ASAP7_6t_L,A,Y,rise,320.0,0.0057599999999999,0.7,25.0,32.9865,1.0,5.4e-08,5.4e-08,1,1,1,5.771441123130016,0.0057434746270657,18518518.51851852,18518518.51851852,106666.66666666666,106666.66666666666,106666.66666666666,18518518.51851852,1.4285714285714286,0.04,0.0,0,72.81723
ASAP7,INVX1,INVx13_ASAP7_6t_L,A,Y,rise,40.0,0.7372799999999999,0.7,25.0,305.935,1.0,5.4e-08,5.4e-08,1,1,1,3.713572066704308,0.5523206717349491,18518518.51851852,18518518.51851852,13653333.333333332,13653333.333333332,13653333.333333332,18518518.51851852,1.4285714285714286,0.04,0.0,0,333.22296
ASAP7,INVX1,INVx1_ASAP7_6t_L,A,Y,rise,10.0,0.0014399999999999,0.7,25.0,12.2262,1.0,5.4e-08,5.4e-08,1,1,1,2.3978952727983707,0.0014389641942542,18518518.51851852,18518518.51851852,26666.666666666664,26666.666666666664,26666.666666666664,18518518.51851852,1.4285714285714286,0.04,0.0,0,6.4388947
ASAP7,NORX1,NOR3x1_ASAP7_6t_L,C,Y,rise,10.0,0.0057599999999999,0.7,25.0,35.671,2.0,2.16e-07,1.08e-07,0,1,1,2.3978952727983707,0.0057434746270657,4629629.62962963,9259259.25925926,26666.666666666664,53333.33333333333,26666.666666666664,4629629.62962963,1.4285714285714286,0.04,0.3333333333333333,0,66.264946
ASAP7,INVX1,INVx11_ASAP7_6t_L,A,Y,fall,5.0,0.0460799999999999,0.7,25.0,21.1129,1.0,5.4e-08,5.4e-08,1,1,1,1.791759469228055,0.0450498445537087,18518518.51851852,18518518.51851852,853333.3333333333,853333.3333333333,853333.3333333333,18518518.51851852,1.4285714285714286,0.04,0.0,0,208.7493
ASAP7,NANDX1,NAND2x1_ASAP7_6t_L,B,Y,fall,5.0,0.0460799999999999,0.7,25.0,163.598,0.5,1.08e-07,2.16e-07,0,1,1,1.791759469228055,0.0450498445537087,9259259.25925926,4629629.62962963,426666.6666666666,213333.3333333333,213333.3333333333,4629629.62962963,1.4285714285714286,0.04,-0.3333333333333333,0,148.43684
ASAP7,INVX1,INVx11_ASAP7_6t_L,A,Y,fall,20.0,0.1843199999999999,0.7,25.0,78.4845,1.0,5.4e-08,5.4e-08,1,1,1,3.044522437723423,0.169168770215654,18518518.51851852,18518518.51851852,3413333.333333333,3413333.333333333,3413333.333333333,18518518.51851852,1.4285714285714286,0.04,0.0,0,62.81279
ASAP7,NORX1,NOR3x1_ASAP7_6t_L,C,Y,fall,20.0,0.0007199999999999,0.7,25.0,15.6632,2.0,2.16e-07,1.08e-07,0,1,1,3.044522437723423,0.0007197409243488,4629629.62962963,9259259.25925926,3333.333333333333,6666.666666666666,6666.666666666666,9259259.25925926,1.4285714285714286,0.04,0.3333333333333333,0,13.1613455
ASAP7,NORX1,NOR5x1f_ASAP7_6t_L,E,Y,rise,40.0,0.0028799999999999,0.7,25.0,89.8489,2.0,2.16e-07,1.08e-07,0,1,1,3.713572066704308,0.0028758607454642,4629629.62962963,9259259.25925926,13333.333333333332,26666.666666666664,13333.333333333332,4629629.62962963,1.4285714285714286,0.04,0.3333333333333333,0,39.330414
ASAP7,NORX1,NOR5x1f_ASAP7_6t_L,D,Y,rise,5.0,0.0115199999999999,0.7,25.0,281.15,2.0,2.16e-07,1.08e-07,0,1,1,1.791759469228055,0.0114541500451158,4629629.62962963,9259259.25925926,53333.33333333333,106666.66666666666,53333.33333333333,4629629.62962963,1.4285714285714286,0.04,0.3333333333333333,0,139.48363
ASAP7,NORX1,NOR3x1_ASAP7_6t_L,B,Y,fall,10.0,0.0057599999999999,0.7,25.0,32.8924,2.0,2.16e-07,1.08e-07,0,1,1,2.3978952727983707,0.0057434746270657,4629629.62962963,9259259.25925926,26666.666666666664,53333.33333333333,53333.33333333333,9259259.25925926,1.4285714285714286,0.04,0.3333333333333333,0,22.861832
ASAP7,INVX1,INVx13_ASAP7_6t_L,A,Y,fall,160.0,0.0230399999999999,0.7,25.0,27.6785,1.0,5.4e-08,5.4e-08,1,1,1,5.081404364984463,0.0227785868893395,18518518.51851852,18518518.51851852,426666.6666666666,426666.6666666666,426666.6666666666,18518518.51851852,1.4285714285714286,0.04,0.0,0,39.420475
ASAP7,INVX1,INVx13_ASAP7_6t_L,A,Y,rise,160.0,0.1843199999999999,0.7,25.0,124.567,1.0,5.4e-08,5.4e-08,1,1,1,5.081404364984463,0.169168770215654,18518518.51851852,18518518.51851852,3413333.333333333,3413333.333333333,3413333.333333333,18518518.51851852,1.4285714285714286,0.04,0.0,0,134.44492
ASAP7,NANDX1,NAND3x1_ASAP7_6t_L,B,Y,rise,40.0,0.0028799999999999,0.7,25.0,34.0525,0.5,1.08e-07,2.16e-07,0,1,1,3.713572066704308,0.0028758607454642,9259259.25925926,4629629.62962963,26666.666666666664,13333.333333333332,26666.666666666664,9259259.25925926,1.4285714285714286,0.04,-0.3333333333333333,0,44.282925
ASAP7,NANDX1,NAND3x1_ASAP7_6t_L,A,Y,rise,20.0,0.0115199999999999,0.7,25.0,68.2733,0.5,1.08e-07,2.16e-07,0,1,1,3.044522437723423,0.0114541500451158,9259259.25925926,4629629.62962963,106666.66666666666,53333.33333333333,106666.66666666666,9259259.25925926,1.4285714285714286,0.04,-0.3333333333333333,0,61.343357
ASAP7,INVX1,INVx13_ASAP7_6t_L,A,Y,rise,80.0,0.7372799999999999,0.7,25.0,318.173,1.0,5.4e-08,5.4e-08,1,1,1,4.394449154672439,0.5523206717349491,18518518.51851852,18518518.51851852,13653333.333333332,13653333.333333332,13653333.333333332,18518518.51851852,1.4285714285714286,0.04,0.0,0,333.22586
ASAP7,INVX1,INVx11_ASAP7_6t_L,A,Y,fall,80.0,0.0460799999999999,0.7,25.0,38.5031,1.0,5.4e-08,5.4e-08,1,1,1,4.394449154672439,0.0450498445537087,18518518.51851852,18518518.51851852,853333.3333333333,853333.3333333333,853333.3333333333,18518518.51851852,1.4285714285714286,0.04,0.0,0,251.01025
ASAP7,NORX1,NOR5x1f_ASAP7_6t_L,B,Y,rise,320.0,0.0003599999999999,0.7,25.0,76.477,2.0,2.16e-07,1.08e-07,0,1,1,5.771441123130016,0.0003599352155478,4629629.62962963,9259259.25925926,1666.6666666666663,3333.333333333333,1666.6666666666663,4629629.62962963,1.4285714285714286,0.04,0.3333333333333333,0,63.290775
ASAP7,NANDX1,NAND2x1p5_ASAP7_6t_L,B,Y,fall,40.0,0.0230399999999999,0.7,25.0,66.9901,0.5,1.08e-07,2.16e-07,0,1,1,3.713572066704308,0.0227785868893395,9259259.25925926,4629629.62962963,213333.3333333333,106666.66666666666,106666.66666666666,4629629.62962963,1.4285714285714286,0.04,-0.3333333333333333,0,71.94765
ASAP7,NANDX1,NAND2x1_ASAP7_6t_L,B,Y,fall,5.0,0.0028799999999999,0.7,25.0,13.9838,0.5,1.08e-07,2.16e-07,0,1,1,1.791759469228055,0.0028758607454642,9259259.25925926,4629629.62962963,26666.666666666664,13333.333333333332,13333.333333333332,4629629.62962963,1.4285714285714286,0.04,-0.3333333333333333,0,11.487163
ASAP7,NANDX1,NAND3x1_ASAP7_6t_L,C,Y,rise,320.0,0.0057599999999999,0.7,25.0,118.44,0.5,1.08e-07,2.16e-07,0,1,1,5.771441123130016,0.0057434746270657,9259259.25925926,4629629.62962963,53333.33333333333,26666.666666666664,53333.33333333333,9259259.25925926,1.4285714285714286,0.04,-0.3333333333333333,0,90.92697
ASAP7,NORX1,NOR5x1f_ASAP7_6t_L,D,Y,rise,160.0,0.0115199999999999,0.7,25.0,297.018,2.0,2.16e-07,1.08e-07,0,1,1,5.081404364984463,0.0114541500451158,4629629.62962963,9259259.25925926,53333.33333333333,106666.66666666666,53333.33333333333,4629629.62962963,1.4285714285714286,0.04,0.3333333333333333,0,173.9581
ASAP7,NANDX1,NAND3x1_ASAP7_6t_L,C,Y,rise,10.0,0.0028799999999999,0.7,25.0,26.4273,0.5,1.08e-07,2.16e-07,0,1,1,2.3978952727983707,0.0028758607454642,9259259.25925926,4629629.62962963,26666.666666666664,13333.333333333332,26666.666666666664,9259259.25925926,1.4285714285714286,0.04,-0.3333333333333333,0,22.813961
ASAP7,NORX1,NOR5x1f_ASAP7_6t_L,C,Y,rise,320.0,0.0007199999999999,0.7,25.0,80.9511,2.0,2.16e-07,1.08e-07,0,1,1,5.771441123130016,0.0007197409243488,4629629.62962963,9259259.25925926,3333.333333333333,6666.666666666666,3333.333333333333,4629629.62962963,1.4285714285714286,0.04,0.3333333333333333,0,63.724564
ASAP7,INVX1,INVx13_ASAP7_6t_L,A,Y,fall,20.0,0.1843199999999999,0.7,25.0,68.6561,1.0,5.4e-08,5.4e-08,1,1,1,3.044522437723423,0.169168770215654,18518518.51851852,18518518.51851852,3413333.333333333,3413333.333333333,3413333.333333333,18518518.51851852,1.4285714285714286,0.04,0.0,0,62.81279
ASAP7,INVX1,INVx1_ASAP7_6t_L,A,Y,fall,5.0,0.0057599999999999,0.7,25.0,26.9275,1.0,5.4e-08,5.4e-08,1,1,1,1.791759469228055,0.0057434746270657,18518518.51851852,18518518.51851852,106666.66666666666,106666.66666666666,106666.66666666666,18518518.51851852,1.4285714285714286,0.04,0.0,0,8.079115
ASAP7,NORX1,NOR3x1_ASAP7_6t_L,A,Y,fall,20.0,0.0014399999999999,0.7,25.0,15.7878,2.0,2.16e-07,1.08e-07,0,1,1,3.044522437723423,0.0014389641942542,4629629.62962963,9259259.25925926,6666.666666666666,13333.333333333332,13333.333333333332,9259259.25925926,1.4285714285714286,0.04,0.3333333333333333,0,14.109812
ASAP7,NANDX1,NAND2x1_ASAP7_6t_L,A,Y,fall,5.0,0.0230399999999999,0.7,25.0,84.5107,0.5,1.08e-07,2.16e-07,0,1,1,1.791759469228055,0.0227785868893395,9259259.25925926,4629629.62962963,213333.3333333333,106666.66666666666,106666.66666666666,4629629.62962963,1.4285714285714286,0.04,-0.3333333333333333,0,68.960464
ASAP7,NORX1,NOR3x1_ASAP7_6t_L,C,Y,fall,80.0,0.0057599999999999,0.7,25.0,53.8796,2.0,2.16e-07,1.08e-07,0,1,1,4.394449154672439,0.0057434746270657,4629629.62962963,9259259.25925926,26666.666666666664,53333.33333333333,53333.33333333333,9259259.25925926,1.4285714285714286,0.04,0.3333333333333333,0,39.294956
ASAP7,NANDX1,NAND3x1_ASAP7_6t_L,A,Y,fall,80.0,0.0057599999999999,0.7,25.0,39.0572,0.5,1.08e-07,2.16e-07,0,1,1,4.394449154672439,0.0057434746270657,9259259.25925926,4629629.62962963,53333.33333333333,26666.666666666664,26666.666666666664,4629629.62962963,1.4285714285714286,0.04,-0.3333333333333333,0,39.58586
ASAP7,NORX1,NOR3x1_ASAP7_6t_L,A,Y,fall,320.0,0.0007199999999999,0.7,25.0,31.9641,2.0,2.16e-07,1.08e-07,0,1,1,5.771441123130016,0.0007197409243488,4629629.62962963,9259259.25925926,3333.333333333333,6666.666666666666,6666.666666666666,9259259.25925926,1.4285714285714286,0.04,0.3333333333333333,0,29.582964
ASAP7,NORX1,NOR3x1f_ASAP7_6t_L,A,Y,fall,10.0,0.0028799999999999,0.7,25.0,17.2856,2.0,2.16e-07,1.08e-07,0,1,1,2.3978952727983707,0.0028758607454642,4629629.62962963,9259259.25925926,13333.333333333332,26666.666666666664,26666.666666666664,9259259.25925926,1.4285714285714286,0.04,0.3333333333333333,0,1.062865
ASAP7,INVX1,INVx11_ASAP7_6t_L,A,Y,fall,320.0,0.3686399999999999,0.7,25.0,233.565,1.0,5.4e-08,5.4e-08,1,1,1,5.771441123130016,0.3138175460564067,18518518.51851852,18518518.51851852,6826666.666666666,6826666.666666666,6826666.666666666,18518518.51851852,1.4285714285714286,0.04,0.0,0,198.45541
ASAP7,NORX1,NOR3x1_ASAP7_6t_L,C,Y,fall,320.0,0.0460799999999999,0.7,25.0,289.897,2.0,2.16e-07,1.08e-07,0,1,1,5.771441123130016,0.0450498445537087,4629629.62962963,9259259.25925926,213333.3333333333,426666.6666666666,426666.6666666666,9259259.25925926,1.4285714285714286,0.04,0.3333333333333333,0,157.59459
ASAP7,NANDX1,NAND3x1_ASAP7_6t_L,A,Y,rise,40.0,0.0460799999999999,0.7,25.0,244.525,0.5,1.08e-07,2.16e-07,0,1,1,3.713572066704308,0.0450498445537087,9259259.25925926,4629629.62962963,426666.6666666666,213333.3333333333,426666.6666666666,9259259.25925926,1.4285714285714286,0.04,-0.3333333333333333,0,233.83086
ASAP7,NANDX1,NAND2x1p5_ASAP7_6t_L,B,Y,fall,5.0,0.0230399999999999,0.7,25.0,57.7207,0.5,1.08e-07,2.16e-07,0,1,1,1.791759469228055,0.0227785868893395,9259259.25925926,4629629.62962963,213333.3333333333,106666.66666666666,106666.66666666666,4629629.62962963,1.4285714285714286,0.04,-0.3333333333333333,0,68.960464
ASAP7,NORX1,NOR3x1f_ASAP7_6t_L,B,Y,fall,5.0,0.0230399999999999,0.7,25.0,98.678,2.0,2.16e-07,1.08e-07,0,1,1,1.791759469228055,0.0227785868893395,4629629.62962963,9259259.25925926,106666.66666666666,213333.3333333333,213333.3333333333,9259259.25925926,1.4285714285714286,0.04,0.3333333333333333,0,123.40321
ASAP7,NORX1,NOR3x1f_ASAP7_6t_L,B,Y,fall,160.0,0.0028799999999999,0.7,25.0,38.5488,2.0,2.16e-07,1.08e-07,0,1,1,5.081404364984463,0.0028758607454642,4629629.62962963,9259259.25925926,13333.333333333332,26666.666666666664,26666.666666666664,9259259.25925926,1.4285714285714286,0.04,0.3333333333333333,0,32.716522
ASAP7,INVX1,INVx13_ASAP7_6t_L,A,Y,rise,5.0,0.1843199999999999,0.7,25.0,76.8594,1.0,5.4e-08,5.4e-08,1,1,1,1.791759469228055,0.169168770215654,18518518.51851852,18518518.51851852,3413333.333333333,3413333.333333333,3413333.333333333,18518518.51851852,1.4285714285714286,0.04,0.0,0,123.03124
ASAP7,NANDX1,NAND2x1_ASAP7_6t_L,A,Y,rise,320.0,0.0007199999999999,0.7,25.0,57.3443,0.5,1.08e-07,2.16e-07,0,1,1,5.771441123130016,0.0007197409243488,9259259.25925926,4629629.62962963,6666.666666666666,3333.333333333333,6666.666666666666,9259259.25925926,1.4285714285714286,0.04,-0.3333333333333333,0,39.76828
ASAP7,INVX1,INVx11_ASAP7_6t_L,A,Y,fall,40.0,0.0921599999999999,0.7,25.0,48.5991,1.0,5.4e-08,5.4e-08,1,1,1,3.713572066704308,0.0881573867362051,18518518.51851852,18518518.51851852,1706666.6666666665,1706666.6666666665,1706666.6666666665,18518518.51851852,1.4285714285714286,0.04,0.0,0,37.289223
ASAP7,NANDX1,NAND2x1_ASAP7_6t_L,B,Y,fall,160.0,0.0057599999999999,0.7,25.0,49.7612,0.5,1.08e-07,2.16e-07,0,1,1,5.081404364984463,0.0057434746270657,9259259.25925926,4629629.62962963,53333.33333333333,26666.666666666664,26666.666666666664,4629629.62962963,1.4285714285714286,0.04,-0.3333333333333333,0,40.37732
ASAP7,NORX1,NOR3x1f_ASAP7_6t_L,A,Y,rise,320.0,0.0057599999999999,0.7,25.0,168.385,2.0,2.16e-07,1.08e-07,0,1,1,5.771441123130016,0.0057434746270657,4629629.62962963,9259259.25925926,26666.666666666664,53333.33333333333,26666.666666666664,4629629.62962963,1.4285714285714286,0.04,0.3333333333333333,0,1.1983923
ASAP7,NORX1,NOR5x1f_ASAP7_6t_L,A,Y,fall,10.0,0.0014399999999999,0.7,25.0,11.9089,2.0,2.16e-07,1.08e-07,0,1,1,2.3978952727983707,0.0014389641942542,4629629.62962963,9259259.25925926,6666.666666666666,13333.333333333332,13333.333333333332,9259259.25925926,1.4285714285714286,0.04,0.3333333333333333,0,1.0614806
ASAP7,NORX1,NOR2x1_ASAP7_6t_L,B,Y,fall,10.0,0.0230399999999999,0.7,25.0,100.624,2.0,2.16e-07,1.08e-07,0,1,1,2.3978952727983707,0.0227785868893395,4629629.62962963,9259259.25925926,106666.66666666666,213333.3333333333,213333.3333333333,9259259.25925926,1.4285714285714286,0.04,0.3333333333333333,0,1.0855638
ASAP7,NANDX1,NAND3x1_ASAP7_6t_L,B,Y,rise,320.0,0.0007199999999999,0.7,25.0,64.272,0.5,1.08e-07,2.16e-07,0,1,1,5.771441123130016,0.0007197409243488,9259259.25925926,4629629.62962963,6666.666666666666,3333.333333333333,6666.666666666666,9259259.25925926,1.4285714285714286,0.04,-0.3333333333333333,0,39.76828
ASAP7,NORX1,NOR3x1_ASAP7_6t_L,A,Y,fall,10.0,0.0057599999999999,0.7,25.0,31.1661,2.0,2.16e-07,1.08e-07,0,1,1,2.3978952727983707,0.0057434746270657,4629629.62962963,9259259.25925926,26666.666666666664,53333.33333333333,53333.33333333333,9259259.25925926,1.4285714285714286,0.04,0.3333333333333333,0,22.861832
ASAP7,NORX1,NOR5x1f_ASAP7_6t_L,D,Y,rise,40.0,0.0014399999999999,0.7,25.0,57.4576,2.0,2.16e-07,1.08e-07,0,1,1,3.713572066704308,0.0014389641942542,4629629.62962963,9259259.25925926,6666.666666666666,13333.333333333332,6666.666666666666,4629629.62962963,1.4285714285714286,0.04,0.3333333333333333,0,22.574537
ASAP7,NORX1,NOR5x1f_ASAP7_6t_L,E,Y,rise,5.0,0.0028799999999999,0.7,25.0,86.8222,2.0,2.16e-07,1.08e-07,0,1,1,1.791759469228055,0.0028758607454642,4629629.62962963,9259259.25925926,13333.333333333332,26666.666666666664,13333.333333333332,4629629.62962963,1.4285714285714286,0.04,0.3333333333333333,0,32.29544
ASAP7,NORX1,NOR5x1f_ASAP7_6t_L,C,Y,fall,10.0,0.0007199999999999,0.7,25.0,9.56959,2.0,2.16e-07,1.08e-07,0,1,1,2.3978952727983707,0.0007197409243488,4629629.62962963,9259259.25925926,3333.333333333333,6666.666666666666,6666.666666666666,9259259.25925926,1.4285714285714286,0.04,0.3333333333333333,0,11.356401
ASAP7,NANDX1,NAND2x1p5_ASAP7_6t_L,B,Y,fall,80.0,0.0028799999999999,0.7,25.0,19.9947,0.5,1.08e-07,2.16e-07,0,1,1,4.394449154672439,0.0028758607454642,9259259.25925926,4629629.62962963,26666.666666666664,13333.333333333332,13333.333333333332,4629629.62962963,1.4285714285714286,0.04,-0.3333333333333333,0,21.22201
ASAP7,NANDX1,NAND3x1_ASAP7_6t_L,C,Y,rise,20.0,0.0014399999999999,0.7,25.0,22.2219,0.5,1.08e-07,2.16e-07,0,1,1,3.044522437723423,0.0014389641942542,9259259.25925926,4629629.62962963,13333.333333333332,6666.666666666666,13333.333333333332,9259259.25925926,1.4285714285714286,0.04,-0.3333333333333333,0,25.416174
ASAP7,INVX2,INVx2_ASAP7_6t_L,A,Y,fall,320.0,0.0115199999999999,0.7,25.0,72.1266,1.0,1.08e-07,1.08e-07,1,1,1,5.771441123130016,0.0114541500451158,9259259.25925926,9259259.25925926,106666.66666666666,106666.66666666666,106666.66666666666,9259259.25925926,1.4285714285714286,0.04,0.0,0,80.485535
ASAP7,INVX1,INVx1_ASAP7_6t_L,A,Y,rise,160.0,0.0115199999999999,0.7,25.0,108.695,1.0,5.4e-08,5.4e-08,1,1,1,5.081404364984463,0.0114541500451158,18518518.51851852,18518518.51851852,213333.3333333333,213333.3333333333,213333.3333333333,18518518.51851852,1.4285714285714286,0.04,0.0,0,30.339231
ASAP7,NORX1,NOR5x1f_ASAP7_6t_L,B,Y,fall,20.0,0.0230399999999999,0.7,25.0,103.369,2.0,2.16e-07,1.08e-07,0,1,1,3.044522437723423,0.0227785868893395,4629629.62962963,9259259.25925926,106666.66666666666,213333.3333333333,213333.3333333333,9259259.25925926,1.4285714285714286,0.04,0.3333333333333333,0,121.11496
ASAP7,INVX1,INVx1_ASAP7_6t_L,A,Y,fall,40.0,0.0014399999999999,0.7,25.0,16.2305,1.0,5.4e-08,5.4e-08,1,1,1,3.713572066704308,0.0014389641942542,18518518.51851852,18518518.51851852,26666.666666666664,26666.666666666664,26666.666666666664,18518518.51851852,1.4285714285714286,0.04,0.0,0,11.269874
ASAP7,NORX1,NOR3x1_ASAP7_6t_L,A,Y,fall,10.0,0.0460799999999999,0.7,25.0,196.542,2.0,2.16e-07,1.08e-07,0,1,1,2.3978952727983707,0.0450498445537087,4629629.62962963,9259259.25925926,213333.3333333333,426666.6666666666,426666.6666666666,9259259.25925926,1.4285714285714286,0.04,0.3333333333333333,0,181.40564
ASAP7,NORX1,NOR3x1f_ASAP7_6t_L,A,Y,rise,80.0,0.0007199999999999,0.7,25.0,34.8579,2.0,2.16e-07,1.08e-07,0,1,1,4.394449154672439,0.0007197409243488,4629629.62962963,9259259.25925926,3333.333333333333,6666.666666666666,3333.333333333333,4629629.62962963,1.4285714285714286,0.04,0.3333333333333333,0,35.178177
ASAP7,INVX1,INVx13_ASAP7_6t_L,A,Y,rise,20.0,0.3686399999999999,0.7,25.0,154.449,1.0,5.4e-08,5.4e-08,1,1,1,3.044522437723423,0.3138175460564067,18518518.51851852,18518518.51851852,6826666.666666666,6826666.666666666,6826666.666666666,18518518.51851852,1.4285714285714286,0.04,0.0,0,190.6678
ASAP7,NANDX1,NAND2x1_ASAP7_6t_L,A,Y,rise,320.0,0.0057599999999999,0.7,25.0,108.2,0.5,1.08e-07,2.16e-07,0,1,1,5.771441123130016,0.0057434746270657,9259259.25925926,4629629.62962963,53333.33333333333,26666.666666666664,53333.33333333333,9259259.25925926,1.4285714285714286,0.04,-0.3333333333333333,0,90.92697
ASAP7,NANDX1,NAND2x1p5_ASAP7_6t_L,A,Y,fall,160.0,0.0014399999999999,0.7,25.0,7.96956,0.5,1.08e-07,2.16e-07,0,1,1,5.081404364984463,0.0014389641942542,9259259.25925926,4629629.62962963,13333.333333333332,6666.666666666666,6666.666666666666,4629629.62962963,1.4285714285714286,0.04,-0.3333333333333333,0,16.828005
ASAP7,INVX1,INVx1_ASAP7_6t_L,A,Y,fall,5.0,0.0115199999999999,0.7,25.0,50.5069,1.0,5.4e-08,5.4e-08,1,1,1,1.791759469228055,0.0114541500451158,18518518.51851852,18518518.51851852,213333.3333333333,213333.3333333333,213333.3333333333,18518518.51851852,1.4285714285714286,0.04,0.0,0,73.9236
ASAP7,NORX1,NOR5x1f_ASAP7_6t_L,A,Y,fall,320.0,0.0115199999999999,0.7,25.0,114.879,2.0,2.16e-07,1.08e-07,0,1,1,5.771441123130016,0.0114541500451158,4629629.62962963,9259259.25925926,53333.33333333333,106666.66666666666,106666.66666666666,9259259.25925926,1.4285714285714286,0.04,0.3333333333333333,0,67.389084
ASAP7,NORX1,NOR5x1f_ASAP7_6t_L,E,Y,fall,320.0,0.0028799999999999,0.7,25.0,48.4087,2.0,2.16e-07,1.08e-07,0,1,1,5.771441123130016,0.0028758607454642,4629629.62962963,9259259.25925926,13333.333333333332,26666.666666666664,26666.666666666664,9259259.25925926,1.4285714285714286,0.04,0.3333333333333333,0,37.391388
ASAP7,INVX1,INVx11_ASAP7_6t_L,A,Y,fall,320.0,0.0460799999999999,0.7,25.0,58.6941,1.0,5.4e-08,5.4e-08,1,1,1,5.771441123130016,0.0450498445537087,18518518.51851852,18518518.51851852,853333.3333333333,853333.3333333333,853333.3333333333,18518518.51851852,1.4285714285714286,0.04,0.0,0,253.62636
ASAP7,NORX1,NOR3x1f_ASAP7_6t_L,A,Y,fall,320.0,0.0003599999999999,0.7,25.0,3.51552,2.0,2.16e-07,1.08e-07,0,1,1,5.771441123130016,0.0003599352155478,4629629.62962963,9259259.25925926,1666.6666666666663,3333.333333333333,3333.333333333333,9259259.25925926,1.4285714285714286,0.04,0.3333333333333333,0,29.827616
ASAP7,INVX1,INVx11_ASAP7_6t_L,A,Y,rise,80.0,0.1843199999999999,0.7,25.0,112.358,1.0,5.4e-08,5.4e-08,1,1,1,4.394449154672439,0.169168770215654,18518518.51851852,18518518.51851852,3413333.333333333,3413333.333333333,3413333.333333333,18518518.51851852,1.4285714285714286,0.04,0.0,0,101.882484
ASAP7,NORX1,NOR5x1f_ASAP7_6t_L,B,Y,rise,10.0,0.0057599999999999,0.7,25.0,148.875,2.0,2.16e-07,1.08e-07,0,1,1,2.3978952727983707,0.0057434746270657,4629629.62962963,9259259.25925926,26666.666666666664,53333.33333333333,26666.666666666664,4629629.62962963,1.4285714285714286,0.04,0.3333333333333333,0,66.264946
ASAP7,NORX1,NOR5x1f_ASAP7_6t_L,C,Y,fall,320.0,0.0014399999999999,0.7,25.0,27.2485,2.0,2.16e-07,1.08e-07,0,1,1,5.771441123130016,0.0014389641942542,4629629.62962963,9259259.25925926,6666.666666666666,13333.333333333332,13333.333333333332,9259259.25925926,1.4285714285714286,0.04,0.3333333333333333,0,32.193302
ASAP7,NANDX1,NAND2x1_ASAP7_6t_L,A,Y,fall,10.0,0.0007199999999999,0.7,25.0,7.97068,0.5,1.08e-07,2.16e-07,0,1,1,2.3978952727983707,0.0007197409243488,9259259.25925926,4629629.62962963,6666.666666666666,3333.333333333333,3333.333333333333,4629629.62962963,1.4285714285714286,0.04,-0.3333333333333333,0,5.4319615
ASAP7,NORX1,NOR3x1_ASAP7_6t_L,C,Y,rise,5.0,0.0460799999999999,0.7,25.0,220.794,2.0,2.16e-07,1.08e-07,0,1,1,1.791759469228055,0.0450498445537087,4629629.62962963,9259259.25925926,213333.3333333333,426666.6666666666,213333.3333333333,4629629.62962963,1.4285714285714286,0.04,0.3333333333333333,0,328.72556
ASAP7,NANDX1,NAND2x1p5_ASAP7_6t_L,B,Y,rise,80.0,0.0230399999999999,0.7,25.0,143.014,0.5,1.08e-07,2.16e-07,0,1,1,4.394449154672439,0.0227785868893395,9259259.25925926,4629629.62962963,213333.3333333333,106666.66666666666,213333.3333333333,9259259.25925926,1.4285714285714286,0.04,-0.3333333333333333,0,154.48157
ASAP7,NORX1,NOR3x1f_ASAP7_6t_L,B,Y,rise,80.0,0.0115199999999999,0.7,25.0,181.661,2.0,2.16e-07,1.08e-07,0,1,1,4.394449154672439,0.0114541500451158,4629629.62962963,9259259.25925926,53333.33333333333,106666.66666666666,53333.33333333333,4629629.62962963,1.4285714285714286,0.04,0.3333333333333333,0,152.1009
ASAP7,NORX1,NOR5x1f_ASAP7_6t_L,B,Y,fall,160.0,0.0003599999999999,0.7,25.0,12.1829,2.0,2.16e-07,1.08e-07,0,1,1,5.081404364984463,0.0003599352155478,4629629.62962963,9259259.25925926,1666.6666666666663,3333.333333333333,3333.333333333333,9259259.25925926,1.4285714285714286,0.04,0.3333333333333333,0,24.794863
ASAP7,INVX1,INVx11_ASAP7_6t_L,A,Y,rise,5.0,0.0057599999999999,0.7,25.0,6.19824,1.0,5.4e-08,5.4e-08,1,1,1,1.791759469228055,0.0057434746270657,18518518.51851852,18518518.51851852,106666.66666666666,106666.66666666666,106666.66666666666,18518518.51851852,1.4285714285714286,0.04,0.0,0,7.679562
ASAP7,NORX1,NOR3x1f_ASAP7_6t_L,C,Y,fall,160.0,0.0028799999999999,0.7,25.0,39.7072,2.0,2.16e-07,1.08e-07,0,1,1,5.081404364984463,0.0028758607454642,4629629.62962963,9259259.25925926,13333.333333333332,26666.666666666664,26666.666666666664,9259259.25925926,1.4285714285714286,0.04,0.3333333333333333,0,32.716522
ASAP7,NORX1,NOR2x1_ASAP7_6t_L,A,Y,rise,80.0,0.0028799999999999,0.7,25.0,30.971,2.0,2.16e-07,1.08e-07,0,1,1,4.394449154672439,0.0028758607454642,4629629.62962963,9259259.25925926,13333.333333333332,26666.666666666664,13333.333333333332,4629629.62962963,1.4285714285714286,0.04,0.3333333333333333,0,50.068356
ASAP7,NORX1,NOR2x1_ASAP7_6t_L,A,Y,rise,160.0,0.0028799999999999,0.7,25.0,37.7085,2.0,2.16e-07,1.08e-07,0,1,1,5.081404364984463,0.0028758607454642,4629629.62962963,9259259.25925926,13333.333333333332,26666.666666666664,13333.333333333332,4629629.62962963,1.4285714285714286,0.04,0.3333333333333333,0,32.19523
ASAP7,NORX1,NOR3x1f_ASAP7_6t_L,A,Y,fall,80.0,0.0007199999999999,0.7,25.0,14.1324,2.0,2.16e-07,1.08e-07,0,1,1,4.394449154672439,0.0007197409243488,4629629.62962963,9259259.25925926,3333.333333333333,6666.666666666666,6666.666666666666,9259259.25925926,1.4285714285714286,0.04,0.3333333333333333,0,19.53428
ASAP7,INVX1,INVx11_ASAP7_6t_L,A,Y,fall,80.0,0.1843199999999999,0.7,25.0,95.4269,1.0,5.4e-08,5.4e-08,1,1,1,4.394449154672439,0.169168770215654,18518518.51851852,18518518.51851852,3413333.333333333,3413333.333333333,3413333.333333333,18518518.51851852,1.4285714285714286,0.04,0.0,0,63.91776
ASAP7,NORX1,NOR3x1_ASAP7_6t_L,C,Y,rise,20.0,0.0115199999999999,0.7,25.0,63.928,2.0,2.16e-07,1.08e-07,0,1,1,3.044522437723423,0.0114541500451158,4629629.62962963,9259259.25925926,53333.33333333333,106666.66666666666,53333.33333333333,4629629.62962963,1.4285714285714286,0.04,0.3333333333333333,0,257.5644
ASAP7,NORX1,NOR3x1f_ASAP7_6t_L,B,Y,fall,20.0,0.0028799999999999,0.7,25.0,20.3142,2.0,2.16e-07,1.08e-07,0,1,1,3.044522437723423,0.0028758607454642,4629629.62962963,9259259.25925926,13333.333333333332,26666.666666666664,26666.666666666664,9259259.25925926,1.4285714285714286,0.04,0.3333333333333333,0,17.51046
ASAP7,NANDX1,NAND2x1p5_ASAP7_6t_L,A,Y,fall,160.0,0.0115199999999999,0.7,25.0,48.091,0.5,1.08e-07,2.16e-07,0,1,1,5.081404364984463,0.0114541500451158,9259259.25925926,4629629.62962963,106666.66666666666,53333.33333333333,53333.33333333333,4629629.62962963,1.4285714285714286,0.04,-0.3333333333333333,0,104.44515
ASAP7,NORX1,NOR5x1f_ASAP7_6t_L,A,Y,fall,320.0,0.0014399999999999,0.7,25.0,22.8712,2.0,2.16e-07,1.08e-07,0,1,1,5.771441123130016,0.0014389641942542,4629629.62962963,9259259.25925926,6666.666666666666,13333.333333333332,13333.333333333332,9259259.25925926,1.4285714285714286,0.04,0.3333333333333333,0,32.1933
ASAP7,NANDX1,NAND3x1_ASAP7_6t_L,C,Y,fall,40.0,0.0028799999999999,0.7,25.0,18.5334,0.5,1.08e-07,2.16e-07,0,1,1,3.713572066704308,0.0028758607454642,9259259.25925926,4629629.62962963,26666.666666666664,13333.333333333332,13333.333333333332,4629629.62962963,1.4285714285714286,0.04,-0.3333333333333333,0,12.994712
ASAP7,NORX1,NOR3x1_ASAP7_6t_L,B,Y,fall,320.0,0.0115199999999999,0.7,25.0,126.392,2.0,2.16e-07,1.08e-07,0,1,1,5.771441123130016,0.0114541500451158,4629629.62962963,9259259.25925926,53333.33333333333,106666.66666666666,106666.66666666666,9259259.25925926,1.4285714285714286,0.04,0.3333333333333333,0,67.389084
ASAP7,NANDX1,NAND2x1p5_ASAP7_6t_L,B,Y,fall,160.0,0.0057599999999999,0.7,25.0,36.4976,0.5,1.08e-07,2.16e-07,0,1,1,5.081404364984463,0.0057434746270657,9259259.25925926,4629629.62962963,53333.33333333333,26666.666666666664,26666.666666666664,4629629.62962963,1.4285714285714286,0.04,-0.3333333333333333,0,40.405254
ASAP7,NORX1,NOR5x1f_ASAP7_6t_L,B,Y,rise,10.0,0.0115199999999999,0.7,25.0,278.554,2.0,2.16e-07,1.08e-07,0,1,1,2.3978952727983707,0.0114541500451158,4629629.62962963,9259259.25925926,53333.33333333333,106666.66666666666,53333.33333333333,4629629.62962963,1.4285714285714286,0.04,0.3333333333333333,0,153.73238
ASAP7,NORX1,NOR3x1f_ASAP7_6t_L,B,Y,fall,5.0,0.0115199999999999,0.7,25.0,51.4666,2.0,2.16e-07,1.08e-07,0,1,1,1.791759469228055,0.0114541500451158,4629629.62962963,9259259.25925926,53333.33333333333,106666.66666666666,106666.66666666666,9259259.25925926,1.4285714285714286,0.04,0.3333333333333333,0,42.714035
ASAP7,NANDX1,NAND2x1_ASAP7_6t_L,B,Y,rise,40.0,0.0460799999999999,0.7,25.0,242.43,0.5,1.08e-07,2.16e-07,0,1,1,3.713572066704308,0.0450498445537087,9259259.25925926,4629629.62962963,426666.6666666666,213333.3333333333,426666.6666666666,9259259.25925926,1.4285714285714286,0.04,-0.3333333333333333,0,233.83086
ASAP7,NORX1,NOR5x1f_ASAP7_6t_L,B,Y,fall,5.0,0.0003599999999999,0.7,25.0,6.35534,2.0,2.16e-07,1.08e-07,0,1,1,1.791759469228055,0.0003599352155478,4629629.62962963,9259259.25925926,1666.6666666666663,3333.333333333333,3333.333333333333,9259259.25925926,1.4285714285714286,0.04,0.3333333333333333,0,8.154864
ASAP7,NANDX1,NAND2x1_ASAP7_6t_L,A,Y,rise,10.0,0.0230399999999999,0.7,25.0,121.855,0.5,1.08e-07,2.16e-07,0,1,1,2.3978952727983707,0.0227785868893395,9259259.25925926,4629629.62962963,213333.3333333333,106666.66666666666,213333.3333333333,9259259.25925926,1.4285714285714286,0.04,-0.3333333333333333,0,133.80751
ASAP7,INVX2,INVx2_ASAP7_6t_L,A,Y,fall,160.0,0.0921599999999999,0.7,25.0,236.327,1.0,1.08e-07,1.08e-07,1,1,1,5.081404364984463,0.0881573867362051,9259259.25925926,9259259.25925926,853333.3333333333,853333.3333333333,853333.3333333333,9259259.25925926,1.4285714285714286,0.04,0.0,0,298.47916
ASAP7,NORX1,NOR3x1f_ASAP7_6t_L,B,Y,fall,80.0,0.0014399999999999,0.7,25.0,21.7514,2.0,2.16e-07,1.08e-07,0,1,1,4.394449154672439,0.0014389641942542,4629629.62962963,9259259.25925926,6666.666666666666,13333.333333333332,13333.333333333332,9259259.25925926,1.4285714285714286,0.04,0.3333333333333333,0,1.0993165
ASAP7,NORX1,NOR5x1f_ASAP7_6t_L,D,Y,rise,20.0,0.0014399999999999,0.7,25.0,55.6408,2.0,2.16e-07,1.08e-07,0,1,1,3.044522437723423,0.0014389641942542,4629629.62962963,9259259.25925926,6666.666666666666,13333.333333333332,6666.666666666666,4629629.62962963,1.4285714285714286,0.04,0.3333333333333333,0,23.829628
ASAP7,INVX1,INVx13_ASAP7_6t_L,A,Y,rise,5.0,0.7372799999999999,0.7,25.0,295.827,1.0,5.4e-08,5.4e-08,1,1,1,1.791759469228055,0.5523206717349491,18518518.51851852,18518518.51851852,13653333.333333332,13653333.333333332,13653333.333333332,18518518.51851852,1.4285714285714286,0.04,0.0,0,329.10355
ASAP7,NORX1,NOR5x1f_ASAP7_6t_L,D,Y,fall,160.0,0.0057599999999999,0.7,25.0,61.9715,2.0,2.16e-07,1.08e-07,0,1,1,5.081404364984463,0.0057434746270657,4629629.62962963,9259259.25925926,26666.666666666664,53333.33333333333,53333.33333333333,9259259.25925926,1.4285714285714286,0.04,0.3333333333333333,0,44.377712
ASAP7,NANDX1,NAND2x1p5_ASAP7_6t_L,B,Y,rise,5.0,0.0230399999999999,0.7,25.0,120.151,0.5,1.08e-07,2.16e-07,0,1,1,1.791759469228055,0.0227785868893395,9259259.25925926,4629629.62962963,213333.3333333333,106666.66666666666,213333.3333333333,9259259.25925926,1.4285714285714286,0.04,-0.3333333333333333,0,126.6658
ASAP7,NORX1,NOR3x1f_ASAP7_6t_L,B,Y,fall,320.0,0.0014399999999999,0.7,25.0,26.3881,2.0,2.16e-07,1.08e-07,0,1,1,5.771441123130016,0.0014389641942542,4629629.62962963,9259259.25925926,6666.666666666666,13333.333333333332,13333.333333333332,9259259.25925926,1.4285714285714286,0.04,0.3333333333333333,0,32.1933
ASAP7,NANDX1,NAND3x1_ASAP7_6t_L,A,Y,rise,320.0,0.0460799999999999,0.7,25.0,334.927,0.5,1.08e-07,2.16e-07,0,1,1,5.771441123130016,0.0450498445537087,9259259.25925926,4629629.62962963,426666.6666666666,213333.3333333333,426666.6666666666,9259259.25925926,1.4285714285714286,0.04,-0.3333333333333333,0,264.52917
ASAP7,NORX1,NOR2x1_ASAP7_6t_L,B,Y,fall,40.0,0.0014399999999999,0.7,25.0,18.0841,2.0,2.16e-07,1.08e-07,0,1,1,3.713572066704308,0.0014389641942542,4629629.62962963,9259259.25925926,6666.666666666666,13333.333333333332,13333.333333333332,9259259.25925926,1.4285714285714286,0.04,0.3333333333333333,0,17.493435
ASAP7,INVX1,INVx11_ASAP7_6t_L,A,Y,fall,10.0,0.3686399999999999,0.7,25.0,146.76,1.0,5.4e-08,5.4e-08,1,1,1,2.3978952727983707,0.3138175460564067,18518518.51851852,18518518.51851852,6826666.666666666,6826666.666666666,6826666.666666666,18518518.51851852,1.4285714285714286,0.04,0.0,0,168.22664
ASAP7,NORX1,NOR3x1_ASAP7_6t_L,A,Y,rise,160.0,0.0057599999999999,0.7,25.0,63.1303,2.0,2.16e-07,1.08e-07,0,1,1,5.081404364984463,0.0057434746270657,4629629.62962963,9259259.25925926,26666.666666666664,53333.33333333333,26666.666666666664,4629629.62962963,1.4285714285714286,0.04,0.3333333333333333,0,47.89447
ASAP7,NANDX1,NAND3x1_ASAP7_6t_L,A,Y,fall,40.0,0.0115199999999999,0.7,25.0,51.3079,0.5,1.08e-07,2.16e-07,0,1,1,3.713572066704308,0.0114541500451158,9259259.25925926,4629629.62962963,106666.66666666666,53333.33333333333,53333.33333333333,4629629.62962963,1.4285714285714286,0.04,-0.3333333333333333,0,70.406136
ASAP7,NORX1,NOR3x1f_ASAP7_6t_L,C,Y,fall,5.0,0.0230399999999999,0.7,25.0,99.1128,2.0,2.16e-07,1.08e-07,0,1,1,1.791759469228055,0.0227785868893395,4629629.62962963,9259259.25925926,106666.66666666666,213333.3333333333,213333.3333333333,9259259.25925926,1.4285714285714286,0.04,0.3333333333333333,0,123.40321
ASAP7,NORX1,NOR2x1_ASAP7_6t_L,B,Y,fall,320.0,0.0028799999999999,0.7,25.0,52.5651,2.0,2.16e-07,1.08e-07,0,1,1,5.771441123130016,0.0028758607454642,4629629.62962963,9259259.25925926,13333.333333333332,26666.666666666664,26666.666666666664,9259259.25925926,1.4285714285714286,0.04,0.3333333333333333,0,37.391388
ASAP7,INVX1,INVx1_ASAP7_6t_L,A,Y,rise,40.0,0.0460799999999999,0.7,25.0,240.265,1.0,5.4e-08,5.4e-08,1,1,1,3.713572066704308,0.0450498445537087,18518518.51851852,18518518.51851852,853333.3333333333,853333.3333333333,853333.3333333333,18518518.51851852,1.4285714285714286,0.04,0.0,0,33.270786
ASAP7,INVX1,INVx13_ASAP7_6t_L,A,Y,rise,320.0,0.3686399999999999,0.7,25.0,246.923,1.0,5.4e-08,5.4e-08,1,1,1,5.771441123130016,0.3138175460564067,18518518.51851852,18518518.51851852,6826666.666666666,6826666.666666666,6826666.666666666,18518518.51851852,1.4285714285714286,0.04,0.0,0,199.24559
ASAP7,NORX1,NOR2x1_ASAP7_6t_L,A,Y,rise,20.0,0.0057599999999999,0.7,25.0,35.9711,2.0,2.16e-07,1.08e-07,0,1,1,3.044522437723423,0.0057434746270657,4629629.62962963,9259259.25925926,26666.666666666664,53333.33333333333,26666.666666666664,4629629.62962963,1.4285714285714286,0.04,0.3333333333333333,0,71.939674
ASAP7,INVX2,INVx2_ASAP7_6t_L,A,Y,fall,80.0,0.0057599999999999,0.7,25.0,29.9771,1.0,1.08e-07,1.08e-07,1,1,1,4.394449154672439,0.0057434746270657,9259259.25925926,9259259.25925926,53333.33333333333,53333.33333333333,53333.33333333333,9259259.25925926,1.4285714285714286,0.04,0.0,0,17.71823
ASAP7,NORX1,NOR5x1f_ASAP7_6t_L,A,Y,fall,5.0,0.0115199999999999,0.7,25.0,51.7571,2.0,2.16e-07,1.08e-07,0,1,1,1.791759469228055,0.0114541500451158,4629629.62962963,9259259.25925926,53333.33333333333,106666.66666666666,106666.66666666666,9259259.25925926,1.4285714285714286,0.04,0.3333333333333333,0,42.714035
ASAP7,NORX1,NOR2x1_ASAP7_6t_L,A,Y,fall,40.0,0.0014399999999999,0.7,25.0,20.0768,2.0,2.16e-07,1.08e-07,0,1,1,3.713572066704308,0.0014389641942542,4629629.62962963,9259259.25925926,6666.666666666666,13333.333333333332,13333.333333333332,9259259.25925926,1.4285714285714286,0.04,0.3333333333333333,0,1.0833013
ASAP7,NORX1,NOR5x1f_ASAP7_6t_L,D,Y,fall,320.0,0.0115199999999999,0.7,25.0,117.771,2.0,2.16e-07,1.08e-07,0,1,1,5.771441123130016,0.0114541500451158,4629629.62962963,9259259.25925926,53333.33333333333,106666.66666666666,106666.66666666666,9259259.25925926,1.4285714285714286,0.04,0.3333333333333333,0,1.1840497
ASAP7,NORX1,NOR5x1f_ASAP7_6t_L,B,Y,fall,5.0,0.0230399999999999,0.7,25.0,99.3229,2.0,2.16e-07,1.08e-07,0,1,1,1.791759469228055,0.0227785868893395,4629629.62962963,9259259.25925926,106666.66666666666,213333.3333333333,213333.3333333333,9259259.25925926,1.4285714285714286,0.04,0.3333333333333333,0,123.40321
ASAP7,NORX1,NOR3x1_ASAP7_6t_L,A,Y,rise,10.0,0.0007199999999999,0.7,25.0,9.87869,2.0,2.16e-07,1.08e-07,0,1,1,2.3978952727983707,0.0007197409243488,4629629.62962963,9259259.25925926,3333.333333333333,6666.666666666666,3333.333333333333,4629629.62962963,1.4285714285714286,0.04,0.3333333333333333,0,1.0858527
ASAP7,NORX1,NOR2x1_ASAP7_6t_L,B,Y,fall,320.0,0.0230399999999999,0.7,25.0,183.469,2.0,2.16e-07,1.08e-07,0,1,1,5.771441123130016,0.0227785868893395,4629629.62962963,9259259.25925926,106666.66666666666,213333.3333333333,213333.3333333333,9259259.25925926,1.4285714285714286,0.04,0.3333333333333333,0,153.34547
ASAP7,NORX1,NOR5x1f_ASAP7_6t_L,C,Y,rise,320.0,0.0028799999999999,0.7,25.0,135.399,2.0,2.16e-07,1.08e-07,0,1,1,5.771441123130016,0.0028758607454642,4629629.62962963,9259259.25925926,13333.333333333332,26666.666666666664,13333.333333333332,4629629.62962963,1.4285714285714286,0.04,0.3333333333333333,0,72.96555
ASAP7,NORX1,NOR3x1f_ASAP7_6t_L,B,Y,rise,160.0,0.0115199999999999,0.7,25.0,198.944,2.0,2.16e-07,1.08e-07,0,1,1,5.081404364984463,0.0114541500451158,4629629.62962963,9259259.25925926,53333.33333333333,106666.66666666666,53333.33333333333,4629629.62962963,1.4285714285714286,0.04,0.3333333333333333,0,173.93211
ASAP7,INVX1,INVx11_ASAP7_6t_L,A,Y,rise,10.0,0.0230399999999999,0.7,25.0,15.782,1.0,5.4e-08,5.4e-08,1,1,1,2.3978952727983707,0.0227785868893395,18518518.51851852,18518518.51851852,426666.6666666666,426666.6666666666,426666.6666666666,18518518.51851852,1.4285714285714286,0.04,0.0,0,120.92832
ASAP7,NANDX1,NAND2x1_ASAP7_6t_L,A,Y,fall,10.0,0.0014399999999999,0.7,25.0,10.5594,0.5,1.08e-07,2.16e-07,0,1,1,2.3978952727983707,0.0014389641942542,9259259.25925926,4629629.62962963,13333.333333333332,6666.666666666666,6666.666666666666,4629629.62962963,1.4285714285714286,0.04,-0.3333333333333333,0,6.1235766
ASAP7,NANDX1,NAND2x1p5_ASAP7_6t_L,B,Y,rise,40.0,0.0115199999999999,0.7,25.0,73.9806,0.5,1.08e-07,2.16e-07,0,1,1,3.713572066704308,0.0114541500451158,9259259.25925926,4629629.62962963,106666.66666666666,53333.33333333333,106666.66666666666,9259259.25925926,1.4285714285714286,0.04,-0.3333333333333333,0,83.17604
ASAP7,INVX1,INVx1_ASAP7_6t_L,A,Y,fall,10.0,0.0057599999999999,0.7,25.0,28.2127,1.0,5.4e-08,5.4e-08,1,1,1,2.3978952727983707,0.0057434746270657,18518518.51851852,18518518.51851852,106666.66666666666,106666.66666666666,106666.66666666666,18518518.51851852,1.4285714285714286,0.04,0.0,0,7.7501183
ASAP7,NANDX1,NAND3x1_ASAP7_6t_L,B,Y,rise,5.0,0.0460799999999999,0.7,25.0,236.186,0.5,1.08e-07,2.16e-07,0,1,1,1.791759469228055,0.0450498445537087,9259259.25925926,4629629.62962963,426666.6666666666,213333.3333333333,426666.6666666666,9259259.25925926,1.4285714285714286,0.04,-0.3333333333333333,0,213.26918
ASAP7,NORX1,NOR3x1f_ASAP7_6t_L,A,Y,fall,10.0,0.0003599999999999,0.7,25.0,6.59181,2.0,2.16e-07,1.08e-07,0,1,1,2.3978952727983707,0.0003599352155478,4629629.62962963,9259259.25925926,1666.6666666666663,3333.333333333333,3333.333333333333,9259259.25925926,1.4285714285714286,0.04,0.3333333333333333,0,9.7154045
ASAP7,INVX2,INVx2_ASAP7_6t_L,A,Y,fall,320.0,0.0230399999999999,0.7,25.0,114.583,1.0,1.08e-07,1.08e-07,1,1,1,5.771441123130016,0.0227785868893395,9259259.25925926,9259259.25925926,213333.3333333333,213333.3333333333,213333.3333333333,9259259.25925926,1.4285714285714286,0.04,0.0,0,178.97295
ASAP7,NORX1,NOR3x1f_ASAP7_6t_L,C,Y,rise,5.0,0.0057599999999999,0.7,25.0,88.9276,2.0,2.16e-07,1.08e-07,0,1,1,1.791759469228055,0.0057434746270657,4629629.62962963,9259259.25925926,26666.666666666664,53333.33333333333,26666.666666666664,4629629.62962963,1.4285714285714286,0.04,0.3333333333333333,0,48.094658
ASAP7,NORX1,NOR5x1f_ASAP7_6t_L,E,Y,rise,5.0,0.0007199999999999,0.7,25.0,37.7971,2.0,2.16e-07,1.08e-07,0,1,1,1.791759469228055,0.0007197409243488,4629629.62962963,9259259.25925926,3333.333333333333,6666.666666666666,3333.333333333333,4629629.62962963,1.4285714285714286,0.04,0.3333333333333333,0,23.396915
ASAP7,NORX1,NOR3x1f_ASAP7_6t_L,A,Y,rise,20.0,0.0230399999999999,0.7,25.0,326.455,2.0,2.16e-07,1.08e-07,0,1,1,3.044522437723423,0.0227785868893395,4629629.62962963,9259259.25925926,106666.66666666666,213333.3333333333,106666.66666666666,4629629.62962963,1.4285714285714286,0.04,0.3333333333333333,0,307.11768
ASAP7,NANDX1,NAND3x1_ASAP7_6t_L,B,Y,rise,80.0,0.0115199999999999,0.7,25.0,89.2612,0.5,1.08e-07,2.16e-07,0,1,1,4.394449154672439,0.0114541500451158,9259259.25925926,4629629.62962963,106666.66666666666,53333.33333333333,106666.66666666666,9259259.25925926,1.4285714285714286,0.04,-0.3333333333333333,0,152.89487
ASAP7,NANDX1,NAND3x1_ASAP7_6t_L,B,Y,rise,320.0,0.0460799999999999,0.7,25.0,337.678,0.5,1.08e-07,2.16e-07,0,1,1,5.771441123130016,0.0450498445537087,9259259.25925926,4629629.62962963,426666.6666666666,213333.3333333333,426666.6666666666,9259259.25925926,1.4285714285714286,0.04,-0.3333333333333333,0,264.52917
ASAP7,NANDX1,NAND2x1p5_ASAP7_6t_L,B,Y,fall,20.0,0.0230399999999999,0.7,25.0,61.4945,0.5,1.08e-07,2.16e-07,0,1,1,3.044522437723423,0.0227785868893395,9259259.25925926,4629629.62962963,213333.3333333333,106666.66666666666,106666.66666666666,4629629.62962963,1.4285714285714286,0.04,-0.3333333333333333,0,67.525795
ASAP7,NORX1,NOR3x1f_ASAP7_6t_L,A,Y,fall,160.0,0.0003599999999999,0.7,25.0,8.96643,2.0,2.16e-07,1.08e-07,0,1,1,5.081404364984463,0.0003599352155478,4629629.62962963,9259259.25925926,1666.6666666666663,3333.333333333333,3333.333333333333,9259259.25925926,1.4285714285714286,0.04,0.3333333333333333,0,24.794863
ASAP7,NANDX1,NAND2x1_ASAP7_6t_L,A,Y,fall,20.0,0.0230399999999999,0.7,25.0,87.0109,0.5,1.08e-07,2.16e-07,0,1,1,3.044522437723423,0.0227785868893395,9259259.25925926,4629629.62962963,213333.3333333333,106666.66666666666,106666.66666666666,4629629.62962963,1.4285714285714286,0.04,-0.3333333333333333,0,67.52579
ASAP7,NORX1,NOR5x1f_ASAP7_6t_L,A,Y,rise,160.0,0.0057599999999999,0.7,25.0,183.553,2.0,2.16e-07,1.08e-07,0,1,1,5.081404364984463,0.0057434746270657,4629629.62962963,9259259.25925926,26666.666666666664,53333.33333333333,26666.666666666664,4629629.62962963,1.4285714285714286,0.04,0.3333333333333333,0,47.89447
ASAP7,NORX1,NOR2x1_ASAP7_6t_L,B,Y,fall,5.0,0.0460799999999999,0.7,25.0,193.714,2.0,2.16e-07,1.08e-07,0,1,1,1.791759469228055,0.0450498445537087,4629629.62962963,9259259.25925926,213333.3333333333,426666.6666666666,426666.6666666666,9259259.25925926,1.4285714285714286,0.04,0.3333333333333333,0,178.52826
ASAP7,NORX1,NOR2x1_ASAP7_6t_L,A,Y,fall,320.0,0.0460799999999999,0.7,25.0,287.275,2.0,2.16e-07,1.08e-07,0,1,1,5.771441123130016,0.0450498445537087,4629629.62962963,9259259.25925926,213333.3333333333,426666.6666666666,426666.6666666666,9259259.25925926,1.4285714285714286,0.04,0.3333333333333333,0,157.59459
ASAP7,NANDX1,NAND3x1_ASAP7_6t_L,B,Y,fall,80.0,0.0230399999999999,0.7,25.0,94.6205,0.5,1.08e-07,2.16e-07,0,1,1,4.394449154672439,0.0227785868893395,9259259.25925926,4629629.62962963,213333.3333333333,106666.66666666666,106666.66666666666,4629629.62962963,1.4285714285714286,0.04,-0.3333333333333333,0,77.724144
ASAP7,NANDX1,NAND2x1_ASAP7_6t_L,B,Y,rise,10.0,0.0115199999999999,0.7,25.0,63.6769,0.5,1.08e-07,2.16e-07,0,1,1,2.3978952727983707,0.0114541500451158,9259259.25925926,4629629.62962963,106666.66666666666,53333.33333333333,106666.66666666666,9259259.25925926,1.4285714285714286,0.04,-0.3333333333333333,0,54.9515
ASAP7,NANDX1,NAND2x1p5_ASAP7_6t_L,B,Y,fall,10.0,0.0007199999999999,0.7,25.0,6.33669,0.5,1.08e-07,2.16e-07,0,1,1,2.3978952727983707,0.0007197409243488,9259259.25925926,4629629.62962963,6666.666666666666,3333.333333333333,3333.333333333333,4629629.62962963,1.4285714285714286,0.04,-0.3333333333333333,0,5.431961
ASAP7,INVX1,INVx11_ASAP7_6t_L,A,Y,rise,160.0,0.1843199999999999,0.7,25.0,137.88,1.0,5.4e-08,5.4e-08,1,1,1,5.081404364984463,0.169168770215654,18518518.51851852,18518518.51851852,3413333.333333333,3413333.333333333,3413333.333333333,18518518.51851852,1.4285714285714286,0.04,0.0,0,134.44492
ASAP7,NANDX1,NAND3x1_ASAP7_6t_L,A,Y,fall,160.0,0.0460799999999999,0.7,25.0,195.418,0.5,1.08e-07,2.16e-07,0,1,1,5.081404364984463,0.0450498445537087,9259259.25925926,4629629.62962963,426666.6666666666,213333.3333333333,213333.3333333333,4629629.62962963,1.4285714285714286,0.04,-0.3333333333333333,0,186.92924
ASAP7,NANDX1,NAND2x1p5_ASAP7_6t_L,B,Y,fall,5.0,0.0003599999999999,0.7,25.0,4.47815,0.5,1.08e-07,2.16e-07,0,1,1,1.791759469228055,0.0003599352155478,9259259.25925926,4629629.62962963,3333.333333333333,1666.6666666666663,1666.6666666666663,4629629.62962963,1.4285714285714286,0.04,-0.3333333333333333,0,8.5575
ASAP7,NANDX1,NAND2x1_ASAP7_6t_L,B,Y,fall,5.0,0.0007199999999999,0.7,25.0,6.44036,0.5,1.08e-07,2.16e-07,0,1,1,1.791759469228055,0.0007197409243488,9259259.25925926,4629629.62962963,6666.666666666666,3333.333333333333,3333.333333333333,4629629.62962963,1.4285714285714286,0.04,-0.3333333333333333,0,8.3620615
ASAP7,NORX1,NOR2x1_ASAP7_6t_L,B,Y,rise,80.0,0.0115199999999999,0.7,25.0,79.9471,2.0,2.16e-07,1.08e-07,0,1,1,4.394449154672439,0.0114541500451158,4629629.62962963,9259259.25925926,53333.33333333333,106666.66666666666,53333.33333333333,4629629.62962963,1.4285714285714286,0.04,0.3333333333333333,0,298.07666
ASAP7,NORX1,NOR3x1_ASAP7_6t_L,A,Y,fall,40.0,0.0028799999999999,0.7,25.0,27.2041,2.0,2.16e-07,1.08e-07,0,1,1,3.713572066704308,0.0028758607454642,4629629.62962963,9259259.25925926,13333.333333333332,26666.666666666664,26666.666666666664,9259259.25925926,1.4285714285714286,0.04,0.3333333333333333,0,1.0846692
ASAP7,NANDX1,NAND2x1p5_ASAP7_6t_L,B,Y,rise,20.0,0.0007199999999999,0.7,25.0,13.6938,0.5,1.08e-07,2.16e-07,0,1,1,3.044522437723423,0.0007197409243488,9259259.25925926,4629629.62962963,6666.666666666666,3333.333333333333,6666.666666666666,9259259.25925926,1.4285714285714286,0.04,-0.3333333333333333,0,18.61236
ASAP7,NORX1,NOR5x1f_ASAP7_6t_L,A,Y,rise,10.0,0.0230399999999999,0.7,25.0,535.383,2.0,2.16e-07,1.08e-07,0,1,1,2.3978952727983707,0.0227785868893395,4629629.62962963,9259259.25925926,106666.66666666666,213333.3333333333,106666.66666666666,4629629.62962963,1.4285714285714286,0.04,0.3333333333333333,0,304.85312
ASAP7,NORX1,NOR3x1f_ASAP7_6t_L,C,Y,fall,160.0,0.0115199999999999,0.7,25.0,92.8431,2.0,2.16e-07,1.08e-07,0,1,1,5.081404364984463,0.0114541500451158,4629629.62962963,9259259.25925926,53333.33333333333,106666.66666666666,106666.66666666666,9259259.25925926,1.4285714285714286,0.04,0.3333333333333333,0,65.888
ASAP7,NORX1,NOR3x1_ASAP7_6t_L,B,Y,rise,5.0,0.0460799999999999,0.7,25.0,220.226,2.0,2.16e-07,1.08e-07,0,1,1,1.791759469228055,0.0450498445537087,4629629.62962963,9259259.25925926,213333.3333333333,426666.6666666666,213333.3333333333,4629629.62962963,1.4285714285714286,0.04,0.3333333333333333,0,328.72556
ASAP7,NORX1,NOR2x1_ASAP7_6t_L,A,Y,fall,40.0,0.0115199999999999,0.7,25.0,63.2122,2.0,2.16e-07,1.08e-07,0,1,1,3.713572066704308,0.0114541500451158,4629629.62962963,9259259.25925926,53333.33333333333,106666.66666666666,106666.66666666666,9259259.25925926,1.4285714285714286,0.04,0.3333333333333333,0,58.830967
ASAP7,NANDX1,NAND3x1_ASAP7_6t_L,C,Y,fall,10.0,0.0014399999999999,0.7,25.0,11.4096,0.5,1.08e-07,2.16e-07,0,1,1,2.3978952727983707,0.0014389641942542,9259259.25925926,4629629.62962963,13333.333333333332,6666.666666666666,6666.666666666666,4629629.62962963,1.4285714285714286,0.04,-0.3333333333333333,0,6.5367746
ASAP7,INVX2,INVx2_ASAP7_6t_L,A,Y,fall,80.0,0.0028799999999999,0.7,25.0,19.4724,1.0,1.08e-07,1.08e-07,1,1,1,4.394449154672439,0.0028758607454642,9259259.25925926,9259259.25925926,26666.666666666664,26666.666666666664,26666.666666666664,9259259.25925926,1.4285714285714286,0.04,0.0,0,12.225083
ASAP7,NANDX1,NAND2x1p5_ASAP7_6t_L,A,Y,fall,80.0,0.0014399999999999,0.7,25.0,10.4355,0.5,1.08e-07,2.16e-07,0,1,1,4.394449154672439,0.0014389641942542,9259259.25925926,4629629.62962963,13333.333333333332,6666.666666666666,6666.666666666666,4629629.62962963,1.4285714285714286,0.04,-0.3333333333333333,0,13.372978
ASAP7,NORX1,NOR3x1_ASAP7_6t_L,B,Y,fall,20.0,0.0057599999999999,0.7,25.0,35.532,2.0,2.16e-07,1.08e-07,0,1,1,3.044522437723423,0.0057434746270657,4629629.62962963,9259259.25925926,26666.666666666664,53333.33333333333,53333.33333333333,9259259.25925926,1.4285714285714286,0.04,0.3333333333333333,0,1.075526
ASAP7,NORX1,NOR5x1f_ASAP7_6t_L,B,Y,fall,320.0,0.0057599999999999,0.7,25.0,72.321,2.0,2.16e-07,1.08e-07,0,1,1,5.771441123130016,0.0057434746270657,4629629.62962963,9259259.25925926,26666.666666666664,53333.33333333333,53333.33333333333,9259259.25925926,1.4285714285714286,0.04,0.3333333333333333,0,48.205162
ASAP7,INVX2,INVx2_ASAP7_6t_L,A,Y,fall,20.0,0.0014399999999999,0.7,25.0,8.76818,1.0,1.08e-07,1.08e-07,1,1,1,3.044522437723423,0.0014389641942542,9259259.25925926,9259259.25925926,13333.333333333332,13333.333333333332,13333.333333333332,9259259.25925926,1.4285714285714286,0.04,0.0,0,7.4665914
ASAP7,NANDX1,NAND3x1_ASAP7_6t_L,B,Y,fall,320.0,0.0007199999999999,0.7,25.0,1.10129,0.5,1.08e-07,2.16e-07,0,1,1,5.771441123130016,0.0007197409243488,9259259.25925926,4629629.62962963,6666.666666666666,3333.333333333333,3333.333333333333,4629629.62962963,1.4285714285714286,0.04,-0.3333333333333333,0,18.426865
ASAP7,NANDX1,NAND3x1_ASAP7_6t_L,A,Y,rise,5.0,0.0230399999999999,0.7,25.0,120.487,0.5,1.08e-07,2.16e-07,0,1,1,1.791759469228055,0.0227785868893395,9259259.25925926,4629629.62962963,213333.3333333333,106666.66666666666,213333.3333333333,9259259.25925926,1.4285714285714286,0.04,-0.3333333333333333,0,126.66581
ASAP7,NANDX1,NAND2x1p5_ASAP7_6t_L,B,Y,fall,5.0,0.0057599999999999,0.7,25.0,17.2599,0.5,1.08e-07,2.16e-07,0,1,1,1.791759469228055,0.0057434746270657,9259259.25925926,4629629.62962963,53333.33333333333,26666.666666666664,26666.666666666664,4629629.62962963,1.4285714285714286,0.04,-0.3333333333333333,0,15.254185
ASAP7,NORX1,NOR3x1_ASAP7_6t_L,A,Y,fall,160.0,0.0028799999999999,0.7,25.0,44.0042,2.0,2.16e-07,1.08e-07,0,1,1,5.081404364984463,0.0028758607454642,4629629.62962963,9259259.25925926,13333.333333333332,26666.666666666664,26666.666666666664,9259259.25925926,1.4285714285714286,0.04,0.3333333333333333,0,32.716522
ASAP7,NANDX1,NAND3x1_ASAP7_6t_L,C,Y,fall,10.0,0.0230399999999999,0.7,25.0,82.7393,0.5,1.08e-07,2.16e-07,0,1,1,2.3978952727983707,0.0227785868893395,9259259.25925926,4629629.62962963,213333.3333333333,106666.66666666666,106666.66666666666,4629629.62962963,1.4285714285714286,0.04,-0.3333333333333333,0,69.72532
ASAP7,NANDX1,NAND3x1_ASAP7_6t_L,B,Y,fall,320.0,0.0057599999999999,0.7,25.0,43.0126,0.5,1.08e-07,2.16e-07,0,1,1,5.771441123130016,0.0057434746270657,9259259.25925926,4629629.62962963,53333.33333333333,26666.666666666664,26666.666666666664,4629629.62962963,1.4285714285714286,0.04,-0.3333333333333333,0,51.29023
ASAP7,NORX1,NOR5x1f_ASAP7_6t_L,B,Y,fall,320.0,0.0014399999999999,0.7,25.0,25.1871,2.0,2.16e-07,1.08e-07,0,1,1,5.771441123130016,0.0014389641942542,4629629.62962963,9259259.25925926,6666.666666666666,13333.333333333332,13333.333333333332,9259259.25925926,1.4285714285714286,0.04,0.3333333333333333,0,32.193302
ASAP7,NORX1,NOR5x1f_ASAP7_6t_L,B,Y,rise,320.0,0.0057599999999999,0.7,25.0,215.388,2.0,2.16e-07,1.08e-07,0,1,1,5.771441123130016,0.0057434746270657,4629629.62962963,9259259.25925926,26666.666666666664,53333.33333333333,26666.666666666664,4629629.62962963,1.4285714285714286,0.04,0.3333333333333333,0,86.13372
ASAP7,NORX1,NOR5x1f_ASAP7_6t_L,D,Y,fall,10.0,0.0028799999999999,0.7,25.0,18.9065,2.0,2.16e-07,1.08e-07,0,1,1,2.3978952727983707,0.0028758607454642,4629629.62962963,9259259.25925926,13333.333333333332,26666.666666666664,26666.666666666664,9259259.25925926,1.4285714285714286,0.04,0.3333333333333333,0,13.969619
ASAP7,NORX1,NOR5x1f_ASAP7_6t_L,D,Y,rise,160.0,0.0014399999999999,0.7,25.0,71.1834,2.0,2.16e-07,1.08e-07,0,1,1,5.081404364984463,0.0014389641942542,4629629.62962963,9259259.25925926,6666.666666666666,13333.333333333332,6666.666666666666,4629629.62962963,1.4285714285714286,0.04,0.3333333333333333,0,26.881083
ASAP7,NORX1,NOR3x1_ASAP7_6t_L,B,Y,rise,80.0,0.0057599999999999,0.7,25.0,47.9319,2.0,2.16e-07,1.08e-07,0,1,1,4.394449154672439,0.0057434746270657,4629629.62962963,9259259.25925926,26666.666666666664,53333.33333333333,26666.666666666664,4629629.62962963,1.4285714285714286,0.04,0.3333333333333333,0,75.6256
ASAP7,NORX1,NOR3x1_ASAP7_6t_L,C,Y,fall,40.0,0.0057599999999999,0.7,25.0,42.9588,2.0,2.16e-07,1.08e-07,0,1,1,3.713572066704308,0.0057434746270657,4629629.62962963,9259259.25925926,26666.666666666664,53333.33333333333,53333.33333333333,9259259.25925926,1.4285714285714286,0.04,0.3333333333333333,0,1.0876596
ASAP7,NORX1,NOR3x1f_ASAP7_6t_L,B,Y,fall,40.0,0.0014399999999999,0.7,25.0,17.828,2.0,2.16e-07,1.08e-07,0,1,1,3.713572066704308,0.0014389641942542,4629629.62962963,9259259.25925926,6666.666666666666,13333.333333333332,13333.333333333332,9259259.25925926,1.4285714285714286,0.04,0.3333333333333333,0,1.0833013
ASAP7,NORX1,NOR5x1f_ASAP7_6t_L,B,Y,fall,320.0,0.0007199999999999,0.7,25.0,13.3282,2.0,2.16e-07,1.08e-07,0,1,1,5.771441123130016,0.0007197409243488,4629629.62962963,9259259.25925926,3333.333333333333,6666.666666666666,6666.666666666666,9259259.25925926,1.4285714285714286,0.04,0.3333333333333333,0,29.42817
ASAP7,NORX1,NOR3x1_ASAP7_6t_L,C,Y,fall,160.0,0.0028799999999999,0.7,25.0,51.6539,2.0,2.16e-07,1.08e-07,0,1,1,5.081404364984463,0.0028758607454642,4629629.62962963,9259259.25925926,13333.333333333332,26666.666666666664,26666.666666666664,9259259.25925926,1.4285714285714286,0.04,0.3333333333333333,0,32.716522
ASAP7,NORX1,NOR3x1_ASAP7_6t_L,A,Y,fall,10.0,0.0230399999999999,0.7,25.0,102.093,2.0,2.16e-07,1.08e-07,0,1,1,2.3978952727983707,0.0227785868893395,4629629.62962963,9259259.25925926,106666.66666666666,213333.3333333333,213333.3333333333,9259259.25925926,1.4285714285714286,0.04,0.3333333333333333,0,122.88082
ASAP7,NORX1,NOR3x1f_ASAP7_6t_L,C,Y,fall,5.0,0.0014399999999999,0.7,25.0,10.4567,2.0,2.16e-07,1.08e-07,0,1,1,1.791759469228055,0.0014389641942542,4629629.62962963,9259259.25925926,6666.666666666666,13333.333333333332,13333.333333333332,9259259.25925926,1.4285714285714286,0.04,0.3333333333333333,0,1.0535611
ASAP7,NORX1,NOR5x1f_ASAP7_6t_L,B,Y,fall,5.0,0.0014399999999999,0.7,25.0,10.8336,2.0,2.16e-07,1.08e-07,0,1,1,1.791759469228055,0.0014389641942542,4629629.62962963,9259259.25925926,6666.666666666666,13333.333333333332,13333.333333333332,9259259.25925926,1.4285714285714286,0.04,0.3333333333333333,0,10.476035
ASAP7,NORX1,NOR3x1_ASAP7_6t_L,B,Y,fall,10.0,0.0115199999999999,0.7,25.0,56.6028,2.0,2.16e-07,1.08e-07,0,1,1,2.3978952727983707,0.0114541500451158,4629629.62962963,9259259.25925926,53333.33333333333,106666.66666666666,106666.66666666666,9259259.25925926,1.4285714285714286,0.04,0.3333333333333333,0,1.0715908
ASAP7,NORX1,NOR3x1_ASAP7_6t_L,C,Y,rise,5.0,0.0014399999999999,0.7,25.0,14.5959,2.0,2.16e-07,1.08e-07,0,1,1,1.791759469228055,0.0014389641942542,4629629.62962963,9259259.25925926,6666.666666666666,13333.333333333332,6666.666666666666,4629629.62962963,1.4285714285714286,0.04,0.3333333333333333,0,25.191753
ASAP7,NORX1,NOR3x1_ASAP7_6t_L,C,Y,fall,320.0,0.0014399999999999,0.7,25.0,56.3509,2.0,2.16e-07,1.08e-07,0,1,1,5.771441123130016,0.0014389641942542,4629629.62962963,9259259.25925926,6666.666666666666,13333.333333333332,13333.333333333332,9259259.25925926,1.4285714285714286,0.04,0.3333333333333333,0,32.193302
ASAP7,NORX1,NOR2x1_ASAP7_6t_L,B,Y,fall,80.0,0.0115199999999999,0.7,25.0,73.8787,2.0,2.16e-07,1.08e-07,0,1,1,4.394449154672439,0.0114541500451158,4629629.62962963,9259259.25925926,53333.33333333333,106666.66666666666,106666.66666666666,9259259.25925926,1.4285714285714286,0.04,0.3333333333333333,0,63.030884
ASAP7,NORX1,NOR2x1_ASAP7_6t_L,B,Y,fall,80.0,0.0460799999999999,0.7,25.0,214.652,2.0,2.16e-07,1.08e-07,0,1,1,4.394449154672439,0.0450498445537087,4629629.62962963,9259259.25925926,213333.3333333333,426666.6666666666,426666.6666666666,9259259.25925926,1.4285714285714286,0.04,0.3333333333333333,0,184.79936
ASAP7,NORX1,NOR5x1f_ASAP7_6t_L,E,Y,rise,80.0,0.0007199999999999,0.7,25.0,43.3859,2.0,2.16e-07,1.08e-07,0,1,1,4.394449154672439,0.0007197409243488,4629629.62962963,9259259.25925926,3333.333333333333,6666.666666666666,3333.333333333333,4629629.62962963,1.4285714285714286,0.04,0.3333333333333333,0,154.24265
ASAP7,NORX1,NOR5x1f_ASAP7_6t_L,D,Y,rise,40.0,0.0115199999999999,0.7,25.0,285.235,2.0,2.16e-07,1.08e-07,0,1,1,3.713572066704308,0.0114541500451158,4629629.62962963,9259259.25925926,53333.33333333333,106666.66666666666,53333.33333333333,4629629.62962963,1.4285714285714286,0.04,0.3333333333333333,0,177.28862
ASAP7,NORX1,NOR2x1_ASAP7_6t_L,B,Y,fall,20.0,0.0115199999999999,0.7,25.0,56.1812,2.0,2.16e-07,1.08e-07,0,1,1,3.044522437723423,0.0114541500451158,4629629.62962963,9259259.25925926,53333.33333333333,106666.66666666666,106666.66666666666,9259259.25925926,1.4285714285714286,0.04,0.3333333333333333,0,53.74294
ASAP7,NANDX1,NAND3x1_ASAP7_6t_L,B,Y,rise,10.0,0.0028799999999999,0.7,25.0,24.556,0.5,1.08e-07,2.16e-07,0,1,1,2.3978952727983707,0.0028758607454642,9259259.25925926,4629629.62962963,26666.666666666664,13333.333333333332,26666.666666666664,9259259.25925926,1.4285714285714286,0.04,-0.3333333333333333,0,32.726048
ASAP7,INVX1,INVx11_ASAP7_6t_L,A,Y,fall,80.0,0.0230399999999999,0.7,25.0,25.0765,1.0,5.4e-08,5.4e-08,1,1,1,4.394449154672439,0.0227785868893395,18518518.51851852,18518518.51851852,426666.6666666666,426666.6666666666,426666.6666666666,18518518.51851852,1.4285714285714286,0.04,0.0,0,192.39442
ASAP7,NORX1,NOR2x1_ASAP7_6t_L,B,Y,rise,5.0,0.0057599999999999,0.7,25.0,31.7133,2.0,2.16e-07,1.08e-07,0,1,1,1.791759469228055,0.0057434746270657,4629629.62962963,9259259.25925926,26666.666666666664,53333.33333333333,26666.666666666664,4629629.62962963,1.4285714285714286,0.04,0.3333333333333333,0,50.882164
ASAP7,NANDX1,NAND3x1_ASAP7_6t_L,A,Y,rise,160.0,0.0014399999999999,0.7,25.0,43.7759,0.5,1.08e-07,2.16e-07,0,1,1,5.081404364984463,0.0014389641942542,9259259.25925926,4629629.62962963,13333.333333333332,6666.666666666666,13333.333333333332,9259259.25925926,1.4285714285714286,0.04,-0.3333333333333333,0,36.996265
ASAP7,NORX1,NOR3x1f_ASAP7_6t_L,B,Y,fall,10.0,0.0115199999999999,0.7,25.0,52.9496,2.0,2.16e-07,1.08e-07,0,1,1,2.3978952727983707,0.0114541500451158,4629629.62962963,9259259.25925926,53333.33333333333,106666.66666666666,106666.66666666666,9259259.25925926,1.4285714285714286,0.04,0.3333333333333333,0,1.0715908
ASAP7,NANDX1,NAND2x1p5_ASAP7_6t_L,A,Y,fall,80.0,0.0230399999999999,0.7,25.0,69.6653,0.5,1.08e-07,2.16e-07,0,1,1,4.394449154672439,0.0227785868893395,9259259.25925926,4629629.62962963,213333.3333333333,106666.66666666666,106666.66666666666,4629629.62962963,1.4285714285714286,0.04,-0.3333333333333333,0,77.72414
ASAP7,NORX1,NOR5x1f_ASAP7_6t_L,C,Y,rise,5.0,0.0003599999999999,0.7,25.0,27.8439,2.0,2.16e-07,1.08e-07,0,1,1,1.791759469228055,0.0003599352155478,4629629.62962963,9259259.25925926,1666.6666666666663,3333.333333333333,1666.6666666666663,4629629.62962963,1.4285714285714286,0.04,0.3333333333333333,0,15.5649805
ASAP7,NORX1,NOR5x1f_ASAP7_6t_L,A,Y,rise,40.0,0.0057599999999999,0.7,25.0,152.765,2.0,2.16e-07,1.08e-07,0,1,1,3.713572066704308,0.0057434746270657,4629629.62962963,9259259.25925926,26666.666666666664,53333.33333333333,26666.666666666664,4629629.62962963,1.4285714285714286,0.04,0.3333333333333333,0,80.73751
ASAP7,INVX1,INVx11_ASAP7_6t_L,A,Y,fall,10.0,0.0115199999999999,0.7,25.0,9.12329,1.0,5.4e-08,5.4e-08,1,1,1,2.3978952727983707,0.0114541500451158,18518518.51851852,18518518.51851852,213333.3333333333,213333.3333333333,213333.3333333333,18518518.51851852,1.4285714285714286,0.04,0.0,0,133.56134
ASAP7,INVX1,INVx13_ASAP7_6t_L,A,Y,rise,160.0,0.0115199999999999,0.7,25.0,28.4059,1.0,5.4e-08,5.4e-08,1,1,1,5.081404364984463,0.0114541500451158,18518518.51851852,18518518.51851852,213333.3333333333,213333.3333333333,213333.3333333333,18518518.51851852,1.4285714285714286,0.04,0.0,0,30.339228
ASAP7,NORX1,NOR2x1_ASAP7_6t_L,A,Y,fall,20.0,0.0460799999999999,0.7,25.0,199.08,2.0,2.16e-07,1.08e-07,0,1,1,3.044522437723423,0.0450498445537087,4629629.62962963,9259259.25925926,213333.3333333333,426666.6666666666,426666.6666666666,9259259.25925926,1.4285714285714286,0.04,0.3333333333333333,0,182.26678
ASAP7,NANDX1,NAND3x1_ASAP7_6t_L,B,Y,fall,10.0,0.0014399999999999,0.7,25.0,11.2703,0.5,1.08e-07,2.16e-07,0,1,1,2.3978952727983707,0.0014389641942542,9259259.25925926,4629629.62962963,13333.333333333332,6666.666666666666,6666.666666666666,4629629.62962963,1.4285714285714286,0.04,-0.3333333333333333,0,5.9223094
ASAP7,NANDX1,NAND3x1_ASAP7_6t_L,B,Y,fall,5.0,0.0057599999999999,0.7,25.0,24.6489,0.5,1.08e-07,2.16e-07,0,1,1,1.791759469228055,0.0057434746270657,9259259.25925926,4629629.62962963,53333.33333333333,26666.666666666664,26666.666666666664,4629629.62962963,1.4285714285714286,0.04,-0.3333333333333333,0,19.6376
ASAP7,NANDX1,NAND3x1_ASAP7_6t_L,A,Y,rise,320.0,0.0057599999999999,0.7,25.0,107.751,0.5,1.08e-07,2.16e-07,0,1,1,5.771441123130016,0.0057434746270657,9259259.25925926,4629629.62962963,53333.33333333333,26666.666666666664,53333.33333333333,9259259.25925926,1.4285714285714286,0.04,-0.3333333333333333,0,90.92697
ASAP7,NORX1,NOR3x1_ASAP7_6t_L,B,Y,fall,20.0,0.0115199999999999,0.7,25.0,59.2975,2.0,2.16e-07,1.08e-07,0,1,1,3.044522437723423,0.0114541500451158,4629629.62962963,9259259.25925926,53333.33333333333,106666.66666666666,106666.66666666666,9259259.25925926,1.4285714285714286,0.04,0.3333333333333333,0,53.74294
ASAP7,NORX1,NOR3x1f_ASAP7_6t_L,C,Y,fall,40.0,0.0007199999999999,0.7,25.0,13.607,2.0,2.16e-07,1.08e-07,0,1,1,3.713572066704308,0.0007197409243488,4629629.62962963,9259259.25925926,3333.333333333333,6666.666666666666,6666.666666666666,9259259.25925926,1.4285714285714286,0.04,0.3333333333333333,0,1.08263
ASAP7,NORX1,NOR3x1_ASAP7_6t_L,C,Y,fall,20.0,0.0230399999999999,0.7,25.0,108.164,2.0,2.16e-07,1.08e-07,0,1,1,3.044522437723423,0.0227785868893395,4629629.62962963,9259259.25925926,106666.66666666666,213333.3333333333,213333.3333333333,9259259.25925926,1.4285714285714286,0.04,0.3333333333333333,0,121.11496
ASAP7,NORX1,NOR2x1_ASAP7_6t_L,B,Y,rise,320.0,0.0057599999999999,0.7,25.0,85.1912,2.0,2.16e-07,1.08e-07,0,1,1,5.771441123130016,0.0057434746270657,4629629.62962963,9259259.25925926,26666.666666666664,53333.33333333333,26666.666666666664,4629629.62962963,1.4285714285714286,0.04,0.3333333333333333,0,86.13372
ASAP7,NANDX1,NAND2x1_ASAP7_6t_L,B,Y,rise,20.0,0.0007199999999999,0.7,25.0,12.6934,0.5,1.08e-07,2.16e-07,0,1,1,3.044522437723423,0.0007197409243488,9259259.25925926,4629629.62962963,6666.666666666666,3333.333333333333,6666.666666666666,9259259.25925926,1.4285714285714286,0.04,-0.3333333333333333,0,19.950487
ASAP7,NORX1,NOR5x1f_ASAP7_6t_L,E,Y,fall,20.0,0.0230399999999999,0.7,25.0,104.861,2.0,2.16e-07,1.08e-07,0,1,1,3.044522437723423,0.0227785868893395,4629629.62962963,9259259.25925926,106666.66666666666,213333.3333333333,213333.3333333333,9259259.25925926,1.4285714285714286,0.04,0.3333333333333333,0,1.09415
ASAP7,INVX2,INVx2_ASAP7_6t_L,A,Y,fall,5.0,0.0230399999999999,0.7,25.0,50.2964,1.0,1.08e-07,1.08e-07,1,1,1,1.791759469228055,0.0227785868893395,9259259.25925926,9259259.25925926,213333.3333333333,213333.3333333333,213333.3333333333,9259259.25925926,1.4285714285714286,0.04,0.0,0,49.837566
ASAP7,INVX2,INVx2_ASAP7_6t_L,A,Y,fall,320.0,0.0028799999999999,0.7,25.0,26.4161,1.0,1.08e-07,1.08e-07,1,1,1,5.771441123130016,0.0028758607454642,9259259.25925926,9259259.25925926,26666.666666666664,26666.666666666664,26666.666666666664,9259259.25925926,1.4285714285714286,0.04,0.0,0,79.15303
ASAP7,NANDX1,NAND3x1_ASAP7_6t_L,C,Y,fall,5.0,0.0014399999999999,0.7,25.0,10.7098,0.5,1.08e-07,2.16e-07,0,1,1,1.791759469228055,0.0014389641942542,9259259.25925926,4629629.62962963,13333.333333333332,6666.666666666666,6666.666666666666,4629629.62962963,1.4285714285714286,0.04,-0.3333333333333333,0,8.589746
ASAP7,NORX1,NOR3x1_ASAP7_6t_L,B,Y,rise,20.0,0.0230399999999999,0.7,25.0,117.009,2.0,2.16e-07,1.08e-07,0,1,1,3.044522437723423,0.0227785868893395,4629629.62962963,9259259.25925926,106666.66666666666,213333.3333333333,106666.66666666666,4629629.62962963,1.4285714285714286,0.04,0.3333333333333333,0,307.11768
ASAP7,NANDX1,NAND3x1_ASAP7_6t_L,B,Y,rise,20.0,0.0115199999999999,0.7,25.0,70.2501,0.5,1.08e-07,2.16e-07,0,1,1,3.044522437723423,0.0114541500451158,9259259.25925926,4629629.62962963,106666.66666666666,53333.33333333333,106666.66666666666,9259259.25925926,1.4285714285714286,0.04,-0.3333333333333333,0,61.343357
ASAP7,NANDX1,NAND3x1_ASAP7_6t_L,A,Y,fall,5.0,0.0014399999999999,0.7,25.0,9.13999,0.5,1.08e-07,2.16e-07,0,1,1,1.791759469228055,0.0014389641942542,9259259.25925926,4629629.62962963,13333.333333333332,6666.666666666666,6666.666666666666,4629629.62962963,1.4285714285714286,0.04,-0.3333333333333333,0,8.13149
ASAP7,NORX1,NOR5x1f_ASAP7_6t_L,E,Y,rise,160.0,0.0014399999999999,0.7,25.0,66.9563,2.0,2.16e-07,1.08e-07,0,1,1,5.081404364984463,0.0014389641942542,4629629.62962963,9259259.25925926,6666.666666666666,13333.333333333332,6666.666666666666,4629629.62962963,1.4285714285714286,0.04,0.3333333333333333,0,26.994783
ASAP7,NANDX1,NAND2x1_ASAP7_6t_L,A,Y,fall,80.0,0.0460799999999999,0.7,25.0,176.13,0.5,1.08e-07,2.16e-07,0,1,1,4.394449154672439,0.0450498445537087,9259259.25925926,4629629.62962963,426666.6666666666,213333.3333333333,213333.3333333333,4629629.62962963,1.4285714285714286,0.04,-0.3333333333333333,0,174.20555
ASAP7,NORX1,NOR3x1f_ASAP7_6t_L,B,Y,rise,40.0,0.0028799999999999,0.7,25.0,55.9025,2.0,2.16e-07,1.08e-07,0,1,1,3.713572066704308,0.0028758607454642,4629629.62962963,9259259.25925926,13333.333333333332,26666.666666666664,13333.333333333332,4629629.62962963,1.4285714285714286,0.04,0.3333333333333333,0,33.46085
ASAP7,NORX1,NOR5x1f_ASAP7_6t_L,D,Y,rise,10.0,0.0115199999999999,0.7,25.0,281.947,2.0,2.16e-07,1.08e-07,0,1,1,2.3978952727983707,0.0114541500451158,4629629.62962963,9259259.25925926,53333.33333333333,106666.66666666666,53333.33333333333,4629629.62962963,1.4285714285714286,0.04,0.3333333333333333,0,153.73238
ASAP7,NORX1,NOR5x1f_ASAP7_6t_L,B,Y,rise,20.0,0.0007199999999999,0.7,25.0,35.9659,2.0,2.16e-07,1.08e-07,0,1,1,3.044522437723423,0.0007197409243488,4629629.62962963,9259259.25925926,3333.333333333333,6666.666666666666,3333.333333333333,4629629.62962963,1.4285714285714286,0.04,0.3333333333333333,0,27.49262
ASAP7,NORX1,NOR5x1f_ASAP7_6t_L,A,Y,fall,160.0,0.0115199999999999,0.7,25.0,92.367,2.0,2.16e-07,1.08e-07,0,1,1,5.081404364984463,0.0114541500451158,4629629.62962963,9259259.25925926,53333.33333333333,106666.66666666666,106666.66666666666,9259259.25925926,1.4285714285714286,0.04,0.3333333333333333,0,65.888
ASAP7,NORX1,NOR5x1f_ASAP7_6t_L,A,Y,rise,20.0,0.0028799999999999,0.7,25.0,83.2569,2.0,2.16e-07,1.08e-07,0,1,1,3.044522437723423,0.0028758607454642,4629629.62962963,9259259.25925926,13333.333333333332,26666.666666666664,13333.333333333332,4629629.62962963,1.4285714285714286,0.04,0.3333333333333333,0,26.450771
ASAP7,NANDX1,NAND2x1p5_ASAP7_6t_L,A,Y,fall,20.0,0.0007199999999999,0.7,25.0,7.1041,0.5,1.08e-07,2.16e-07,0,1,1,3.044522437723423,0.0007197409243488,9259259.25925926,4629629.62962963,6666.666666666666,3333.333333333333,3333.333333333333,4629629.62962963,1.4285714285714286,0.04,-0.3333333333333333,0,7.702236
ASAP7,INVX1,INVx13_ASAP7_6t_L,A,Y,fall,40.0,0.1843199999999999,0.7,25.0,74.1399,1.0,5.4e-08,5.4e-08,1,1,1,3.713572066704308,0.169168770215654,18518518.51851852,18518518.51851852,3413333.333333333,3413333.333333333,3413333.333333333,18518518.51851852,1.4285714285714286,0.04,0.0,0,63.716328
ASAP7,NORX1,NOR3x1_ASAP7_6t_L,C,Y,rise,10.0,0.0115199999999999,0.7,25.0,62.3111,2.0,2.16e-07,1.08e-07,0,1,1,2.3978952727983707,0.0114541500451158,4629629.62962963,9259259.25925926,53333.33333333333,106666.66666666666,53333.33333333333,4629629.62962963,1.4285714285714286,0.04,0.3333333333333333,0,153.73238
ASAP7,NORX1,NOR2x1_ASAP7_6t_L,A,Y,fall,80.0,0.0014399999999999,0.7,25.0,25.4839,2.0,2.16e-07,1.08e-07,0,1,1,4.394449154672439,0.0014389641942542,4629629.62962963,9259259.25925926,6666.666666666666,13333.333333333332,13333.333333333332,9259259.25925926,1.4285714285714286,0.04,0.3333333333333333,0,1.0993165
ASAP7,INVX1,INVx11_ASAP7_6t_L,A,Y,rise,160.0,0.0460799999999999,0.7,25.0,61.1896,1.0,5.4e-08,5.4e-08,1,1,1,5.081404364984463,0.0450498445537087,18518518.51851852,18518518.51851852,853333.3333333333,853333.3333333333,853333.3333333333,18518518.51851852,1.4285714285714286,0.04,0.0,0,34.74084
ASAP7,NORX1,NOR3x1_ASAP7_6t_L,C,Y,fall,320.0,0.0007199999999999,0.7,25.0,49.0052,2.0,2.16e-07,1.08e-07,0,1,1,5.771441123130016,0.0007197409243488,4629629.62962963,9259259.25925926,3333.333333333333,6666.666666666666,6666.666666666666,9259259.25925926,1.4285714285714286,0.04,0.3333333333333333,0,29.42817
ASAP7,NANDX1,NAND2x1p5_ASAP7_6t_L,B,Y,rise,80.0,0.0028799999999999,0.7,25.0,41.3832,0.5,1.08e-07,2.16e-07,0,1,1,4.394449154672439,0.0028758607454642,9259259.25925926,4629629.62962963,26666.666666666664,13333.333333333332,26666.666666666664,9259259.25925926,1.4285714285714286,0.04,-0.3333333333333333,0,38.36319
ASAP7,INVX1,INVx11_ASAP7_6t_L,A,Y,fall,160.0,0.3686399999999999,0.7,25.0,189.394,1.0,5.4e-08,5.4e-08,1,1,1,5.081404364984463,0.3138175460564067,18518518.51851852,18518518.51851852,6826666.666666666,6826666.666666666,6826666.666666666,18518518.51851852,1.4285714285714286,0.04,0.0,0,192.51892
ASAP7,INVX1,INVx13_ASAP7_6t_L,A,Y,fall,20.0,0.3686399999999999,0.7,25.0,129.65,1.0,5.4e-08,5.4e-08,1,1,1,3.044522437723423,0.3138175460564067,18518518.51851852,18518518.51851852,6826666.666666666,6826666.666666666,6826666.666666666,18518518.51851852,1.4285714285714286,0.04,0.0,0,168.22878
ASAP7,NORX1,NOR2x1_ASAP7_6t_L,B,Y,rise,160.0,0.0014399999999999,0.7,25.0,31.0642,2.0,2.16e-07,1.08e-07,0,1,1,5.081404364984463,0.0014389641942542,4629629.62962963,9259259.25925926,6666.666666666666,13333.333333333332,6666.666666666666,4629629.62962963,1.4285714285714286,0.04,0.3333333333333333,0,26.9058
ASAP7,NANDX1,NAND3x1_ASAP7_6t_L,A,Y,fall,320.0,0.0460799999999999,0.7,25.0,235.563,0.5,1.08e-07,2.16e-07,0,1,1,5.771441123130016,0.0450498445537087,9259259.25925926,4629629.62962963,426666.6666666666,213333.3333333333,213333.3333333333,4629629.62962963,1.4285714285714286,0.04,-0.3333333333333333,0,200.9965
ASAP7,NORX1,NOR3x1f_ASAP7_6t_L,C,Y,fall,5.0,0.0028799999999999,0.7,25.0,16.422,2.0,2.16e-07,1.08e-07,0,1,1,1.791759469228055,0.0028758607454642,4629629.62962963,9259259.25925926,13333.333333333332,26666.666666666664,26666.666666666664,9259259.25925926,1.4285714285714286,0.04,0.3333333333333333,0,11.972432
ASAP7,NORX1,NOR5x1f_ASAP7_6t_L,D,Y,rise,5.0,0.0007199999999999,0.7,25.0,37.5336,2.0,2.16e-07,1.08e-07,0,1,1,1.791759469228055,0.0007197409243488,4629629.62962963,9259259.25925926,3333.333333333333,6666.666666666666,3333.333333333333,4629629.62962963,1.4285714285714286,0.04,0.3333333333333333,0,23.44727
ASAP7,NORX1,NOR5x1f_ASAP7_6t_L,E,Y,rise,160.0,0.0007199999999999,0.7,25.0,50.1616,2.0,2.16e-07,1.08e-07,0,1,1,5.081404364984463,0.0007197409243488,4629629.62962963,9259259.25925926,3333.333333333333,6666.666666666666,3333.333333333333,4629629.62962963,1.4285714285714286,0.04,0.3333333333333333,0,24.865196
ASAP7,NORX1,NOR2x1_ASAP7_6t_L,A,Y,rise,40.0,0.0014399999999999,0.7,25.0,18.2776,2.0,2.16e-07,1.08e-07,0,1,1,3.713572066704308,0.0014389641942542,4629629.62962963,9259259.25925926,6666.666666666666,13333.333333333332,6666.666666666666,4629629.62962963,1.4285714285714286,0.04,0.3333333333333333,0,21.710901
ASAP7,NORX1,NOR2x1_ASAP7_6t_L,A,Y,fall,160.0,0.0007199999999999,0.7,25.0,26.0148,2.0,2.16e-07,1.08e-07,0,1,1,5.081404364984463,0.0007197409243488,4629629.62962963,9259259.25925926,3333.333333333333,6666.666666666666,6666.666666666666,9259259.25925926,1.4285714285714286,0.04,0.3333333333333333,0,24.50729
ASAP7,NORX1,NOR3x1_ASAP7_6t_L,A,Y,fall,10.0,0.0014399999999999,0.7,25.0,13.0724,2.0,2.16e-07,1.08e-07,0,1,1,2.3978952727983707,0.0014389641942542,4629629.62962963,9259259.25925926,6666.666666666666,13333.333333333332,13333.333333333332,9259259.25925926,1.4285714285714286,0.04,0.3333333333333333,0,1.0614806
ASAP7,NORX1,NOR3x1f_ASAP7_6t_L,C,Y,fall,20.0,0.0057599999999999,0.7,25.0,32.4478,2.0,2.16e-07,1.08e-07,0,1,1,3.044522437723423,0.0057434746270657,4629629.62962963,9259259.25925926,26666.666666666664,53333.33333333333,53333.33333333333,9259259.25925926,1.4285714285714286,0.04,0.3333333333333333,0,1.075526
ASAP7,NORX1,NOR3x1_ASAP7_6t_L,A,Y,fall,80.0,0.0460799999999999,0.7,25.0,216.177,2.0,2.16e-07,1.08e-07,0,1,1,4.394449154672439,0.0450498445537087,4629629.62962963,9259259.25925926,213333.3333333333,426666.6666666666,426666.6666666666,9259259.25925926,1.4285714285714286,0.04,0.3333333333333333,0,184.79936
ASAP7,NANDX1,NAND2x1_ASAP7_6t_L,B,Y,rise,20.0,0.0460799999999999,0.7,25.0,236.355,0.5,1.08e-07,2.16e-07,0,1,1,3.044522437723423,0.0450498445537087,9259259.25925926,4629629.62962963,426666.6666666666,213333.3333333333,426666.6666666666,9259259.25925926,1.4285714285714286,0.04,-0.3333333333333333,0,229.84097
ASAP7,NORX1,NOR3x1f_ASAP7_6t_L,B,Y,rise,40.0,0.0003599999999999,0.7,25.0,19.9617,2.0,2.16e-07,1.08e-07,0,1,1,3.713572066704308,0.0003599352155478,4629629.62962963,9259259.25925926,1666.6666666666663,3333.333333333333,1666.6666666666663,4629629.62962963,1.4285714285714286,0.04,0.3333333333333333,0,17.322603
ASAP7,NANDX1,NAND2x1_ASAP7_6t_L,B,Y,rise,10.0,0.0028799999999999,0.7,25.0,21.0379,0.5,1.08e-07,2.16e-07,0,1,1,2.3978952727983707,0.0028758607454642,9259259.25925926,4629629.62962963,26666.666666666664,13333.333333333332,26666.666666666664,9259259.25925926,1.4285714285714286,0.04,-0.3333333333333333,0,22.813961
ASAP7,NORX1,NOR5x1f_ASAP7_6t_L,C,Y,rise,20.0,0.0230399999999999,0.7,25.0,541.262,2.0,2.16e-07,1.08e-07,0,1,1,3.044522437723423,0.0227785868893395,4629629.62962963,9259259.25925926,106666.66666666666,213333.3333333333,106666.66666666666,4629629.62962963,1.4285714285714286,0.04,0.3333333333333333,0,307.11768
ASAP7,NORX1,NOR3x1_ASAP7_6t_L,B,Y,rise,40.0,0.0028799999999999,0.7,25.0,27.2518,2.0,2.16e-07,1.08e-07,0,1,1,3.713572066704308,0.0028758607454642,4629629.62962963,9259259.25925926,13333.333333333332,26666.666666666664,13333.333333333332,4629629.62962963,1.4285714285714286,0.04,0.3333333333333333,0,32.50199
ASAP7,NORX1,NOR3x1_ASAP7_6t_L,C,Y,fall,10.0,0.0007199999999999,0.7,25.0,12.8814,2.0,2.16e-07,1.08e-07,0,1,1,2.3978952727983707,0.0007197409243488,4629629.62962963,9259259.25925926,3333.333333333333,6666.666666666666,6666.666666666666,9259259.25925926,1.4285714285714286,0.04,0.3333333333333333,0,1.0607879
ASAP7,NORX1,NOR3x1f_ASAP7_6t_L,B,Y,rise,10.0,0.0115199999999999,0.7,25.0,168.054,2.0,2.16e-07,1.08e-07,0,1,1,2.3978952727983707,0.0114541500451158,4629629.62962963,9259259.25925926,53333.33333333333,106666.66666666666,53333.33333333333,4629629.62962963,1.4285714285714286,0.04,0.3333333333333333,0,153.73238
ASAP7,INVX2,INVx2_ASAP7_6t_L,A,Y,rise,320.0,0.0057599999999999,0.7,25.0,67.2719,1.0,1.08e-07,1.08e-07,1,1,1,5.771441123130016,0.0057434746270657,9259259.25925926,9259259.25925926,53333.33333333333,53333.33333333333,53333.33333333333,9259259.25925926,1.4285714285714286,0.04,0.0,0,68.6707
ASAP7,NORX1,NOR5x1f_ASAP7_6t_L,C,Y,fall,80.0,0.0007199999999999,0.7,25.0,17.3272,2.0,2.16e-07,1.08e-07,0,1,1,4.394449154672439,0.0007197409243488,4629629.62962963,9259259.25925926,3333.333333333333,6666.666666666666,6666.666666666666,9259259.25925926,1.4285714285714286,0.04,0.3333333333333333,0,19.546381
ASAP7,NORX1,NOR2x1_ASAP7_6t_L,B,Y,rise,20.0,0.0230399999999999,0.7,25.0,115.903,2.0,2.16e-07,1.08e-07,0,1,1,3.044522437723423,0.0227785868893395,4629629.62962963,9259259.25925926,106666.66666666666,213333.3333333333,106666.66666666666,4629629.62962963,1.4285714285714286,0.04,0.3333333333333333,0,307.11768
ASAP7,INVX1,INVx11_ASAP7_6t_L,A,Y,rise,80.0,0.0057599999999999,0.7,25.0,16.6555,1.0,5.4e-08,5.4e-08,1,1,1,4.394449154672439,0.0057434746270657,18518518.51851852,18518518.51851852,106666.66666666666,106666.66666666666,106666.66666666666,18518518.51851852,1.4285714285714286,0.04,0.0,0,28.156023
ASAP7,NORX1,NOR3x1_ASAP7_6t_L,C,Y,fall,80.0,0.0007199999999999,0.7,25.0,25.7056,2.0,2.16e-07,1.08e-07,0,1,1,4.394449154672439,0.0007197409243488,4629629.62962963,9259259.25925926,3333.333333333333,6666.666666666666,6666.666666666666,9259259.25925926,1.4285714285714286,0.04,0.3333333333333333,0,19.546381
ASAP7,NORX1,NOR2x1_ASAP7_6t_L,B,Y,rise,320.0,0.0460799999999999,0.7,25.0,310.383,2.0,2.16e-07,1.08e-07,0,1,1,5.771441123130016,0.0450498445537087,4629629.62962963,9259259.25925926,213333.3333333333,426666.6666666666,213333.3333333333,4629629.62962963,1.4285714285714286,0.04,0.3333333333333333,0,297.7357
ASAP7,NORX1,NOR3x1f_ASAP7_6t_L,C,Y,rise,20.0,0.0057599999999999,0.7,25.0,91.1233,2.0,2.16e-07,1.08e-07,0,1,1,3.044522437723423,0.0057434746270657,4629629.62962963,9259259.25925926,26666.666666666664,53333.33333333333,26666.666666666664,4629629.62962963,1.4285714285714286,0.04,0.3333333333333333,0,72.315544
ASAP7,NANDX1,NAND3x1_ASAP7_6t_L,A,Y,rise,20.0,0.0028799999999999,0.7,25.0,25.314,0.5,1.08e-07,2.16e-07,0,1,1,3.044522437723423,0.0028758607454642,9259259.25925926,4629629.62962963,26666.666666666664,13333.333333333332,26666.666666666664,9259259.25925926,1.4285714285714286,0.04,-0.3333333333333333,0,38.359234
ASAP7,NANDX1,NAND3x1_ASAP7_6t_L,B,Y,fall,20.0,0.0460799999999999,0.7,25.0,160.376,0.5,1.08e-07,2.16e-07,0,1,1,3.044522437723423,0.0450498445537087,9259259.25925926,4629629.62962963,426666.6666666666,213333.3333333333,213333.3333333333,4629629.62962963,1.4285714285714286,0.04,-0.3333333333333333,0,168.82973
ASAP7,NORX1,NOR5x1f_ASAP7_6t_L,B,Y,rise,40.0,0.0057599999999999,0.7,25.0,153.682,2.0,2.16e-07,1.08e-07,0,1,1,3.713572066704308,0.0057434746270657,4629629.62962963,9259259.25925926,26666.666666666664,53333.33333333333,26666.666666666664,4629629.62962963,1.4285714285714286,0.04,0.3333333333333333,0,78.087845
ASAP7,INVX1,INVx13_ASAP7_6t_L,A,Y,fall,40.0,0.0230399999999999,0.7,25.0,18.702,1.0,5.4e-08,5.4e-08,1,1,1,3.713572066704308,0.0227785868893395,18518518.51851852,18518518.51851852,426666.6666666666,426666.6666666666,426666.6666666666,18518518.51851852,1.4285714285714286,0.04,0.0,0,192.20045
ASAP7,NORX1,NOR5x1f_ASAP7_6t_L,A,Y,rise,80.0,0.0003599999999999,0.7,25.0,39.6728,2.0,2.16e-07,1.08e-07,0,1,1,4.394449154672439,0.0003599352155478,4629629.62962963,9259259.25925926,1666.6666666666663,3333.333333333333,1666.6666666666663,4629629.62962963,1.4285714285714286,0.04,0.3333333333333333,0,17.536037
ASAP7,NORX1,NOR3x1f_ASAP7_6t_L,B,Y,rise,20.0,0.0028799999999999,0.7,25.0,51.8829,2.0,2.16e-07,1.08e-07,0,1,1,3.044522437723423,0.0028758607454642,4629629.62962963,9259259.25925926,13333.333333333332,26666.666666666664,13333.333333333332,4629629.62962963,1.4285714285714286,0.04,0.3333333333333333,0,34.1952
ASAP7,NORX1,NOR2x1_ASAP7_6t_L,B,Y,rise,80.0,0.0007199999999999,0.7,25.0,17.8261,2.0,2.16e-07,1.08e-07,0,1,1,4.394449154672439,0.0007197409243488,4629629.62962963,9259259.25925926,3333.333333333333,6666.666666666666,3333.333333333333,4629629.62962963,1.4285714285714286,0.04,0.3333333333333333,0,27.224686
ASAP7,NORX1,NOR3x1_ASAP7_6t_L,C,Y,fall,80.0,0.0028799999999999,0.7,25.0,39.4245,2.0,2.16e-07,1.08e-07,0,1,1,4.394449154672439,0.0028758607454642,4629629.62962963,9259259.25925926,13333.333333333332,26666.666666666664,26666.666666666664,9259259.25925926,1.4285714285714286,0.04,0.3333333333333333,0,27.520985
ASAP7,NORX1,NOR2x1_ASAP7_6t_L,B,Y,fall,160.0,0.0007199999999999,0.7,25.0,20.8099,2.0,2.16e-07,1.08e-07,0,1,1,5.081404364984463,0.0007197409243488,4629629.62962963,9259259.25925926,3333.333333333333,6666.666666666666,6666.666666666666,9259259.25925926,1.4285714285714286,0.04,0.3333333333333333,0,24.50729
ASAP7,NORX1,NOR5x1f_ASAP7_6t_L,A,Y,rise,20.0,0.0115199999999999,0.7,25.0,278.194,2.0,2.16e-07,1.08e-07,0,1,1,3.044522437723423,0.0114541500451158,4629629.62962963,9259259.25925926,53333.33333333333,106666.66666666666,53333.33333333333,4629629.62962963,1.4285714285714286,0.04,0.3333333333333333,0,166.96756
ASAP7,NANDX1,NAND3x1_ASAP7_6t_L,B,Y,rise,160.0,0.0014399999999999,0.7,25.0,49.3429,0.5,1.08e-07,2.16e-07,0,1,1,5.081404364984463,0.0014389641942542,9259259.25925926,4629629.62962963,13333.333333333332,6666.666666666666,13333.333333333332,9259259.25925926,1.4285714285714286,0.04,-0.3333333333333333,0,42.281754
ASAP7,NANDX1,NAND2x1_ASAP7_6t_L,B,Y,rise,5.0,0.0014399999999999,0.7,25.0,12.3485,0.5,1.08e-07,2.16e-07,0,1,1,1.791759469228055,0.0014389641942542,9259259.25925926,4629629.62962963,13333.333333333332,6666.666666666666,13333.333333333332,9259259.25925926,1.4285714285714286,0.04,-0.3333333333333333,0,14.656947
ASAP7,NANDX1,NAND3x1_ASAP7_6t_L,B,Y,fall,80.0,0.0007199999999999,0.7,25.0,10.9083,0.5,1.08e-07,2.16e-07,0,1,1,4.394449154672439,0.0007197409243488,9259259.25925926,4629629.62962963,6666.666666666666,3333.333333333333,3333.333333333333,4629629.62962963,1.4285714285714286,0.04,-0.3333333333333333,0,11.118742
ASAP7,NORX1,NOR2x1_ASAP7_6t_L,A,Y,rise,40.0,0.0230399999999999,0.7,25.0,120.337,2.0,2.16e-07,1.08e-07,0,1,1,3.713572066704308,0.0227785868893395,4629629.62962963,9259259.25925926,106666.66666666666,213333.3333333333,106666.66666666666,4629629.62962963,1.4285714285714286,0.04,0.3333333333333333,0,1.1296706
ASAP7,NANDX1,NAND3x1_ASAP7_6t_L,C,Y,fall,10.0,0.0028799999999999,0.7,25.0,16.2051,0.5,1.08e-07,2.16e-07,0,1,1,2.3978952727983707,0.0028758607454642,9259259.25925926,4629629.62962963,26666.666666666664,13333.333333333332,13333.333333333332,4629629.62962963,1.4285714285714286,0.04,-0.3333333333333333,0,7.1124287
ASAP7,NANDX1,NAND2x1_ASAP7_6t_L,B,Y,fall,320.0,0.0460799999999999,0.7,25.0,247.914,0.5,1.08e-07,2.16e-07,0,1,1,5.771441123130016,0.0450498445537087,9259259.25925926,4629629.62962963,426666.6666666666,213333.3333333333,213333.3333333333,4629629.62962963,1.4285714285714286,0.04,-0.3333333333333333,0,200.9965
ASAP7,NANDX1,NAND2x1p5_ASAP7_6t_L,B,Y,fall,20.0,0.0115199999999999,0.7,25.0,34.7692,0.5,1.08e-07,2.16e-07,0,1,1,3.044522437723423,0.0114541500451158,9259259.25925926,4629629.62962963,106666.66666666666,53333.33333333333,53333.33333333333,4629629.62962963,1.4285714285714286,0.04,-0.3333333333333333,0,27.943619
ASAP7,NANDX1,NAND2x1p5_ASAP7_6t_L,A,Y,fall,20.0,0.0230399999999999,0.7,25.0,60.5872,0.5,1.08e-07,2.16e-07,0,1,1,3.044522437723423,0.0227785868893395,9259259.25925926,4629629.62962963,213333.3333333333,106666.66666666666,106666.66666666666,4629629.62962963,1.4285714285714286,0.04,-0.3333333333333333,0,67.52579
ASAP7,INVX1,INVx1_ASAP7_6t_L,A,Y,rise,160.0,0.0057599999999999,0.7,25.0,72.6879,1.0,5.4e-08,5.4e-08,1,1,1,5.081404364984463,0.0057434746270657,18518518.51851852,18518518.51851852,106666.66666666666,106666.66666666666,106666.66666666666,18518518.51851852,1.4285714285714286,0.04,0.0,0,29.37188
ASAP7,NANDX1,NAND2x1p5_ASAP7_6t_L,B,Y,fall,5.0,0.0007199999999999,0.7,25.0,5.36029,0.5,1.08e-07,2.16e-07,0,1,1,1.791759469228055,0.0007197409243488,9259259.25925926,4629629.62962963,6666.666666666666,3333.333333333333,3333.333333333333,4629629.62962963,1.4285714285714286,0.04,-0.3333333333333333,0,8.3620615
ASAP7,NORX1,NOR5x1f_ASAP7_6t_L,E,Y,fall,160.0,0.0230399999999999,0.7,25.0,145.524,2.0,2.16e-07,1.08e-07,0,1,1,5.081404364984463,0.0227785868893395,4629629.62962963,9259259.25925926,106666.66666666666,213333.3333333333,213333.3333333333,9259259.25925926,1.4285714285714286,0.04,0.3333333333333333,0,173.70908
ASAP7,NORX1,NOR2x1_ASAP7_6t_L,B,Y,rise,20.0,0.0057599999999999,0.7,25.0,35.8276,2.0,2.16e-07,1.08e-07,0,1,1,3.044522437723423,0.0057434746270657,4629629.62962963,9259259.25925926,26666.666666666664,53333.33333333333,26666.666666666664,4629629.62962963,1.4285714285714286,0.04,0.3333333333333333,0,72.315544
ASAP7,NORX1,NOR2x1_ASAP7_6t_L,A,Y,fall,160.0,0.0014399999999999,0.7,25.0,32.9188,2.0,2.16e-07,1.08e-07,0,1,1,5.081404364984463,0.0014389641942542,4629629.62962963,9259259.25925926,6666.666666666666,13333.333333333332,13333.333333333332,9259259.25925926,1.4285714285714286,0.04,0.3333333333333333,0,27.294607
ASAP7,NORX1,NOR5x1f_ASAP7_6t_L,B,Y,rise,20.0,0.0230399999999999,0.7,25.0,539.315,2.0,2.16e-07,1.08e-07,0,1,1,3.044522437723423,0.0227785868893395,4629629.62962963,9259259.25925926,106666.66666666666,213333.3333333333,106666.66666666666,4629629.62962963,1.4285714285714286,0.04,0.3333333333333333,0,307.11768
ASAP7,NORX1,NOR5x1f_ASAP7_6t_L,A,Y,fall,10.0,0.0057599999999999,0.7,25.0,29.6981,2.0,2.16e-07,1.08e-07,0,1,1,2.3978952727983707,0.0057434746270657,4629629.62962963,9259259.25925926,26666.666666666664,53333.33333333333,53333.33333333333,9259259.25925926,1.4285714285714286,0.04,0.3333333333333333,0,1.065638
ASAP7,NORX1,NOR5x1f_ASAP7_6t_L,C,Y,fall,20.0,0.0014399999999999,0.7,25.0,15.4277,2.0,2.16e-07,1.08e-07,0,1,1,3.044522437723423,0.0014389641942542,4629629.62962963,9259259.25925926,6666.666666666666,13333.333333333332,13333.333333333332,9259259.25925926,1.4285714285714286,0.04,0.3333333333333333,0,14.109812
ASAP7,NANDX1,NAND3x1_ASAP7_6t_L,B,Y,fall,10.0,0.0028799999999999,0.7,25.0,16.0471,0.5,1.08e-07,2.16e-07,0,1,1,2.3978952727983707,0.0028758607454642,9259259.25925926,4629629.62962963,26666.666666666664,13333.333333333332,13333.333333333332,4629629.62962963,1.4285714285714286,0.04,-0.3333333333333333,0,8.913683
ASAP7,NORX1,NOR2x1_ASAP7_6t_L,B,Y,rise,160.0,0.0230399999999999,0.7,25.0,156.801,2.0,2.16e-07,1.08e-07,0,1,1,5.081404364984463,0.0227785868893395,4629629.62962963,9259259.25925926,106666.66666666666,213333.3333333333,106666.66666666666,4629629.62962963,1.4285714285714286,0.04,0.3333333333333333,0,330.48788
ASAP7,NANDX1,NAND3x1_ASAP7_6t_L,C,Y,fall,320.0,0.0014399999999999,0.7,25.0,2.30832,0.5,1.08e-07,2.16e-07,0,1,1,5.771441123130016,0.0014389641942542,9259259.25925926,4629629.62962963,13333.333333333332,6666.666666666666,6666.666666666666,4629629.62962963,1.4285714285714286,0.04,-0.3333333333333333,0,18.4268
ASAP7,NORX1,NOR3x1f_ASAP7_6t_L,B,Y,fall,10.0,0.0007199999999999,0.7,25.0,8.62026,2.0,2.16e-07,1.08e-07,0,1,1,2.3978952727983707,0.0007197409243488,4629629.62962963,9259259.25925926,3333.333333333333,6666.666666666666,6666.666666666666,9259259.25925926,1.4285714285714286,0.04,0.3333333333333333,0,1.0607879
ASAP7,INVX1,INVx13_ASAP7_6t_L,A,Y,rise,10.0,0.0921599999999999,0.7,25.0,41.8191,1.0,5.4e-08,5.4e-08,1,1,1,2.3978952727983707,0.0881573867362051,18518518.51851852,18518518.51851852,1706666.6666666665,1706666.6666666665,1706666.6666666665,18518518.51851852,1.4285714285714286,0.04,0.0,0,53.49601
ASAP7,NANDX1,NAND3x1_ASAP7_6t_L,C,Y,fall,160.0,0.0115199999999999,0.7,25.0,55.0262,0.5,1.08e-07,2.16e-07,0,1,1,5.081404364984463,0.0114541500451158,9259259.25925926,4629629.62962963,106666.66666666666,53333.33333333333,53333.33333333333,4629629.62962963,1.4285714285714286,0.04,-0.3333333333333333,0,68.847206
ASAP7,NANDX1,NAND2x1_ASAP7_6t_L,B,Y,fall,80.0,0.0014399999999999,0.7,25.0,17.1622,0.5,1.08e-07,2.16e-07,0,1,1,4.394449154672439,0.0014389641942542,9259259.25925926,4629629.62962963,13333.333333333332,6666.666666666666,6666.666666666666,4629629.62962963,1.4285714285714286,0.04,-0.3333333333333333,0,13.072931
ASAP7,NORX1,NOR2x1_ASAP7_6t_L,A,Y,fall,320.0,0.0230399999999999,0.7,25.0,185.931,2.0,2.16e-07,1.08e-07,0,1,1,5.771441123130016,0.0227785868893395,4629629.62962963,9259259.25925926,106666.66666666666,213333.3333333333,213333.3333333333,9259259.25925926,1.4285714285714286,0.04,0.3333333333333333,0,157.57509
ASAP7,NORX1,NOR2x1_ASAP7_6t_L,B,Y,rise,5.0,0.0230399999999999,0.7,25.0,111.924,2.0,2.16e-07,1.08e-07,0,1,1,1.791759469228055,0.0227785868893395,4629629.62962963,9259259.25925926,106666.66666666666,213333.3333333333,106666.66666666666,4629629.62962963,1.4285714285714286,0.04,0.3333333333333333,0,300.07977
ASAP7,NORX1,NOR3x1f_ASAP7_6t_L,A,Y,rise,40.0,0.0230399999999999,0.7,25.0,331.29,2.0,2.16e-07,1.08e-07,0,1,1,3.713572066704308,0.0227785868893395,4629629.62962963,9259259.25925926,106666.66666666666,213333.3333333333,106666.66666666666,4629629.62962963,1.4285714285714286,0.04,0.3333333333333333,0,305.32718
ASAP7,NORX1,NOR3x1_ASAP7_6t_L,C,Y,rise,320.0,0.0028799999999999,0.7,25.0,35.6552,2.0,2.16e-07,1.08e-07,0,1,1,5.771441123130016,0.0028758607454642,4629629.62962963,9259259.25925926,13333.333333333332,26666.666666666664,13333.333333333332,4629629.62962963,1.4285714285714286,0.04,0.3333333333333333,0,72.96555
ASAP7,NORX1,NOR3x1_ASAP7_6t_L,C,Y,rise,80.0,0.0014399999999999,0.7,25.0,20.917,2.0,2.16e-07,1.08e-07,0,1,1,4.394449154672439,0.0014389641942542,4629629.62962963,9259259.25925926,6666.666666666666,13333.333333333332,6666.666666666666,4629629.62962963,1.4285714285714286,0.04,0.3333333333333333,0,36.90627
ASAP7,NANDX1,NAND3x1_ASAP7_6t_L,B,Y,rise,20.0,0.0007199999999999,0.7,25.0,16.6488,0.5,1.08e-07,2.16e-07,0,1,1,3.044522437723423,0.0007197409243488,9259259.25925926,4629629.62962963,6666.666666666666,3333.333333333333,6666.666666666666,9259259.25925926,1.4285714285714286,0.04,-0.3333333333333333,0,19.950487
ASAP7,NANDX1,NAND3x1_ASAP7_6t_L,B,Y,fall,40.0,0.0014399999999999,0.7,25.0,14.1,0.5,1.08e-07,2.16e-07,0,1,1,3.713572066704308,0.0014389641942542,9259259.25925926,4629629.62962963,13333.333333333332,6666.666666666666,6666.666666666666,4629629.62962963,1.4285714285714286,0.04,-0.3333333333333333,0,8.872243
ASAP7,NANDX1,NAND3x1_ASAP7_6t_L,C,Y,fall,40.0,0.0115199999999999,0.7,25.0,47.704,0.5,1.08e-07,2.16e-07,0,1,1,3.713572066704308,0.0114541500451158,9259259.25925926,4629629.62962963,106666.66666666666,53333.33333333333,53333.33333333333,4629629.62962963,1.4285714285714286,0.04,-0.3333333333333333,0,35.298405
ASAP7,NORX1,NOR5x1f_ASAP7_6t_L,B,Y,rise,160.0,0.0007199999999999,0.7,25.0,61.8232,2.0,2.16e-07,1.08e-07,0,1,1,5.081404364984463,0.0007197409243488,4629629.62962963,9259259.25925926,3333.333333333333,6666.666666666666,3333.333333333333,4629629.62962963,1.4285714285714286,0.04,0.3333333333333333,0,24.795893
ASAP7,NORX1,NOR3x1f_ASAP7_6t_L,C,Y,fall,80.0,0.0115199999999999,0.7,25.0,73.6343,2.0,2.16e-07,1.08e-07,0,1,1,4.394449154672439,0.0114541500451158,4629629.62962963,9259259.25925926,53333.33333333333,106666.66666666666,106666.66666666666,9259259.25925926,1.4285714285714286,0.04,0.3333333333333333,0,63.030884
ASAP7,NORX1,NOR5x1f_ASAP7_6t_L,A,Y,fall,160.0,0.0057599999999999,0.7,25.0,59.9848,2.0,2.16e-07,1.08e-07,0,1,1,5.081404364984463,0.0057434746270657,4629629.62962963,9259259.25925926,26666.666666666664,53333.33333333333,53333.33333333333,9259259.25925926,1.4285714285714286,0.04,0.3333333333333333,0,44.377712
ASAP7,NANDX1,NAND3x1_ASAP7_6t_L,B,Y,rise,10.0,0.0014399999999999,0.7,25.0,17.2264,0.5,1.08e-07,2.16e-07,0,1,1,2.3978952727983707,0.0014389641942542,9259259.25925926,4629629.62962963,13333.333333333332,6666.666666666666,13333.333333333332,9259259.25925926,1.4285714285714286,0.04,-0.3333333333333333,0,20.841507
ASAP7,INVX1,INVx13_ASAP7_6t_L,A,Y,rise,320.0,0.0921599999999999,0.7,25.0,109.231,1.0,5.4e-08,5.4e-08,1,1,1,5.771441123130016,0.0881573867362051,18518518.51851852,18518518.51851852,1706666.6666666665,1706666.6666666665,1706666.6666666665,18518518.51851852,1.4285714285714286,0.04,0.0,0,58.574844
ASAP7,NORX1,NOR5x1f_ASAP7_6t_L,E,Y,fall,5.0,0.0115199999999999,0.7,25.0,53.4658,2.0,2.16e-07,1.08e-07,0,1,1,1.791759469228055,0.0114541500451158,4629629.62962963,9259259.25925926,53333.33333333333,106666.66666666666,106666.66666666666,9259259.25925926,1.4285714285714286,0.04,0.3333333333333333,0,42.714035
ASAP7,NORX1,NOR5x1f_ASAP7_6t_L,C,Y,rise,5.0,0.0014399999999999,0.7,25.0,52.6862,2.0,2.16e-07,1.08e-07,0,1,1,1.791759469228055,0.0014389641942542,4629629.62962963,9259259.25925926,6666.666666666666,13333.333333333332,6666.666666666666,4629629.62962963,1.4285714285714286,0.04,0.3333333333333333,0,25.097095
ASAP7,NANDX1,NAND3x1_ASAP7_6t_L,A,Y,fall,40.0,0.0028799999999999,0.7,25.0,21.1513,0.5,1.08e-07,2.16e-07,0,1,1,3.713572066704308,0.0028758607454642,9259259.25925926,4629629.62962963,26666.666666666664,13333.333333333332,13333.333333333332,4629629.62962963,1.4285714285714286,0.04,-0.3333333333333333,0,11.398601
ASAP7,NORX1,NOR3x1f_ASAP7_6t_L,A,Y,rise,40.0,0.0115199999999999,0.7,25.0,174.521,2.0,2.16e-07,1.08e-07,0,1,1,3.713572066704308,0.0114541500451158,4629629.62962963,9259259.25925926,53333.33333333333,106666.66666666666,53333.33333333333,4629629.62962963,1.4285714285714286,0.04,0.3333333333333333,0,177.28862
ASAP7,NORX1,NOR3x1_ASAP7_6t_L,B,Y,rise,320.0,0.0007199999999999,0.7,25.0,22.7112,2.0,2.16e-07,1.08e-07,0,1,1,5.771441123130016,0.0007197409243488,4629629.62962963,9259259.25925926,3333.333333333333,6666.666666666666,3333.333333333333,4629629.62962963,1.4285714285714286,0.04,0.3333333333333333,0,63.58294
ASAP7,NANDX1,NAND2x1p5_ASAP7_6t_L,B,Y,fall,5.0,0.0028799999999999,0.7,25.0,10.5073,0.5,1.08e-07,2.16e-07,0,1,1,1.791759469228055,0.0028758607454642,9259259.25925926,4629629.62962963,26666.666666666664,13333.333333333332,13333.333333333332,4629629.62962963,1.4285714285714286,0.04,-0.3333333333333333,0,11.487164
ASAP7,NANDX1,NAND2x1p5_ASAP7_6t_L,B,Y,rise,160.0,0.0003599999999999,0.7,25.0,32.3483,0.5,1.08e-07,2.16e-07,0,1,1,5.081404364984463,0.0003599352155478,9259259.25925926,4629629.62962963,3333.333333333333,1666.6666666666663,3333.333333333333,9259259.25925926,1.4285714285714286,0.04,-0.3333333333333333,0,33.2636
ASAP7,NANDX1,NAND2x1_ASAP7_6t_L,A,Y,fall,10.0,0.0460799999999999,0.7,25.0,165.181,0.5,1.08e-07,2.16e-07,0,1,1,2.3978952727983707,0.0450498445537087,9259259.25925926,4629629.62962963,426666.6666666666,213333.3333333333,213333.3333333333,4629629.62962963,1.4285714285714286,0.04,-0.3333333333333333,0,160.02838
ASAP7,INVX1,INVx1_ASAP7_6t_L,A,Y,fall,20.0,0.0230399999999999,0.7,25.0,101.674,1.0,5.4e-08,5.4e-08,1,1,1,3.044522437723423,0.0227785868893395,18518518.51851852,18518518.51851852,426666.6666666666,426666.6666666666,426666.6666666666,18518518.51851852,1.4285714285714286,0.04,0.0,0,197.09398
ASAP7,INVX1,INVx11_ASAP7_6t_L,A,Y,fall,40.0,0.1843199999999999,0.7,25.0,83.8666,1.0,5.4e-08,5.4e-08,1,1,1,3.713572066704308,0.169168770215654,18518518.51851852,18518518.51851852,3413333.333333333,3413333.333333333,3413333.333333333,18518518.51851852,1.4285714285714286,0.04,0.0,0,63.71633
ASAP7,NORX1,NOR2x1_ASAP7_6t_L,B,Y,fall,160.0,0.0057599999999999,0.7,25.0,61.7497,2.0,2.16e-07,1.08e-07,0,1,1,5.081404364984463,0.0057434746270657,4629629.62962963,9259259.25925926,26666.666666666664,53333.33333333333,53333.33333333333,9259259.25925926,1.4285714285714286,0.04,0.3333333333333333,0,44.377712
ASAP7,NANDX1,NAND2x1_ASAP7_6t_L,A,Y,fall,5.0,0.0057599999999999,0.7,25.0,24.6927,0.5,1.08e-07,2.16e-07,0,1,1,1.791759469228055,0.0057434746270657,9259259.25925926,4629629.62962963,53333.33333333333,26666.666666666664,26666.666666666664,4629629.62962963,1.4285714285714286,0.04,-0.3333333333333333,0,13.022932
ASAP7,NANDX1,NAND2x1_ASAP7_6t_L,A,Y,rise,5.0,0.0057599999999999,0.7,25.0,35.3768,0.5,1.08e-07,2.16e-07,0,1,1,1.791759469228055,0.0057434746270657,9259259.25925926,4629629.62962963,53333.33333333333,26666.666666666664,53333.33333333333,9259259.25925926,1.4285714285714286,0.04,-0.3333333333333333,0,30.827599
ASAP7,NORX1,NOR5x1f_ASAP7_6t_L,A,Y,fall,40.0,0.0028799999999999,0.7,25.0,25.9123,2.0,2.16e-07,1.08e-07,0,1,1,3.713572066704308,0.0028758607454642,4629629.62962963,9259259.25925926,13333.333333333332,26666.666666666664,26666.666666666664,9259259.25925926,1.4285714285714286,0.04,0.3333333333333333,0,1.0846692
ASAP7,INVX1,INVx13_ASAP7_6t_L,A,Y,fall,80.0,0.0230399999999999,0.7,25.0,22.9482,1.0,5.4e-08,5.4e-08,1,1,1,4.394449154672439,0.0227785868893395,18518518.51851852,18518518.51851852,426666.6666666666,426666.6666666666,426666.6666666666,18518518.51851852,1.4285714285714286,0.04,0.0,0,192.39442
ASAP7,NANDX1,NAND3x1_ASAP7_6t_L,C,Y,fall,20.0,0.0230399999999999,0.7,25.0,83.8554,0.5,1.08e-07,2.16e-07,0,1,1,3.044522437723423,0.0227785868893395,9259259.25925926,4629629.62962963,213333.3333333333,106666.66666666666,106666.66666666666,4629629.62962963,1.4285714285714286,0.04,-0.3333333333333333,0,67.52579
ASAP7,NORX1,NOR5x1f_ASAP7_6t_L,D,Y,rise,160.0,0.0230399999999999,0.7,25.0,555.331,2.0,2.16e-07,1.08e-07,0,1,1,5.081404364984463,0.0227785868893395,4629629.62962963,9259259.25925926,106666.66666666666,213333.3333333333,106666.66666666666,4629629.62962963,1.4285714285714286,0.04,0.3333333333333333,0,333.08188
ASAP7,NORX1,NOR5x1f_ASAP7_6t_L,A,Y,rise,40.0,0.0014399999999999,0.7,25.0,55.2552,2.0,2.16e-07,1.08e-07,0,1,1,3.713572066704308,0.0014389641942542,4629629.62962963,9259259.25925926,6666.666666666666,13333.333333333332,6666.666666666666,4629629.62962963,1.4285714285714286,0.04,0.3333333333333333,0,22.574537
ASAP7,NORX1,NOR5x1f_ASAP7_6t_L,B,Y,fall,40.0,0.0115199999999999,0.7,25.0,62.1873,2.0,2.16e-07,1.08e-07,0,1,1,3.713572066704308,0.0114541500451158,4629629.62962963,9259259.25925926,53333.33333333333,106666.66666666666,106666.66666666666,9259259.25925926,1.4285714285714286,0.04,0.3333333333333333,0,1.0935768
ASAP7,NORX1,NOR3x1f_ASAP7_6t_L,C,Y,fall,320.0,0.0014399999999999,0.7,25.0,29.4123,2.0,2.16e-07,1.08e-07,0,1,1,5.771441123130016,0.0014389641942542,4629629.62962963,9259259.25925926,6666.666666666666,13333.333333333332,13333.333333333332,9259259.25925926,1.4285714285714286,0.04,0.3333333333333333,0,32.193302
ASAP7,NANDX1,NAND2x1p5_ASAP7_6t_L,A,Y,rise,10.0,0.0003599999999999,0.7,25.0,11.2511,0.5,1.08e-07,2.16e-07,0,1,1,2.3978952727983707,0.0003599352155478,9259259.25925926,4629629.62962963,3333.333333333333,1666.6666666666663,3333.333333333333,9259259.25925926,1.4285714285714286,0.04,-0.3333333333333333,0,15.389395
ASAP7,INVX1,INVx11_ASAP7_6t_L,A,Y,fall,10.0,0.1843199999999999,0.7,25.0,75.7417,1.0,5.4e-08,5.4e-08,1,1,1,2.3978952727983707,0.169168770215654,18518518.51851852,18518518.51851852,3413333.333333333,3413333.333333333,3413333.333333333,18518518.51851852,1.4285714285714286,0.04,0.0,0,62.81506
ASAP7,NORX1,NOR3x1_ASAP7_6t_L,A,Y,rise,80.0,0.0014399999999999,0.7,25.0,23.4859,2.0,2.16e-07,1.08e-07,0,1,1,4.394449154672439,0.0014389641942542,4629629.62962963,9259259.25925926,6666.666666666666,13333.333333333332,6666.666666666666,4629629.62962963,1.4285714285714286,0.04,0.3333333333333333,0,36.823994
ASAP7,NORX1,NOR3x1f_ASAP7_6t_L,C,Y,fall,20.0,0.0007199999999999,0.7,25.0,11.0461,2.0,2.16e-07,1.08e-07,0,1,1,3.044522437723423,0.0007197409243488,4629629.62962963,9259259.25925926,3333.333333333333,6666.666666666666,6666.666666666666,9259259.25925926,1.4285714285714286,0.04,0.3333333333333333,0,13.1613455
ASAP7,NANDX1,NAND3x1_ASAP7_6t_L,A,Y,fall,320.0,0.0057599999999999,0.7,25.0,52.1283,0.5,1.08e-07,2.16e-07,0,1,1,5.771441123130016,0.0057434746270657,9259259.25925926,4629629.62962963,53333.33333333333,26666.666666666664,26666.666666666664,4629629.62962963,1.4285714285714286,0.04,-0.3333333333333333,0,51.29023
ASAP7,NORX1,NOR5x1f_ASAP7_6t_L,B,Y,fall,5.0,0.0007199999999999,0.7,25.0,7.86486,2.0,2.16e-07,1.08e-07,0,1,1,1.791759469228055,0.0007197409243488,4629629.62962963,9259259.25925926,3333.333333333333,6666.666666666666,6666.666666666666,9259259.25925926,1.4285714285714286,0.04,0.3333333333333333,0,9.526201
ASAP7,INVX1,INVx1_ASAP7_6t_L,A,Y,rise,20.0,0.0460799999999999,0.7,25.0,234.322,1.0,5.4e-08,5.4e-08,1,1,1,3.044522437723423,0.0450498445537087,18518518.51851852,18518518.51851852,853333.3333333333,853333.3333333333,853333.3333333333,18518518.51851852,1.4285714285714286,0.04,0.0,0,17.807405
ASAP7,INVX1,INVx1_ASAP7_6t_L,A,Y,fall,80.0,0.0230399999999999,0.7,25.0,118.691,1.0,5.4e-08,5.4e-08,1,1,1,4.394449154672439,0.0227785868893395,18518518.51851852,18518518.51851852,426666.6666666666,426666.6666666666,426666.6666666666,18518518.51851852,1.4285714285714286,0.04,0.0,0,192.39442
ASAP7,NORX1,NOR3x1_ASAP7_6t_L,C,Y,fall,160.0,0.0014399999999999,0.7,25.0,41.0336,2.0,2.16e-07,1.08e-07,0,1,1,5.081404364984463,0.0014389641942542,4629629.62962963,9259259.25925926,6666.666666666666,13333.333333333332,13333.333333333332,9259259.25925926,1.4285714285714286,0.04,0.3333333333333333,0,27.294607
ASAP7,NORX1,NOR3x1f_ASAP7_6t_L,B,Y,fall,10.0,0.0028799999999999,0.7,25.0,17.5473,2.0,2.16e-07,1.08e-07,0,1,1,2.3978952727983707,0.0028758607454642,4629629.62962963,9259259.25925926,13333.333333333332,26666.666666666664,26666.666666666664,9259259.25925926,1.4285714285714286,0.04,0.3333333333333333,0,13.969619
ASAP7,NORX1,NOR3x1_ASAP7_6t_L,B,Y,rise,40.0,0.0460799999999999,0.7,25.0,227.286,2.0,2.16e-07,1.08e-07,0,1,1,3.713572066704308,0.0450498445537087,4629629.62962963,9259259.25925926,213333.3333333333,426666.6666666666,213333.3333333333,4629629.62962963,1.4285714285714286,0.04,0.3333333333333333,0,338.06937
ASAP7,NORX1,NOR3x1f_ASAP7_6t_L,C,Y,rise,320.0,0.0057599999999999,0.7,25.0,132.514,2.0,2.16e-07,1.08e-07,0,1,1,5.771441123130016,0.0057434746270657,4629629.62962963,9259259.25925926,26666.666666666664,53333.33333333333,26666.666666666664,4629629.62962963,1.4285714285714286,0.04,0.3333333333333333,0,86.13372
ASAP7,INVX1,INVx11_ASAP7_6t_L,A,Y,rise,160.0,0.0115199999999999,0.7,25.0,30.3815,1.0,5.4e-08,5.4e-08,1,1,1,5.081404364984463,0.0114541500451158,18518518.51851852,18518518.51851852,213333.3333333333,213333.3333333333,213333.3333333333,18518518.51851852,1.4285714285714286,0.04,0.0,0,30.339228
ASAP7,NORX1,NOR5x1f_ASAP7_6t_L,D,Y,rise,160.0,0.0003599999999999,0.7,25.0,44.768,2.0,2.16e-07,1.08e-07,0,1,1,5.081404364984463,0.0003599352155478,4629629.62962963,9259259.25925926,1666.6666666666663,3333.333333333333,1666.6666666666663,4629629.62962963,1.4285714285714286,0.04,0.3333333333333333,0,18.32459
ASAP7,NORX1,NOR5x1f_ASAP7_6t_L,B,Y,fall,80.0,0.0028799999999999,0.7,25.0,32.6917,2.0,2.16e-07,1.08e-07,0,1,1,4.394449154672439,0.0028758607454642,4629629.62962963,9259259.25925926,13333.333333333332,26666.666666666664,26666.666666666664,9259259.25925926,1.4285714285714286,0.04,0.3333333333333333,0,27.520985
ASAP7,NANDX1,NAND2x1p5_ASAP7_6t_L,A,Y,fall,40.0,0.0057599999999999,0.7,25.0,22.7067,0.5,1.08e-07,2.16e-07,0,1,1,3.713572066704308,0.0057434746270657,9259259.25925926,4629629.62962963,53333.33333333333,26666.666666666664,26666.666666666664,4629629.62962963,1.4285714285714286,0.04,-0.3333333333333333,0,33.370243
ASAP7,NORX1,NOR5x1f_ASAP7_6t_L,A,Y,rise,160.0,0.0230399999999999,0.7,25.0,567.617,2.0,2.16e-07,1.08e-07,0,1,1,5.081404364984463,0.0227785868893395,4629629.62962963,9259259.25925926,106666.66666666666,213333.3333333333,106666.66666666666,4629629.62962963,1.4285714285714286,0.04,0.3333333333333333,0,1.1712333
ASAP7,NORX1,NOR5x1f_ASAP7_6t_L,D,Y,fall,160.0,0.0003599999999999,0.7,25.0,15.1446,2.0,2.16e-07,1.08e-07,0,1,1,5.081404364984463,0.0003599352155478,4629629.62962963,9259259.25925926,1666.6666666666663,3333.333333333333,3333.333333333333,9259259.25925926,1.4285714285714286,0.04,0.3333333333333333,0,24.794863
ASAP7,NORX1,NOR5x1f_ASAP7_6t_L,A,Y,fall,160.0,0.0014399999999999,0.7,25.0,24.5484,2.0,2.16e-07,1.08e-07,0,1,1,5.081404364984463,0.0014389641942542,4629629.62962963,9259259.25925926,6666.666666666666,13333.333333333332,13333.333333333332,9259259.25925926,1.4285714285714286,0.04,0.3333333333333333,0,27.294607
ASAP7,NANDX1,NAND3x1_ASAP7_6t_L,C,Y,rise,5.0,0.0057599999999999,0.7,25.0,39.2355,0.5,1.08e-07,2.16e-07,0,1,1,1.791759469228055,0.0057434746270657,9259259.25925926,4629629.62962963,53333.33333333333,26666.666666666664,53333.33333333333,9259259.25925926,1.4285714285714286,0.04,-0.3333333333333333,0,30.827599
ASAP7,NORX1,NOR3x1f_ASAP7_6t_L,A,Y,rise,10.0,0.0028799999999999,0.7,25.0,49.3406,2.0,2.16e-07,1.08e-07,0,1,1,2.3978952727983707,0.0028758607454642,4629629.62962963,9259259.25925926,13333.333333333332,26666.666666666664,13333.333333333332,4629629.62962963,1.4285714285714286,0.04,0.3333333333333333,0,48.28328
ASAP7,NORX1,NOR2x1_ASAP7_6t_L,A,Y,fall,5.0,0.0028799999999999,0.7,25.0,17.8774,2.0,2.16e-07,1.08e-07,0,1,1,1.791759469228055,0.0028758607454642,4629629.62962963,9259259.25925926,13333.333333333332,26666.666666666664,26666.666666666664,9259259.25925926,1.4285714285714286,0.04,0.3333333333333333,0,11.972432
ASAP7,NORX1,NOR3x1f_ASAP7_6t_L,B,Y,fall,5.0,0.0057599999999999,0.7,25.0,27.8667,2.0,2.16e-07,1.08e-07,0,1,1,1.791759469228055,0.0057434746270657,4629629.62962963,9259259.25925926,26666.666666666664,53333.33333333333,53333.33333333333,9259259.25925926,1.4285714285714286,0.04,0.3333333333333333,0,18.326359
ASAP7,NANDX1,NAND2x1p5_ASAP7_6t_L,B,Y,fall,10.0,0.0003599999999999,0.7,25.0,5.1336,0.5,1.08e-07,2.16e-07,0,1,1,2.3978952727983707,0.0003599352155478,9259259.25925926,4629629.62962963,3333.333333333333,1666.6666666666663,1666.6666666666663,4629629.62962963,1.4285714285714286,0.04,-0.3333333333333333,0,5.4320517
ASAP7,INVX1,INVx13_ASAP7_6t_L,A,Y,fall,320.0,0.0460799999999999,0.7,25.0,52.6649,1.0,5.4e-08,5.4e-08,1,1,1,5.771441123130016,0.0450498445537087,18518518.51851852,18518518.51851852,853333.3333333333,853333.3333333333,853333.3333333333,18518518.51851852,1.4285714285714286,0.04,0.0,0,253.62636
ASAP7,NANDX1,NAND3x1_ASAP7_6t_L,B,Y,rise,320.0,0.0014399999999999,0.7,25.0,73.1536,0.5,1.08e-07,2.16e-07,0,1,1,5.771441123130016,0.0014389641942542,9259259.25925926,4629629.62962963,13333.333333333332,6666.666666666666,13333.333333333332,9259259.25925926,1.4285714285714286,0.04,-0.3333333333333333,0,49.048622
ASAP7,NANDX1,NAND2x1_ASAP7_6t_L,A,Y,fall,20.0,0.0014399999999999,0.7,25.0,11.8524,0.5,1.08e-07,2.16e-07,0,1,1,3.044522437723423,0.0014389641942542,9259259.25925926,4629629.62962963,13333.333333333332,6666.666666666666,6666.666666666666,4629629.62962963,1.4285714285714286,0.04,-0.3333333333333333,0,8.922257
ASAP7,NORX1,NOR3x1_ASAP7_6t_L,B,Y,fall,5.0,0.0057599999999999,0.7,25.0,31.4638,2.0,2.16e-07,1.08e-07,0,1,1,1.791759469228055,0.0057434746270657,4629629.62962963,9259259.25925926,26666.666666666664,53333.33333333333,53333.33333333333,9259259.25925926,1.4285714285714286,0.04,0.3333333333333333,0,18.326359
ASAP7,NANDX1,NAND2x1p5_ASAP7_6t_L,A,Y,fall,160.0,0.0057599999999999,0.7,25.0,28.4917,0.5,1.08e-07,2.16e-07,0,1,1,5.081404364984463,0.0057434746270657,9259259.25925926,4629629.62962963,53333.33333333333,26666.666666666664,26666.666666666664,4629629.62962963,1.4285714285714286,0.04,-0.3333333333333333,0,51.77381
ASAP7,NANDX1,NAND2x1p5_ASAP7_6t_L,B,Y,fall,80.0,0.0007199999999999,0.7,25.0,7.94768,0.5,1.08e-07,2.16e-07,0,1,1,4.394449154672439,0.0007197409243488,9259259.25925926,4629629.62962963,6666.666666666666,3333.333333333333,3333.333333333333,4629629.62962963,1.4285714285714286,0.04,-0.3333333333333333,0,11.118741
ASAP7,NORX1,NOR5x1f_ASAP7_6t_L,D,Y,fall,160.0,0.0007199999999999,0.7,25.0,19.7959,2.0,2.16e-07,1.08e-07,0,1,1,5.081404364984463,0.0007197409243488,4629629.62962963,9259259.25925926,3333.333333333333,6666.666666666666,6666.666666666666,9259259.25925926,1.4285714285714286,0.04,0.3333333333333333,0,24.50729
ASAP7,NORX1,NOR5x1f_ASAP7_6t_L,C,Y,fall,20.0,0.0007199999999999,0.7,25.0,11.9856,2.0,2.16e-07,1.08e-07,0,1,1,3.044522437723423,0.0007197409243488,4629629.62962963,9259259.25925926,3333.333333333333,6666.666666666666,6666.666666666666,9259259.25925926,1.4285714285714286,0.04,0.3333333333333333,0,12.810671
ASAP7,NANDX1,NAND2x1p5_ASAP7_6t_L,B,Y,rise,320.0,0.0057599999999999,0.7,25.0,109.391,0.5,1.08e-07,2.16e-07,0,1,1,5.771441123130016,0.0057434746270657,9259259.25925926,4629629.62962963,53333.33333333333,26666.666666666664,53333.33333333333,9259259.25925926,1.4285714285714286,0.04,-0.3333333333333333,0,64.459694
ASAP7,NORX1,NOR5x1f_ASAP7_6t_L,C,Y,fall,80.0,0.0014399999999999,0.7,25.0,23.5112,2.0,2.16e-07,1.08e-07,0,1,1,4.394449154672439,0.0014389641942542,4629629.62962963,9259259.25925926,6666.666666666666,13333.333333333332,13333.333333333332,9259259.25925926,1.4285714285714286,0.04,0.3333333333333333,0,22.135805
ASAP7,NORX1,NOR3x1_ASAP7_6t_L,B,Y,rise,80.0,0.0460799999999999,0.7,25.0,234.807,2.0,2.16e-07,1.08e-07,0,1,1,4.394449154672439,0.0450498445537087,4629629.62962963,9259259.25925926,213333.3333333333,426666.6666666666,213333.3333333333,4629629.62962963,1.4285714285714286,0.04,0.3333333333333333,0,338.26855
ASAP7,NANDX1,NAND2x1_ASAP7_6t_L,A,Y,rise,20.0,0.0460799999999999,0.7,25.0,238.108,0.5,1.08e-07,2.16e-07,0,1,1,3.044522437723423,0.0450498445537087,9259259.25925926,4629629.62962963,426666.6666666666,213333.3333333333,426666.6666666666,9259259.25925926,1.4285714285714286,0.04,-0.3333333333333333,0,229.84099
ASAP7,NORX1,NOR2x1_ASAP7_6t_L,A,Y,rise,40.0,0.0460799999999999,0.7,25.0,227.149,2.0,2.16e-07,1.08e-07,0,1,1,3.713572066704308,0.0450498445537087,4629629.62962963,9259259.25925926,213333.3333333333,426666.6666666666,213333.3333333333,4629629.62962963,1.4285714285714286,0.04,0.3333333333333333,0,338.06937
ASAP7,NORX1,NOR3x1_ASAP7_6t_L,C,Y,fall,5.0,0.0115199999999999,0.7,25.0,56.7047,2.0,2.16e-07,1.08e-07,0,1,1,1.791759469228055,0.0114541500451158,4629629.62962963,9259259.25925926,53333.33333333333,106666.66666666666,106666.66666666666,9259259.25925926,1.4285714285714286,0.04,0.3333333333333333,0,42.714035
ASAP7,NORX1,NOR3x1f_ASAP7_6t_L,A,Y,fall,160.0,0.0057599999999999,0.7,25.0,59.0504,2.0,2.16e-07,1.08e-07,0,1,1,5.081404364984463,0.0057434746270657,4629629.62962963,9259259.25925926,26666.666666666664,53333.33333333333,53333.33333333333,9259259.25925926,1.4285714285714286,0.04,0.3333333333333333,0,44.377712
ASAP7,NORX1,NOR3x1_ASAP7_6t_L,C,Y,fall,10.0,0.0230399999999999,0.7,25.0,105.474,2.0,2.16e-07,1.08e-07,0,1,1,2.3978952727983707,0.0227785868893395,4629629.62962963,9259259.25925926,106666.66666666666,213333.3333333333,213333.3333333333,9259259.25925926,1.4285714285714286,0.04,0.3333333333333333,0,122.88082
ASAP7,NANDX1,NAND3x1_ASAP7_6t_L,A,Y,rise,320.0,0.0230399999999999,0.7,25.0,220.362,0.5,1.08e-07,2.16e-07,0,1,1,5.771441123130016,0.0227785868893395,9259259.25925926,4629629.62962963,213333.3333333333,106666.66666666666,213333.3333333333,9259259.25925926,1.4285714285714286,0.04,-0.3333333333333333,0,193.49284
ASAP7,NORX1,NOR5x1f_ASAP7_6t_L,B,Y,fall,10.0,0.0007199999999999,0.7,25.0,9.27698,2.0,2.16e-07,1.08e-07,0,1,1,2.3978952727983707,0.0007197409243488,4629629.62962963,9259259.25925926,3333.333333333333,6666.666666666666,6666.666666666666,9259259.25925926,1.4285714285714286,0.04,0.3333333333333333,0,11.356401
ASAP7,NANDX1,NAND2x1p5_ASAP7_6t_L,A,Y,rise,80.0,0.0003599999999999,0.7,25.0,26.5647,0.5,1.08e-07,2.16e-07,0,1,1,4.394449154672439,0.0003599352155478,9259259.25925926,4629629.62962963,3333.333333333333,1666.6666666666663,3333.333333333333,9259259.25925926,1.4285714285714286,0.04,-0.3333333333333333,0,27.482368
ASAP7,INVX1,INVx13_ASAP7_6t_L,A,Y,rise,20.0,0.0460799999999999,0.7,25.0,26.7553,1.0,5.4e-08,5.4e-08,1,1,1,3.044522437723423,0.0450498445537087,18518518.51851852,18518518.51851852,853333.3333333333,853333.3333333333,853333.3333333333,18518518.51851852,1.4285714285714286,0.04,0.0,0,30.628761
ASAP7,NANDX1,NAND2x1_ASAP7_6t_L,A,Y,rise,40.0,0.0115199999999999,0.7,25.0,74.4761,0.5,1.08e-07,2.16e-07,0,1,1,3.713572066704308,0.0114541500451158,9259259.25925926,4629629.62962963,106666.66666666666,53333.33333333333,106666.66666666666,9259259.25925926,1.4285714285714286,0.04,-0.3333333333333333,0,83.17604
ASAP7,NORX1,NOR5x1f_ASAP7_6t_L,E,Y,rise,320.0,0.0115199999999999,0.7,25.0,306.745,2.0,2.16e-07,1.08e-07,0,1,1,5.771441123130016,0.0114541500451158,4629629.62962963,9259259.25925926,53333.33333333333,106666.66666666666,53333.33333333333,4629629.62962963,1.4285714285714286,0.04,0.3333333333333333,0,145.95467
ASAP7,NORX1,NOR3x1f_ASAP7_6t_L,A,Y,fall,20.0,0.0007199999999999,0.7,25.0,10.2215,2.0,2.16e-07,1.08e-07,0,1,1,3.044522437723423,0.0007197409243488,4629629.62962963,9259259.25925926,3333.333333333333,6666.666666666666,6666.666666666666,9259259.25925926,1.4285714285714286,0.04,0.3333333333333333,0,12.810672
ASAP7,NANDX1,NAND3x1_ASAP7_6t_L,B,Y,fall,320.0,0.0028799999999999,0.7,25.0,22.4409,0.5,1.08e-07,2.16e-07,0,1,1,5.771441123130016,0.0028758607454642,9259259.25925926,4629629.62962963,26666.666666666664,13333.333333333332,13333.333333333332,4629629.62962963,1.4285714285714286,0.04,-0.3333333333333333,0,32.016342
ASAP7,NANDX1,NAND2x1p5_ASAP7_6t_L,A,Y,rise,20.0,0.0014399999999999,0.7,25.0,19.9034,0.5,1.08e-07,2.16e-07,0,1,1,3.044522437723423,0.0014389641942542,9259259.25925926,4629629.62962963,13333.333333333332,6666.666666666666,13333.333333333332,9259259.25925926,1.4285714285714286,0.04,-0.3333333333333333,0,21.237173
ASAP7,NORX1,NOR5x1f_ASAP7_6t_L,E,Y,fall,5.0,0.0028799999999999,0.7,25.0,17.6092,2.0,2.16e-07,1.08e-07,0,1,1,1.791759469228055,0.0028758607454642,4629629.62962963,9259259.25925926,13333.333333333332,26666.666666666664,26666.666666666664,9259259.25925926,1.4285714285714286,0.04,0.3333333333333333,0,11.972432
ASAP7,INVX1,INVx11_ASAP7_6t_L,A,Y,fall,160.0,0.1843199999999999,0.7,25.0,117.159,1.0,5.4e-08,5.4e-08,1,1,1,5.081404364984463,0.169168770215654,18518518.51851852,18518518.51851852,3413333.333333333,3413333.333333333,3413333.333333333,18518518.51851852,1.4285714285714286,0.04,0.0,0,133.5127
ASAP7,NANDX1,NAND3x1_ASAP7_6t_L,A,Y,fall,40.0,0.0007199999999999,0.7,25.0,10.3294,0.5,1.08e-07,2.16e-07,0,1,1,3.713572066704308,0.0007197409243488,9259259.25925926,4629629.62962963,6666.666666666666,3333.333333333333,3333.333333333333,4629629.62962963,1.4285714285714286,0.04,-0.3333333333333333,0,8.458493
ASAP7,NORX1,NOR5x1f_ASAP7_6t_L,B,Y,fall,160.0,0.0028799999999999,0.7,25.0,39.2307,2.0,2.16e-07,1.08e-07,0,1,1,5.081404364984463,0.0028758607454642,4629629.62962963,9259259.25925926,13333.333333333332,26666.666666666664,26666.666666666664,9259259.25925926,1.4285714285714286,0.04,0.3333333333333333,0,32.716522
ASAP7,NORX1,NOR5x1f_ASAP7_6t_L,E,Y,fall,5.0,0.0014399999999999,0.7,25.0,11.4406,2.0,2.16e-07,1.08e-07,0,1,1,1.791759469228055,0.0014389641942542,4629629.62962963,9259259.25925926,6666.666666666666,13333.333333333332,13333.333333333332,9259259.25925926,1.4285714285714286,0.04,0.3333333333333333,0,10.476035
ASAP7,NANDX1,NAND2x1p5_ASAP7_6t_L,B,Y,fall,40.0,0.0007199999999999,0.7,25.0,8.03565,0.5,1.08e-07,2.16e-07,0,1,1,3.713572066704308,0.0007197409243488,9259259.25925926,4629629.62962963,6666.666666666666,3333.333333333333,3333.333333333333,4629629.62962963,1.4285714285714286,0.04,-0.3333333333333333,0,8.871295
ASAP7,NANDX1,NAND2x1_ASAP7_6t_L,B,Y,rise,10.0,0.0014399999999999,0.7,25.0,13.7443,0.5,1.08e-07,2.16e-07,0,1,1,2.3978952727983707,0.0014389641942542,9259259.25925926,4629629.62962963,13333.333333333332,6666.666666666666,13333.333333333332,9259259.25925926,1.4285714285714286,0.04,-0.3333333333333333,0,17.508512
ASAP7,NORX1,NOR3x1_ASAP7_6t_L,A,Y,rise,10.0,0.0028799999999999,0.7,25.0,20.1465,2.0,2.16e-07,1.08e-07,0,1,1,2.3978952727983707,0.0028758607454642,4629629.62962963,9259259.25925926,13333.333333333332,26666.666666666664,13333.333333333332,4629629.62962963,1.4285714285714286,0.04,0.3333333333333333,0,48.28328
ASAP7,NORX1,NOR3x1_ASAP7_6t_L,A,Y,fall,10.0,0.0028799999999999,0.7,25.0,19.2194,2.0,2.16e-07,1.08e-07,0,1,1,2.3978952727983707,0.0028758607454642,4629629.62962963,9259259.25925926,13333.333333333332,26666.666666666664,26666.666666666664,9259259.25925926,1.4285714285714286,0.04,0.3333333333333333,0,13.969619
ASAP7,NORX1,NOR3x1f_ASAP7_6t_L,A,Y,fall,20.0,0.0230399999999999,0.7,25.0,102.49,2.0,2.16e-07,1.08e-07,0,1,1,3.044522437723423,0.0227785868893395,4629629.62962963,9259259.25925926,106666.66666666666,213333.3333333333,213333.3333333333,9259259.25925926,1.4285714285714286,0.04,0.3333333333333333,0,1.09415
ASAP7,INVX1,INVx11_ASAP7_6t_L,A,Y,rise,10.0,0.0921599999999999,0.7,25.0,47.7398,1.0,5.4e-08,5.4e-08,1,1,1,2.3978952727983707,0.0881573867362051,18518518.51851852,18518518.51851852,1706666.6666666665,1706666.6666666665,1706666.6666666665,18518518.51851852,1.4285714285714286,0.04,0.0,0,53.49601
ASAP7,NANDX1,NAND2x1_ASAP7_6t_L,A,Y,rise,5.0,0.0115199999999999,0.7,25.0,63.7293,0.5,1.08e-07,2.16e-07,0,1,1,1.791759469228055,0.0114541500451158,9259259.25925926,4629629.62962963,106666.66666666666,53333.33333333333,106666.66666666666,9259259.25925926,1.4285714285714286,0.04,-0.3333333333333333,0,49.2569
ASAP7,INVX1,INVx1_ASAP7_6t_L,A,Y,fall,160.0,0.0115199999999999,0.7,25.0,91.2968,1.0,5.4e-08,5.4e-08,1,1,1,5.081404364984463,0.0114541500451158,18518518.51851852,18518518.51851852,213333.3333333333,213333.3333333333,213333.3333333333,18518518.51851852,1.4285714285714286,0.04,0.0,0,33.818855
ASAP7,NORX1,NOR5x1f_ASAP7_6t_L,E,Y,rise,320.0,0.0007199999999999,0.7,25.0,65.6525,2.0,2.16e-07,1.08e-07,0,1,1,5.771441123130016,0.0007197409243488,4629629.62962963,9259259.25925926,3333.333333333333,6666.666666666666,3333.333333333333,4629629.62962963,1.4285714285714286,0.04,0.3333333333333333,0,63.724564
ASAP7,NANDX1,NAND3x1_ASAP7_6t_L,C,Y,fall,320.0,0.0028799999999999,0.7,25.0,13.502,0.5,1.08e-07,2.16e-07,0,1,1,5.771441123130016,0.0028758607454642,9259259.25925926,4629629.62962963,26666.666666666664,13333.333333333332,13333.333333333332,4629629.62962963,1.4285714285714286,0.04,-0.3333333333333333,0,32.016342
ASAP7,NORX1,NOR5x1f_ASAP7_6t_L,A,Y,rise,10.0,0.0028799999999999,0.7,25.0,81.408,2.0,2.16e-07,1.08e-07,0,1,1,2.3978952727983707,0.0028758607454642,4629629.62962963,9259259.25925926,13333.333333333332,26666.666666666664,13333.333333333332,4629629.62962963,1.4285714285714286,0.04,0.3333333333333333,0,48.28328
ASAP7,NORX1,NOR2x1_ASAP7_6t_L,B,Y,rise,40.0,0.0014399999999999,0.7,25.0,19.2852,2.0,2.16e-07,1.08e-07,0,1,1,3.713572066704308,0.0014389641942542,4629629.62962963,9259259.25925926,6666.666666666666,13333.333333333332,6666.666666666666,4629629.62962963,1.4285714285714286,0.04,0.3333333333333333,0,22.541157
ASAP7,NORX1,NOR3x1_ASAP7_6t_L,B,Y,fall,40.0,0.0230399999999999,0.7,25.0,112.109,2.0,2.16e-07,1.08e-07,0,1,1,3.713572066704308,0.0227785868893395,4629629.62962963,9259259.25925926,106666.66666666666,213333.3333333333,213333.3333333333,9259259.25925926,1.4285714285714286,0.04,0.3333333333333333,0,118.16541
ASAP7,NORX1,NOR3x1f_ASAP7_6t_L,A,Y,rise,160.0,0.0057599999999999,0.7,25.0,130.348,2.0,2.16e-07,1.08e-07,0,1,1,5.081404364984463,0.0057434746270657,4629629.62962963,9259259.25925926,26666.666666666664,53333.33333333333,26666.666666666664,4629629.62962963,1.4285714285714286,0.04,0.3333333333333333,0,49.15778
ASAP7,NORX1,NOR5x1f_ASAP7_6t_L,A,Y,rise,5.0,0.0028799999999999,0.7,25.0,80.7241,2.0,2.16e-07,1.08e-07,0,1,1,1.791759469228055,0.0028758607454642,4629629.62962963,9259259.25925926,13333.333333333332,26666.666666666664,13333.333333333332,4629629.62962963,1.4285714285714286,0.04,0.3333333333333333,0,85.11921
ASAP7,NORX1,NOR5x1f_ASAP7_6t_L,D,Y,rise,320.0,0.0007199999999999,0.7,25.0,72.9645,2.0,2.16e-07,1.08e-07,0,1,1,5.771441123130016,0.0007197409243488,4629629.62962963,9259259.25925926,3333.333333333333,6666.666666666666,3333.333333333333,4629629.62962963,1.4285714285714286,0.04,0.3333333333333333,0,63.724564
ASAP7,NORX1,NOR5x1f_ASAP7_6t_L,D,Y,rise,320.0,0.0003599999999999,0.7,25.0,62.9782,2.0,2.16e-07,1.08e-07,0,1,1,5.771441123130016,0.0003599352155478,4629629.62962963,9259259.25925926,1666.6666666666663,3333.333333333333,1666.6666666666663,4629629.62962963,1.4285714285714286,0.04,0.3333333333333333,0,63.290775
ASAP7,NORX1,NOR3x1_ASAP7_6t_L,B,Y,fall,160.0,0.0014399999999999,0.7,25.0,36.9171,2.0,2.16e-07,1.08e-07,0,1,1,5.081404364984463,0.0014389641942542,4629629.62962963,9259259.25925926,6666.666666666666,13333.333333333332,13333.333333333332,9259259.25925926,1.4285714285714286,0.04,0.3333333333333333,0,27.294607
ASAP7,NANDX1,NAND2x1p5_ASAP7_6t_L,B,Y,rise,10.0,0.0007199999999999,0.7,25.0,10.8523,0.5,1.08e-07,2.16e-07,0,1,1,2.3978952727983707,0.0007197409243488,9259259.25925926,4629629.62962963,6666.666666666666,3333.333333333333,6666.666666666666,9259259.25925926,1.4285714285714286,0.04,-0.3333333333333333,0,16.412123
ASAP7,NORX1,NOR5x1f_ASAP7_6t_L,C,Y,fall,20.0,0.0230399999999999,0.7,25.0,103.937,2.0,2.16e-07,1.08e-07,0,1,1,3.044522437723423,0.0227785868893395,4629629.62962963,9259259.25925926,106666.66666666666,213333.3333333333,213333.3333333333,9259259.25925926,1.4285714285714286,0.04,0.3333333333333333,0,121.11496
ASAP7,NORX1,NOR3x1f_ASAP7_6t_L,A,Y,rise,10.0,0.0003599999999999,0.7,25.0,14.2775,2.0,2.16e-07,1.08e-07,0,1,1,2.3978952727983707,0.0003599352155478,4629629.62962963,9259259.25925926,1666.6666666666663,3333.333333333333,1666.6666666666663,4629629.62962963,1.4285714285714286,0.04,0.3333333333333333,0,39.426502
ASAP7,NORX1,NOR5x1f_ASAP7_6t_L,E,Y,rise,40.0,0.0230399999999999,0.7,25.0,544.077,2.0,2.16e-07,1.08e-07,0,1,1,3.713572066704308,0.0227785868893395,4629629.62962963,9259259.25925926,106666.66666666666,213333.3333333333,106666.66666666666,4629629.62962963,1.4285714285714286,0.04,0.3333333333333333,0,305.32718
ASAP7,NORX1,NOR5x1f_ASAP7_6t_L,E,Y,rise,20.0,0.0007199999999999,0.7,25.0,39.1653,2.0,2.16e-07,1.08e-07,0,1,1,3.044522437723423,0.0007197409243488,4629629.62962963,9259259.25925926,3333.333333333333,6666.666666666666,3333.333333333333,4629629.62962963,1.4285714285714286,0.04,0.3333333333333333,0,20.698307
ASAP7,NANDX1,NAND2x1p5_ASAP7_6t_L,B,Y,rise,10.0,0.0003599999999999,0.7,25.0,8.96673,0.5,1.08e-07,2.16e-07,0,1,1,2.3978952727983707,0.0003599352155478,9259259.25925926,4629629.62962963,3333.333333333333,1666.6666666666663,3333.333333333333,9259259.25925926,1.4285714285714286,0.04,-0.3333333333333333,0,15.389395
ASAP7,NORX1,NOR3x1f_ASAP7_6t_L,B,Y,rise,80.0,0.0003599999999999,0.7,25.0,25.5164,2.0,2.16e-07,1.08e-07,0,1,1,4.394449154672439,0.0003599352155478,4629629.62962963,9259259.25925926,1666.6666666666663,3333.333333333333,1666.6666666666663,4629629.62962963,1.4285714285714286,0.04,0.3333333333333333,0,17.536037
ASAP7,NANDX1,NAND3x1_ASAP7_6t_L,A,Y,fall,40.0,0.0057599999999999,0.7,25.0,32.234,0.5,1.08e-07,2.16e-07,0,1,1,3.713572066704308,0.0057434746270657,9259259.25925926,4629629.62962963,53333.33333333333,26666.666666666664,26666.666666666664,4629629.62962963,1.4285714285714286,0.04,-0.3333333333333333,0,33.370243
ASAP7,NORX1,NOR3x1_ASAP7_6t_L,C,Y,rise,160.0,0.0007199999999999,0.7,25.0,16.6691,2.0,2.16e-07,1.08e-07,0,1,1,5.081404364984463,0.0007197409243488,4629629.62962963,9259259.25925926,3333.333333333333,6666.666666666666,3333.333333333333,4629629.62962963,1.4285714285714286,0.04,0.3333333333333333,0,24.619953
ASAP7,INVX1,INVx13_ASAP7_6t_L,A,Y,fall,10.0,0.3686399999999999,0.7,25.0,126.751,1.0,5.4e-08,5.4e-08,1,1,1,2.3978952727983707,0.3138175460564067,18518518.51851852,18518518.51851852,6826666.666666666,6826666.666666666,6826666.666666666,18518518.51851852,1.4285714285714286,0.04,0.0,0,168.22664
ASAP7,NANDX1,NAND3x1_ASAP7_6t_L,B,Y,rise,20.0,0.0230399999999999,0.7,25.0,127.099,0.5,1.08e-07,2.16e-07,0,1,1,3.044522437723423,0.0227785868893395,9259259.25925926,4629629.62962963,213333.3333333333,106666.66666666666,213333.3333333333,9259259.25925926,1.4285714285714286,0.04,-0.3333333333333333,0,134.3926
ASAP7,NANDX1,NAND2x1_ASAP7_6t_L,B,Y,rise,5.0,0.0460799999999999,0.7,25.0,231.931,0.5,1.08e-07,2.16e-07,0,1,1,1.791759469228055,0.0450498445537087,9259259.25925926,4629629.62962963,426666.6666666666,213333.3333333333,426666.6666666666,9259259.25925926,1.4285714285714286,0.04,-0.3333333333333333,0,213.26918
ASAP7,INVX1,INVx1_ASAP7_6t_L,A,Y,fall,10.0,0.0230399999999999,0.7,25.0,99.0484,1.0,5.4e-08,5.4e-08,1,1,1,2.3978952727983707,0.0227785868893395,18518518.51851852,18518518.51851852,426666.6666666666,426666.6666666666,426666.6666666666,18518518.51851852,1.4285714285714286,0.04,0.0,0,197.35963
ASAP7,NORX1,NOR3x1f_ASAP7_6t_L,C,Y,rise,40.0,0.0057599999999999,0.7,25.0,93.5963,2.0,2.16e-07,1.08e-07,0,1,1,3.713572066704308,0.0057434746270657,4629629.62962963,9259259.25925926,26666.666666666664,53333.33333333333,26666.666666666664,4629629.62962963,1.4285714285714286,0.04,0.3333333333333333,0,78.087845
ASAP7,INVX2,INVx2_ASAP7_6t_L,A,Y,rise,160.0,0.0921599999999999,0.7,25.0,278.883,1.0,1.08e-07,1.08e-07,1,1,1,5.081404364984463,0.0881573867362051,9259259.25925926,9259259.25925926,853333.3333333333,853333.3333333333,853333.3333333333,9259259.25925926,1.4285714285714286,0.04,0.0,0,298.89572
ASAP7,NORX1,NOR5x1f_ASAP7_6t_L,E,Y,rise,80.0,0.0028799999999999,0.7,25.0,92.6029,2.0,2.16e-07,1.08e-07,0,1,1,4.394449154672439,0.0028758607454642,4629629.62962963,9259259.25925926,13333.333333333332,26666.666666666664,13333.333333333332,4629629.62962963,1.4285714285714286,0.04,0.3333333333333333,0,48.952477
ASAP7,NANDX1,NAND3x1_ASAP7_6t_L,C,Y,fall,20.0,0.0028799999999999,0.7,25.0,17.2988,0.5,1.08e-07,2.16e-07,0,1,1,3.044522437723423,0.0028758607454642,9259259.25925926,4629629.62962963,26666.666666666664,13333.333333333332,13333.333333333332,4629629.62962963,1.4285714285714286,0.04,-0.3333333333333333,0,10.290863
ASAP7,NANDX1,NAND2x1_ASAP7_6t_L,B,Y,rise,40.0,0.0115199999999999,0.7,25.0,73.0107,0.5,1.08e-07,2.16e-07,0,1,1,3.713572066704308,0.0114541500451158,9259259.25925926,4629629.62962963,106666.66666666666,53333.33333333333,106666.66666666666,9259259.25925926,1.4285714285714286,0.04,-0.3333333333333333,0,142.6089
ASAP7,NORX1,NOR3x1_ASAP7_6t_L,A,Y,fall,80.0,0.0115199999999999,0.7,25.0,75.0923,2.0,2.16e-07,1.08e-07,0,1,1,4.394449154672439,0.0114541500451158,4629629.62962963,9259259.25925926,53333.33333333333,106666.66666666666,106666.66666666666,9259259.25925926,1.4285714285714286,0.04,0.3333333333333333,0,63.030884
ASAP7,NANDX1,NAND3x1_ASAP7_6t_L,C,Y,rise,160.0,0.0460799999999999,0.7,25.0,286.309,0.5,1.08e-07,2.16e-07,0,1,1,5.081404364984463,0.0450498445537087,9259259.25925926,4629629.62962963,426666.6666666666,213333.3333333333,426666.6666666666,9259259.25925926,1.4285714285714286,0.04,-0.3333333333333333,0,245.2771
ASAP7,NANDX1,NAND2x1p5_ASAP7_6t_L,B,Y,fall,160.0,0.0014399999999999,0.7,25.0,11.6625,0.5,1.08e-07,2.16e-07,0,1,1,5.081404364984463,0.0014389641942542,9259259.25925926,4629629.62962963,13333.333333333332,6666.666666666666,6666.666666666666,4629629.62962963,1.4285714285714286,0.04,-0.3333333333333333,0,19.828825
ASAP7,NORX1,NOR5x1f_ASAP7_6t_L,D,Y,fall,5.0,0.0003599999999999,0.7,25.0,6.6906,2.0,2.16e-07,1.08e-07,0,1,1,1.791759469228055,0.0003599352155478,4629629.62962963,9259259.25925926,1666.6666666666663,3333.333333333333,3333.333333333333,9259259.25925926,1.4285714285714286,0.04,0.3333333333333333,0,8.154864
ASAP7,NANDX1,NAND2x1_ASAP7_6t_L,A,Y,fall,5.0,0.0007199999999999,0.7,25.0,7.15661,0.5,1.08e-07,2.16e-07,0,1,1,1.791759469228055,0.0007197409243488,9259259.25925926,4629629.62962963,6666.666666666666,3333.333333333333,3333.333333333333,4629629.62962963,1.4285714285714286,0.04,-0.3333333333333333,0,8.558491
ASAP7,NORX1,NOR5x1f_ASAP7_6t_L,B,Y,rise,160.0,0.0115199999999999,0.7,25.0,307.321,2.0,2.16e-07,1.08e-07,0,1,1,5.081404364984463,0.0114541500451158,4629629.62962963,9259259.25925926,53333.33333333333,106666.66666666666,53333.33333333333,4629629.62962963,1.4285714285714286,0.04,0.3333333333333333,0,187.2241
ASAP7,NANDX1,NAND2x1p5_ASAP7_6t_L,B,Y,fall,80.0,0.0014399999999999,0.7,25.0,12.6425,0.5,1.08e-07,2.16e-07,0,1,1,4.394449154672439,0.0014389641942542,9259259.25925926,4629629.62962963,13333.333333333332,6666.666666666666,6666.666666666666,4629629.62962963,1.4285714285714286,0.04,-0.3333333333333333,0,12.073685
ASAP7,NORX1,NOR2x1_ASAP7_6t_L,B,Y,fall,80.0,0.0007199999999999,0.7,25.0,16.5589,2.0,2.16e-07,1.08e-07,0,1,1,4.394449154672439,0.0007197409243488,4629629.62962963,9259259.25925926,3333.333333333333,6666.666666666666,6666.666666666666,9259259.25925926,1.4285714285714286,0.04,0.3333333333333333,0,19.546381
ASAP7,NORX1,NOR2x1_ASAP7_6t_L,B,Y,rise,80.0,0.0460799999999999,0.7,25.0,239.916,2.0,2.16e-07,1.08e-07,0,1,1,4.394449154672439,0.0450498445537087,4629629.62962963,9259259.25925926,213333.3333333333,426666.6666666666,213333.3333333333,4629629.62962963,1.4285714285714286,0.04,0.3333333333333333,0,338.26855
ASAP7,NORX1,NOR5x1f_ASAP7_6t_L,B,Y,rise,20.0,0.0028799999999999,0.7,25.0,85.2527,2.0,2.16e-07,1.08e-07,0,1,1,3.044522437723423,0.0028758607454642,4629629.62962963,9259259.25925926,13333.333333333332,26666.666666666664,13333.333333333332,4629629.62962963,1.4285714285714286,0.04,0.3333333333333333,0,34.41919
ASAP7,NORX1,NOR2x1_ASAP7_6t_L,A,Y,fall,5.0,0.0057599999999999,0.7,25.0,29.7598,2.0,2.16e-07,1.08e-07,0,1,1,1.791759469228055,0.0057434746270657,4629629.62962963,9259259.25925926,26666.666666666664,53333.33333333333,53333.33333333333,9259259.25925926,1.4285714285714286,0.04,0.3333333333333333,0,18.32636
ASAP7,NORX1,NOR5x1f_ASAP7_6t_L,A,Y,rise,5.0,0.0115199999999999,0.7,25.0,275.391,2.0,2.16e-07,1.08e-07,0,1,1,1.791759469228055,0.0114541500451158,4629629.62962963,9259259.25925926,53333.33333333333,106666.66666666666,53333.33333333333,4629629.62962963,1.4285714285714286,0.04,0.3333333333333333,0,139.48363
ASAP7,NORX1,NOR3x1f_ASAP7_6t_L,C,Y,rise,40.0,0.0028799999999999,0.7,25.0,54.2709,2.0,2.16e-07,1.08e-07,0,1,1,3.713572066704308,0.0028758607454642,4629629.62962963,9259259.25925926,13333.333333333332,26666.666666666664,13333.333333333332,4629629.62962963,1.4285714285714286,0.04,0.3333333333333333,0,35.34681
ASAP7,NANDX1,NAND2x1_ASAP7_6t_L,B,Y,rise,80.0,0.0057599999999999,0.7,25.0,57.1135,0.5,1.08e-07,2.16e-07,0,1,1,4.394449154672439,0.0057434746270657,9259259.25925926,4629629.62962963,53333.33333333333,26666.666666666664,53333.33333333333,9259259.25925926,1.4285714285714286,0.04,-0.3333333333333333,0,85.80549
ASAP7,NORX1,NOR3x1f_ASAP7_6t_L,C,Y,rise,80.0,0.0003599999999999,0.7,25.0,22.4725,2.0,2.16e-07,1.08e-07,0,1,1,4.394449154672439,0.0003599352155478,4629629.62962963,9259259.25925926,1666.6666666666663,3333.333333333333,1666.6666666666663,4629629.62962963,1.4285714285714286,0.04,0.3333333333333333,0,17.53604
ASAP7,INVX1,INVx11_ASAP7_6t_L,A,Y,rise,40.0,0.0115199999999999,0.7,25.0,16.9572,1.0,5.4e-08,5.4e-08,1,1,1,3.713572066704308,0.0114541500451158,18518518.51851852,18518518.51851852,213333.3333333333,213333.3333333333,213333.3333333333,18518518.51851852,1.4285714285714286,0.04,0.0,0,32.754642
ASAP7,INVX2,INVx2_ASAP7_6t_L,A,Y,fall,10.0,0.0921599999999999,0.7,25.0,193.546,1.0,1.08e-07,1.08e-07,1,1,1,2.3978952727983707,0.0881573867362051,9259259.25925926,9259259.25925926,853333.3333333333,853333.3333333333,853333.3333333333,9259259.25925926,1.4285714285714286,0.04,0.0,0,202.51358
ASAP7,NORX1,NOR5x1f_ASAP7_6t_L,D,Y,fall,80.0,0.0115199999999999,0.7,25.0,74.734,2.0,2.16e-07,1.08e-07,0,1,1,4.394449154672439,0.0114541500451158,4629629.62962963,9259259.25925926,53333.33333333333,106666.66666666666,106666.66666666666,9259259.25925926,1.4285714285714286,0.04,0.3333333333333333,0,63.030884
ASAP7,NORX1,NOR3x1_ASAP7_6t_L,A,Y,rise,10.0,0.0057599999999999,0.7,25.0,33.5407,2.0,2.16e-07,1.08e-07,0,1,1,2.3978952727983707,0.0057434746270657,4629629.62962963,9259259.25925926,26666.666666666664,53333.33333333333,26666.666666666664,4629629.62962963,1.4285714285714286,0.04,0.3333333333333333,0,66.264946
ASAP7,NORX1,NOR3x1_ASAP7_6t_L,A,Y,rise,320.0,0.0057599999999999,0.7,25.0,79.3324,2.0,2.16e-07,1.08e-07,0,1,1,5.771441123130016,0.0057434746270657,4629629.62962963,9259259.25925926,26666.666666666664,53333.33333333333,26666.666666666664,4629629.62962963,1.4285714285714286,0.04,0.3333333333333333,0,1.1983923
ASAP7,NORX1,NOR3x1f_ASAP7_6t_L,A,Y,fall,40.0,0.0057599999999999,0.7,25.0,37.7266,2.0,2.16e-07,1.08e-07,0,1,1,3.713572066704308,0.0057434746270657,4629629.62962963,9259259.25925926,26666.666666666664,53333.33333333333,53333.33333333333,9259259.25925926,1.4285714285714286,0.04,0.3333333333333333,0,33.722412
ASAP7,NANDX1,NAND2x1_ASAP7_6t_L,B,Y,fall,10.0,0.0115199999999999,0.7,25.0,45.1752,0.5,1.08e-07,2.16e-07,0,1,1,2.3978952727983707,0.0114541500451158,9259259.25925926,4629629.62962963,106666.66666666666,53333.33333333333,53333.33333333333,4629629.62962963,1.4285714285714286,0.04,-0.3333333333333333,0,21.237333
ASAP7,INVX2,INVx2_ASAP7_6t_L,A,Y,rise,320.0,0.0230399999999999,0.7,25.0,142.855,1.0,1.08e-07,1.08e-07,1,1,1,5.771441123130016,0.0227785868893395,9259259.25925926,9259259.25925926,213333.3333333333,213333.3333333333,213333.3333333333,9259259.25925926,1.4285714285714286,0.04,0.0,0,227.98627
ASAP7,NANDX1,NAND2x1_ASAP7_6t_L,A,Y,rise,160.0,0.0115199999999999,0.7,25.0,113.064,0.5,1.08e-07,2.16e-07,0,1,1,5.081404364984463,0.0114541500451158,9259259.25925926,4629629.62962963,106666.66666666666,53333.33333333333,106666.66666666666,9259259.25925926,1.4285714285714286,0.04,-0.3333333333333333,0,95.09903
ASAP7,NANDX1,NAND2x1_ASAP7_6t_L,A,Y,fall,80.0,0.0115199999999999,0.7,25.0,56.7655,0.5,1.08e-07,2.16e-07,0,1,1,4.394449154672439,0.0114541500451158,9259259.25925926,4629629.62962963,106666.66666666666,53333.33333333333,53333.33333333333,4629629.62962963,1.4285714285714286,0.04,-0.3333333333333333,0,66.67282
ASAP7,INVX1,INVx1_ASAP7_6t_L,A,Y,rise,40.0,0.0007199999999999,0.7,25.0,14.3418,1.0,5.4e-08,5.4e-08,1,1,1,3.713572066704308,0.0007197409243488,18518518.51851852,18518518.51851852,13333.333333333332,13333.333333333332,13333.333333333332,18518518.51851852,1.4285714285714286,0.04,0.0,0,13.161903
ASAP7,NANDX1,NAND3x1_ASAP7_6t_L,B,Y,rise,160.0,0.0007199999999999,0.7,25.0,42.3551,0.5,1.08e-07,2.16e-07,0,1,1,5.081404364984463,0.0007197409243488,9259259.25925926,4629629.62962963,6666.666666666666,3333.333333333333,6666.666666666666,9259259.25925926,1.4285714285714286,0.04,-0.3333333333333333,0,33.263676
ASAP7,NORX1,NOR2x1_ASAP7_6t_L,B,Y,fall,10.0,0.0028799999999999,0.7,25.0,17.9665,2.0,2.16e-07,1.08e-07,0,1,1,2.3978952727983707,0.0028758607454642,4629629.62962963,9259259.25925926,13333.333333333332,26666.666666666664,26666.666666666664,9259259.25925926,1.4285714285714286,0.04,0.3333333333333333,0,13.969619
ASAP7,NORX1,NOR5x1f_ASAP7_6t_L,C,Y,rise,320.0,0.0003599999999999,0.7,25.0,70.2903,2.0,2.16e-07,1.08e-07,0,1,1,5.771441123130016,0.0003599352155478,4629629.62962963,9259259.25925926,1666.6666666666663,3333.333333333333,1666.6666666666663,4629629.62962963,1.4285714285714286,0.04,0.3333333333333333,0,63.290775
ASAP7,NANDX1,NAND3x1_ASAP7_6t_L,C,Y,rise,160.0,0.0028799999999999,0.7,25.0,65.3212,0.5,1.08e-07,2.16e-07,0,1,1,5.081404364984463,0.0028758607454642,9259259.25925926,4629629.62962963,26666.666666666664,13333.333333333332,26666.666666666664,9259259.25925926,1.4285714285714286,0.04,-0.3333333333333333,0,55.980522
ASAP7,NANDX1,NAND3x1_ASAP7_6t_L,B,Y,fall,80.0,0.0115199999999999,0.7,25.0,56.4494,0.5,1.08e-07,2.16e-07,0,1,1,4.394449154672439,0.0114541500451158,9259259.25925926,4629629.62962963,106666.66666666666,53333.33333333333,53333.33333333333,4629629.62962963,1.4285714285714286,0.04,-0.3333333333333333,0,55.862995
ASAP7,NORX1,NOR3x1f_ASAP7_6t_L,C,Y,rise,20.0,0.0014399999999999,0.7,25.0,31.8662,2.0,2.16e-07,1.08e-07,0,1,1,3.044522437723423,0.0014389641942542,4629629.62962963,9259259.25925926,6666.666666666666,13333.333333333332,6666.666666666666,4629629.62962963,1.4285714285714286,0.04,0.3333333333333333,0,24.45849
ASAP7,INVX1,INVx11_ASAP7_6t_L,A,Y,fall,320.0,0.0230399999999999,0.7,25.0,35.8531,1.0,5.4e-08,5.4e-08,1,1,1,5.771441123130016,0.0227785868893395,18518518.51851852,18518518.51851852,426666.6666666666,426666.6666666666,426666.6666666666,18518518.51851852,1.4285714285714286,0.04,0.0,0,224.11285
ASAP7,NANDX1,NAND3x1_ASAP7_6t_L,C,Y,rise,80.0,0.0460799999999999,0.7,25.0,260.937,0.5,1.08e-07,2.16e-07,0,1,1,4.394449154672439,0.0450498445537087,9259259.25925926,4629629.62962963,426666.6666666666,213333.3333333333,426666.6666666666,9259259.25925926,1.4285714285714286,0.04,-0.3333333333333333,0,234.19974
ASAP7,NANDX1,NAND3x1_ASAP7_6t_L,C,Y,fall,320.0,0.0460799999999999,0.7,25.0,185.189,0.5,1.08e-07,2.16e-07,0,1,1,5.771441123130016,0.0450498445537087,9259259.25925926,4629629.62962963,426666.6666666666,213333.3333333333,213333.3333333333,4629629.62962963,1.4285714285714286,0.04,-0.3333333333333333,0,200.9965
ASAP7,NORX1,NOR2x1_ASAP7_6t_L,A,Y,rise,40.0,0.0007199999999999,0.7,25.0,13.7212,2.0,2.16e-07,1.08e-07,0,1,1,3.713572066704308,0.0007197409243488,4629629.62962963,9259259.25925926,3333.333333333333,6666.666666666666,3333.333333333333,4629629.62962963,1.4285714285714286,0.04,0.3333333333333333,0,19.188452
ASAP7,NORX1,NOR5x1f_ASAP7_6t_L,C,Y,rise,160.0,0.0007199999999999,0.7,25.0,57.8869,2.0,2.16e-07,1.08e-07,0,1,1,5.081404364984463,0.0007197409243488,4629629.62962963,9259259.25925926,3333.333333333333,6666.666666666666,3333.333333333333,4629629.62962963,1.4285714285714286,0.04,0.3333333333333333,0,24.919811
ASAP7,NORX1,NOR3x1_ASAP7_6t_L,A,Y,rise,160.0,0.0460799999999999,0.7,25.0,259.139,2.0,2.16e-07,1.08e-07,0,1,1,5.081404364984463,0.0450498445537087,4629629.62962963,9259259.25925926,213333.3333333333,426666.6666666666,213333.3333333333,4629629.62962963,1.4285714285714286,0.04,0.3333333333333333,0,333.56363
ASAP7,NANDX1,NAND2x1p5_ASAP7_6t_L,B,Y,rise,20.0,0.0003599999999999,0.7,25.0,11.3206,0.5,1.08e-07,2.16e-07,0,1,1,3.044522437723423,0.0003599352155478,9259259.25925926,4629629.62962963,3333.333333333333,1666.6666666666663,3333.333333333333,9259259.25925926,1.4285714285714286,0.04,-0.3333333333333333,0,18.612398
ASAP7,NORX1,NOR2x1_ASAP7_6t_L,A,Y,rise,160.0,0.0057599999999999,0.7,25.0,56.7084,2.0,2.16e-07,1.08e-07,0,1,1,5.081404364984463,0.0057434746270657,4629629.62962963,9259259.25925926,26666.666666666664,53333.33333333333,26666.666666666664,4629629.62962963,1.4285714285714286,0.04,0.3333333333333333,0,160.96729
ASAP7,NANDX1,NAND3x1_ASAP7_6t_L,C,Y,rise,40.0,0.0014399999999999,0.7,25.0,28.4991,0.5,1.08e-07,2.16e-07,0,1,1,3.713572066704308,0.0014389641942542,9259259.25925926,4629629.62962963,13333.333333333332,6666.666666666666,13333.333333333332,9259259.25925926,1.4285714285714286,0.04,-0.3333333333333333,0,30.664711
ASAP7,NORX1,NOR3x1_ASAP7_6t_L,B,Y,fall,320.0,0.0028799999999999,0.7,25.0,63.8803,2.0,2.16e-07,1.08e-07,0,1,1,5.771441123130016,0.0028758607454642,4629629.62962963,9259259.25925926,13333.333333333332,26666.666666666664,26666.666666666664,9259259.25925926,1.4285714285714286,0.04,0.3333333333333333,0,37.391388
ASAP7,NORX1,NOR3x1f_ASAP7_6t_L,B,Y,rise,20.0,0.0230399999999999,0.7,25.0,326.88,2.0,2.16e-07,1.08e-07,0,1,1,3.044522437723423,0.0227785868893395,4629629.62962963,9259259.25925926,106666.66666666666,213333.3333333333,106666.66666666666,4629629.62962963,1.4285714285714286,0.04,0.3333333333333333,0,307.11768
ASAP7,INVX1,INVx13_ASAP7_6t_L,A,Y,fall,5.0,0.7372799999999999,0.7,25.0,247.423,1.0,5.4e-08,5.4e-08,1,1,1,1.791759469228055,0.5523206717349491,18518518.51851852,18518518.51851852,13653333.333333332,13653333.333333332,13653333.333333332,18518518.51851852,1.4285714285714286,0.04,0.0,0,328.8813
ASAP7,NORX1,NOR2x1_ASAP7_6t_L,A,Y,rise,80.0,0.0007199999999999,0.7,25.0,16.0979,2.0,2.16e-07,1.08e-07,0,1,1,4.394449154672439,0.0007197409243488,4629629.62962963,9259259.25925926,3333.333333333333,6666.666666666666,3333.333333333333,4629629.62962963,1.4285714285714286,0.04,0.3333333333333333,0,27.155365
ASAP7,INVX1,INVx1_ASAP7_6t_L,A,Y,fall,5.0,0.0014399999999999,0.7,25.0,9.13391,1.0,5.4e-08,5.4e-08,1,1,1,1.791759469228055,0.0014389641942542,18518518.51851852,18518518.51851852,26666.666666666664,26666.666666666664,26666.666666666664,18518518.51851852,1.4285714285714286,0.04,0.0,0,8.602317
ASAP7,NORX1,NOR5x1f_ASAP7_6t_L,E,Y,fall,320.0,0.0230399999999999,0.7,25.0,183.406,2.0,2.16e-07,1.08e-07,0,1,1,5.771441123130016,0.0227785868893395,4629629.62962963,9259259.25925926,106666.66666666666,213333.3333333333,213333.3333333333,9259259.25925926,1.4285714285714286,0.04,0.3333333333333333,0,1.1979785
ASAP7,NANDX1,NAND3x1_ASAP7_6t_L,A,Y,rise,10.0,0.0115199999999999,0.7,25.0,65.2298,0.5,1.08e-07,2.16e-07,0,1,1,2.3978952727983707,0.0114541500451158,9259259.25925926,4629629.62962963,106666.66666666666,53333.33333333333,106666.66666666666,9259259.25925926,1.4285714285714286,0.04,-0.3333333333333333,0,54.9515
ASAP7,NANDX1,NAND2x1_ASAP7_6t_L,B,Y,fall,160.0,0.0460799999999999,0.7,25.0,204.799,0.5,1.08e-07,2.16e-07,0,1,1,5.081404364984463,0.0450498445537087,9259259.25925926,4629629.62962963,426666.6666666666,213333.3333333333,213333.3333333333,4629629.62962963,1.4285714285714286,0.04,-0.3333333333333333,0,186.92924
ASAP7,NORX1,NOR3x1_ASAP7_6t_L,C,Y,rise,10.0,0.0007199999999999,0.7,25.0,12.1948,2.0,2.16e-07,1.08e-07,0,1,1,2.3978952727983707,0.0007197409243488,4629629.62962963,9259259.25925926,3333.333333333333,6666.666666666666,3333.333333333333,4629629.62962963,1.4285714285714286,0.04,0.3333333333333333,0,38.92682
ASAP7,NANDX1,NAND2x1p5_ASAP7_6t_L,B,Y,rise,40.0,0.0003599999999999,0.7,25.0,15.0986,0.5,1.08e-07,2.16e-07,0,1,1,3.713572066704308,0.0003599352155478,9259259.25925926,4629629.62962963,3333.333333333333,1666.6666666666663,3333.333333333333,9259259.25925926,1.4285714285714286,0.04,-0.3333333333333333,0,22.541079
ASAP7,NORX1,NOR2x1_ASAP7_6t_L,B,Y,rise,320.0,0.0014399999999999,0.7,25.0,40.7859,2.0,2.16e-07,1.08e-07,0,1,1,5.771441123130016,0.0014389641942542,4629629.62962963,9259259.25925926,6666.666666666666,13333.333333333332,6666.666666666666,4629629.62962963,1.4285714285714286,0.04,0.3333333333333333,0,1.1934187
ASAP7,NORX1,NOR3x1_ASAP7_6t_L,A,Y,rise,80.0,0.0007199999999999,0.7,25.0,17.4099,2.0,2.16e-07,1.08e-07,0,1,1,4.394449154672439,0.0007197409243488,4629629.62962963,9259259.25925926,3333.333333333333,6666.666666666666,3333.333333333333,4629629.62962963,1.4285714285714286,0.04,0.3333333333333333,0,27.803398
ASAP7,NANDX1,NAND3x1_ASAP7_6t_L,B,Y,rise,20.0,0.0460799999999999,0.7,25.0,240.505,0.5,1.08e-07,2.16e-07,0,1,1,3.044522437723423,0.0450498445537087,9259259.25925926,4629629.62962963,426666.6666666666,213333.3333333333,426666.6666666666,9259259.25925926,1.4285714285714286,0.04,-0.3333333333333333,0,229.84097
ASAP7,NORX1,NOR5x1f_ASAP7_6t_L,A,Y,fall,5.0,0.0057599999999999,0.7,25.0,28.208,2.0,2.16e-07,1.08e-07,0,1,1,1.791759469228055,0.0057434746270657,4629629.62962963,9259259.25925926,26666.666666666664,53333.33333333333,53333.33333333333,9259259.25925926,1.4285714285714286,0.04,0.3333333333333333,0,1.057894
ASAP7,NORX1,NOR2x1_ASAP7_6t_L,B,Y,fall,320.0,0.0007199999999999,0.7,25.0,25.9798,2.0,2.16e-07,1.08e-07,0,1,1,5.771441123130016,0.0007197409243488,4629629.62962963,9259259.25925926,3333.333333333333,6666.666666666666,6666.666666666666,9259259.25925926,1.4285714285714286,0.04,0.3333333333333333,0,29.42817
ASAP7,NANDX1,NAND2x1_ASAP7_6t_L,A,Y,fall,320.0,0.0115199999999999,0.7,25.0,75.4767,0.5,1.08e-07,2.16e-07,0,1,1,5.771441123130016,0.0114541500451158,9259259.25925926,4629629.62962963,106666.66666666666,53333.33333333333,53333.33333333333,4629629.62962963,1.4285714285714286,0.04,-0.3333333333333333,0,56.266933
ASAP7,NORX1,NOR3x1f_ASAP7_6t_L,A,Y,fall,20.0,0.0003599999999999,0.7,25.0,7.97524,2.0,2.16e-07,1.08e-07,0,1,1,3.044522437723423,0.0003599352155478,4629629.62962963,9259259.25925926,1666.6666666666663,3333.333333333333,3333.333333333333,9259259.25925926,1.4285714285714286,0.04,0.3333333333333333,0,12.135748
ASAP7,NANDX1,NAND2x1_ASAP7_6t_L,B,Y,fall,20.0,0.0460799999999999,0.7,25.0,167.293,0.5,1.08e-07,2.16e-07,0,1,1,3.044522437723423,0.0450498445537087,9259259.25925926,4629629.62962963,426666.6666666666,213333.3333333333,213333.3333333333,4629629.62962963,1.4285714285714286,0.04,-0.3333333333333333,0,168.82974
ASAP7,NORX1,NOR2x1_ASAP7_6t_L,A,Y,fall,40.0,0.0007199999999999,0.7,25.0,15.7309,2.0,2.16e-07,1.08e-07,0,1,1,3.713572066704308,0.0007197409243488,4629629.62962963,9259259.25925926,3333.333333333333,6666.666666666666,6666.666666666666,9259259.25925926,1.4285714285714286,0.04,0.3333333333333333,0,15.463527
ASAP7,NORX1,NOR5x1f_ASAP7_6t_L,D,Y,rise,80.0,0.0230399999999999,0.7,25.0,547.952,2.0,2.16e-07,1.08e-07,0,1,1,4.394449154672439,0.0227785868893395,4629629.62962963,9259259.25925926,106666.66666666666,213333.3333333333,106666.66666666666,4629629.62962963,1.4285714285714286,0.04,0.3333333333333333,0,1.1461679
ASAP7,NORX1,NOR2x1_ASAP7_6t_L,A,Y,rise,320.0,0.0460799999999999,0.7,25.0,284.119,2.0,2.16e-07,1.08e-07,0,1,1,5.771441123130016,0.0450498445537087,4629629.62962963,9259259.25925926,213333.3333333333,426666.6666666666,213333.3333333333,4629629.62962963,1.4285714285714286,0.04,0.3333333333333333,0,297.7357
ASAP7,NANDX1,NAND3x1_ASAP7_6t_L,A,Y,rise,40.0,0.0028799999999999,0.7,25.0,31.7212,0.5,1.08e-07,2.16e-07,0,1,1,3.713572066704308,0.0028758607454642,9259259.25925926,4629629.62962963,26666.666666666664,13333.333333333332,26666.666666666664,9259259.25925926,1.4285714285714286,0.04,-0.3333333333333333,0,32.826733
ASAP7,NORX1,NOR3x1f_ASAP7_6t_L,C,Y,rise,20.0,0.0028799999999999,0.7,25.0,51.6925,2.0,2.16e-07,1.08e-07,0,1,1,3.044522437723423,0.0028758607454642,4629629.62962963,9259259.25925926,13333.333333333332,26666.666666666664,13333.333333333332,4629629.62962963,1.4285714285714286,0.04,0.3333333333333333,0,34.195206
ASAP7,NANDX1,NAND2x1_ASAP7_6t_L,B,Y,rise,40.0,0.0014399999999999,0.7,25.0,21.7379,0.5,1.08e-07,2.16e-07,0,1,1,3.713572066704308,0.0014389641942542,9259259.25925926,4629629.62962963,13333.333333333332,6666.666666666666,13333.333333333332,9259259.25925926,1.4285714285714286,0.04,-0.3333333333333333,0,30.664711
ASAP7,NANDX1,NAND2x1p5_ASAP7_6t_L,A,Y,rise,320.0,0.0028799999999999,0.7,25.0,90.6104,0.5,1.08e-07,2.16e-07,0,1,1,5.771441123130016,0.0028758607454642,9259259.25925926,4629629.62962963,26666.666666666664,13333.333333333332,26666.666666666664,9259259.25925926,1.4285714285714286,0.04,-0.3333333333333333,0,50.860374
ASAP7,NORX1,NOR5x1f_ASAP7_6t_L,B,Y,rise,80.0,0.0230399999999999,0.7,25.0,549.693,2.0,2.16e-07,1.08e-07,0,1,1,4.394449154672439,0.0227785868893395,4629629.62962963,9259259.25925926,106666.66666666666,213333.3333333333,106666.66666666666,4629629.62962963,1.4285714285714286,0.04,0.3333333333333333,0,297.00415
ASAP7,NORX1,NOR3x1f_ASAP7_6t_L,B,Y,rise,5.0,0.0115199999999999,0.7,25.0,167.06,2.0,2.16e-07,1.08e-07,0,1,1,1.791759469228055,0.0114541500451158,4629629.62962963,9259259.25925926,53333.33333333333,106666.66666666666,53333.33333333333,4629629.62962963,1.4285714285714286,0.04,0.3333333333333333,0,1.0883291
ASAP7,NANDX1,NAND3x1_ASAP7_6t_L,C,Y,rise,160.0,0.0057599999999999,0.7,25.0,85.1055,0.5,1.08e-07,2.16e-07,0,1,1,5.081404364984463,0.0057434746270657,9259259.25925926,4629629.62962963,53333.33333333333,26666.666666666664,53333.33333333333,9259259.25925926,1.4285714285714286,0.04,-0.3333333333333333,0,58.722836
ASAP7,NORX1,NOR5x1f_ASAP7_6t_L,A,Y,fall,40.0,0.0230399999999999,0.7,25.0,108.892,2.0,2.16e-07,1.08e-07,0,1,1,3.713572066704308,0.0227785868893395,4629629.62962963,9259259.25925926,106666.66666666666,213333.3333333333,213333.3333333333,9259259.25925926,1.4285714285714286,0.04,0.3333333333333333,0,118.16541
ASAP7,NORX1,NOR3x1_ASAP7_6t_L,B,Y,fall,5.0,0.0028799999999999,0.7,25.0,19.5507,2.0,2.16e-07,1.08e-07,0,1,1,1.791759469228055,0.0028758607454642,4629629.62962963,9259259.25925926,13333.333333333332,26666.666666666664,26666.666666666664,9259259.25925926,1.4285714285714286,0.04,0.3333333333333333,0,1.0549546
ASAP7,NORX1,NOR2x1_ASAP7_6t_L,A,Y,fall,80.0,0.0028799999999999,0.7,25.0,34.947,2.0,2.16e-07,1.08e-07,0,1,1,4.394449154672439,0.0028758607454642,4629629.62962963,9259259.25925926,13333.333333333332,26666.666666666664,26666.666666666664,9259259.25925926,1.4285714285714286,0.04,0.3333333333333333,0,27.520985
ASAP7,NANDX1,NAND3x1_ASAP7_6t_L,A,Y,rise,10.0,0.0230399999999999,0.7,25.0,121.927,0.5,1.08e-07,2.16e-07,0,1,1,2.3978952727983707,0.0227785868893395,9259259.25925926,4629629.62962963,213333.3333333333,106666.66666666666,213333.3333333333,9259259.25925926,1.4285714285714286,0.04,-0.3333333333333333,0,133.80751
ASAP7,NORX1,NOR5x1f_ASAP7_6t_L,D,Y,rise,320.0,0.0057599999999999,0.7,25.0,191.108,2.0,2.16e-07,1.08e-07,0,1,1,5.771441123130016,0.0057434746270657,4629629.62962963,9259259.25925926,26666.666666666664,53333.33333333333,26666.666666666664,4629629.62962963,1.4285714285714286,0.04,0.3333333333333333,0,86.13372
ASAP7,INVX1,INVx13_ASAP7_6t_L,A,Y,rise,20.0,0.1843199999999999,0.7,25.0,81.4601,1.0,5.4e-08,5.4e-08,1,1,1,3.044522437723423,0.169168770215654,18518518.51851852,18518518.51851852,3413333.333333333,3413333.333333333,3413333.333333333,18518518.51851852,1.4285714285714286,0.04,0.0,0,95.086815
ASAP7,NORX1,NOR3x1_ASAP7_6t_L,C,Y,rise,80.0,0.0460799999999999,0.7,25.0,231.081,2.0,2.16e-07,1.08e-07,0,1,1,4.394449154672439,0.0450498445537087,4629629.62962963,9259259.25925926,213333.3333333333,426666.6666666666,213333.3333333333,4629629.62962963,1.4285714285714286,0.04,0.3333333333333333,0,338.26855
ASAP7,NANDX1,NAND2x1p5_ASAP7_6t_L,B,Y,fall,10.0,0.0014399999999999,0.7,25.0,8.40397,0.5,1.08e-07,2.16e-07,0,1,1,2.3978952727983707,0.0014389641942542,9259259.25925926,4629629.62962963,13333.333333333332,6666.666666666666,6666.666666666666,4629629.62962963,1.4285714285714286,0.04,-0.3333333333333333,0,5.9223094
ASAP7,NORX1,NOR5x1f_ASAP7_6t_L,D,Y,rise,10.0,0.0230399999999999,0.7,25.0,541.064,2.0,2.16e-07,1.08e-07,0,1,1,2.3978952727983707,0.0227785868893395,4629629.62962963,9259259.25925926,106666.66666666666,213333.3333333333,106666.66666666666,4629629.62962963,1.4285714285714286,0.04,0.3333333333333333,0,304.85312
ASAP7,NORX1,NOR5x1f_ASAP7_6t_L,B,Y,rise,40.0,0.0003599999999999,0.7,25.0,31.4081,2.0,2.16e-07,1.08e-07,0,1,1,3.713572066704308,0.0003599352155478,4629629.62962963,9259259.25925926,1666.6666666666663,3333.333333333333,1666.6666666666663,4629629.62962963,1.4285714285714286,0.04,0.3333333333333333,0,17.322605
ASAP7,NORX1,NOR2x1_ASAP7_6t_L,A,Y,rise,10.0,0.0057599999999999,0.7,25.0,33.8971,2.0,2.16e-07,1.08e-07,0,1,1,2.3978952727983707,0.0057434746270657,4629629.62962963,9259259.25925926,26666.666666666664,53333.33333333333,26666.666666666664,4629629.62962963,1.4285714285714286,0.04,0.3333333333333333,0,66.264946
ASAP7,NORX1,NOR3x1f_ASAP7_6t_L,A,Y,fall,20.0,0.0028799999999999,0.7,25.0,20.1108,2.0,2.16e-07,1.08e-07,0,1,1,3.044522437723423,0.0028758607454642,4629629.62962963,9259259.25925926,13333.333333333332,26666.666666666664,26666.666666666664,9259259.25925926,1.4285714285714286,0.04,0.3333333333333333,0,17.51046
ASAP7,NORX1,NOR3x1f_ASAP7_6t_L,C,Y,fall,5.0,0.0057599999999999,0.7,25.0,28.2571,2.0,2.16e-07,1.08e-07,0,1,1,1.791759469228055,0.0057434746270657,4629629.62962963,9259259.25925926,26666.666666666664,53333.33333333333,53333.33333333333,9259259.25925926,1.4285714285714286,0.04,0.3333333333333333,0,1.057894
ASAP7,NANDX1,NAND3x1_ASAP7_6t_L,A,Y,fall,5.0,0.0057599999999999,0.7,25.0,23.4739,0.5,1.08e-07,2.16e-07,0,1,1,1.791759469228055,0.0057434746270657,9259259.25925926,4629629.62962963,53333.33333333333,26666.666666666664,26666.666666666664,4629629.62962963,1.4285714285714286,0.04,-0.3333333333333333,0,13.022932
ASAP7,INVX1,INVx13_ASAP7_6t_L,A,Y,rise,40.0,0.0115199999999999,0.7,25.0,15.8561,1.0,5.4e-08,5.4e-08,1,1,1,3.713572066704308,0.0114541500451158,18518518.51851852,18518518.51851852,213333.3333333333,213333.3333333333,213333.3333333333,18518518.51851852,1.4285714285714286,0.04,0.0,0,32.75464
ASAP7,NANDX1,NAND2x1p5_ASAP7_6t_L,A,Y,fall,20.0,0.0115199999999999,0.7,25.0,33.5919,0.5,1.08e-07,2.16e-07,0,1,1,3.044522437723423,0.0114541500451158,9259259.25925926,4629629.62962963,106666.66666666666,53333.33333333333,53333.33333333333,4629629.62962963,1.4285714285714286,0.04,-0.3333333333333333,0,27.943617
ASAP7,NORX1,NOR5x1f_ASAP7_6t_L,C,Y,fall,160.0,0.0028799999999999,0.7,25.0,40.2031,2.0,2.16e-07,1.08e-07,0,1,1,5.081404364984463,0.0028758607454642,4629629.62962963,9259259.25925926,13333.333333333332,26666.666666666664,26666.666666666664,9259259.25925926,1.4285714285714286,0.04,0.3333333333333333,0,32.716522
ASAP7,NORX1,NOR5x1f_ASAP7_6t_L,C,Y,fall,5.0,0.0014399999999999,0.7,25.0,11.1468,2.0,2.16e-07,1.08e-07,0,1,1,1.791759469228055,0.0014389641942542,4629629.62962963,9259259.25925926,6666.666666666666,13333.333333333332,13333.333333333332,9259259.25925926,1.4285714285714286,0.04,0.3333333333333333,0,10.476035
ASAP7,NORX1,NOR5x1f_ASAP7_6t_L,E,Y,rise,320.0,0.0057599999999999,0.7,25.0,180.875,2.0,2.16e-07,1.08e-07,0,1,1,5.771441123130016,0.0057434746270657,4629629.62962963,9259259.25925926,26666.666666666664,53333.33333333333,26666.666666666664,4629629.62962963,1.4285714285714286,0.04,0.3333333333333333,0,86.13372
ASAP7,NANDX1,NAND2x1p5_ASAP7_6t_L,A,Y,rise,320.0,0.0115199999999999,0.7,25.0,156.216,0.5,1.08e-07,2.16e-07,0,1,1,5.771441123130016,0.0114541500451158,9259259.25925926,4629629.62962963,106666.66666666666,53333.33333333333,106666.66666666666,9259259.25925926,1.4285714285714286,0.04,-0.3333333333333333,0,95.39114
ASAP7,INVX2,INVx2_ASAP7_6t_L,A,Y,fall,40.0,0.0460799999999999,0.7,25.0,107.522,1.0,1.08e-07,1.08e-07,1,1,1,3.713572066704308,0.0450498445537087,9259259.25925926,9259259.25925926,426666.6666666666,426666.6666666666,426666.6666666666,9259259.25925926,1.4285714285714286,0.04,0.0,0,63.602837
ASAP7,INVX1,INVx1_ASAP7_6t_L,A,Y,fall,40.0,0.0028799999999999,0.7,25.0,24.2649,1.0,5.4e-08,5.4e-08,1,1,1,3.713572066704308,0.0028758607454642,18518518.51851852,18518518.51851852,53333.33333333333,53333.33333333333,53333.33333333333,18518518.51851852,1.4285714285714286,0.04,0.0,0,12.321237
ASAP7,NANDX1,NAND2x1p5_ASAP7_6t_L,A,Y,fall,20.0,0.0057599999999999,0.7,25.0,20.0905,0.5,1.08e-07,2.16e-07,0,1,1,3.044522437723423,0.0057434746270657,9259259.25925926,4629629.62962963,53333.33333333333,26666.666666666664,26666.666666666664,4629629.62962963,1.4285714285714286,0.04,-0.3333333333333333,0,25.814348
ASAP7,NORX1,NOR5x1f_ASAP7_6t_L,D,Y,rise,10.0,0.0007199999999999,0.7,25.0,38.0833,2.0,2.16e-07,1.08e-07,0,1,1,2.3978952727983707,0.0007197409243488,4629629.62962963,9259259.25925926,3333.333333333333,6666.666666666666,3333.333333333333,4629629.62962963,1.4285714285714286,0.04,0.3333333333333333,0,38.69021
ASAP7,NANDX1,NAND3x1_ASAP7_6t_L,B,Y,fall,10.0,0.0057599999999999,0.7,25.0,25.5787,0.5,1.08e-07,2.16e-07,0,1,1,2.3978952727983707,0.0057434746270657,9259259.25925926,4629629.62962963,53333.33333333333,26666.666666666664,26666.666666666664,4629629.62962963,1.4285714285714286,0.04,-0.3333333333333333,0,17.409527
ASAP7,NANDX1,NAND3x1_ASAP7_6t_L,A,Y,rise,320.0,0.0028799999999999,0.7,25.0,80.8619,0.5,1.08e-07,2.16e-07,0,1,1,5.771441123130016,0.0028758607454642,9259259.25925926,4629629.62962963,26666.666666666664,13333.333333333332,26666.666666666664,9259259.25925926,1.4285714285714286,0.04,-0.3333333333333333,0,50.860374
ASAP7,NANDX1,NAND3x1_ASAP7_6t_L,A,Y,fall,160.0,0.0115199999999999,0.7,25.0,74.6338,0.5,1.08e-07,2.16e-07,0,1,1,5.081404364984463,0.0114541500451158,9259259.25925926,4629629.62962963,106666.66666666666,53333.33333333333,53333.33333333333,4629629.62962963,1.4285714285714286,0.04,-0.3333333333333333,0,104.76487
ASAP7,INVX1,INVx11_ASAP7_6t_L,A,Y,rise,320.0,0.0921599999999999,0.7,25.0,120.271,1.0,5.4e-08,5.4e-08,1,1,1,5.771441123130016,0.0881573867362051,18518518.51851852,18518518.51851852,1706666.6666666665,1706666.6666666665,1706666.6666666665,18518518.51851852,1.4285714285714286,0.04,0.0,0,58.57484
ASAP7,NORX1,NOR3x1_ASAP7_6t_L,B,Y,rise,10.0,0.0014399999999999,0.7,25.0,15.1165,2.0,2.16e-07,1.08e-07,0,1,1,2.3978952727983707,0.0014389641942542,4629629.62962963,9259259.25925926,6666.666666666666,13333.333333333332,6666.666666666666,4629629.62962963,1.4285714285714286,0.04,0.3333333333333333,0,41.754646
ASAP7,NANDX1,NAND3x1_ASAP7_6t_L,B,Y,rise,10.0,0.0007199999999999,0.7,25.0,13.5581,0.5,1.08e-07,2.16e-07,0,1,1,2.3978952727983707,0.0007197409243488,9259259.25925926,4629629.62962963,6666.666666666666,3333.333333333333,6666.666666666666,9259259.25925926,1.4285714285714286,0.04,-0.3333333333333333,0,16.412123
ASAP7,NANDX1,NAND3x1_ASAP7_6t_L,C,Y,rise,20.0,0.0057599999999999,0.7,25.0,43.7695,0.5,1.08e-07,2.16e-07,0,1,1,3.044522437723423,0.0057434746270657,9259259.25925926,4629629.62962963,53333.33333333333,26666.666666666664,53333.33333333333,9259259.25925926,1.4285714285714286,0.04,-0.3333333333333333,0,57.662754
ASAP7,NANDX1,NAND3x1_ASAP7_6t_L,B,Y,rise,5.0,0.0007199999999999,0.7,25.0,12.1792,0.5,1.08e-07,2.16e-07,0,1,1,1.791759469228055,0.0007197409243488,9259259.25925926,4629629.62962963,6666.666666666666,3333.333333333333,6666.666666666666,9259259.25925926,1.4285714285714286,0.04,-0.3333333333333333,0,13.085497
ASAP7,NANDX1,NAND2x1p5_ASAP7_6t_L,B,Y,fall,320.0,0.0014399999999999,0.7,25.0,5.51577,0.5,1.08e-07,2.16e-07,0,1,1,5.771441123130016,0.0014389641942542,9259259.25925926,4629629.62962963,13333.333333333332,6666.666666666666,6666.666666666666,4629629.62962963,1.4285714285714286,0.04,-0.3333333333333333,0,21.398026
ASAP7,NORX1,NOR2x1_ASAP7_6t_L,B,Y,fall,5.0,0.0014399999999999,0.7,25.0,10.6528,2.0,2.16e-07,1.08e-07,0,1,1,1.791759469228055,0.0014389641942542,4629629.62962963,9259259.25925926,6666.666666666666,13333.333333333332,13333.333333333332,9259259.25925926,1.4285714285714286,0.04,0.3333333333333333,0,1.0535611
ASAP7,NORX1,NOR2x1_ASAP7_6t_L,A,Y,fall,5.0,0.0460799999999999,0.7,25.0,195.075,2.0,2.16e-07,1.08e-07,0,1,1,1.791759469228055,0.0450498445537087,4629629.62962963,9259259.25925926,213333.3333333333,426666.6666666666,426666.6666666666,9259259.25925926,1.4285714285714286,0.04,0.3333333333333333,0,178.52826
ASAP7,INVX1,INVx11_ASAP7_6t_L,A,Y,rise,5.0,0.0921599999999999,0.7,25.0,46.2848,1.0,5.4e-08,5.4e-08,1,1,1,1.791759469228055,0.0881573867362051,18518518.51851852,18518518.51851852,1706666.6666666665,1706666.6666666665,1706666.6666666665,18518518.51851852,1.4285714285714286,0.04,0.0,0,52.07106
ASAP7,NORX1,NOR5x1f_ASAP7_6t_L,D,Y,fall,40.0,0.0014399999999999,0.7,25.0,19.6655,2.0,2.16e-07,1.08e-07,0,1,1,3.713572066704308,0.0014389641942542,4629629.62962963,9259259.25925926,6666.666666666666,13333.333333333332,13333.333333333332,9259259.25925926,1.4285714285714286,0.04,0.3333333333333333,0,17.493435
ASAP7,NANDX1,NAND3x1_ASAP7_6t_L,C,Y,rise,80.0,0.0014399999999999,0.7,25.0,38.3393,0.5,1.08e-07,2.16e-07,0,1,1,4.394449154672439,0.0014389641942542,9259259.25925926,4629629.62962963,13333.333333333332,6666.666666666666,13333.333333333332,9259259.25925926,1.4285714285714286,0.04,-0.3333333333333333,0,30.927418
ASAP7,NORX1,NOR3x1f_ASAP7_6t_L,A,Y,rise,80.0,0.0230399999999999,0.7,25.0,341.64,2.0,2.16e-07,1.08e-07,0,1,1,4.394449154672439,0.0227785868893395,4629629.62962963,9259259.25925926,106666.66666666666,213333.3333333333,106666.66666666666,4629629.62962963,1.4285714285714286,0.04,0.3333333333333333,0,297.00415
ASAP7,NORX1,NOR5x1f_ASAP7_6t_L,D,Y,rise,80.0,0.0057599999999999,0.7,25.0,159.032,2.0,2.16e-07,1.08e-07,0,1,1,4.394449154672439,0.0057434746270657,4629629.62962963,9259259.25925926,26666.666666666664,53333.33333333333,26666.666666666664,4629629.62962963,1.4285714285714286,0.04,0.3333333333333333,0,73.44924
ASAP7,INVX1,INVx1_ASAP7_6t_L,A,Y,fall,20.0,0.0115199999999999,0.7,25.0,54.6708,1.0,5.4e-08,5.4e-08,1,1,1,3.044522437723423,0.0114541500451158,18518518.51851852,18518518.51851852,213333.3333333333,213333.3333333333,213333.3333333333,18518518.51851852,1.4285714285714286,0.04,0.0,0,139.32065
ASAP7,NORX1,NOR5x1f_ASAP7_6t_L,C,Y,rise,80.0,0.0003599999999999,0.7,25.0,37.0903,2.0,2.16e-07,1.08e-07,0,1,1,4.394449154672439,0.0003599352155478,4629629.62962963,9259259.25925926,1666.6666666666663,3333.333333333333,1666.6666666666663,4629629.62962963,1.4285714285714286,0.04,0.3333333333333333,0,17.53604
ASAP7,NANDX1,NAND2x1p5_ASAP7_6t_L,A,Y,rise,40.0,0.0028799999999999,0.7,25.0,33.7415,0.5,1.08e-07,2.16e-07,0,1,1,3.713572066704308,0.0028758607454642,9259259.25925926,4629629.62962963,26666.666666666664,13333.333333333332,26666.666666666664,9259259.25925926,1.4285714285714286,0.04,-0.3333333333333333,0,32.826733
ASAP7,NANDX1,NAND2x1_ASAP7_6t_L,A,Y,fall,5.0,0.0028799999999999,0.7,25.0,14.7103,0.5,1.08e-07,2.16e-07,0,1,1,1.791759469228055,0.0028758607454642,9259259.25925926,4629629.62962963,26666.666666666664,13333.333333333332,13333.333333333332,4629629.62962963,1.4285714285714286,0.04,-0.3333333333333333,0,9.182926
ASAP7,NANDX1,NAND3x1_ASAP7_6t_L,C,Y,rise,80.0,0.0007199999999999,0.7,25.0,33.061,0.5,1.08e-07,2.16e-07,0,1,1,4.394449154672439,0.0007197409243488,9259259.25925926,4629629.62962963,6666.666666666666,3333.333333333333,6666.666666666666,9259259.25925926,1.4285714285714286,0.04,-0.3333333333333333,0,27.482393
ASAP7,NORX1,NOR2x1_ASAP7_6t_L,A,Y,rise,5.0,0.0460799999999999,0.7,25.0,219.79,2.0,2.16e-07,1.08e-07,0,1,1,1.791759469228055,0.0450498445537087,4629629.62962963,9259259.25925926,213333.3333333333,426666.6666666666,213333.3333333333,4629629.62962963,1.4285714285714286,0.04,0.3333333333333333,0,328.72556
ASAP7,NORX1,NOR5x1f_ASAP7_6t_L,E,Y,fall,40.0,0.0003599999999999,0.7,25.0,12.6274,2.0,2.16e-07,1.08e-07,0,1,1,3.713572066704308,0.0003599352155478,4629629.62962963,9259259.25925926,1666.6666666666663,3333.333333333333,3333.333333333333,9259259.25925926,1.4285714285714286,0.04,0.3333333333333333,0,15.032116
ASAP7,NANDX1,NAND3x1_ASAP7_6t_L,A,Y,fall,10.0,0.0057599999999999,0.7,25.0,24.6429,0.5,1.08e-07,2.16e-07,0,1,1,2.3978952727983707,0.0057434746270657,9259259.25925926,4629629.62962963,53333.33333333333,26666.666666666664,26666.666666666664,4629629.62962963,1.4285714285714286,0.04,-0.3333333333333333,0,10.424713
ASAP7,NANDX1,NAND2x1p5_ASAP7_6t_L,A,Y,fall,320.0,0.0230399999999999,0.7,25.0,92.4645,0.5,1.08e-07,2.16e-07,0,1,1,5.771441123130016,0.0227785868893395,9259259.25925926,4629629.62962963,213333.3333333333,106666.66666666666,106666.66666666666,4629629.62962963,1.4285714285714286,0.04,-0.3333333333333333,0,114.43245
ASAP7,NORX1,NOR3x1f_ASAP7_6t_L,B,Y,fall,10.0,0.0003599999999999,0.7,25.0,6.96536,2.0,2.16e-07,1.08e-07,0,1,1,2.3978952727983707,0.0003599352155478,4629629.62962963,9259259.25925926,1666.6666666666663,3333.333333333333,3333.333333333333,9259259.25925926,1.4285714285714286,0.04,0.3333333333333333,0,9.7154045
ASAP7,INVX2,INVx2_ASAP7_6t_L,A,Y,rise,10.0,0.0115199999999999,0.7,25.0,33.2266,1.0,1.08e-07,1.08e-07,1,1,1,2.3978952727983707,0.0114541500451158,9259259.25925926,9259259.25925926,106666.66666666666,106666.66666666666,106666.66666666666,9259259.25925926,1.4285714285714286,0.04,0.0,0,41.59601
ASAP7,NORX1,NOR3x1_ASAP7_6t_L,B,Y,rise,5.0,0.0007199999999999,0.7,25.0,10.6459,2.0,2.16e-07,1.08e-07,0,1,1,1.791759469228055,0.0007197409243488,4629629.62962963,9259259.25925926,3333.333333333333,6666.666666666666,3333.333333333333,4629629.62962963,1.4285714285714286,0.04,0.3333333333333333,0,23.911234
ASAP7,NORX1,NOR5x1f_ASAP7_6t_L,C,Y,rise,20.0,0.0057599999999999,0.7,25.0,152.313,2.0,2.16e-07,1.08e-07,0,1,1,3.044522437723423,0.0057434746270657,4629629.62962963,9259259.25925926,26666.666666666664,53333.33333333333,26666.666666666664,4629629.62962963,1.4285714285714286,0.04,0.3333333333333333,0,72.65574
ASAP7,INVX2,INVx2_ASAP7_6t_L,A,Y,rise,20.0,0.0460799999999999,0.7,25.0,121.254,1.0,1.08e-07,1.08e-07,1,1,1,3.044522437723423,0.0450498445537087,9259259.25925926,9259259.25925926,426666.6666666666,426666.6666666666,426666.6666666666,9259259.25925926,1.4285714285714286,0.04,0.0,0,140.68172
ASAP7,INVX1,INVx13_ASAP7_6t_L,A,Y,fall,5.0,0.0460799999999999,0.7,25.0,18.8264,1.0,5.4e-08,5.4e-08,1,1,1,1.791759469228055,0.0450498445537087,18518518.51851852,18518518.51851852,853333.3333333333,853333.3333333333,853333.3333333333,18518518.51851852,1.4285714285714286,0.04,0.0,0,201.76796
ASAP7,NORX1,NOR2x1_ASAP7_6t_L,A,Y,fall,80.0,0.0007199999999999,0.7,25.0,20.0917,2.0,2.16e-07,1.08e-07,0,1,1,4.394449154672439,0.0007197409243488,4629629.62962963,9259259.25925926,3333.333333333333,6666.666666666666,6666.666666666666,9259259.25925926,1.4285714285714286,0.04,0.3333333333333333,0,19.546381
ASAP7,NORX1,NOR2x1_ASAP7_6t_L,B,Y,rise,320.0,0.0028799999999999,0.7,25.0,57.7272,2.0,2.16e-07,1.08e-07,0,1,1,5.771441123130016,0.0028758607454642,4629629.62962963,9259259.25925926,13333.333333333332,26666.666666666664,13333.333333333332,4629629.62962963,1.4285714285714286,0.04,0.3333333333333333,0,1.1950207
ASAP7,NANDX1,NAND2x1_ASAP7_6t_L,B,Y,fall,160.0,0.0007199999999999,0.7,25.0,11.4327,0.5,1.08e-07,2.16e-07,0,1,1,5.081404364984463,0.0007197409243488,9259259.25925926,4629629.62962963,6666.666666666666,3333.333333333333,3333.333333333333,4629629.62962963,1.4285714285714286,0.04,-0.3333333333333333,0,15.587871
ASAP7,NORX1,NOR3x1f_ASAP7_6t_L,B,Y,fall,10.0,0.0230399999999999,0.7,25.0,100.182,2.0,2.16e-07,1.08e-07,0,1,1,2.3978952727983707,0.0227785868893395,4629629.62962963,9259259.25925926,106666.66666666666,213333.3333333333,213333.3333333333,9259259.25925926,1.4285714285714286,0.04,0.3333333333333333,0,122.88082
ASAP7,NORX1,NOR3x1f_ASAP7_6t_L,B,Y,rise,80.0,0.0007199999999999,0.7,25.0,31.7516,2.0,2.16e-07,1.08e-07,0,1,1,4.394449154672439,0.0007197409243488,4629629.62962963,9259259.25925926,3333.333333333333,6666.666666666666,3333.333333333333,4629629.62962963,1.4285714285714286,0.04,0.3333333333333333,0,27.168972
ASAP7,INVX1,INVx11_ASAP7_6t_L,A,Y,fall,5.0,0.0115199999999999,0.7,25.0,7.74221,1.0,5.4e-08,5.4e-08,1,1,1,1.791759469228055,0.0114541500451158,18518518.51851852,18518518.51851852,213333.3333333333,213333.3333333333,213333.3333333333,18518518.51851852,1.4285714285714286,0.04,0.0,0,84.801186
ASAP7,NANDX1,NAND3x1_ASAP7_6t_L,A,Y,fall,40.0,0.0230399999999999,0.7,25.0,88.9982,0.5,1.08e-07,2.16e-07,0,1,1,3.713572066704308,0.0227785868893395,9259259.25925926,4629629.62962963,213333.3333333333,106666.66666666666,106666.66666666666,4629629.62962963,1.4285714285714286,0.04,-0.3333333333333333,0,71.947655
ASAP7,NORX1,NOR5x1f_ASAP7_6t_L,B,Y,rise,80.0,0.0007199999999999,0.7,25.0,47.492,2.0,2.16e-07,1.08e-07,0,1,1,4.394449154672439,0.0007197409243488,4629629.62962963,9259259.25925926,3333.333333333333,6666.666666666666,3333.333333333333,4629629.62962963,1.4285714285714286,0.04,0.3333333333333333,0,23.363916
ASAP7,NANDX1,NAND2x1p5_ASAP7_6t_L,B,Y,rise,320.0,0.0014399999999999,0.7,25.0,67.1498,0.5,1.08e-07,2.16e-07,0,1,1,5.771441123130016,0.0014389641942542,9259259.25925926,4629629.62962963,13333.333333333332,6666.666666666666,13333.333333333332,9259259.25925926,1.4285714285714286,0.04,-0.3333333333333333,0,43.30552
ASAP7,NORX1,NOR3x1f_ASAP7_6t_L,C,Y,fall,20.0,0.0028799999999999,0.7,25.0,20.7692,2.0,2.16e-07,1.08e-07,0,1,1,3.044522437723423,0.0028758607454642,4629629.62962963,9259259.25925926,13333.333333333332,26666.666666666664,26666.666666666664,9259259.25925926,1.4285714285714286,0.04,0.3333333333333333,0,17.51046
ASAP7,NANDX1,NAND3x1_ASAP7_6t_L,A,Y,fall,5.0,0.0460799999999999,0.7,25.0,156.447,0.5,1.08e-07,2.16e-07,0,1,1,1.791759469228055,0.0450498445537087,9259259.25925926,4629629.62962963,426666.6666666666,213333.3333333333,213333.3333333333,4629629.62962963,1.4285714285714286,0.04,-0.3333333333333333,0,148.43684
ASAP7,NORX1,NOR3x1_ASAP7_6t_L,B,Y,rise,10.0,0.0230399999999999,0.7,25.0,115.028,2.0,2.16e-07,1.08e-07,0,1,1,2.3978952727983707,0.0227785868893395,4629629.62962963,9259259.25925926,106666.66666666666,213333.3333333333,106666.66666666666,4629629.62962963,1.4285714285714286,0.04,0.3333333333333333,0,1.1085159
ASAP7,NORX1,NOR2x1_ASAP7_6t_L,A,Y,rise,320.0,0.0028799999999999,0.7,25.0,46.3573,2.0,2.16e-07,1.08e-07,0,1,1,5.771441123130016,0.0028758607454642,4629629.62962963,9259259.25925926,13333.333333333332,26666.666666666664,13333.333333333332,4629629.62962963,1.4285714285714286,0.04,0.3333333333333333,0,72.96555
ASAP7,NORX1,NOR2x1_ASAP7_6t_L,A,Y,fall,320.0,0.0115199999999999,0.7,25.0,122.429,2.0,2.16e-07,1.08e-07,0,1,1,5.771441123130016,0.0114541500451158,4629629.62962963,9259259.25925926,53333.33333333333,106666.66666666666,106666.66666666666,9259259.25925926,1.4285714285714286,0.04,0.3333333333333333,0,67.389084
ASAP7,NANDX1,NAND2x1_ASAP7_6t_L,A,Y,fall,80.0,0.0014399999999999,0.7,25.0,14.6745,0.5,1.08e-07,2.16e-07,0,1,1,4.394449154672439,0.0014389641942542,9259259.25925926,4629629.62962963,13333.333333333332,6666.666666666666,6666.666666666666,4629629.62962963,1.4285714285714286,0.04,-0.3333333333333333,0,11.376739
ASAP7,NORX1,NOR5x1f_ASAP7_6t_L,A,Y,fall,5.0,0.0014399999999999,0.7,25.0,10.5011,2.0,2.16e-07,1.08e-07,0,1,1,1.791759469228055,0.0014389641942542,4629629.62962963,9259259.25925926,6666.666666666666,13333.333333333332,13333.333333333332,9259259.25925926,1.4285714285714286,0.04,0.3333333333333333,0,10.476035
ASAP7,NANDX1,NAND3x1_ASAP7_6t_L,B,Y,fall,320.0,0.0115199999999999,0.7,25.0,75.0178,0.5,1.08e-07,2.16e-07,0,1,1,5.771441123130016,0.0114541500451158,9259259.25925926,4629629.62962963,106666.66666666666,53333.33333333333,53333.33333333333,4629629.62962963,1.4285714285714286,0.04,-0.3333333333333333,0,56.266933
ASAP7,NANDX1,NAND2x1_ASAP7_6t_L,A,Y,rise,10.0,0.0007199999999999,0.7,25.0,11.7817,0.5,1.08e-07,2.16e-07,0,1,1,2.3978952727983707,0.0007197409243488,9259259.25925926,4629629.62962963,6666.666666666666,3333.333333333333,6666.666666666666,9259259.25925926,1.4285714285714286,0.04,-0.3333333333333333,0,15.389357
ASAP7,INVX1,INVx11_ASAP7_6t_L,A,Y,rise,20.0,0.1843199999999999,0.7,25.0,93.2477,1.0,5.4e-08,5.4e-08,1,1,1,3.044522437723423,0.169168770215654,18518518.51851852,18518518.51851852,3413333.333333333,3413333.333333333,3413333.333333333,18518518.51851852,1.4285714285714286,0.04,0.0,0,95.086815
ASAP7,NANDX1,NAND2x1p5_ASAP7_6t_L,B,Y,rise,5.0,0.0014399999999999,0.7,25.0,13.3593,0.5,1.08e-07,2.16e-07,0,1,1,1.791759469228055,0.0014389641942542,9259259.25925926,4629629.62962963,13333.333333333332,6666.666666666666,13333.333333333332,9259259.25925926,1.4285714285714286,0.04,-0.3333333333333333,0,14.656947
ASAP7,INVX1,INVx11_ASAP7_6t_L,A,Y,rise,160.0,0.0057599999999999,0.7,25.0,22.9817,1.0,5.4e-08,5.4e-08,1,1,1,5.081404364984463,0.0057434746270657,18518518.51851852,18518518.51851852,106666.66666666666,106666.66666666666,106666.66666666666,18518518.51851852,1.4285714285714286,0.04,0.0,0,30.341398
ASAP7,NORX1,NOR5x1f_ASAP7_6t_L,D,Y,fall,20.0,0.0057599999999999,0.7,25.0,33.6055,2.0,2.16e-07,1.08e-07,0,1,1,3.044522437723423,0.0057434746270657,4629629.62962963,9259259.25925926,26666.666666666664,53333.33333333333,53333.33333333333,9259259.25925926,1.4285714285714286,0.04,0.3333333333333333,0,28.12747
ASAP7,NANDX1,NAND2x1_ASAP7_6t_L,B,Y,rise,80.0,0.0460799999999999,0.7,25.0,254.463,0.5,1.08e-07,2.16e-07,0,1,1,4.394449154672439,0.0450498445537087,9259259.25925926,4629629.62962963,426666.6666666666,213333.3333333333,426666.6666666666,9259259.25925926,1.4285714285714286,0.04,-0.3333333333333333,0,234.19974
ASAP7,NANDX1,NAND3x1_ASAP7_6t_L,B,Y,rise,320.0,0.0028799999999999,0.7,25.0,87.8672,0.5,1.08e-07,2.16e-07,0,1,1,5.771441123130016,0.0028758607454642,9259259.25925926,4629629.62962963,26666.666666666664,13333.333333333332,26666.666666666664,9259259.25925926,1.4285714285714286,0.04,-0.3333333333333333,0,61.883064
ASAP7,NORX1,NOR3x1f_ASAP7_6t_L,C,Y,fall,160.0,0.0003599999999999,0.7,25.0,13.7638,2.0,2.16e-07,1.08e-07,0,1,1,5.081404364984463,0.0003599352155478,4629629.62962963,9259259.25925926,1666.6666666666663,3333.333333333333,3333.333333333333,9259259.25925926,1.4285714285714286,0.04,0.3333333333333333,0,24.794863
ASAP7,NORX1,NOR5x1f_ASAP7_6t_L,A,Y,rise,160.0,0.0003599999999999,0.7,25.0,54.6752,2.0,2.16e-07,1.08e-07,0,1,1,5.081404364984463,0.0003599352155478,4629629.62962963,9259259.25925926,1666.6666666666663,3333.333333333333,1666.6666666666663,4629629.62962963,1.4285714285714286,0.04,0.3333333333333333,0,18.32459
ASAP7,NANDX1,NAND2x1_ASAP7_6t_L,B,Y,rise,320.0,0.0230399999999999,0.7,25.0,218.459,0.5,1.08e-07,2.16e-07,0,1,1,5.771441123130016,0.0227785868893395,9259259.25925926,4629629.62962963,213333.3333333333,106666.66666666666,213333.3333333333,9259259.25925926,1.4285714285714286,0.04,-0.3333333333333333,0,262.7002
ASAP7,NORX1,NOR3x1f_ASAP7_6t_L,B,Y,rise,320.0,0.0057599999999999,0.7,25.0,150.789,2.0,2.16e-07,1.08e-07,0,1,1,5.771441123130016,0.0057434746270657,4629629.62962963,9259259.25925926,26666.666666666664,53333.33333333333,26666.666666666664,4629629.62962963,1.4285714285714286,0.04,0.3333333333333333,0,86.13372
ASAP7,NORX1,NOR5x1f_ASAP7_6t_L,E,Y,rise,320.0,0.0028799999999999,0.7,25.0,116.847,2.0,2.16e-07,1.08e-07,0,1,1,5.771441123130016,0.0028758607454642,4629629.62962963,9259259.25925926,13333.333333333332,26666.666666666664,13333.333333333332,4629629.62962963,1.4285714285714286,0.04,0.3333333333333333,0,72.96555
ASAP7,INVX1,INVx1_ASAP7_6t_L,A,Y,fall,5.0,0.0007199999999999,0.7,25.0,6.11541,1.0,5.4e-08,5.4e-08,1,1,1,1.791759469228055,0.0007197409243488,18518518.51851852,18518518.51851852,13333.333333333332,13333.333333333332,13333.333333333332,18518518.51851852,1.4285714285714286,0.04,0.0,0,8.268678
ASAP7,NANDX1,NAND3x1_ASAP7_6t_L,A,Y,rise,5.0,0.0460799999999999,0.7,25.0,233.708,0.5,1.08e-07,2.16e-07,0,1,1,1.791759469228055,0.0450498445537087,9259259.25925926,4629629.62962963,426666.6666666666,213333.3333333333,426666.6666666666,9259259.25925926,1.4285714285714286,0.04,-0.3333333333333333,0,213.26918
ASAP7,NORX1,NOR3x1_ASAP7_6t_L,B,Y,rise,320.0,0.0028799999999999,0.7,25.0,46.0808,2.0,2.16e-07,1.08e-07,0,1,1,5.771441123130016,0.0028758607454642,4629629.62962963,9259259.25925926,13333.333333333332,26666.666666666664,13333.333333333332,4629629.62962963,1.4285714285714286,0.04,0.3333333333333333,0,72.965546
ASAP7,INVX1,INVx13_ASAP7_6t_L,A,Y,fall,10.0,0.0115199999999999,0.7,25.0,8.63895,1.0,5.4e-08,5.4e-08,1,1,1,2.3978952727983707,0.0114541500451158,18518518.51851852,18518518.51851852,213333.3333333333,213333.3333333333,213333.3333333333,18518518.51851852,1.4285714285714286,0.04,0.0,0,136.25223
ASAP7,NORX1,NOR3x1f_ASAP7_6t_L,B,Y,rise,40.0,0.0230399999999999,0.7,25.0,330.681,2.0,2.16e-07,1.08e-07,0,1,1,3.713572066704308,0.0227785868893395,4629629.62962963,9259259.25925926,106666.66666666666,213333.3333333333,106666.66666666666,4629629.62962963,1.4285714285714286,0.04,0.3333333333333333,0,305.32718
ASAP7,NANDX1,NAND2x1p5_ASAP7_6t_L,A,Y,rise,160.0,0.0014399999999999,0.7,25.0,50.0909,0.5,1.08e-07,2.16e-07,0,1,1,5.081404364984463,0.0014389641942542,9259259.25925926,4629629.62962963,13333.333333333332,6666.666666666666,13333.333333333332,9259259.25925926,1.4285714285714286,0.04,-0.3333333333333333,0,42.281757
ASAP7,NORX1,NOR5x1f_ASAP7_6t_L,E,Y,rise,5.0,0.0014399999999999,0.7,25.0,54.2403,2.0,2.16e-07,1.08e-07,0,1,1,1.791759469228055,0.0014389641942542,4629629.62962963,9259259.25925926,6666.666666666666,13333.333333333332,6666.666666666666,4629629.62962963,1.4285714285714286,0.04,0.3333333333333333,0,25.191753
ASAP7,NORX1,NOR3x1_ASAP7_6t_L,A,Y,fall,80.0,0.0028799999999999,0.7,25.0,34.2527,2.0,2.16e-07,1.08e-07,0,1,1,4.394449154672439,0.0028758607454642,4629629.62962963,9259259.25925926,13333.333333333332,26666.666666666664,26666.666666666664,9259259.25925926,1.4285714285714286,0.04,0.3333333333333333,0,27.520985
ASAP7,NANDX1,NAND2x1_ASAP7_6t_L,B,Y,fall,80.0,0.0028799999999999,0.7,25.0,26.4354,0.5,1.08e-07,2.16e-07,0,1,1,4.394449154672439,0.0028758607454642,9259259.25925926,4629629.62962963,26666.666666666664,13333.333333333332,13333.333333333332,4629629.62962963,1.4285714285714286,0.04,-0.3333333333333333,0,14.44099
ASAP7,NORX1,NOR3x1f_ASAP7_6t_L,C,Y,rise,5.0,0.0007199999999999,0.7,25.0,19.8967,2.0,2.16e-07,1.08e-07,0,1,1,1.791759469228055,0.0007197409243488,4629629.62962963,9259259.25925926,3333.333333333333,6666.666666666666,3333.333333333333,4629629.62962963,1.4285714285714286,0.04,0.3333333333333333,0,22.665318
ASAP7,NORX1,NOR3x1f_ASAP7_6t_L,C,Y,fall,10.0,0.0028799999999999,0.7,25.0,17.8047,2.0,2.16e-07,1.08e-07,0,1,1,2.3978952727983707,0.0028758607454642,4629629.62962963,9259259.25925926,13333.333333333332,26666.666666666664,26666.666666666664,9259259.25925926,1.4285714285714286,0.04,0.3333333333333333,0,13.969619
ASAP7,NORX1,NOR5x1f_ASAP7_6t_L,C,Y,rise,20.0,0.0003599999999999,0.7,25.0,29.4792,2.0,2.16e-07,1.08e-07,0,1,1,3.044522437723423,0.0003599352155478,4629629.62962963,9259259.25925926,1666.6666666666663,3333.333333333333,1666.6666666666663,4629629.62962963,1.4285714285714286,0.04,0.3333333333333333,0,16.24753
ASAP7,INVX1,INVx13_ASAP7_6t_L,A,Y,rise,80.0,0.0230399999999999,0.7,25.0,29.2811,1.0,5.4e-08,5.4e-08,1,1,1,4.394449154672439,0.0227785868893395,18518518.51851852,18518518.51851852,426666.6666666666,426666.6666666666,426666.6666666666,18518518.51851852,1.4285714285714286,0.04,0.0,0,119.65351
ASAP7,NORX1,NOR5x1f_ASAP7_6t_L,E,Y,fall,80.0,0.0014399999999999,0.7,25.0,24.4651,2.0,2.16e-07,1.08e-07,0,1,1,4.394449154672439,0.0014389641942542,4629629.62962963,9259259.25925926,6666.666666666666,13333.333333333332,13333.333333333332,9259259.25925926,1.4285714285714286,0.04,0.3333333333333333,0,22.135805
ASAP7,NORX1,NOR5x1f_ASAP7_6t_L,B,Y,fall,5.0,0.0057599999999999,0.7,25.0,28.5392,2.0,2.16e-07,1.08e-07,0,1,1,1.791759469228055,0.0057434746270657,4629629.62962963,9259259.25925926,26666.666666666664,53333.33333333333,53333.33333333333,9259259.25925926,1.4285714285714286,0.04,0.3333333333333333,0,18.326359
ASAP7,NANDX1,NAND3x1_ASAP7_6t_L,C,Y,rise,5.0,0.0460799999999999,0.7,25.0,238.076,0.5,1.08e-07,2.16e-07,0,1,1,1.791759469228055,0.0450498445537087,9259259.25925926,4629629.62962963,426666.6666666666,213333.3333333333,426666.6666666666,9259259.25925926,1.4285714285714286,0.04,-0.3333333333333333,0,213.26918
ASAP7,INVX1,INVx13_ASAP7_6t_L,A,Y,fall,320.0,0.0230399999999999,0.7,25.0,31.9167,1.0,5.4e-08,5.4e-08,1,1,1,5.771441123130016,0.0227785868893395,18518518.51851852,18518518.51851852,426666.6666666666,426666.6666666666,426666.6666666666,18518518.51851852,1.4285714285714286,0.04,0.0,0,176.5714
ASAP7,NORX1,NOR2x1_ASAP7_6t_L,A,Y,fall,20.0,0.0230399999999999,0.7,25.0,104.737,2.0,2.16e-07,1.08e-07,0,1,1,3.044522437723423,0.0227785868893395,4629629.62962963,9259259.25925926,106666.66666666666,213333.3333333333,213333.3333333333,9259259.25925926,1.4285714285714286,0.04,0.3333333333333333,0,121.11496
ASAP7,NANDX1,NAND3x1_ASAP7_6t_L,C,Y,rise,20.0,0.0115199999999999,0.7,25.0,72.0841,0.5,1.08e-07,2.16e-07,0,1,1,3.044522437723423,0.0114541500451158,9259259.25925926,4629629.62962963,106666.66666666666,53333.33333333333,106666.66666666666,9259259.25925926,1.4285714285714286,0.04,-0.3333333333333333,0,61.343357
ASAP7,NANDX1,NAND2x1p5_ASAP7_6t_L,B,Y,rise,20.0,0.0028799999999999,0.7,25.0,24.9536,0.5,1.08e-07,2.16e-07,0,1,1,3.044522437723423,0.0028758607454642,9259259.25925926,4629629.62962963,26666.666666666664,13333.333333333332,26666.666666666664,9259259.25925926,1.4285714285714286,0.04,-0.3333333333333333,0,27.528969
ASAP7,NANDX1,NAND2x1p5_ASAP7_6t_L,A,Y,rise,20.0,0.0057599999999999,0.7,25.0,41.2436,0.5,1.08e-07,2.16e-07,0,1,1,3.044522437723423,0.0057434746270657,9259259.25925926,4629629.62962963,53333.33333333333,26666.666666666664,53333.33333333333,9259259.25925926,1.4285714285714286,0.04,-0.3333333333333333,0,41.646038
ASAP7,INVX1,INVx13_ASAP7_6t_L,A,Y,fall,80.0,0.3686399999999999,0.7,25.0,146.108,1.0,5.4e-08,5.4e-08,1,1,1,4.394449154672439,0.3138175460564067,18518518.51851852,18518518.51851852,6826666.666666666,6826666.666666666,6826666.666666666,18518518.51851852,1.4285714285714286,0.04,0.0,0,184.373
ASAP7,INVX2,INVx2_ASAP7_6t_L,A,Y,rise,10.0,0.0014399999999999,0.7,25.0,8.3049,1.0,1.08e-07,1.08e-07,1,1,1,2.3978952727983707,0.0014389641942542,9259259.25925926,9259259.25925926,13333.333333333332,13333.333333333332,13333.333333333332,9259259.25925926,1.4285714285714286,0.04,0.0,0,10.033644
ASAP7,NANDX1,NAND3x1_ASAP7_6t_L,C,Y,fall,160.0,0.0028799999999999,0.7,25.0,19.1666,0.5,1.08e-07,2.16e-07,0,1,1,5.081404364984463,0.0028758607454642,9259259.25925926,4629629.62962963,26666.666666666664,13333.333333333332,13333.333333333332,4629629.62962963,1.4285714285714286,0.04,-0.3333333333333333,0,23.418938
ASAP7,NORX1,NOR5x1f_ASAP7_6t_L,D,Y,fall,10.0,0.0057599999999999,0.7,25.0,30.7535,2.0,2.16e-07,1.08e-07,0,1,1,2.3978952727983707,0.0057434746270657,4629629.62962963,9259259.25925926,26666.666666666664,53333.33333333333,53333.33333333333,9259259.25925926,1.4285714285714286,0.04,0.3333333333333333,0,22.861832
ASAP7,NANDX1,NAND3x1_ASAP7_6t_L,C,Y,fall,320.0,0.0230399999999999,0.7,25.0,103.485,0.5,1.08e-07,2.16e-07,0,1,1,5.771441123130016,0.0227785868893395,9259259.25925926,4629629.62962963,213333.3333333333,106666.66666666666,106666.66666666666,4629629.62962963,1.4285714285714286,0.04,-0.3333333333333333,0,198.77495
ASAP7,NORX1,NOR2x1_ASAP7_6t_L,B,Y,fall,40.0,0.0115199999999999,0.7,25.0,61.962,2.0,2.16e-07,1.08e-07,0,1,1,3.713572066704308,0.0114541500451158,4629629.62962963,9259259.25925926,53333.33333333333,106666.66666666666,106666.66666666666,9259259.25925926,1.4285714285714286,0.04,0.3333333333333333,0,58.830967
ASAP7,INVX1,INVx11_ASAP7_6t_L,A,Y,rise,20.0,0.0230399999999999,0.7,25.0,18.9624,1.0,5.4e-08,5.4e-08,1,1,1,3.044522437723423,0.0227785868893395,18518518.51851852,18518518.51851852,426666.6666666666,426666.6666666666,426666.6666666666,18518518.51851852,1.4285714285714286,0.04,0.0,0,135.61661
ASAP7,NORX1,NOR5x1f_ASAP7_6t_L,E,Y,fall,80.0,0.0115199999999999,0.7,25.0,74.9341,2.0,2.16e-07,1.08e-07,0,1,1,4.394449154672439,0.0114541500451158,4629629.62962963,9259259.25925926,53333.33333333333,106666.66666666666,106666.66666666666,9259259.25925926,1.4285714285714286,0.04,0.3333333333333333,0,63.030884
ASAP7,NANDX1,NAND2x1_ASAP7_6t_L,B,Y,fall,10.0,0.0007199999999999,0.7,25.0,7.6066,0.5,1.08e-07,2.16e-07,0,1,1,2.3978952727983707,0.0007197409243488,9259259.25925926,4629629.62962963,6666.666666666666,3333.333333333333,3333.333333333333,4629629.62962963,1.4285714285714286,0.04,-0.3333333333333333,0,5.6504827
ASAP7,NANDX1,NAND2x1p5_ASAP7_6t_L,A,Y,fall,40.0,0.0003599999999999,0.7,25.0,5.93221,0.5,1.08e-07,2.16e-07,0,1,1,3.713572066704308,0.0003599352155478,9259259.25925926,4629629.62962963,3333.333333333333,1666.6666666666663,1666.6666666666663,4629629.62962963,1.4285714285714286,0.04,-0.3333333333333333,0,8.458136
ASAP7,NORX1,NOR5x1f_ASAP7_6t_L,C,Y,fall,20.0,0.0003599999999999,0.7,25.0,9.95705,2.0,2.16e-07,1.08e-07,0,1,1,3.044522437723423,0.0003599352155478,4629629.62962963,9259259.25925926,1666.6666666666663,3333.333333333333,3333.333333333333,9259259.25925926,1.4285714285714286,0.04,0.3333333333333333,0,12.135748
ASAP7,NORX1,NOR5x1f_ASAP7_6t_L,C,Y,fall,160.0,0.0230399999999999,0.7,25.0,144.549,2.0,2.16e-07,1.08e-07,0,1,1,5.081404364984463,0.0227785868893395,4629629.62962963,9259259.25925926,106666.66666666666,213333.3333333333,213333.3333333333,9259259.25925926,1.4285714285714286,0.04,0.3333333333333333,0,177.20824
ASAP7,NORX1,NOR3x1_ASAP7_6t_L,C,Y,rise,160.0,0.0460799999999999,0.7,25.0,240.962,2.0,2.16e-07,1.08e-07,0,1,1,5.081404364984463,0.0450498445537087,4629629.62962963,9259259.25925926,213333.3333333333,426666.6666666666,213333.3333333333,4629629.62962963,1.4285714285714286,0.04,0.3333333333333333,0,333.56363
ASAP7,NANDX1,NAND3x1_ASAP7_6t_L,B,Y,fall,80.0,0.0460799999999999,0.7,25.0,170.528,0.5,1.08e-07,2.16e-07,0,1,1,4.394449154672439,0.0450498445537087,9259259.25925926,4629629.62962963,426666.6666666666,213333.3333333333,213333.3333333333,4629629.62962963,1.4285714285714286,0.04,-0.3333333333333333,0,174.20555
ASAP7,NANDX1,NAND3x1_ASAP7_6t_L,A,Y,rise,20.0,0.0230399999999999,0.7,25.0,124.976,0.5,1.08e-07,2.16e-07,0,1,1,3.044522437723423,0.0227785868893395,9259259.25925926,4629629.62962963,213333.3333333333,106666.66666666666,213333.3333333333,9259259.25925926,1.4285714285714286,0.04,-0.3333333333333333,0,134.3926
ASAP7,INVX1,INVx1_ASAP7_6t_L,A,Y,rise,80.0,0.0014399999999999,0.7,25.0,26.2328,1.0,5.4e-08,5.4e-08,1,1,1,4.394449154672439,0.0014389641942542,18518518.51851852,18518518.51851852,26666.666666666664,26666.666666666664,26666.666666666664,18518518.51851852,1.4285714285714286,0.04,0.0,0,23.267693
ASAP7,NORX1,NOR5x1f_ASAP7_6t_L,C,Y,rise,40.0,0.0014399999999999,0.7,25.0,56.8542,2.0,2.16e-07,1.08e-07,0,1,1,3.713572066704308,0.0014389641942542,4629629.62962963,9259259.25925926,6666.666666666666,13333.333333333332,6666.666666666666,4629629.62962963,1.4285714285714286,0.04,0.3333333333333333,0,22.610394
ASAP7,NORX1,NOR3x1f_ASAP7_6t_L,C,Y,rise,320.0,0.0003599999999999,0.7,25.0,42.2196,2.0,2.16e-07,1.08e-07,0,1,1,5.771441123130016,0.0003599352155478,4629629.62962963,9259259.25925926,1666.6666666666663,3333.333333333333,1666.6666666666663,4629629.62962963,1.4285714285714286,0.04,0.3333333333333333,0,63.290775
ASAP7,NORX1,NOR5x1f_ASAP7_6t_L,E,Y,fall,20.0,0.0115199999999999,0.7,25.0,57.7279,2.0,2.16e-07,1.08e-07,0,1,1,3.044522437723423,0.0114541500451158,4629629.62962963,9259259.25925926,53333.33333333333,106666.66666666666,106666.66666666666,9259259.25925926,1.4285714285714286,0.04,0.3333333333333333,0,53.74294
ASAP7,NORX1,NOR5x1f_ASAP7_6t_L,C,Y,rise,80.0,0.0230399999999999,0.7,25.0,548.741,2.0,2.16e-07,1.08e-07,0,1,1,4.394449154672439,0.0227785868893395,4629629.62962963,9259259.25925926,106666.66666666666,213333.3333333333,106666.66666666666,4629629.62962963,1.4285714285714286,0.04,0.3333333333333333,0,297.00415
ASAP7,NORX1,NOR3x1f_ASAP7_6t_L,B,Y,rise,80.0,0.0230399999999999,0.7,25.0,338.521,2.0,2.16e-07,1.08e-07,0,1,1,4.394449154672439,0.0227785868893395,4629629.62962963,9259259.25925926,106666.66666666666,213333.3333333333,106666.66666666666,4629629.62962963,1.4285714285714286,0.04,0.3333333333333333,0,297.00415
ASAP7,NANDX1,NAND3x1_ASAP7_6t_L,C,Y,fall,40.0,0.0014399999999999,0.7,25.0,13.0993,0.5,1.08e-07,2.16e-07,0,1,1,3.713572066704308,0.0014389641942542,9259259.25925926,4629629.62962963,13333.333333333332,6666.666666666666,6666.666666666666,4629629.62962963,1.4285714285714286,0.04,-0.3333333333333333,0,9.365974
ASAP7,NANDX1,NAND2x1_ASAP7_6t_L,A,Y,fall,80.0,0.0007199999999999,0.7,25.0,9.98517,0.5,1.08e-07,2.16e-07,0,1,1,4.394449154672439,0.0007197409243488,9259259.25925926,4629629.62962963,6666.666666666666,3333.333333333333,3333.333333333333,4629629.62962963,1.4285714285714286,0.04,-0.3333333333333333,0,10.626489
ASAP7,NANDX1,NAND3x1_ASAP7_6t_L,B,Y,fall,80.0,0.0014399999999999,0.7,25.0,15.4129,0.5,1.08e-07,2.16e-07,0,1,1,4.394449154672439,0.0014389641942542,9259259.25925926,4629629.62962963,13333.333333333332,6666.666666666666,6666.666666666666,4629629.62962963,1.4285714285714286,0.04,-0.3333333333333333,0,11.749997
ASAP7,NORX1,NOR5x1f_ASAP7_6t_L,E,Y,fall,80.0,0.0007199999999999,0.7,25.0,18.4428,2.0,2.16e-07,1.08e-07,0,1,1,4.394449154672439,0.0007197409243488,4629629.62962963,9259259.25925926,3333.333333333333,6666.666666666666,6666.666666666666,9259259.25925926,1.4285714285714286,0.04,0.3333333333333333,0,19.546381
ASAP7,NANDX1,NAND2x1p5_ASAP7_6t_L,A,Y,fall,5.0,0.0014399999999999,0.7,25.0,7.45218,0.5,1.08e-07,2.16e-07,0,1,1,1.791759469228055,0.0014389641942542,9259259.25925926,4629629.62962963,13333.333333333332,6666.666666666666,6666.666666666666,4629629.62962963,1.4285714285714286,0.04,-0.3333333333333333,0,8.13149
ASAP7,NORX1,NOR5x1f_ASAP7_6t_L,D,Y,rise,40.0,0.0028799999999999,0.7,25.0,90.2186,2.0,2.16e-07,1.08e-07,0,1,1,3.713572066704308,0.0028758607454642,4629629.62962963,9259259.25925926,13333.333333333332,26666.666666666664,13333.333333333332,4629629.62962963,1.4285714285714286,0.04,0.3333333333333333,0,32.71515
ASAP7,NORX1,NOR2x1_ASAP7_6t_L,B,Y,fall,5.0,0.0007199999999999,0.7,25.0,7.54906,2.0,2.16e-07,1.08e-07,0,1,1,1.791759469228055,0.0007197409243488,4629629.62962963,9259259.25925926,3333.333333333333,6666.666666666666,6666.666666666666,9259259.25925926,1.4285714285714286,0.04,0.3333333333333333,0,9.526201
ASAP7,NORX1,NOR2x1_ASAP7_6t_L,A,Y,fall,160.0,0.0057599999999999,0.7,25.0,64.2812,2.0,2.16e-07,1.08e-07,0,1,1,5.081404364984463,0.0057434746270657,4629629.62962963,9259259.25925926,26666.666666666664,53333.33333333333,53333.33333333333,9259259.25925926,1.4285714285714286,0.04,0.3333333333333333,0,44.377712
ASAP7,NORX1,NOR3x1_ASAP7_6t_L,B,Y,fall,5.0,0.0014399999999999,0.7,25.0,13.5317,2.0,2.16e-07,1.08e-07,0,1,1,1.791759469228055,0.0014389641942542,4629629.62962963,9259259.25925926,6666.666666666666,13333.333333333332,13333.333333333332,9259259.25925926,1.4285714285714286,0.04,0.3333333333333333,0,10.476035
ASAP7,NORX1,NOR5x1f_ASAP7_6t_L,C,Y,fall,40.0,0.0014399999999999,0.7,25.0,19.2855,2.0,2.16e-07,1.08e-07,0,1,1,3.713572066704308,0.0014389641942542,4629629.62962963,9259259.25925926,6666.666666666666,13333.333333333332,13333.333333333332,9259259.25925926,1.4285714285714286,0.04,0.3333333333333333,0,17.493435
ASAP7,NORX1,NOR3x1_ASAP7_6t_L,C,Y,fall,20.0,0.0014399999999999,0.7,25.0,18.869,2.0,2.16e-07,1.08e-07,0,1,1,3.044522437723423,0.0014389641942542,4629629.62962963,9259259.25925926,6666.666666666666,13333.333333333332,13333.333333333332,9259259.25925926,1.4285714285714286,0.04,0.3333333333333333,0,14.109812
ASAP7,NORX1,NOR5x1f_ASAP7_6t_L,E,Y,rise,160.0,0.0028799999999999,0.7,25.0,99.9699,2.0,2.16e-07,1.08e-07,0,1,1,5.081404364984463,0.0028758607454642,4629629.62962963,9259259.25925926,13333.333333333332,26666.666666666664,13333.333333333332,4629629.62962963,1.4285714285714286,0.04,0.3333333333333333,0,138.92268
ASAP7,NORX1,NOR3x1_ASAP7_6t_L,A,Y,rise,80.0,0.0230399999999999,0.7,25.0,131.333,2.0,2.16e-07,1.08e-07,0,1,1,4.394449154672439,0.0227785868893395,4629629.62962963,9259259.25925926,106666.66666666666,213333.3333333333,106666.66666666666,4629629.62962963,1.4285714285714286,0.04,0.3333333333333333,0,297.00415
ASAP7,NORX1,NOR5x1f_ASAP7_6t_L,D,Y,fall,320.0,0.0028799999999999,0.7,25.0,47.0318,2.0,2.16e-07,1.08e-07,0,1,1,5.771441123130016,0.0028758607454642,4629629.62962963,9259259.25925926,13333.333333333332,26666.666666666664,26666.666666666664,9259259.25925926,1.4285714285714286,0.04,0.3333333333333333,0,37.391388
ASAP7,NORX1,NOR3x1f_ASAP7_6t_L,A,Y,rise,320.0,0.0003599999999999,0.7,25.0,59.1078,2.0,2.16e-07,1.08e-07,0,1,1,5.771441123130016,0.0003599352155478,4629629.62962963,9259259.25925926,1666.6666666666663,3333.333333333333,1666.6666666666663,4629629.62962963,1.4285714285714286,0.04,0.3333333333333333,0,63.290775
ASAP7,INVX1,INVx13_ASAP7_6t_L,A,Y,fall,10.0,0.7372799999999999,0.7,25.0,248.662,1.0,5.4e-08,5.4e-08,1,1,1,2.3978952727983707,0.5523206717349491,18518518.51851852,18518518.51851852,13653333.333333332,13653333.333333332,13653333.333333332,18518518.51851852,1.4285714285714286,0.04,0.0,0,332.62128
ASAP7,NORX1,NOR3x1f_ASAP7_6t_L,B,Y,rise,320.0,0.0028799999999999,0.7,25.0,104.457,2.0,2.16e-07,1.08e-07,0,1,1,5.771441123130016,0.0028758607454642,4629629.62962963,9259259.25925926,13333.333333333332,26666.666666666664,13333.333333333332,4629629.62962963,1.4285714285714286,0.04,0.3333333333333333,0,72.96555
ASAP7,NANDX1,NAND3x1_ASAP7_6t_L,B,Y,fall,80.0,0.0057599999999999,0.7,25.0,35.1269,0.5,1.08e-07,2.16e-07,0,1,1,4.394449154672439,0.0057434746270657,9259259.25925926,4629629.62962963,53333.33333333333,26666.666666666664,26666.666666666664,4629629.62962963,1.4285714285714286,0.04,-0.3333333333333333,0,44.46863
ASAP7,NORX1,NOR5x1f_ASAP7_6t_L,E,Y,rise,80.0,0.0230399999999999,0.7,25.0,546.343,2.0,2.16e-07,1.08e-07,0,1,1,4.394449154672439,0.0227785868893395,4629629.62962963,9259259.25925926,106666.66666666666,213333.3333333333,106666.66666666666,4629629.62962963,1.4285714285714286,0.04,0.3333333333333333,0,297.00415
ASAP7,NANDX1,NAND3x1_ASAP7_6t_L,B,Y,rise,5.0,0.0014399999999999,0.7,25.0,15.8832,0.5,1.08e-07,2.16e-07,0,1,1,1.791759469228055,0.0014389641942542,9259259.25925926,4629629.62962963,13333.333333333332,6666.666666666666,13333.333333333332,9259259.25925926,1.4285714285714286,0.04,-0.3333333333333333,0,13.940793
ASAP7,NORX1,NOR5x1f_ASAP7_6t_L,A,Y,fall,20.0,0.0007199999999999,0.7,25.0,11.1714,2.0,2.16e-07,1.08e-07,0,1,1,3.044522437723423,0.0007197409243488,4629629.62962963,9259259.25925926,3333.333333333333,6666.666666666666,6666.666666666666,9259259.25925926,1.4285714285714286,0.04,0.3333333333333333,0,13.1613455
ASAP7,NORX1,NOR5x1f_ASAP7_6t_L,A,Y,rise,80.0,0.0007199999999999,0.7,25.0,49.1201,2.0,2.16e-07,1.08e-07,0,1,1,4.394449154672439,0.0007197409243488,4629629.62962963,9259259.25925926,3333.333333333333,6666.666666666666,3333.333333333333,4629629.62962963,1.4285714285714286,0.04,0.3333333333333333,0,31.46577
ASAP7,INVX1,INVx13_ASAP7_6t_L,A,Y,rise,5.0,0.0115199999999999,0.7,25.0,8.33091,1.0,5.4e-08,5.4e-08,1,1,1,1.791759469228055,0.0114541500451158,18518518.51851852,18518518.51851852,213333.3333333333,213333.3333333333,213333.3333333333,18518518.51851852,1.4285714285714286,0.04,0.0,0,77.96748
ASAP7,NORX1,NOR5x1f_ASAP7_6t_L,E,Y,fall,10.0,0.0230399999999999,0.7,25.0,102.156,2.0,2.16e-07,1.08e-07,0,1,1,2.3978952727983707,0.0227785868893395,4629629.62962963,9259259.25925926,106666.66666666666,213333.3333333333,213333.3333333333,9259259.25925926,1.4285714285714286,0.04,0.3333333333333333,0,122.88082
ASAP7,INVX1,INVx1_ASAP7_6t_L,A,Y,fall,10.0,0.0014399999999999,0.7,25.0,10.5754,1.0,5.4e-08,5.4e-08,1,1,1,2.3978952727983707,0.0014389641942542,18518518.51851852,18518518.51851852,26666.666666666664,26666.666666666664,26666.666666666664,18518518.51851852,1.4285714285714286,0.04,0.0,0,8.1207285
ASAP7,INVX1,INVx13_ASAP7_6t_L,A,Y,rise,5.0,0.3686399999999999,0.7,25.0,149.861,1.0,5.4e-08,5.4e-08,1,1,1,1.791759469228055,0.3138175460564067,18518518.51851852,18518518.51851852,6826666.666666666,6826666.666666666,6826666.666666666,18518518.51851852,1.4285714285714286,0.04,0.0,0,185.66933
ASAP7,NORX1,NOR3x1_ASAP7_6t_L,B,Y,fall,80.0,0.0057599999999999,0.7,25.0,52.12,2.0,2.16e-07,1.08e-07,0,1,1,4.394449154672439,0.0057434746270657,4629629.62962963,9259259.25925926,26666.666666666664,53333.33333333333,53333.33333333333,9259259.25925926,1.4285714285714286,0.04,0.3333333333333333,0,39.294956
ASAP7,NORX1,NOR3x1_ASAP7_6t_L,B,Y,fall,80.0,0.0014399999999999,0.7,25.0,28.1793,2.0,2.16e-07,1.08e-07,0,1,1,4.394449154672439,0.0014389641942542,4629629.62962963,9259259.25925926,6666.666666666666,13333.333333333332,13333.333333333332,9259259.25925926,1.4285714285714286,0.04,0.3333333333333333,0,1.0993165
ASAP7,NORX1,NOR3x1f_ASAP7_6t_L,A,Y,fall,160.0,0.0028799999999999,0.7,25.0,37.523,2.0,2.16e-07,1.08e-07,0,1,1,5.081404364984463,0.0028758607454642,4629629.62962963,9259259.25925926,13333.333333333332,26666.666666666664,26666.666666666664,9259259.25925926,1.4285714285714286,0.04,0.3333333333333333,0,32.716522
ASAP7,NANDX1,NAND2x1_ASAP7_6t_L,B,Y,fall,320.0,0.0230399999999999,0.7,25.0,155.846,0.5,1.08e-07,2.16e-07,0,1,1,5.771441123130016,0.0227785868893395,9259259.25925926,4629629.62962963,213333.3333333333,106666.66666666666,106666.66666666666,4629629.62962963,1.4285714285714286,0.04,-0.3333333333333333,0,198.77495
ASAP7,NANDX1,NAND2x1p5_ASAP7_6t_L,A,Y,rise,160.0,0.0057599999999999,0.7,25.0,82.1175,0.5,1.08e-07,2.16e-07,0,1,1,5.081404364984463,0.0057434746270657,9259259.25925926,4629629.62962963,53333.33333333333,26666.666666666664,53333.33333333333,9259259.25925926,1.4285714285714286,0.04,-0.3333333333333333,0,90.23551
ASAP7,NORX1,NOR3x1f_ASAP7_6t_L,B,Y,rise,160.0,0.0014399999999999,0.7,25.0,55.7948,2.0,2.16e-07,1.08e-07,0,1,1,5.081404364984463,0.0014389641942542,4629629.62962963,9259259.25925926,6666.666666666666,13333.333333333332,6666.666666666666,4629629.62962963,1.4285714285714286,0.04,0.3333333333333333,0,26.913465
ASAP7,NORX1,NOR5x1f_ASAP7_6t_L,C,Y,fall,5.0,0.0007199999999999,0.7,25.0,8.14544,2.0,2.16e-07,1.08e-07,0,1,1,1.791759469228055,0.0007197409243488,4629629.62962963,9259259.25925926,3333.333333333333,6666.666666666666,6666.666666666666,9259259.25925926,1.4285714285714286,0.04,0.3333333333333333,0,9.526201
ASAP7,NANDX1,NAND2x1_ASAP7_6t_L,A,Y,rise,10.0,0.0115199999999999,0.7,25.0,65.2417,0.5,1.08e-07,2.16e-07,0,1,1,2.3978952727983707,0.0114541500451158,9259259.25925926,4629629.62962963,106666.66666666666,53333.33333333333,106666.66666666666,9259259.25925926,1.4285714285714286,0.04,-0.3333333333333333,0,54.9515
ASAP7,NORX1,NOR2x1_ASAP7_6t_L,A,Y,fall,80.0,0.0460799999999999,0.7,25.0,216.26,2.0,2.16e-07,1.08e-07,0,1,1,4.394449154672439,0.0450498445537087,4629629.62962963,9259259.25925926,213333.3333333333,426666.6666666666,426666.6666666666,9259259.25925926,1.4285714285714286,0.04,0.3333333333333333,0,184.79936
ASAP7,NORX1,NOR3x1f_ASAP7_6t_L,B,Y,rise,40.0,0.0014399999999999,0.7,25.0,36.154,2.0,2.16e-07,1.08e-07,0,1,1,3.713572066704308,0.0014389641942542,4629629.62962963,9259259.25925926,6666.666666666666,13333.333333333332,6666.666666666666,4629629.62962963,1.4285714285714286,0.04,0.3333333333333333,0,22.560535
ASAP7,NORX1,NOR5x1f_ASAP7_6t_L,C,Y,rise,5.0,0.0115199999999999,0.7,25.0,279.845,2.0,2.16e-07,1.08e-07,0,1,1,1.791759469228055,0.0114541500451158,4629629.62962963,9259259.25925926,53333.33333333333,106666.66666666666,53333.33333333333,4629629.62962963,1.4285714285714286,0.04,0.3333333333333333,0,139.48363
ASAP7,NORX1,NOR5x1f_ASAP7_6t_L,D,Y,fall,80.0,0.0007199999999999,0.7,25.0,18.0427,2.0,2.16e-07,1.08e-07,0,1,1,4.394449154672439,0.0007197409243488,4629629.62962963,9259259.25925926,3333.333333333333,6666.666666666666,6666.666666666666,9259259.25925926,1.4285714285714286,0.04,0.3333333333333333,0,19.546381
ASAP7,NANDX1,NAND2x1_ASAP7_6t_L,A,Y,fall,10.0,0.0115199999999999,0.7,25.0,45.5502,0.5,1.08e-07,2.16e-07,0,1,1,2.3978952727983707,0.0114541500451158,9259259.25925926,4629629.62962963,106666.66666666666,53333.33333333333,53333.33333333333,4629629.62962963,1.4285714285714286,0.04,-0.3333333333333333,0,21.237333
ASAP7,NORX1,NOR3x1_ASAP7_6t_L,A,Y,fall,10.0,0.0115199999999999,0.7,25.0,54.8647,2.0,2.16e-07,1.08e-07,0,1,1,2.3978952727983707,0.0114541500451158,4629629.62962963,9259259.25925926,53333.33333333333,106666.66666666666,106666.66666666666,9259259.25925926,1.4285714285714286,0.04,0.3333333333333333,0,48.245518
ASAP7,NORX1,NOR5x1f_ASAP7_6t_L,B,Y,fall,320.0,0.0115199999999999,0.7,25.0,115.969,2.0,2.16e-07,1.08e-07,0,1,1,5.771441123130016,0.0114541500451158,4629629.62962963,9259259.25925926,53333.33333333333,106666.66666666666,106666.66666666666,9259259.25925926,1.4285714285714286,0.04,0.3333333333333333,0,67.389084
ASAP7,NANDX1,NAND3x1_ASAP7_6t_L,B,Y,rise,5.0,0.0115199999999999,0.7,25.0,65.8614,0.5,1.08e-07,2.16e-07,0,1,1,1.791759469228055,0.0114541500451158,9259259.25925926,4629629.62962963,106666.66666666666,53333.33333333333,106666.66666666666,9259259.25925926,1.4285714285714286,0.04,-0.3333333333333333,0,49.2569
ASAP7,NORX1,NOR5x1f_ASAP7_6t_L,E,Y,rise,160.0,0.0003599999999999,0.7,25.0,41.2391,2.0,2.16e-07,1.08e-07,0,1,1,5.081404364984463,0.0003599352155478,4629629.62962963,9259259.25925926,1666.6666666666663,3333.333333333333,1666.6666666666663,4629629.62962963,1.4285714285714286,0.04,0.3333333333333333,0,18.32459
ASAP7,NANDX1,NAND2x1p5_ASAP7_6t_L,A,Y,rise,160.0,0.0003599999999999,0.7,25.0,39.7735,0.5,1.08e-07,2.16e-07,0,1,1,5.081404364984463,0.0003599352155478,9259259.25925926,4629629.62962963,3333.333333333333,1666.6666666666663,3333.333333333333,9259259.25925926,1.4285714285714286,0.04,-0.3333333333333333,0,33.2636
ASAP7,NORX1,NOR3x1f_ASAP7_6t_L,C,Y,rise,80.0,0.0014399999999999,0.7,25.0,39.4262,2.0,2.16e-07,1.08e-07,0,1,1,4.394449154672439,0.0014389641942542,4629629.62962963,9259259.25925926,6666.666666666666,13333.333333333332,6666.666666666666,4629629.62962963,1.4285714285714286,0.04,0.3333333333333333,0,38.574234
ASAP7,INVX1,INVx1_ASAP7_6t_L,A,Y,fall,20.0,0.0057599999999999,0.7,25.0,31.125,1.0,5.4e-08,5.4e-08,1,1,1,3.044522437723423,0.0057434746270657,18518518.51851852,18518518.51851852,106666.66666666666,106666.66666666666,106666.66666666666,18518518.51851852,1.4285714285714286,0.04,0.0,0,10.845772
ASAP7,NORX1,NOR3x1f_ASAP7_6t_L,A,Y,fall,40.0,0.0028799999999999,0.7,25.0,25.1568,2.0,2.16e-07,1.08e-07,0,1,1,3.713572066704308,0.0028758607454642,4629629.62962963,9259259.25925926,13333.333333333332,26666.666666666664,26666.666666666664,9259259.25925926,1.4285714285714286,0.04,0.3333333333333333,0,22.2737
ASAP7,NORX1,NOR3x1_ASAP7_6t_L,B,Y,fall,40.0,0.0057599999999999,0.7,25.0,41.3256,2.0,2.16e-07,1.08e-07,0,1,1,3.713572066704308,0.0057434746270657,4629629.62962963,9259259.25925926,26666.666666666664,53333.33333333333,53333.33333333333,9259259.25925926,1.4285714285714286,0.04,0.3333333333333333,0,33.722412
ASAP7,NORX1,NOR5x1f_ASAP7_6t_L,B,Y,rise,20.0,0.0014399999999999,0.7,25.0,52.5359,2.0,2.16e-07,1.08e-07,0,1,1,3.044522437723423,0.0014389641942542,4629629.62962963,9259259.25925926,6666.666666666666,13333.333333333332,6666.666666666666,4629629.62962963,1.4285714285714286,0.04,0.3333333333333333,0,23.896578
ASAP7,NORX1,NOR3x1f_ASAP7_6t_L,C,Y,rise,320.0,0.0028799999999999,0.7,25.0,88.8107,2.0,2.16e-07,1.08e-07,0,1,1,5.771441123130016,0.0028758607454642,4629629.62962963,9259259.25925926,13333.333333333332,26666.666666666664,13333.333333333332,4629629.62962963,1.4285714285714286,0.04,0.3333333333333333,0,1.1950207
ASAP7,NANDX1,NAND2x1p5_ASAP7_6t_L,A,Y,fall,5.0,0.0028799999999999,0.7,25.0,10.847,0.5,1.08e-07,2.16e-07,0,1,1,1.791759469228055,0.0028758607454642,9259259.25925926,4629629.62962963,26666.666666666664,13333.333333333332,13333.333333333332,4629629.62962963,1.4285714285714286,0.04,-0.3333333333333333,0,9.182926
ASAP7,NORX1,NOR5x1f_ASAP7_6t_L,D,Y,fall,20.0,0.0115199999999999,0.7,25.0,57.3165,2.0,2.16e-07,1.08e-07,0,1,1,3.044522437723423,0.0114541500451158,4629629.62962963,9259259.25925926,53333.33333333333,106666.66666666666,106666.66666666666,9259259.25925926,1.4285714285714286,0.04,0.3333333333333333,0,1.0814451
ASAP7,NORX1,NOR5x1f_ASAP7_6t_L,B,Y,rise,5.0,0.0230399999999999,0.7,25.0,536.719,2.0,2.16e-07,1.08e-07,0,1,1,1.791759469228055,0.0227785868893395,4629629.62962963,9259259.25925926,106666.66666666666,213333.3333333333,106666.66666666666,4629629.62962963,1.4285714285714286,0.04,0.3333333333333333,0,300.07977
ASAP7,NANDX1,NAND2x1_ASAP7_6t_L,A,Y,fall,320.0,0.0230399999999999,0.7,25.0,126.604,0.5,1.08e-07,2.16e-07,0,1,1,5.771441123130016,0.0227785868893395,9259259.25925926,4629629.62962963,213333.3333333333,106666.66666666666,106666.66666666666,4629629.62962963,1.4285714285714286,0.04,-0.3333333333333333,0,198.77495
ASAP7,NORX1,NOR3x1f_ASAP7_6t_L,C,Y,fall,160.0,0.0014399999999999,0.7,25.0,26.7201,2.0,2.16e-07,1.08e-07,0,1,1,5.081404364984463,0.0014389641942542,4629629.62962963,9259259.25925926,6666.666666666666,13333.333333333332,13333.333333333332,9259259.25925926,1.4285714285714286,0.04,0.3333333333333333,0,27.294607
ASAP7,NORX1,NOR3x1f_ASAP7_6t_L,B,Y,fall,40.0,0.0115199999999999,0.7,25.0,61.3913,2.0,2.16e-07,1.08e-07,0,1,1,3.713572066704308,0.0114541500451158,4629629.62962963,9259259.25925926,53333.33333333333,106666.66666666666,106666.66666666666,9259259.25925926,1.4285714285714286,0.04,0.3333333333333333,0,58.830967
ASAP7,INVX1,INVx13_ASAP7_6t_L,A,Y,rise,320.0,0.7372799999999999,0.7,25.0,393.325,1.0,5.4e-08,5.4e-08,1,1,1,5.771441123130016,0.5523206717349491,18518518.51851852,18518518.51851852,13653333.333333332,13653333.333333332,13653333.333333332,18518518.51851852,1.4285714285714286,0.04,0.0,0,338.2811
ASAP7,NORX1,NOR3x1_ASAP7_6t_L,C,Y,fall,40.0,0.0014399999999999,0.7,25.0,23.8837,2.0,2.16e-07,1.08e-07,0,1,1,3.713572066704308,0.0014389641942542,4629629.62962963,9259259.25925926,6666.666666666666,13333.333333333332,13333.333333333332,9259259.25925926,1.4285714285714286,0.04,0.3333333333333333,0,17.493435
ASAP7,NORX1,NOR5x1f_ASAP7_6t_L,B,Y,rise,80.0,0.0115199999999999,0.7,25.0,290.945,2.0,2.16e-07,1.08e-07,0,1,1,4.394449154672439,0.0114541500451158,4629629.62962963,9259259.25925926,53333.33333333333,106666.66666666666,53333.33333333333,4629629.62962963,1.4285714285714286,0.04,0.3333333333333333,0,181.55006
ASAP7,NORX1,NOR3x1_ASAP7_6t_L,B,Y,rise,5.0,0.0115199999999999,0.7,25.0,60.7176,2.0,2.16e-07,1.08e-07,0,1,1,1.791759469228055,0.0114541500451158,4629629.62962963,9259259.25925926,53333.33333333333,106666.66666666666,53333.33333333333,4629629.62962963,1.4285714285714286,0.04,0.3333333333333333,0,139.48363
ASAP7,NORX1,NOR5x1f_ASAP7_6t_L,E,Y,fall,5.0,0.0003599999999999,0.7,25.0,6.56953,2.0,2.16e-07,1.08e-07,0,1,1,1.791759469228055,0.0003599352155478,4629629.62962963,9259259.25925926,1666.6666666666663,3333.333333333333,3333.333333333333,9259259.25925926,1.4285714285714286,0.04,0.3333333333333333,0,8.154864
ASAP7,NANDX1,NAND2x1p5_ASAP7_6t_L,A,Y,fall,40.0,0.0007199999999999,0.7,25.0,7.51961,0.5,1.08e-07,2.16e-07,0,1,1,3.713572066704308,0.0007197409243488,9259259.25925926,4629629.62962963,6666.666666666666,3333.333333333333,3333.333333333333,4629629.62962963,1.4285714285714286,0.04,-0.3333333333333333,0,8.871296
ASAP7,NORX1,NOR3x1f_ASAP7_6t_L,C,Y,rise,160.0,0.0014399999999999,0.7,25.0,48.3187,2.0,2.16e-07,1.08e-07,0,1,1,5.081404364984463,0.0014389641942542,4629629.62962963,9259259.25925926,6666.666666666666,13333.333333333332,6666.666666666666,4629629.62962963,1.4285714285714286,0.04,0.3333333333333333,0,111.82133
ASAP7,INVX1,INVx13_ASAP7_6t_L,A,Y,fall,160.0,0.1843199999999999,0.7,25.0,106.224,1.0,5.4e-08,5.4e-08,1,1,1,5.081404364984463,0.169168770215654,18518518.51851852,18518518.51851852,3413333.333333333,3413333.333333333,3413333.333333333,18518518.51851852,1.4285714285714286,0.04,0.0,0,133.5127
ASAP7,NORX1,NOR2x1_ASAP7_6t_L,A,Y,fall,40.0,0.0460799999999999,0.7,25.0,204.571,2.0,2.16e-07,1.08e-07,0,1,1,3.713572066704308,0.0450498445537087,4629629.62962963,9259259.25925926,213333.3333333333,426666.6666666666,426666.6666666666,9259259.25925926,1.4285714285714286,0.04,0.3333333333333333,0,184.3323
ASAP7,NANDX1,NAND2x1p5_ASAP7_6t_L,A,Y,rise,20.0,0.0230399999999999,0.7,25.0,126.2,0.5,1.08e-07,2.16e-07,0,1,1,3.044522437723423,0.0227785868893395,9259259.25925926,4629629.62962963,213333.3333333333,106666.66666666666,213333.3333333333,9259259.25925926,1.4285714285714286,0.04,-0.3333333333333333,0,134.3926
ASAP7,NORX1,NOR5x1f_ASAP7_6t_L,A,Y,fall,40.0,0.0115199999999999,0.7,25.0,61.8012,2.0,2.16e-07,1.08e-07,0,1,1,3.713572066704308,0.0114541500451158,4629629.62962963,9259259.25925926,53333.33333333333,106666.66666666666,106666.66666666666,9259259.25925926,1.4285714285714286,0.04,0.3333333333333333,0,58.830967
ASAP7,INVX1,INVx1_ASAP7_6t_L,A,Y,rise,5.0,0.0014399999999999,0.7,25.0,10.697,1.0,5.4e-08,5.4e-08,1,1,1,1.791759469228055,0.0014389641942542,18518518.51851852,18518518.51851852,26666.666666666664,26666.666666666664,26666.666666666664,18518518.51851852,1.4285714285714286,0.04,0.0,0,6.4947124
ASAP7,INVX1,INVx1_ASAP7_6t_L,A,Y,fall,320.0,0.0460799999999999,0.7,25.0,283.305,1.0,5.4e-08,5.4e-08,1,1,1,5.771441123130016,0.0450498445537087,18518518.51851852,18518518.51851852,853333.3333333333,853333.3333333333,853333.3333333333,18518518.51851852,1.4285714285714286,0.04,0.0,0,253.62636
ASAP7,NANDX1,NAND2x1p5_ASAP7_6t_L,B,Y,fall,160.0,0.0003599999999999,0.7,25.0,1.75527,0.5,1.08e-07,2.16e-07,0,1,1,5.081404364984463,0.0003599352155478,9259259.25925926,4629629.62962963,3333.333333333333,1666.6666666666663,1666.6666666666663,4629629.62962963,1.4285714285714286,0.04,-0.3333333333333333,0,15.356938
ASAP7,NANDX1,NAND2x1_ASAP7_6t_L,A,Y,rise,10.0,0.0014399999999999,0.7,25.0,15.4508,0.5,1.08e-07,2.16e-07,0,1,1,2.3978952727983707,0.0014389641942542,9259259.25925926,4629629.62962963,13333.333333333332,6666.666666666666,13333.333333333332,9259259.25925926,1.4285714285714286,0.04,-0.3333333333333333,0,17.508512
ASAP7,INVX1,INVx13_ASAP7_6t_L,A,Y,rise,40.0,0.0921599999999999,0.7,25.0,51.1609,1.0,5.4e-08,5.4e-08,1,1,1,3.713572066704308,0.0881573867362051,18518518.51851852,18518518.51851852,1706666.6666666665,1706666.6666666665,1706666.6666666665,18518518.51851852,1.4285714285714286,0.04,0.0,0,57.936058
ASAP7,INVX1,INVx1_ASAP7_6t_L,A,Y,rise,5.0,0.0460799999999999,0.7,25.0,229.894,1.0,5.4e-08,5.4e-08,1,1,1,1.791759469228055,0.0450498445537087,18518518.51851852,18518518.51851852,853333.3333333333,853333.3333333333,853333.3333333333,18518518.51851852,1.4285714285714286,0.04,0.0,0,28.749998
ASAP7,NANDX1,NAND3x1_ASAP7_6t_L,A,Y,fall,10.0,0.0014399999999999,0.7,25.0,10.3455,0.5,1.08e-07,2.16e-07,0,1,1,2.3978952727983707,0.0014389641942542,9259259.25925926,4629629.62962963,13333.333333333332,6666.666666666666,6666.666666666666,4629629.62962963,1.4285714285714286,0.04,-0.3333333333333333,0,5.922309
ASAP7,NORX1,NOR3x1_ASAP7_6t_L,B,Y,fall,40.0,0.0115199999999999,0.7,25.0,64.9496,2.0,2.16e-07,1.08e-07,0,1,1,3.713572066704308,0.0114541500451158,4629629.62962963,9259259.25925926,53333.33333333333,106666.66666666666,106666.66666666666,9259259.25925926,1.4285714285714286,0.04,0.3333333333333333,0,58.830967
ASAP7,NORX1,NOR3x1f_ASAP7_6t_L,B,Y,fall,40.0,0.0057599999999999,0.7,25.0,38.0311,2.0,2.16e-07,1.08e-07,0,1,1,3.713572066704308,0.0057434746270657,4629629.62962963,9259259.25925926,26666.666666666664,53333.33333333333,53333.33333333333,9259259.25925926,1.4285714285714286,0.04,0.3333333333333333,0,33.722412
ASAP7,NORX1,NOR3x1f_ASAP7_6t_L,B,Y,rise,160.0,0.0007199999999999,0.7,25.0,42.6458,2.0,2.16e-07,1.08e-07,0,1,1,5.081404364984463,0.0007197409243488,4629629.62962963,9259259.25925926,3333.333333333333,6666.666666666666,3333.333333333333,4629629.62962963,1.4285714285714286,0.04,0.3333333333333333,0,59.310577
ASAP7,NORX1,NOR3x1f_ASAP7_6t_L,B,Y,rise,320.0,0.0230399999999999,0.7,25.0,389.093,2.0,2.16e-07,1.08e-07,0,1,1,5.771441123130016,0.0227785868893395,4629629.62962963,9259259.25925926,106666.66666666666,213333.3333333333,106666.66666666666,4629629.62962963,1.4285714285714286,0.04,0.3333333333333333,0,294.76447
ASAP7,NORX1,NOR5x1f_ASAP7_6t_L,E,Y,rise,80.0,0.0057599999999999,0.7,25.0,157.433,2.0,2.16e-07,1.08e-07,0,1,1,4.394449154672439,0.0057434746270657,4629629.62962963,9259259.25925926,26666.666666666664,53333.33333333333,26666.666666666664,4629629.62962963,1.4285714285714286,0.04,0.3333333333333333,0,85.30409
ASAP7,NORX1,NOR2x1_ASAP7_6t_L,A,Y,fall,80.0,0.0230399999999999,0.7,25.0,121.755,2.0,2.16e-07,1.08e-07,0,1,1,4.394449154672439,0.0227785868893395,4629629.62962963,9259259.25925926,106666.66666666666,213333.3333333333,213333.3333333333,9259259.25925926,1.4285714285714286,0.04,0.3333333333333333,0,113.61911
ASAP7,NORX1,NOR3x1f_ASAP7_6t_L,B,Y,rise,5.0,0.0014399999999999,0.7,25.0,29.4819,2.0,2.16e-07,1.08e-07,0,1,1,1.791759469228055,0.0014389641942542,4629629.62962963,9259259.25925926,6666.666666666666,13333.333333333332,6666.666666666666,4629629.62962963,1.4285714285714286,0.04,0.3333333333333333,0,18.271818
ASAP7,NORX1,NOR3x1f_ASAP7_6t_L,C,Y,rise,5.0,0.0014399999999999,0.7,25.0,29.8711,2.0,2.16e-07,1.08e-07,0,1,1,1.791759469228055,0.0014389641942542,4629629.62962963,9259259.25925926,6666.666666666666,13333.333333333332,6666.666666666666,4629629.62962963,1.4285714285714286,0.04,0.3333333333333333,0,26.159296
ASAP7,NANDX1,NAND3x1_ASAP7_6t_L,A,Y,fall,40.0,0.0460799999999999,0.7,25.0,164.99,0.5,1.08e-07,2.16e-07,0,1,1,3.713572066704308,0.0450498445537087,9259259.25925926,4629629.62962963,426666.6666666666,213333.3333333333,213333.3333333333,4629629.62962963,1.4285714285714286,0.04,-0.3333333333333333,0,173.65047
ASAP7,NORX1,NOR3x1f_ASAP7_6t_L,A,Y,rise,80.0,0.0003599999999999,0.7,25.0,27.9519,2.0,2.16e-07,1.08e-07,0,1,1,4.394449154672439,0.0003599352155478,4629629.62962963,9259259.25925926,1666.6666666666663,3333.333333333333,1666.6666666666663,4629629.62962963,1.4285714285714286,0.04,0.3333333333333333,0,17.536037
ASAP7,NANDX1,NAND2x1p5_ASAP7_6t_L,A,Y,fall,5.0,0.0057599999999999,0.7,25.0,17.6092,0.5,1.08e-07,2.16e-07,0,1,1,1.791759469228055,0.0057434746270657,9259259.25925926,4629629.62962963,53333.33333333333,26666.666666666664,26666.666666666664,4629629.62962963,1.4285714285714286,0.04,-0.3333333333333333,0,20.015955
ASAP7,INVX1,INVx11_ASAP7_6t_L,A,Y,rise,5.0,0.0115199999999999,0.7,25.0,8.96039,1.0,5.4e-08,5.4e-08,1,1,1,1.791759469228055,0.0114541500451158,18518518.51851852,18518518.51851852,213333.3333333333,213333.3333333333,213333.3333333333,18518518.51851852,1.4285714285714286,0.04,0.0,0,76.29238
ASAP7,NORX1,NOR5x1f_ASAP7_6t_L,D,Y,rise,10.0,0.0057599999999999,0.7,25.0,152.311,2.0,2.16e-07,1.08e-07,0,1,1,2.3978952727983707,0.0057434746270657,4629629.62962963,9259259.25925926,26666.666666666664,53333.33333333333,26666.666666666664,4629629.62962963,1.4285714285714286,0.04,0.3333333333333333,0,1.0905848
ASAP7,NANDX1,NAND2x1p5_ASAP7_6t_L,B,Y,rise,20.0,0.0014399999999999,0.7,25.0,17.7308,0.5,1.08e-07,2.16e-07,0,1,1,3.044522437723423,0.0014389641942542,9259259.25925926,4629629.62962963,13333.333333333332,6666.666666666666,13333.333333333332,9259259.25925926,1.4285714285714286,0.04,-0.3333333333333333,0,25.416174
ASAP7,NORX1,NOR3x1f_ASAP7_6t_L,A,Y,fall,40.0,0.0115199999999999,0.7,25.0,61.1276,2.0,2.16e-07,1.08e-07,0,1,1,3.713572066704308,0.0114541500451158,4629629.62962963,9259259.25925926,53333.33333333333,106666.66666666666,106666.66666666666,9259259.25925926,1.4285714285714286,0.04,0.3333333333333333,0,1.0935768
ASAP7,NORX1,NOR3x1_ASAP7_6t_L,A,Y,rise,40.0,0.0057599999999999,0.7,25.0,41.3069,2.0,2.16e-07,1.08e-07,0,1,1,3.713572066704308,0.0057434746270657,4629629.62962963,9259259.25925926,26666.666666666664,53333.33333333333,26666.666666666664,4629629.62962963,1.4285714285714286,0.04,0.3333333333333333,0,46.46954
ASAP7,NORX1,NOR5x1f_ASAP7_6t_L,E,Y,rise,80.0,0.0003599999999999,0.7,25.0,34.7379,2.0,2.16e-07,1.08e-07,0,1,1,4.394449154672439,0.0003599352155478,4629629.62962963,9259259.25925926,1666.6666666666663,3333.333333333333,1666.6666666666663,4629629.62962963,1.4285714285714286,0.04,0.3333333333333333,0,17.536037
ASAP7,NORX1,NOR3x1_ASAP7_6t_L,C,Y,fall,10.0,0.0014399999999999,0.7,25.0,16.0346,2.0,2.16e-07,1.08e-07,0,1,1,2.3978952727983707,0.0014389641942542,4629629.62962963,9259259.25925926,6666.666666666666,13333.333333333332,13333.333333333332,9259259.25925926,1.4285714285714286,0.04,0.3333333333333333,0,12.131722
ASAP7,NORX1,NOR3x1f_ASAP7_6t_L,C,Y,fall,320.0,0.0115199999999999,0.7,25.0,116.881,2.0,2.16e-07,1.08e-07,0,1,1,5.771441123130016,0.0114541500451158,4629629.62962963,9259259.25925926,53333.33333333333,106666.66666666666,106666.66666666666,9259259.25925926,1.4285714285714286,0.04,0.3333333333333333,0,67.389084
ASAP7,NORX1,NOR2x1_ASAP7_6t_L,A,Y,fall,20.0,0.0028799999999999,0.7,25.0,22.0147,2.0,2.16e-07,1.08e-07,0,1,1,3.044522437723423,0.0028758607454642,4629629.62962963,9259259.25925926,13333.333333333332,26666.666666666664,26666.666666666664,9259259.25925926,1.4285714285714286,0.04,0.3333333333333333,0,1.0727599
ASAP7,NORX1,NOR5x1f_ASAP7_6t_L,E,Y,rise,20.0,0.0115199999999999,0.7,25.0,283.291,2.0,2.16e-07,1.08e-07,0,1,1,3.044522437723423,0.0114541500451158,4629629.62962963,9259259.25925926,53333.33333333333,106666.66666666666,53333.33333333333,4629629.62962963,1.4285714285714286,0.04,0.3333333333333333,0,166.96758
ASAP7,NORX1,NOR3x1f_ASAP7_6t_L,A,Y,fall,40.0,0.0003599999999999,0.7,25.0,9.2828,2.0,2.16e-07,1.08e-07,0,1,1,3.713572066704308,0.0003599352155478,4629629.62962963,9259259.25925926,1666.6666666666663,3333.333333333333,3333.333333333333,9259259.25925926,1.4285714285714286,0.04,0.3333333333333333,0,15.032116
ASAP7,NORX1,NOR5x1f_ASAP7_6t_L,B,Y,rise,320.0,0.0028799999999999,0.7,25.0,147.017,2.0,2.16e-07,1.08e-07,0,1,1,5.771441123130016,0.0028758607454642,4629629.62962963,9259259.25925926,13333.333333333332,26666.666666666664,13333.333333333332,4629629.62962963,1.4285714285714286,0.04,0.3333333333333333,0,72.96555
ASAP7,NANDX1,NAND2x1p5_ASAP7_6t_L,A,Y,fall,40.0,0.0115199999999999,0.7,25.0,36.7589,0.5,1.08e-07,2.16e-07,0,1,1,3.713572066704308,0.0114541500451158,9259259.25925926,4629629.62962963,106666.66666666666,53333.33333333333,53333.33333333333,4629629.62962963,1.4285714285714286,0.04,-0.3333333333333333,0,35.298405
ASAP7,NANDX1,NAND2x1p5_ASAP7_6t_L,B,Y,rise,5.0,0.0007199999999999,0.7,25.0,9.50061,0.5,1.08e-07,2.16e-07,0,1,1,1.791759469228055,0.0007197409243488,9259259.25925926,4629629.62962963,6666.666666666666,3333.333333333333,6666.666666666666,9259259.25925926,1.4285714285714286,0.04,-0.3333333333333333,0,13.818687
ASAP7,NORX1,NOR2x1_ASAP7_6t_L,B,Y,fall,160.0,0.0115199999999999,0.7,25.0,93.7352,2.0,2.16e-07,1.08e-07,0,1,1,5.081404364984463,0.0114541500451158,4629629.62962963,9259259.25925926,53333.33333333333,106666.66666666666,106666.66666666666,9259259.25925926,1.4285714285714286,0.04,0.3333333333333333,0,65.888
ASAP7,INVX2,INVx2_ASAP7_6t_L,A,Y,rise,40.0,0.0057599999999999,0.7,25.0,28.2992,1.0,1.08e-07,1.08e-07,1,1,1,3.713572066704308,0.0057434746270657,9259259.25925926,9259259.25925926,53333.33333333333,53333.33333333333,53333.33333333333,9259259.25925926,1.4285714285714286,0.04,0.0,0,14.258176
ASAP7,NANDX1,NAND2x1p5_ASAP7_6t_L,A,Y,fall,10.0,0.0057599999999999,0.7,25.0,18.4774,0.5,1.08e-07,2.16e-07,0,1,1,2.3978952727983707,0.0057434746270657,9259259.25925926,4629629.62962963,53333.33333333333,26666.666666666664,26666.666666666664,4629629.62962963,1.4285714285714286,0.04,-0.3333333333333333,0,10.424713
ASAP7,NORX1,NOR3x1_ASAP7_6t_L,B,Y,fall,20.0,0.0460799999999999,0.7,25.0,201.184,2.0,2.16e-07,1.08e-07,0,1,1,3.044522437723423,0.0450498445537087,4629629.62962963,9259259.25925926,213333.3333333333,426666.6666666666,426666.6666666666,9259259.25925926,1.4285714285714286,0.04,0.3333333333333333,0,182.26678
ASAP7,NORX1,NOR3x1_ASAP7_6t_L,C,Y,rise,20.0,0.0028799999999999,0.7,25.0,23.8922,2.0,2.16e-07,1.08e-07,0,1,1,3.044522437723423,0.0028758607454642,4629629.62962963,9259259.25925926,13333.333333333332,26666.666666666664,13333.333333333332,4629629.62962963,1.4285714285714286,0.04,0.3333333333333333,0,28.049294
ASAP7,NANDX1,NAND2x1p5_ASAP7_6t_L,B,Y,rise,40.0,0.0230399999999999,0.7,25.0,130.545,0.5,1.08e-07,2.16e-07,0,1,1,3.713572066704308,0.0227785868893395,9259259.25925926,4629629.62962963,213333.3333333333,106666.66666666666,213333.3333333333,9259259.25925926,1.4285714285714286,0.04,-0.3333333333333333,0,144.1459
ASAP7,NORX1,NOR3x1_ASAP7_6t_L,A,Y,rise,20.0,0.0014399999999999,0.7,25.0,15.8548,2.0,2.16e-07,1.08e-07,0,1,1,3.044522437723423,0.0014389641942542,4629629.62962963,9259259.25925926,6666.666666666666,13333.333333333332,6666.666666666666,4629629.62962963,1.4285714285714286,0.04,0.3333333333333333,0,149.61697
ASAP7,NORX1,NOR3x1f_ASAP7_6t_L,C,Y,rise,10.0,0.0057599999999999,0.7,25.0,89.7654,2.0,2.16e-07,1.08e-07,0,1,1,2.3978952727983707,0.0057434746270657,4629629.62962963,9259259.25925926,26666.666666666664,53333.33333333333,26666.666666666664,4629629.62962963,1.4285714285714286,0.04,0.3333333333333333,0,66.264946
ASAP7,NANDX1,NAND3x1_ASAP7_6t_L,B,Y,fall,320.0,0.0230399999999999,0.7,25.0,125.456,0.5,1.08e-07,2.16e-07,0,1,1,5.771441123130016,0.0227785868893395,9259259.25925926,4629629.62962963,213333.3333333333,106666.66666666666,106666.66666666666,4629629.62962963,1.4285714285714286,0.04,-0.3333333333333333,0,198.77495
ASAP7,NORX1,NOR3x1_ASAP7_6t_L,A,Y,rise,160.0,0.0115199999999999,0.7,25.0,97.2426,2.0,2.16e-07,1.08e-07,0,1,1,5.081404364984463,0.0114541500451158,4629629.62962963,9259259.25925926,53333.33333333333,106666.66666666666,53333.33333333333,4629629.62962963,1.4285714285714286,0.04,0.3333333333333333,0,173.94363
ASAP7,NORX1,NOR3x1_ASAP7_6t_L,B,Y,rise,160.0,0.0007199999999999,0.7,25.0,19.9415,2.0,2.16e-07,1.08e-07,0,1,1,5.081404364984463,0.0007197409243488,4629629.62962963,9259259.25925926,3333.333333333333,6666.666666666666,3333.333333333333,4629629.62962963,1.4285714285714286,0.04,0.3333333333333333,0,25.017021
ASAP7,NORX1,NOR3x1_ASAP7_6t_L,B,Y,rise,320.0,0.0014399999999999,0.7,25.0,31.5231,2.0,2.16e-07,1.08e-07,0,1,1,5.771441123130016,0.0014389641942542,4629629.62962963,9259259.25925926,6666.666666666666,13333.333333333332,6666.666666666666,4629629.62962963,1.4285714285714286,0.04,0.3333333333333333,0,66.96722
ASAP7,NORX1,NOR3x1_ASAP7_6t_L,C,Y,rise,80.0,0.0230399999999999,0.7,25.0,124.793,2.0,2.16e-07,1.08e-07,0,1,1,4.394449154672439,0.0227785868893395,4629629.62962963,9259259.25925926,106666.66666666666,213333.3333333333,106666.66666666666,4629629.62962963,1.4285714285714286,0.04,0.3333333333333333,0,1.1461679
ASAP7,NORX1,NOR5x1f_ASAP7_6t_L,B,Y,fall,160.0,0.0007199999999999,0.7,25.0,17.283,2.0,2.16e-07,1.08e-07,0,1,1,5.081404364984463,0.0007197409243488,4629629.62962963,9259259.25925926,3333.333333333333,6666.666666666666,6666.666666666666,9259259.25925926,1.4285714285714286,0.04,0.3333333333333333,0,24.50729
ASAP7,NORX1,NOR3x1_ASAP7_6t_L,C,Y,fall,20.0,0.0057599999999999,0.7,25.0,36.9973,2.0,2.16e-07,1.08e-07,0,1,1,3.044522437723423,0.0057434746270657,4629629.62962963,9259259.25925926,26666.666666666664,53333.33333333333,53333.33333333333,9259259.25925926,1.4285714285714286,0.04,0.3333333333333333,0,28.12747
ASAP7,NORX1,NOR3x1f_ASAP7_6t_L,B,Y,rise,5.0,0.0057599999999999,0.7,25.0,88.541,2.0,2.16e-07,1.08e-07,0,1,1,1.791759469228055,0.0057434746270657,4629629.62962963,9259259.25925926,26666.666666666664,53333.33333333333,26666.666666666664,4629629.62962963,1.4285714285714286,0.04,0.3333333333333333,0,23.022196
ASAP7,NORX1,NOR3x1_ASAP7_6t_L,A,Y,fall,160.0,0.0057599999999999,0.7,25.0,63.8467,2.0,2.16e-07,1.08e-07,0,1,1,5.081404364984463,0.0057434746270657,4629629.62962963,9259259.25925926,26666.666666666664,53333.33333333333,53333.33333333333,9259259.25925926,1.4285714285714286,0.04,0.3333333333333333,0,44.377712
ASAP7,NORX1,NOR5x1f_ASAP7_6t_L,E,Y,rise,160.0,0.0115199999999999,0.7,25.0,292.313,2.0,2.16e-07,1.08e-07,0,1,1,5.081404364984463,0.0114541500451158,4629629.62962963,9259259.25925926,53333.33333333333,106666.66666666666,53333.33333333333,4629629.62962963,1.4285714285714286,0.04,0.3333333333333333,0,173.94106
ASAP7,NORX1,NOR5x1f_ASAP7_6t_L,E,Y,fall,10.0,0.0003599999999999,0.7,25.0,8.07404,2.0,2.16e-07,1.08e-07,0,1,1,2.3978952727983707,0.0003599352155478,4629629.62962963,9259259.25925926,1666.6666666666663,3333.333333333333,3333.333333333333,9259259.25925926,1.4285714285714286,0.04,0.3333333333333333,0,9.7154045
ASAP7,NORX1,NOR3x1f_ASAP7_6t_L,A,Y,fall,80.0,0.0115199999999999,0.7,25.0,72.8925,2.0,2.16e-07,1.08e-07,0,1,1,4.394449154672439,0.0114541500451158,4629629.62962963,9259259.25925926,53333.33333333333,106666.66666666666,106666.66666666666,9259259.25925926,1.4285714285714286,0.04,0.3333333333333333,0,1.1093545
ASAP7,NANDX1,NAND3x1_ASAP7_6t_L,C,Y,fall,80.0,0.0007199999999999,0.7,25.0,9.60304,0.5,1.08e-07,2.16e-07,0,1,1,4.394449154672439,0.0007197409243488,9259259.25925926,4629629.62962963,6666.666666666666,3333.333333333333,3333.333333333333,4629629.62962963,1.4285714285714286,0.04,-0.3333333333333333,0,10.568887
ASAP7,NANDX1,NAND3x1_ASAP7_6t_L,A,Y,rise,20.0,0.0057599999999999,0.7,25.0,39.7311,0.5,1.08e-07,2.16e-07,0,1,1,3.044522437723423,0.0057434746270657,9259259.25925926,4629629.62962963,53333.33333333333,26666.666666666664,53333.33333333333,9259259.25925926,1.4285714285714286,0.04,-0.3333333333333333,0,41.646038
ASAP7,NORX1,NOR3x1f_ASAP7_6t_L,A,Y,rise,160.0,0.0007199999999999,0.7,25.0,47.854,2.0,2.16e-07,1.08e-07,0,1,1,5.081404364984463,0.0007197409243488,4629629.62962963,9259259.25925926,3333.333333333333,6666.666666666666,3333.333333333333,4629629.62962963,1.4285714285714286,0.04,0.3333333333333333,0,24.885096
ASAP7,NORX1,NOR3x1f_ASAP7_6t_L,C,Y,fall,10.0,0.0230399999999999,0.7,25.0,100.476,2.0,2.16e-07,1.08e-07,0,1,1,2.3978952727983707,0.0227785868893395,4629629.62962963,9259259.25925926,106666.66666666666,213333.3333333333,213333.3333333333,9259259.25925926,1.4285714285714286,0.04,0.3333333333333333,0,122.88082
ASAP7,NORX1,NOR3x1f_ASAP7_6t_L,B,Y,fall,20.0,0.0003599999999999,0.7,25.0,8.50283,2.0,2.16e-07,1.08e-07,0,1,1,3.044522437723423,0.0003599352155478,4629629.62962963,9259259.25925926,1666.6666666666663,3333.333333333333,3333.333333333333,9259259.25925926,1.4285714285714286,0.04,0.3333333333333333,0,12.135748
ASAP7,NORX1,NOR2x1_ASAP7_6t_L,B,Y,rise,20.0,0.0007199999999999,0.7,25.0,11.4303,2.0,2.16e-07,1.08e-07,0,1,1,3.044522437723423,0.0007197409243488,4629629.62962963,9259259.25925926,3333.333333333333,6666.666666666666,3333.333333333333,4629629.62962963,1.4285714285714286,0.04,0.3333333333333333,0,26.492395
ASAP7,NANDX1,NAND3x1_ASAP7_6t_L,C,Y,fall,160.0,0.0014399999999999,0.7,25.0,11.034,0.5,1.08e-07,2.16e-07,0,1,1,5.081404364984463,0.0014389641942542,9259259.25925926,4629629.62962963,13333.333333333332,6666.666666666666,6666.666666666666,4629629.62962963,1.4285714285714286,0.04,-0.3333333333333333,0,19.17175
ASAP7,NANDX1,NAND2x1_ASAP7_6t_L,B,Y,fall,5.0,0.0014399999999999,0.7,25.0,8.95913,0.5,1.08e-07,2.16e-07,0,1,1,1.791759469228055,0.0014389641942542,9259259.25925926,4629629.62962963,13333.333333333332,6666.666666666666,6666.666666666666,4629629.62962963,1.4285714285714286,0.04,-0.3333333333333333,0,8.13149
ASAP7,NORX1,NOR3x1f_ASAP7_6t_L,B,Y,rise,20.0,0.0115199999999999,0.7,25.0,169.972,2.0,2.16e-07,1.08e-07,0,1,1,3.044522437723423,0.0114541500451158,4629629.62962963,9259259.25925926,53333.33333333333,106666.66666666666,53333.33333333333,4629629.62962963,1.4285714285714286,0.04,0.3333333333333333,0,40.902763
ASAP7,NORX1,NOR3x1f_ASAP7_6t_L,C,Y,rise,5.0,0.0003599999999999,0.7,25.0,14.8166,2.0,2.16e-07,1.08e-07,0,1,1,1.791759469228055,0.0003599352155478,4629629.62962963,9259259.25925926,1666.6666666666663,3333.333333333333,1666.6666666666663,4629629.62962963,1.4285714285714286,0.04,0.3333333333333333,0,15.5649805
ASAP7,NORX1,NOR5x1f_ASAP7_6t_L,A,Y,fall,20.0,0.0115199999999999,0.7,25.0,56.0193,2.0,2.16e-07,1.08e-07,0,1,1,3.044522437723423,0.0114541500451158,4629629.62962963,9259259.25925926,53333.33333333333,106666.66666666666,106666.66666666666,9259259.25925926,1.4285714285714286,0.04,0.3333333333333333,0,1.0814451
ASAP7,INVX1,INVx11_ASAP7_6t_L,A,Y,fall,320.0,0.0921599999999999,0.7,25.0,94.0184,1.0,5.4e-08,5.4e-08,1,1,1,5.771441123130016,0.0881573867362051,18518518.51851852,18518518.51851852,1706666.6666666665,1706666.6666666665,1706666.6666666665,18518518.51851852,1.4285714285714286,0.04,0.0,0,39.17934
ASAP7,NANDX1,NAND3x1_ASAP7_6t_L,C,Y,rise,320.0,0.0115199999999999,0.7,25.0,158.931,0.5,1.08e-07,2.16e-07,0,1,1,5.771441123130016,0.0114541500451158,9259259.25925926,4629629.62962963,106666.66666666666,53333.33333333333,106666.66666666666,9259259.25925926,1.4285714285714286,0.04,-0.3333333333333333,0,95.39114
ASAP7,NANDX1,NAND2x1_ASAP7_6t_L,B,Y,fall,40.0,0.0057599999999999,0.7,25.0,33.3293,0.5,1.08e-07,2.16e-07,0,1,1,3.713572066704308,0.0057434746270657,9259259.25925926,4629629.62962963,53333.33333333333,26666.666666666664,26666.666666666664,4629629.62962963,1.4285714285714286,0.04,-0.3333333333333333,0,17.997543
ASAP7,NANDX1,NAND3x1_ASAP7_6t_L,A,Y,fall,160.0,0.0014399999999999,0.7,25.0,17.0601,0.5,1.08e-07,2.16e-07,0,1,1,5.081404364984463,0.0014389641942542,9259259.25925926,4629629.62962963,13333.333333333332,6666.666666666666,6666.666666666666,4629629.62962963,1.4285714285714286,0.04,-0.3333333333333333,0,16.933506
ASAP7,NORX1,NOR3x1_ASAP7_6t_L,C,Y,rise,40.0,0.0007199999999999,0.7,25.0,14.9326,2.0,2.16e-07,1.08e-07,0,1,1,3.713572066704308,0.0007197409243488,4629629.62962963,9259259.25925926,3333.333333333333,6666.666666666666,3333.333333333333,4629629.62962963,1.4285714285714286,0.04,0.3333333333333333,0,18.868687
ASAP7,NORX1,NOR5x1f_ASAP7_6t_L,A,Y,rise,40.0,0.0115199999999999,0.7,25.0,282.688,2.0,2.16e-07,1.08e-07,0,1,1,3.713572066704308,0.0114541500451158,4629629.62962963,9259259.25925926,53333.33333333333,106666.66666666666,53333.33333333333,4629629.62962963,1.4285714285714286,0.04,0.3333333333333333,0,279.31042
ASAP7,NANDX1,NAND3x1_ASAP7_6t_L,C,Y,fall,20.0,0.0014399999999999,0.7,25.0,12.3077,0.5,1.08e-07,2.16e-07,0,1,1,3.044522437723423,0.0014389641942542,9259259.25925926,4629629.62962963,13333.333333333332,6666.666666666666,6666.666666666666,4629629.62962963,1.4285714285714286,0.04,-0.3333333333333333,0,7.939051
ASAP7,INVX1,INVx1_ASAP7_6t_L,A,Y,rise,10.0,0.0057599999999999,0.7,25.0,33.4813,1.0,5.4e-08,5.4e-08,1,1,1,2.3978952727983707,0.0057434746270657,18518518.51851852,18518518.51851852,106666.66666666666,106666.66666666666,106666.66666666666,18518518.51851852,1.4285714285714286,0.04,0.0,0,9.298518
ASAP7,NANDX1,NAND2x1_ASAP7_6t_L,A,Y,rise,5.0,0.0007199999999999,0.7,25.0,10.3196,0.5,1.08e-07,2.16e-07,0,1,1,1.791759469228055,0.0007197409243488,9259259.25925926,4629629.62962963,6666.666666666666,3333.333333333333,6666.666666666666,9259259.25925926,1.4285714285714286,0.04,-0.3333333333333333,0,13.085497
ASAP7,NANDX1,NAND3x1_ASAP7_6t_L,A,Y,fall,320.0,0.0014399999999999,0.7,25.0,13.7499,0.5,1.08e-07,2.16e-07,0,1,1,5.771441123130016,0.0014389641942542,9259259.25925926,4629629.62962963,13333.333333333332,6666.666666666666,6666.666666666666,4629629.62962963,1.4285714285714286,0.04,-0.3333333333333333,0,21.398026
ASAP7,NANDX1,NAND2x1_ASAP7_6t_L,A,Y,rise,5.0,0.0230399999999999,0.7,25.0,120.392,0.5,1.08e-07,2.16e-07,0,1,1,1.791759469228055,0.0227785868893395,9259259.25925926,4629629.62962963,213333.3333333333,106666.66666666666,213333.3333333333,9259259.25925926,1.4285714285714286,0.04,-0.3333333333333333,0,126.665794
ASAP7,NORX1,NOR5x1f_ASAP7_6t_L,E,Y,fall,5.0,0.0007199999999999,0.7,25.0,8.22349,2.0,2.16e-07,1.08e-07,0,1,1,1.791759469228055,0.0007197409243488,4629629.62962963,9259259.25925926,3333.333333333333,6666.666666666666,6666.666666666666,9259259.25925926,1.4285714285714286,0.04,0.3333333333333333,0,9.526201
ASAP7,NANDX1,NAND3x1_ASAP7_6t_L,C,Y,fall,5.0,0.0230399999999999,0.7,25.0,82.0218,0.5,1.08e-07,2.16e-07,0,1,1,1.791759469228055,0.0227785868893395,9259259.25925926,4629629.62962963,213333.3333333333,106666.66666666666,106666.66666666666,4629629.62962963,1.4285714285714286,0.04,-0.3333333333333333,0,68.960464
ASAP7,NORX1,NOR3x1_ASAP7_6t_L,C,Y,rise,40.0,0.0014399999999999,0.7,25.0,18.9233,2.0,2.16e-07,1.08e-07,0,1,1,3.713572066704308,0.0014389641942542,4629629.62962963,9259259.25925926,6666.666666666666,13333.333333333332,6666.666666666666,4629629.62962963,1.4285714285714286,0.04,0.3333333333333333,0,47.95562
ASAP7,NANDX1,NAND3x1_ASAP7_6t_L,B,Y,fall,160.0,0.0007199999999999,0.7,25.0,8.63183,0.5,1.08e-07,2.16e-07,0,1,1,5.081404364984463,0.0007197409243488,9259259.25925926,4629629.62962963,6666.666666666666,3333.333333333333,3333.333333333333,4629629.62962963,1.4285714285714286,0.04,-0.3333333333333333,0,16.189568
ASAP7,NORX1,NOR3x1f_ASAP7_6t_L,A,Y,rise,10.0,0.0014399999999999,0.7,25.0,29.4536,2.0,2.16e-07,1.08e-07,0,1,1,2.3978952727983707,0.0014389641942542,4629629.62962963,9259259.25925926,6666.666666666666,13333.333333333332,6666.666666666666,4629629.62962963,1.4285714285714286,0.04,0.3333333333333333,0,41.75465
ASAP7,NORX1,NOR5x1f_ASAP7_6t_L,A,Y,rise,160.0,0.0115199999999999,0.7,25.0,311.057,2.0,2.16e-07,1.08e-07,0,1,1,5.081404364984463,0.0114541500451158,4629629.62962963,9259259.25925926,53333.33333333333,106666.66666666666,53333.33333333333,4629629.62962963,1.4285714285714286,0.04,0.3333333333333333,0,173.93997
ASAP7,NORX1,NOR5x1f_ASAP7_6t_L,C,Y,fall,320.0,0.0057599999999999,0.7,25.0,73.6324,2.0,2.16e-07,1.08e-07,0,1,1,5.771441123130016,0.0057434746270657,4629629.62962963,9259259.25925926,26666.666666666664,53333.33333333333,53333.33333333333,9259259.25925926,1.4285714285714286,0.04,0.3333333333333333,0,48.205162
ASAP7,NANDX1,NAND3x1_ASAP7_6t_L,A,Y,rise,40.0,0.0230399999999999,0.7,25.0,131.362,0.5,1.08e-07,2.16e-07,0,1,1,3.713572066704308,0.0227785868893395,9259259.25925926,4629629.62962963,213333.3333333333,106666.66666666666,213333.3333333333,9259259.25925926,1.4285714285714286,0.04,-0.3333333333333333,0,144.1459
ASAP7,NORX1,NOR3x1f_ASAP7_6t_L,B,Y,fall,320.0,0.0007199999999999,0.7,25.0,15.0323,2.0,2.16e-07,1.08e-07,0,1,1,5.771441123130016,0.0007197409243488,4629629.62962963,9259259.25925926,3333.333333333333,6666.666666666666,6666.666666666666,9259259.25925926,1.4285714285714286,0.04,0.3333333333333333,0,1.1738122
ASAP7,NANDX1,NAND2x1_ASAP7_6t_L,B,Y,rise,10.0,0.0230399999999999,0.7,25.0,120.237,0.5,1.08e-07,2.16e-07,0,1,1,2.3978952727983707,0.0227785868893395,9259259.25925926,4629629.62962963,213333.3333333333,106666.66666666666,213333.3333333333,9259259.25925926,1.4285714285714286,0.04,-0.3333333333333333,0,127.61167
ASAP7,NANDX1,NAND3x1_ASAP7_6t_L,A,Y,rise,5.0,0.0014399999999999,0.7,25.0,13.6611,0.5,1.08e-07,2.16e-07,0,1,1,1.791759469228055,0.0014389641942542,9259259.25925926,4629629.62962963,13333.333333333332,6666.666666666666,13333.333333333332,9259259.25925926,1.4285714285714286,0.04,-0.3333333333333333,0,14.299782
ASAP7,NORX1,NOR5x1f_ASAP7_6t_L,A,Y,rise,10.0,0.0007199999999999,0.7,25.0,31.9282,2.0,2.16e-07,1.08e-07,0,1,1,2.3978952727983707,0.0007197409243488,4629629.62962963,9259259.25925926,3333.333333333333,6666.666666666666,3333.333333333333,4629629.62962963,1.4285714285714286,0.04,0.3333333333333333,0,38.69021
ASAP7,INVX1,INVx1_ASAP7_6t_L,A,Y,rise,5.0,0.0115199999999999,0.7,25.0,60.229,1.0,5.4e-08,5.4e-08,1,1,1,1.791759469228055,0.0114541500451158,18518518.51851852,18518518.51851852,213333.3333333333,213333.3333333333,213333.3333333333,18518518.51851852,1.4285714285714286,0.04,0.0,0,74.800064
ASAP7,NORX1,NOR5x1f_ASAP7_6t_L,D,Y,rise,80.0,0.0115199999999999,0.7,25.0,288.833,2.0,2.16e-07,1.08e-07,0,1,1,4.394449154672439,0.0114541500451158,4629629.62962963,9259259.25925926,53333.33333333333,106666.66666666666,53333.33333333333,4629629.62962963,1.4285714285714286,0.04,0.3333333333333333,0,181.54655
ASAP7,NORX1,NOR5x1f_ASAP7_6t_L,C,Y,rise,160.0,0.0014399999999999,0.7,25.0,75.7316,2.0,2.16e-07,1.08e-07,0,1,1,5.081404364984463,0.0014389641942542,4629629.62962963,9259259.25925926,6666.666666666666,13333.333333333332,6666.666666666666,4629629.62962963,1.4285714285714286,0.04,0.3333333333333333,0,26.881086
ASAP7,NORX1,NOR3x1f_ASAP7_6t_L,C,Y,rise,160.0,0.0057599999999999,0.7,25.0,111.291,2.0,2.16e-07,1.08e-07,0,1,1,5.081404364984463,0.0057434746270657,4629629.62962963,9259259.25925926,26666.666666666664,53333.33333333333,26666.666666666664,4629629.62962963,1.4285714285714286,0.04,0.3333333333333333,0,48.00397
ASAP7,INVX2,INVx2_ASAP7_6t_L,A,Y,fall,160.0,0.0014399999999999,0.7,25.0,14.6083,1.0,1.08e-07,1.08e-07,1,1,1,5.081404364984463,0.0014389641942542,9259259.25925926,9259259.25925926,13333.333333333332,13333.333333333332,13333.333333333332,9259259.25925926,1.4285714285714286,0.04,0.0,0,18.343115
ASAP7,NANDX1,NAND2x1_ASAP7_6t_L,A,Y,rise,40.0,0.0230399999999999,0.7,25.0,130.929,0.5,1.08e-07,2.16e-07,0,1,1,3.713572066704308,0.0227785868893395,9259259.25925926,4629629.62962963,213333.3333333333,106666.66666666666,213333.3333333333,9259259.25925926,1.4285714285714286,0.04,-0.3333333333333333,0,144.1459
ASAP7,NORX1,NOR3x1f_ASAP7_6t_L,B,Y,rise,160.0,0.0057599999999999,0.7,25.0,121.23,2.0,2.16e-07,1.08e-07,0,1,1,5.081404364984463,0.0057434746270657,4629629.62962963,9259259.25925926,26666.666666666664,53333.33333333333,26666.666666666664,4629629.62962963,1.4285714285714286,0.04,0.3333333333333333,0,48.41219
ASAP7,INVX2,INVx2_ASAP7_6t_L,A,Y,fall,320.0,0.0921599999999999,0.7,25.0,283.464,1.0,1.08e-07,1.08e-07,1,1,1,5.771441123130016,0.0881573867362051,9259259.25925926,9259259.25925926,853333.3333333333,853333.3333333333,853333.3333333333,9259259.25925926,1.4285714285714286,0.04,0.0,0,298.15494
ASAP7,NORX1,NOR3x1_ASAP7_6t_L,C,Y,fall,10.0,0.0057599999999999,0.7,25.0,34.2999,2.0,2.16e-07,1.08e-07,0,1,1,2.3978952727983707,0.0057434746270657,4629629.62962963,9259259.25925926,26666.666666666664,53333.33333333333,53333.33333333333,9259259.25925926,1.4285714285714286,0.04,0.3333333333333333,0,1.065638
ASAP7,NORX1,NOR2x1_ASAP7_6t_L,A,Y,fall,320.0,0.0007199999999999,0.7,25.0,34.5588,2.0,2.16e-07,1.08e-07,0,1,1,5.771441123130016,0.0007197409243488,4629629.62962963,9259259.25925926,3333.333333333333,6666.666666666666,6666.666666666666,9259259.25925926,1.4285714285714286,0.04,0.3333333333333333,0,29.42817
ASAP7,NORX1,NOR3x1_ASAP7_6t_L,C,Y,rise,80.0,0.0115199999999999,0.7,25.0,71.7119,2.0,2.16e-07,1.08e-07,0,1,1,4.394449154672439,0.0114541500451158,4629629.62962963,9259259.25925926,53333.33333333333,106666.66666666666,53333.33333333333,4629629.62962963,1.4285714285714286,0.04,0.3333333333333333,0,181.54622
ASAP7,NORX1,NOR5x1f_ASAP7_6t_L,B,Y,fall,40.0,0.0057599999999999,0.7,25.0,38.6678,2.0,2.16e-07,1.08e-07,0,1,1,3.713572066704308,0.0057434746270657,4629629.62962963,9259259.25925926,26666.666666666664,53333.33333333333,53333.33333333333,9259259.25925926,1.4285714285714286,0.04,0.3333333333333333,0,1.0876596
ASAP7,NORX1,NOR2x1_ASAP7_6t_L,A,Y,fall,80.0,0.0115199999999999,0.7,25.0,75.2476,2.0,2.16e-07,1.08e-07,0,1,1,4.394449154672439,0.0114541500451158,4629629.62962963,9259259.25925926,53333.33333333333,106666.66666666666,106666.66666666666,9259259.25925926,1.4285714285714286,0.04,0.3333333333333333,0,1.1093545
ASAP7,NORX1,NOR3x1_ASAP7_6t_L,B,Y,rise,5.0,0.0028799999999999,0.7,25.0,20.7474,2.0,2.16e-07,1.08e-07,0,1,1,1.791759469228055,0.0028758607454642,4629629.62962963,9259259.25925926,13333.333333333332,26666.666666666664,13333.333333333332,4629629.62962963,1.4285714285714286,0.04,0.3333333333333333,0,31.917253
ASAP7,INVX1,INVx11_ASAP7_6t_L,A,Y,fall,20.0,0.0115199999999999,0.7,25.0,11.2155,1.0,5.4e-08,5.4e-08,1,1,1,3.044522437723423,0.0114541500451158,18518518.51851852,18518518.51851852,213333.3333333333,213333.3333333333,213333.3333333333,18518518.51851852,1.4285714285714286,0.04,0.0,0,144.40233
ASAP7,NORX1,NOR5x1f_ASAP7_6t_L,C,Y,rise,10.0,0.0057599999999999,0.7,25.0,151.009,2.0,2.16e-07,1.08e-07,0,1,1,2.3978952727983707,0.0057434746270657,4629629.62962963,9259259.25925926,26666.666666666664,53333.33333333333,26666.666666666664,4629629.62962963,1.4285714285714286,0.04,0.3333333333333333,0,66.264946
ASAP7,NORX1,NOR2x1_ASAP7_6t_L,B,Y,rise,10.0,0.0115199999999999,0.7,25.0,59.7762,2.0,2.16e-07,1.08e-07,0,1,1,2.3978952727983707,0.0114541500451158,4629629.62962963,9259259.25925926,53333.33333333333,106666.66666666666,53333.33333333333,4629629.62962963,1.4285714285714286,0.04,0.3333333333333333,0,153.73238
ASAP7,NANDX1,NAND2x1_ASAP7_6t_L,B,Y,rise,5.0,0.0028799999999999,0.7,25.0,19.5922,0.5,1.08e-07,2.16e-07,0,1,1,1.791759469228055,0.0028758607454642,9259259.25925926,4629629.62962963,26666.666666666664,13333.333333333332,26666.666666666664,9259259.25925926,1.4285714285714286,0.04,-0.3333333333333333,0,27.629637
ASAP7,INVX2,INVx2_ASAP7_6t_L,A,Y,fall,160.0,0.0028799999999999,0.7,25.0,23.4424,1.0,1.08e-07,1.08e-07,1,1,1,5.081404364984463,0.0028758607454642,9259259.25925926,9259259.25925926,26666.666666666664,26666.666666666664,26666.666666666664,9259259.25925926,1.4285714285714286,0.04,0.0,0,42.049618
ASAP7,NORX1,NOR5x1f_ASAP7_6t_L,D,Y,fall,160.0,0.0014399999999999,0.7,25.0,27.9625,2.0,2.16e-07,1.08e-07,0,1,1,5.081404364984463,0.0014389641942542,4629629.62962963,9259259.25925926,6666.666666666666,13333.333333333332,13333.333333333332,9259259.25925926,1.4285714285714286,0.04,0.3333333333333333,0,27.294607
ASAP7,NANDX1,NAND2x1p5_ASAP7_6t_L,B,Y,fall,80.0,0.0057599999999999,0.7,25.0,31.4794,0.5,1.08e-07,2.16e-07,0,1,1,4.394449154672439,0.0057434746270657,9259259.25925926,4629629.62962963,53333.33333333333,26666.666666666664,26666.666666666664,4629629.62962963,1.4285714285714286,0.04,-0.3333333333333333,0,23.295835
ASAP7,NORX1,NOR5x1f_ASAP7_6t_L,E,Y,rise,20.0,0.0028799999999999,0.7,25.0,88.4798,2.0,2.16e-07,1.08e-07,0,1,1,3.044522437723423,0.0028758607454642,4629629.62962963,9259259.25925926,13333.333333333332,26666.666666666664,13333.333333333332,4629629.62962963,1.4285714285714286,0.04,0.3333333333333333,0,34.1952
ASAP7,NANDX1,NAND3x1_ASAP7_6t_L,A,Y,rise,10.0,0.0460799999999999,0.7,25.0,235.391,0.5,1.08e-07,2.16e-07,0,1,1,2.3978952727983707,0.0450498445537087,9259259.25925926,4629629.62962963,426666.6666666666,213333.3333333333,426666.6666666666,9259259.25925926,1.4285714285714286,0.04,-0.3333333333333333,0,222.60258
ASAP7,NORX1,NOR2x1_ASAP7_6t_L,A,Y,rise,5.0,0.0230399999999999,0.7,25.0,112.908,2.0,2.16e-07,1.08e-07,0,1,1,1.791759469228055,0.0227785868893395,4629629.62962963,9259259.25925926,106666.66666666666,213333.3333333333,106666.66666666666,4629629.62962963,1.4285714285714286,0.04,0.3333333333333333,0,300.07977
ASAP7,NANDX1,NAND3x1_ASAP7_6t_L,B,Y,rise,5.0,0.0028799999999999,0.7,25.0,23.1224,0.5,1.08e-07,2.16e-07,0,1,1,1.791759469228055,0.0028758607454642,9259259.25925926,4629629.62962963,26666.666666666664,13333.333333333332,26666.666666666664,9259259.25925926,1.4285714285714286,0.04,-0.3333333333333333,0,27.629637
ASAP7,INVX2,INVx2_ASAP7_6t_L,A,Y,rise,320.0,0.0028799999999999,0.7,25.0,48.3684,1.0,1.08e-07,1.08e-07,1,1,1,5.771441123130016,0.0028758607454642,9259259.25925926,9259259.25925926,26666.666666666664,26666.666666666664,26666.666666666664,9259259.25925926,1.4285714285714286,0.04,0.0,0,68.67826
ASAP7,NANDX1,NAND3x1_ASAP7_6t_L,C,Y,rise,320.0,0.0007199999999999,0.7,25.0,72.889,0.5,1.08e-07,2.16e-07,0,1,1,5.771441123130016,0.0007197409243488,9259259.25925926,4629629.62962963,6666.666666666666,3333.333333333333,6666.666666666666,9259259.25925926,1.4285714285714286,0.04,-0.3333333333333333,0,39.76828
ASAP7,NORX1,NOR3x1_ASAP7_6t_L,A,Y,rise,10.0,0.0014399999999999,0.7,25.0,13.3553,2.0,2.16e-07,1.08e-07,0,1,1,2.3978952727983707,0.0014389641942542,4629629.62962963,9259259.25925926,6666.666666666666,13333.333333333332,6666.666666666666,4629629.62962963,1.4285714285714286,0.04,0.3333333333333333,0,41.754646
ASAP7,NANDX1,NAND2x1_ASAP7_6t_L,A,Y,fall,20.0,0.0007199999999999,0.7,25.0,8.8529,0.5,1.08e-07,2.16e-07,0,1,1,3.044522437723423,0.0007197409243488,9259259.25925926,4629629.62962963,6666.666666666666,3333.333333333333,3333.333333333333,4629629.62962963,1.4285714285714286,0.04,-0.3333333333333333,0,7.5200315
ASAP7,NANDX1,NAND3x1_ASAP7_6t_L,A,Y,rise,160.0,0.0028799999999999,0.7,25.0,56.6121,0.5,1.08e-07,2.16e-07,0,1,1,5.081404364984463,0.0028758607454642,9259259.25925926,4629629.62962963,26666.666666666664,13333.333333333332,26666.666666666664,9259259.25925926,1.4285714285714286,0.04,-0.3333333333333333,0,44.22166
ASAP7,NANDX1,NAND3x1_ASAP7_6t_L,C,Y,rise,40.0,0.0007199999999999,0.7,25.0,24.2997,0.5,1.08e-07,2.16e-07,0,1,1,3.713572066704308,0.0007197409243488,9259259.25925926,4629629.62962963,6666.666666666666,3333.333333333333,6666.666666666666,9259259.25925926,1.4285714285714286,0.04,-0.3333333333333333,0,22.541084
ASAP7,NORX1,NOR5x1f_ASAP7_6t_L,B,Y,rise,80.0,0.0003599999999999,0.7,25.0,38.449,2.0,2.16e-07,1.08e-07,0,1,1,4.394449154672439,0.0003599352155478,4629629.62962963,9259259.25925926,1666.6666666666663,3333.333333333333,1666.6666666666663,4629629.62962963,1.4285714285714286,0.04,0.3333333333333333,0,17.53604
ASAP7,INVX1,INVx1_ASAP7_6t_L,A,Y,rise,5.0,0.0230399999999999,0.7,25.0,116.784,1.0,5.4e-08,5.4e-08,1,1,1,1.791759469228055,0.0227785868893395,18518518.51851852,18518518.51851852,426666.6666666666,426666.6666666666,426666.6666666666,18518518.51851852,1.4285714285714286,0.04,0.0,0,120.85441
ASAP7,INVX1,INVx13_ASAP7_6t_L,A,Y,fall,20.0,0.0115199999999999,0.7,25.0,10.4776,1.0,5.4e-08,5.4e-08,1,1,1,3.044522437723423,0.0114541500451158,18518518.51851852,18518518.51851852,213333.3333333333,213333.3333333333,213333.3333333333,18518518.51851852,1.4285714285714286,0.04,0.0,0,144.40233
ASAP7,NORX1,NOR3x1f_ASAP7_6t_L,A,Y,rise,20.0,0.0057599999999999,0.7,25.0,91.0748,2.0,2.16e-07,1.08e-07,0,1,1,3.044522437723423,0.0057434746270657,4629629.62962963,9259259.25925926,26666.666666666664,53333.33333333333,26666.666666666664,4629629.62962963,1.4285714285714286,0.04,0.3333333333333333,0,71.93967
ASAP7,NANDX1,NAND2x1p5_ASAP7_6t_L,B,Y,rise,20.0,0.0230399999999999,0.7,25.0,124.514,0.5,1.08e-07,2.16e-07,0,1,1,3.044522437723423,0.0227785868893395,9259259.25925926,4629629.62962963,213333.3333333333,106666.66666666666,213333.3333333333,9259259.25925926,1.4285714285714286,0.04,-0.3333333333333333,0,134.3926
ASAP7,NORX1,NOR3x1_ASAP7_6t_L,C,Y,rise,160.0,0.0028799999999999,0.7,25.0,32.6388,2.0,2.16e-07,1.08e-07,0,1,1,5.081404364984463,0.0028758607454642,4629629.62962963,9259259.25925926,13333.333333333332,26666.666666666664,13333.333333333332,4629629.62962963,1.4285714285714286,0.04,0.3333333333333333,0,32.62429
ASAP7,NORX1,NOR2x1_ASAP7_6t_L,A,Y,fall,10.0,0.0028799999999999,0.7,25.0,19.2163,2.0,2.16e-07,1.08e-07,0,1,1,2.3978952727983707,0.0028758607454642,4629629.62962963,9259259.25925926,13333.333333333332,26666.666666666664,26666.666666666664,9259259.25925926,1.4285714285714286,0.04,0.3333333333333333,0,1.062865
ASAP7,NANDX1,NAND3x1_ASAP7_6t_L,C,Y,rise,320.0,0.0230399999999999,0.7,25.0,225.995,0.5,1.08e-07,2.16e-07,0,1,1,5.771441123130016,0.0227785868893395,9259259.25925926,4629629.62962963,213333.3333333333,106666.66666666666,213333.3333333333,9259259.25925926,1.4285714285714286,0.04,-0.3333333333333333,0,193.49284
ASAP7,NORX1,NOR3x1f_ASAP7_6t_L,A,Y,rise,40.0,0.0028799999999999,0.7,25.0,56.9985,2.0,2.16e-07,1.08e-07,0,1,1,3.713572066704308,0.0028758607454642,4629629.62962963,9259259.25925926,13333.333333333332,26666.666666666664,13333.333333333332,4629629.62962963,1.4285714285714286,0.04,0.3333333333333333,0,36.1858
ASAP7,NORX1,NOR5x1f_ASAP7_6t_L,B,Y,rise,5.0,0.0014399999999999,0.7,25.0,50.5462,2.0,2.16e-07,1.08e-07,0,1,1,1.791759469228055,0.0014389641942542,4629629.62962963,9259259.25925926,6666.666666666666,13333.333333333332,6666.666666666666,4629629.62962963,1.4285714285714286,0.04,0.3333333333333333,0,19.673115
ASAP7,NORX1,NOR5x1f_ASAP7_6t_L,E,Y,rise,5.0,0.0230399999999999,0.7,25.0,540.373,2.0,2.16e-07,1.08e-07,0,1,1,1.791759469228055,0.0227785868893395,4629629.62962963,9259259.25925926,106666.66666666666,213333.3333333333,106666.66666666666,4629629.62962963,1.4285714285714286,0.04,0.3333333333333333,0,1.1001877
ASAP7,INVX1,INVx11_ASAP7_6t_L,A,Y,rise,80.0,0.3686399999999999,0.7,25.0,197.005,1.0,5.4e-08,5.4e-08,1,1,1,4.394449154672439,0.3138175460564067,18518518.51851852,18518518.51851852,6826666.666666666,6826666.666666666,6826666.666666666,18518518.51851852,1.4285714285714286,0.04,0.0,0,194.93933
ASAP7,NANDX1,NAND2x1p5_ASAP7_6t_L,B,Y,fall,320.0,0.0057599999999999,0.7,25.0,39.0347,0.5,1.08e-07,2.16e-07,0,1,1,5.771441123130016,0.0057434746270657,9259259.25925926,4629629.62962963,53333.33333333333,26666.666666666664,26666.666666666664,4629629.62962963,1.4285714285714286,0.04,-0.3333333333333333,0,34.889988
ASAP7,NORX1,NOR3x1_ASAP7_6t_L,C,Y,rise,20.0,0.0014399999999999,0.7,25.0,17.1463,2.0,2.16e-07,1.08e-07,0,1,1,3.044522437723423,0.0014389641942542,4629629.62962963,9259259.25925926,6666.666666666666,13333.333333333332,6666.666666666666,4629629.62962963,1.4285714285714286,0.04,0.3333333333333333,0,28.747564
ASAP7,NORX1,NOR3x1_ASAP7_6t_L,B,Y,rise,40.0,0.0115199999999999,0.7,25.0,67.6419,2.0,2.16e-07,1.08e-07,0,1,1,3.713572066704308,0.0114541500451158,4629629.62962963,9259259.25925926,53333.33333333333,106666.66666666666,53333.33333333333,4629629.62962963,1.4285714285714286,0.04,0.3333333333333333,0,177.28854
ASAP7,NORX1,NOR5x1f_ASAP7_6t_L,C,Y,fall,160.0,0.0057599999999999,0.7,25.0,61.2828,2.0,2.16e-07,1.08e-07,0,1,1,5.081404364984463,0.0057434746270657,4629629.62962963,9259259.25925926,26666.666666666664,53333.33333333333,53333.33333333333,9259259.25925926,1.4285714285714286,0.04,0.3333333333333333,0,44.377712
ASAP7,NORX1,NOR3x1_ASAP7_6t_L,A,Y,fall,320.0,0.0230399999999999,0.7,25.0,186.346,2.0,2.16e-07,1.08e-07,0,1,1,5.771441123130016,0.0227785868893395,4629629.62962963,9259259.25925926,106666.66666666666,213333.3333333333,213333.3333333333,9259259.25925926,1.4285714285714286,0.04,0.3333333333333333,0,153.34547
ASAP7,NORX1,NOR5x1f_ASAP7_6t_L,B,Y,fall,160.0,0.0057599999999999,0.7,25.0,60.5293,2.0,2.16e-07,1.08e-07,0,1,1,5.081404364984463,0.0057434746270657,4629629.62962963,9259259.25925926,26666.666666666664,53333.33333333333,53333.33333333333,9259259.25925926,1.4285714285714286,0.04,0.3333333333333333,0,44.377712
ASAP7,INVX1,INVx1_ASAP7_6t_L,A,Y,rise,320.0,0.0057599999999999,0.7,25.0,96.8218,1.0,5.4e-08,5.4e-08,1,1,1,5.771441123130016,0.0057434746270657,18518518.51851852,18518518.51851852,106666.66666666666,106666.66666666666,106666.66666666666,18518518.51851852,1.4285714285714286,0.04,0.0,0,72.81723
ASAP7,NORX1,NOR5x1f_ASAP7_6t_L,C,Y,rise,10.0,0.0028799999999999,0.7,25.0,86.0235,2.0,2.16e-07,1.08e-07,0,1,1,2.3978952727983707,0.0028758607454642,4629629.62962963,9259259.25925926,13333.333333333332,26666.666666666664,13333.333333333332,4629629.62962963,1.4285714285714286,0.04,0.3333333333333333,0,1.0879102
ASAP7,NANDX1,NAND2x1p5_ASAP7_6t_L,A,Y,rise,10.0,0.0115199999999999,0.7,25.0,66.5976,0.5,1.08e-07,2.16e-07,0,1,1,2.3978952727983707,0.0114541500451158,9259259.25925926,4629629.62962963,106666.66666666666,53333.33333333333,106666.66666666666,9259259.25925926,1.4285714285714286,0.04,-0.3333333333333333,0,54.9515
ASAP7,NORX1,NOR3x1_ASAP7_6t_L,A,Y,rise,80.0,0.0028799999999999,0.7,25.0,33.7798,2.0,2.16e-07,1.08e-07,0,1,1,4.394449154672439,0.0028758607454642,4629629.62962963,9259259.25925926,13333.333333333332,26666.666666666664,13333.333333333332,4629629.62962963,1.4285714285714286,0.04,0.3333333333333333,0,47.269913
ASAP7,NORX1,NOR5x1f_ASAP7_6t_L,D,Y,fall,20.0,0.0014399999999999,0.7,25.0,15.6685,2.0,2.16e-07,1.08e-07,0,1,1,3.044522437723423,0.0014389641942542,4629629.62962963,9259259.25925926,6666.666666666666,13333.333333333332,13333.333333333332,9259259.25925926,1.4285714285714286,0.04,0.3333333333333333,0,14.109812
ASAP7,NORX1,NOR5x1f_ASAP7_6t_L,C,Y,rise,20.0,0.0028799999999999,0.7,25.0,87.226,2.0,2.16e-07,1.08e-07,0,1,1,3.044522437723423,0.0028758607454642,4629629.62962963,9259259.25925926,13333.333333333332,26666.666666666664,13333.333333333332,4629629.62962963,1.4285714285714286,0.04,0.3333333333333333,0,195.82353
ASAP7,NANDX1,NAND2x1p5_ASAP7_6t_L,A,Y,fall,10.0,0.0014399999999999,0.7,25.0,8.28815,0.5,1.08e-07,2.16e-07,0,1,1,2.3978952727983707,0.0014389641942542,9259259.25925926,4629629.62962963,13333.333333333332,6666.666666666666,6666.666666666666,4629629.62962963,1.4285714285714286,0.04,-0.3333333333333333,0,5.9223094
ASAP7,NORX1,NOR3x1_ASAP7_6t_L,C,Y,fall,20.0,0.0028799999999999,0.7,25.0,25.0389,2.0,2.16e-07,1.08e-07,0,1,1,3.044522437723423,0.0028758607454642,4629629.62962963,9259259.25925926,13333.333333333332,26666.666666666664,26666.666666666664,9259259.25925926,1.4285714285714286,0.04,0.3333333333333333,0,1.0727599
ASAP7,NORX1,NOR3x1_ASAP7_6t_L,A,Y,rise,5.0,0.0007199999999999,0.7,25.0,8.73663,2.0,2.16e-07,1.08e-07,0,1,1,1.791759469228055,0.0007197409243488,4629629.62962963,9259259.25925926,3333.333333333333,6666.666666666666,3333.333333333333,4629629.62962963,1.4285714285714286,0.04,0.3333333333333333,0,56.844753
ASAP7,NORX1,NOR5x1f_ASAP7_6t_L,A,Y,rise,320.0,0.0014399999999999,0.7,25.0,116.403,2.0,2.16e-07,1.08e-07,0,1,1,5.771441123130016,0.0014389641942542,4629629.62962963,9259259.25925926,6666.666666666666,13333.333333333332,6666.666666666666,4629629.62962963,1.4285714285714286,0.04,0.3333333333333333,0,66.96722
ASAP7,NANDX1,NAND2x1_ASAP7_6t_L,B,Y,fall,40.0,0.0028799999999999,0.7,25.0,21.9691,0.5,1.08e-07,2.16e-07,0,1,1,3.713572066704308,0.0028758607454642,9259259.25925926,4629629.62962963,26666.666666666664,13333.333333333332,13333.333333333332,4629629.62962963,1.4285714285714286,0.04,-0.3333333333333333,0,15.197461
ASAP7,INVX1,INVx13_ASAP7_6t_L,A,Y,fall,320.0,0.0115199999999999,0.7,25.0,18.9257,1.0,5.4e-08,5.4e-08,1,1,1,5.771441123130016,0.0114541500451158,18518518.51851852,18518518.51851852,213333.3333333333,213333.3333333333,213333.3333333333,18518518.51851852,1.4285714285714286,0.04,0.0,0,112.43436
ASAP7,NORX1,NOR3x1f_ASAP7_6t_L,C,Y,fall,5.0,0.0003599999999999,0.7,25.0,5.86056,2.0,2.16e-07,1.08e-07,0,1,1,1.791759469228055,0.0003599352155478,4629629.62962963,9259259.25925926,1666.6666666666663,3333.333333333333,3333.333333333333,9259259.25925926,1.4285714285714286,0.04,0.3333333333333333,0,8.154864
ASAP7,NANDX1,NAND3x1_ASAP7_6t_L,C,Y,rise,5.0,0.0014399999999999,0.7,25.0,17.6682,0.5,1.08e-07,2.16e-07,0,1,1,1.791759469228055,0.0014389641942542,9259259.25925926,4629629.62962963,13333.333333333332,6666.666666666666,13333.333333333332,9259259.25925926,1.4285714285714286,0.04,-0.3333333333333333,0,17.173111
ASAP7,NORX1,NOR5x1f_ASAP7_6t_L,B,Y,fall,320.0,0.0028799999999999,0.7,25.0,43.8082,2.0,2.16e-07,1.08e-07,0,1,1,5.771441123130016,0.0028758607454642,4629629.62962963,9259259.25925926,13333.333333333332,26666.666666666664,26666.666666666664,9259259.25925926,1.4285714285714286,0.04,0.3333333333333333,0,37.391396
ASAP7,NORX1,NOR2x1_ASAP7_6t_L,A,Y,rise,10.0,0.0115199999999999,0.7,25.0,60.6475,2.0,2.16e-07,1.08e-07,0,1,1,2.3978952727983707,0.0114541500451158,4629629.62962963,9259259.25925926,53333.33333333333,106666.66666666666,53333.33333333333,4629629.62962963,1.4285714285714286,0.04,0.3333333333333333,0,153.73238
ASAP7,NANDX1,NAND2x1_ASAP7_6t_L,A,Y,fall,80.0,0.0230399999999999,0.7,25.0,96.6944,0.5,1.08e-07,2.16e-07,0,1,1,4.394449154672439,0.0227785868893395,9259259.25925926,4629629.62962963,213333.3333333333,106666.66666666666,106666.66666666666,4629629.62962963,1.4285714285714286,0.04,-0.3333333333333333,0,77.72414
ASAP7,NANDX1,NAND2x1p5_ASAP7_6t_L,B,Y,fall,20.0,0.0014399999999999,0.7,25.0,9.98123,0.5,1.08e-07,2.16e-07,0,1,1,3.044522437723423,0.0014389641942542,9259259.25925926,4629629.62962963,13333.333333333332,6666.666666666666,6666.666666666666,4629629.62962963,1.4285714285714286,0.04,-0.3333333333333333,0,7.9533753
ASAP7,NORX1,NOR5x1f_ASAP7_6t_L,E,Y,fall,5.0,0.0057599999999999,0.7,25.0,29.6954,2.0,2.16e-07,1.08e-07,0,1,1,1.791759469228055,0.0057434746270657,4629629.62962963,9259259.25925926,26666.666666666664,53333.33333333333,53333.33333333333,9259259.25925926,1.4285714285714286,0.04,0.3333333333333333,0,18.326359
ASAP7,INVX1,INVx11_ASAP7_6t_L,A,Y,rise,40.0,0.0057599999999999,0.7,25.0,12.4548,1.0,5.4e-08,5.4e-08,1,1,1,3.713572066704308,0.0057434746270657,18518518.51851852,18518518.51851852,106666.66666666666,106666.66666666666,106666.66666666666,18518518.51851852,1.4285714285714286,0.04,0.0,0,21.269342
ASAP7,NANDX1,NAND2x1_ASAP7_6t_L,A,Y,fall,20.0,0.0115199999999999,0.7,25.0,47.1614,0.5,1.08e-07,2.16e-07,0,1,1,3.044522437723423,0.0114541500451158,9259259.25925926,4629629.62962963,106666.66666666666,53333.33333333333,53333.33333333333,4629629.62962963,1.4285714285714286,0.04,-0.3333333333333333,0,27.943619
ASAP7,NORX1,NOR2x1_ASAP7_6t_L,B,Y,rise,20.0,0.0014399999999999,0.7,25.0,15.5662,2.0,2.16e-07,1.08e-07,0,1,1,3.044522437723423,0.0014389641942542,4629629.62962963,9259259.25925926,6666.666666666666,13333.333333333332,6666.666666666666,4629629.62962963,1.4285714285714286,0.04,0.3333333333333333,0,28.359108
ASAP7,NORX1,NOR5x1f_ASAP7_6t_L,E,Y,fall,80.0,0.0003599999999999,0.7,25.0,14.9626,2.0,2.16e-07,1.08e-07,0,1,1,4.394449154672439,0.0003599352155478,4629629.62962963,9259259.25925926,1666.6666666666663,3333.333333333333,3333.333333333333,9259259.25925926,1.4285714285714286,0.04,0.3333333333333333,0,19.499786
ASAP7,NANDX1,NAND3x1_ASAP7_6t_L,B,Y,fall,80.0,0.0028799999999999,0.7,25.0,22.9886,0.5,1.08e-07,2.16e-07,0,1,1,4.394449154672439,0.0028758607454642,9259259.25925926,4629629.62962963,26666.666666666664,13333.333333333332,13333.333333333332,4629629.62962963,1.4285714285714286,0.04,-0.3333333333333333,0,14.4409895
ASAP7,NORX1,NOR2x1_ASAP7_6t_L,B,Y,rise,320.0,0.0115199999999999,0.7,25.0,128.642,2.0,2.16e-07,1.08e-07,0,1,1,5.771441123130016,0.0114541500451158,4629629.62962963,9259259.25925926,53333.33333333333,106666.66666666666,53333.33333333333,4629629.62962963,1.4285714285714286,0.04,0.3333333333333333,0,145.95467
ASAP7,NORX1,NOR3x1_ASAP7_6t_L,C,Y,fall,5.0,0.0057599999999999,0.7,25.0,32.9075,2.0,2.16e-07,1.08e-07,0,1,1,1.791759469228055,0.0057434746270657,4629629.62962963,9259259.25925926,26666.666666666664,53333.33333333333,53333.33333333333,9259259.25925926,1.4285714285714286,0.04,0.3333333333333333,0,18.326359
ASAP7,NANDX1,NAND2x1p5_ASAP7_6t_L,B,Y,fall,160.0,0.0028799999999999,0.7,25.0,21.3948,0.5,1.08e-07,2.16e-07,0,1,1,5.081404364984463,0.0028758607454642,9259259.25925926,4629629.62962963,26666.666666666664,13333.333333333332,13333.333333333332,4629629.62962963,1.4285714285714286,0.04,-0.3333333333333333,0,28.87313
ASAP7,NORX1,NOR3x1f_ASAP7_6t_L,B,Y,rise,40.0,0.0115199999999999,0.7,25.0,173.606,2.0,2.16e-07,1.08e-07,0,1,1,3.713572066704308,0.0114541500451158,4629629.62962963,9259259.25925926,53333.33333333333,106666.66666666666,53333.33333333333,4629629.62962963,1.4285714285714286,0.04,0.3333333333333333,0,177.28871
ASAP7,INVX1,INVx13_ASAP7_6t_L,A,Y,rise,80.0,0.1843199999999999,0.7,25.0,99.5043,1.0,5.4e-08,5.4e-08,1,1,1,4.394449154672439,0.169168770215654,18518518.51851852,18518518.51851852,3413333.333333333,3413333.333333333,3413333.333333333,18518518.51851852,1.4285714285714286,0.04,0.0,0,101.88247
ASAP7,NORX1,NOR5x1f_ASAP7_6t_L,C,Y,fall,160.0,0.0003599999999999,0.7,25.0,13.8389,2.0,2.16e-07,1.08e-07,0,1,1,5.081404364984463,0.0003599352155478,4629629.62962963,9259259.25925926,1666.6666666666663,3333.333333333333,3333.333333333333,9259259.25925926,1.4285714285714286,0.04,0.3333333333333333,0,24.794863
ASAP7,NORX1,NOR3x1_ASAP7_6t_L,C,Y,rise,20.0,0.0230399999999999,0.7,25.0,117.132,2.0,2.16e-07,1.08e-07,0,1,1,3.044522437723423,0.0227785868893395,4629629.62962963,9259259.25925926,106666.66666666666,213333.3333333333,106666.66666666666,4629629.62962963,1.4285714285714286,0.04,0.3333333333333333,0,1.1180074
ASAP7,INVX2,INVx2_ASAP7_6t_L,A,Y,rise,160.0,0.0028799999999999,0.7,25.0,34.7709,1.0,1.08e-07,1.08e-07,1,1,1,5.081404364984463,0.0028758607454642,9259259.25925926,9259259.25925926,26666.666666666664,26666.666666666664,26666.666666666664,9259259.25925926,1.4285714285714286,0.04,0.0,0,54.907948
ASAP7,NORX1,NOR2x1_ASAP7_6t_L,B,Y,fall,20.0,0.0460799999999999,0.7,25.0,197.763,2.0,2.16e-07,1.08e-07,0,1,1,3.044522437723423,0.0450498445537087,4629629.62962963,9259259.25925926,213333.3333333333,426666.6666666666,426666.6666666666,9259259.25925926,1.4285714285714286,0.04,0.3333333333333333,0,182.26678
ASAP7,NANDX1,NAND2x1_ASAP7_6t_L,A,Y,fall,40.0,0.0115199999999999,0.7,25.0,50.3899,0.5,1.08e-07,2.16e-07,0,1,1,3.713572066704308,0.0114541500451158,9259259.25925926,4629629.62962963,106666.66666666666,53333.33333333333,53333.33333333333,4629629.62962963,1.4285714285714286,0.04,-0.3333333333333333,0,70.406136
ASAP7,NORX1,NOR5x1f_ASAP7_6t_L,D,Y,rise,20.0,0.0230399999999999,0.7,25.0,542.453,2.0,2.16e-07,1.08e-07,0,1,1,3.044522437723423,0.0227785868893395,4629629.62962963,9259259.25925926,106666.66666666666,213333.3333333333,106666.66666666666,4629629.62962963,1.4285714285714286,0.04,0.3333333333333333,0,1.1180074
ASAP7,NORX1,NOR3x1f_ASAP7_6t_L,A,Y,fall,80.0,0.0003599999999999,0.7,25.0,10.0413,2.0,2.16e-07,1.08e-07,0,1,1,4.394449154672439,0.0003599352155478,4629629.62962963,9259259.25925926,1666.6666666666663,3333.333333333333,3333.333333333333,9259259.25925926,1.4285714285714286,0.04,0.3333333333333333,0,19.499786
ASAP7,NORX1,NOR2x1_ASAP7_6t_L,A,Y,rise,40.0,0.0057599999999999,0.7,25.0,40.024,2.0,2.16e-07,1.08e-07,0,1,1,3.713572066704308,0.0057434746270657,4629629.62962963,9259259.25925926,26666.666666666664,53333.33333333333,26666.666666666664,4629629.62962963,1.4285714285714286,0.04,0.3333333333333333,0,80.8076
ASAP7,NORX1,NOR2x1_ASAP7_6t_L,A,Y,fall,10.0,0.0057599999999999,0.7,25.0,31.0926,2.0,2.16e-07,1.08e-07,0,1,1,2.3978952727983707,0.0057434746270657,4629629.62962963,9259259.25925926,26666.666666666664,53333.33333333333,53333.33333333333,9259259.25925926,1.4285714285714286,0.04,0.3333333333333333,0,22.861832
ASAP7,NORX1,NOR3x1_ASAP7_6t_L,A,Y,rise,40.0,0.0460799999999999,0.7,25.0,227.075,2.0,2.16e-07,1.08e-07,0,1,1,3.713572066704308,0.0450498445537087,4629629.62962963,9259259.25925926,213333.3333333333,426666.6666666666,213333.3333333333,4629629.62962963,1.4285714285714286,0.04,0.3333333333333333,0,338.0694
ASAP7,NANDX1,NAND3x1_ASAP7_6t_L,A,Y,fall,80.0,0.0230399999999999,0.7,25.0,99.274,0.5,1.08e-07,2.16e-07,0,1,1,4.394449154672439,0.0227785868893395,9259259.25925926,4629629.62962963,213333.3333333333,106666.66666666666,106666.66666666666,4629629.62962963,1.4285714285714286,0.04,-0.3333333333333333,0,77.72414
