{
  "numeric_cols": [
    "slew",
    "cap",
    "voltage",
    "temp",
    "wp_over_wn",
    "wp_sum",
    "wn_sum",
    "is_inv",
    "stack_pu",
    "stack_pd",
    "log_slew",
    "log_cap",
    "req_p",
    "req_n",
    "rc_p",
    "rc_n",
    "rc_eff",
    "req_eff",
    "inv_v",
    "inv_temp",
    "pn_balance",
    "pol_bit"
  ],
  "x_mean": [
    68.49910736083984,
    0.019215410575270653,
    1.0711379051208496,
    25.0,
    1.480690360069275,
    5.884385814169946e-07,
    3.889519177846523e-07,
    0.15972864627838135,
    1.0,
    1.0,
    3.40151047706604,
    0.017132850363850594,
    2808980.75,
    3571980.75,
    56078.8515625,
    70638.0703125,
    63356.3984375,
    3187311.0,
    0.9465742111206055,
    0.03999999165534973,
    0.19089624285697937,
    0.5069380402565002
  ],
  "x_std": [
    72.28194427490234,
    0.07556690275669098,
    0.10351399332284927,
    9.999999717180685e-10,
    0.1340693086385727,
    1.5006014564278303e-07,
    9.442136672532797e-08,
    0.3664107024669647,
    9.999999717180685e-10,
    9.999999717180685e-10,
    1.5335217714309692,
    0.05642032250761986,
    4381544.0,
    4168735.75,
    358459.78125,
    381454.84375,
    370207.875,
    4294331.5,
    0.13443374633789062,
    9.999999717180685e-10,
    0.05324283987283707,
    0.5000289678573608
  ],
  "y_mean": 66.25761413574219,
  "y_std": 58.44779968261719
}