{
  "cell_type": "INVX2",
  "numeric_cols": [
    "slew",
    "cap",
    "voltage",
    "temp",
    "wp_over_wn",
    "wp_sum",
    "wn_sum",
    "is_inv",
    "stack_pu",
    "stack_pd",
    "log_slew",
    "log_cap",
    "req_p",
    "req_n",
    "rc_p",
    "rc_n",
    "rc_eff",
    "req_eff",
    "inv_v",
    "inv_temp",
    "pn_balance",
    "pol_bit"
  ],
  "x_mean": [
    67.2074966430664,
    0.03523017466068268,
    1.0657143592834473,
    25.0,
    1.4736660718917847,
    5.806285798826138e-07,
    3.8405713098654815e-07,
    1.0,
    1.0,
    1.0,
    3.390021800994873,
    0.03390098363161087,
    3038549.0,
    3790399.5,
    111881.015625,
    138134.140625,
    125004.7109375,
    3406642.5,
    0.9536178708076477,
    0.03999999538064003,
    0.18810662627220154,
    0.5047619342803955
  ],
  "x_std": [
    71.4094467163086,
    0.04013863578438759,
    0.11251374334096909,
    9.999999717180685e-10,
    0.14572560787200928,
    1.6301977723287564e-07,
    1.0254363758122054e-07,
    9.999999717180685e-10,
    9.999999717180685e-10,
    9.999999717180685e-10,
    1.529550552368164,
    0.03792303800582886,
    4762486.0,
    4531175.5,
    261595.328125,
    265530.46875,
    263901.40625,
    4665985.5,
    0.14612174034118652,
    9.999999717180685e-10,
    0.057871896773576736,
    0.5023753046989441
  ],
  "y_mean": 60.156986236572266,
  "y_std": 61.526947021484375
}