{
  "cell_type": "INVX1",
  "numeric_cols": [
    "slew",
    "cap",
    "voltage",
    "temp",
    "wp_over_wn",
    "wp_sum",
    "wn_sum",
    "is_inv",
    "stack_pu",
    "stack_pd",
    "log_slew",
    "log_cap",
    "req_p",
    "req_n",
    "rc_p",
    "rc_n",
    "rc_eff",
    "req_eff",
    "inv_v",
    "inv_temp",
    "pn_balance",
    "pol_bit"
  ],
  "x_mean": [
    66.91842651367188,
    0.07854361832141876,
    1.0738499164581299,
    25.0,
    1.4842031002044678,
    5.923438379795698e-07,
    3.913995101356704e-07,
    1.0,
    1.0,
    1.0,
    3.3753955364227295,
    0.06341423094272614,
    2694185.5,
    3462761.5,
    232231.96875,
    291597.1875,
    261915.796875,
    3076482.25,
    0.9430521130561829,
    0.03999999165534973,
    0.19229118525981903,
    0.501210629940033
  ],
  "x_std": [
    71.1364974975586,
    0.19775788486003876,
    0.09899469465017319,
    9.999999717180685e-10,
    0.1282159984111786,
    1.4355235578022985e-07,
    9.034269510266313e-08,
    9.999999717180685e-10,
    9.999999717180685e-10,
    9.999999717180685e-10,
    1.5323039293289185,
    0.1446419060230255,
    4190251.25,
    3986733.75,
    958250.6875,
    1013732.4375,
    986829.0,
    4108341.25,
    0.12856453657150269,
    9.999999717180685e-10,
    0.050918322056531906,
    0.5006049275398254
  ],
  "y_mean": 57.86383819580078,
  "y_std": 53.98101043701172
}