{
  "cell_type": "NANDX1",
  "numeric_cols": [
    "slew",
    "cap",
    "voltage",
    "temp",
    "wp_over_wn",
    "wp_sum",
    "wn_sum",
    "is_inv",
    "stack_pu",
    "stack_pd",
    "log_slew",
    "log_cap",
    "req_p",
    "req_n",
    "rc_p",
    "rc_n",
    "rc_eff",
    "req_eff",
    "inv_v",
    "inv_temp",
    "pn_balance",
    "pol_bit"
  ],
  "x_mean": [
    69.582763671875,
    0.015894409269094467,
    1.0713685750961304,
    25.0,
    1.4809890985488892,
    5.887704901397228e-07,
    3.8916002154110174e-07,
    0.0,
    1.0,
    1.0,
    3.422715425491333,
    0.015599085949361324,
    2799220.5,
    3562695.25,
    39158.44140625,
    51552.47265625,
    45355.45703125,
    3180958.0,
    0.9462748169898987,
    0.03999999538064003,
    0.1910148561000824,
    0.5
  ],
  "x_std": [
    72.24869537353516,
    0.018908588215708733,
    0.10317010432481766,
    9.999999717180685e-10,
    0.1336238980293274,
    1.4956493998852238e-07,
    9.411100876377532e-08,
    9.999999717180685e-10,
    9.999999717180685e-10,
    9.999999717180685e-10,
    1.536865472793579,
    0.018394114449620247,
    4366988.0,
    4154886.5,
    90792.046875,
    95102.9296875,
    93178.9921875,
    4279335.5,
    0.13398714363574982,
    9.999999717180685e-10,
    0.053065959364175797,
    0.5002633333206177
  ],
  "y_mean": 76.76506805419922,
  "y_std": 64.07745361328125
}