{
  "cell_type": "NORX1",
  "numeric_cols": [
    "slew",
    "cap",
    "voltage",
    "temp",
    "wp_over_wn",
    "wp_sum",
    "wn_sum",
    "is_inv",
    "stack_pu",
    "stack_pd",
    "log_slew",
    "log_cap",
    "req_p",
    "req_n",
    "rc_p",
    "rc_n",
    "rc_eff",
    "req_eff",
    "inv_v",
    "inv_temp",
    "pn_balance",
    "pol_bit"
  ],
  "x_mean": [
    68.67915344238281,
    0.005976239684969187,
    1.0624005794525146,
    25.0,
    1.469374179840088,
    5.758568590863433e-07,
    3.810664850334433e-07,
    0.0,
    1.0,
    1.0,
    3.4000492095947266,
    0.005931720603257418,
    3178811.75,
    3923849.5,
    23527.6171875,
    27760.115234375,
    25638.8828125,
    3545087.25,
    0.9579213261604309,
    0.03999999538064003,
    0.18640220165252686,
    0.5155459046363831
  ],
  "x_std": [
    73.82122802734375,
    0.007391917519271374,
    0.11677291244268417,
    9.999999717180685e-10,
    0.15124200284481049,
    1.691529831759908e-07,
    1.0638754588399024e-07,
    9.999999717180685e-10,
    9.999999717180685e-10,
    9.999999717180685e-10,
    1.5302197933197021,
    0.0072980220429599285,
    4942768.5,
    4702701.5,
    74093.1875,
    74252.8203125,
    74204.8125,
    4840601.0,
    0.15165312588214874,
    9.999999717180685e-10,
    0.06006262078881264,
    0.49993905425071716
  ],
  "y_mean": 61.483882904052734,
  "y_std": 58.09016799926758
}