{
  "grid_slew": [
    5.0,
    22.59409090909091,
    40.18818181818182,
    57.782272727272726,
    75.37636363636364,
    92.97045454545454,
    110.56454545454545,
    128.15863636363636,
    145.75272727272727,
    163.34681818181818,
    180.9409090909091,
    198.535
  ],
  "grid_cap": [
    0.72,
    4.843636363636364,
    8.967272727272729,
    13.090909090909092,
    17.214545454545455,
    21.33818181818182,
    25.46181818181818,
    29.585454545454546,
    33.70909090909091,
    37.832727272727276,
    41.95636363636364,
    46.08
  ],
  "n_src": 288,
  "n_tgt_l": 28,
  "n_tgt_u": 260,
  "src_voltage": 1.1,
  "tgt_voltage": 0.7,
  "src_temp": 25.0,
  "tgt_temp": 25.0
}