{
  "mean": {
    "slew": 101.71182250976562,
    "cap": 23.360851287841797,
    "voltage": 1.0645569562911987,
    "temp": 25.0,
    "wp_over_wn": 1.4721671342849731,
    "wp_sum": 5.789619876850338e-07,
    "wn_sum": 3.830126331649808e-07,
    "is_inv": 1.0,
    "stack_pu": 1.0,
    "stack_pd": 1.0,
    "pol_bit": 0.5
  },
  "std": {
    "slew": 60.761985778808594,
    "cap": 14.180337905883789,
    "voltage": 0.113850899040699,
    "temp": 9.999999717180685e-10,
    "wp_over_wn": 0.14745746552944183,
    "wp_sum": 1.6494527699251194e-07,
    "wn_sum": 1.0375042336363549e-07,
    "is_inv": 9.999999717180685e-10,
    "stack_pu": 9.999999717180685e-10,
    "stack_pd": 9.999999717180685e-10,
    "pol_bit": 0.5007930397987366
  }
}