{"x_mean": [101.71182250976562, 23.360851287841797, 1.0645569562911987, 25.0, 1.4721671342849731, 5.789619876850338e-07, 3.830126331649808e-07, 1.0, 1.0, 1.0, 0.5], "x_std": [60.761985778808594, 14.180337905883789, 0.113850899040699, 9.999999717180685e-10, 0.14745746552944183, 1.6494527699251194e-07, 1.0375042336363549e-07, 9.999999717180685e-10, 9.999999717180685e-10, 9.999999717180685e-10, 0.5007930397987366], "y_mean": 1800.7911376953125, "y_std": 7170.197265626}