{
  "mean": 1800.7911376953125,
  "std": 7170.197265626
}